{"type":"FeatureCollection","features":[{"id":"0","type":"Feature","properties":{"leisure":"dog_park","sport":null,"base_elevation":124},"geometry":{"type":"Polygon","coordinates":[[[-106.820221,40.472496],[-106.818129,40.472203],[-106.817417,40.472489],[-106.815492,40.472495],[-106.814401,40.470938],[-106.815418,40.470007],[-106.816058,40.469539],[-106.816618,40.469667],[-106.817073,40.469405],[-106.817908,40.469373],[-106.820288,40.469383],[-106.820279,40.472104],[-106.820221,40.472496]]]}},{"id":"1","type":"Feature","properties":{"leisure":"dog_park","sport":null,"base_elevation":166},"geometry":{"type":"Polygon","coordinates":[[[-106.809009,40.488853],[-106.808788,40.489004],[-106.808588,40.48889],[-106.808336,40.488882],[-106.80802,40.488817],[-106.807982,40.488666],[-106.808583,40.488385],[-106.808669,40.488499],[-106.808746,40.488532],[-106.808895,40.488436],[-106.809096,40.488678],[-106.809009,40.488853]]]}},{"id":"2","type":"Feature","properties":{"leisure":"garden","sport":null,"base_elevation":115},"geometry":{"type":"Polygon","coordinates":[[[-106.819288,40.46186],[-106.819417,40.461826],[-106.819499,40.461968],[-106.819377,40.462011],[-106.819288,40.46186]]]}},{"id":"3","type":"Feature","properties":{"leisure":"garden","sport":null,"base_elevation":114},"geometry":{"type":"Polygon","coordinates":[[[-106.839575,40.491605],[-106.839325,40.491648],[-106.839269,40.491613],[-106.839176,40.491121],[-106.839235,40.491036],[-106.839362,40.490958],[-106.839483,40.491169],[-106.839452,40.491228],[-106.839502,40.491275],[-106.839615,40.491231],[-106.839925,40.491388],[-106.839575,40.491605]]]}},{"id":"4","type":"Feature","properties":{"leisure":"golf_course","sport":"golf","base_elevation":134},"geometry":{"type":"Polygon","coordinates":[[[-106.800843,40.40951],[-106.80138,40.413856],[-106.803461,40.41513],[-106.805412,40.415468],[-106.806186,40.415653],[-106.806231,40.418924],[-106.805719,40.41898],[-106.804655,40.418997],[-106.803942,40.418523],[-106.803641,40.418687],[-106.803144,40.418457],[-106.802392,40.418256],[-106.799556,40.419737],[-106.797339,40.419811],[-106.795145,40.419345],[-106.794433,40.419142],[-106.792945,40.419111],[-106.79093,40.418806],[-106.789149,40.418169],[-106.78862,40.417909],[-106.788152,40.417573],[-106.788458,40.417104],[-106.784967,40.415287],[-106.785295,40.414553],[-106.786744,40.413169],[-106.787414,40.413266],[-106.787724,40.412478],[-106.787667,40.41072],[-106.787697,40.41055],[-106.787976,40.410186],[-106.788112,40.41008],[-106.788337,40.409983],[-106.788932,40.409781],[-106.789128,40.409733],[-106.789355,40.409723],[-106.78977,40.40984],[-106.789937,40.409971],[-106.790043,40.410124],[-106.790077,40.410365],[-106.79002,40.411181],[-106.789944,40.411465],[-106.789815,40.411719],[-106.791215,40.411751],[-106.792942,40.410952],[-106.793759,40.41069],[-106.794781,40.410722],[-106.795438,40.41085],[-106.796351,40.411373],[-106.795998,40.412254],[-106.795982,40.412493],[-106.796055,40.41294],[-106.796431,40.413727],[-106.797088,40.41379],[-106.797476,40.413486],[-106.79777,40.411963],[-106.797844,40.411326],[-106.797878,40.410531],[-106.797804,40.409884],[-106.798011,40.409445],[-106.799041,40.409003],[-106.800006,40.409069],[-106.800843,40.40951]],[[-106.795321,40.416158],[-106.794722,40.416098],[-106.793417,40.41564],[-106.792358,40.415014],[-106.790655,40.413924],[-106.789573,40.413861],[-106.789125,40.41413],[-106.788487,40.414005],[-106.78811,40.413454],[-106.787834,40.413379],[-106.787272,40.413472],[-106.786753,40.414136],[-106.786701,40.41434],[-106.786717,40.414523],[-106.786827,40.414741],[-106.786261,40.414909],[-106.786037,40.415188],[-106.787504,40.415592],[-106.790749,40.416961],[-106.790553,40.417362],[-106.790513,40.417718],[-106.791214,40.417877],[-106.792917,40.418051],[-106.792822,40.41788],[-106.792854,40.417743],[-106.793015,40.417515],[-106.793735,40.417329],[-106.793873,40.417329],[-106.79562,40.417958],[-106.795993,40.417754],[-106.796729,40.417605],[-106.796922,40.41726],[-106.795973,40.416446],[-106.795714,40.416308],[-106.795321,40.416158]]]}},{"id":"5","type":"Feature","properties":{"leisure":"golf_course","sport":"golf","base_elevation":111},"geometry":{"type":"Polygon","coordinates":[[[-106.825158,40.424099],[-106.825075,40.427445],[-106.825014,40.427714],[-106.824898,40.427931],[-106.824511,40.428327],[-106.824279,40.42848],[-106.823771,40.428703],[-106.82304,40.428814],[-106.818048,40.428985],[-106.81722,40.429052],[-106.81661,40.429163],[-106.815591,40.429464],[-106.815431,40.429465],[-106.81535,40.429422],[-106.814891,40.428877],[-106.814213,40.428157],[-106.813695,40.427771],[-106.812775,40.427199],[-106.808979,40.425036],[-106.808691,40.424852],[-106.808388,40.424605],[-106.807844,40.424064],[-106.80759,40.42373],[-106.807223,40.423147],[-106.806916,40.422416],[-106.806773,40.421883],[-106.806716,40.421445],[-106.806724,40.420179],[-106.806901,40.420047],[-106.815987,40.420253],[-106.815926,40.423951],[-106.825158,40.424099]]]}},{"id":"6","type":"Feature","properties":{"leisure":"golf_course","sport":"golf","base_elevation":136},"geometry":{"type":"Polygon","coordinates":[[[-106.792945,40.472031],[-106.793606,40.472115],[-106.794028,40.472127],[-106.794374,40.472024],[-106.794811,40.471782],[-106.797518,40.471167],[-106.798875,40.47121],[-106.799603,40.470973],[-106.800223,40.470686],[-106.800833,40.470635],[-106.801219,40.471389],[-106.804781,40.470563],[-106.804873,40.470159],[-106.804556,40.469888],[-106.804387,40.46979],[-106.804162,40.469764],[-106.803966,40.469792],[-106.803787,40.469282],[-106.803413,40.468621],[-106.802419,40.468147],[-106.802245,40.46781],[-106.802324,40.467451],[-106.802611,40.466618],[-106.803168,40.465828],[-106.805802,40.465591],[-106.80596,40.465732],[-106.80613,40.46577],[-106.806668,40.466079],[-106.806743,40.46606],[-106.806797,40.465998],[-106.806806,40.465737],[-106.806775,40.46561],[-106.806674,40.465514],[-106.806337,40.465387],[-106.805954,40.464635],[-106.805016,40.463692],[-106.805041,40.463517],[-106.805308,40.463271],[-106.805749,40.462988],[-106.805752,40.462883],[-106.805887,40.462808],[-106.806016,40.46282],[-106.808037,40.464389],[-106.808786,40.465153],[-106.809582,40.465715],[-106.809859,40.466005],[-106.810505,40.46728],[-106.81041,40.467517],[-106.810395,40.467728],[-106.811411,40.467927],[-106.812958,40.467758],[-106.813201,40.467917],[-106.813128,40.468611],[-106.811709,40.468454],[-106.811236,40.468619],[-106.809847,40.469429],[-106.809433,40.469809],[-106.809181,40.469814],[-106.809006,40.469671],[-106.809311,40.468974],[-106.809974,40.468258],[-106.809805,40.467632],[-106.809095,40.466572],[-106.809028,40.466345],[-106.808808,40.466058],[-106.807883,40.465327],[-106.807694,40.465088],[-106.807537,40.464997],[-106.807338,40.464947],[-106.807127,40.464961],[-106.806923,40.465134],[-106.807256,40.465972],[-106.807625,40.46651],[-106.807602,40.466632],[-106.807628,40.466671],[-106.807159,40.466884],[-106.807367,40.467147],[-106.807411,40.46741],[-106.808374,40.468489],[-106.808228,40.468884],[-106.80801,40.469052],[-106.807074,40.467949],[-106.806907,40.467545],[-106.806828,40.467478],[-106.806611,40.46748],[-106.806533,40.467537],[-106.806498,40.467853],[-106.806611,40.468193],[-106.806558,40.468426],[-106.806825,40.469065],[-106.806769,40.469295],[-106.806536,40.469544],[-106.805104,40.470178],[-106.805001,40.470542],[-106.805262,40.47121],[-106.805149,40.471308],[-106.804249,40.471592],[-106.804114,40.471724],[-106.802169,40.47232],[-106.802034,40.472452],[-106.801571,40.472583],[-106.801142,40.472991],[-106.800831,40.474669],[-106.800284,40.474642],[-106.799738,40.474293],[-106.799514,40.474096],[-106.799372,40.473622],[-106.798917,40.473326],[-106.798761,40.473284],[-106.797926,40.473404],[-106.797066,40.473447],[-106.795359,40.473444],[-106.794442,40.473748],[-106.793208,40.474057],[-106.792669,40.473833],[-106.791209,40.473492],[-106.791138,40.472631],[-106.791179,40.472378],[-106.791292,40.472193],[-106.791594,40.472033],[-106.791891,40.472007],[-106.792945,40.472031]]]}},{"id":"7","type":"Feature","properties":{"leisure":"golf_course","sport":"golf","base_elevation":52},"geometry":{"type":"Polygon","coordinates":[[[-106.914586,40.501397],[-106.915029,40.502916],[-106.914749,40.503069],[-106.914572,40.503009],[-106.914305,40.503289],[-106.913353,40.503332],[-106.911135,40.503233],[-106.908706,40.503311],[-106.908192,40.503183],[-106.907609,40.503346],[-106.906754,40.503474],[-106.906591,40.503321],[-106.90646,40.503108],[-106.906227,40.502998],[-106.905288,40.50271],[-106.904984,40.502693],[-106.905163,40.502244],[-106.905764,40.501468],[-106.907515,40.501503],[-106.909864,40.501457],[-106.914703,40.501187],[-106.914586,40.501397]]]}},{"id":"8","type":"Feature","properties":{"leisure":"miniature_golf","sport":null,"base_elevation":102},"geometry":{"type":"Polygon","coordinates":[[[-106.827438,40.467078],[-106.827487,40.46702],[-106.827378,40.46691],[-106.827097,40.467012],[-106.82696,40.467107],[-106.826962,40.467147],[-106.827058,40.467261],[-106.827195,40.467347],[-106.827236,40.467154],[-106.827438,40.467078]]]}},{"id":"9","type":"Feature","properties":{"leisure":"nature_reserve","sport":null,"base_elevation":386},"geometry":{"type":"Polygon","coordinates":[[[-106.80481,40.283026],[-106.804739,40.28673],[-106.79786,40.28679],[-106.797737,40.294157],[-106.800028,40.294142],[-106.800005,40.295534],[-106.802768,40.299166],[-106.803093,40.299798],[-106.803861,40.300148],[-106.804475,40.300257],[-106.804542,40.299955],[-106.804553,40.312956],[-106.804676,40.320667],[-106.804383,40.320654],[-106.804209,40.320584],[-106.803797,40.320341],[-106.803528,40.320096],[-106.803427,40.320042],[-106.802748,40.319763],[-106.801754,40.319426],[-106.801183,40.319146],[-106.800713,40.318848],[-106.799783,40.318066],[-106.799275,40.317702],[-106.798312,40.317047],[-106.797618,40.316674],[-106.796904,40.316406],[-106.795076,40.315967],[-106.793381,40.315719],[-106.793012,40.315546],[-106.792215,40.314988],[-106.791373,40.314326],[-106.790196,40.313309],[-106.789785,40.313115],[-106.788682,40.312697],[-106.787537,40.312339],[-106.786882,40.31217],[-106.786458,40.31214],[-106.785442,40.312226],[-106.784749,40.312386],[-106.784121,40.312579],[-106.783568,40.312962],[-106.782999,40.313286],[-106.781723,40.313764],[-106.780309,40.314106],[-106.779547,40.313948],[-106.779085,40.313787],[-106.778274,40.313723],[-106.777823,40.313743],[-106.77745,40.313719],[-106.77704,40.313646],[-106.776694,40.313501],[-106.776375,40.313257],[-106.776134,40.312979],[-106.776031,40.312804],[-106.775726,40.312537],[-106.775081,40.312104],[-106.774638,40.311735],[-106.77365,40.310854],[-106.773126,40.310298],[-106.772992,40.309959],[-106.772206,40.308698],[-106.771905,40.308272],[-106.771373,40.307695],[-106.770912,40.307529],[-106.770453,40.307505],[-106.769827,40.307352],[-106.769293,40.307131],[-106.76836,40.306552],[-106.768063,40.306313],[-106.767508,40.30567],[-106.76724,40.305464],[-106.766782,40.305012],[-106.765809,40.304197],[-106.765539,40.303908],[-106.765154,40.303566],[-106.764899,40.303277],[-106.764298,40.302838],[-106.763683,40.302475],[-106.762854,40.302142],[-106.762699,40.301874],[-106.762502,40.30164],[-106.762198,40.301445],[-106.761718,40.3014],[-106.761453,40.301913],[-106.761297,40.302046],[-106.760733,40.302166],[-106.760332,40.302191],[-106.759826,40.302377],[-106.758712,40.302678],[-106.758081,40.302683],[-106.755337,40.302256],[-106.753902,40.302181],[-106.753368,40.302372],[-106.753254,40.302933],[-106.753043,40.303182],[-106.752688,40.303399],[-106.752288,40.303524],[-106.750599,40.303878],[-106.749774,40.303854],[-106.749236,40.30389],[-106.748908,40.304012],[-106.748054,40.304565],[-106.747939,40.30459],[-106.747387,40.304589],[-106.746295,40.304345],[-106.745484,40.304276],[-106.743692,40.304366],[-106.741734,40.304319],[-106.74068,40.304227],[-106.740378,40.304169],[-106.739335,40.303865],[-106.738917,40.303695],[-106.738477,40.303454],[-106.738188,40.303229],[-106.73759,40.302999],[-106.737001,40.302868],[-106.736176,40.302849],[-106.735955,40.302861],[-106.735561,40.302944],[-106.734684,40.303412],[-106.73429,40.303431],[-106.733636,40.303297],[-106.732815,40.302989],[-106.732448,40.302801],[-106.731893,40.30249],[-106.731401,40.302132],[-106.731241,40.301918],[-106.731165,40.301532],[-106.731025,40.301183],[-106.730974,40.301076],[-106.730866,40.300992],[-106.729819,40.300318],[-106.728307,40.29971],[-106.727337,40.299509],[-106.727,40.299523],[-106.726872,40.299579],[-106.726553,40.299926],[-106.726425,40.300008],[-106.726159,40.299985],[-106.725733,40.299726],[-106.725552,40.299558],[-106.725292,40.299381],[-106.725134,40.299303],[-106.724645,40.299148],[-106.724149,40.299061],[-106.722771,40.29896],[-106.721732,40.298939],[-106.720497,40.298804],[-106.719645,40.298848],[-106.719014,40.298916],[-106.718592,40.299026],[-106.718364,40.29912],[-106.718307,40.299179],[-106.718295,40.299382],[-106.718495,40.299996],[-106.718444,40.300537],[-106.718467,40.300749],[-106.718542,40.301072],[-106.718637,40.301228],[-106.718646,40.301336],[-106.718555,40.301635],[-106.718618,40.302156],[-106.718599,40.302404],[-106.718444,40.30265],[-106.718232,40.302874],[-106.717468,40.303196],[-106.717304,40.303288],[-106.717098,40.303476],[-106.716971,40.303685],[-106.716883,40.304177],[-106.716691,40.30432],[-106.716512,40.304386],[-106.715981,40.304285],[-106.715451,40.304343],[-106.714964,40.30444],[-106.714629,40.304607],[-106.713663,40.305518],[-106.713133,40.306238],[-106.712888,40.306764],[-106.712812,40.307004],[-106.712659,40.307506],[-106.712571,40.308048],[-106.712635,40.308637],[-106.712747,40.309099],[-106.712981,40.309532],[-106.713235,40.309812],[-106.714013,40.310211],[-106.714662,40.310476],[-106.715102,40.310731],[-106.715514,40.311053],[-106.716083,40.311297],[-106.716478,40.311426],[-106.717141,40.311727],[-106.718241,40.311981],[-106.71886,40.312224],[-106.718947,40.31234],[-106.719014,40.312528],[-106.719016,40.312663],[-106.718881,40.312846],[-106.718183,40.313306],[-106.718099,40.313483],[-106.7182,40.313581],[-106.718366,40.313628],[-106.718705,40.313826],[-106.719627,40.314235],[-106.720405,40.314539],[-106.721566,40.315143],[-106.722632,40.315605],[-106.722885,40.31579],[-106.723182,40.316097],[-106.723291,40.316257],[-106.723507,40.317011],[-106.723763,40.317462],[-106.723865,40.317582],[-106.724218,40.317797],[-106.724601,40.318094],[-106.725282,40.318709],[-106.72581,40.31976],[-106.725738,40.319752],[-106.725312,40.320132],[-106.724979,40.320498],[-106.72419,40.321248],[-106.72407,40.321399],[-106.723895,40.321775],[-106.723741,40.322205],[-106.723675,40.322684],[-106.723551,40.323167],[-106.723616,40.324608],[-106.723569,40.32491],[-106.723457,40.325169],[-106.723354,40.325621],[-106.723201,40.326015],[-106.723073,40.326161],[-106.72294,40.326456],[-106.722893,40.326749],[-106.722932,40.327032],[-106.723086,40.327377],[-106.723503,40.327573],[-106.723943,40.327652],[-106.724714,40.327884],[-106.725261,40.328092],[-106.725737,40.328184],[-106.725936,40.328262],[-106.726044,40.328337],[-106.726176,40.328587],[-106.726178,40.328822],[-106.726101,40.328985],[-106.725901,40.329704],[-106.725745,40.329909],[-106.725409,40.330734],[-106.725246,40.33089],[-106.72474,40.331181],[-106.723894,40.33186],[-106.723595,40.332036],[-106.723264,40.332694],[-106.723051,40.332868],[-106.722654,40.333289],[-106.722419,40.333477],[-106.722087,40.333946],[-106.721498,40.33458],[-106.721106,40.335483],[-106.721077,40.336807],[-106.721215,40.337638],[-106.721465,40.338234],[-106.721648,40.338591],[-106.722097,40.339022],[-106.722476,40.339534],[-106.72302,40.340111],[-106.723238,40.340374],[-106.723661,40.340989],[-106.723483,40.341177],[-106.723415,40.341529],[-106.723425,40.341808],[-106.723275,40.342555],[-106.723099,40.342809],[-106.722231,40.342798],[-106.720514,40.342589],[-106.719751,40.34239],[-106.71942,40.342233],[-106.718765,40.342029],[-106.718499,40.341997],[-106.718376,40.341888],[-106.717279,40.341977],[-106.716942,40.341946],[-106.716762,40.341876],[-106.716494,40.341664],[-106.716333,40.341427],[-106.716152,40.341254],[-106.71544,40.341021],[-106.714097,40.340897],[-106.713701,40.340809],[-106.713428,40.3407],[-106.712997,40.340679],[-106.712531,40.340727],[-106.71182,40.340661],[-106.711583,40.340583],[-106.7111,40.340284],[-106.710659,40.339957],[-106.710335,40.33984],[-106.710047,40.339768],[-106.709817,40.339754],[-106.70928,40.339807],[-106.708878,40.339749],[-106.708618,40.339618],[-106.70798,40.339073],[-106.707777,40.338973],[-106.707365,40.338835],[-106.707114,40.338793],[-106.706603,40.338787],[-106.7062,40.338825],[-106.70597,40.338815],[-106.705761,40.338858],[-106.705495,40.338835],[-106.704868,40.338655],[-106.704581,40.33861],[-106.703804,40.338603],[-106.703198,40.338531],[-106.702641,40.338508],[-106.702111,40.338407],[-106.701353,40.338144],[-106.700979,40.338045],[-106.700516,40.338052],[-106.700329,40.338014],[-106.70016,40.337895],[-106.699787,40.337734],[-106.699458,40.337721],[-106.699199,40.337626],[-106.698442,40.337192],[-106.697929,40.336848],[-106.697431,40.336585],[-106.696302,40.33616],[-106.695064,40.335836],[-106.692817,40.33563],[-106.692494,40.335572],[-106.692075,40.335299],[-106.69137,40.334336],[-106.690543,40.333483],[-106.690247,40.333213],[-106.6899,40.332984],[-106.68966,40.332654],[-106.689321,40.332442],[-106.688852,40.332229],[-106.688083,40.332042],[-106.687647,40.332237],[-106.687211,40.332388],[-106.686961,40.332509],[-106.686527,40.332817],[-106.685984,40.333],[-106.685663,40.333171],[-106.685521,40.333358],[-106.684939,40.333934],[-106.684732,40.334072],[-106.684453,40.334189],[-106.683932,40.334471],[-106.683755,40.334659],[-106.68352,40.334811],[-106.683198,40.334888],[-106.682338,40.334927],[-106.68193,40.335104],[-106.681675,40.335324],[-106.681296,40.335541],[-106.681048,40.335761],[-106.680942,40.335952],[-106.680736,40.336153],[-106.680114,40.336338],[-106.679677,40.336353],[-106.679367,40.33625],[-106.679073,40.336209],[-106.678736,40.336277],[-106.677821,40.336605],[-106.677585,40.336658],[-106.677212,40.336677],[-106.67691,40.336627],[-106.676292,40.336443],[-106.67601,40.336258],[-106.675786,40.336058],[-106.675733,40.335811],[-106.675638,40.335646],[-106.675491,40.33522],[-106.675393,40.33483],[-106.675403,40.334339],[-106.674948,40.333282],[-106.674839,40.333149],[-106.674652,40.332444],[-106.674491,40.33205],[-106.674386,40.331651],[-106.674322,40.330985],[-106.674327,40.33071],[-106.674381,40.330367],[-106.674668,40.32966],[-106.675005,40.328975],[-106.675345,40.328461],[-106.6758,40.328067],[-106.676303,40.327466],[-106.67672,40.326811],[-106.676904,40.326578],[-106.677153,40.326359],[-106.677529,40.325921],[-106.678055,40.325539],[-106.678405,40.325322],[-106.678798,40.325155],[-106.679895,40.324418],[-106.680271,40.324016],[-106.680584,40.323759],[-106.680755,40.323658],[-106.681237,40.323115],[-106.681723,40.322887],[-106.681901,40.322772],[-106.68248,40.322601],[-106.682758,40.322471],[-106.682995,40.322445],[-106.68359,40.322468],[-106.684927,40.322714],[-106.685386,40.322757],[-106.686095,40.322675],[-106.686854,40.322474],[-106.68714,40.322434],[-106.687389,40.322255],[-106.687726,40.322192],[-106.688311,40.321935],[-106.688651,40.321502],[-106.688799,40.321257],[-106.688911,40.320971],[-106.689047,40.320258],[-106.689173,40.319224],[-106.689059,40.318559],[-106.688961,40.31743],[-106.688734,40.31688],[-106.688634,40.316269],[-106.68856,40.315999],[-106.688561,40.315427],[-106.688622,40.314999],[-106.688645,40.314521],[-106.688611,40.313945],[-106.688543,40.31363],[-106.688448,40.313461],[-106.687708,40.312615],[-106.687591,40.312396],[-106.687301,40.311311],[-106.687257,40.310487],[-106.686812,40.309777],[-106.686407,40.309387],[-106.686183,40.309237],[-106.685621,40.309002],[-106.68529,40.308818],[-106.6844,40.308006],[-106.684146,40.307717],[-106.684028,40.307413],[-106.683876,40.306528],[-106.683605,40.306],[-106.683409,40.305728],[-106.683214,40.305537],[-106.682961,40.305388],[-106.682709,40.305288],[-106.682419,40.305008],[-106.682209,40.304741],[-106.68212,40.304468],[-106.682211,40.304228],[-106.682515,40.30375],[-106.682706,40.303549],[-106.683482,40.302957],[-106.683924,40.302703],[-106.684238,40.302567],[-106.685731,40.302068],[-106.686365,40.301672],[-106.686671,40.301433],[-106.68682,40.301237],[-106.686939,40.300933],[-106.687131,40.300751],[-106.687171,40.300511],[-106.687168,40.300218],[-106.687015,40.3],[-106.686561,40.299718],[-106.685438,40.29923],[-106.684529,40.298716],[-106.683429,40.29835],[-106.682516,40.298115],[-106.68176,40.297838],[-106.68122,40.297589],[-106.680954,40.297552],[-106.680604,40.297575],[-106.679908,40.297531],[-106.678729,40.297175],[-106.677851,40.296841],[-106.676787,40.296604],[-106.676198,40.296536],[-106.675969,40.296548],[-106.675481,40.29647],[-106.674848,40.296294],[-106.674568,40.296168],[-106.674402,40.296129],[-106.674099,40.295949],[-106.673597,40.295871],[-106.67331,40.295857],[-106.673095,40.295892],[-106.672774,40.295995],[-106.672603,40.296142],[-106.672227,40.296503],[-106.672031,40.296984],[-106.671464,40.297712],[-106.671105,40.297627],[-106.670718,40.29762],[-106.669568,40.297375],[-106.66908,40.297301],[-106.66776,40.297189],[-106.666793,40.297235],[-106.666071,40.297502],[-106.66553,40.297857],[-106.665165,40.297965],[-106.664512,40.297849],[-106.664238,40.297762],[-106.663669,40.297437],[-106.663374,40.297379],[-106.662573,40.297588],[-106.66172,40.296781],[-106.661237,40.296567],[-106.659943,40.296099],[-106.659482,40.29589],[-106.658854,40.295489],[-106.658421,40.295144],[-106.658261,40.29497],[-106.657949,40.294493],[-106.657808,40.293972],[-106.657479,40.293418],[-106.657391,40.293158],[-106.657172,40.292806],[-106.656781,40.292392],[-106.655744,40.291826],[-106.655433,40.291592],[-106.654737,40.290732],[-106.654498,40.290484],[-106.65405,40.290116],[-106.653409,40.289783],[-106.653077,40.289495],[-106.652413,40.289108],[-106.64947,40.287866],[-106.648139,40.287385],[-106.647098,40.287193],[-106.646826,40.287201],[-106.646153,40.287315],[-106.645752,40.287334],[-106.645414,40.287298],[-106.644933,40.287156],[-106.643976,40.286778],[-106.64366,40.286683],[-106.643209,40.286748],[-106.6428,40.286713],[-106.642527,40.286636],[-106.641807,40.28625],[-106.641474,40.285904],[-106.64099,40.285604],[-106.639616,40.285043],[-106.63922,40.284845],[-106.63843,40.2846],[-106.637834,40.284509],[-106.636988,40.284503],[-106.636092,40.28457],[-106.635791,40.284547],[-106.635065,40.28426],[-106.634855,40.284114],[-106.634474,40.283998],[-106.633879,40.283916],[-106.632952,40.283736],[-106.631571,40.283359],[-106.6314,40.28315],[-106.630828,40.282834],[-106.630481,40.282568],[-106.630071,40.282151],[-106.629606,40.281932],[-106.62856,40.281857],[-106.628072,40.281772],[-106.627931,40.281694],[-106.62767,40.281617],[-106.6273,40.281406],[-106.626952,40.281095],[-106.626371,40.280428],[-106.62593,40.279704],[-106.625915,40.27956],[-106.625815,40.27931],[-106.625596,40.278984],[-106.625553,40.2788],[-106.625371,40.278582],[-106.625077,40.278009],[-106.624684,40.277564],[-106.624432,40.277442],[-106.622654,40.276949],[-106.622417,40.276934],[-106.62205,40.276835],[-106.621087,40.276727],[-106.620195,40.276542],[-106.619726,40.2763],[-106.618834,40.27548],[-106.617994,40.274843],[-106.61738,40.2745],[-106.617242,40.274322],[-106.617265,40.273439],[-106.617188,40.27316],[-106.617033,40.272978],[-106.616773,40.2729],[-106.616485,40.272765],[-106.616223,40.272453],[-106.616213,40.272179],[-106.615838,40.27145],[-106.615601,40.270809],[-106.614957,40.269692],[-106.614476,40.269041],[-106.614402,40.268884],[-106.61432,40.268592],[-106.61427,40.268053],[-106.61407,40.266884],[-106.61382,40.26637],[-106.61368,40.265975],[-106.613797,40.265645],[-106.613974,40.265359],[-106.614108,40.265213],[-106.614199,40.264977],[-106.614211,40.264819],[-106.614173,40.264613],[-106.613821,40.264023],[-106.61368,40.26357],[-106.613714,40.263452],[-106.613856,40.263338],[-106.614306,40.263147],[-106.61442,40.263064],[-106.614589,40.262206],[-106.61487,40.261693],[-106.615003,40.261385],[-106.615172,40.261112],[-106.615324,40.260682],[-106.615316,40.26057],[-106.615141,40.260338],[-106.614817,40.26018],[-106.614348,40.260016],[-106.613622,40.259819],[-106.613307,40.259694],[-106.613305,40.259447],[-106.612775,40.259441],[-106.612353,40.259278],[-106.612042,40.259084],[-106.611954,40.258927],[-106.611989,40.258774],[-106.6126,40.258301],[-106.613032,40.257822],[-106.613524,40.257009],[-106.613921,40.256634],[-106.614149,40.256482],[-106.614248,40.256377],[-106.614368,40.256187],[-106.614458,40.255888],[-106.614476,40.25564],[-106.61443,40.255361],[-106.614356,40.255115],[-106.614004,40.254503],[-106.613656,40.254147],[-106.613468,40.254042],[-106.612813,40.253835],[-106.612388,40.253665],[-106.612243,40.253563],[-106.612184,40.253438],[-106.612252,40.253063],[-106.612214,40.252947],[-106.611607,40.252518],[-106.611512,40.252357],[-106.611473,40.252065],[-106.611535,40.251843],[-106.61198,40.251301],[-106.612176,40.250902],[-106.612094,40.250628],[-106.611659,40.250225],[-106.611593,40.249991],[-106.611472,40.24988],[-106.611328,40.249806],[-106.610662,40.249684],[-106.610275,40.249523],[-106.610146,40.249435],[-106.609895,40.249177],[-106.609708,40.248927],[-106.60965,40.248779],[-106.60965,40.248505],[-106.609784,40.248048],[-106.609883,40.247542],[-106.610039,40.24713],[-106.610331,40.246585],[-106.610402,40.246355],[-106.610422,40.245936],[-106.610349,40.245576],[-106.610277,40.245352],[-106.610083,40.244945],[-106.609615,40.244127],[-106.609465,40.243944],[-106.609263,40.243488],[-106.608973,40.242185],[-106.608778,40.241594],[-106.608555,40.241155],[-106.607778,40.239855],[-106.607209,40.238732],[-106.60713,40.238288],[-106.607115,40.238148],[-106.607164,40.237747],[-106.607349,40.237276],[-106.607456,40.237148],[-106.608456,40.236693],[-106.608828,40.236471],[-106.608942,40.236362],[-106.609042,40.236158],[-106.609091,40.235846],[-106.609096,40.235278],[-106.608735,40.233959],[-106.608245,40.232849],[-106.607778,40.23213],[-106.607468,40.231369],[-106.607323,40.23092],[-106.607392,40.230618],[-106.607569,40.23052],[-106.607834,40.23031],[-106.60812,40.22999],[-106.60853,40.229417],[-106.608654,40.229172],[-106.608673,40.228505],[-106.608622,40.227821],[-106.608652,40.227613],[-106.60931,40.2261],[-106.609328,40.225874],[-106.609266,40.224767],[-106.609332,40.224577],[-106.609634,40.224429],[-106.609962,40.224379],[-106.610706,40.224513],[-106.611977,40.224603],[-106.612379,40.224706],[-106.612712,40.224872],[-106.613061,40.225219],[-106.613624,40.225662],[-106.614371,40.225903],[-106.614914,40.226031],[-106.615867,40.226072],[-106.617332,40.226376],[-106.617733,40.226433],[-106.618062,40.226437],[-106.618273,40.226425],[-106.619244,40.226214],[-106.620316,40.22582],[-106.621122,40.225611],[-106.621697,40.225603],[-106.623041,40.225746],[-106.623714,40.225908],[-106.625035,40.226078],[-106.625975,40.226065],[-106.626888,40.225899],[-106.627133,40.225824],[-106.627636,40.225754],[-106.627928,40.22565],[-106.62823,40.225502],[-106.62884,40.224962],[-106.629187,40.224741],[-106.629771,40.224606],[-106.630393,40.224544],[-106.630675,40.224549],[-106.631006,40.224625],[-106.63167,40.224877],[-106.632355,40.225002],[-106.63259,40.22499],[-106.632858,40.224932],[-106.633336,40.224754],[-106.633957,40.224683],[-106.634334,40.224713],[-106.634712,40.224789],[-106.635198,40.224944],[-106.635646,40.225019],[-106.636382,40.225306],[-106.636783,40.22539],[-106.636952,40.22555],[-106.638299,40.22636],[-106.639759,40.226934],[-106.640282,40.227188],[-106.640416,40.227375],[-106.641231,40.22803],[-106.641899,40.228444],[-106.642762,40.229125],[-106.643658,40.229716],[-106.64397,40.230009],[-106.644546,40.230469],[-106.644939,40.23068],[-106.645236,40.230811],[-106.645898,40.230973],[-106.647027,40.23102],[-106.647685,40.230983],[-106.648164,40.230886],[-106.648339,40.230821],[-106.648695,40.230464],[-106.648905,40.230425],[-106.649533,40.230606],[-106.649768,40.230638],[-106.650061,40.230598],[-106.650317,40.230486],[-106.650443,40.230349],[-106.651159,40.229808],[-106.651403,40.229696],[-106.652005,40.229318],[-106.652156,40.229253],[-106.653361,40.229011],[-106.653838,40.228805],[-106.654266,40.228547],[-106.65476,40.228081],[-106.654955,40.227853],[-106.65509,40.227616],[-106.655189,40.227336],[-106.655208,40.226678],[-106.655119,40.226391],[-106.655136,40.226111],[-106.655306,40.225866],[-106.655444,40.225755],[-106.656131,40.225457],[-106.656257,40.225366],[-106.656417,40.225156],[-106.656936,40.224257],[-106.657176,40.223992],[-106.6573,40.223774],[-106.657285,40.223639],[-106.657236,40.22355],[-106.65714,40.22347],[-106.656974,40.2234],[-106.656751,40.223413],[-106.656554,40.22356],[-106.656418,40.223733],[-106.656245,40.223879],[-106.656001,40.224],[-106.655335,40.224171],[-106.653697,40.224483],[-106.653123,40.224528],[-106.651995,40.224535],[-106.650746,40.224408],[-106.649671,40.224198],[-106.647386,40.223492],[-106.646293,40.223012],[-106.64604,40.222782],[-106.645705,40.222543],[-106.644311,40.221248],[-106.644096,40.221098],[-106.643715,40.220914],[-106.643294,40.220523],[-106.642959,40.220267],[-106.642637,40.220082],[-106.642014,40.219596],[-106.641652,40.219186],[-106.641412,40.218992],[-106.64093,40.218476],[-106.64039,40.218006],[-106.639919,40.217481],[-106.639562,40.216829],[-106.63937,40.216669],[-106.638887,40.216118],[-106.638825,40.215983],[-106.638744,40.21557],[-106.638586,40.215347],[-106.63843,40.215223],[-106.637907,40.214978],[-106.637398,40.214796],[-106.637231,40.214681],[-106.637146,40.214574],[-106.637095,40.214404],[-106.637115,40.214269],[-106.637275,40.214068],[-106.637798,40.213827],[-106.638028,40.213652],[-106.638226,40.21355],[-106.638599,40.212932],[-106.638888,40.212253],[-106.638861,40.211631],[-106.638901,40.211334],[-106.639001,40.211089],[-106.639271,40.210608],[-106.639466,40.20992],[-106.639475,40.209785],[-106.639412,40.209633],[-106.639088,40.209358],[-106.63891,40.209297],[-106.638039,40.208715],[-106.637552,40.208524],[-106.63708,40.20844],[-106.635549,40.208291],[-106.635053,40.208199],[-106.63443,40.208154],[-106.634264,40.208102],[-106.634058,40.207853],[-106.633889,40.20717],[-106.633694,40.206858],[-106.633284,40.206449],[-106.632797,40.206213],[-106.632239,40.206004],[-106.63191,40.205973],[-106.630643,40.206054],[-106.630278,40.206023],[-106.627786,40.205995],[-106.627409,40.205946],[-106.626869,40.205981],[-106.626039,40.206137],[-106.625594,40.206129],[-106.625371,40.206218],[-106.624832,40.206262],[-106.624596,40.206256],[-106.623982,40.20612],[-106.623331,40.205904],[-106.622518,40.20533],[-106.621842,40.20506],[-106.621568,40.204902],[-106.621317,40.204743],[-106.620439,40.203891],[-106.619444,40.203535],[-106.618799,40.203085],[-106.618583,40.202881],[-106.618422,40.202577],[-106.618333,40.202263],[-106.618307,40.201659],[-106.618232,40.20148],[-106.618075,40.201302],[-106.617744,40.20073],[-106.617679,40.20047],[-106.617686,40.200263],[-106.617904,40.199557],[-106.618015,40.198781],[-106.618007,40.19697],[-106.618052,40.19687],[-106.618121,40.196806],[-106.618226,40.196769],[-106.619069,40.196658],[-106.619185,40.196584],[-106.620006,40.196537],[-106.620978,40.196397],[-106.62133,40.196383],[-106.62206,40.196445],[-106.623181,40.196654],[-106.623793,40.196709],[-106.625176,40.197068],[-106.625352,40.197056],[-106.625594,40.196985],[-106.626185,40.196999],[-106.62773,40.196798],[-106.629126,40.196706],[-106.629606,40.196618],[-106.630555,40.196506],[-106.631827,40.196163],[-106.634019,40.195466],[-106.634424,40.195208],[-106.634558,40.194918],[-106.634477,40.194486],[-106.634518,40.194243],[-106.63471,40.193906],[-106.634813,40.193788],[-106.635559,40.193075],[-106.636127,40.192724],[-106.636403,40.192486],[-106.636654,40.192203],[-106.637241,40.191691],[-106.637694,40.191468],[-106.638462,40.191178],[-106.639319,40.190661],[-106.639743,40.190214],[-106.640163,40.189136],[-106.640161,40.189055],[-106.640088,40.188948],[-106.639817,40.188906],[-106.639442,40.188939],[-106.638799,40.189056],[-106.638482,40.189051],[-106.637643,40.188856],[-106.636791,40.188589],[-106.636492,40.188377],[-106.636391,40.188072],[-106.636483,40.187512],[-106.636468,40.187395],[-106.636578,40.18706],[-106.636824,40.186543],[-106.636828,40.186246],[-106.636786,40.185949],[-106.636243,40.184371],[-106.636202,40.184147],[-106.63619,40.183616],[-106.636197,40.183426],[-106.636352,40.183064],[-106.636648,40.182645],[-106.636918,40.182155],[-106.637028,40.181856],[-106.637022,40.181604],[-106.637099,40.181404],[-106.637022,40.181108],[-106.636694,40.180662],[-106.636407,40.180441],[-106.636067,40.179996],[-106.635232,40.17944],[-106.634884,40.179129],[-106.63449,40.178874],[-106.633576,40.178454],[-106.632867,40.178293],[-106.632091,40.178241],[-106.631512,40.178132],[-106.630221,40.177673],[-106.628862,40.177322],[-106.628191,40.177242],[-106.627592,40.177241],[-106.627438,40.17718],[-106.627258,40.177021],[-106.627132,40.176671],[-106.62716,40.176373],[-106.627128,40.176023],[-106.626858,40.175531],[-106.626232,40.174909],[-106.626063,40.174686],[-106.625987,40.174453],[-106.625922,40.17422],[-106.625878,40.173842],[-106.626207,40.172864],[-106.626248,40.172603],[-106.626218,40.172333],[-106.626342,40.172133],[-106.626337,40.171926],[-106.626251,40.171756],[-106.625764,40.171325],[-106.637051,40.170878],[-106.638209,40.170862],[-106.639145,40.170758],[-106.639953,40.170711],[-106.640367,40.170606],[-106.641691,40.170132],[-106.643035,40.169501],[-106.643666,40.169091],[-106.643896,40.168678],[-106.643899,40.168412],[-106.643829,40.168057],[-106.643464,40.167134],[-106.643279,40.166745],[-106.643009,40.166352],[-106.642964,40.166227],[-106.642945,40.165952],[-106.643092,40.165667],[-106.643564,40.165205],[-106.643725,40.164955],[-106.643975,40.164438],[-106.644317,40.164298],[-106.644614,40.164104],[-106.644859,40.163763],[-106.645324,40.16322],[-106.645642,40.162991],[-106.645963,40.162914],[-106.646492,40.162857],[-106.648666,40.162727],[-106.649094,40.162626],[-106.649746,40.162162],[-106.650357,40.16187],[-106.650721,40.161797],[-106.651186,40.161804],[-106.65171,40.161882],[-106.65279,40.161848],[-106.653669,40.161768],[-106.65447,40.161739],[-106.655556,40.161566],[-106.656496,40.161273],[-106.657414,40.16089],[-106.657719,40.160742],[-106.658888,40.159964],[-106.659059,40.159885],[-106.659612,40.160035],[-106.659922,40.160183],[-106.661012,40.160816],[-106.661519,40.161147],[-106.661832,40.161525],[-106.662497,40.16193],[-106.663107,40.162075],[-106.663466,40.162092],[-106.664801,40.161875],[-106.665016,40.161907],[-106.665174,40.161982],[-106.66537,40.162127],[-106.665296,40.162475],[-106.665199,40.16268],[-106.665032,40.162975],[-106.66466,40.163457],[-106.664526,40.163595],[-106.664172,40.163852],[-106.663938,40.163963],[-106.663485,40.164281],[-106.662942,40.164807],[-106.662715,40.164977],[-106.662511,40.1652],[-106.662432,40.165629],[-106.662408,40.165949],[-106.66228,40.166501],[-106.662254,40.167096],[-106.662292,40.167721],[-106.66239,40.16849],[-106.662238,40.169299],[-106.662121,40.169656],[-106.661933,40.16997],[-106.661469,40.170562],[-106.661089,40.17095],[-106.66097,40.171137],[-106.660951,40.171304],[-106.661419,40.171963],[-106.661674,40.172208],[-106.662034,40.172374],[-106.662523,40.172502],[-106.664675,40.172773],[-106.665278,40.172894],[-106.665617,40.173088],[-106.666071,40.173239],[-106.666854,40.173412],[-106.667291,40.17346],[-106.667728,40.173476],[-106.668221,40.173438],[-106.670558,40.173165],[-106.671446,40.173166],[-106.671835,40.173363],[-106.672067,40.173531],[-106.672643,40.174189],[-106.673613,40.175819],[-106.673674,40.176039],[-106.67382,40.176253],[-106.674045,40.17643],[-106.674326,40.176566],[-106.674627,40.176597],[-106.675027,40.17656],[-106.675934,40.17638],[-106.676163,40.176391],[-106.676717,40.176572],[-106.676889,40.17656],[-106.677281,40.176456],[-106.677625,40.1765],[-106.677945,40.17677],[-106.678441,40.177362],[-106.678824,40.177613],[-106.67904,40.177669],[-106.680222,40.177769],[-106.68064,40.177929],[-106.681508,40.178484],[-106.682241,40.179068],[-106.682688,40.179303],[-106.683106,40.179478],[-106.683415,40.179546],[-106.683773,40.179545],[-106.684321,40.179389],[-106.68487,40.179188],[-106.685323,40.178915],[-106.685622,40.178785],[-106.687409,40.178169],[-106.688884,40.17771],[-106.689355,40.177622],[-106.690688,40.177278],[-106.692146,40.177045],[-106.692874,40.176967],[-106.695158,40.176925],[-106.695579,40.176838],[-106.696737,40.176771],[-106.697412,40.176865],[-106.698621,40.177275],[-106.701092,40.178279],[-106.701475,40.178449],[-106.701959,40.178717],[-106.702852,40.1791],[-106.703192,40.179289],[-106.703869,40.179531],[-106.704396,40.17983],[-106.7047,40.180037],[-106.704834,40.180314],[-106.704903,40.180611],[-106.70487,40.180827],[-106.704991,40.181686],[-106.70502,40.182127],[-106.705122,40.182233],[-106.705446,40.182337],[-106.705796,40.182286],[-106.706068,40.182287],[-106.706405,40.182359],[-106.707665,40.18275],[-106.708048,40.182983],[-106.709834,40.184975],[-106.710441,40.185786],[-106.711202,40.186373],[-106.711783,40.186869],[-106.712366,40.187523],[-106.712579,40.187835],[-106.712646,40.187996],[-106.712678,40.188198],[-106.712631,40.188411],[-106.712078,40.18918],[-106.712061,40.189473],[-106.712266,40.190168],[-106.712502,40.190602],[-106.71423,40.193008],[-106.714468,40.193554],[-106.71543,40.195013],[-106.716043,40.195747],[-106.716195,40.195822],[-106.716641,40.195923],[-106.716992,40.195936],[-106.717255,40.19586],[-106.717621,40.195864],[-106.717965,40.195935],[-106.718905,40.196493],[-106.719136,40.19658],[-106.719445,40.196625],[-106.719695,40.196608],[-106.719873,40.196555],[-106.720384,40.196264],[-106.720692,40.196232],[-106.720993,40.196286],[-106.721325,40.196435],[-106.721593,40.196611],[-106.721833,40.196837],[-106.721965,40.197033],[-106.7226,40.197758],[-106.722911,40.197988],[-106.723315,40.198171],[-106.723725,40.198286],[-106.724461,40.198582],[-106.725488,40.199228],[-106.726522,40.199817],[-106.727994,40.200533],[-106.728701,40.200807],[-106.728984,40.201086],[-106.729303,40.201307],[-106.729558,40.201546],[-106.730239,40.20159],[-106.730697,40.201579],[-106.731348,40.201519],[-106.731955,40.201425],[-106.732893,40.201442],[-106.733573,40.201391],[-106.734296,40.20139],[-106.735207,40.201457],[-106.735573,40.201519],[-106.736134,40.201677],[-106.736268,40.201968],[-106.736293,40.202157],[-106.736323,40.202688],[-106.736298,40.202936],[-106.73635,40.203066],[-106.736357,40.20344],[-106.736465,40.203902],[-106.736425,40.204128],[-106.736459,40.204416],[-106.736525,40.204545],[-106.736603,40.2049],[-106.736729,40.205159],[-106.736782,40.20537],[-106.736908,40.205589],[-106.73706,40.20574],[-106.737149,40.205892],[-106.737359,40.20606],[-106.738073,40.206306],[-106.73882,40.206484],[-106.739447,40.206682],[-106.739944,40.206877],[-106.74034,40.206988],[-106.740644,40.20715],[-106.741003,40.207667],[-106.741144,40.207985],[-106.74163,40.208338],[-106.742175,40.208821],[-106.742479,40.209001],[-106.742861,40.209157],[-106.743638,40.20933],[-106.744421,40.209476],[-106.744858,40.209505],[-106.74488,40.209537],[-106.745376,40.209619],[-106.745786,40.209735],[-106.746303,40.209817],[-106.746736,40.210049],[-106.746947,40.21024],[-106.747043,40.210369],[-106.747456,40.21111],[-106.747473,40.21125],[-106.747693,40.211566],[-106.748346,40.212056],[-106.748757,40.212275],[-106.748959,40.21234],[-106.749259,40.21267],[-106.74908,40.217132],[-106.749186,40.221718],[-106.749422,40.221651],[-106.749627,40.221479],[-106.749725,40.22134],[-106.749876,40.220921],[-106.750073,40.220749],[-106.750244,40.220709],[-106.750482,40.220778],[-106.750805,40.220822],[-106.751627,40.221174],[-106.751828,40.221218],[-106.752472,40.22129],[-106.753174,40.221252],[-106.753503,40.221516],[-106.753961,40.221665],[-106.75406,40.221742],[-106.754434,40.221671],[-106.754605,40.221677],[-106.754705,40.221792],[-106.754827,40.22205],[-106.754905,40.222144],[-106.755507,40.222106],[-106.755829,40.222161],[-106.755936,40.222227],[-106.756265,40.222634],[-106.756573,40.222821],[-106.757381,40.223168],[-106.757853,40.223459],[-106.758261,40.2238],[-106.758382,40.223937],[-106.75879,40.224212],[-106.759176,40.22435],[-106.759598,40.224597],[-106.760127,40.225158],[-106.760278,40.22524],[-106.7606,40.225318],[-106.7607,40.225395],[-106.760771,40.225521],[-106.760878,40.225614],[-106.761293,40.22578],[-106.761579,40.226142],[-106.761737,40.226274],[-106.762817,40.226923],[-106.763103,40.227258],[-106.763145,40.227401],[-106.763138,40.227538],[-106.762966,40.227857],[-106.762843,40.228301],[-106.762836,40.228422],[-106.762964,40.22885],[-106.763778,40.230257],[-106.764184,40.231251],[-106.764949,40.232146],[-106.765327,40.232883],[-106.765706,40.233399],[-106.765835,40.233509],[-106.76597,40.233701],[-106.766478,40.234168],[-106.767187,40.234559],[-106.767694,40.235097],[-106.768073,40.235367],[-106.768295,40.23546],[-106.768689,40.235488],[-106.768918,40.235428],[-106.769155,40.235423],[-106.769577,40.235709],[-106.769899,40.236082],[-106.770099,40.236165],[-106.770235,40.236083],[-106.770364,40.235912],[-106.770837,40.236105],[-106.771259,40.236018],[-106.77136,40.236051],[-106.771502,40.236457],[-106.771588,40.236578],[-106.771982,40.236853],[-106.772039,40.236996],[-106.771959,40.237177],[-106.771916,40.237418],[-106.771966,40.237561],[-106.772045,40.237638],[-106.772181,40.237693],[-106.772332,40.237803],[-106.7723,40.238226],[-106.777066,40.238189],[-106.776687,40.253107],[-106.778136,40.268906],[-106.787034,40.268478],[-106.786917,40.275881],[-106.800614,40.275474],[-106.804741,40.275451],[-106.80481,40.283026]]]}},{"id":"10","type":"Feature","properties":{"leisure":"nature_reserve","sport":null,"base_elevation":496},"geometry":{"type":"Polygon","coordinates":[[[-106.862026,40.941113],[-106.861807,40.941333],[-106.861537,40.941454],[-106.860879,40.941735],[-106.86016,40.941927],[-106.859594,40.94216],[-106.859582,40.946182],[-106.859786,40.949855],[-106.85008,40.949849],[-106.849897,40.950223],[-106.849518,40.950733],[-106.849259,40.951153],[-106.84829,40.952224],[-106.848005,40.952766],[-106.847551,40.95321],[-106.847521,40.953529],[-106.847723,40.95491],[-106.847791,40.955738],[-106.84776,40.956342],[-106.847585,40.957009],[-106.847679,40.957326],[-106.847578,40.957722],[-106.847831,40.958071],[-106.847907,40.958575],[-106.848139,40.959319],[-106.848679,40.960273],[-106.848548,40.960582],[-106.848467,40.961241],[-106.848311,40.961704],[-106.847842,40.962122],[-106.847229,40.962552],[-106.846721,40.962816],[-106.845409,40.963737],[-106.845019,40.964093],[-106.844809,40.96482],[-106.844789,40.965595],[-106.844699,40.966134],[-106.844381,40.966494],[-106.844064,40.966548],[-106.843379,40.966989],[-106.843255,40.96732],[-106.843176,40.9677],[-106.842947,40.968191],[-106.84273,40.968891],[-106.84258,40.968975],[-106.84251,40.969426],[-106.842391,40.969603],[-106.842213,40.969781],[-106.841919,40.969889],[-106.841458,40.969982],[-106.839082,40.970109],[-106.838564,40.970269],[-106.837915,40.970689],[-106.837502,40.971001],[-106.837083,40.971418],[-106.836616,40.971544],[-106.835405,40.97141],[-106.83471,40.971018],[-106.833868,40.970473],[-106.833188,40.970119],[-106.830595,40.968492],[-106.829184,40.967708],[-106.828236,40.967346],[-106.827581,40.967134],[-106.82694,40.96724],[-106.826475,40.967482],[-106.826376,40.967966],[-106.826436,40.968415],[-106.826294,40.968582],[-106.825344,40.969488],[-106.824387,40.970471],[-106.823098,40.971463],[-106.822634,40.971776],[-106.822019,40.972447],[-106.820292,40.973955],[-106.819984,40.974135],[-106.816653,40.975003],[-106.815102,40.975553],[-106.813849,40.975842],[-106.813147,40.976142],[-106.812168,40.9764],[-106.810997,40.976782],[-106.808344,40.977565],[-106.807264,40.977835],[-106.80633,40.978132],[-106.805157,40.978447],[-106.803753,40.978755],[-106.802689,40.979069],[-106.801526,40.979516],[-106.79927,40.980657],[-106.798395,40.98104],[-106.796755,40.981482],[-106.795693,40.981906],[-106.794747,40.982367],[-106.793341,40.98257],[-106.792877,40.982493],[-106.791879,40.982186],[-106.791325,40.981918],[-106.790703,40.981552],[-106.789582,40.980494],[-106.788921,40.979947],[-106.787929,40.97952],[-106.785591,40.979459],[-106.784363,40.979528],[-106.783209,40.979695],[-106.782532,40.979834],[-106.779511,40.979951],[-106.77814,40.979714],[-106.777132,40.979583],[-106.775875,40.979279],[-106.774427,40.978845],[-106.771559,40.977549],[-106.770378,40.977058],[-106.769444,40.976607],[-106.768467,40.976201],[-106.768055,40.975849],[-106.767756,40.975342],[-106.767383,40.975489],[-106.766832,40.975791],[-106.766191,40.975952],[-106.765324,40.976374],[-106.76513,40.976821],[-106.764765,40.977033],[-106.760379,40.97705],[-106.760319,40.980657],[-106.75556,40.980747],[-106.753283,40.980879],[-106.750597,40.982152],[-106.748934,40.982723],[-106.748412,40.982941],[-106.746312,40.9837],[-106.745037,40.984199],[-106.743451,40.984883],[-106.74272,40.985091],[-106.742191,40.98531],[-106.741633,40.985594],[-106.7413,40.985692],[-106.74096,40.985609],[-106.739008,40.985418],[-106.738495,40.985334],[-106.737462,40.98509],[-106.735915,40.98501],[-106.735337,40.984876],[-106.734506,40.984759],[-106.734166,40.98466],[-106.734044,40.984473],[-106.733569,40.983906],[-106.732712,40.983004],[-106.732583,40.982778],[-106.732244,40.982382],[-106.731849,40.981788],[-106.730948,40.980919],[-106.730782,40.980704],[-106.730285,40.980357],[-106.728948,40.98014],[-106.728291,40.979935],[-106.726521,40.979541],[-106.725806,40.979309],[-106.723054,40.978539],[-106.721964,40.978152],[-106.719811,40.977641],[-106.717847,40.977043],[-106.716214,40.976693],[-106.714596,40.976233],[-106.713895,40.976072],[-106.713166,40.975813],[-106.712668,40.975674],[-106.712183,40.975629],[-106.710515,40.975087],[-106.709837,40.974827],[-106.709187,40.974704],[-106.706363,40.97389],[-106.705901,40.973625],[-106.705469,40.973327],[-106.70462,40.972397],[-106.70323,40.971169],[-106.702855,40.97079],[-106.702481,40.970492],[-106.701948,40.969997],[-106.699779,40.968256],[-106.69692,40.965712],[-106.695832,40.965039],[-106.695359,40.964115],[-106.694784,40.963323],[-106.693449,40.961107],[-106.690519,40.957014],[-106.689435,40.955365],[-106.689105,40.954749],[-106.688301,40.953681],[-106.687934,40.953285],[-106.687295,40.952289],[-106.686664,40.951212],[-106.686334,40.950728],[-106.685931,40.950287],[-106.685925,40.950068],[-106.685742,40.949128],[-106.685765,40.948711],[-106.685709,40.948371],[-106.685718,40.947975],[-106.685597,40.94753],[-106.685437,40.946229],[-106.685427,40.945361],[-106.685377,40.94512],[-106.685379,40.94484],[-106.68528,40.944384],[-106.685245,40.944016],[-106.685188,40.94384],[-106.685149,40.943027],[-106.684977,40.942604],[-106.685015,40.942236],[-106.684982,40.94155],[-106.684876,40.941165],[-106.684899,40.940924],[-106.684843,40.940545],[-106.684865,40.939754],[-106.684782,40.939551],[-106.684667,40.939402],[-106.684473,40.939237],[-106.684162,40.939225],[-106.683489,40.939427],[-106.682866,40.939727],[-106.682526,40.939797],[-106.682056,40.939801],[-106.680595,40.940209],[-106.679589,40.940338],[-106.678707,40.940407],[-106.677739,40.940415],[-106.677052,40.940528],[-106.676284,40.940894],[-106.6754,40.941204],[-106.675053,40.941379],[-106.673981,40.941776],[-106.673539,40.94205],[-106.672837,40.942322],[-106.672445,40.942469],[-106.671599,40.942637],[-106.670429,40.94248],[-106.669706,40.942478],[-106.6692,40.942564],[-106.668947,40.942569],[-106.668572,40.942282],[-106.667496,40.942262],[-106.666998,40.942019],[-106.66632,40.941858],[-106.66551,40.94185],[-106.665308,40.941745],[-106.665223,40.941553],[-106.664812,40.941184],[-106.664213,40.941116],[-106.663389,40.941108],[-106.66234,40.941324],[-106.661688,40.941608],[-106.660697,40.941846],[-106.6604,40.941966],[-106.660132,40.942136],[-106.659697,40.942294],[-106.658604,40.942543],[-106.657838,40.942596],[-106.657319,40.942424],[-106.656965,40.942197],[-106.656592,40.941763],[-106.655525,40.941139],[-106.654725,40.940719],[-106.654076,40.940525],[-106.652761,40.940494],[-106.652226,40.94042],[-106.651476,40.940182],[-106.65082,40.939906],[-106.650465,40.940047],[-106.649923,40.940007],[-106.649476,40.939775],[-106.649093,40.939719],[-106.648536,40.939811],[-106.648146,40.939765],[-106.647786,40.939627],[-106.646956,40.93941],[-106.64687,40.939251],[-106.646936,40.93907],[-106.647175,40.9389],[-106.647364,40.938698],[-106.647662,40.938457],[-106.6483,40.938036],[-106.649046,40.937169],[-106.649123,40.937168],[-106.649128,40.937068],[-106.64934,40.936804],[-106.649423,40.936042],[-106.649403,40.935794],[-106.649114,40.935717],[-106.648565,40.935759],[-106.64782,40.935877],[-106.6473,40.935793],[-106.646902,40.935836],[-106.646092,40.936075],[-106.645679,40.936156],[-106.642714,40.936652],[-106.640515,40.936957],[-106.637421,40.937184],[-106.636951,40.9371],[-106.635615,40.936942],[-106.635059,40.936836],[-106.632591,40.93624],[-106.631349,40.936011],[-106.630887,40.935872],[-106.629732,40.935715],[-106.6275,40.935504],[-106.626511,40.935319],[-106.625811,40.935086],[-106.625592,40.935048],[-106.625075,40.935094],[-106.624747,40.935068],[-106.624639,40.934889],[-106.624553,40.934658],[-106.624497,40.934246],[-106.624499,40.933851],[-106.624648,40.93283],[-106.624606,40.932506],[-106.624564,40.932396],[-106.624326,40.932121],[-106.623945,40.931769],[-106.623845,40.931565],[-106.623898,40.931016],[-106.62411,40.930484],[-106.624162,40.930183],[-106.624112,40.929958],[-106.624062,40.929765],[-106.623409,40.928907],[-106.623201,40.928423],[-106.623181,40.928138],[-106.623258,40.927106],[-106.62331,40.926947],[-106.62329,40.926409],[-106.622724,40.925458],[-106.622594,40.925293],[-106.622005,40.924704],[-106.621862,40.924286],[-106.621885,40.92394],[-106.621951,40.923715],[-106.622126,40.923447],[-106.622251,40.923003],[-106.622407,40.922075],[-106.622539,40.921576],[-106.622616,40.920615],[-106.62265,40.919595],[-106.622821,40.918629],[-106.622801,40.918102],[-106.622933,40.917635],[-106.623253,40.917301],[-106.62355,40.917143],[-106.624331,40.916931],[-106.625496,40.916725],[-106.625592,40.91642],[-106.625794,40.916348],[-106.626345,40.916065],[-106.626534,40.915868],[-106.626636,40.915643],[-106.626507,40.915461],[-106.626329,40.915388],[-106.626405,40.913748],[-106.626916,40.913376],[-106.627293,40.913147],[-106.627808,40.912759],[-106.629098,40.912099],[-106.629533,40.911853],[-106.629779,40.911668],[-106.6302,40.911449],[-106.631286,40.910964],[-106.632334,40.910792],[-106.632638,40.9107],[-106.633267,40.910669],[-106.63347,40.910538],[-106.633817,40.910451],[-106.634114,40.910315],[-106.634692,40.910251],[-106.635018,40.910175],[-106.636716,40.91006],[-106.637598,40.90992],[-106.637895,40.909828],[-106.638279,40.909637],[-106.638656,40.909369],[-106.639021,40.90916],[-106.63919,40.908998],[-106.639252,40.9088],[-106.639347,40.908166],[-106.639368,40.907514],[-106.638836,40.906778],[-106.631306,40.901372],[-106.622915,40.90195],[-106.618212,40.898963],[-106.61038,40.896667],[-106.608588,40.894233],[-106.602642,40.891803],[-106.601797,40.888292],[-106.594823,40.887011],[-106.590427,40.879415],[-106.585928,40.875405],[-106.585128,40.869705],[-106.585075,40.869463],[-106.584903,40.869222],[-106.584445,40.868913],[-106.584073,40.868774],[-106.583454,40.868656],[-106.582442,40.868535],[-106.582168,40.868512],[-106.581778,40.868535],[-106.58131,40.868316],[-106.580851,40.86798],[-106.58034,40.867456],[-106.580022,40.867082],[-106.580021,40.867028],[-106.580078,40.866937],[-106.580229,40.866773],[-106.580234,40.86652],[-106.580123,40.866324],[-106.579906,40.866183],[-106.579404,40.866036],[-106.578881,40.86598],[-106.577444,40.865946],[-106.577003,40.865871],[-106.576799,40.865775],[-106.57652,40.86549],[-106.576423,40.864933],[-106.569491,40.862794],[-106.56955,40.861793],[-106.568087,40.860137],[-106.568067,40.85975],[-106.568175,40.858839],[-106.568465,40.857529],[-106.568612,40.857203],[-106.568795,40.856939],[-106.569097,40.856647],[-106.569784,40.856106],[-106.569967,40.855824],[-106.569983,40.855482],[-106.569822,40.855204],[-106.569604,40.855027],[-106.569183,40.854763],[-106.568975,40.854513],[-106.569121,40.854178],[-106.569285,40.854059],[-106.569765,40.8538],[-106.570071,40.853697],[-106.570639,40.853626],[-106.571113,40.85362],[-106.571756,40.853701],[-106.572088,40.853687],[-106.572581,40.853473],[-106.573259,40.85305],[-106.573445,40.852885],[-106.573593,40.85264],[-106.573611,40.852378],[-106.573772,40.851665],[-106.573945,40.851446],[-106.57433,40.85118],[-106.574964,40.850919],[-106.575436,40.850813],[-106.576584,40.850689],[-106.578543,40.850762],[-106.579074,40.850637],[-106.579436,40.850407],[-106.579596,40.850126],[-106.57968,40.849656],[-106.57965,40.849395],[-106.579536,40.849091],[-106.579515,40.848722],[-106.579534,40.848523],[-106.579696,40.847845],[-106.57983,40.846979],[-106.579799,40.846682],[-106.579812,40.846222],[-106.579916,40.845122],[-106.579866,40.844033],[-106.579643,40.843099],[-106.579568,40.842451],[-106.579703,40.842143],[-106.58005,40.841778],[-106.580902,40.841208],[-106.581478,40.840966],[-106.582901,40.840451],[-106.583464,40.840173],[-106.583848,40.839888],[-106.584148,40.839524],[-106.58426,40.838766],[-106.584398,40.838548],[-106.584665,40.838301],[-106.585271,40.837878],[-106.585469,40.837695],[-106.58578,40.837331],[-106.586186,40.836956],[-106.587143,40.835789],[-106.587445,40.835506],[-106.587501,40.835379],[-106.587543,40.835144],[-106.587567,40.834658],[-106.587669,40.833981],[-106.587824,40.833519],[-106.587961,40.833274],[-106.588159,40.833127],[-106.588358,40.833043],[-106.589658,40.832845],[-106.589787,40.832789],[-106.589845,40.832716],[-106.589843,40.832627],[-106.589276,40.832247],[-106.588964,40.831594],[-106.588744,40.8313],[-106.588442,40.831096],[-106.587544,40.83073],[-106.587256,40.830572],[-106.587037,40.830368],[-106.586974,40.830198],[-106.587019,40.830098],[-106.587274,40.829851],[-106.587331,40.829734],[-106.587311,40.829391],[-106.587061,40.828882],[-106.586594,40.828167],[-106.586568,40.828077],[-106.5866,40.827933],[-106.586882,40.827821],[-106.587091,40.827647],[-106.587121,40.827403],[-106.587056,40.82717],[-106.586946,40.827045],[-106.586238,40.826686],[-106.585634,40.826235],[-106.585634,40.826119],[-106.585525,40.826119],[-106.585353,40.825851],[-106.585323,40.825599],[-106.585409,40.825247],[-106.585417,40.825085],[-106.585338,40.824743],[-106.585317,40.824338],[-106.585528,40.823759],[-106.585635,40.823262],[-106.585557,40.822966],[-106.585188,40.82244],[-106.584909,40.822155],[-106.584847,40.822057],[-106.584807,40.821859],[-106.584874,40.821696],[-106.585312,40.82115],[-106.585333,40.821041],[-106.585361,40.820726],[-106.585108,40.81954],[-106.585121,40.819116],[-106.58537,40.817636],[-106.585326,40.817267],[-106.585112,40.81672],[-106.584789,40.816112],[-106.584422,40.81564],[-106.584034,40.815276],[-106.583472,40.815086],[-106.583376,40.815024],[-106.583276,40.814809],[-106.583296,40.814656],[-106.58341,40.814492],[-106.583614,40.814066],[-106.583643,40.813822],[-106.583576,40.813463],[-106.583424,40.813077],[-106.583487,40.812725],[-106.583729,40.812434],[-106.584043,40.812159],[-106.584262,40.811913],[-106.584421,40.811622],[-106.584388,40.811236],[-106.584311,40.810957],[-106.584213,40.810842],[-106.584081,40.810762],[-106.583722,40.810632],[-106.583484,40.81059],[-106.583376,40.810529],[-106.583349,40.810412],[-106.583401,40.810114],[-106.583594,40.80976],[-106.583734,40.809659],[-106.584156,40.809455],[-106.584376,40.809209],[-106.584501,40.808991],[-106.584708,40.808727],[-106.584988,40.808534],[-106.585173,40.808351],[-106.585229,40.808215],[-106.585237,40.808044],[-106.585089,40.807785],[-106.584173,40.807167],[-106.583765,40.806956],[-106.583716,40.806885],[-106.583689,40.806759],[-106.583746,40.806668],[-106.583875,40.806603],[-106.584051,40.806538],[-106.584299,40.806498],[-106.584815,40.806257],[-106.58514,40.805956],[-106.585289,40.805728],[-106.585274,40.805602],[-106.585224,40.805513],[-106.585208,40.805315],[-106.585228,40.80518],[-106.585377,40.804961],[-106.585844,40.804658],[-106.586827,40.804131],[-106.587575,40.803652],[-106.587784,40.803478],[-106.587968,40.803223],[-106.588023,40.803069],[-106.588055,40.802916],[-106.588002,40.802673],[-106.587935,40.801854],[-106.587745,40.801326],[-106.587366,40.800844],[-106.586617,40.800269],[-106.586292,40.800066],[-106.586207,40.799968],[-106.586081,40.799682],[-106.586092,40.799123],[-106.586147,40.798969],[-106.586589,40.79809],[-106.586877,40.797734],[-106.587299,40.797539],[-106.587916,40.797576],[-106.588828,40.797545],[-106.589255,40.797566],[-106.590579,40.797917],[-106.591282,40.798034],[-106.591887,40.798089],[-106.592503,40.798053],[-106.594203,40.79775],[-106.594758,40.79768],[-106.595063,40.789109],[-106.594851,40.789184],[-106.59439,40.789217],[-106.594165,40.78922],[-106.593748,40.789127],[-106.593202,40.789116],[-106.592291,40.789174],[-106.591922,40.789134],[-106.591253,40.7889],[-106.590898,40.788923],[-106.590745,40.788979],[-106.590414,40.788984],[-106.590116,40.788925],[-106.589808,40.788911],[-106.589512,40.788942],[-106.589061,40.78893],[-106.588561,40.78882],[-106.588161,40.788447],[-106.587945,40.788324],[-106.587742,40.788255],[-106.587039,40.788139],[-106.586557,40.787307],[-106.586189,40.786781],[-106.586138,40.786628],[-106.586107,40.786305],[-106.586014,40.785865],[-106.585939,40.785739],[-106.58518,40.784714],[-106.584814,40.784251],[-106.584437,40.783841],[-106.583972,40.783226],[-106.583883,40.782993],[-106.58394,40.782875],[-106.58421,40.7828],[-106.584183,40.782647],[-106.583901,40.782263],[-106.583622,40.781997],[-106.583449,40.781693],[-106.583486,40.781233],[-106.583564,40.781016],[-106.583825,40.780544],[-106.584077,40.780171],[-106.584861,40.779277],[-106.585464,40.778711],[-106.585892,40.778281],[-106.586076,40.778036],[-106.586169,40.777971],[-106.586327,40.777618],[-106.586296,40.777303],[-106.585921,40.77648],[-106.585904,40.776272],[-106.585933,40.77602],[-106.585901,40.77566],[-106.585774,40.775301],[-106.585627,40.775096],[-106.58561,40.774889],[-106.585652,40.774645],[-106.585706,40.77442],[-106.585946,40.774038],[-106.585967,40.773957],[-106.586338,40.773618],[-106.586665,40.773389],[-106.586734,40.773297],[-106.58689,40.772899],[-106.586932,40.772664],[-106.587101,40.772311],[-106.587462,40.772017],[-106.58768,40.771726],[-106.587765,40.77131],[-106.587779,40.770896],[-106.587839,40.770436],[-106.587743,40.769906],[-106.587751,40.769752],[-106.587772,40.769635],[-106.587965,40.769272],[-106.588006,40.768992],[-106.587979,40.768839],[-106.587891,40.768633],[-106.587581,40.768088],[-106.587565,40.76789],[-106.587622,40.767781],[-106.587832,40.767652],[-106.588786,40.767414],[-106.589021,40.76733],[-106.589067,40.767275],[-106.589097,40.76704],[-106.589064,40.766671],[-106.588644,40.765921],[-106.588456,40.7655],[-106.588475,40.76531],[-106.588555,40.765201],[-106.588684,40.765118],[-106.590534,40.764705],[-106.591357,40.764415],[-106.591555,40.764313],[-106.592195,40.763809],[-106.592596,40.763227],[-106.592797,40.762729],[-106.592838,40.76244],[-106.592522,40.762111],[-106.592508,40.76203],[-106.592589,40.761948],[-106.592777,40.761864],[-106.592928,40.761745],[-106.593112,40.761508],[-106.59311,40.761436],[-106.592891,40.761205],[-106.592326,40.760834],[-106.592062,40.76073],[-106.59169,40.760519],[-106.591304,40.760223],[-106.591318,40.75882],[-106.591743,40.758248],[-106.59187,40.758138],[-106.59195,40.75802],[-106.591982,40.757866],[-106.591976,40.757614],[-106.591671,40.757249],[-106.591621,40.757133],[-106.591606,40.756998],[-106.591636,40.756745],[-106.591609,40.75661],[-106.591474,40.756405],[-106.590943,40.756007],[-106.589541,40.755333],[-106.588692,40.754993],[-106.587857,40.754752],[-106.586947,40.754342],[-106.586681,40.754138],[-106.586438,40.753889],[-106.585776,40.753439],[-106.585461,40.753146],[-106.584858,40.752686],[-106.584604,40.752446],[-106.584565,40.752338],[-106.584836,40.752272],[-106.585759,40.752232],[-106.586904,40.752045],[-106.587826,40.751987],[-106.58862,40.751985],[-106.589081,40.751943],[-106.590315,40.752007],[-106.591075,40.752096],[-106.592177,40.752134],[-106.592438,40.752158],[-106.592962,40.752268],[-106.594054,40.752361],[-106.595307,40.752713],[-106.596131,40.753202],[-106.595879,40.752867],[-106.596524,40.753092],[-106.597454,40.753359],[-106.59769,40.753292],[-106.598697,40.752837],[-106.599637,40.752491],[-106.601747,40.75157],[-106.605964,40.754529],[-106.606532,40.755007],[-106.608453,40.755584],[-106.608896,40.755758],[-106.609052,40.755864],[-106.609268,40.755951],[-106.610194,40.756551],[-106.610841,40.756821],[-106.611473,40.757028],[-106.613108,40.749981],[-106.613834,40.746357],[-106.615364,40.73957],[-106.615408,40.739444],[-106.615558,40.739279],[-106.615733,40.739169],[-106.615992,40.739066],[-106.617192,40.73877],[-106.617472,40.738586],[-106.617634,40.738421],[-106.617666,40.738268],[-106.617651,40.738142],[-106.617576,40.738008],[-106.617467,40.737901],[-106.616637,40.737372],[-106.614807,40.736605],[-106.614106,40.736534],[-106.613819,40.736403],[-106.612761,40.735751],[-106.612378,40.735567],[-106.611398,40.735194],[-106.611744,40.73482],[-106.611904,40.73461],[-106.612029,40.734374],[-106.612163,40.73403],[-106.612235,40.733101],[-106.611968,40.732312],[-106.61176,40.732036],[-106.611552,40.731777],[-106.611031,40.731298],[-106.610572,40.730935],[-106.609707,40.730407],[-106.609253,40.730224],[-106.607887,40.729559],[-106.605573,40.728888],[-106.604912,40.728492],[-106.604148,40.728241],[-106.603861,40.72811],[-106.603776,40.728003],[-106.603772,40.727373],[-106.603673,40.727167],[-106.60354,40.727088],[-106.602969,40.726961],[-106.60242,40.72677],[-106.602192,40.726656],[-106.601988,40.726524],[-106.601851,40.726247],[-106.601717,40.726095],[-106.601306,40.725768],[-106.600731,40.725478],[-106.600075,40.725298],[-106.599632,40.725097],[-106.599376,40.724759],[-106.599142,40.724374],[-106.598934,40.724098],[-106.598788,40.723965],[-106.598714,40.723831],[-106.598708,40.723579],[-106.598772,40.723289],[-106.59873,40.723011],[-106.598503,40.72242],[-106.598485,40.722158],[-106.598562,40.721914],[-106.598581,40.721725],[-106.598492,40.721492],[-106.598407,40.721385],[-106.598616,40.718265],[-106.598729,40.715561],[-106.59872,40.715183],[-106.598768,40.714687],[-106.598689,40.714373],[-106.597768,40.708539],[-106.597894,40.708357],[-106.598047,40.708301],[-106.598961,40.708415],[-106.599303,40.708383],[-106.599539,40.708316],[-106.599773,40.708214],[-106.600216,40.70792],[-106.600369,40.707881],[-106.601281,40.707428],[-106.601938,40.707175],[-106.602538,40.707014],[-106.602796,40.706911],[-106.60379,40.705915],[-106.604107,40.705785],[-106.604495,40.70568],[-106.604951,40.705476],[-106.60524,40.705157],[-106.605423,40.704884],[-106.606112,40.704036],[-106.606634,40.703597],[-106.60785,40.70294],[-106.608459,40.702522],[-106.608999,40.70233],[-106.609316,40.702253],[-106.609647,40.702258],[-106.6104,40.702184],[-106.610779,40.702179],[-106.611379,40.702035],[-106.612139,40.701664],[-106.612349,40.701508],[-106.612689,40.700891],[-106.613141,40.700506],[-106.613595,40.700176],[-106.613856,40.699722],[-106.613995,40.699575],[-106.615599,40.698382],[-106.616283,40.697787],[-106.616932,40.697183],[-106.61806,40.695906],[-106.618615,40.695331],[-106.61875,40.695059],[-106.61881,40.694121],[-106.618876,40.693886],[-106.619033,40.693559],[-106.619052,40.693361],[-106.619176,40.693098],[-106.619314,40.692907],[-106.619699,40.692703],[-106.620251,40.692506],[-106.620886,40.692344],[-106.622114,40.692219],[-106.622406,40.69208],[-106.622989,40.691729],[-106.623547,40.691298],[-106.623827,40.691132],[-106.6249,40.690964],[-106.625158,40.690879],[-106.625237,40.690734],[-106.625269,40.69058],[-106.625278,40.690454],[-106.625226,40.690266],[-106.625129,40.690159],[-106.625089,40.689961],[-106.624868,40.68964],[-106.624491,40.689222],[-106.623994,40.688752],[-106.623415,40.687832],[-106.623178,40.687322],[-106.622591,40.68651],[-106.622226,40.68611],[-106.620982,40.684587],[-106.620306,40.684056],[-106.619819,40.683459],[-106.619458,40.682762],[-106.618723,40.681709],[-106.618707,40.681538],[-106.618281,40.680076],[-106.618008,40.679548],[-106.617292,40.678801],[-106.616676,40.678288],[-106.616376,40.678094],[-106.616134,40.677872],[-106.615762,40.677652],[-106.615484,40.677431],[-106.615138,40.6773],[-106.614297,40.677267],[-106.613939,40.677146],[-106.613376,40.676874],[-106.612116,40.676144],[-106.610259,40.675188],[-106.60799,40.673806],[-106.607151,40.673349],[-106.60623,40.672966],[-106.605888,40.672979],[-106.605051,40.673135],[-106.603629,40.673047],[-106.602274,40.67275],[-106.601903,40.672575],[-106.601757,40.672415],[-106.601279,40.672233],[-106.600092,40.672078],[-106.599771,40.671983],[-106.599189,40.671892],[-106.597555,40.67187],[-106.596771,40.671728],[-106.596358,40.671751],[-106.595746,40.671886],[-106.595072,40.671931],[-106.594728,40.6719],[-106.594145,40.671737],[-106.593715,40.671554],[-106.593604,40.671384],[-106.593595,40.670997],[-106.593498,40.670899],[-106.592606,40.670695],[-106.592319,40.670582],[-106.59227,40.670511],[-106.592349,40.670365],[-106.5936,40.669718],[-106.594217,40.669295],[-106.5946,40.668974],[-106.595234,40.668308],[-106.59593,40.667704],[-106.596323,40.667302],[-106.596926,40.666807],[-106.597577,40.66633],[-106.598033,40.666098],[-106.598584,40.665901],[-106.599412,40.665385],[-106.599838,40.665379],[-106.600357,40.665318],[-106.600648,40.665143],[-106.601274,40.664585],[-106.602158,40.663951],[-106.60232,40.663805],[-106.602399,40.66365],[-106.602709,40.66325],[-106.602805,40.662816],[-106.602894,40.662599],[-106.60309,40.66238],[-106.603077,40.661848],[-106.602976,40.661561],[-106.602828,40.661293],[-106.602669,40.661106],[-106.602452,40.660929],[-106.60189,40.660676],[-106.601438,40.660574],[-106.600912,40.660347],[-106.60072,40.660205],[-106.600489,40.659974],[-106.600366,40.659778],[-106.600337,40.659526],[-106.600402,40.659309],[-106.600629,40.658892],[-106.600589,40.658721],[-106.600392,40.658381],[-106.600363,40.658157],[-106.600555,40.657271],[-106.600853,40.656366],[-106.600846,40.656078],[-106.600745,40.655818],[-106.600563,40.655614],[-106.600436,40.655255],[-106.600429,40.654976],[-106.600309,40.654419],[-106.600128,40.654277],[-106.599889,40.654173],[-106.598773,40.653963],[-106.598605,40.653893],[-106.598412,40.653725],[-106.59825,40.653393],[-106.598173,40.653106],[-106.598127,40.652675],[-106.597983,40.652091],[-106.597848,40.651895],[-106.597631,40.651727],[-106.597286,40.651623],[-106.595767,40.651419],[-106.59523,40.651246],[-106.594994,40.651277],[-106.59442,40.65151],[-106.594161,40.651531],[-106.593532,40.651468],[-106.592894,40.651459],[-106.591444,40.651686],[-106.591172,40.651672],[-106.590314,40.651422],[-106.589808,40.651015],[-106.589602,40.650819],[-106.589588,40.650739],[-106.589635,40.650711],[-106.591329,40.650832],[-106.592761,40.650848],[-106.593846,40.650716],[-106.594151,40.650613],[-106.594747,40.650316],[-106.5957,40.649627],[-106.595981,40.649506],[-106.597068,40.649446],[-106.598505,40.64921],[-106.598705,40.649153],[-106.599221,40.648957],[-106.600199,40.648304],[-106.600814,40.647818],[-106.601296,40.647208],[-106.601483,40.647097],[-106.60167,40.647031],[-106.602554,40.646875],[-106.603093,40.646696],[-106.603245,40.646604],[-106.603626,40.646211],[-106.604235,40.645473],[-106.604467,40.645281],[-106.604898,40.644996],[-106.605332,40.644855],[-106.60592,40.644738],[-106.606401,40.64456],[-106.607618,40.644003],[-106.608379,40.643704],[-106.609186,40.643305],[-106.610159,40.642977],[-106.611123,40.642711],[-106.611309,40.642582],[-106.611943,40.642393],[-106.612814,40.64221],[-106.613132,40.642178],[-106.614191,40.641947],[-106.614719,40.641778],[-106.615128,40.641574],[-106.615375,40.641498],[-106.615929,40.641419],[-106.616625,40.641373],[-106.61827,40.641413],[-106.620298,40.641637],[-106.620512,40.641697],[-106.620657,40.641821],[-106.620781,40.642062],[-106.620965,40.642321],[-106.621098,40.642436],[-106.621229,40.642488],[-106.621953,40.642595],[-106.6229,40.642654],[-106.623138,40.642696],[-106.624332,40.643183],[-106.62488,40.643311],[-106.625188,40.643352],[-106.62636,40.643389],[-106.626706,40.643537],[-106.626947,40.643732],[-106.627223,40.643863],[-106.6282,40.644183],[-106.629031,40.644315],[-106.629437,40.644481],[-106.630467,40.645016],[-106.630993,40.645206],[-106.631529,40.645361],[-106.632609,40.645553],[-106.633486,40.645603],[-106.634147,40.645576],[-106.635704,40.645374],[-106.635927,40.645308],[-106.63674,40.645197],[-106.637662,40.645166],[-106.638468,40.645245],[-106.638918,40.645256],[-106.639282,40.645179],[-106.640289,40.644741],[-106.640606,40.644656],[-106.640795,40.644635],[-106.64121,40.644674],[-106.646391,40.637502],[-106.652758,40.632453],[-106.652997,40.63254],[-106.653376,40.63258],[-106.65379,40.632556],[-106.654022,40.632481],[-106.654034,40.626752],[-106.649715,40.624988],[-106.648781,40.62455],[-106.648646,40.62439],[-106.648581,40.624139],[-106.648576,40.623454],[-106.648562,40.623355],[-106.648452,40.623221],[-106.64809,40.622929],[-106.647751,40.622592],[-106.647428,40.622452],[-106.646988,40.622315],[-106.6467,40.622157],[-106.646146,40.621723],[-106.645938,40.621465],[-106.645467,40.621048],[-106.644564,40.620385],[-106.643829,40.619351],[-106.643514,40.619049],[-106.643202,40.618819],[-106.643055,40.618641],[-106.64294,40.618274],[-106.642853,40.618113],[-106.642206,40.617753],[-106.641932,40.617666],[-106.641704,40.617534],[-106.641526,40.617483],[-106.640983,40.617058],[-106.640763,40.616755],[-106.640728,40.616314],[-106.640816,40.614583],[-106.640774,40.612377],[-106.640808,40.611827],[-106.643729,40.610912],[-106.644773,40.610608],[-106.64569,40.610388],[-106.64597,40.610222],[-106.646431,40.60981],[-106.646643,40.609708],[-106.647574,40.609587],[-106.647924,40.609419],[-106.648072,40.609201],[-106.648016,40.608842],[-106.647943,40.608753],[-106.647718,40.608269],[-106.647284,40.607915],[-106.646512,40.606791],[-106.646225,40.606642],[-106.645701,40.606487],[-106.645497,40.606364],[-106.645215,40.605972],[-106.645051,40.605551],[-106.645022,40.605335],[-106.644563,40.604918],[-106.644423,40.604515],[-106.644386,40.603002],[-106.644314,40.60294],[-106.643779,40.602812],[-106.642796,40.602241],[-106.641682,40.601662],[-106.641013,40.601374],[-106.640276,40.601178],[-106.638262,40.600999],[-106.637799,40.600889],[-106.635762,40.600233],[-106.634395,40.599946],[-106.63198,40.599755],[-106.631516,40.599644],[-106.630426,40.599525],[-106.630001,40.599531],[-106.629522,40.599461],[-106.627687,40.599369],[-106.626416,40.59901],[-106.625595,40.598888],[-106.625486,40.598753],[-106.62535,40.598687],[-106.625033,40.598648],[-106.624443,40.59868],[-106.624083,40.598767],[-106.623831,40.598932],[-106.623405,40.599452],[-106.623059,40.599809],[-106.622159,40.600301],[-106.621417,40.600542],[-106.620971,40.600591],[-106.620639,40.600579],[-106.620114,40.600507],[-106.619611,40.600364],[-106.618654,40.599979],[-106.618122,40.599885],[-106.617935,40.59989],[-106.617229,40.600005],[-106.616754,40.600218],[-106.615644,40.600804],[-106.615161,40.601132],[-106.6147,40.601384],[-106.61416,40.60157],[-106.613879,40.601592],[-106.613369,40.601503],[-106.613182,40.601443],[-106.613059,40.601349],[-106.613009,40.601245],[-106.613075,40.600856],[-106.612845,40.600614],[-106.611838,40.600245],[-106.611248,40.600151],[-106.61096,40.600211],[-106.610398,40.600567],[-106.610254,40.600704],[-106.609454,40.601153],[-106.609216,40.601196],[-106.609087,40.60118],[-106.608699,40.60096],[-106.608627,40.600795],[-106.608556,40.600405],[-106.608326,40.600142],[-106.608204,40.599922],[-106.608126,40.599587],[-106.60814,40.599494],[-106.608054,40.599291],[-106.607882,40.599131],[-106.607365,40.598785],[-106.607214,40.598588],[-106.607164,40.598384],[-106.607236,40.598214],[-106.607157,40.59805],[-106.606884,40.597852],[-106.606813,40.597753],[-106.606593,40.589199],[-106.60655,40.588793],[-106.606587,40.588656],[-106.607098,40.588278],[-106.607142,40.588141],[-106.607136,40.587631],[-106.607057,40.587257],[-106.607079,40.586989],[-106.607202,40.586874],[-106.607447,40.586786],[-106.608584,40.586618],[-106.609441,40.58624],[-106.610291,40.585786],[-106.610911,40.585381],[-106.611123,40.585194],[-106.611193,40.585194],[-106.611192,40.585147],[-106.611386,40.585019],[-106.612128,40.584625],[-106.612705,40.58417],[-106.612856,40.584011],[-106.613548,40.583486],[-106.61375,40.583415],[-106.614642,40.583355],[-106.61506,40.58323],[-106.615507,40.582841],[-106.615521,40.582621],[-106.615392,40.582363],[-106.615364,40.582089],[-106.61535,40.581831],[-106.615391,40.581638],[-106.61587,40.581643],[-106.615852,40.580945],[-106.616087,40.580575],[-106.616318,40.579934],[-106.616586,40.578864],[-106.616738,40.578661],[-106.616889,40.578579],[-106.617472,40.578481],[-106.619062,40.578291],[-106.620682,40.578128],[-106.623316,40.577731],[-106.624114,40.577661],[-106.62541,40.577476],[-106.625761,40.577405],[-106.626018,40.577294],[-106.626269,40.577105],[-106.626475,40.576862],[-106.626582,40.576818],[-106.626711,40.576811],[-106.626971,40.576842],[-106.627146,40.577066],[-106.627465,40.577229],[-106.627955,40.577313],[-106.629204,40.577399],[-106.629836,40.577643],[-106.630334,40.577735],[-106.630812,40.577962],[-106.63115,40.578255],[-106.632764,40.579034],[-106.633001,40.579066],[-106.633438,40.579051],[-106.633837,40.578938],[-106.633988,40.578836],[-106.634597,40.57862],[-106.635266,40.578422],[-106.636433,40.578297],[-106.638202,40.578182],[-106.638597,40.578181],[-106.639527,40.578244],[-106.641476,40.578235],[-106.642616,40.577979],[-106.642937,40.577814],[-106.643404,40.57769],[-106.645508,40.577402],[-106.645826,40.577371],[-106.646608,40.577378],[-106.646739,40.577327],[-106.647024,40.577094],[-106.647043,40.576935],[-106.646987,40.576501],[-106.647022,40.576331],[-106.647248,40.576011],[-106.64754,40.575713],[-106.647582,40.575591],[-106.647573,40.575454],[-106.647469,40.575164],[-106.647183,40.574727],[-106.649269,40.57469],[-106.652276,40.571594],[-106.652339,40.570843],[-106.652511,40.5702],[-106.652886,40.569689],[-106.653154,40.5692],[-106.653522,40.568892],[-106.653871,40.568671],[-106.654244,40.568486],[-106.654655,40.567903],[-106.65495,40.567412],[-106.655105,40.566969],[-106.655408,40.566325],[-106.656545,40.565011],[-106.656635,40.564839],[-106.656754,40.564405],[-106.656697,40.563991],[-106.656466,40.563256],[-106.656398,40.562878],[-106.656617,40.562191],[-106.656766,40.562008],[-106.657056,40.561797],[-106.657873,40.561407],[-106.658478,40.56102],[-106.658828,40.560835],[-106.659269,40.560504],[-106.659637,40.560129],[-106.659694,40.560012],[-106.659674,40.559705],[-106.659459,40.559141],[-106.659443,40.558952],[-106.659453,40.55842],[-106.659516,40.558086],[-106.659697,40.557777],[-106.659916,40.557522],[-106.660239,40.557238],[-106.660624,40.557034],[-106.660775,40.556915],[-106.661415,40.556537],[-106.661727,40.556253],[-106.66192,40.555944],[-106.662032,40.555708],[-106.662018,40.555609],[-106.662068,40.55523],[-106.662025,40.554924],[-106.662015,40.554519],[-106.662092,40.554302],[-106.662131,40.553986],[-106.662324,40.553668],[-106.662986,40.553199],[-106.663001,40.552856],[-106.663086,40.552477],[-106.663165,40.552304],[-106.663444,40.551192],[-106.663557,40.550975],[-106.66382,40.55062],[-106.663875,40.550447],[-106.664022,40.550211],[-106.664243,40.550055],[-106.664523,40.549925],[-106.665168,40.549762],[-106.6658,40.549528],[-106.666055,40.549308],[-106.666192,40.549117],[-106.666611,40.548895],[-106.668359,40.548401],[-106.668744,40.548206],[-106.669598,40.547879],[-106.670146,40.547591],[-106.670905,40.547265],[-106.671104,40.547199],[-106.671671,40.5472],[-106.671976,40.547114],[-106.672103,40.546996],[-106.672232,40.546976],[-106.672516,40.546972],[-106.672813,40.547057],[-106.673006,40.547217],[-106.673031,40.547288],[-106.673309,40.54751],[-106.67389,40.547636],[-106.674631,40.547508],[-106.675069,40.547547],[-106.675575,40.547495],[-106.676644,40.54774],[-106.681072,40.548631],[-106.68752,40.546294],[-106.690748,40.545057],[-106.690946,40.545406],[-106.690871,40.545695],[-106.690844,40.546056],[-106.691489,40.546794],[-106.691978,40.547463],[-106.692102,40.547677],[-106.693363,40.548523],[-106.694007,40.549253],[-106.694247,40.549384],[-106.694488,40.549579],[-106.694767,40.54989],[-106.695236,40.550235],[-106.69536,40.550449],[-106.695376,40.55107],[-106.695416,40.551277],[-106.695739,40.551876],[-106.695816,40.552154],[-106.695904,40.552819],[-106.696038,40.55297],[-106.696218,40.553103],[-106.697532,40.553669],[-106.697846,40.553971],[-106.69797,40.554185],[-106.698098,40.55457],[-106.698068,40.554787],[-106.698205,40.555551],[-106.698626,40.556319],[-106.698941,40.557098],[-106.698974,40.557467],[-106.699053,40.557772],[-106.699314,40.55785],[-106.699551,40.557855],[-106.70008,40.557766],[-106.700548,40.557606],[-106.70076,40.557576],[-106.701053,40.557482],[-106.702029,40.557296],[-106.702929,40.55695],[-106.704612,40.555754],[-106.705194,40.555421],[-106.705948,40.554896],[-106.707572,40.554206],[-106.707852,40.554039],[-106.708918,40.553258],[-106.709852,40.552802],[-106.710817,40.552212],[-106.711424,40.551941],[-106.712235,40.551767],[-106.714154,40.551532],[-106.715179,40.551453],[-106.715746,40.551445],[-106.717118,40.551524],[-106.717309,40.551602],[-106.717447,40.551942],[-106.717744,40.55292],[-106.72389,40.571079],[-106.725355,40.57521],[-106.72697,40.580149],[-106.727935,40.58045],[-106.72808,40.580565],[-106.728738,40.580897],[-106.729662,40.581424],[-106.730044,40.58158],[-106.731246,40.581914],[-106.73247,40.582202],[-106.733294,40.582532],[-106.733653,40.582715],[-106.733963,40.582819],[-106.734597,40.583124],[-106.734894,40.583183],[-106.735518,40.583102],[-106.735731,40.583126],[-106.735887,40.583213],[-106.736121,40.583561],[-106.736449,40.583898],[-106.737274,40.5843],[-106.737797,40.584419],[-106.738044,40.584379],[-106.738474,40.584102],[-106.738807,40.583719],[-106.739029,40.583625],[-106.739183,40.583623],[-106.740597,40.583953],[-106.741012,40.583983],[-106.741679,40.584198],[-106.742372,40.584494],[-106.744003,40.585424],[-106.744289,40.585501],[-106.744526,40.585533],[-106.745164,40.585542],[-106.74565,40.585606],[-106.746482,40.585801],[-106.747122,40.585854],[-106.747617,40.585811],[-106.748111,40.585722],[-106.748463,40.585618],[-106.749011,40.585357],[-106.749445,40.585242],[-106.749858,40.585209],[-106.75026,40.585221],[-106.751033,40.585417],[-106.751453,40.585645],[-106.752021,40.586122],[-106.752773,40.586417],[-106.753343,40.586535],[-106.753568,40.586549],[-106.753991,40.586462],[-106.754386,40.586222],[-106.754938,40.585637],[-106.755566,40.585222],[-106.756174,40.584987],[-106.75737,40.584645],[-106.758041,40.584553],[-106.758774,40.584542],[-106.759103,40.584501],[-106.759943,40.584542],[-106.760217,40.584601],[-106.760455,40.584679],[-106.761281,40.585108],[-106.761474,40.585249],[-106.761621,40.585427],[-106.761765,40.585533],[-106.762158,40.586085],[-106.762247,40.586318],[-106.762457,40.586693],[-106.762509,40.586872],[-106.762621,40.58706],[-106.762851,40.587273],[-106.763019,40.587369],[-106.763828,40.587582],[-106.764644,40.587624],[-106.765037,40.587726],[-106.765469,40.587971],[-106.765922,40.588145],[-106.766462,40.588452],[-106.766904,40.588625],[-106.767368,40.588762],[-106.767974,40.588888],[-106.769315,40.589111],[-106.77014,40.589458],[-106.77114,40.589731],[-106.771756,40.58983],[-106.772733,40.590112],[-106.774652,40.590272],[-106.774946,40.590249],[-106.776516,40.590621],[-106.776874,40.590742],[-106.777925,40.591185],[-106.778166,40.591344],[-106.778609,40.591553],[-106.779216,40.591733],[-106.779789,40.591949],[-106.780269,40.592221],[-106.780631,40.592504],[-106.781762,40.592847],[-106.78226,40.592893],[-106.783732,40.59315],[-106.784802,40.593385],[-106.785951,40.593494],[-106.786163,40.593445],[-106.786511,40.593233],[-106.786637,40.593069],[-106.786801,40.592571],[-106.786916,40.592434],[-106.787496,40.592037],[-106.788374,40.591745],[-106.789034,40.59168],[-106.789554,40.591681],[-106.789733,40.591751],[-106.789878,40.591847],[-106.790074,40.592106],[-106.790098,40.592592],[-106.790162,40.592762],[-106.790564,40.593206],[-106.791263,40.593709],[-106.791571,40.594199],[-106.791717,40.594341],[-106.791873,40.594429],[-106.792064,40.594507],[-106.792574,40.594562],[-106.793164,40.594553],[-106.793961,40.594757],[-106.794656,40.595079],[-106.795426,40.595184],[-106.796223,40.59537],[-106.797344,40.595749],[-106.798674,40.595972],[-106.79897,40.595994],[-106.799278,40.596052],[-106.79953,40.596165],[-106.799885,40.596205],[-106.800796,40.596659],[-106.801193,40.596923],[-106.801362,40.597074],[-106.801886,40.597642],[-106.802042,40.59773],[-106.802339,40.597815],[-106.803579,40.597751],[-106.804596,40.597798],[-106.805776,40.597734],[-106.806436,40.597643],[-106.806623,40.597568],[-106.806738,40.597476],[-106.807138,40.596965],[-106.807266,40.596882],[-106.808237,40.596525],[-106.809353,40.596273],[-106.80989,40.596021],[-106.810225,40.595737],[-106.810454,40.595454],[-106.81088,40.595051],[-106.811531,40.594645],[-106.812,40.594511],[-106.812484,40.594503],[-106.813355,40.594814],[-106.813902,40.594923],[-106.814765,40.594945],[-106.81539,40.594899],[-106.816158,40.594896],[-106.817254,40.594762],[-106.817549,40.594757],[-106.818213,40.594828],[-106.820195,40.595157],[-106.82147,40.595524],[-106.822146,40.595639],[-106.823147,40.595939],[-106.823828,40.596216],[-106.825252,40.59687],[-106.828097,40.598041],[-106.831065,40.598976],[-106.832418,40.599179],[-106.833186,40.599167],[-106.833916,40.599083],[-106.834878,40.598825],[-106.835133,40.59865],[-106.835461,40.598527],[-106.835787,40.598342],[-106.836232,40.5982],[-106.844843,40.601486],[-106.846973,40.606298],[-106.846507,40.606558],[-106.846164,40.606969],[-106.845882,40.607459],[-106.845721,40.607633],[-106.845258,40.607974],[-106.844982,40.608276],[-106.844703,40.608875],[-106.84433,40.609502],[-106.844075,40.610092],[-106.84374,40.610376],[-106.843401,40.610517],[-106.843098,40.610693],[-106.84279,40.611094],[-106.842678,40.611312],[-106.842548,40.611729],[-106.842548,40.612188],[-106.842464,40.612568],[-106.842341,40.612804],[-106.842033,40.613205],[-106.84186,40.613397],[-106.841173,40.613741],[-106.840915,40.613818],[-106.84067,40.613965],[-106.840223,40.614468],[-106.840147,40.614722],[-106.840024,40.614949],[-106.839949,40.615247],[-106.839892,40.615752],[-106.840042,40.616912],[-106.840035,40.617101],[-106.839926,40.617436],[-106.839419,40.618327],[-106.839183,40.619214],[-106.839013,40.620343],[-106.838832,40.620643],[-106.838695,40.620807],[-106.838105,40.621276],[-106.837335,40.621667],[-106.836319,40.622106],[-106.836041,40.622318],[-106.835784,40.622439],[-106.835681,40.622558],[-106.835626,40.622703],[-106.835377,40.623121],[-106.835079,40.623477],[-106.834285,40.624273],[-106.834183,40.624428],[-106.833995,40.624882],[-106.833543,40.625222],[-106.833208,40.625525],[-106.833025,40.625735],[-106.832899,40.625899],[-106.832845,40.626512],[-106.832744,40.627135],[-106.83261,40.627435],[-106.831827,40.628636],[-106.831371,40.629697],[-106.824904,40.629692],[-106.824614,40.629922],[-106.823885,40.630041],[-106.823709,40.630107],[-106.823479,40.630354],[-106.823247,40.630511],[-106.822833,40.630508],[-106.822621,40.630548],[-106.822133,40.630853],[-106.821856,40.6311],[-106.821444,40.631611],[-106.821224,40.631786],[-106.821072,40.631833],[-106.820706,40.631848],[-106.820507,40.631941],[-106.820252,40.632116],[-106.819593,40.632235],[-106.819164,40.632539],[-106.818964,40.632596],[-106.818572,40.632936],[-106.818165,40.633221],[-106.818102,40.63351],[-106.818169,40.63423],[-106.81827,40.634454],[-106.818486,40.634594],[-106.818707,40.63487],[-106.818737,40.635104],[-106.818868,40.63557],[-106.819079,40.635945],[-106.819408,40.63631],[-106.819576,40.636397],[-106.819946,40.636517],[-106.820138,40.636622],[-106.820295,40.636755],[-106.820311,40.636917],[-106.820439,40.637275],[-106.820442,40.637392],[-106.820131,40.638118],[-106.819936,40.638337],[-106.819731,40.638638],[-106.819467,40.638903],[-106.819003,40.639262],[-106.818716,40.639581],[-106.818581,40.639845],[-106.818385,40.640451],[-106.818113,40.640888],[-106.817812,40.641127],[-106.817707,40.641174],[-106.817471,40.641186],[-106.817201,40.641272],[-106.817038,40.641355],[-106.816771,40.641558],[-106.816611,40.64174],[-106.816419,40.642095],[-106.816236,40.642323],[-106.815752,40.64279],[-106.814294,40.643515],[-106.814131,40.643635],[-106.814029,40.643772],[-106.81389,40.643882],[-106.812744,40.643936],[-106.812544,40.643984],[-106.812242,40.644196],[-106.811773,40.644312],[-106.811597,40.644387],[-106.811424,40.644524],[-106.811345,40.644679],[-106.811009,40.644936],[-106.810799,40.645039],[-106.826022,40.647762],[-106.825287,40.648116],[-106.82317,40.648997],[-106.822974,40.649153],[-106.82286,40.649317],[-106.822783,40.649543],[-106.822621,40.650537],[-106.822508,40.650746],[-106.82213,40.651193],[-106.821655,40.651561],[-106.820592,40.652028],[-106.820432,40.652247],[-106.820327,40.652744],[-106.820216,40.652998],[-106.820009,40.653226],[-106.819589,40.653431],[-106.818769,40.653714],[-106.818322,40.653811],[-106.81772,40.653848],[-106.81686,40.653979],[-106.816616,40.654162],[-106.816445,40.65439],[-106.816325,40.655194],[-106.816202,40.655448],[-106.815823,40.655868],[-106.814759,40.656768],[-106.814431,40.657305],[-106.814323,40.657703],[-106.814338,40.657829],[-106.81445,40.658025],[-106.814966,40.658738],[-106.815167,40.659149],[-106.815258,40.659481],[-106.815267,40.659787],[-106.815127,40.660311],[-106.814809,40.660803],[-106.814385,40.661296],[-106.814227,40.661587],[-106.81433,40.662783],[-106.814385,40.663044],[-106.814315,40.66354],[-106.813909,40.664709],[-106.813739,40.664963],[-106.813382,40.66532],[-106.813138,40.665486],[-106.812927,40.665571],[-106.812328,40.665715],[-106.81149,40.665809],[-106.811112,40.665833],[-106.810697,40.665768],[-106.810326,40.665639],[-106.80903,40.66538],[-106.808627,40.665368],[-106.807946,40.66555],[-106.807362,40.66582],[-106.806931,40.66607],[-106.806618,40.666309],[-106.806366,40.666619],[-106.806197,40.666937],[-106.806121,40.667182],[-106.806072,40.667538],[-106.794956,40.667546],[-106.794949,40.674786],[-106.805988,40.674774],[-106.803855,40.680982],[-106.797422,40.700089],[-106.797169,40.700381],[-106.796483,40.700815],[-106.796072,40.700939],[-106.795636,40.701017],[-106.795093,40.701062],[-106.794464,40.701018],[-106.793264,40.700847],[-106.791952,40.700895],[-106.791162,40.701006],[-106.790754,40.701265],[-106.790403,40.701405],[-106.790013,40.701429],[-106.789834,40.701396],[-106.789428,40.70124],[-106.788456,40.70076],[-106.787523,40.700396],[-106.786528,40.700357],[-106.785677,40.700397],[-106.784724,40.700601],[-106.783951,40.700902],[-106.783542,40.701115],[-106.783299,40.701308],[-106.783057,40.701573],[-106.782901,40.701927],[-106.78249,40.7025],[-106.782191,40.702847],[-106.781924,40.703023],[-106.781704,40.703224],[-106.781213,40.70388],[-106.780595,40.705124],[-106.780321,40.705498],[-106.779802,40.706001],[-106.779169,40.706686],[-106.778905,40.707015],[-106.778759,40.707296],[-106.77882,40.707385],[-106.779084,40.707507],[-106.779267,40.70773],[-106.779274,40.707973],[-106.779103,40.708228],[-106.778694,40.708405],[-106.778579,40.70856],[-106.778537,40.708768],[-106.778673,40.708955],[-106.779059,40.709237],[-106.779479,40.709465],[-106.78063,40.709988],[-106.78099,40.710189],[-106.781149,40.710358],[-106.781188,40.710511],[-106.78117,40.710727],[-106.780971,40.711262],[-106.780753,40.711508],[-106.780631,40.711826],[-106.780661,40.712068],[-106.781014,40.712414],[-106.781289,40.712536],[-106.781729,40.712601],[-106.782284,40.71298],[-106.782564,40.713291],[-106.782763,40.713621],[-106.782826,40.713791],[-106.782712,40.714397],[-106.782696,40.714658],[-106.78274,40.715],[-106.782951,40.715366],[-106.783296,40.715856],[-106.783993,40.716701],[-106.78399,40.717043],[-106.783854,40.717253],[-106.783508,40.717618],[-106.783115,40.717967],[-106.78295,40.718447],[-106.783202,40.719875],[-106.783208,40.720127],[-106.783297,40.720333],[-106.784742,40.722139],[-106.785279,40.722752],[-106.785642,40.723026],[-106.785873,40.723266],[-106.786243,40.723801],[-106.786559,40.724129],[-106.787695,40.724994],[-106.788377,40.725254],[-106.788966,40.725127],[-106.789522,40.72511],[-106.789986,40.725184],[-106.789966,40.725319],[-106.789714,40.72608],[-106.789708,40.726728],[-106.789619,40.726955],[-106.789353,40.727184],[-106.787419,40.728367],[-106.787402,40.728638],[-106.787475,40.729159],[-106.788078,40.729997],[-106.788676,40.730691],[-106.788676,40.730727],[-106.787428,40.730466],[-106.787108,40.730462],[-106.786742,40.730531],[-106.786073,40.73073],[-106.785048,40.730935],[-106.784527,40.730943],[-106.78417,40.730886],[-106.783875,40.730908],[-106.783018,40.731192],[-106.782097,40.731278],[-106.78171,40.731437],[-106.78053,40.732014],[-106.78014,40.732065],[-106.77974,40.732161],[-106.779531,40.732318],[-106.77854,40.732882],[-106.77827,40.733004],[-106.777776,40.733128],[-106.777338,40.733135],[-106.776914,40.733214],[-106.776034,40.733534],[-106.774942,40.733866],[-106.774021,40.734393],[-106.773715,40.734479],[-106.773432,40.73451],[-106.773208,40.734586],[-106.772883,40.734825],[-106.772148,40.735215],[-106.771807,40.735319],[-106.771221,40.735571],[-106.77069,40.736066],[-106.769655,40.736784],[-106.768367,40.737804],[-106.768129,40.738177],[-106.767876,40.738478],[-106.767044,40.739248],[-106.766588,40.739507],[-106.766253,40.739791],[-106.765648,40.740197],[-106.76522,40.740618],[-106.764976,40.740766],[-106.764669,40.740824],[-106.763611,40.740687],[-106.763604,40.740841],[-106.763878,40.740918],[-106.764301,40.741695],[-106.764392,40.74245],[-106.764528,40.742655],[-106.764629,40.742906],[-106.764612,40.743149],[-106.764392,40.743792],[-106.76434,40.744505],[-106.764206,40.744804],[-106.764012,40.745095],[-106.763901,40.745385],[-106.76386,40.746052],[-106.76332,40.746682],[-106.763226,40.74717],[-106.763162,40.748351],[-106.762799,40.749401],[-106.762527,40.74998],[-106.762059,40.750512],[-106.7619,40.750784],[-106.761705,40.751022],[-106.761147,40.751877],[-106.760929,40.752159],[-106.759604,40.753558],[-106.759492,40.753794],[-106.759528,40.75428],[-106.759475,40.754524],[-106.759362,40.754715],[-106.759072,40.754926],[-106.758831,40.755227],[-106.75881,40.755345],[-106.75873,40.755472],[-106.758637,40.755518],[-106.758518,40.755511],[-106.758446,40.755467],[-106.758262,40.755218],[-106.758129,40.755112],[-106.757925,40.755016],[-106.758008,40.755483],[-106.757968,40.755736],[-106.757913,40.755899],[-106.757786,40.756063],[-106.757671,40.756155],[-106.757116,40.756235],[-106.756916,40.756301],[-106.75652,40.756551],[-106.756343,40.756589],[-106.75571,40.756392],[-106.755415,40.756414],[-106.75509,40.75668],[-106.754717,40.757371],[-106.754535,40.757635],[-106.754211,40.757937],[-106.753805,40.758249],[-106.753396,40.758499],[-106.75322,40.758555],[-106.752818,40.758589],[-106.752075,40.759149],[-106.751369,40.759331],[-106.750599,40.759249],[-106.750018,40.759316],[-106.749819,40.759409],[-106.74968,40.759537],[-106.749515,40.760035],[-106.749734,40.760689],[-106.749763,40.760905],[-106.749731,40.761041],[-106.749594,40.761205],[-106.749097,40.761239],[-106.748737,40.761074],[-106.748434,40.76079],[-106.748084,40.760111],[-106.747852,40.759844],[-106.74761,40.75965],[-106.747131,40.759459],[-106.746264,40.759364],[-106.745801,40.759353],[-106.744541,40.759192],[-106.743051,40.758836],[-106.742657,40.758707],[-106.742312,40.758658],[-106.740813,40.758879],[-106.740104,40.758916],[-106.739818,40.758866],[-106.738731,40.758541],[-106.73773,40.758303],[-106.737478,40.758181],[-106.737194,40.758185],[-106.73706,40.75823],[-106.736585,40.757996],[-106.736463,40.757872],[-106.736356,40.757405],[-106.736234,40.757272],[-106.735944,40.757051],[-106.735958,40.756664],[-106.735931,40.756529],[-106.735433,40.756086],[-106.735414,40.755807],[-106.735364,40.755709],[-106.735304,40.755674],[-106.735201,40.755333],[-106.734942,40.754967],[-106.734924,40.754724],[-106.734498,40.754289],[-106.734147,40.753997],[-106.734153,40.753772],[-106.73409,40.753611],[-106.733634,40.753402],[-106.733584,40.753276],[-106.733605,40.753186],[-106.73379,40.753003],[-106.733787,40.752904],[-106.733651,40.752699],[-106.733543,40.752619],[-106.733262,40.752308],[-106.733235,40.752173],[-106.733302,40.75201],[-106.733298,40.751848],[-106.733249,40.751795],[-106.732951,40.751718],[-106.717473,40.757859],[-106.716718,40.757978],[-106.711097,40.75917],[-106.710814,40.759201],[-106.710774,40.759481],[-106.710547,40.763115],[-106.705014,40.764016],[-106.70704,40.768661],[-106.707119,40.768966],[-106.707644,40.777931],[-106.707726,40.77974],[-106.707534,40.781499],[-106.70644,40.789755],[-106.70339,40.791866],[-106.705828,40.797721],[-106.706591,40.798367],[-106.708339,40.799972],[-106.710236,40.801817],[-106.712299,40.803678],[-106.712654,40.804106],[-106.712744,40.804384],[-106.712775,40.80468],[-106.712841,40.804932],[-106.713102,40.805423],[-106.713349,40.805807],[-106.713631,40.806163],[-106.713943,40.80632],[-106.714733,40.807056],[-106.71497,40.80753],[-106.715073,40.807817],[-106.715167,40.808257],[-106.715228,40.808769],[-106.715202,40.810067],[-106.715308,40.810525],[-106.71556,40.811098],[-106.715794,40.811869],[-106.715853,40.812327],[-106.715906,40.814389],[-106.715857,40.814777],[-106.715759,40.815139],[-106.715484,40.815954],[-106.715488,40.816134],[-106.715701,40.816563],[-106.71606,40.817594],[-106.716155,40.818061],[-106.716212,40.818925],[-106.716078,40.819251],[-106.71603,40.819684],[-106.716041,40.820098],[-106.716097,40.820449],[-106.71611,40.821404],[-106.716084,40.821755],[-106.715833,40.822597],[-106.71577,40.822931],[-106.715766,40.823706],[-106.715833,40.824002],[-106.716384,40.825588],[-106.716519,40.826226],[-106.716607,40.826431],[-106.716764,40.826546],[-106.718265,40.827254],[-106.718647,40.827329],[-106.720912,40.827331],[-106.721814,40.827381],[-106.722314,40.827454],[-106.723546,40.827877],[-106.727818,40.829777],[-106.728272,40.829923],[-106.729191,40.830144],[-106.731035,40.83036],[-106.73188,40.8305],[-106.732646,40.830741],[-106.748911,40.842719],[-106.751908,40.844826],[-106.754679,40.846883],[-106.754709,40.847108],[-106.754846,40.847349],[-106.754848,40.847448],[-106.754629,40.847685],[-106.754116,40.848027],[-106.753966,40.8482],[-106.753855,40.848454],[-106.753846,40.848589],[-106.753759,40.84887],[-106.753679,40.849006],[-106.753435,40.849199],[-106.753286,40.84939],[-106.75339,40.84974],[-106.753381,40.849839],[-106.753183,40.849977],[-106.753138,40.850059],[-106.753226,40.850256],[-106.753216,40.850346],[-106.753087,40.850402],[-106.752743,40.850389],[-106.752602,40.850455],[-106.752498,40.850564],[-106.75234,40.850864],[-106.752177,40.850966],[-106.751883,40.851069],[-106.751755,40.85117],[-106.751516,40.851534],[-106.751094,40.851739],[-106.75099,40.85183],[-106.750909,40.851922],[-106.750883,40.852291],[-106.750828,40.852463],[-106.750598,40.852677],[-106.750448,40.852874],[-106.75032,40.852984],[-106.749781,40.853227],[-106.749641,40.853328],[-106.749607,40.85341],[-106.749623,40.853544],[-106.74952,40.853699],[-106.749266,40.853964],[-106.748995,40.854031],[-106.748772,40.854134],[-106.7486,40.854335],[-106.748249,40.854529],[-106.748216,40.854629],[-106.747912,40.854822],[-106.747904,40.854931],[-106.74794,40.854975],[-106.748167,40.855035],[-106.748162,40.855287],[-106.748036,40.855451],[-106.748039,40.855559],[-106.747962,40.855804],[-106.747752,40.855951],[-106.747673,40.856078],[-106.747475,40.856243],[-106.747346,40.856299],[-106.747016,40.856367],[-106.746755,40.85638],[-106.745577,40.858047],[-106.744356,40.859912],[-106.739,40.867857],[-106.739823,40.867583],[-106.740527,40.867293],[-106.741305,40.867101],[-106.741721,40.867095],[-106.742901,40.867302],[-106.743696,40.867308],[-106.744204,40.867237],[-106.745207,40.867015],[-106.745807,40.866826],[-106.746467,40.866663],[-106.746999,40.866565],[-106.747917,40.86628],[-106.748552,40.866046],[-106.74894,40.865941],[-106.74946,40.865852],[-106.750325,40.865803],[-106.750598,40.865848],[-106.751234,40.866068],[-106.751805,40.86614],[-106.752657,40.866055],[-106.754188,40.866068],[-106.754461,40.866046],[-106.754908,40.865922],[-106.755625,40.86565],[-106.756452,40.865502],[-106.756629,40.865481],[-106.756867,40.865505],[-106.77148,40.871551],[-106.77181,40.874982],[-106.771925,40.876651],[-106.772587,40.882786],[-106.772842,40.885693],[-106.772728,40.886298],[-106.772609,40.886715],[-106.772349,40.888098],[-106.770554,40.896037],[-106.770477,40.896264],[-106.770283,40.896642],[-106.77024,40.896876],[-106.770071,40.896997],[-106.769308,40.897335],[-106.768663,40.89769],[-106.767942,40.898181],[-106.76754,40.898641],[-106.76753,40.899108],[-106.76771,40.89939],[-106.767689,40.899721],[-106.767742,40.902163],[-106.767933,40.902453],[-106.768262,40.902719],[-106.768558,40.903179],[-106.768686,40.903598],[-106.769004,40.904138],[-106.769311,40.904259],[-106.769999,40.904364],[-106.771175,40.904284],[-106.771535,40.904421],[-106.772531,40.905026],[-106.773156,40.905284],[-106.773792,40.905405],[-106.774798,40.905509],[-106.775413,40.90563],[-106.776366,40.905743],[-106.777002,40.905623],[-106.777415,40.905494],[-106.777807,40.905437],[-106.778061,40.905566],[-106.778273,40.905961],[-106.778676,40.906429],[-106.779375,40.906638],[-106.779862,40.906727],[-106.780413,40.906921],[-106.780911,40.907042],[-106.781271,40.906969],[-106.782066,40.906735],[-106.783146,40.906131],[-106.784131,40.905446],[-106.784883,40.904801],[-106.78519,40.904438],[-106.785508,40.903954],[-106.785836,40.9036],[-106.786175,40.903492],[-106.786535,40.903173],[-106.786979,40.902907],[-106.787488,40.902874],[-106.788039,40.902907],[-106.788589,40.902842],[-106.788833,40.902528],[-106.78879,40.902092],[-106.788536,40.901746],[-106.787698,40.901141],[-106.787508,40.900771],[-106.787613,40.900601],[-106.787889,40.900561],[-106.78881,40.900714],[-106.789499,40.900779],[-106.790251,40.900625],[-106.790621,40.900416],[-106.79077,40.900174],[-106.791384,40.899981],[-106.792009,40.899956],[-106.792443,40.900198],[-106.793365,40.900811],[-106.793778,40.900835],[-106.794096,40.900738],[-106.794255,40.900561],[-106.794603,40.899593],[-106.794857,40.899021],[-106.794804,40.898699],[-106.794888,40.8984],[-106.795365,40.897917],[-106.797821,40.896466],[-106.7987,40.896224],[-106.799282,40.896248],[-106.799843,40.896046],[-106.800638,40.895901],[-106.80104,40.896135],[-106.801507,40.896514],[-106.802068,40.896909],[-106.802598,40.89707],[-106.803159,40.896981],[-106.803678,40.896997],[-106.804303,40.897126],[-106.804896,40.897311],[-106.805426,40.897666],[-106.806009,40.897996],[-106.806157,40.898288],[-106.806637,40.898884],[-106.80691,40.89933],[-106.807011,40.899563],[-106.807008,40.899896],[-106.806832,40.900385],[-106.806422,40.901022],[-106.806191,40.90126],[-106.806129,40.90168],[-106.805631,40.901745],[-106.805345,40.901978],[-106.805378,40.902333],[-106.805621,40.902728],[-106.805929,40.903034],[-106.806056,40.903478],[-106.805951,40.903873],[-106.805951,40.904453],[-106.805973,40.905227],[-106.806059,40.905976],[-106.806335,40.906645],[-106.807204,40.907363],[-106.807649,40.907935],[-106.808158,40.908281],[-106.808455,40.908547],[-106.808625,40.908983],[-106.808678,40.909386],[-106.809516,40.91078],[-106.809835,40.911401],[-106.810419,40.91323],[-106.81059,40.914173],[-106.810887,40.914995],[-106.811312,40.915954],[-106.811895,40.916453],[-106.813008,40.916816],[-106.813697,40.916977],[-106.81445,40.917218],[-106.815298,40.917339],[-106.815955,40.917508],[-106.816622,40.917693],[-106.817799,40.918112],[-106.818318,40.91812],[-106.81871,40.91833],[-106.819007,40.918636],[-106.818711,40.919112],[-106.818521,40.919353],[-106.818257,40.920256],[-106.818374,40.920949],[-106.818597,40.921554],[-106.818598,40.922134],[-106.818747,40.922545],[-106.81899,40.922731],[-106.819361,40.923327],[-106.819726,40.923386],[-106.821091,40.923797],[-106.821535,40.923979],[-106.821954,40.924081],[-106.822363,40.924281],[-106.823188,40.924476],[-106.823667,40.924639],[-106.824684,40.92492],[-106.825616,40.925113],[-106.826544,40.925161],[-106.828269,40.924836],[-106.829365,40.924259],[-106.831208,40.92392],[-106.83301,40.923919],[-106.833338,40.92408],[-106.833847,40.924209],[-106.835044,40.924176],[-106.835478,40.923958],[-106.836093,40.923797],[-106.836771,40.923676],[-106.837184,40.923659],[-106.837778,40.924102],[-106.83817,40.924255],[-106.838721,40.924376],[-106.839505,40.924497],[-106.840555,40.92473],[-106.841678,40.924818],[-106.843268,40.924825],[-106.84383,40.92489],[-106.84471,40.925091],[-106.84561,40.925058],[-106.846436,40.9248],[-106.848459,40.924291],[-106.849243,40.924226],[-106.850006,40.924201],[-106.85131,40.924587],[-106.851872,40.924877],[-106.852349,40.925183],[-106.852371,40.925481],[-106.852138,40.925506],[-106.851502,40.925305],[-106.851131,40.925273],[-106.850633,40.925297],[-106.849998,40.925451],[-106.84877,40.926306],[-106.848696,40.926725],[-106.848909,40.926999],[-106.849269,40.927047],[-106.849693,40.927297],[-106.850096,40.927707],[-106.850341,40.92807],[-106.850797,40.928537],[-106.852038,40.929181],[-106.852388,40.929729],[-106.852347,40.930092],[-106.852347,40.930584],[-106.852285,40.931067],[-106.852126,40.931334],[-106.852085,40.932293],[-106.8518,40.932833],[-106.851769,40.933155],[-106.851896,40.93355],[-106.852247,40.933792],[-106.852649,40.93388],[-106.853498,40.93417],[-106.854261,40.934484],[-106.854727,40.9345],[-106.855215,40.934661],[-106.855554,40.934644],[-106.856116,40.934975],[-106.856234,40.93549],[-106.856235,40.936143],[-106.855887,40.936982],[-106.856014,40.937328],[-106.856449,40.937586],[-106.857032,40.937707],[-106.857827,40.937803],[-106.859376,40.938423],[-106.859705,40.93864],[-106.859915,40.938963],[-106.860617,40.93951],[-106.861042,40.940025],[-106.861488,40.940323],[-106.862104,40.940928],[-106.862026,40.941113]]]}},{"id":"11","type":"Feature","properties":{"leisure":"park","sport":null,"base_elevation":99},"geometry":{"type":"Polygon","coordinates":[[[-106.827856,40.460632],[-106.827852,40.460431],[-106.828387,40.460458],[-106.82861,40.460548],[-106.828973,40.460789],[-106.829023,40.460953],[-106.82903,40.46111],[-106.828841,40.461642],[-106.828901,40.462051],[-106.829028,40.46242],[-106.829081,40.462698],[-106.829078,40.462928],[-106.829004,40.463222],[-106.829042,40.463428],[-106.829107,40.463671],[-106.829239,40.463971],[-106.829688,40.464491],[-106.829878,40.464826],[-106.82994,40.465003],[-106.829957,40.465237],[-106.828069,40.465182],[-106.828103,40.462232],[-106.827856,40.460632]]]}},{"id":"12","type":"Feature","properties":{"leisure":"park","sport":null,"base_elevation":94},"geometry":{"type":"Polygon","coordinates":[[[-106.831485,40.471452],[-106.831608,40.47167],[-106.831662,40.471851],[-106.831673,40.47208],[-106.831395,40.473049],[-106.830654,40.473273],[-106.830492,40.473394],[-106.830427,40.473495],[-106.830248,40.473606],[-106.829715,40.47361],[-106.829058,40.473454],[-106.829069,40.472641],[-106.828116,40.472635],[-106.828112,40.470375],[-106.828045,40.468849],[-106.829053,40.468878],[-106.829051,40.468727],[-106.82952,40.468739],[-106.829431,40.468984],[-106.829379,40.469501],[-106.82942,40.470392],[-106.829546,40.470509],[-106.830155,40.47087],[-106.830646,40.471036],[-106.831485,40.471452]]]}},{"id":"13","type":"Feature","properties":{"leisure":"park","sport":null,"base_elevation":87},"geometry":{"type":"Polygon","coordinates":[[[-106.833916,40.484045],[-106.833746,40.484231],[-106.832515,40.483528],[-106.832674,40.483442],[-106.833916,40.484045]]]}},{"id":"14","type":"Feature","properties":{"leisure":"park","sport":null,"base_elevation":103},"geometry":{"type":"Polygon","coordinates":[[[-106.827382,40.483341],[-106.826654,40.483997],[-106.826941,40.484159],[-106.825942,40.485168],[-106.824859,40.48529],[-106.824939,40.48409],[-106.825015,40.483821],[-106.827083,40.483167],[-106.827382,40.483341]]]}},{"id":"15","type":"Feature","properties":{"leisure":"park","sport":null,"base_elevation":89},"geometry":{"type":"Polygon","coordinates":[[[-106.83399,40.484901],[-106.833916,40.484957],[-106.833537,40.484734],[-106.833714,40.484599],[-106.833874,40.484669],[-106.833955,40.484785],[-106.83399,40.484901]]]}},{"id":"16","type":"Feature","properties":{"leisure":"park","sport":null,"base_elevation":83},"geometry":{"type":"Polygon","coordinates":[[[-106.839191,40.488471],[-106.83989,40.48781],[-106.840243,40.488094],[-106.840374,40.488236],[-106.840484,40.488436],[-106.839382,40.48851],[-106.839328,40.488541],[-106.839191,40.488471]]]}},{"id":"17","type":"Feature","properties":{"leisure":"park","sport":null,"base_elevation":99},"geometry":{"type":"Polygon","coordinates":[[[-106.835507,40.490421],[-106.836184,40.489759],[-106.837331,40.490477],[-106.837287,40.490526],[-106.835583,40.4905],[-106.835505,40.49046],[-106.835507,40.490421]]]}},{"id":"18","type":"Feature","properties":{"leisure":"park","sport":null,"base_elevation":83},"geometry":{"type":"Polygon","coordinates":[[[-106.841531,40.489284],[-106.841981,40.489639],[-106.843145,40.490296],[-106.843295,40.49145],[-106.842673,40.491213],[-106.842084,40.49092],[-106.841612,40.490545],[-106.840711,40.489692],[-106.840635,40.489578],[-106.840736,40.489467],[-106.841531,40.489284]]]}},{"id":"19","type":"Feature","properties":{"leisure":"park","sport":null,"base_elevation":92},"geometry":{"type":"Polygon","coordinates":[[[-106.865648,40.506303],[-106.864317,40.506289],[-106.864278,40.50626],[-106.86428,40.506074],[-106.864352,40.505838],[-106.864971,40.505193],[-106.865195,40.505454],[-106.865707,40.506237],[-106.8657,40.506278],[-106.865648,40.506303]]]}},{"id":"20","type":"Feature","properties":{"leisure":"park","sport":null,"base_elevation":78},"geometry":{"type":"Polygon","coordinates":[[[-106.900806,40.511082],[-106.900688,40.511141],[-106.900608,40.511235],[-106.900621,40.511319],[-106.900854,40.511457],[-106.900337,40.511979],[-106.899715,40.512383],[-106.899615,40.512342],[-106.899312,40.512087],[-106.898888,40.511792],[-106.899078,40.511626],[-106.899784,40.511353],[-106.900095,40.510519],[-106.900762,40.510425],[-106.900806,40.511082]]]}},{"id":"21","type":"Feature","properties":{"leisure":"park","sport":null,"base_elevation":157},"geometry":{"type":"Polygon","coordinates":[[[-106.804414,40.434225],[-106.80486,40.434417],[-106.804968,40.43454],[-106.805005,40.434633],[-106.80495,40.434813],[-106.804817,40.434858],[-106.804699,40.434854],[-106.804581,40.434825],[-106.80443,40.434703],[-106.804376,40.434625],[-106.804361,40.434531],[-106.804394,40.434262],[-106.804414,40.434225]]]}},{"id":"22","type":"Feature","properties":{"leisure":"park","sport":null,"base_elevation":107},"geometry":{"type":"Polygon","coordinates":[[[-106.809318,40.441325],[-106.809357,40.441203],[-106.809448,40.441125],[-106.809637,40.441075],[-106.809619,40.44088],[-106.809412,40.440649],[-106.809377,40.440233],[-106.810029,40.440218],[-106.810156,40.440328],[-106.810259,40.440507],[-106.810427,40.440568],[-106.810619,40.440579],[-106.810799,40.440532],[-106.811167,40.440334],[-106.811182,40.442128],[-106.809539,40.442384],[-106.809342,40.441796],[-106.809389,40.441567],[-106.809318,40.441325]]]}},{"id":"23","type":"Feature","properties":{"leisure":"park","sport":null,"base_elevation":102},"geometry":{"type":"Polygon","coordinates":[[[-106.816073,40.450961],[-106.820365,40.450936],[-106.820259,40.452343],[-106.816059,40.452404],[-106.816073,40.450961]]]}},{"id":"24","type":"Feature","properties":{"leisure":"park","sport":null,"base_elevation":103},"geometry":{"type":"Polygon","coordinates":[[[-106.813892,40.451604],[-106.814018,40.451178],[-106.814317,40.451043],[-106.814624,40.450994],[-106.815071,40.450983],[-106.815561,40.45102],[-106.815615,40.451234],[-106.815769,40.452681],[-106.814882,40.452606],[-106.814294,40.452461],[-106.813831,40.452048],[-106.813892,40.451604]]]}},{"id":"25","type":"Feature","properties":{"leisure":"park","sport":null,"base_elevation":115},"geometry":{"type":"Polygon","coordinates":[[[-106.812226,40.453746],[-106.812239,40.453717],[-106.812515,40.453724],[-106.81251,40.453954],[-106.812137,40.454411],[-106.812046,40.454399],[-106.812057,40.453764],[-106.812226,40.453746]]]}},{"id":"26","type":"Feature","properties":{"leisure":"park","sport":null,"base_elevation":107},"geometry":{"type":"Polygon","coordinates":[[[-106.814962,40.45338],[-106.815167,40.45352],[-106.815553,40.453513],[-106.815547,40.456354],[-106.81359,40.456348],[-106.813601,40.453377],[-106.814962,40.45338]]]}},{"id":"27","type":"Feature","properties":{"leisure":"park","sport":null,"base_elevation":100},"geometry":{"type":"Polygon","coordinates":[[[-106.82226,40.458168],[-106.820066,40.456704],[-106.819044,40.455975],[-106.81965,40.455502],[-106.819778,40.455516],[-106.819888,40.455482],[-106.82007,40.455515],[-106.820234,40.455504],[-106.820671,40.455389],[-106.820939,40.455284],[-106.821088,40.455184],[-106.821175,40.455049],[-106.821369,40.454972],[-106.821494,40.454985],[-106.821782,40.455095],[-106.821981,40.455206],[-106.822176,40.455476],[-106.822208,40.455707],[-106.822006,40.45597],[-106.821862,40.456045],[-106.821571,40.456434],[-106.821363,40.456645],[-106.821367,40.456787],[-106.821449,40.456946],[-106.82167,40.457218],[-106.821819,40.45735],[-106.823391,40.458197],[-106.82348,40.458201],[-106.82372,40.458111],[-106.823746,40.458726],[-106.82347,40.458775],[-106.823175,40.458895],[-106.82226,40.458168]]]}},{"id":"28","type":"Feature","properties":{"leisure":"park","sport":null,"base_elevation":163},"geometry":{"type":"Polygon","coordinates":[[[-106.821222,40.479259],[-106.82156,40.479339],[-106.821582,40.479389],[-106.821482,40.479471],[-106.821301,40.479537],[-106.821194,40.479563],[-106.821049,40.479549],[-106.820897,40.479418],[-106.820764,40.479232],[-106.820722,40.47911],[-106.820774,40.479078],[-106.821222,40.479259]]]}},{"id":"29","type":"Feature","properties":{"leisure":"park","sport":null,"base_elevation":107},"geometry":{"type":"Polygon","coordinates":[[[-106.82561,40.487964],[-106.82561,40.487884],[-106.825741,40.487884],[-106.825741,40.487965],[-106.82561,40.487964]]]}},{"id":"30","type":"Feature","properties":{"leisure":"park","sport":null,"base_elevation":137},"geometry":{"type":"Polygon","coordinates":[[[-106.81882,40.49713],[-106.818833,40.497231],[-106.818793,40.49731],[-106.818827,40.497393],[-106.818695,40.497449],[-106.818502,40.49713],[-106.818453,40.497118],[-106.818157,40.496771],[-106.818073,40.496546],[-106.818052,40.496293],[-106.818261,40.496415],[-106.818589,40.496426],[-106.818681,40.496716],[-106.818668,40.496917],[-106.81882,40.49713]]]}},{"id":"31","type":"Feature","properties":{"leisure":"pitch","sport":"tennis","base_elevation":136},"geometry":{"type":"Polygon","coordinates":[[[-106.823608,40.469279],[-106.823737,40.469269],[-106.823766,40.469483],[-106.823637,40.469493],[-106.823608,40.469279]]]}},{"id":"32","type":"Feature","properties":{"leisure":"pitch","sport":"tennis","base_elevation":96},"geometry":{"type":"Polygon","coordinates":[[[-106.828283,40.47054],[-106.829371,40.470535],[-106.829374,40.470982],[-106.828286,40.470986],[-106.828283,40.47054]]]}},{"id":"33","type":"Feature","properties":{"leisure":"pitch","sport":"tennis","base_elevation":94},"geometry":{"type":"Polygon","coordinates":[[[-106.830616,40.471104],[-106.830621,40.471944],[-106.829359,40.471949],[-106.82934,40.471757],[-106.829366,40.471649],[-106.828291,40.471653],[-106.828287,40.471128],[-106.829375,40.471124],[-106.829379,40.471601],[-106.829517,40.471377],[-106.829493,40.471377],[-106.82949,40.470907],[-106.829931,40.470905],[-106.829933,40.471125],[-106.830114,40.471078],[-106.830367,40.471066],[-106.830616,40.471104]]]}},{"id":"34","type":"Feature","properties":{"leisure":"pitch","sport":"tennis","base_elevation":94},"geometry":{"type":"Polygon","coordinates":[[[-106.831327,40.471471],[-106.831504,40.471687],[-106.831536,40.47194],[-106.830712,40.471944],[-106.830708,40.471318],[-106.831041,40.471339],[-106.831327,40.471471]]]}},{"id":"35","type":"Feature","properties":{"leisure":"pitch","sport":"tennis","base_elevation":94},"geometry":{"type":"Polygon","coordinates":[[[-106.831043,40.472602],[-106.830717,40.472636],[-106.830713,40.47203],[-106.831594,40.472027],[-106.831573,40.472152],[-106.831437,40.47238],[-106.831326,40.472474],[-106.831043,40.472602]]]}},{"id":"36","type":"Feature","properties":{"leisure":"pitch","sport":"tennis","base_elevation":94},"geometry":{"type":"Polygon","coordinates":[[[-106.829815,40.472293],[-106.829791,40.472163],[-106.829813,40.472034],[-106.830622,40.472031],[-106.830626,40.472636],[-106.830456,40.472656],[-106.830126,40.472593],[-106.829882,40.472413],[-106.829815,40.472293]]]}},{"id":"37","type":"Feature","properties":{"leisure":"pitch","sport":"tennis","base_elevation":88},"geometry":{"type":"Polygon","coordinates":[[[-106.835429,40.482396],[-106.835443,40.482434],[-106.835225,40.482699],[-106.83454,40.482402],[-106.834499,40.482325],[-106.834537,40.482269],[-106.834191,40.482118],[-106.834097,40.482182],[-106.833939,40.482194],[-106.833826,40.482183],[-106.833543,40.48208],[-106.833345,40.481909],[-106.833302,40.481813],[-106.833444,40.481619],[-106.833646,40.481609],[-106.834282,40.481883],[-106.834306,40.481955],[-106.834226,40.482075],[-106.834569,40.482229],[-106.834701,40.482063],[-106.835429,40.482396]]]}},{"id":"38","type":"Feature","properties":{"leisure":"pitch","sport":"tennis","base_elevation":89},"geometry":{"type":"Polygon","coordinates":[[[-106.836863,40.482569],[-106.836986,40.482549],[-106.837757,40.482817],[-106.837775,40.482906],[-106.83722,40.48361],[-106.836813,40.483395],[-106.836553,40.483146],[-106.836525,40.483046],[-106.836553,40.482933],[-106.836863,40.482569]]]}},{"id":"39","type":"Feature","properties":{"leisure":"pitch","sport":"tennis","base_elevation":95},"geometry":{"type":"Polygon","coordinates":[[[-106.839107,40.483457],[-106.840058,40.482663],[-106.84012,40.482699],[-106.839744,40.483082],[-106.83923,40.483536],[-106.839107,40.483457]]]}},{"id":"40","type":"Feature","properties":{"leisure":"pitch","sport":"tennis","base_elevation":95},"geometry":{"type":"Polygon","coordinates":[[[-106.839277,40.483523],[-106.839941,40.483016],[-106.839998,40.483055],[-106.839366,40.483586],[-106.839277,40.483523]]]}},{"id":"41","type":"Feature","properties":{"leisure":"pitch","sport":"tennis","base_elevation":87},"geometry":{"type":"Polygon","coordinates":[[[-106.836358,40.483272],[-106.836665,40.483499],[-106.836469,40.483653],[-106.836161,40.483426],[-106.836358,40.483272]]]}},{"id":"42","type":"Feature","properties":{"leisure":"pitch","sport":"tennis","base_elevation":87},"geometry":{"type":"Polygon","coordinates":[[[-106.836084,40.483532],[-106.836261,40.4837],[-106.836161,40.483762],[-106.835983,40.483594],[-106.836084,40.483532]]]}},{"id":"43","type":"Feature","properties":{"leisure":"pitch","sport":"tennis","base_elevation":87},"geometry":{"type":"Polygon","coordinates":[[[-106.835838,40.483683],[-106.835939,40.483621],[-106.836117,40.483789],[-106.836015,40.483851],[-106.835838,40.483683]]]}},{"id":"44","type":"Feature","properties":{"leisure":"pitch","sport":"tennis","base_elevation":86},"geometry":{"type":"Polygon","coordinates":[[[-106.836998,40.484451],[-106.836917,40.484461],[-106.836084,40.48402],[-106.836529,40.483681],[-106.836663,40.483617],[-106.837012,40.483625],[-106.83753,40.483838],[-106.836998,40.484451]]]}},{"id":"45","type":"Feature","properties":{"leisure":"pitch","sport":"tennis","base_elevation":105},"geometry":{"type":"Polygon","coordinates":[[[-106.825014,40.485147],[-106.824887,40.485019],[-106.82492,40.484924],[-106.825026,40.484956],[-106.825148,40.484651],[-106.825317,40.484586],[-106.825377,40.484679],[-106.825452,40.484631],[-106.825465,40.484547],[-106.825602,40.484509],[-106.825678,40.484601],[-106.825761,40.484548],[-106.82575,40.4845],[-106.825881,40.484397],[-106.825989,40.484483],[-106.826356,40.484223],[-106.826557,40.484456],[-106.826398,40.484629],[-106.825963,40.484902],[-106.825848,40.484884],[-106.825327,40.48512],[-106.825014,40.485147]]]}},{"id":"46","type":"Feature","properties":{"leisure":"pitch","sport":"tennis","base_elevation":88},"geometry":{"type":"Polygon","coordinates":[[[-106.839486,40.484857],[-106.839638,40.485],[-106.839772,40.485188],[-106.83871,40.485539],[-106.838618,40.485498],[-106.838173,40.484702],[-106.838608,40.484621],[-106.838966,40.484641],[-106.839132,40.484677],[-106.839486,40.484857]]]}},{"id":"47","type":"Feature","properties":{"leisure":"pitch","sport":"tennis","base_elevation":85},"geometry":{"type":"Polygon","coordinates":[[[-106.837841,40.485202],[-106.837751,40.48527],[-106.837497,40.485076],[-106.837574,40.485016],[-106.837841,40.485202]]]}},{"id":"48","type":"Feature","properties":{"leisure":"pitch","sport":"tennis","base_elevation":85},"geometry":{"type":"Polygon","coordinates":[[[-106.837723,40.485332],[-106.837875,40.485216],[-106.838094,40.485382],[-106.837996,40.485456],[-106.838028,40.48548],[-106.837973,40.485522],[-106.837723,40.485332]]]}},{"id":"49","type":"Feature","properties":{"leisure":"pitch","sport":"tennis","base_elevation":85},"geometry":{"type":"Polygon","coordinates":[[[-106.84011,40.486379],[-106.839847,40.486636],[-106.839021,40.48602],[-106.83903,40.485918],[-106.839879,40.485322],[-106.84012,40.485636],[-106.84026,40.485959],[-106.84011,40.486379]]]}},{"id":"50","type":"Feature","properties":{"leisure":"pitch","sport":"tennis","base_elevation":110},"geometry":{"type":"Polygon","coordinates":[[[-106.835657,40.491151],[-106.835941,40.491158],[-106.835937,40.491258],[-106.835653,40.491251],[-106.835657,40.491151]]]}},{"id":"51","type":"Feature","properties":{"leisure":"pitch","sport":"tennis","base_elevation":69},"geometry":{"type":"Polygon","coordinates":[[[-106.862207,40.499357],[-106.862267,40.499322],[-106.862351,40.499337],[-106.862347,40.499526],[-106.862192,40.499572],[-106.862071,40.499459],[-106.861928,40.499447],[-106.861744,40.499483],[-106.861705,40.499369],[-106.862115,40.499288],[-106.862207,40.499357]]]}},{"id":"52","type":"Feature","properties":{"leisure":"pitch","sport":"tennis","base_elevation":54},"geometry":{"type":"Polygon","coordinates":[[[-106.907269,40.506388],[-106.907339,40.506636],[-106.907176,40.506663],[-106.907105,40.506414],[-106.907269,40.506388]]]}},{"id":"53","type":"Feature","properties":{"leisure":"pitch","sport":"tennis","base_elevation":77},"geometry":{"type":"Polygon","coordinates":[[[-106.902278,40.506856],[-106.902256,40.507153],[-106.902304,40.50738],[-106.902283,40.507613],[-106.90232,40.507802],[-106.902286,40.507865],[-106.902186,40.507903],[-106.901906,40.507884],[-106.901683,40.507919],[-106.901561,40.507885],[-106.901501,40.507767],[-106.901531,40.507576],[-106.901488,40.506846],[-106.901635,40.506763],[-106.902154,40.506774],[-106.902278,40.506856]]]}},{"id":"54","type":"Feature","properties":{"leisure":"pitch","sport":"tennis","base_elevation":78},"geometry":{"type":"Polygon","coordinates":[[[-106.900167,40.510566],[-106.900522,40.510629],[-106.900285,40.511396],[-106.89993,40.511332],[-106.900167,40.510566]]]}},{"id":"55","type":"Feature","properties":{"leisure":"pitch","sport":"tennis","base_elevation":79},"geometry":{"type":"Polygon","coordinates":[[[-106.899464,40.511787],[-106.899589,40.511906],[-106.899493,40.511965],[-106.899368,40.511846],[-106.899464,40.511787]]]}},{"id":"56","type":"Feature","properties":{"leisure":"pitch","sport":"tennis","base_elevation":256},"geometry":{"type":"Polygon","coordinates":[[[-106.825936,40.537018],[-106.825914,40.536971],[-106.826018,40.536966],[-106.826018,40.536996],[-106.825936,40.537018]]]}},{"id":"57","type":"Feature","properties":{"leisure":"pitch","sport":"tennis","base_elevation":159},"geometry":{"type":"Polygon","coordinates":[[[-106.815181,40.358183],[-106.815187,40.357911],[-106.815227,40.357878],[-106.815447,40.357911],[-106.815467,40.357882],[-106.815595,40.357884],[-106.815624,40.357913],[-106.815619,40.358181],[-106.815574,40.358211],[-106.815389,40.358187],[-106.815371,40.358217],[-106.815226,40.358219],[-106.815181,40.358183]]]}},{"id":"58","type":"Feature","properties":{"leisure":"pitch","sport":"tennis","base_elevation":108},"geometry":{"type":"Polygon","coordinates":[[[-106.815419,40.453657],[-106.815414,40.454731],[-106.813785,40.45474],[-106.813709,40.454681],[-106.813667,40.453434],[-106.814921,40.453432],[-106.814922,40.453656],[-106.815419,40.453657]],[[-106.814655,40.4541],[-106.814604,40.454052],[-106.81409,40.454053],[-106.814207,40.454101],[-106.814655,40.4541]]]}},{"id":"59","type":"Feature","properties":{"leisure":"pitch","sport":"tennis","base_elevation":112},"geometry":{"type":"Polygon","coordinates":[[[-106.814558,40.455222],[-106.814691,40.455222],[-106.814692,40.455439],[-106.814559,40.455439],[-106.814558,40.455222]]]}},{"id":"60","type":"Feature","properties":{"leisure":"pitch","sport":"tennis","base_elevation":111},"geometry":{"type":"Polygon","coordinates":[[[-106.815335,40.455278],[-106.815336,40.455495],[-106.815204,40.455495],[-106.815203,40.455279],[-106.815335,40.455278]]]}},{"id":"61","type":"Feature","properties":{"leisure":"pitch","sport":"tennis","base_elevation":111},"geometry":{"type":"Polygon","coordinates":[[[-106.815118,40.455279],[-106.815119,40.455495],[-106.814989,40.455496],[-106.814988,40.455279],[-106.815118,40.455279]]]}},{"id":"62","type":"Feature","properties":{"leisure":"pitch","sport":"tennis","base_elevation":112},"geometry":{"type":"Polygon","coordinates":[[[-106.814691,40.455625],[-106.814692,40.455842],[-106.814563,40.455842],[-106.814562,40.455625],[-106.814691,40.455625]]]}},{"id":"63","type":"Feature","properties":{"leisure":"pitch","sport":"tennis","base_elevation":112},"geometry":{"type":"Polygon","coordinates":[[[-106.815204,40.455655],[-106.815337,40.455655],[-106.815337,40.455871],[-106.815205,40.455871],[-106.815204,40.455655]]]}},{"id":"64","type":"Feature","properties":{"leisure":"pitch","sport":"tennis","base_elevation":112},"geometry":{"type":"Polygon","coordinates":[[[-106.814989,40.455655],[-106.815119,40.455655],[-106.81512,40.455871],[-106.81499,40.455871],[-106.814989,40.455655]]]}},{"id":"65","type":"Feature","properties":{"leisure":"pitch","sport":"tennis","base_elevation":113},"geometry":{"type":"Polygon","coordinates":[[[-106.815228,40.456042],[-106.815229,40.45626],[-106.815097,40.45626],[-106.815096,40.456042],[-106.815228,40.456042]]]}},{"id":"66","type":"Feature","properties":{"leisure":"pitch","sport":"tennis","base_elevation":113},"geometry":{"type":"Polygon","coordinates":[[[-106.81488,40.45626],[-106.814879,40.456043],[-106.81501,40.456043],[-106.81501,40.45626],[-106.81488,40.45626]]]}},{"id":"67","type":"Feature","properties":{"leisure":"pitch","sport":"tennis","base_elevation":113},"geometry":{"type":"Polygon","coordinates":[[[-106.814608,40.456043],[-106.814738,40.456043],[-106.814739,40.456261],[-106.814609,40.456261],[-106.814608,40.456043]]]}},{"id":"68","type":"Feature","properties":{"leisure":"pitch","sport":"tennis","base_elevation":111},"geometry":{"type":"Polygon","coordinates":[[[-106.817381,40.456721],[-106.817571,40.45669],[-106.817609,40.456823],[-106.817418,40.456854],[-106.817381,40.456721]]]}},{"id":"69","type":"Feature","properties":{"leisure":"pitch","sport":"tennis","base_elevation":136},"geometry":{"type":"Polygon","coordinates":[[[-106.823425,40.469509],[-106.823396,40.469296],[-106.823526,40.469286],[-106.823555,40.469499],[-106.823425,40.469509]]]}},{"id":"70","type":"Feature","properties":{"leisure":"pitch","sport":"tennis","base_elevation":118},"geometry":{"type":"Polygon","coordinates":[[[-106.821586,40.485355],[-106.82181,40.485387],[-106.821811,40.485413],[-106.821597,40.485453],[-106.821586,40.485355]]]}},{"id":"71","type":"Feature","properties":{"leisure":"pitch","sport":"tennis","base_elevation":116},"geometry":{"type":"Polygon","coordinates":[[[-106.821507,40.485447],[-106.821783,40.485544],[-106.821779,40.485578],[-106.821063,40.485611],[-106.821065,40.485584],[-106.8208,40.485585],[-106.820799,40.485246],[-106.821506,40.485244],[-106.821507,40.485447]]]}},{"id":"72","type":"Feature","properties":{"leisure":"pitch","sport":"tennis","base_elevation":121},"geometry":{"type":"Polygon","coordinates":[[[-106.821405,40.485864],[-106.821389,40.486305],[-106.820082,40.486277],[-106.820099,40.485836],[-106.821405,40.485864]]]}},{"id":"73","type":"Feature","properties":{"leisure":"pitch","sport":"tennis","base_elevation":125},"geometry":{"type":"Polygon","coordinates":[[[-106.82004,40.486205],[-106.820037,40.48628],[-106.819961,40.486279],[-106.819964,40.486204],[-106.82004,40.486205]]]}},{"id":"74","type":"Feature","properties":{"leisure":"pitch","sport":"tennis","base_elevation":127},"geometry":{"type":"Polygon","coordinates":[[[-106.81931,40.493285],[-106.819275,40.493223],[-106.819887,40.492553],[-106.820144,40.492588],[-106.820286,40.492661],[-106.820358,40.492791],[-106.820323,40.493617],[-106.820181,40.493705],[-106.81931,40.493285]]]}},{"id":"75","type":"Feature","properties":{"leisure":"pitch","sport":"tennis","base_elevation":128},"geometry":{"type":"Polygon","coordinates":[[[-106.81966,40.493772],[-106.82003,40.494721],[-106.819479,40.494845],[-106.819109,40.493896],[-106.81966,40.493772]]]}},{"id":"76","type":"Feature","properties":{"leisure":"pitch","sport":"tennis","base_elevation":130},"geometry":{"type":"Polygon","coordinates":[[[-106.81888,40.494668],[-106.819036,40.494635],[-106.819129,40.494887],[-106.818973,40.49492],[-106.81888,40.494668]]]}},{"id":"77","type":"Feature","properties":{"leisure":"pitch","sport":"tennis","base_elevation":131},"geometry":{"type":"Polygon","coordinates":[[[-106.81899,40.494964],[-106.819146,40.494932],[-106.819226,40.495159],[-106.81907,40.495191],[-106.81899,40.494964]]]}},{"id":"78","type":"Feature","properties":{"leisure":"pitch","sport":"tennis","base_elevation":137},"geometry":{"type":"Polygon","coordinates":[[[-106.818142,40.496527],[-106.818356,40.496496],[-106.818426,40.496775],[-106.818211,40.496806],[-106.818142,40.496527]]]}},{"id":"79","type":"Feature","properties":{"leisure":"pitch","sport":"tennis","base_elevation":153},"geometry":{"type":"Polygon","coordinates":[[[-106.804065,40.393477],[-106.804058,40.393399],[-106.80424,40.393223],[-106.804361,40.3932],[-106.804896,40.393477],[-106.804929,40.393552],[-106.80474,40.393744],[-106.804649,40.393776],[-106.804065,40.393477]]]}},{"id":"80","type":"Feature","properties":{"leisure":"pitch","sport":"tennis","base_elevation":107},"geometry":{"type":"Polygon","coordinates":[[[-106.80999,40.441132],[-106.809619,40.44088],[-106.809412,40.440649],[-106.809377,40.440233],[-106.810029,40.440218],[-106.810156,40.440328],[-106.810259,40.440507],[-106.810427,40.440568],[-106.810619,40.440579],[-106.810799,40.440532],[-106.811167,40.440334],[-106.811177,40.441524],[-106.810674,40.441489],[-106.810533,40.441351],[-106.80999,40.441132]]]}},{"id":"81","type":"Feature","properties":{"leisure":"pitch","sport":"tennis","base_elevation":108},"geometry":{"type":"Polygon","coordinates":[[[-106.809513,40.441762],[-106.810543,40.441601],[-106.810693,40.44216],[-106.809663,40.44232],[-106.809513,40.441762]]]}},{"id":"82","type":"Feature","properties":{"leisure":"pitch","sport":"tennis","base_elevation":113},"geometry":{"type":"Polygon","coordinates":[[[-106.808954,40.448326],[-106.808956,40.448517],[-106.80883,40.448518],[-106.808828,40.448327],[-106.808954,40.448326]]]}},{"id":"83","type":"Feature","properties":{"leisure":"pitch","sport":"tennis","base_elevation":111},"geometry":{"type":"Polygon","coordinates":[[[-106.809829,40.448313],[-106.809832,40.44853],[-106.809703,40.448531],[-106.8097,40.448314],[-106.809829,40.448313]]]}},{"id":"84","type":"Feature","properties":{"leisure":"pitch","sport":"tennis","base_elevation":111},"geometry":{"type":"Polygon","coordinates":[[[-106.809499,40.448533],[-106.809496,40.448316],[-106.809626,40.448315],[-106.809629,40.448532],[-106.809499,40.448533]]]}},{"id":"85","type":"Feature","properties":{"leisure":"pitch","sport":"tennis","base_elevation":112},"geometry":{"type":"Polygon","coordinates":[[[-106.809294,40.448534],[-106.809291,40.448318],[-106.809419,40.448317],[-106.809422,40.448533],[-106.809294,40.448534]]]}},{"id":"86","type":"Feature","properties":{"leisure":"pitch","sport":"tennis","base_elevation":112},"geometry":{"type":"Polygon","coordinates":[[[-106.809096,40.448536],[-106.809093,40.448319],[-106.809223,40.448318],[-106.809226,40.448535],[-106.809096,40.448536]]]}},{"id":"87","type":"Feature","properties":{"leisure":"pitch","sport":"tennis","base_elevation":138},"geometry":{"type":"Polygon","coordinates":[[[-106.803312,40.449978],[-106.803305,40.450195],[-106.803173,40.450192],[-106.80318,40.449975],[-106.803312,40.449978]]]}},{"id":"88","type":"Feature","properties":{"leisure":"pitch","sport":"tennis","base_elevation":132},"geometry":{"type":"Polygon","coordinates":[[[-106.803866,40.451774],[-106.803997,40.451775],[-106.803994,40.451992],[-106.803863,40.451991],[-106.803866,40.451774]]]}},{"id":"89","type":"Feature","properties":{"leisure":"pitch","sport":"tennis","base_elevation":132},"geometry":{"type":"Polygon","coordinates":[[[-106.804083,40.451776],[-106.804212,40.451777],[-106.804209,40.451994],[-106.80408,40.451993],[-106.804083,40.451776]]]}},{"id":"90","type":"Feature","properties":{"leisure":"pitch","sport":"tennis","base_elevation":155},"geometry":{"type":"Polygon","coordinates":[[[-106.801222,40.453397],[-106.801349,40.45342],[-106.801285,40.453631],[-106.801158,40.453608],[-106.801222,40.453397]]]}},{"id":"91","type":"Feature","properties":{"leisure":"pitch","sport":"tennis","base_elevation":133},"geometry":{"type":"Polygon","coordinates":[[[-106.804527,40.453424],[-106.804654,40.453423],[-106.804656,40.453641],[-106.804529,40.453642],[-106.804527,40.453424]]]}},{"id":"92","type":"Feature","properties":{"leisure":"pitch","sport":"tennis","base_elevation":135},"geometry":{"type":"Polygon","coordinates":[[[-106.804626,40.45452],[-106.804755,40.454522],[-106.804749,40.45474],[-106.80462,40.454738],[-106.804626,40.45452]]]}},{"id":"93","type":"Feature","properties":{"leisure":"pitch","sport":"tennis","base_elevation":114},"geometry":{"type":"Polygon","coordinates":[[[-106.814392,40.456261],[-106.814391,40.456044],[-106.814521,40.456043],[-106.814522,40.456261],[-106.814392,40.456261]]]}},{"id":"94","type":"Feature","properties":{"leisure":"pitch","sport":"tennis","base_elevation":227},"geometry":{"type":"Polygon","coordinates":[[[-106.796098,40.462119],[-106.796226,40.462147],[-106.796148,40.462356],[-106.79602,40.462328],[-106.796098,40.462119]]]}},{"id":"95","type":"Feature","properties":{"leisure":"pitch","sport":"tennis","base_elevation":212},"geometry":{"type":"Polygon","coordinates":[[[-106.799026,40.46386],[-106.799156,40.463861],[-106.799155,40.464075],[-106.799025,40.464074],[-106.799026,40.46386]]]}},{"id":"96","type":"Feature","properties":{"leisure":"pitch","sport":"tennis","base_elevation":212},"geometry":{"type":"Polygon","coordinates":[[[-106.799352,40.463862],[-106.79935,40.464076],[-106.799218,40.464075],[-106.79922,40.463861],[-106.799352,40.463862]]]}},{"id":"97","type":"Feature","properties":{"leisure":"pitch","sport":"tennis","base_elevation":212},"geometry":{"type":"Polygon","coordinates":[[[-106.799415,40.46417],[-106.799417,40.463954],[-106.799547,40.463955],[-106.799545,40.46417],[-106.799415,40.46417]]]}},{"id":"98","type":"Feature","properties":{"leisure":"pitch","sport":"tennis","base_elevation":212},"geometry":{"type":"Polygon","coordinates":[[[-106.799739,40.463956],[-106.799737,40.464171],[-106.799606,40.464171],[-106.799608,40.463955],[-106.799739,40.463956]]]}},{"id":"99","type":"Feature","properties":{"leisure":"pitch","sport":"tennis","base_elevation":287},"geometry":{"type":"Polygon","coordinates":[[[-106.789988,40.464849],[-106.790167,40.465015],[-106.790061,40.465081],[-106.789882,40.464916],[-106.789988,40.464849]]]}},{"id":"100","type":"Feature","properties":{"leisure":"pitch","sport":"tennis","base_elevation":234},"geometry":{"type":"Polygon","coordinates":[[[-106.79913,40.465724],[-106.799412,40.465717],[-106.799417,40.465816],[-106.799134,40.465823],[-106.79913,40.465724]]]}},{"id":"101","type":"Feature","properties":{"leisure":"pitch","sport":"tennis","base_elevation":153},"geometry":{"type":"Polygon","coordinates":[[[-106.810179,40.467652],[-106.810044,40.467843],[-106.809929,40.467796],[-106.810064,40.467605],[-106.810179,40.467652]]]}},{"id":"102","type":"Feature","properties":{"leisure":"pitch","sport":"tennis","base_elevation":292},"geometry":{"type":"Polygon","coordinates":[[[-106.795729,40.481115],[-106.795607,40.481143],[-106.795577,40.481068],[-106.795699,40.48104],[-106.795729,40.481115]]]}},{"id":"103","type":"Feature","properties":{"leisure":"playground","sport":null,"base_elevation":101},"geometry":{"type":"Polygon","coordinates":[[[-106.827411,40.463583],[-106.827411,40.463613],[-106.827244,40.463614],[-106.827244,40.463485],[-106.827507,40.463509],[-106.827507,40.463583],[-106.827411,40.463583]]]}},{"id":"104","type":"Feature","properties":{"leisure":"playground","sport":null,"base_elevation":101},"geometry":{"type":"Polygon","coordinates":[[[-106.827655,40.463524],[-106.82766,40.463582],[-106.827573,40.463591],[-106.827579,40.463525],[-106.827655,40.463524]]]}},{"id":"105","type":"Feature","properties":{"leisure":"playground","sport":null,"base_elevation":95},"geometry":{"type":"Polygon","coordinates":[[[-106.829583,40.472204],[-106.829537,40.472293],[-106.82958,40.472401],[-106.829558,40.47244],[-106.829447,40.472465],[-106.829405,40.472447],[-106.829393,40.472188],[-106.82951,40.472149],[-106.829583,40.472204]]]}},{"id":"106","type":"Feature","properties":{"leisure":"playground","sport":null,"base_elevation":89},"geometry":{"type":"Polygon","coordinates":[[[-106.829824,40.480119],[-106.829983,40.480034],[-106.83007,40.480127],[-106.82991,40.480212],[-106.829824,40.480119]]]}},{"id":"107","type":"Feature","properties":{"leisure":"playground","sport":null,"base_elevation":83},"geometry":{"type":"Polygon","coordinates":[[[-106.839918,40.48831],[-106.839807,40.488371],[-106.839561,40.488295],[-106.83958,40.488213],[-106.839682,40.488172],[-106.839871,40.488247],[-106.839918,40.48831]]]}},{"id":"108","type":"Feature","properties":{"leisure":"playground","sport":null,"base_elevation":85},"geometry":{"type":"Polygon","coordinates":[[[-106.842637,40.49035],[-106.842669,40.490335],[-106.842693,40.490368],[-106.842662,40.490383],[-106.842698,40.490454],[-106.842673,40.490508],[-106.842587,40.49048],[-106.842477,40.490321],[-106.842545,40.490268],[-106.842637,40.49035]]]}},{"id":"109","type":"Feature","properties":{"leisure":"playground","sport":null,"base_elevation":101},"geometry":{"type":"Polygon","coordinates":[[[-106.829016,40.491246],[-106.828888,40.491334],[-106.828686,40.491164],[-106.828861,40.491044],[-106.829019,40.491177],[-106.829016,40.491246]]]}},{"id":"110","type":"Feature","properties":{"leisure":"playground","sport":null,"base_elevation":101},"geometry":{"type":"Polygon","coordinates":[[[-106.829187,40.491327],[-106.829254,40.491383],[-106.829075,40.491506],[-106.828967,40.491415],[-106.829097,40.491326],[-106.829187,40.491327]]]}},{"id":"111","type":"Feature","properties":{"leisure":"playground","sport":null,"base_elevation":78},"geometry":{"type":"Polygon","coordinates":[[[-106.850523,40.49373],[-106.850533,40.493685],[-106.85064,40.493666],[-106.850741,40.493739],[-106.850807,40.493743],[-106.850842,40.49378],[-106.850832,40.493824],[-106.850725,40.493844],[-106.850692,40.493797],[-106.850558,40.493767],[-106.850523,40.49373]]]}},{"id":"112","type":"Feature","properties":{"leisure":"playground","sport":null,"base_elevation":100},"geometry":{"type":"Polygon","coordinates":[[[-106.865026,40.505496],[-106.865052,40.505566],[-106.864877,40.505623],[-106.864844,40.505536],[-106.865026,40.505496]]]}},{"id":"113","type":"Feature","properties":{"leisure":"playground","sport":null,"base_elevation":102},"geometry":{"type":"Polygon","coordinates":[[[-106.868434,40.506209],[-106.868646,40.506221],[-106.868637,40.506319],[-106.868425,40.506307],[-106.868434,40.506209]]]}},{"id":"114","type":"Feature","properties":{"leisure":"playground","sport":null,"base_elevation":75},"geometry":{"type":"Polygon","coordinates":[[[-106.901662,40.506538],[-106.901809,40.506396],[-106.902264,40.506422],[-106.902391,40.50651],[-106.902415,40.506606],[-106.902358,40.506689],[-106.902183,40.506738],[-106.902053,40.506728],[-106.902033,40.506695],[-106.901865,40.506763],[-106.901573,40.506721],[-106.901506,40.506744],[-106.901323,40.506544],[-106.90154,40.506507],[-106.901662,40.506538]]]}},{"id":"115","type":"Feature","properties":{"leisure":"playground","sport":null,"base_elevation":103},"geometry":{"type":"Polygon","coordinates":[[[-106.864794,40.507825],[-106.864905,40.507714],[-106.865024,40.507783],[-106.864913,40.507894],[-106.864794,40.507825]]]}},{"id":"116","type":"Feature","properties":{"leisure":"playground","sport":null,"base_elevation":79},"geometry":{"type":"Polygon","coordinates":[[[-106.899951,40.511636],[-106.9,40.511421],[-106.900298,40.511501],[-106.900236,40.5117],[-106.899951,40.511636]]]}},{"id":"117","type":"Feature","properties":{"leisure":"playground","sport":null,"base_elevation":133},"geometry":{"type":"Polygon","coordinates":[[[-106.805785,40.440428],[-106.805737,40.440444],[-106.805744,40.440421],[-106.805705,40.440415],[-106.805718,40.440371],[-106.805798,40.440384],[-106.805785,40.440428]]]}},{"id":"118","type":"Feature","properties":{"leisure":"playground","sport":null,"base_elevation":136},"geometry":{"type":"Polygon","coordinates":[[[-106.805383,40.440622],[-106.805418,40.440586],[-106.805502,40.440611],[-106.805459,40.440697],[-106.805398,40.440679],[-106.805383,40.440622]]]}},{"id":"119","type":"Feature","properties":{"leisure":"playground","sport":null,"base_elevation":111},"geometry":{"type":"Polygon","coordinates":[[[-106.809555,40.441444],[-106.809539,40.441325],[-106.809598,40.441279],[-106.809804,40.441299],[-106.809885,40.441432],[-106.809884,40.441471],[-106.80977,40.441519],[-106.809555,40.441444]]]}},{"id":"120","type":"Feature","properties":{"leisure":"playground","sport":null,"base_elevation":116},"geometry":{"type":"Polygon","coordinates":[[[-106.807346,40.447469],[-106.807454,40.447467],[-106.807452,40.447515],[-106.807366,40.447527],[-106.807346,40.447469]]]}},{"id":"121","type":"Feature","properties":{"leisure":"playground","sport":null,"base_elevation":116},"geometry":{"type":"Polygon","coordinates":[[[-106.808377,40.449589],[-106.808393,40.449694],[-106.808262,40.449705],[-106.808248,40.4496],[-106.808377,40.449589]]]}},{"id":"122","type":"Feature","properties":{"leisure":"playground","sport":null,"base_elevation":105},"geometry":{"type":"Polygon","coordinates":[[[-106.813551,40.449767],[-106.813552,40.449697],[-106.813618,40.449697],[-106.813617,40.449767],[-106.813551,40.449767]]]}},{"id":"123","type":"Feature","properties":{"leisure":"playground","sport":null,"base_elevation":113},"geometry":{"type":"Polygon","coordinates":[[[-106.809805,40.450153],[-106.809896,40.450123],[-106.809927,40.450177],[-106.809836,40.450207],[-106.809805,40.450153]]]}},{"id":"124","type":"Feature","properties":{"leisure":"playground","sport":null,"base_elevation":115},"geometry":{"type":"Polygon","coordinates":[[[-106.812334,40.453843],[-106.812262,40.453887],[-106.812174,40.453864],[-106.812212,40.453793],[-106.812334,40.453843]]]}},{"id":"125","type":"Feature","properties":{"leisure":"playground","sport":null,"base_elevation":152},"geometry":{"type":"Polygon","coordinates":[[[-106.820814,40.476197],[-106.820851,40.476139],[-106.820931,40.476168],[-106.820894,40.476227],[-106.820814,40.476197]]]}},{"id":"126","type":"Feature","properties":{"leisure":"playground","sport":null,"base_elevation":171},"geometry":{"type":"Polygon","coordinates":[[[-106.818875,40.477211],[-106.81901,40.477173],[-106.819061,40.477276],[-106.818926,40.477315],[-106.818875,40.477211]]]}},{"id":"127","type":"Feature","properties":{"leisure":"playground","sport":null,"base_elevation":164},"geometry":{"type":"Polygon","coordinates":[[[-106.821286,40.479341],[-106.821418,40.479366],[-106.821441,40.479426],[-106.821328,40.47948],[-106.821286,40.479341]]]}},{"id":"128","type":"Feature","properties":{"leisure":"playground","sport":null,"base_elevation":225},"geometry":{"type":"Polygon","coordinates":[[[-106.803954,40.480556],[-106.803953,40.480466],[-106.804045,40.480465],[-106.804046,40.480555],[-106.803954,40.480556]]]}},{"id":"129","type":"Feature","properties":{"leisure":"playground","sport":null,"base_elevation":138},"geometry":{"type":"Polygon","coordinates":[[[-106.818333,40.496804],[-106.818505,40.49677],[-106.818566,40.496947],[-106.818394,40.496981],[-106.818333,40.496804]]]}},{"id":"130","type":"Feature","properties":{"leisure":"playground","sport":null,"base_elevation":137},"geometry":{"type":"Polygon","coordinates":[[[-106.818663,40.496997],[-106.818801,40.497196],[-106.81876,40.497317],[-106.818806,40.497421],[-106.818753,40.497444],[-106.818695,40.497449],[-106.818638,40.497388],[-106.818502,40.49713],[-106.818663,40.496997]]]}},{"id":"131","type":"Feature","properties":{"leisure":"sports_centre","sport":"equestrian","base_elevation":147},"geometry":{"type":"Polygon","coordinates":[[[-106.795553,40.45503],[-106.794974,40.456973],[-106.796615,40.45885],[-106.797924,40.45874],[-106.800558,40.457858],[-106.802521,40.456797],[-106.803787,40.456817],[-106.803886,40.457132],[-106.803861,40.458623],[-106.802234,40.459383],[-106.799618,40.459947],[-106.798579,40.459911],[-106.796765,40.460577],[-106.795749,40.461187],[-106.794128,40.462492],[-106.791583,40.463499],[-106.78947,40.463711],[-106.788649,40.46423],[-106.787634,40.464538],[-106.786979,40.465017],[-106.786938,40.466358],[-106.786209,40.466365],[-106.786095,40.468138],[-106.786075,40.472375],[-106.781794,40.472311],[-106.782063,40.47566],[-106.782222,40.47615],[-106.780182,40.476217],[-106.780231,40.47698],[-106.779287,40.477995],[-106.778242,40.478615],[-106.776638,40.479284],[-106.775942,40.479696],[-106.77505,40.480163],[-106.77429,40.481387],[-106.773924,40.481438],[-106.772277,40.479463],[-106.762875,40.478144],[-106.760406,40.477628],[-106.757563,40.476415],[-106.751835,40.475324],[-106.742808,40.474126],[-106.74517,40.469173],[-106.744399,40.465511],[-106.740025,40.462897],[-106.736272,40.459768],[-106.736723,40.457776],[-106.737494,40.455738],[-106.736753,40.452272],[-106.737141,40.448353],[-106.73916,40.44387],[-106.738889,40.440191],[-106.741108,40.437253],[-106.744832,40.434076],[-106.747964,40.430536],[-106.756601,40.431141],[-106.766995,40.433122],[-106.768972,40.440429],[-106.771445,40.444465],[-106.774675,40.44591],[-106.775651,40.448866],[-106.77667,40.448894],[-106.779798,40.449396],[-106.781648,40.449641],[-106.787182,40.451774],[-106.791157,40.452779],[-106.795553,40.45503]]]}},{"id":"132","type":"Feature","properties":{"leisure":"sports_centre","sport":"equestrian","base_elevation":112},"geometry":{"type":"Polygon","coordinates":[[[-106.816869,40.456844],[-106.816836,40.456788],[-106.816771,40.456803],[-106.816764,40.456739],[-106.81692,40.456497],[-106.817008,40.456468],[-106.817201,40.456646],[-106.817205,40.456708],[-106.816875,40.456899],[-106.816838,40.456862],[-106.816869,40.456844]]]}},{"id":"133","type":"Feature","properties":{"leisure":"sports_centre","sport":"equestrian","base_elevation":86},"geometry":{"type":"Polygon","coordinates":[[[-106.832267,40.482136],[-106.83239,40.481693],[-106.832591,40.481476],[-106.832904,40.481351],[-106.833279,40.481307],[-106.835876,40.482492],[-106.835985,40.482683],[-106.836024,40.483066],[-106.835956,40.483294],[-106.835823,40.483429],[-106.835475,40.483589],[-106.835203,40.483644],[-106.834862,40.483585],[-106.833069,40.48275],[-106.83236,40.482302],[-106.832267,40.482136]]]}},{"id":"134","type":"Feature","properties":{"leisure":"stadium","sport":null,"base_elevation":91},"geometry":{"type":"Polygon","coordinates":[[[-106.834375,40.481744],[-106.834498,40.481595],[-106.833926,40.481319],[-106.833767,40.48148],[-106.834375,40.481744]]]}},{"id":"135","type":"Feature","properties":{"leisure":"track","sport":"running","base_elevation":122},"geometry":{"type":"Polygon","coordinates":[[[-106.845745,40.3997],[-106.845973,40.399591],[-106.846268,40.399517],[-106.846384,40.399531],[-106.846477,40.399611],[-106.846515,40.400019],[-106.846418,40.400358],[-106.846351,40.400976],[-106.84637,40.401071],[-106.846477,40.401252],[-106.846456,40.401315],[-106.846298,40.401301],[-106.846129,40.401107],[-106.845724,40.399808],[-106.845745,40.3997]]]}},{"id":"136","type":"Feature","properties":{"leisure":"track","sport":"running","base_elevation":122},"geometry":{"type":"Polygon","coordinates":[[[-106.820008,40.485812],[-106.820014,40.486205],[-106.819999,40.486205],[-106.820008,40.485812]]]}},{"id":"137","type":"Feature","properties":{"leisure":"track","sport":"running","base_elevation":121},"geometry":{"type":"Polygon","coordinates":[[[-106.821445,40.485825],[-106.821449,40.486273],[-106.821434,40.486273],[-106.821445,40.485825]]]}},{"id":"138","type":"Feature","properties":{"leisure":"track","sport":"running","base_elevation":120},"geometry":{"type":"Polygon","coordinates":[[[-106.819712,40.486161],[-106.819711,40.485972],[-106.819818,40.48581],[-106.820017,40.485704],[-106.820194,40.485681],[-106.821468,40.48572],[-106.821702,40.48585],[-106.821773,40.485949],[-106.821797,40.486094],[-106.821756,40.486236],[-106.821648,40.486357],[-106.821489,40.486438],[-106.821309,40.486467],[-106.81986,40.486444],[-106.819859,40.486363],[-106.819897,40.486362],[-106.81978,40.486273],[-106.819712,40.486161]],[[-106.819815,40.486118],[-106.819895,40.486255],[-106.82014,40.486362],[-106.821289,40.486384],[-106.821416,40.486371],[-106.82158,40.486297],[-106.821677,40.486178],[-106.821697,40.486084],[-106.821619,40.485901],[-106.82141,40.485791],[-106.820213,40.485762],[-106.820048,40.485786],[-106.819902,40.485866],[-106.819823,40.485984],[-106.819815,40.486118]]]}},{"id":"139","type":"Feature","properties":{"leisure":"track","sport":"running","base_elevation":120},"geometry":{"type":"Polygon","coordinates":[[[-106.821477,40.4859],[-106.821482,40.486343],[-106.821467,40.486343],[-106.821477,40.4859]]]}},{"id":"140","type":"Feature","properties":{"leisure":"track","sport":"running","base_elevation":127},"geometry":{"type":"Polygon","coordinates":[[[-106.82012,40.494937],[-106.819934,40.49505],[-106.81978,40.495084],[-106.81955,40.49506],[-106.819366,40.494943],[-106.819301,40.494834],[-106.818872,40.49371],[-106.818933,40.493694],[-106.818965,40.493768],[-106.819122,40.493605],[-106.819363,40.493532],[-106.819529,40.493541],[-106.819735,40.493636],[-106.819821,40.493745],[-106.820191,40.494702],[-106.820187,40.494824],[-106.82012,40.494937]],[[-106.82011,40.494781],[-106.820108,40.494683],[-106.819711,40.493719],[-106.819603,40.493637],[-106.819415,40.493594],[-106.8193,40.493604],[-106.819138,40.493678],[-106.819054,40.493773],[-106.819037,40.49394],[-106.81943,40.4949],[-106.819599,40.495001],[-106.819814,40.495019],[-106.820034,40.494916],[-106.82011,40.494781]]]}},{"id":"141","type":"Feature","properties":{"leisure":"track","sport":"running","base_elevation":69},"geometry":{"type":"Polygon","coordinates":[[[-106.862529,40.500139],[-106.862365,40.500193],[-106.862281,40.50017],[-106.862258,40.500084],[-106.862296,40.499873],[-106.862616,40.499881],[-106.862934,40.500191],[-106.86289,40.500222],[-106.862716,40.500137],[-106.862636,40.500167],[-106.862529,40.500139]]]}},{"id":"142","type":"Feature","properties":{"leisure":"track","sport":"running","base_elevation":69},"geometry":{"type":"Polygon","coordinates":[[[-106.863079,40.500201],[-106.862966,40.500041],[-106.863026,40.500032],[-106.863279,40.500192],[-106.86339,40.500206],[-106.863062,40.500001],[-106.862694,40.499856],[-106.862832,40.499856],[-106.863148,40.499959],[-106.863435,40.500228],[-106.863226,40.500257],[-106.863079,40.500201]]]}},{"id":"143","type":"Feature","properties":{"leisure":"park","sport":null,"base_elevation":101},"geometry":{"type":"Point","coordinates":[-106.896643,40.581418]}},{"id":"144","type":"Feature","properties":{"leisure":"sports_centre","sport":null,"base_elevation":93},"geometry":{"type":"Point","coordinates":[-106.838441,40.483017]}},{"id":"145","type":"Feature","properties":{"leisure":"sports_centre","sport":null,"base_elevation":105},"geometry":{"type":"Point","coordinates":[-106.825835,40.472575]}},{"id":"146","type":"Feature","properties":{"leisure":"pitch","sport":"shooting","base_elevation":82},"geometry":{"type":"Point","coordinates":[-106.888383,40.508829]}},{"id":"147","type":"Feature","properties":{"leisure":"playground","sport":null,"base_elevation":103},"geometry":{"type":"Point","coordinates":[-106.826716,40.463451]}},{"id":"148","type":"Feature","properties":{"leisure":"track","sport":"cycling","base_elevation":69},"geometry":{"type":"LineString","coordinates":[[-106.862616,40.499881],[-106.862281,40.50017]]}},{"id":"149","type":"Feature","properties":{"leisure":"track","sport":"cycling","base_elevation":69},"geometry":{"type":"LineString","coordinates":[[-106.862927,40.50017],[-106.863079,40.500201]]}}]}