{"type":"FeatureCollection","features":[{"id":"('node', 5759711553)","type":"Feature","properties":{"amenity":"parking","highway":null,"base_elevation":133},"geometry":{"type":"Point","coordinates":[106.562888,29.505324]}},{"id":"('node', 6635977139)","type":"Feature","properties":{"amenity":"parking","highway":null,"base_elevation":136},"geometry":{"type":"Point","coordinates":[106.567241,29.559383]}},{"id":"('node', 7540617658)","type":"Feature","properties":{"amenity":"parking","highway":null,"base_elevation":160},"geometry":{"type":"Point","coordinates":[106.553191,29.530652]}},{"id":"('node', 7566670384)","type":"Feature","properties":{"amenity":"parking","highway":null,"base_elevation":140},"geometry":{"type":"Point","coordinates":[106.545712,29.525859]}},{"id":"('node', 7566958609)","type":"Feature","properties":{"amenity":"parking","highway":null,"base_elevation":107},"geometry":{"type":"Point","coordinates":[106.577999,29.557115]}},{"id":"('node', 7570757356)","type":"Feature","properties":{"amenity":"parking","highway":null,"base_elevation":109},"geometry":{"type":"Point","coordinates":[106.571438,29.563569]}},{"id":"('node', 7571983794)","type":"Feature","properties":{"amenity":"parking","highway":null,"base_elevation":137},"geometry":{"type":"Point","coordinates":[106.568096,29.558042]}},{"id":"('node', 7572383312)","type":"Feature","properties":{"amenity":"parking","highway":null,"base_elevation":128},"geometry":{"type":"Point","coordinates":[106.506046,29.520466]}},{"id":"('node', 7572383322)","type":"Feature","properties":{"amenity":"parking","highway":null,"base_elevation":128},"geometry":{"type":"Point","coordinates":[106.50618,29.521059]}},{"id":"('node', 7572383323)","type":"Feature","properties":{"amenity":"parking","highway":null,"base_elevation":132},"geometry":{"type":"Point","coordinates":[106.506658,29.521301]}},{"id":"('node', 7572383327)","type":"Feature","properties":{"amenity":"parking","highway":null,"base_elevation":144},"geometry":{"type":"Point","coordinates":[106.508983,29.5203]}},{"id":"('node', 7572693994)","type":"Feature","properties":{"amenity":"parking","highway":null,"base_elevation":119},"geometry":{"type":"Point","coordinates":[106.513653,29.565759]}},{"id":"('node', 7577927724)","type":"Feature","properties":{"amenity":"parking","highway":null,"base_elevation":118},"geometry":{"type":"Point","coordinates":[106.641921,29.535988]}},{"id":"('node', 7873517470)","type":"Feature","properties":{"amenity":"parking","highway":null,"base_elevation":195},"geometry":{"type":"Point","coordinates":[106.519674,29.541241]}},{"id":"('node', 7873546277)","type":"Feature","properties":{"amenity":"parking","highway":null,"base_elevation":194},"geometry":{"type":"Point","coordinates":[106.519666,29.540225]}},{"id":"('node', 12344212223)","type":"Feature","properties":{"amenity":"parking","highway":null,"base_elevation":132},"geometry":{"type":"Point","coordinates":[106.559998,29.629793]}},{"id":"('node', 12366204878)","type":"Feature","properties":{"amenity":"parking","highway":null,"base_elevation":136},"geometry":{"type":"Point","coordinates":[106.56868,29.524729]}},{"id":"('node', 12366204889)","type":"Feature","properties":{"amenity":"parking","highway":null,"base_elevation":138},"geometry":{"type":"Point","coordinates":[106.567731,29.525099]}},{"id":"('node', 12679546190)","type":"Feature","properties":{"amenity":"parking","highway":null,"base_elevation":108},"geometry":{"type":"Point","coordinates":[106.519341,29.509374]}},{"id":"('relation', 8092695)","type":"Feature","properties":{"amenity":null,"highway":"pedestrian","base_elevation":96},"geometry":{"type":"Polygon","coordinates":[[[106.551498,29.592368],[106.551435,29.592354],[106.55137,29.592359],[106.55131,29.592381],[106.551262,29.592419],[106.551229,29.59247],[106.551217,29.592528],[106.551229,29.592586],[106.551261,29.592638],[106.551312,29.592677],[106.551374,29.592699],[106.551442,29.592703],[106.551507,29.592686],[106.551562,29.592652],[106.551599,29.592606],[106.551618,29.592552],[106.551616,29.592495],[106.551594,29.592442],[106.551553,29.592398],[106.551498,29.592368]],[[106.55143,29.59249],[106.551453,29.592493],[106.551473,29.592502],[106.551489,29.592517],[106.551498,29.592535],[106.5515,29.592555],[106.551494,29.592575],[106.551482,29.592592],[106.551464,29.592604],[106.551442,29.59261],[106.551419,29.59261],[106.551397,29.592604],[106.551379,29.592592],[106.551367,29.592575],[106.551361,29.592556],[106.551363,29.592536],[106.551372,29.592518],[106.551387,29.592503],[106.551407,29.592493],[106.55143,29.59249]]]}},{"id":"('relation', 12969832)","type":"Feature","properties":{"amenity":null,"highway":"pedestrian","base_elevation":33},"geometry":{"type":"Polygon","coordinates":[[[106.578969,29.573697],[106.579457,29.572995],[106.578848,29.572083],[106.578782,29.572032],[106.578653,29.571964],[106.578627,29.571994],[106.578596,29.572032],[106.577807,29.572014],[106.577759,29.571994],[106.577668,29.571989],[106.577657,29.57209],[106.576278,29.57209],[106.576008,29.572396],[106.575906,29.572529],[106.576791,29.573722],[106.578969,29.573697]],[[106.576834,29.572427],[106.576834,29.572357],[106.577222,29.572356],[106.577222,29.572287],[106.578137,29.572284],[106.578138,29.572351],[106.578478,29.57235],[106.578479,29.57243],[106.578608,29.57243],[106.578609,29.572498],[106.578682,29.572498],[106.578683,29.572595],[106.578726,29.572607],[106.578724,29.57284],[106.578678,29.572853],[106.578677,29.572935],[106.578589,29.572934],[106.578589,29.573011],[106.578467,29.573011],[106.578467,29.57311],[106.578148,29.57311],[106.578148,29.573187],[106.577227,29.573185],[106.577227,29.573113],[106.576854,29.573112],[106.576854,29.573017],[106.576408,29.573017],[106.576408,29.572951],[106.576294,29.572951],[106.576294,29.572887],[106.576225,29.572887],[106.576225,29.572578],[106.576278,29.572578],[106.576278,29.572498],[106.576374,29.572498],[106.576373,29.572429],[106.576834,29.572427]]]}},{"id":"('relation', 13594607)","type":"Feature","properties":{"amenity":null,"highway":"pedestrian","base_elevation":144},"geometry":{"type":"Polygon","coordinates":[[[106.501535,29.620255],[106.501753,29.620419],[106.501789,29.620445],[106.501831,29.62046],[106.502003,29.620487],[106.502094,29.620512],[106.502167,29.620536],[106.50225,29.62057],[106.502322,29.620604],[106.502382,29.620641],[106.502423,29.620675],[106.503391,29.620523],[106.503728,29.620248],[106.503905,29.620248],[106.503907,29.62013],[106.50394,29.620082],[106.50402,29.620161],[106.504019,29.620255],[106.504136,29.620255],[106.504136,29.620071],[106.504055,29.62007],[106.504055,29.619854],[106.503941,29.619832],[106.50397,29.619574],[106.504086,29.61934],[106.50408,29.618864],[106.504127,29.618625],[106.504131,29.618279],[106.504046,29.61828],[106.503728,29.618278],[106.5033,29.618276],[106.503268,29.618276],[106.503267,29.618388],[106.50314,29.618388],[106.50314,29.618275],[106.502198,29.618271],[106.502197,29.618383],[106.502069,29.618382],[106.50207,29.61827],[106.501984,29.618268],[106.501102,29.618264],[106.501099,29.619206],[106.501141,29.619254],[106.501183,29.61929],[106.501211,29.619335],[106.501221,29.619386],[106.501211,29.619437],[106.501183,29.619482],[106.50114,29.619518],[106.501105,29.619588],[106.501104,29.619717],[106.501158,29.619873],[106.501158,29.620255],[106.501535,29.620255]],[[106.502782,29.61836],[106.502782,29.618523],[106.50257,29.618523],[106.502569,29.618361],[106.502782,29.61836]],[[106.50217,29.61865],[106.502082,29.61865],[106.502073,29.618709],[106.502075,29.61877],[106.502076,29.618825],[106.502065,29.618909],[106.502084,29.618968],[106.502054,29.619022],[106.502056,29.619183],[106.502069,29.619329],[106.502009,29.619407],[106.502007,29.61954],[106.501942,29.619603],[106.501958,29.619681],[106.502062,29.61975],[106.50207,29.619865],[106.502103,29.619895],[106.502105,29.620101],[106.502124,29.620183],[106.502106,29.620255],[106.502032,29.620338],[106.501977,29.620426],[106.501937,29.620409],[106.501992,29.620284],[106.502065,29.620227],[106.502062,29.619913],[106.502028,29.619865],[106.501936,29.619847],[106.501929,29.619691],[106.501886,29.619504],[106.501901,29.619393],[106.501959,29.61923],[106.502004,29.619194],[106.501993,29.618869],[106.501982,29.61877],[106.501973,29.618685],[106.502061,29.618618],[106.502114,29.618619],[106.502115,29.618526],[106.502209,29.618527],[106.502208,29.61861],[106.502482,29.618611],[106.502482,29.61863],[106.502193,29.618628],[106.502193,29.618662],[106.50217,29.618662],[106.50217,29.61865]],[[106.503114,29.618529],[106.503208,29.61853],[106.503207,29.618622],[106.503254,29.618622],[106.503283,29.618655],[106.503303,29.618705],[106.503294,29.618778],[106.503288,29.618821],[106.50327,29.618903],[106.503302,29.619025],[106.503286,29.619068],[106.503283,29.619229],[106.503363,29.61934],[106.50336,29.61939],[106.503395,29.619409],[106.50341,29.61943],[106.503402,29.619546],[106.503377,29.619579],[106.503407,29.61962],[106.503404,29.619657],[106.503355,29.619685],[106.503352,29.619814],[106.503337,29.619847],[106.503227,29.619908],[106.503209,29.619945],[106.503203,29.620199],[106.50322,29.620246],[106.50332,29.620348],[106.503352,29.620407],[106.503311,29.620431],[106.503276,29.620373],[106.503199,29.620307],[106.503157,29.620232],[106.503159,29.619978],[106.503181,29.619908],[106.503229,29.619869],[106.503309,29.61974],[106.503352,29.619655],[106.50333,29.619591],[106.503333,29.619533],[106.503273,29.619468],[106.503283,29.619337],[106.503224,29.619227],[106.503232,29.619024],[106.503205,29.618978],[106.503203,29.61888],[106.503226,29.618829],[106.503226,29.618778],[106.503226,29.618653],[106.50315,29.618652],[106.50315,29.618665],[106.503127,29.618665],[106.503128,29.618631],[106.502839,29.618629],[106.502839,29.61861],[106.503113,29.618612],[106.503114,29.618529]],[[106.50382,29.61851],[106.503895,29.61851],[106.503889,29.619501],[106.503728,29.619501],[106.503729,29.619399],[106.503816,29.619106],[106.50382,29.61851]],[[106.502938,29.618874],[106.502936,29.620112],[106.502368,29.620112],[106.50237,29.618873],[106.502938,29.618874]],[[106.503826,29.619992],[106.503852,29.620013],[106.50382,29.620056],[106.503775,29.620018],[106.50373,29.61958],[106.503775,29.619579],[106.503826,29.619992]]]}},{"id":"('relation', 13751746)","type":"Feature","properties":{"amenity":null,"highway":"pedestrian","base_elevation":78},"geometry":{"type":"Polygon","coordinates":[[[106.548343,29.513555],[106.546666,29.5133],[106.546626,29.513351],[106.546418,29.513619],[106.546201,29.5139],[106.546185,29.513951],[106.546182,29.513997],[106.546184,29.514049],[106.546193,29.514097],[106.546209,29.514146],[106.546236,29.514184],[106.546267,29.514209],[106.546306,29.514227],[106.546353,29.514236],[106.547307,29.514023],[106.547421,29.513922],[106.547467,29.51389],[106.547497,29.513876],[106.547537,29.513866],[106.547586,29.513868],[106.547662,29.513878],[106.547677,29.513889],[106.54769,29.513913],[106.547696,29.513936],[106.548334,29.513794],[106.548423,29.513774],[106.548343,29.513555]],[[106.546894,29.513405],[106.546643,29.513701],[106.546598,29.513692],[106.546551,29.513662],[106.546516,29.513599],[106.546522,29.513574],[106.546599,29.513478],[106.546769,29.513504],[106.546855,29.5134],[106.546894,29.513405]],[[106.54824,29.51364],[106.548262,29.513654],[106.548275,29.513676],[106.548289,29.513728],[106.547599,29.51368],[106.547584,29.513705],[106.547867,29.5138],[106.547762,29.513861],[106.547478,29.513841],[106.547439,29.513844],[106.547402,29.513855],[106.547259,29.51394],[106.547034,29.513986],[106.547028,29.514033],[106.546837,29.514074],[106.546799,29.514071],[106.546767,29.514053],[106.546752,29.514034],[106.546728,29.513943],[106.54691,29.513911],[106.546911,29.513893],[106.547036,29.513872],[106.547059,29.513848],[106.547051,29.51382],[106.547021,29.513805],[106.54689,29.513782],[106.546739,29.513662],[106.546862,29.513545],[106.546954,29.513606],[106.546982,29.513608],[106.54709,29.513547],[106.547133,29.513531],[106.547182,29.513533],[106.547528,29.513578],[106.547538,29.513541],[106.54824,29.51364]],[[106.54636,29.514018],[106.546328,29.51401],[106.546309,29.513987],[106.546282,29.513928],[106.546283,29.513892],[106.546421,29.513719],[106.546442,29.513712],[106.546469,29.513712],[106.546506,29.513722],[106.54657,29.513758],[106.546594,29.513782],[106.546672,29.513881],[106.546663,29.513905],[106.546488,29.513994],[106.54636,29.514018]],[[106.546722,29.514071],[106.546714,29.514089],[106.546698,29.514099],[106.54634,29.514169],[106.546319,29.514166],[106.546297,29.514146],[106.546289,29.514124],[106.546301,29.514098],[106.546325,29.514077],[106.546608,29.514019],[106.546648,29.514018],[106.546685,29.514031],[106.546712,29.514047],[106.546722,29.514071]]]}},{"id":"('relation', 14081887)","type":"Feature","properties":{"amenity":null,"highway":"pedestrian","base_elevation":100},"geometry":{"type":"Polygon","coordinates":[[[106.506243,29.503941],[106.506217,29.503895],[106.506258,29.503876],[106.506283,29.503923],[106.506296,29.503946],[106.506331,29.503931],[106.506351,29.503967],[106.506369,29.50396],[106.506404,29.504021],[106.506488,29.503936],[106.506534,29.503836],[106.506542,29.503728],[106.506522,29.503664],[106.506509,29.503623],[106.506464,29.503565],[106.506439,29.503534],[106.506341,29.503468],[106.506223,29.503433],[106.506099,29.503433],[106.50607,29.503442],[106.506114,29.50352],[106.506096,29.503528],[106.506116,29.503564],[106.506082,29.503579],[106.506094,29.503601],[106.506119,29.50365],[106.506079,29.503667],[106.506052,29.503618],[106.50601,29.503542],[106.506054,29.503524],[106.506018,29.50346],[106.506,29.503464],[106.505976,29.503472],[106.505875,29.503541],[106.505841,29.503587],[106.505821,29.503614],[106.505807,29.503635],[106.505777,29.503743],[106.50579,29.503854],[106.505801,29.503873],[106.505845,29.503954],[106.505863,29.503971],[106.505889,29.503994],[106.505934,29.504034],[106.506049,29.504083],[106.506082,29.504087],[106.506113,29.50409],[106.506142,29.504093],[106.506176,29.504097],[106.506297,29.504075],[106.506337,29.504054],[106.506356,29.504045],[106.50633,29.503999],[106.506286,29.504017],[106.506243,29.503941]],[[106.506216,29.503881],[106.506171,29.503888],[106.50613,29.503883],[106.506092,29.503867],[106.506062,29.503842],[106.506043,29.503809],[106.506036,29.503773],[106.506042,29.503737],[106.506061,29.503704],[106.506091,29.503678],[106.506109,29.503671],[106.506231,29.503873],[106.506216,29.503881]]]}},{"id":"('relation', 19012094)","type":"Feature","properties":{"amenity":null,"highway":"pedestrian","base_elevation":67},"geometry":{"type":"Polygon","coordinates":[[[106.571887,29.577977],[106.571918,29.577964],[106.571918,29.577894],[106.57192,29.577885],[106.571927,29.577879],[106.571957,29.577862],[106.571968,29.577862],[106.571977,29.577864],[106.57205,29.577915],[106.572092,29.577907],[106.572123,29.577905],[106.572136,29.577904],[106.572224,29.577914],[106.571982,29.577807],[106.571979,29.577805],[106.571976,29.577802],[106.571974,29.577797],[106.571975,29.577792],[106.571977,29.577789],[106.571988,29.57777],[106.571989,29.577763],[106.571989,29.577758],[106.571987,29.577754],[106.571984,29.57775],[106.571892,29.577709],[106.571874,29.5777],[106.571858,29.577687],[106.571843,29.577672],[106.571736,29.577523],[106.571728,29.577497],[106.571727,29.577472],[106.571731,29.577437],[106.571735,29.577401],[106.571737,29.577374],[106.571388,29.577552],[106.571432,29.57756],[106.571479,29.577569],[106.571695,29.57761],[106.571721,29.577622],[106.571877,29.577823],[106.571883,29.577844],[106.571885,29.577862],[106.571884,29.577875],[106.571883,29.577885],[106.571862,29.577987],[106.571887,29.577977]],[[106.571899,29.577748],[106.5719,29.577744],[106.571902,29.577742],[106.571905,29.577741],[106.571909,29.577741],[106.571957,29.577756],[106.571964,29.57776],[106.571965,29.577765],[106.571963,29.577771],[106.571947,29.577791],[106.571942,29.577793],[106.571936,29.577792],[106.571931,29.57779],[106.571901,29.577751],[106.571899,29.577748]]]}},{"id":"('relation', 20130439)","type":"Feature","properties":{"amenity":null,"highway":"pedestrian","base_elevation":248},"geometry":{"type":"Polygon","coordinates":[[[106.502453,29.568983],[106.502454,29.569122],[106.502448,29.569147],[106.50267,29.569154],[106.50275,29.569195],[106.502787,29.569226],[106.502761,29.569246],[106.502814,29.569287],[106.502855,29.569318],[106.502888,29.569333],[106.50291,29.56931],[106.503145,29.569299],[106.503516,29.568975],[106.503415,29.568895],[106.503234,29.569055],[106.503085,29.568927],[106.503273,29.568762],[106.50321,29.568713],[106.503167,29.568747],[106.503129,29.56872],[106.503072,29.568766],[106.503036,29.568747],[106.502915,29.568859],[106.502738,29.56886],[106.502632,29.568956],[106.502454,29.568956],[106.502453,29.568983]]]}},{"id":"('relation', 20160206)","type":"Feature","properties":{"amenity":null,"highway":"pedestrian","base_elevation":118},"geometry":{"type":"Polygon","coordinates":[[[106.52748,29.578343],[106.527657,29.578384],[106.527689,29.578276],[106.52814,29.578285],[106.528193,29.578256],[106.528311,29.578414],[106.528229,29.578506],[106.528501,29.578572],[106.528604,29.578604],[106.52869,29.57864],[106.528791,29.578682],[106.528882,29.578729],[106.528982,29.578795],[106.529033,29.578747],[106.528396,29.578217],[106.528659,29.577987],[106.528748,29.577931],[106.528857,29.577885],[106.528976,29.577856],[106.529102,29.57784],[106.529194,29.577838],[106.529279,29.577843],[106.529373,29.57786],[106.529523,29.577693],[106.529108,29.577606],[106.529129,29.577557],[106.529157,29.577506],[106.528622,29.577185],[106.529387,29.576272],[106.529493,29.576201],[106.529643,29.576012],[106.530141,29.575413],[106.530005,29.575346],[106.529724,29.575208],[106.529499,29.575097],[106.529146,29.574918],[106.529061,29.574886],[106.528314,29.575744],[106.528929,29.576133],[106.528129,29.57708],[106.527904,29.576941],[106.527271,29.577719],[106.527378,29.577784],[106.527051,29.578203],[106.527171,29.57825],[106.52748,29.578343]],[[106.527957,29.577165],[106.527781,29.577379],[106.527637,29.577289],[106.527813,29.577075],[106.527957,29.577165]]]}},{"id":"('relation', 20388806)","type":"Feature","properties":{"amenity":null,"highway":"pedestrian","base_elevation":111},"geometry":{"type":"Polygon","coordinates":[[[106.513918,29.514288],[106.514156,29.514065],[106.514257,29.513897],[106.514309,29.513704],[106.514321,29.513496],[106.514303,29.513251],[106.514179,29.512662],[106.514081,29.512617],[106.514068,29.512517],[106.514131,29.512378],[106.514048,29.512365],[106.513395,29.512348],[106.51333,29.512347],[106.512425,29.512329],[106.512431,29.512112],[106.512429,29.51198],[106.51244,29.511676],[106.512516,29.511604],[106.512359,29.511619],[106.512267,29.511611],[106.512248,29.512239],[106.512136,29.512299],[106.511434,29.51224],[106.511294,29.51202],[106.511649,29.511535],[106.511522,29.511517],[106.511248,29.511479],[106.511236,29.511567],[106.511059,29.511831],[106.510825,29.511818],[106.510694,29.511467],[106.510737,29.511427],[106.510629,29.511429],[106.510569,29.511477],[106.510393,29.511531],[106.510302,29.511527],[106.510093,29.511533],[106.510197,29.5116],[106.510272,29.511836],[106.510262,29.511895],[106.510202,29.511965],[106.510099,29.512112],[106.510054,29.512262],[106.510025,29.512404],[106.509978,29.512445],[106.509721,29.512356],[106.509749,29.512417],[106.509499,29.512502],[106.509498,29.512727],[106.509406,29.512727],[106.509405,29.512804],[106.509237,29.512803],[106.509136,29.512949],[106.509353,29.513575],[106.509533,29.513689],[106.50959,29.513848],[106.509642,29.513992],[106.51027,29.513328],[106.510448,29.513351],[106.51048,29.513198],[106.510517,29.513204],[106.510548,29.513069],[106.510578,29.513036],[106.510617,29.513011],[106.510662,29.512995],[106.510713,29.512987],[106.510762,29.512992],[106.510812,29.513009],[106.510856,29.51304],[106.510877,29.51308],[106.510886,29.51314],[106.510869,29.513188],[106.510832,29.513222],[106.510789,29.513239],[106.510736,29.513245],[106.510667,29.513237],[106.510631,29.513373],[106.510802,29.51338],[106.510852,29.513382],[106.511121,29.513247],[106.511758,29.514206],[106.511406,29.514383],[106.511252,29.514463],[106.511121,29.514529],[106.510783,29.514708],[106.510705,29.514603],[106.510285,29.514832],[106.510395,29.514959],[106.510535,29.515004],[106.510851,29.515106],[106.510891,29.515017],[106.51082,29.51491],[106.511051,29.514795],[106.511111,29.514764],[106.511161,29.514738],[106.511533,29.514554],[106.511551,29.514545],[106.511735,29.514454],[106.511938,29.514481],[106.512053,29.514652],[106.512078,29.514685],[106.512092,29.514704],[106.512256,29.514941],[106.512291,29.515155],[106.51235,29.515135],[106.512373,29.515038],[106.512488,29.514983],[106.512623,29.514919],[106.512641,29.51491],[106.512706,29.514928],[106.512817,29.514882],[106.512383,29.514184],[106.512486,29.514134],[106.512525,29.514014],[106.512953,29.513805],[106.513088,29.514021],[106.51345,29.514572],[106.513595,29.514492],[106.513821,29.514348],[106.513918,29.514288]],[[106.512733,29.513652],[106.512764,29.513699],[106.512394,29.513884],[106.51238,29.513894],[106.51211,29.514025],[106.511857,29.513627],[106.511848,29.51361],[106.511838,29.513588],[106.511548,29.51314],[106.51166,29.513085],[106.511707,29.513157],[106.511717,29.513152],[106.512097,29.512963],[106.512086,29.512944],[106.511818,29.512556],[106.512087,29.512595],[106.512134,29.512612],[106.512165,29.512637],[106.512186,29.512677],[106.512188,29.512722],[106.512195,29.512773],[106.512215,29.512835],[106.512231,29.512874],[106.51224,29.512893],[106.512464,29.513229],[106.512495,29.513287],[106.512514,29.513322],[106.512733,29.513652]],[[106.514212,29.513265],[106.514231,29.513495],[106.51421,29.513691],[106.51416,29.513874],[106.514072,29.514032],[106.513936,29.514201],[106.513854,29.514166],[106.513814,29.514237],[106.513776,29.514306],[106.513578,29.514221],[106.513214,29.513663],[106.513377,29.513376],[106.513327,29.513303],[106.513205,29.513363],[106.513065,29.513409],[106.513038,29.5135],[106.512898,29.513571],[106.512714,29.513296],[106.512682,29.513258],[106.512515,29.513015],[106.512519,29.51298],[106.512413,29.51283],[106.512412,29.512671],[106.512411,29.512555],[106.512558,29.512555],[106.512559,29.512748],[106.512955,29.512756],[106.512906,29.512682],[106.51408,29.512737],[106.513868,29.513115],[106.514212,29.513265]]]}},{"id":"('relation', 20594996)","type":"Feature","properties":{"amenity":null,"highway":"pedestrian","base_elevation":84},"geometry":{"type":"Polygon","coordinates":[[[106.570147,29.563641],[106.570154,29.56326],[106.570181,29.56326],[106.570183,29.563098],[106.570377,29.563101],[106.570379,29.562978],[106.570416,29.562978],[106.570419,29.562829],[106.57042,29.562759],[106.56949,29.562746],[106.56949,29.562751],[106.56941,29.56275],[106.569409,29.562812],[106.569367,29.562812],[106.569366,29.562893],[106.569364,29.562954],[106.569409,29.562955],[106.569407,29.563073],[106.569407,29.563092],[106.56961,29.563095],[106.569607,29.56325],[106.569622,29.56325],[106.569615,29.563655],[106.569649,29.563655],[106.569647,29.563754],[106.569782,29.563756],[106.56995,29.563759],[106.570088,29.563761],[106.570091,29.56364],[106.570147,29.563641]],[[106.569601,29.562961],[106.569603,29.562864],[106.569727,29.562866],[106.569726,29.562963],[106.569601,29.562961]],[[106.57005,29.562966],[106.570052,29.562869],[106.570176,29.562871],[106.570174,29.562968],[106.57005,29.562966]]]}},{"id":"('relation', 20701209)","type":"Feature","properties":{"amenity":null,"highway":"pedestrian","base_elevation":118},"geometry":{"type":"Polygon","coordinates":[[[106.573558,29.560652],[106.573721,29.560539],[106.573868,29.560438],[106.573756,29.560303],[106.573828,29.560007],[106.573767,29.559909],[106.573739,29.559861],[106.573711,29.559813],[106.573249,29.559738],[106.573136,29.559797],[106.57297,29.559862],[106.573035,29.559938],[106.572979,29.560117],[106.572769,29.560217],[106.572831,29.560327],[106.572994,29.560587],[106.573558,29.560652]],[[106.573383,29.559997],[106.57342,29.560009],[106.57345,29.560032],[106.573471,29.560062],[106.573479,29.560096],[106.573475,29.56013],[106.573458,29.560161],[106.57343,29.560187],[106.573395,29.560202],[106.573354,29.560208],[106.573314,29.560201],[106.573279,29.560183],[106.573252,29.560157],[106.573237,29.560124],[106.573235,29.560088],[106.573247,29.560054],[106.57327,29.560025],[106.573304,29.560005],[106.573343,29.559995],[106.573383,29.559997]]]}},{"id":"('way', 59146709)","type":"Feature","properties":{"amenity":null,"highway":"pedestrian","base_elevation":102},"geometry":{"type":"LineString","coordinates":[[106.573182,29.563945],[106.573001,29.563908],[106.572948,29.563898],[106.572825,29.563878],[106.572538,29.563814]]}},{"id":"('way', 59146715)","type":"Feature","properties":{"amenity":null,"highway":"pedestrian","base_elevation":118},"geometry":{"type":"LineString","coordinates":[[106.573545,29.560321],[106.57308,29.560221],[106.572831,29.560327],[106.572476,29.560502],[106.571578,29.560925]]}},{"id":"('way', 59146729)","type":"Feature","properties":{"amenity":null,"highway":"pedestrian","base_elevation":128},"geometry":{"type":"LineString","coordinates":[[106.574898,29.560957],[106.574262,29.561229],[106.574012,29.561373],[106.573479,29.561618]]}},{"id":"('way', 59146772)","type":"Feature","properties":{"amenity":null,"highway":"pedestrian","base_elevation":125},"geometry":{"type":"LineString","coordinates":[[106.575446,29.562606],[106.574875,29.561939],[106.574262,29.561229],[106.573831,29.560675],[106.573721,29.560539],[106.573545,29.560321]]}},{"id":"('way', 59146776)","type":"Feature","properties":{"amenity":null,"highway":"pedestrian","base_elevation":118},"geometry":{"type":"LineString","coordinates":[[106.57308,29.560221],[106.573197,29.559875],[106.573136,29.559797],[106.572739,29.559225],[106.572299,29.558595]]}},{"id":"('way', 150506142)","type":"Feature","properties":{"amenity":"parking","highway":null,"base_elevation":162},"geometry":{"type":"Polygon","coordinates":[[[106.504122,29.535041],[106.504315,29.535042],[106.504316,29.53485],[106.504119,29.53485],[106.504122,29.535041]]]}},{"id":"('way', 150506143)","type":"Feature","properties":{"amenity":"parking","highway":null,"base_elevation":160},"geometry":{"type":"Polygon","coordinates":[[[106.504134,29.535969],[106.504307,29.535968],[106.504308,29.535806],[106.504133,29.535806],[106.504134,29.535969]]]}},{"id":"('way', 150507553)","type":"Feature","properties":{"amenity":"parking","highway":null,"base_elevation":160},"geometry":{"type":"Polygon","coordinates":[[[106.505949,29.537256],[106.506547,29.537254],[106.506544,29.53716],[106.505946,29.537157],[106.505949,29.537256]]]}},{"id":"('way', 150519112)","type":"Feature","properties":{"amenity":"parking","highway":null,"base_elevation":168},"geometry":{"type":"Polygon","coordinates":[[[106.501398,29.537332],[106.50195,29.537327],[106.501921,29.537227],[106.501871,29.537171],[106.501802,29.537155],[106.50139,29.537155],[106.501398,29.537332]]]}},{"id":"('way', 151362304)","type":"Feature","properties":{"amenity":null,"highway":"pedestrian","base_elevation":189},"geometry":{"type":"LineString","coordinates":[[106.516085,29.544305],[106.516241,29.543636],[106.516218,29.543282]]}},{"id":"('way', 176115053)","type":"Feature","properties":{"amenity":null,"highway":"pedestrian","base_elevation":71},"geometry":{"type":"Polygon","coordinates":[[[106.54768,29.564331],[106.547663,29.564333],[106.547654,29.564346],[106.547589,29.564452],[106.547575,29.564474],[106.547548,29.564521],[106.547521,29.564567],[106.547508,29.56462],[106.547493,29.564675],[106.547488,29.564732],[106.547489,29.56476],[106.54749,29.56478],[106.5475,29.564832],[106.547516,29.564898],[106.547541,29.564958],[106.547561,29.565005],[106.547591,29.56506],[106.547628,29.565104],[106.54766,29.565138],[106.547715,29.565182],[106.547746,29.565206],[106.547768,29.565221],[106.547862,29.565367],[106.547894,29.565391],[106.547921,29.565402],[106.547941,29.565403],[106.547949,29.565403],[106.548083,29.565387],[106.548054,29.565194],[106.548103,29.565186],[106.54825,29.565163],[106.548202,29.564934],[106.548683,29.564857],[106.548721,29.565034],[106.548761,29.565026],[106.548791,29.56502],[106.548794,29.565012],[106.548798,29.564998],[106.548807,29.564978],[106.548822,29.56496],[106.548832,29.56495],[106.548853,29.564942],[106.54888,29.564937],[106.548904,29.564939],[106.548917,29.564945],[106.548941,29.564958],[106.548963,29.564974],[106.548974,29.564989],[106.549,29.564988],[106.549017,29.564986],[106.548977,29.5648],[106.549101,29.56478],[106.549075,29.564655],[106.549068,29.564626],[106.549052,29.564565],[106.549037,29.564513],[106.549004,29.56437],[106.548993,29.564334],[106.548935,29.564343],[106.548918,29.56431],[106.548849,29.564144],[106.548837,29.564115],[106.548815,29.564085],[106.548784,29.564061],[106.548747,29.564045],[106.548706,29.564038],[106.548646,29.564036],[106.548607,29.564048],[106.548573,29.564067],[106.548545,29.564094],[106.548527,29.564126],[106.548519,29.564162],[106.54852,29.56419],[106.548555,29.564354],[106.547931,29.564467],[106.547769,29.56439],[106.547733,29.564336],[106.54768,29.564331]]]}},{"id":"('way', 176482881)","type":"Feature","properties":{"amenity":null,"highway":"pedestrian","base_elevation":113},"geometry":{"type":"LineString","coordinates":[[106.569771,29.556942],[106.569871,29.557023],[106.570297,29.557381]]}},{"id":"('way', 176968752)","type":"Feature","properties":{"amenity":"parking","highway":null,"base_elevation":54},"geometry":{"type":"Polygon","coordinates":[[[106.544499,29.553062],[106.544873,29.552563],[106.544915,29.552542],[106.544969,29.552539],[106.545014,29.552552],[106.545463,29.552804],[106.54557,29.552848],[106.545634,29.553002],[106.545755,29.552974],[106.545856,29.553034],[106.545687,29.553109],[106.545361,29.55325],[106.545079,29.553349],[106.545009,29.553197],[106.544863,29.553281],[106.544499,29.553062]]]}},{"id":"('way', 277926980)","type":"Feature","properties":{"amenity":"parking","highway":null,"base_elevation":303},"geometry":{"type":"Polygon","coordinates":[[[106.609319,29.554885],[106.609855,29.554978],[106.609829,29.555436],[106.609855,29.555851],[106.609517,29.556668],[106.609271,29.55698],[106.609185,29.557046],[106.608981,29.557097],[106.608761,29.557097],[106.608799,29.556649],[106.609319,29.554885]]]}},{"id":"('way', 304631394)","type":"Feature","properties":{"amenity":"parking","highway":null,"base_elevation":135},"geometry":{"type":"Polygon","coordinates":[[[106.504829,29.610661],[106.504831,29.610789],[106.505661,29.610782],[106.50566,29.610653],[106.504829,29.610661]]]}},{"id":"('way', 312012698)","type":"Feature","properties":{"amenity":"parking","highway":null,"base_elevation":109},"geometry":{"type":"Polygon","coordinates":[[[106.549161,29.610754],[106.549156,29.610467],[106.548656,29.610481],[106.54866,29.610403],[106.548151,29.61042],[106.548058,29.610404],[106.548083,29.610339],[106.548096,29.610274],[106.548661,29.61025],[106.548693,29.610109],[106.549065,29.610094],[106.549033,29.609848],[106.549664,29.609803],[106.549783,29.610066],[106.549784,29.610673],[106.549784,29.610731],[106.549161,29.610754]]]}},{"id":"('way', 312090247)","type":"Feature","properties":{"amenity":null,"highway":"pedestrian","base_elevation":74},"geometry":{"type":"LineString","coordinates":[[106.568583,29.553454],[106.56866,29.553603],[106.568683,29.553652],[106.568775,29.553809],[106.568853,29.553943],[106.569006,29.554205],[106.569091,29.554414],[106.569133,29.554514],[106.569266,29.554831]]}},{"id":"('way', 312090248)","type":"Feature","properties":{"amenity":null,"highway":"pedestrian","base_elevation":98},"geometry":{"type":"LineString","coordinates":[[106.569266,29.554831],[106.569444,29.554921],[106.569518,29.555043],[106.569688,29.555319]]}},{"id":"('way', 412488878)","type":"Feature","properties":{"amenity":null,"highway":"pedestrian","base_elevation":148},"geometry":{"type":"LineString","coordinates":[[106.554979,29.529557],[106.554983,29.529845],[106.554987,29.53008]]}},{"id":"('way', 412677888)","type":"Feature","properties":{"amenity":null,"highway":"pedestrian","base_elevation":150},"geometry":{"type":"LineString","coordinates":[[106.560548,29.528951],[106.562318,29.528937],[106.563706,29.528927]]}},{"id":"('way', 439794356)","type":"Feature","properties":{"amenity":null,"highway":"pedestrian","base_elevation":141},"geometry":{"type":"LineString","coordinates":[[106.564889,29.53569],[106.565425,29.536979],[106.565446,29.538545]]}},{"id":"('way', 439794358)","type":"Feature","properties":{"amenity":null,"highway":"pedestrian","base_elevation":83},"geometry":{"type":"LineString","coordinates":[[106.573022,29.528992],[106.573594,29.530348],[106.574183,29.531684],[106.574219,29.531761]]}},{"id":"('way', 439794361)","type":"Feature","properties":{"amenity":null,"highway":"pedestrian","base_elevation":73},"geometry":{"type":"LineString","coordinates":[[106.571739,29.53073],[106.573594,29.530348],[106.575816,29.529891],[106.576088,29.529835],[106.576388,29.529851]]}},{"id":"('way', 531275583)","type":"Feature","properties":{"amenity":"parking","highway":null,"base_elevation":56},"geometry":{"type":"Polygon","coordinates":[[[106.52128,29.560845],[106.521949,29.560814],[106.522468,29.561229],[106.522458,29.561581],[106.524421,29.561652],[106.523967,29.560331],[106.523906,29.560095],[106.523838,29.559734],[106.523755,29.558982],[106.523365,29.558994],[106.52334,29.558995],[106.523314,29.558996],[106.521299,29.559068],[106.52116,29.559177],[106.52128,29.560845]]]}},{"id":"('way', 567853330)","type":"Feature","properties":{"amenity":null,"highway":"pedestrian","base_elevation":153},"geometry":{"type":"Polygon","coordinates":[[[106.550915,29.587357],[106.550449,29.587355],[106.550303,29.587851],[106.550539,29.587999],[106.550596,29.588013],[106.55068,29.588034],[106.55079,29.58802],[106.550904,29.587942],[106.55115,29.587914],[106.550915,29.587357]]]}},{"id":"('way', 583427234)","type":"Feature","properties":{"amenity":"parking","highway":null,"base_elevation":209},"geometry":{"type":"Polygon","coordinates":[[[106.532147,29.551345],[106.532591,29.551416],[106.532683,29.5511],[106.532181,29.551011],[106.532103,29.551257],[106.532147,29.551345]]]}},{"id":"('way', 585364865)","type":"Feature","properties":{"amenity":"parking","highway":null,"base_elevation":59},"geometry":{"type":"Polygon","coordinates":[[[106.576538,29.571947],[106.577557,29.57196],[106.577561,29.57191],[106.577479,29.57191],[106.577472,29.571867],[106.57737,29.571867],[106.577373,29.571775],[106.577313,29.571769],[106.577313,29.571726],[106.576839,29.571713],[106.576842,29.571759],[106.576662,29.571756],[106.576538,29.571947]]]}},{"id":"('way', 589450449)","type":"Feature","properties":{"amenity":null,"highway":"pedestrian","base_elevation":125},"geometry":{"type":"LineString","coordinates":[[106.574307,29.559621],[106.573767,29.559909],[106.573645,29.559974],[106.573545,29.560321]]}},{"id":"('way', 598499332)","type":"Feature","properties":{"amenity":"parking","highway":null,"base_elevation":89},"geometry":{"type":"Polygon","coordinates":[[[106.520098,29.512227],[106.520297,29.512206],[106.520466,29.512189],[106.520512,29.512416],[106.520593,29.51282],[106.520681,29.514144],[106.520467,29.514154],[106.520435,29.514155],[106.520252,29.514163],[106.520119,29.512484],[106.520098,29.512227]]]}},{"id":"('way', 689868776)","type":"Feature","properties":{"amenity":null,"highway":"pedestrian","base_elevation":154},"geometry":{"type":"LineString","coordinates":[[106.566592,29.5278],[106.566482,29.527947],[106.566226,29.528389],[106.566095,29.528605],[106.565945,29.528806],[106.565788,29.529017],[106.56531,29.529569],[106.564798,29.530124],[106.564128,29.530906]]}},{"id":"('way', 701468098)","type":"Feature","properties":{"amenity":"parking","highway":null,"base_elevation":115},"geometry":{"type":"Polygon","coordinates":[[[106.503229,29.580355],[106.503861,29.580542],[106.503979,29.580239],[106.503347,29.580051],[106.503229,29.580355]]]}},{"id":"('way', 705956148)","type":"Feature","properties":{"amenity":"parking","highway":null,"base_elevation":37},"geometry":{"type":"Polygon","coordinates":[[[106.587513,29.607404],[106.587154,29.60681],[106.588045,29.606626],[106.588079,29.606715],[106.587782,29.607197],[106.587655,29.607353],[106.587513,29.607404]]]}},{"id":"('way', 733056762)","type":"Feature","properties":{"amenity":null,"highway":"pedestrian","base_elevation":295},"geometry":{"type":"LineString","coordinates":[[106.597848,29.541336],[106.598168,29.541094],[106.598237,29.541011],[106.599137,29.539623],[106.599341,29.539452],[106.599467,29.539416],[106.599597,29.539396],[106.599795,29.539383],[106.600035,29.539318],[106.600155,29.539263],[106.600254,29.539231],[106.600376,29.539194],[106.600651,29.539082]]}},{"id":"('way', 734031548)","type":"Feature","properties":{"amenity":null,"highway":"pedestrian","base_elevation":35},"geometry":{"type":"Polygon","coordinates":[[[106.534588,29.556753],[106.534573,29.556753],[106.534362,29.556739],[106.534196,29.556598],[106.534185,29.556508],[106.533768,29.556148],[106.533774,29.556067],[106.533774,29.556041],[106.533773,29.556018],[106.534588,29.556753]]]}},{"id":"('way', 734108983)","type":"Feature","properties":{"amenity":null,"highway":"pedestrian","base_elevation":411},"geometry":{"type":"Polygon","coordinates":[[[106.615155,29.57001],[106.615311,29.570162],[106.615515,29.570005],[106.615381,29.569874],[106.615359,29.569852],[106.61526,29.569928],[106.615155,29.57001]]]}},{"id":"('way', 734109002)","type":"Feature","properties":{"amenity":null,"highway":"pedestrian","base_elevation":83},"geometry":{"type":"LineString","coordinates":[[106.576107,29.554481],[106.576071,29.554575]]}},{"id":"('way', 734109006)","type":"Feature","properties":{"amenity":null,"highway":"pedestrian","base_elevation":73},"geometry":{"type":"LineString","coordinates":[[106.575223,29.554091],[106.575265,29.554033],[106.575452,29.553787]]}},{"id":"('way', 749334275)","type":"Feature","properties":{"amenity":null,"highway":"pedestrian","base_elevation":101},"geometry":{"type":"Polygon","coordinates":[[[106.547884,29.559087],[106.548195,29.558954],[106.54841,29.558862],[106.548678,29.558747],[106.548811,29.558689],[106.548868,29.55865],[106.548909,29.558598],[106.548928,29.558537],[106.548924,29.558469],[106.548892,29.558406],[106.548839,29.558356],[106.548768,29.558324],[106.54869,29.558315],[106.548613,29.55833],[106.547686,29.558728],[106.547624,29.558771],[106.547584,29.55883],[106.547568,29.558897],[106.547579,29.558965],[106.547616,29.559026],[106.547675,29.559072],[106.547742,29.559096],[106.547814,29.559102],[106.547884,29.559087]]]}},{"id":"('way', 804790937)","type":"Feature","properties":{"amenity":null,"highway":"pedestrian","base_elevation":123},"geometry":{"type":"LineString","coordinates":[[106.572739,29.559225],[106.573209,29.558968],[106.573463,29.559331],[106.574023,29.55905]]}},{"id":"('way', 804790938)","type":"Feature","properties":{"amenity":null,"highway":"pedestrian","base_elevation":130},"geometry":{"type":"LineString","coordinates":[[106.574597,29.560244],[106.573831,29.560675]]}},{"id":"('way', 809027102)","type":"Feature","properties":{"amenity":"parking","highway":null,"base_elevation":87},"geometry":{"type":"Polygon","coordinates":[[[106.64768,29.517219],[106.648029,29.517056],[106.648449,29.516859],[106.648471,29.516896],[106.648695,29.517258],[106.647926,29.517618],[106.64768,29.517219]]]}},{"id":"('way', 809232741)","type":"Feature","properties":{"amenity":"parking","highway":null,"base_elevation":155},"geometry":{"type":"Polygon","coordinates":[[[106.55413,29.53148],[106.553961,29.531305],[106.554031,29.531255],[106.554196,29.531247],[106.556965,29.531272],[106.558791,29.53128],[106.558784,29.531473],[106.555601,29.531412],[106.555381,29.531383],[106.554261,29.531379],[106.55413,29.53148]]]}},{"id":"('way', 809248573)","type":"Feature","properties":{"amenity":null,"highway":"pedestrian","base_elevation":178},"geometry":{"type":"Polygon","coordinates":[[[106.526124,29.550534],[106.526167,29.550508],[106.5262,29.550488],[106.526153,29.550428],[106.526106,29.550456],[106.526077,29.550474],[106.526124,29.550534]]]}},{"id":"('way', 809248574)","type":"Feature","properties":{"amenity":null,"highway":"pedestrian","base_elevation":169},"geometry":{"type":"Polygon","coordinates":[[[106.526316,29.550703],[106.526366,29.550668],[106.52638,29.550659],[106.526328,29.550603],[106.52629,29.550629],[106.526265,29.550647],[106.526316,29.550703]]]}},{"id":"('way', 809713448)","type":"Feature","properties":{"amenity":"parking","highway":null,"base_elevation":107},"geometry":{"type":"Polygon","coordinates":[[[106.570837,29.563192],[106.570775,29.563048],[106.570794,29.563018],[106.570848,29.563041],[106.570909,29.563004],[106.571023,29.562816],[106.57118,29.56289],[106.571058,29.563081],[106.571096,29.563096],[106.57109,29.563118],[106.571074,29.563129],[106.571041,29.563115],[106.571011,29.563122],[106.570975,29.563151],[106.57095,29.563187],[106.570955,29.56323],[106.570982,29.563257],[106.570974,29.563281],[106.570955,29.563283],[106.57085,29.563196],[106.570837,29.563192]]]}},{"id":"('way', 809713533)","type":"Feature","properties":{"amenity":"parking","highway":null,"base_elevation":109},"geometry":{"type":"Polygon","coordinates":[[[106.571985,29.56347],[106.572011,29.563418],[106.57192,29.563383],[106.571976,29.563275],[106.572105,29.563326],[106.572149,29.56324],[106.5725,29.563376],[106.572485,29.563405],[106.572521,29.563419],[106.572453,29.563552],[106.572537,29.563585],[106.572524,29.563612],[106.572495,29.563668],[106.571985,29.56347]]]}},{"id":"('way', 809716645)","type":"Feature","properties":{"amenity":"parking","highway":null,"base_elevation":61},"geometry":{"type":"Polygon","coordinates":[[[106.576555,29.5755],[106.576525,29.575508],[106.576178,29.575601],[106.576205,29.575661],[106.576154,29.575685],[106.576207,29.575783],[106.576472,29.575702],[106.576499,29.575694],[106.57653,29.575587],[106.576555,29.5755]]]}},{"id":"('way', 809885263)","type":"Feature","properties":{"amenity":"parking","highway":null,"base_elevation":71},"geometry":{"type":"Polygon","coordinates":[[[106.541534,29.571852],[106.541507,29.571561],[106.541652,29.571554],[106.541695,29.571598],[106.542438,29.571871],[106.54301,29.572057],[106.543162,29.57213],[106.543128,29.572209],[106.543584,29.572375],[106.543667,29.572244],[106.544168,29.572368],[106.544799,29.572475],[106.544796,29.57261],[106.544925,29.572638],[106.545067,29.572638],[106.545238,29.572596],[106.545276,29.572669],[106.545214,29.572781],[106.545027,29.572762],[106.54452,29.572746],[106.544383,29.572727],[106.54419,29.572652],[106.543492,29.572447],[106.542819,29.572165],[106.54202,29.571889],[106.541736,29.571852],[106.541534,29.571852]]]}},{"id":"('way', 809885284)","type":"Feature","properties":{"amenity":"parking","highway":null,"base_elevation":74},"geometry":{"type":"Polygon","coordinates":[[[106.546767,29.572936],[106.546742,29.572835],[106.546845,29.572742],[106.54701,29.572739],[106.54715,29.572737],[106.547187,29.572791],[106.547093,29.572847],[106.546838,29.572915],[106.546781,29.572938],[106.546767,29.572936]]]}},{"id":"('way', 809893052)","type":"Feature","properties":{"amenity":"parking","highway":null,"base_elevation":54},"geometry":{"type":"Polygon","coordinates":[[[106.543173,29.551083],[106.543337,29.550526],[106.54361,29.55064],[106.543329,29.551127],[106.543173,29.551083]]]}},{"id":"('way', 809935690)","type":"Feature","properties":{"amenity":"parking","highway":null,"base_elevation":136},"geometry":{"type":"Polygon","coordinates":[[[106.510922,29.520029],[106.51093,29.519488],[106.511475,29.519184],[106.511791,29.519826],[106.511773,29.520008],[106.510922,29.520029]]]}},{"id":"('way', 809935718)","type":"Feature","properties":{"amenity":"parking","highway":null,"base_elevation":131},"geometry":{"type":"Polygon","coordinates":[[[106.506011,29.519861],[106.506025,29.51939],[106.506574,29.519385],[106.506979,29.519376],[106.507044,29.519436],[106.506658,29.519868],[106.506011,29.519861]]]}},{"id":"('way', 809935719)","type":"Feature","properties":{"amenity":"parking","highway":null,"base_elevation":129},"geometry":{"type":"Polygon","coordinates":[[[106.505522,29.519915],[106.50525,29.519733],[106.505366,29.519372],[106.505734,29.519311],[106.505812,29.519324],[106.505872,29.519362],[106.505906,29.519421],[106.505904,29.519912],[106.505522,29.519915]]]}},{"id":"('way', 809969405)","type":"Feature","properties":{"amenity":"parking","highway":null,"base_elevation":69},"geometry":{"type":"Polygon","coordinates":[[[106.527004,29.560804],[106.5269,29.560691],[106.526917,29.56032],[106.526929,29.560283],[106.526952,29.560254],[106.526989,29.560228],[106.527112,29.560298],[106.527206,29.560344],[106.527319,29.560377],[106.527764,29.560446],[106.527777,29.560648],[106.527595,29.560722],[106.527484,29.560812],[106.527004,29.560804]]]}},{"id":"('way', 810032632)","type":"Feature","properties":{"amenity":"parking","highway":null,"base_elevation":117},"geometry":{"type":"Polygon","coordinates":[[[106.595394,29.572889],[106.595947,29.573219],[106.596095,29.573032],[106.595856,29.572889],[106.595917,29.572812],[106.595604,29.572624],[106.595394,29.572889]]]}},{"id":"('way', 810032637)","type":"Feature","properties":{"amenity":"parking","highway":null,"base_elevation":72},"geometry":{"type":"Polygon","coordinates":[[[106.592078,29.572134],[106.59204,29.572081],[106.591861,29.572001],[106.591947,29.571871],[106.592225,29.571808],[106.592341,29.571838],[106.592644,29.572109],[106.592437,29.572335],[106.592231,29.572204],[106.592142,29.572181],[106.592078,29.572134]]]}},{"id":"('way', 810032646)","type":"Feature","properties":{"amenity":"parking","highway":null,"base_elevation":115},"geometry":{"type":"Polygon","coordinates":[[[106.595616,29.572151],[106.595071,29.571808],[106.595001,29.571829],[106.594999,29.571927],[106.594677,29.571997],[106.594653,29.57198],[106.594516,29.571999],[106.59442,29.571805],[106.594476,29.57178],[106.594725,29.571735],[106.594846,29.571663],[106.595015,29.571724],[106.595168,29.571635],[106.595267,29.571626],[106.595412,29.571668],[106.595691,29.571831],[106.595846,29.571861],[106.595798,29.571969],[106.59575,29.57209],[106.595616,29.572151]]]}},{"id":"('way', 810032666)","type":"Feature","properties":{"amenity":"parking","highway":null,"base_elevation":91},"geometry":{"type":"Polygon","coordinates":[[[106.58266,29.564027],[106.582635,29.5638],[106.583108,29.563853],[106.583181,29.563882],[106.583193,29.563919],[106.58304,29.563956],[106.58266,29.564027]]]}},{"id":"('way', 810049697)","type":"Feature","properties":{"amenity":"parking","highway":null,"base_elevation":78},"geometry":{"type":"Polygon","coordinates":[[[106.591177,29.55802],[106.59111,29.557805],[106.591309,29.557715],[106.591426,29.557636],[106.591515,29.557633],[106.591564,29.557666],[106.591607,29.557899],[106.591217,29.557988],[106.591177,29.55802]]]}},{"id":"('way', 810049719)","type":"Feature","properties":{"amenity":"parking","highway":null,"base_elevation":87},"geometry":{"type":"Polygon","coordinates":[[[106.593797,29.563379],[106.593942,29.563356],[106.59406,29.563659],[106.594226,29.563708],[106.594532,29.563671],[106.59469,29.563521],[106.594865,29.563479],[106.59491,29.563426],[106.594918,29.563309],[106.594817,29.562925],[106.594403,29.563052],[106.594226,29.563099],[106.59376,29.563267],[106.593797,29.563379]]]}},{"id":"('way', 810049722)","type":"Feature","properties":{"amenity":"parking","highway":null,"base_elevation":77},"geometry":{"type":"Polygon","coordinates":[[[106.592244,29.559882],[106.592452,29.559619],[106.592551,29.559679],[106.592347,29.559936],[106.592322,29.559968],[106.592223,29.559908],[106.592244,29.559882]]]}},{"id":"('way', 810327945)","type":"Feature","properties":{"amenity":"parking","highway":null,"base_elevation":90},"geometry":{"type":"Polygon","coordinates":[[[106.583795,29.537717],[106.583795,29.5375],[106.584549,29.53747],[106.584675,29.537759],[106.583939,29.537778],[106.583936,29.537708],[106.583795,29.537717]]]}},{"id":"('way', 810332179)","type":"Feature","properties":{"amenity":"parking","highway":null,"base_elevation":132},"geometry":{"type":"Polygon","coordinates":[[[106.56954,29.52844],[106.569536,29.528199],[106.569685,29.528197],[106.569688,29.528438],[106.56954,29.52844]]]}},{"id":"('way', 810332188)","type":"Feature","properties":{"amenity":"parking","highway":null,"base_elevation":140},"geometry":{"type":"Polygon","coordinates":[[[106.568997,29.526209],[106.569303,29.526423],[106.569343,29.526379],[106.569638,29.526585],[106.570049,29.52614],[106.56945,29.52572],[106.568997,29.526209]]]}},{"id":"('way', 810332206)","type":"Feature","properties":{"amenity":"parking","highway":null,"base_elevation":121},"geometry":{"type":"Polygon","coordinates":[[[106.5726,29.534067],[106.57242,29.533906],[106.572487,29.533834],[106.572613,29.533773],[106.573007,29.53347],[106.573136,29.533596],[106.5726,29.534067]]]}},{"id":"('way', 810335126)","type":"Feature","properties":{"amenity":null,"highway":"pedestrian","base_elevation":73},"geometry":{"type":"Polygon","coordinates":[[[106.574273,29.553742],[106.574154,29.553656],[106.574153,29.553622],[106.574173,29.553573],[106.574247,29.553506],[106.574438,29.55332],[106.574527,29.5532],[106.574555,29.553195],[106.574608,29.553198],[106.57468,29.553251],[106.575199,29.553601],[106.575317,29.553705],[106.575377,29.553742],[106.57535,29.553776],[106.575195,29.553656],[106.575008,29.5536],[106.574631,29.553336],[106.574606,29.553337],[106.574566,29.553332],[106.574529,29.553368],[106.574504,29.553349],[106.574391,29.55346],[106.574353,29.553442],[106.5743,29.553495],[106.574309,29.553549],[106.574317,29.553661],[106.574348,29.553659],[106.574519,29.55379],[106.574625,29.553848],[106.574799,29.553973],[106.574838,29.553963],[106.574885,29.553975],[106.574918,29.554],[106.574918,29.554017],[106.574906,29.554046],[106.575066,29.554199],[106.575118,29.554254],[106.575088,29.554296],[106.574273,29.553742]]]}},{"id":"('way', 810336054)","type":"Feature","properties":{"amenity":"parking","highway":null,"base_elevation":107},"geometry":{"type":"Polygon","coordinates":[[[106.59108,29.549903],[106.591047,29.549752],[106.591139,29.549737],[106.591489,29.549579],[106.591694,29.549546],[106.591743,29.549497],[106.591885,29.549355],[106.59193,29.549345],[106.591938,29.549411],[106.591898,29.549443],[106.591673,29.549718],[106.59108,29.549903]]]}},{"id":"('way', 810336055)","type":"Feature","properties":{"amenity":"parking","highway":null,"base_elevation":104},"geometry":{"type":"Polygon","coordinates":[[[106.591163,29.550053],[106.591123,29.549926],[106.591704,29.549737],[106.591917,29.549455],[106.592056,29.549367],[106.592067,29.549511],[106.591774,29.549866],[106.591163,29.550053]]]}},{"id":"('way', 810470878)","type":"Feature","properties":{"amenity":"parking","highway":null,"base_elevation":91},"geometry":{"type":"Polygon","coordinates":[[[106.535827,29.57251],[106.537154,29.572431],[106.538477,29.572382],[106.538603,29.572452],[106.538782,29.572662],[106.538854,29.572656],[106.538818,29.572506],[106.538752,29.572424],[106.538689,29.572361],[106.538614,29.572308],[106.538541,29.572275],[106.538467,29.572256],[106.538404,29.572248],[106.538317,29.572248],[106.536177,29.572345],[106.536029,29.572358],[106.535809,29.572388],[106.535827,29.57251]]]}},{"id":"('way', 813856025)","type":"Feature","properties":{"amenity":"parking","highway":null,"base_elevation":153},"geometry":{"type":"Polygon","coordinates":[[[106.515985,29.548272],[106.515961,29.548457],[106.516366,29.548534],[106.516398,29.548493],[106.516426,29.548334],[106.515985,29.548272]]]}},{"id":"('way', 813856072)","type":"Feature","properties":{"amenity":null,"highway":"pedestrian","base_elevation":62},"geometry":{"type":"LineString","coordinates":[[106.513024,29.551473],[106.513054,29.552597]]}},{"id":"('way', 817484951)","type":"Feature","properties":{"amenity":null,"highway":"pedestrian","base_elevation":169},"geometry":{"type":"Polygon","coordinates":[[[106.508641,29.539823],[106.508654,29.539872],[106.508648,29.539922],[106.508624,29.539967],[106.508585,29.540004],[106.508534,29.540028],[106.508477,29.540036],[106.50842,29.540029],[106.508369,29.540006],[106.508327,29.539968],[106.508302,29.539921],[106.5083,29.539896],[106.508297,29.539868],[106.508312,29.539818],[106.508345,29.539774],[106.508393,29.539743],[106.508451,29.539727],[106.508511,29.539729],[106.508567,29.539748],[106.508611,29.53978],[106.508641,29.539823]]]}},{"id":"('way', 831056316)","type":"Feature","properties":{"amenity":null,"highway":"pedestrian","base_elevation":73},"geometry":{"type":"LineString","coordinates":[[106.575199,29.553601],[106.575317,29.553705],[106.575377,29.553742],[106.575414,29.553764],[106.575452,29.553787],[106.576194,29.55424],[106.576127,29.554434],[106.576107,29.554481],[106.576001,29.554456],[106.575935,29.554415],[106.575265,29.554033]]}},{"id":"('way', 844055036)","type":"Feature","properties":{"amenity":"parking","highway":null,"base_elevation":180},"geometry":{"type":"Polygon","coordinates":[[[106.518495,29.538429],[106.518706,29.538466],[106.518681,29.538573],[106.518787,29.538571],[106.518797,29.538555],[106.518814,29.538431],[106.518816,29.53837],[106.518527,29.538277],[106.518495,29.538429]]]}},{"id":"('way', 844864158)","type":"Feature","properties":{"amenity":"parking","highway":null,"base_elevation":86},"geometry":{"type":"Polygon","coordinates":[[[106.597617,29.606721],[106.597928,29.605543],[106.598164,29.605666],[106.597978,29.606589],[106.598012,29.6067],[106.598063,29.606794],[106.598168,29.60688],[106.598485,29.607],[106.598458,29.607041],[106.597701,29.60679],[106.597617,29.606721]]]}},{"id":"('way', 846536533)","type":"Feature","properties":{"amenity":"parking","highway":null,"base_elevation":98},"geometry":{"type":"Polygon","coordinates":[[[106.554567,29.575656],[106.554535,29.575512],[106.554611,29.575493],[106.554924,29.575554],[106.555831,29.575849],[106.555727,29.57598],[106.555669,29.57596],[106.555548,29.575884],[106.555195,29.575858],[106.555131,29.575712],[106.554567,29.575656]]]}},{"id":"('way', 863879891)","type":"Feature","properties":{"amenity":null,"highway":"pedestrian","base_elevation":148},"geometry":{"type":"LineString","coordinates":[[106.56374,29.527821],[106.565553,29.527853]]}},{"id":"('way', 866088556)","type":"Feature","properties":{"amenity":"parking","highway":null,"base_elevation":68},"geometry":{"type":"Polygon","coordinates":[[[106.583488,29.561376],[106.583365,29.561193],[106.583374,29.561158],[106.583653,29.561025],[106.583697,29.561086],[106.583644,29.561304],[106.583589,29.56138],[106.583488,29.561376]]]}},{"id":"('way', 866199345)","type":"Feature","properties":{"amenity":null,"highway":"pedestrian","base_elevation":242},"geometry":{"type":"Polygon","coordinates":[[[106.502713,29.569282],[106.502667,29.569318],[106.502607,29.569274],[106.502563,29.569319],[106.502587,29.569333],[106.502764,29.56947],[106.502762,29.569568],[106.502818,29.56957],[106.502824,29.569719],[106.502853,29.569718],[106.502861,29.569826],[106.502943,29.569826],[106.503054,29.569827],[106.503066,29.569627],[106.502927,29.569621],[106.502934,29.569498],[106.503073,29.569504],[106.503102,29.569505],[106.503111,29.56937],[106.502841,29.569369],[106.502823,29.56936],[106.502816,29.569349],[106.502778,29.569324],[106.502713,29.569282]]]}},{"id":"('way', 866199348)","type":"Feature","properties":{"amenity":null,"highway":"pedestrian","base_elevation":238},"geometry":{"type":"Polygon","coordinates":[[[106.503077,29.570361],[106.502676,29.569955],[106.502686,29.569921],[106.502739,29.569921],[106.502949,29.569919],[106.503367,29.569909],[106.503378,29.570156],[106.503329,29.570246],[106.503249,29.57032],[106.503191,29.57035],[106.503077,29.570361]]]}},{"id":"('way', 866244708)","type":"Feature","properties":{"amenity":"parking","highway":null,"base_elevation":60},"geometry":{"type":"Polygon","coordinates":[[[106.532131,29.525692],[106.532237,29.525271],[106.532303,29.525227],[106.532385,29.525215],[106.532497,29.525243],[106.532518,29.525313],[106.532825,29.525392],[106.532814,29.525474],[106.53258,29.525501],[106.532417,29.525539],[106.532205,29.525714],[106.532131,29.525692]]]}},{"id":"('way', 870022292)","type":"Feature","properties":{"amenity":"parking","highway":null,"base_elevation":97},"geometry":{"type":"Polygon","coordinates":[[[106.578872,29.557841],[106.578658,29.557564],[106.579156,29.557259],[106.579222,29.557292],[106.579383,29.557529],[106.578872,29.557841]]]}},{"id":"('way', 871948671)","type":"Feature","properties":{"amenity":null,"highway":"pedestrian","base_elevation":155},"geometry":{"type":"LineString","coordinates":[[106.563671,29.529329],[106.564022,29.529561],[106.564798,29.530124]]}},{"id":"('way', 871948672)","type":"Feature","properties":{"amenity":null,"highway":"pedestrian","base_elevation":151},"geometry":{"type":"LineString","coordinates":[[106.563551,29.530503],[106.563698,29.529998],[106.563815,29.529772],[106.564022,29.529561],[106.565553,29.527853],[106.566569,29.526716]]}},{"id":"('way', 871948673)","type":"Feature","properties":{"amenity":null,"highway":"pedestrian","base_elevation":151},"geometry":{"type":"LineString","coordinates":[[106.562059,29.529468],[106.562072,29.529774],[106.562401,29.529943],[106.562757,29.530002],[106.56283,29.530002],[106.563698,29.529998]]}},{"id":"('way', 871948686)","type":"Feature","properties":{"amenity":null,"highway":"pedestrian","base_elevation":78},"geometry":{"type":"LineString","coordinates":[[106.575044,29.528579],[106.575091,29.529328],[106.575784,29.52966],[106.575816,29.529891]]}},{"id":"('way', 879302296)","type":"Feature","properties":{"amenity":"parking","highway":null,"base_elevation":117},"geometry":{"type":"Polygon","coordinates":[[[106.550547,29.577089],[106.550558,29.576964],[106.551857,29.577],[106.551833,29.577086],[106.551787,29.577111],[106.550547,29.577089]]]}},{"id":"('way', 879581656)","type":"Feature","properties":{"amenity":"parking","highway":null,"base_elevation":161},"geometry":{"type":"Polygon","coordinates":[[[106.514043,29.589379],[106.514949,29.58941],[106.514997,29.589374],[106.51516,29.588953],[106.515135,29.588917],[106.514976,29.588894],[106.514086,29.588858],[106.513988,29.588861],[106.513978,29.589329],[106.51399,29.589369],[106.514043,29.589379]]]}},{"id":"('way', 923518911)","type":"Feature","properties":{"amenity":"parking","highway":null,"base_elevation":139},"geometry":{"type":"Polygon","coordinates":[[[106.611391,29.627722],[106.611391,29.627367],[106.611425,29.627382],[106.611568,29.627459],[106.611627,29.627522],[106.611658,29.627579],[106.611679,29.627658],[106.611681,29.627716],[106.611678,29.627737],[106.611391,29.627722]]]}},{"id":"('way', 923519713)","type":"Feature","properties":{"amenity":"parking","highway":null,"base_elevation":172},"geometry":{"type":"Polygon","coordinates":[[[106.552066,29.583229],[106.552058,29.583141],[106.552057,29.583098],[106.552077,29.583055],[106.552117,29.583007],[106.552204,29.582936],[106.552278,29.583008],[106.552412,29.583025],[106.552458,29.583032],[106.552538,29.583014],[106.55258,29.583118],[106.552066,29.583229]]]}},{"id":"('way', 923691789)","type":"Feature","properties":{"amenity":null,"highway":"pedestrian","base_elevation":47},"geometry":{"type":"LineString","coordinates":[[106.557658,29.572987],[106.556647,29.572947],[106.556503,29.572948],[106.554884,29.572962],[106.553184,29.572977],[106.552926,29.572979],[106.552471,29.572983],[106.552305,29.572985],[106.551826,29.572989]]}},{"id":"('way', 923821430)","type":"Feature","properties":{"amenity":"parking","highway":null,"base_elevation":385},"geometry":{"type":"Polygon","coordinates":[[[106.615882,29.568418],[106.615713,29.568191],[106.615774,29.567833],[106.615799,29.567802],[106.615958,29.567677],[106.61603,29.567658],[106.616077,29.567647],[106.616226,29.567681],[106.616347,29.567773],[106.616466,29.567912],[106.616465,29.56795],[106.616432,29.568003],[106.616479,29.568082],[106.615882,29.568418]]]}},{"id":"('way', 941766083)","type":"Feature","properties":{"amenity":"parking","highway":null,"base_elevation":181},"geometry":{"type":"Polygon","coordinates":[[[106.538344,29.581472],[106.537948,29.581779],[106.537876,29.581787],[106.537817,29.581777],[106.537771,29.581734],[106.537739,29.581282],[106.538306,29.581264],[106.538395,29.581434],[106.538344,29.581472]]]}},{"id":"('way', 950129557)","type":"Feature","properties":{"amenity":"parking","highway":null,"base_elevation":292},"geometry":{"type":"Polygon","coordinates":[[[106.602523,29.540694],[106.603222,29.540513],[106.60309,29.540321],[106.603058,29.54026],[106.603027,29.54018],[106.60298,29.540154],[106.602459,29.540179],[106.602523,29.540694]]]}},{"id":"('way', 960057274)","type":"Feature","properties":{"amenity":null,"highway":"pedestrian","base_elevation":72},"geometry":{"type":"Polygon","coordinates":[[[106.549829,29.564628],[106.549774,29.56444],[106.549731,29.56428],[106.549874,29.564251],[106.549918,29.564416],[106.549966,29.564597],[106.549829,29.564628]]]}},{"id":"('way', 960057281)","type":"Feature","properties":{"amenity":null,"highway":"pedestrian","base_elevation":86},"geometry":{"type":"Polygon","coordinates":[[[106.547356,29.565312],[106.547454,29.565336],[106.547497,29.565331],[106.547524,29.565307],[106.547514,29.565277],[106.54745,29.565212],[106.547421,29.565183],[106.547372,29.565119],[106.547321,29.565031],[106.547287,29.564954],[106.547281,29.564934],[106.547265,29.564868],[106.547258,29.564809],[106.547251,29.564743],[106.547245,29.564645],[106.54726,29.564566],[106.547283,29.564498],[106.547309,29.564421],[106.547245,29.564404],[106.547224,29.564373],[106.547218,29.564333],[106.547203,29.564309],[106.547171,29.564276],[106.547112,29.564253],[106.547082,29.564307],[106.547045,29.564372],[106.547018,29.56449],[106.547004,29.564674],[106.547025,29.56484],[106.547062,29.564948],[106.547126,29.56506],[106.547179,29.565142],[106.547255,29.565224],[106.547356,29.565312]]]}},{"id":"('way', 960058195)","type":"Feature","properties":{"amenity":"parking","highway":null,"base_elevation":74},"geometry":{"type":"Polygon","coordinates":[[[106.549004,29.563903],[106.548882,29.563815],[106.548873,29.563802],[106.548876,29.563763],[106.549038,29.563548],[106.549205,29.563674],[106.549256,29.563717],[106.549348,29.563832],[106.549325,29.563868],[106.549279,29.563867],[106.549189,29.563847],[106.54914,29.563853],[106.54903,29.563907],[106.549004,29.563903]]]}},{"id":"('way', 964676427)","type":"Feature","properties":{"amenity":null,"highway":"pedestrian","base_elevation":53},"geometry":{"type":"Polygon","coordinates":[[[106.576985,29.571211],[106.57805,29.571592],[106.578673,29.571918],[106.578653,29.571964],[106.578627,29.571994],[106.577782,29.571601],[106.577297,29.571461],[106.577158,29.571425],[106.57706,29.571425],[106.576963,29.571448],[106.576941,29.571602],[106.57681,29.571576],[106.576658,29.571547],[106.576735,29.571336],[106.576843,29.571154],[106.576985,29.571211]]]}},{"id":"('way', 964684383)","type":"Feature","properties":{"amenity":"parking","highway":null,"base_elevation":69},"geometry":{"type":"Polygon","coordinates":[[[106.568591,29.581474],[106.568528,29.581406],[106.568504,29.581335],[106.568487,29.581242],[106.568494,29.580301],[106.568543,29.580246],[106.568599,29.580244],[106.568591,29.581474]]]}},{"id":"('way', 1011268604)","type":"Feature","properties":{"amenity":null,"highway":"pedestrian","base_elevation":114},"geometry":{"type":"LineString","coordinates":[[106.505717,29.514965],[106.505685,29.514338],[106.50551,29.514135],[106.505489,29.513941],[106.505596,29.513777]]}},{"id":"('way', 1013344097)","type":"Feature","properties":{"amenity":"parking","highway":null,"base_elevation":163},"geometry":{"type":"Polygon","coordinates":[[[106.550802,29.533586],[106.550826,29.534057],[106.550785,29.534157],[106.550766,29.534355],[106.550543,29.534351],[106.550332,29.534418],[106.550157,29.534253],[106.550227,29.534096],[106.550149,29.533964],[106.550449,29.533816],[106.550802,29.533586]]]}},{"id":"('way', 1013458720)","type":"Feature","properties":{"amenity":"parking","highway":null,"base_elevation":132},"geometry":{"type":"Polygon","coordinates":[[[106.548505,29.622242],[106.548503,29.621869],[106.548194,29.62187],[106.548192,29.621115],[106.548192,29.620981],[106.547648,29.62098],[106.547683,29.62218],[106.548505,29.622242]]]}},{"id":"('way', 1013951963)","type":"Feature","properties":{"amenity":"parking","highway":null,"base_elevation":140},"geometry":{"type":"Polygon","coordinates":[[[106.50661,29.610577],[106.506611,29.610705],[106.508286,29.610709],[106.508288,29.610571],[106.50661,29.610577]]]}},{"id":"('way', 1013951966)","type":"Feature","properties":{"amenity":null,"highway":"pedestrian","base_elevation":138},"geometry":{"type":"LineString","coordinates":[[106.506205,29.611548],[106.506267,29.61162],[106.506298,29.611706],[106.506294,29.611795],[106.506257,29.611878],[106.50619,29.611947],[106.506148,29.611968]]}},{"id":"('way', 1013951967)","type":"Feature","properties":{"amenity":null,"highway":"pedestrian","base_elevation":141},"geometry":{"type":"LineString","coordinates":[[106.506077,29.612472],[106.506148,29.611968]]}},{"id":"('way', 1013951968)","type":"Feature","properties":{"amenity":null,"highway":"pedestrian","base_elevation":137},"geometry":{"type":"LineString","coordinates":[[106.506148,29.611968],[106.506101,29.611992],[106.506,29.612009],[106.505901,29.611997],[106.505812,29.611958],[106.505742,29.611897],[106.505698,29.611819],[106.505685,29.611733],[106.505704,29.611648],[106.505754,29.611572],[106.505829,29.611515]]}},{"id":"('way', 1013951969)","type":"Feature","properties":{"amenity":null,"highway":"pedestrian","base_elevation":137},"geometry":{"type":"LineString","coordinates":[[106.506205,29.611548],[106.506234,29.611384],[106.50624,29.611351],[106.506276,29.611143]]}},{"id":"('way', 1013951970)","type":"Feature","properties":{"amenity":null,"highway":"pedestrian","base_elevation":137},"geometry":{"type":"LineString","coordinates":[[106.505829,29.611515],[106.505921,29.611481],[106.506021,29.611475],[106.50612,29.611498],[106.506205,29.611548]]}},{"id":"('way', 1013978067)","type":"Feature","properties":{"amenity":null,"highway":"pedestrian","base_elevation":137},"geometry":{"type":"LineString","coordinates":[[106.50624,29.611351],[106.507475,29.611345],[106.507898,29.611492],[106.508341,29.611453]]}},{"id":"('way', 1013978068)","type":"Feature","properties":{"amenity":null,"highway":"pedestrian","base_elevation":141},"geometry":{"type":"LineString","coordinates":[[106.507898,29.611492],[106.508041,29.61206],[106.508972,29.612881],[106.509382,29.612829]]}},{"id":"('way', 1014521023)","type":"Feature","properties":{"amenity":"parking","highway":null,"base_elevation":137},"geometry":{"type":"Polygon","coordinates":[[[106.501902,29.596766],[106.501899,29.596578],[106.50251,29.59657],[106.502513,29.596758],[106.501902,29.596766]]]}},{"id":"('way', 1015392082)","type":"Feature","properties":{"amenity":"parking","highway":null,"base_elevation":150},"geometry":{"type":"Polygon","coordinates":[[[106.500801,29.617637],[106.500751,29.617549],[106.500748,29.617233],[106.500779,29.617141],[106.500833,29.617172],[106.500795,29.617247],[106.500804,29.617516],[106.500845,29.6176],[106.500801,29.617637]]]}},{"id":"('way', 1018995934)","type":"Feature","properties":{"amenity":null,"highway":"pedestrian","base_elevation":134},"geometry":{"type":"LineString","coordinates":[[106.511017,29.514642],[106.511111,29.514764],[106.511232,29.514921],[106.511574,29.514961],[106.512078,29.514685],[106.512235,29.514599]]}},{"id":"('way', 1018995937)","type":"Feature","properties":{"amenity":null,"highway":"pedestrian","base_elevation":137},"geometry":{"type":"LineString","coordinates":[[106.511574,29.514961],[106.511736,29.515434]]}},{"id":"('way', 1021835412)","type":"Feature","properties":{"amenity":null,"highway":"pedestrian","base_elevation":133},"geometry":{"type":"Polygon","coordinates":[[[106.644709,29.509483],[106.644746,29.509454],[106.644742,29.508972],[106.644713,29.508873],[106.644651,29.508832],[106.644612,29.508822],[106.64455,29.508811],[106.644474,29.508821],[106.643969,29.509084],[106.643929,29.509148],[106.64395,29.509163],[106.644215,29.509325],[106.644417,29.50945],[106.64448,29.50949],[106.644666,29.509485],[106.644709,29.509483]]]}},{"id":"('way', 1021835454)","type":"Feature","properties":{"amenity":"parking","highway":null,"base_elevation":129},"geometry":{"type":"Polygon","coordinates":[[[106.645402,29.509605],[106.6454,29.509353],[106.645665,29.509352],[106.645678,29.509352],[106.645692,29.509352],[106.64591,29.509351],[106.646055,29.509351],[106.64604,29.509601],[106.645402,29.509605]]]}},{"id":"('way', 1022141641)","type":"Feature","properties":{"amenity":"parking","highway":null,"base_elevation":123},"geometry":{"type":"Polygon","coordinates":[[[106.640809,29.51298],[106.640798,29.512946],[106.640746,29.512799],[106.64135,29.512632],[106.641375,29.512708],[106.641284,29.512853],[106.640809,29.51298]]]}},{"id":"('way', 1022147500)","type":"Feature","properties":{"amenity":null,"highway":"pedestrian","base_elevation":139},"geometry":{"type":"Polygon","coordinates":[[[106.642583,29.502098],[106.642894,29.501954],[106.642794,29.501686],[106.643142,29.501499],[106.64297,29.501241],[106.642883,29.501284],[106.642742,29.501256],[106.642619,29.501324],[106.642584,29.501583],[106.642327,29.501719],[106.642553,29.502057],[106.642583,29.502098]]]}},{"id":"('way', 1055327962)","type":"Feature","properties":{"amenity":"parking","highway":null,"base_elevation":101},"geometry":{"type":"Polygon","coordinates":[[[106.505811,29.50463],[106.505756,29.504545],[106.506538,29.504193],[106.506587,29.504279],[106.505811,29.50463]]]}},{"id":"('way', 1143801978)","type":"Feature","properties":{"amenity":null,"highway":"pedestrian","base_elevation":84},"geometry":{"type":"LineString","coordinates":[[106.560172,29.601342],[106.560153,29.601207],[106.560097,29.601125],[106.560038,29.601088],[106.559915,29.601053],[106.559794,29.601057],[106.559706,29.601078],[106.559639,29.601136],[106.559583,29.601236],[106.559588,29.601351],[106.559628,29.601426],[106.559701,29.601463],[106.559839,29.601533]]}},{"id":"('way', 1143801979)","type":"Feature","properties":{"amenity":null,"highway":"pedestrian","base_elevation":88},"geometry":{"type":"LineString","coordinates":[[106.559443,29.601398],[106.559527,29.601482],[106.559628,29.601426]]}},{"id":"('way', 1143801980)","type":"Feature","properties":{"amenity":null,"highway":"pedestrian","base_elevation":89},"geometry":{"type":"LineString","coordinates":[[106.559543,29.601065],[106.559639,29.601136]]}},{"id":"('way', 1159359817)","type":"Feature","properties":{"amenity":null,"highway":"pedestrian","base_elevation":142},"geometry":{"type":"Polygon","coordinates":[[[106.506023,29.529189],[106.504416,29.529183],[106.504091,29.529182],[106.504121,29.529111],[106.504147,29.52904],[106.504168,29.528957],[106.504183,29.528882],[106.504192,29.528814],[106.504268,29.528812],[106.504272,29.52848],[106.504194,29.528481],[106.504179,29.52839],[106.50416,29.528303],[106.504137,29.528218],[106.5041,29.528117],[106.50604,29.528117],[106.507378,29.528129],[106.508077,29.529013],[106.508024,29.52908],[106.506021,29.52908],[106.506023,29.529189]]]}},{"id":"('way', 1176121001)","type":"Feature","properties":{"amenity":"parking","highway":null,"base_elevation":137},"geometry":{"type":"Polygon","coordinates":[[[106.558396,29.630399],[106.55846,29.6303],[106.559687,29.630294],[106.559419,29.630838],[106.559258,29.630764],[106.559263,29.630741],[106.559271,29.630717],[106.559241,29.630703],[106.559231,29.630729],[106.559226,29.630749],[106.559192,29.630732],[106.559143,29.630709],[106.559179,29.630668],[106.559154,29.630654],[106.55912,29.630694],[106.559084,29.630714],[106.559038,29.630718],[106.558396,29.630399]]]}},{"id":"('way', 1177468145)","type":"Feature","properties":{"amenity":null,"highway":"pedestrian","base_elevation":102},"geometry":{"type":"Polygon","coordinates":[[[106.588281,29.596787],[106.588237,29.596521],[106.588106,29.596045],[106.588288,29.596095],[106.589835,29.595749],[106.589941,29.595621],[106.590025,29.596303],[106.590029,29.596339],[106.589909,29.596279],[106.588359,29.59667],[106.588281,29.596787]]]}},{"id":"('way', 1177468149)","type":"Feature","properties":{"amenity":null,"highway":"pedestrian","base_elevation":116},"geometry":{"type":"Polygon","coordinates":[[[106.590297,29.596305],[106.590155,29.596265],[106.590062,29.595482],[106.590376,29.595622],[106.591182,29.595443],[106.591324,29.595169],[106.591536,29.595131],[106.591701,29.595102],[106.591872,29.595818],[106.591907,29.596],[106.591585,29.596048],[106.591272,29.595911],[106.590492,29.596056],[106.590297,29.596305]]]}},{"id":"('way', 1177488242)","type":"Feature","properties":{"amenity":null,"highway":"pedestrian","base_elevation":111},"geometry":{"type":"Polygon","coordinates":[[[106.592337,29.595606],[106.592785,29.595495],[106.594435,29.595115],[106.595139,29.594932],[106.59512,29.594232],[106.592488,29.594927],[106.59226,29.594981],[106.592137,29.59501],[106.592337,29.595606]]]}},{"id":"('way', 1185549949)","type":"Feature","properties":{"amenity":"parking","highway":null,"base_elevation":111},"geometry":{"type":"Polygon","coordinates":[[[106.515941,29.516967],[106.51595,29.516656],[106.51625,29.516665],[106.516348,29.516686],[106.51637,29.516793],[106.51637,29.516886],[106.516277,29.516935],[106.516226,29.516958],[106.515941,29.516967]]]}},{"id":"('way', 1198056439)","type":"Feature","properties":{"amenity":"parking","highway":null,"base_elevation":143},"geometry":{"type":"Polygon","coordinates":[[[106.656164,29.539475],[106.655737,29.539704],[106.655506,29.539691],[106.655031,29.539177],[106.654816,29.539015],[106.654697,29.538876],[106.654713,29.538812],[106.655344,29.538453],[106.656164,29.539475]]]}},{"id":"('way', 1210855064)","type":"Feature","properties":{"amenity":"parking","highway":null,"base_elevation":108},"geometry":{"type":"Polygon","coordinates":[[[106.501588,29.563208],[106.501649,29.563095],[106.501737,29.563131],[106.501808,29.56316],[106.501747,29.563274],[106.501588,29.563208]]]}},{"id":"('way', 1214334485)","type":"Feature","properties":{"amenity":null,"highway":"pedestrian","base_elevation":81},"geometry":{"type":"LineString","coordinates":[[106.661148,29.527692],[106.660649,29.527895]]}},{"id":"('way', 1214334487)","type":"Feature","properties":{"amenity":null,"highway":"pedestrian","base_elevation":77},"geometry":{"type":"LineString","coordinates":[[106.660955,29.527339],[106.660459,29.527546],[106.660333,29.527391]]}},{"id":"('way', 1214334491)","type":"Feature","properties":{"amenity":null,"highway":"pedestrian","base_elevation":78},"geometry":{"type":"LineString","coordinates":[[106.661355,29.52807],[106.660903,29.528254],[106.660854,29.528274],[106.660649,29.527895],[106.660459,29.527546]]}},{"id":"('way', 1216834206)","type":"Feature","properties":{"amenity":"parking","highway":null,"base_elevation":73},"geometry":{"type":"Polygon","coordinates":[[[106.663016,29.528884],[106.662875,29.528609],[106.663648,29.528309],[106.663767,29.528263],[106.663908,29.528537],[106.663016,29.528884]]]}},{"id":"('way', 1216834207)","type":"Feature","properties":{"amenity":"parking","highway":null,"base_elevation":72},"geometry":{"type":"Polygon","coordinates":[[[106.663606,29.528229],[106.663467,29.527968],[106.663515,29.527949],[106.663799,29.527834],[106.663855,29.527938],[106.663939,29.528095],[106.663725,29.528181],[106.663606,29.528229]]]}},{"id":"('way', 1216834208)","type":"Feature","properties":{"amenity":"parking","highway":null,"base_elevation":68},"geometry":{"type":"Polygon","coordinates":[[[106.662203,29.526678],[106.662375,29.526627],[106.662258,29.526325],[106.662244,29.526289],[106.662072,29.52634],[106.662084,29.526372],[106.662203,29.526678]]]}},{"id":"('way', 1218803607)","type":"Feature","properties":{"amenity":"parking","highway":null,"base_elevation":77},"geometry":{"type":"Polygon","coordinates":[[[106.661012,29.527344],[106.661085,29.527314],[106.661693,29.528416],[106.66162,29.528447],[106.661012,29.527344]]]}},{"id":"('way', 1219240555)","type":"Feature","properties":{"amenity":null,"highway":"pedestrian","base_elevation":82},"geometry":{"type":"Polygon","coordinates":[[[106.655059,29.527777],[106.655055,29.527828],[106.655164,29.527866],[106.655211,29.527825],[106.655059,29.527777]]]}},{"id":"('way', 1219240561)","type":"Feature","properties":{"amenity":null,"highway":"pedestrian","base_elevation":76},"geometry":{"type":"Polygon","coordinates":[[[106.651026,29.529939],[106.651034,29.529889],[106.65108,29.529838],[106.65116,29.529804],[106.651237,29.5298],[106.651285,29.529816],[106.651309,29.529838],[106.651314,29.529863],[106.651302,29.529905],[106.651259,29.529954],[106.651186,29.529986],[106.651113,29.529995],[106.651069,29.529986],[106.65104,29.529968],[106.651026,29.529939]]]}},{"id":"('way', 1227336111)","type":"Feature","properties":{"amenity":null,"highway":"pedestrian","base_elevation":96},"geometry":{"type":"LineString","coordinates":[[106.646235,29.519167],[106.645639,29.518224],[106.645383,29.517813]]}},{"id":"('way', 1263143549)","type":"Feature","properties":{"amenity":null,"highway":"pedestrian","base_elevation":105},"geometry":{"type":"Polygon","coordinates":[[[106.573023,29.574054],[106.573053,29.574099],[106.573065,29.57415],[106.573058,29.574202],[106.573031,29.574249],[106.572989,29.574286],[106.572935,29.574309],[106.572876,29.574316],[106.572817,29.574306],[106.572764,29.57428],[106.572724,29.574239],[106.572702,29.57419],[106.572699,29.574137],[106.572716,29.574086],[106.572752,29.574043],[106.572802,29.574012],[106.572861,29.573998],[106.572922,29.574001],[106.572977,29.57402],[106.573023,29.574054]]]}},{"id":"('way', 1268102317)","type":"Feature","properties":{"amenity":null,"highway":"pedestrian","base_elevation":93},"geometry":{"type":"LineString","coordinates":[[106.640293,29.519369],[106.640847,29.519112],[106.641991,29.518601]]}},{"id":"('way', 1268102321)","type":"Feature","properties":{"amenity":null,"highway":"pedestrian","base_elevation":99},"geometry":{"type":"LineString","coordinates":[[106.640916,29.519222],[106.641222,29.519705]]}},{"id":"('way', 1268102322)","type":"Feature","properties":{"amenity":null,"highway":"pedestrian","base_elevation":99},"geometry":{"type":"LineString","coordinates":[[106.641222,29.519705],[106.641243,29.519739]]}},{"id":"('way', 1268102323)","type":"Feature","properties":{"amenity":null,"highway":"pedestrian","base_elevation":98},"geometry":{"type":"LineString","coordinates":[[106.640847,29.519112],[106.640916,29.519222]]}},{"id":"('way', 1268390690)","type":"Feature","properties":{"amenity":null,"highway":"pedestrian","base_elevation":129},"geometry":{"type":"LineString","coordinates":[[106.568329,29.637359],[106.56812,29.637473],[106.567845,29.637397],[106.567754,29.637247],[106.567619,29.637186],[106.567429,29.637172],[106.567287,29.637121],[106.567072,29.637024],[106.566905,29.636986],[106.566807,29.636909],[106.566621,29.636836],[106.566487,29.636765],[106.56633,29.636724],[106.566126,29.636613],[106.565979,29.636534],[106.565846,29.636463],[106.565663,29.636395],[106.565592,29.636322],[106.565434,29.636267],[106.565328,29.636207],[106.565213,29.636091],[106.565076,29.635995],[106.564871,29.63593],[106.564751,29.635881],[106.564639,29.635817],[106.564546,29.63566],[106.564424,29.635513],[106.564308,29.635528],[106.564132,29.635552],[106.563972,29.635531],[106.563771,29.635392],[106.563541,29.635323],[106.563431,29.635194],[106.563192,29.635135],[106.563032,29.634987],[106.562724,29.634928],[106.562512,29.634787],[106.562291,29.634761],[106.562084,29.634593],[106.561946,29.634458],[106.5618,29.634473],[106.561631,29.634425],[106.561433,29.63435],[106.561221,29.634309],[106.561113,29.634186],[106.560991,29.634125],[106.560802,29.634103],[106.560658,29.634045],[106.560565,29.633921],[106.560342,29.633911],[106.560119,29.633819],[106.559932,29.633639]]}},{"id":"('way', 1271204041)","type":"Feature","properties":{"amenity":null,"highway":"pedestrian","base_elevation":131},"geometry":{"type":"LineString","coordinates":[[106.528524,29.580292],[106.529157,29.579595],[106.529614,29.57946]]}},{"id":"('way', 1273080330)","type":"Feature","properties":{"amenity":"parking","highway":null,"base_elevation":113},"geometry":{"type":"Polygon","coordinates":[[[106.643872,29.520591],[106.643656,29.52069],[106.643452,29.520353],[106.643668,29.520255],[106.643872,29.520591]]]}},{"id":"('way', 1273080331)","type":"Feature","properties":{"amenity":"parking","highway":null,"base_elevation":107},"geometry":{"type":"Polygon","coordinates":[[[106.643356,29.520044],[106.643283,29.519923],[106.643154,29.519982],[106.643048,29.519807],[106.643307,29.519688],[106.643487,29.519985],[106.643356,29.520044]]]}},{"id":"('way', 1273080339)","type":"Feature","properties":{"amenity":null,"highway":"pedestrian","base_elevation":117},"geometry":{"type":"LineString","coordinates":[[106.641816,29.522618],[106.642104,29.522479],[106.642496,29.522363],[106.643478,29.521939],[106.643891,29.522206],[106.644091,29.522537],[106.644519,29.522785],[106.645048,29.522864]]}},{"id":"('way', 1273080340)","type":"Feature","properties":{"amenity":null,"highway":"pedestrian","base_elevation":116},"geometry":{"type":"LineString","coordinates":[[106.643478,29.521939],[106.643574,29.521387],[106.643609,29.521183],[106.643629,29.521106]]}},{"id":"('way', 1273081561)","type":"Feature","properties":{"amenity":null,"highway":"pedestrian","base_elevation":101},"geometry":{"type":"LineString","coordinates":[[106.643629,29.521106],[106.64296,29.520175],[106.642592,29.520009],[106.642166,29.520046],[106.640796,29.520692]]}},{"id":"('way', 1273081562)","type":"Feature","properties":{"amenity":null,"highway":"pedestrian","base_elevation":100},"geometry":{"type":"LineString","coordinates":[[106.642592,29.520009],[106.642758,29.519369]]}},{"id":"('way', 1274938007)","type":"Feature","properties":{"amenity":null,"highway":"pedestrian","base_elevation":149},"geometry":{"type":"Polygon","coordinates":[[[106.519705,29.549391],[106.519716,29.54936],[106.519785,29.54938],[106.519774,29.549411],[106.519739,29.549401],[106.519705,29.549391]]]}},{"id":"('way', 1278773935)","type":"Feature","properties":{"amenity":"parking","highway":null,"base_elevation":45},"geometry":{"type":"Polygon","coordinates":[[[106.667194,29.635834],[106.667464,29.636548],[106.664163,29.637351],[106.663927,29.637224],[106.66235,29.634344],[106.662399,29.634003],[106.66525,29.631287],[106.665544,29.631307],[106.665762,29.631647],[106.663128,29.634173],[106.664417,29.636512],[106.667194,29.635834]]]}},{"id":"('way', 1284429604)","type":"Feature","properties":{"amenity":null,"highway":"pedestrian","base_elevation":158},"geometry":{"type":"LineString","coordinates":[[106.564632,29.530768],[106.565139,29.530196],[106.565446,29.529847],[106.565622,29.529648],[106.565728,29.529526],[106.566727,29.528385]]}},{"id":"('way', 1287099358)","type":"Feature","properties":{"amenity":"parking","highway":null,"base_elevation":130},"geometry":{"type":"Polygon","coordinates":[[[106.549737,29.588397],[106.550009,29.588401],[106.550111,29.588403],[106.550098,29.588912],[106.549719,29.58891],[106.549737,29.588397]]]}},{"id":"('way', 1291766632)","type":"Feature","properties":{"amenity":null,"highway":"pedestrian","base_elevation":38},"geometry":{"type":"Polygon","coordinates":[[[106.576797,29.577919],[106.576915,29.577974],[106.577039,29.577775],[106.576906,29.577714],[106.576797,29.577919]]]}},{"id":"('way', 1292124008)","type":"Feature","properties":{"amenity":null,"highway":"pedestrian","base_elevation":27},"geometry":{"type":"Polygon","coordinates":[[[106.56697,29.571126],[106.56694,29.571011],[106.566915,29.570926],[106.567571,29.570798],[106.567589,29.570867],[106.567623,29.570999],[106.567255,29.571071],[106.56697,29.571126]]]}},{"id":"('way', 1292124011)","type":"Feature","properties":{"amenity":null,"highway":"pedestrian","base_elevation":26},"geometry":{"type":"Polygon","coordinates":[[[106.565129,29.571508],[106.565093,29.571371],[106.565073,29.571295],[106.56574,29.571161],[106.565761,29.57124],[106.565796,29.571374],[106.565393,29.571455],[106.565129,29.571508]]]}},{"id":"('way', 1303840836)","type":"Feature","properties":{"amenity":null,"highway":"pedestrian","base_elevation":51},"geometry":{"type":"LineString","coordinates":[[106.505221,29.550178],[106.505359,29.550276],[106.505678,29.550503],[106.505742,29.550711],[106.505786,29.551127],[106.505833,29.551422],[106.5059,29.551551],[106.506029,29.551743],[106.506177,29.551754],[106.506349,29.551652],[106.506438,29.551413],[106.506522,29.551423],[106.506546,29.551568],[106.506553,29.551767],[106.506728,29.552006]]}},{"id":"('way', 1331319621)","type":"Feature","properties":{"amenity":"parking","highway":null,"base_elevation":25},"geometry":{"type":"Polygon","coordinates":[[[106.549461,29.505319],[106.549382,29.505215],[106.549612,29.50448],[106.54993,29.50446],[106.54978,29.505462],[106.549683,29.505439],[106.549634,29.505277],[106.549461,29.505319]]]}},{"id":"('way', 1332884701)","type":"Feature","properties":{"amenity":"parking","highway":null,"base_elevation":91},"geometry":{"type":"Polygon","coordinates":[[[106.570599,29.606919],[106.570797,29.606846],[106.571009,29.607211],[106.571075,29.607441],[106.570937,29.607487],[106.570734,29.607195],[106.570599,29.606919]]]}},{"id":"('way', 1351563777)","type":"Feature","properties":{"amenity":"parking","highway":null,"base_elevation":48},"geometry":{"type":"Polygon","coordinates":[[[106.519959,29.558145],[106.519951,29.557912],[106.519954,29.55781],[106.52001,29.557582],[106.52005,29.55752],[106.520151,29.557478],[106.52149,29.557427],[106.521679,29.557437],[106.523597,29.557659],[106.523676,29.557689],[106.523759,29.557757],[106.523863,29.558977],[106.523365,29.558994],[106.523333,29.558028],[106.519959,29.558145]]]}},{"id":"('way', 1354186343)","type":"Feature","properties":{"amenity":"parking","highway":null,"base_elevation":58},"geometry":{"type":"Polygon","coordinates":[[[106.525463,29.559756],[106.525222,29.55945],[106.52542,29.559325],[106.525758,29.559578],[106.525463,29.559756]]]}},{"id":"('way', 1358370847)","type":"Feature","properties":{"amenity":null,"highway":"pedestrian","base_elevation":122},"geometry":{"type":"LineString","coordinates":[[106.573197,29.559875],[106.573645,29.559974]]}},{"id":"('way', 1368998235)","type":"Feature","properties":{"amenity":"parking","highway":null,"base_elevation":106},"geometry":{"type":"Polygon","coordinates":[[[106.519231,29.509392],[106.51916,29.509054],[106.519131,29.50901],[106.51875,29.50889],[106.518822,29.508722],[106.519326,29.508885],[106.519422,29.509362],[106.519341,29.509374],[106.519231,29.509392]]]}},{"id":"('way', 1368998245)","type":"Feature","properties":{"amenity":null,"highway":"pedestrian","base_elevation":105},"geometry":{"type":"LineString","coordinates":[[106.520153,29.509434],[106.52017,29.509505],[106.520684,29.510873]]}},{"id":"('way', 1369885117)","type":"Feature","properties":{"amenity":"parking","highway":null,"base_elevation":139},"geometry":{"type":"Polygon","coordinates":[[[106.534827,29.585638],[106.53528,29.585628],[106.535295,29.585256],[106.535503,29.585244],[106.535546,29.584348],[106.534895,29.58433],[106.534898,29.584579],[106.535082,29.584819],[106.53504,29.585164],[106.534902,29.585431],[106.534827,29.585638]]]}},{"id":"('way', 1374453546)","type":"Feature","properties":{"amenity":null,"highway":"pedestrian","base_elevation":227},"geometry":{"type":"Polygon","coordinates":[[[106.503986,29.575378],[106.503932,29.574996],[106.503919,29.574909],[106.504432,29.574848],[106.504506,29.575245],[106.504577,29.575348],[106.504622,29.575413],[106.504331,29.575543],[106.50421,29.575355],[106.503986,29.575378]]]}},{"id":"('way', 1378864658)","type":"Feature","properties":{"amenity":"parking","highway":null,"base_elevation":72},"geometry":{"type":"Polygon","coordinates":[[[106.571392,29.578114],[106.57145,29.578112],[106.571508,29.578109],[106.571503,29.578033],[106.571508,29.578008],[106.571523,29.577985],[106.571546,29.577969],[106.571576,29.57801],[106.571791,29.577899],[106.571806,29.577884],[106.571819,29.57786],[106.571821,29.577835],[106.571815,29.577807],[106.57172,29.577662],[106.571699,29.577642],[106.571676,29.577628],[106.571596,29.577616],[106.571587,29.577667],[106.571512,29.577667],[106.571476,29.577618],[106.571287,29.577724],[106.571272,29.577738],[106.571265,29.577757],[106.571268,29.577779],[106.571277,29.577797],[106.571368,29.577935],[106.571375,29.57795],[106.571392,29.578114]]]}},{"id":"('way', 1378885749)","type":"Feature","properties":{"amenity":null,"highway":"pedestrian","base_elevation":76},"geometry":{"type":"Polygon","coordinates":[[[106.571305,29.578482],[106.57132,29.578483],[106.571356,29.578484],[106.571393,29.578505],[106.571459,29.578512],[106.57146,29.578496],[106.571494,29.578498],[106.571498,29.578521],[106.571515,29.578524],[106.571517,29.578494],[106.571556,29.578499],[106.57156,29.578524],[106.571575,29.578525],[106.571576,29.578544],[106.571592,29.578546],[106.571598,29.578483],[106.571611,29.578483],[106.571612,29.578525],[106.571626,29.578527],[106.571632,29.578498],[106.571645,29.578498],[106.571645,29.578523],[106.57166,29.578523],[106.571663,29.578495],[106.571691,29.578495],[106.571715,29.578496],[106.571711,29.578441],[106.571705,29.578378],[106.571684,29.578379],[106.571662,29.578379],[106.571655,29.578361],[106.571608,29.578363],[106.571608,29.578378],[106.571575,29.578387],[106.571573,29.57836],[106.571542,29.578361],[106.571524,29.578405],[106.571446,29.578391],[106.571356,29.578417],[106.571319,29.578417],[106.571302,29.578417],[106.571305,29.578482]]]}},{"id":"('way', 1378910554)","type":"Feature","properties":{"amenity":"parking","highway":null,"base_elevation":52},"geometry":{"type":"Polygon","coordinates":[[[106.572655,29.579273],[106.572703,29.579003],[106.572767,29.579011],[106.572718,29.579282],[106.572655,29.579273]]]}},{"id":"('way', 1383565815)","type":"Feature","properties":{"amenity":"parking","highway":null,"base_elevation":139},"geometry":{"type":"Polygon","coordinates":[[[106.597545,29.574298],[106.5975,29.574151],[106.597466,29.574159],[106.597376,29.57387],[106.59723,29.573398],[106.597412,29.573355],[106.597693,29.574263],[106.597614,29.574282],[106.597545,29.574298]]]}},{"id":"('way', 1410708592)","type":"Feature","properties":{"amenity":null,"highway":"pedestrian","base_elevation":86},"geometry":{"type":"Polygon","coordinates":[[[106.587683,29.60135],[106.587755,29.601346],[106.587789,29.601345],[106.58778,29.601213],[106.587674,29.601218],[106.587683,29.60135]]]}},{"id":"('way', 1410708595)","type":"Feature","properties":{"amenity":null,"highway":"pedestrian","base_elevation":81},"geometry":{"type":"Polygon","coordinates":[[[106.587479,29.601712],[106.587665,29.601709],[106.587698,29.601709],[106.587699,29.601777],[106.587701,29.601894],[106.587481,29.601897],[106.587479,29.601712]]]}},{"id":"('way', 1410708596)","type":"Feature","properties":{"amenity":null,"highway":"pedestrian","base_elevation":91},"geometry":{"type":"Polygon","coordinates":[[[106.587868,29.602995],[106.587866,29.602939],[106.587864,29.602848],[106.58801,29.602846],[106.588014,29.602992],[106.587868,29.602995]]]}},{"id":"('way', 1410724013)","type":"Feature","properties":{"amenity":"parking","highway":null,"base_elevation":23},"geometry":{"type":"Polygon","coordinates":[[[106.581327,29.594489],[106.581388,29.594475],[106.581593,29.595126],[106.581538,29.595141],[106.581327,29.594489]]]}},{"id":"('way', 1410724014)","type":"Feature","properties":{"amenity":"parking","highway":null,"base_elevation":22},"geometry":{"type":"Polygon","coordinates":[[[106.581921,29.594626],[106.581856,29.594645],[106.582175,29.595493],[106.582136,29.595505],[106.581471,29.593734],[106.581575,29.593704],[106.581921,29.594626]]]}},{"id":"('way', 1410724018)","type":"Feature","properties":{"amenity":"parking","highway":null,"base_elevation":36},"geometry":{"type":"Polygon","coordinates":[[[106.582267,29.595993],[106.582415,29.596418],[106.58246,29.596406],[106.582313,29.595981],[106.582267,29.595993]]]}},{"id":"('way', 1410724019)","type":"Feature","properties":{"amenity":null,"highway":"pedestrian","base_elevation":30},"geometry":{"type":"Polygon","coordinates":[[[106.582454,29.596457],[106.582939,29.596724],[106.582399,29.597151],[106.582367,29.597176],[106.582201,29.59662],[106.582222,29.596607],[106.582454,29.596457]]]}},{"id":"('way', 1410724020)","type":"Feature","properties":{"amenity":"parking","highway":null,"base_elevation":41},"geometry":{"type":"Polygon","coordinates":[[[106.582882,29.596617],[106.582912,29.596573],[106.582631,29.596428],[106.582601,29.596472],[106.582882,29.596617]]]}},{"id":"('way', 1410724031)","type":"Feature","properties":{"amenity":"parking","highway":null,"base_elevation":55},"geometry":{"type":"Polygon","coordinates":[[[106.583159,29.597211],[106.583323,29.597176],[106.583388,29.597405],[106.583224,29.59744],[106.583159,29.597211]]]}},{"id":"('way', 1410724032)","type":"Feature","properties":{"amenity":"parking","highway":null,"base_elevation":53},"geometry":{"type":"Polygon","coordinates":[[[106.582975,29.596637],[106.583163,29.596592],[106.583296,29.597012],[106.583108,29.597057],[106.582975,29.596637]]]}},{"id":"('way', 1412370168)","type":"Feature","properties":{"amenity":"parking","highway":null,"base_elevation":87},"geometry":{"type":"Polygon","coordinates":[[[106.648203,29.527122],[106.648877,29.526845],[106.64888,29.526893],[106.648921,29.526954],[106.648999,29.527023],[106.649439,29.52723],[106.6495,29.527297],[106.649587,29.527528],[106.648821,29.527733],[106.648641,29.527715],[106.648433,29.527646],[106.648193,29.527349],[106.648176,29.527283],[106.648187,29.527227],[106.648235,29.527189],[106.648203,29.527122]]]}},{"id":"('way', 1413520157)","type":"Feature","properties":{"amenity":null,"highway":"pedestrian","base_elevation":52},"geometry":{"type":"LineString","coordinates":[[106.505833,29.551422],[106.505645,29.551861]]}},{"id":"('way', 1413520161)","type":"Feature","properties":{"amenity":null,"highway":"pedestrian","base_elevation":70},"geometry":{"type":"LineString","coordinates":[[106.504346,29.551751],[106.504513,29.551621],[106.504582,29.551479],[106.504601,29.551071],[106.504778,29.550739],[106.504785,29.550643],[106.50472,29.550549],[106.504329,29.550271],[106.504098,29.549854]]}},{"id":"('way', 1413520163)","type":"Feature","properties":{"amenity":null,"highway":"pedestrian","base_elevation":55},"geometry":{"type":"LineString","coordinates":[[106.504224,29.549828],[106.504531,29.549702],[106.505221,29.550178]]}},{"id":"('way', 1413520164)","type":"Feature","properties":{"amenity":null,"highway":"pedestrian","base_elevation":79},"geometry":{"type":"LineString","coordinates":[[106.504224,29.549828],[106.504098,29.549854],[106.503973,29.549845]]}},{"id":"('way', 1414648824)","type":"Feature","properties":{"amenity":null,"highway":"pedestrian","base_elevation":119},"geometry":{"type":"LineString","coordinates":[[106.641549,29.522717],[106.641669,29.522682]]}},{"id":"('way', 1415425758)","type":"Feature","properties":{"amenity":"parking","highway":null,"base_elevation":115},"geometry":{"type":"Polygon","coordinates":[[[106.554372,29.518381],[106.555338,29.518458],[106.55524,29.519356],[106.554364,29.518912],[106.554346,29.518896],[106.554337,29.51888],[106.554333,29.51886],[106.554372,29.518381]]]}},{"id":"('way', 1416558208)","type":"Feature","properties":{"amenity":"parking","highway":null,"base_elevation":116},"geometry":{"type":"Polygon","coordinates":[[[106.591799,29.598514],[106.59178,29.598471],[106.590113,29.599012],[106.590131,29.599055],[106.591799,29.598514]]]}},{"id":"('way', 1416558209)","type":"Feature","properties":{"amenity":"parking","highway":null,"base_elevation":103},"geometry":{"type":"Polygon","coordinates":[[[106.592621,29.599792],[106.592334,29.598685],[106.59228,29.598695],[106.592567,29.599803],[106.592621,29.599792]]]}},{"id":"('way', 1416968840)","type":"Feature","properties":{"amenity":null,"highway":"pedestrian","base_elevation":21},"geometry":{"type":"LineString","coordinates":[[106.574225,29.565039],[106.574258,29.565049],[106.575209,29.565353],[106.575576,29.56547],[106.576101,29.565627]]}},{"id":"('way', 1417501989)","type":"Feature","properties":{"amenity":null,"highway":"pedestrian","base_elevation":108},"geometry":{"type":"LineString","coordinates":[[106.577267,29.56211],[106.577542,29.562466],[106.577513,29.562666],[106.577746,29.562969],[106.577753,29.562978],[106.577719,29.563107],[106.578085,29.563283],[106.578257,29.563382]]}},{"id":"('way', 1417604572)","type":"Feature","properties":{"amenity":null,"highway":"pedestrian","base_elevation":125},"geometry":{"type":"LineString","coordinates":[[106.510118,29.509927],[106.510234,29.510249],[106.510486,29.510827],[106.510579,29.51101],[106.510672,29.511086],[106.510716,29.511121],[106.511273,29.511189]]}},{"id":"('way', 1422717160)","type":"Feature","properties":{"amenity":"parking","highway":null,"base_elevation":171},"geometry":{"type":"Polygon","coordinates":[[[106.521607,29.614447],[106.52205,29.614453],[106.522154,29.614547],[106.522153,29.614895],[106.522042,29.614893],[106.521599,29.614887],[106.521607,29.614447]]]}},{"id":"('way', 1423598647)","type":"Feature","properties":{"amenity":null,"highway":"pedestrian","base_elevation":231},"geometry":{"type":"Polygon","coordinates":[[[106.598146,29.548087],[106.598085,29.548174],[106.598058,29.54827],[106.598134,29.548381],[106.598234,29.548443],[106.598319,29.548452],[106.598335,29.548482],[106.59839,29.548514],[106.598503,29.548465],[106.59832,29.548253],[106.598303,29.548233],[106.598146,29.548087]]]}},{"id":"('way', 1429008246)","type":"Feature","properties":{"amenity":"parking","highway":null,"base_elevation":49},"geometry":{"type":"Polygon","coordinates":[[[106.545676,29.539994],[106.546059,29.539995],[106.546007,29.539509],[106.545804,29.539447],[106.545677,29.539583],[106.545676,29.539994]]]}},{"id":"('way', 1429587343)","type":"Feature","properties":{"amenity":"parking","highway":null,"base_elevation":129},"geometry":{"type":"Polygon","coordinates":[[[106.663415,29.611477],[106.663617,29.611052],[106.663865,29.611141],[106.663663,29.611566],[106.663415,29.611477]]]}},{"id":"('way', 1429587344)","type":"Feature","properties":{"amenity":"parking","highway":null,"base_elevation":120},"geometry":{"type":"Polygon","coordinates":[[[106.662684,29.611241],[106.662929,29.610749],[106.663145,29.61083],[106.662901,29.611322],[106.662684,29.611241]]]}},{"id":"('way', 1430549143)","type":"Feature","properties":{"amenity":"parking","highway":null,"base_elevation":98},"geometry":{"type":"Polygon","coordinates":[[[106.586338,29.587293],[106.586545,29.588357],[106.586563,29.588516],[106.586621,29.588566],[106.586928,29.588555],[106.586789,29.588183],[106.586635,29.588182],[106.586448,29.587282],[106.586338,29.587293]]]}},{"id":"('way', 1442548248)","type":"Feature","properties":{"amenity":"parking","highway":null,"base_elevation":55},"geometry":{"type":"Polygon","coordinates":[[[106.544702,29.550069],[106.544828,29.549818],[106.545411,29.55003],[106.545283,29.550263],[106.544702,29.550069]]]}},{"id":"('way', 1446713188)","type":"Feature","properties":{"amenity":"parking","highway":null,"base_elevation":147},"geometry":{"type":"Polygon","coordinates":[[[106.547703,29.588636],[106.547706,29.58852],[106.547709,29.588389],[106.547095,29.588349],[106.547028,29.588417],[106.547002,29.588538],[106.547034,29.588624],[106.547141,29.588684],[106.54728,29.588691],[106.547703,29.588636]]]}},{"id":"('way', 1448413249)","type":"Feature","properties":{"amenity":"parking","highway":null,"base_elevation":124},"geometry":{"type":"Polygon","coordinates":[[[106.502914,29.596333],[106.502935,29.593591],[106.503155,29.593594],[106.503173,29.594511],[106.503243,29.594979],[106.503395,29.595521],[106.503526,29.595952],[106.503753,29.596358],[106.503516,29.596364],[106.502914,29.596333]]]}},{"id":"('way', 1453589476)","type":"Feature","properties":{"amenity":null,"highway":"pedestrian","base_elevation":159},"geometry":{"type":"LineString","coordinates":[[106.565943,29.529676],[106.565728,29.529526]]}},{"id":"('way', 1461470107)","type":"Feature","properties":{"amenity":"parking","highway":null,"base_elevation":39},"geometry":{"type":"Polygon","coordinates":[[[106.58374,29.546146],[106.583339,29.545188],[106.583245,29.544949],[106.583749,29.544734],[106.583927,29.544952],[106.58416,29.545272],[106.584178,29.545437],[106.584087,29.545905],[106.583994,29.546065],[106.58374,29.546146]]]}},{"id":"('way', 1469071289)","type":"Feature","properties":{"amenity":"parking","highway":null,"base_elevation":93},"geometry":{"type":"Polygon","coordinates":[[[106.516354,29.549864],[106.516392,29.549755],[106.516697,29.549835],[106.51666,29.549944],[106.516354,29.549864]]]}},{"id":"('way', 1469071291)","type":"Feature","properties":{"amenity":"parking","highway":null,"base_elevation":78},"geometry":{"type":"Polygon","coordinates":[[[106.516239,29.550327],[106.516368,29.550037],[106.516554,29.550151],[106.516609,29.550338],[106.516526,29.550481],[106.516239,29.550327]]]}},{"id":"('way', 1475303456)","type":"Feature","properties":{"amenity":null,"highway":"pedestrian","base_elevation":104},"geometry":{"type":"Polygon","coordinates":[[[106.545143,29.558359],[106.54517,29.55829],[106.545196,29.558224],[106.545806,29.558407],[106.546911,29.558737],[106.546886,29.558802],[106.546858,29.558872],[106.546516,29.55877],[106.545143,29.558359]]]}},{"id":"('way', 1478490298)","type":"Feature","properties":{"amenity":"parking","highway":null,"base_elevation":154},"geometry":{"type":"Polygon","coordinates":[[[106.503621,29.529304],[106.503726,29.529121],[106.503774,29.528968],[106.503817,29.528665],[106.503775,29.528305],[106.503694,29.528104],[106.503899,29.528095],[106.503997,29.528507],[106.503987,29.528882],[106.503913,29.529144],[106.503878,29.529269],[106.503621,29.529304]]]}},{"id":"('way', 1478490300)","type":"Feature","properties":{"amenity":"parking","highway":null,"base_elevation":151},"geometry":{"type":"Polygon","coordinates":[[[106.504188,29.530801],[106.504,29.530796],[106.503879,29.530734],[106.503759,29.530643],[106.503798,29.530589],[106.503625,29.530168],[106.503922,29.529947],[106.504315,29.5298],[106.504315,29.530094],[106.504204,29.5301],[106.504188,29.530801]]]}},{"id":"('way', 1478722492)","type":"Feature","properties":{"amenity":null,"highway":"pedestrian","base_elevation":286},"geometry":{"type":"LineString","coordinates":[[106.527869,29.645709],[106.527797,29.645522],[106.527605,29.645433],[106.527534,29.645289],[106.527517,29.645117],[106.527545,29.644868],[106.527594,29.644646],[106.527758,29.644389],[106.52789,29.644165],[106.52804,29.64401],[106.528186,29.643787],[106.528436,29.643518],[106.528521,29.643402]]}},{"id":"('way', 1480128121)","type":"Feature","properties":{"amenity":"parking","highway":null,"base_elevation":102},"geometry":{"type":"Polygon","coordinates":[[[106.506658,29.504632],[106.506624,29.504576],[106.506576,29.504496],[106.506569,29.504483],[106.506708,29.50442],[106.506852,29.504354],[106.506887,29.50435],[106.506919,29.504357],[106.506947,29.504373],[106.506966,29.504397],[106.506976,29.504425],[106.506973,29.504455],[106.506963,29.504482],[106.506942,29.504503],[106.506658,29.504632]]]}},{"id":"('way', 1482383854)","type":"Feature","properties":{"amenity":"parking","highway":null,"base_elevation":77},"geometry":{"type":"Polygon","coordinates":[[[106.559718,29.605058],[106.560604,29.604954],[106.560665,29.605255],[106.559782,29.605384],[106.559718,29.605058]]]}},{"id":"('way', 1482383856)","type":"Feature","properties":{"amenity":"parking","highway":null,"base_elevation":84},"geometry":{"type":"Polygon","coordinates":[[[106.560215,29.607392],[106.560409,29.607365],[106.560557,29.607204],[106.56042,29.606592],[106.560201,29.606566],[106.560042,29.606579],[106.560215,29.607392]]]}},{"id":"('way', 1484628668)","type":"Feature","properties":{"amenity":null,"highway":"pedestrian","base_elevation":53},"geometry":{"type":"Polygon","coordinates":[[[106.658881,29.564422],[106.658709,29.564368],[106.658591,29.564284],[106.65854,29.564135],[106.658578,29.563974],[106.658814,29.563902],[106.659106,29.563715],[106.659452,29.56364],[106.659578,29.563755],[106.660107,29.563857],[106.660142,29.563934],[106.659374,29.564051],[106.659077,29.564179],[106.658881,29.564422]]]}},{"id":"('way', 1484644598)","type":"Feature","properties":{"amenity":null,"highway":"pedestrian","base_elevation":109},"geometry":{"type":"LineString","coordinates":[[106.572591,29.563644],[106.572759,29.563226]]}},{"id":"('way', 1486733618)","type":"Feature","properties":{"amenity":null,"highway":"pedestrian","base_elevation":306},"geometry":{"type":"LineString","coordinates":[[106.599467,29.539416],[106.599551,29.538978]]}},{"id":"('way', 1486733622)","type":"Feature","properties":{"amenity":null,"highway":"pedestrian","base_elevation":373},"geometry":{"type":"Polygon","coordinates":[[[106.625449,29.5592],[106.6255,29.559019],[106.625573,29.558812],[106.626574,29.559064],[106.628234,29.559583],[106.628351,29.559623],[106.628455,29.559739],[106.628428,29.559854],[106.628272,29.559837],[106.628175,29.559888],[106.628072,29.559956],[106.626371,29.559484],[106.626052,29.559592],[106.625943,29.559415],[106.6258,29.559331],[106.625625,29.55928],[106.625441,29.559229],[106.625449,29.5592]]]}},{"id":"('way', 1486765012)","type":"Feature","properties":{"amenity":null,"highway":"pedestrian","base_elevation":126},"geometry":{"type":"Polygon","coordinates":[[[106.597678,29.567807],[106.597591,29.567553],[106.597865,29.567486],[106.597948,29.56774],[106.597678,29.567807]]]}},{"id":"('way', 1491286187)","type":"Feature","properties":{"amenity":"parking","highway":null,"base_elevation":110},"geometry":{"type":"Polygon","coordinates":[[[106.566879,29.506949],[106.566669,29.506388],[106.567407,29.506174],[106.567222,29.505714],[106.567316,29.50569],[106.567412,29.505497],[106.567914,29.505352],[106.568342,29.506448],[106.568324,29.506515],[106.568251,29.506534],[106.568265,29.506581],[106.56824,29.50659],[106.568208,29.506818],[106.568047,29.506963],[106.567395,29.507037],[106.567335,29.50681],[106.566879,29.506949]]]}},{"id":"('way', 1493946697)","type":"Feature","properties":{"amenity":"parking","highway":null,"base_elevation":110},"geometry":{"type":"Polygon","coordinates":[[[106.514607,29.5131],[106.515495,29.513097],[106.515497,29.513431],[106.515615,29.513431],[106.515616,29.51378],[106.515513,29.513781],[106.515515,29.514088],[106.515711,29.514087],[106.515713,29.51457],[106.514615,29.514574],[106.514607,29.5131]]]}},{"id":"('way', 1498388174)","type":"Feature","properties":{"amenity":"parking","highway":null,"base_elevation":118},"geometry":{"type":"Polygon","coordinates":[[[106.591282,29.594105],[106.591056,29.594153],[106.591324,29.595169],[106.591536,29.595131],[106.591282,29.594105]]]}},{"id":"('way', 1498388175)","type":"Feature","properties":{"amenity":"parking","highway":null,"base_elevation":112},"geometry":{"type":"Polygon","coordinates":[[[106.591994,29.594026],[106.592213,29.593982],[106.592488,29.594927],[106.59226,29.594981],[106.591994,29.594026]]]}},{"id":"('way', 1499726232)","type":"Feature","properties":{"amenity":"parking","highway":null,"base_elevation":46},"geometry":{"type":"Polygon","coordinates":[[[106.572678,29.5514],[106.572779,29.551142],[106.574315,29.551599],[106.574296,29.551648],[106.574379,29.551672],[106.574297,29.551882],[106.572678,29.5514]]]}},{"id":"('way', 1499726233)","type":"Feature","properties":{"amenity":"parking","highway":null,"base_elevation":45},"geometry":{"type":"Polygon","coordinates":[[[106.571361,29.550736],[106.571305,29.551112],[106.572428,29.551239],[106.572497,29.551047],[106.571361,29.550736]]]}},{"id":"('way', 1501194643)","type":"Feature","properties":{"amenity":null,"highway":"pedestrian","base_elevation":85},"geometry":{"type":"Polygon","coordinates":[[[106.581416,29.566277],[106.581472,29.566246],[106.581396,29.566135],[106.58133,29.565989],[106.581248,29.566034],[106.581416,29.566277]]]}},{"id":"('way', 1501194644)","type":"Feature","properties":{"amenity":null,"highway":"pedestrian","base_elevation":78},"geometry":{"type":"Polygon","coordinates":[[[106.581035,29.56619],[106.581248,29.566034],[106.581416,29.566277],[106.581257,29.566404],[106.581166,29.566298],[106.581035,29.56619]]]}},{"id":"('way', 1501194647)","type":"Feature","properties":{"amenity":"parking","highway":null,"base_elevation":77},"geometry":{"type":"Polygon","coordinates":[[[106.58149,29.566648],[106.581276,29.566404],[106.581411,29.566309],[106.581607,29.56657],[106.58149,29.566648]]]}}]}