{"type":"FeatureCollection","features":[{"id":"0","type":"Feature","properties":{"natural":null,"barrier":null,"highway":"street_lamp","amenity":null,"tourism":null,"base_elevation":121,"height":null,"material":null,"direction":null,"artwork_type":null,"name":null},"geometry":{"type":"Point","coordinates":[-106.820406,40.48566]}},{"id":"1","type":"Feature","properties":{"natural":null,"barrier":null,"highway":"street_lamp","amenity":null,"tourism":null,"base_elevation":121,"height":null,"material":null,"direction":null,"artwork_type":null,"name":null},"geometry":{"type":"Point","coordinates":[-106.821163,40.485669]}},{"id":"2","type":"Feature","properties":{"natural":null,"barrier":null,"highway":"street_lamp","amenity":null,"tourism":null,"base_elevation":126,"height":null,"material":null,"direction":null,"artwork_type":null,"name":null},"geometry":{"type":"Point","coordinates":[-106.820342,40.486603]}},{"id":"3","type":"Feature","properties":{"natural":null,"barrier":null,"highway":"street_lamp","amenity":null,"tourism":null,"base_elevation":125,"height":null,"material":null,"direction":null,"artwork_type":null,"name":null},"geometry":{"type":"Point","coordinates":[-106.821038,40.486607]}},{"id":"4","type":"Feature","properties":{"natural":"tree","barrier":null,"highway":null,"amenity":null,"tourism":null,"base_elevation":471,"height":null,"material":null,"direction":null,"artwork_type":null,"name":null},"geometry":{"type":"Point","coordinates":[-106.787635,40.454986]}},{"id":"5","type":"Feature","properties":{"natural":"tree","barrier":null,"highway":null,"amenity":null,"tourism":null,"base_elevation":299,"height":null,"material":null,"direction":null,"artwork_type":null,"name":null},"geometry":{"type":"Point","coordinates":[-106.793373,40.457451]}},{"id":"6","type":"Feature","properties":{"natural":"tree","barrier":null,"highway":null,"amenity":null,"tourism":null,"base_elevation":89,"height":null,"material":null,"direction":null,"artwork_type":null,"name":null},"geometry":{"type":"Point","coordinates":[-106.841238,40.489956]}},{"id":"7","type":"Feature","properties":{"natural":"tree","barrier":null,"highway":null,"amenity":null,"tourism":null,"base_elevation":84,"height":null,"material":null,"direction":null,"artwork_type":null,"name":null},"geometry":{"type":"Point","coordinates":[-106.841579,40.489792]}},{"id":"8","type":"Feature","properties":{"natural":"tree","barrier":null,"highway":null,"amenity":null,"tourism":null,"base_elevation":86,"height":null,"material":null,"direction":null,"artwork_type":null,"name":null},"geometry":{"type":"Point","coordinates":[-106.841277,40.489859]}},{"id":"9","type":"Feature","properties":{"natural":"tree","barrier":null,"highway":null,"amenity":null,"tourism":null,"base_elevation":89,"height":null,"material":null,"direction":null,"artwork_type":null,"name":null},"geometry":{"type":"Point","coordinates":[-106.841378,40.49021]}},{"id":"10","type":"Feature","properties":{"natural":"tree","barrier":null,"highway":null,"amenity":null,"tourism":null,"base_elevation":87,"height":null,"material":null,"direction":null,"artwork_type":null,"name":null},"geometry":{"type":"Point","coordinates":[-106.841492,40.490015]}},{"id":"11","type":"Feature","properties":{"natural":"tree","barrier":null,"highway":null,"amenity":null,"tourism":null,"base_elevation":88,"height":null,"material":null,"direction":null,"artwork_type":null,"name":null},"geometry":{"type":"Point","coordinates":[-106.840831,40.48969]}},{"id":"12","type":"Feature","properties":{"natural":"tree","barrier":null,"highway":null,"amenity":null,"tourism":null,"base_elevation":86,"height":null,"material":null,"direction":null,"artwork_type":null,"name":null},"geometry":{"type":"Point","coordinates":[-106.841111,40.489636]}},{"id":"13","type":"Feature","properties":{"natural":"tree","barrier":null,"highway":null,"amenity":null,"tourism":null,"base_elevation":90,"height":null,"material":null,"direction":null,"artwork_type":null,"name":null},"geometry":{"type":"Point","coordinates":[-106.841673,40.49047]}},{"id":"14","type":"Feature","properties":{"natural":"tree","barrier":null,"highway":null,"amenity":null,"tourism":null,"base_elevation":85,"height":null,"material":null,"direction":null,"artwork_type":null,"name":null},"geometry":{"type":"Point","coordinates":[-106.841914,40.490034]}},{"id":"15","type":"Feature","properties":{"natural":"tree","barrier":null,"highway":null,"amenity":null,"tourism":null,"base_elevation":88,"height":null,"material":null,"direction":null,"artwork_type":null,"name":null},"geometry":{"type":"Point","coordinates":[-106.840918,40.489771]}},{"id":"16","type":"Feature","properties":{"natural":"tree","barrier":null,"highway":null,"amenity":null,"tourism":null,"base_elevation":89,"height":null,"material":null,"direction":null,"artwork_type":null,"name":null},"geometry":{"type":"Point","coordinates":[-106.841196,40.490037]}},{"id":"17","type":"Feature","properties":{"natural":"tree","barrier":null,"highway":null,"amenity":null,"tourism":null,"base_elevation":86,"height":null,"material":null,"direction":null,"artwork_type":null,"name":null},"geometry":{"type":"Point","coordinates":[-106.841261,40.489693]}},{"id":"18","type":"Feature","properties":{"natural":"tree","barrier":null,"highway":null,"amenity":null,"tourism":null,"base_elevation":86,"height":null,"material":null,"direction":null,"artwork_type":null,"name":null},"geometry":{"type":"Point","coordinates":[-106.841017,40.489536]}},{"id":"19","type":"Feature","properties":{"natural":"tree","barrier":null,"highway":null,"amenity":null,"tourism":null,"base_elevation":88,"height":null,"material":null,"direction":null,"artwork_type":null,"name":null},"geometry":{"type":"Point","coordinates":[-106.84085,40.489547]}},{"id":"20","type":"Feature","properties":{"natural":"tree","barrier":null,"highway":null,"amenity":null,"tourism":null,"base_elevation":86,"height":null,"material":null,"direction":null,"artwork_type":null,"name":null},"geometry":{"type":"Point","coordinates":[-106.841042,40.489745]}},{"id":"21","type":"Feature","properties":{"natural":"tree","barrier":null,"highway":null,"amenity":null,"tourism":null,"base_elevation":83,"height":null,"material":null,"direction":null,"artwork_type":null,"name":null},"geometry":{"type":"Point","coordinates":[-106.841734,40.489483]}},{"id":"22","type":"Feature","properties":{"natural":"tree","barrier":null,"highway":null,"amenity":null,"tourism":null,"base_elevation":88,"height":null,"material":null,"direction":null,"artwork_type":null,"name":null},"geometry":{"type":"Point","coordinates":[-106.84316,40.491235]}},{"id":"23","type":"Feature","properties":{"natural":"tree","barrier":null,"highway":null,"amenity":null,"tourism":null,"base_elevation":85,"height":null,"material":null,"direction":null,"artwork_type":null,"name":null},"geometry":{"type":"Point","coordinates":[-106.842095,40.489928]}},{"id":"24","type":"Feature","properties":{"natural":"tree","barrier":null,"highway":null,"amenity":null,"tourism":null,"base_elevation":83,"height":null,"material":null,"direction":null,"artwork_type":null,"name":null},"geometry":{"type":"Point","coordinates":[-106.841956,40.489832]}},{"id":"25","type":"Feature","properties":{"natural":"tree","barrier":null,"highway":null,"amenity":null,"tourism":null,"base_elevation":85,"height":null,"material":null,"direction":null,"artwork_type":null,"name":null},"geometry":{"type":"Point","coordinates":[-106.842735,40.490281]}},{"id":"26","type":"Feature","properties":{"natural":"tree","barrier":null,"highway":null,"amenity":null,"tourism":null,"base_elevation":88,"height":null,"material":null,"direction":null,"artwork_type":null,"name":null},"geometry":{"type":"Point","coordinates":[-106.842892,40.491145]}},{"id":"27","type":"Feature","properties":{"natural":"tree","barrier":null,"highway":null,"amenity":null,"tourism":null,"base_elevation":91,"height":null,"material":null,"direction":null,"artwork_type":null,"name":null},"geometry":{"type":"Point","coordinates":[-106.842656,40.491126]}},{"id":"28","type":"Feature","properties":{"natural":"tree","barrier":null,"highway":null,"amenity":null,"tourism":null,"base_elevation":88,"height":null,"material":null,"direction":null,"artwork_type":null,"name":null},"geometry":{"type":"Point","coordinates":[-106.84316,40.491112]}},{"id":"29","type":"Feature","properties":{"natural":"tree","barrier":null,"highway":null,"amenity":null,"tourism":null,"base_elevation":88,"height":null,"material":null,"direction":null,"artwork_type":null,"name":null},"geometry":{"type":"Point","coordinates":[-106.842924,40.491093]}},{"id":"30","type":"Feature","properties":{"natural":"tree","barrier":null,"highway":null,"amenity":null,"tourism":null,"base_elevation":83,"height":null,"material":null,"direction":null,"artwork_type":null,"name":null},"geometry":{"type":"Point","coordinates":[-106.842863,40.490442]}},{"id":"31","type":"Feature","properties":{"natural":"tree","barrier":null,"highway":null,"amenity":null,"tourism":null,"base_elevation":83,"height":null,"material":null,"direction":null,"artwork_type":null,"name":null},"geometry":{"type":"Point","coordinates":[-106.842318,40.490071]}},{"id":"32","type":"Feature","properties":{"natural":"tree","barrier":null,"highway":null,"amenity":null,"tourism":null,"base_elevation":83,"height":null,"material":null,"direction":null,"artwork_type":null,"name":null},"geometry":{"type":"Point","coordinates":[-106.842819,40.490512]}},{"id":"33","type":"Feature","properties":{"natural":"tree","barrier":null,"highway":null,"amenity":null,"tourism":null,"base_elevation":89,"height":null,"material":null,"direction":null,"artwork_type":null,"name":null},"geometry":{"type":"Point","coordinates":[-106.843258,40.491382]}},{"id":"34","type":"Feature","properties":{"natural":"tree","barrier":null,"highway":null,"amenity":null,"tourism":null,"base_elevation":88,"height":null,"material":null,"direction":null,"artwork_type":null,"name":null},"geometry":{"type":"Point","coordinates":[-106.843007,40.491132]}},{"id":"35","type":"Feature","properties":{"natural":"tree","barrier":null,"highway":null,"amenity":null,"tourism":null,"base_elevation":88,"height":null,"material":null,"direction":null,"artwork_type":null,"name":null},"geometry":{"type":"Point","coordinates":[-106.84301,40.490981]}},{"id":"36","type":"Feature","properties":{"natural":"tree","barrier":null,"highway":null,"amenity":null,"tourism":null,"base_elevation":84,"height":null,"material":null,"direction":null,"artwork_type":null,"name":null},"geometry":{"type":"Point","coordinates":[-106.841181,40.489467]}},{"id":"37","type":"Feature","properties":{"natural":"tree","barrier":null,"highway":null,"amenity":null,"tourism":null,"base_elevation":86,"height":null,"material":null,"direction":null,"artwork_type":null,"name":null},"geometry":{"type":"Point","coordinates":[-106.84122,40.489575]}},{"id":"38","type":"Feature","properties":{"natural":"tree","barrier":null,"highway":null,"amenity":null,"tourism":null,"base_elevation":83,"height":null,"material":null,"direction":null,"artwork_type":null,"name":null},"geometry":{"type":"Point","coordinates":[-106.842794,40.490364]}},{"id":"39","type":"Feature","properties":{"natural":"tree","barrier":null,"highway":null,"amenity":null,"tourism":null,"base_elevation":85,"height":null,"material":null,"direction":null,"artwork_type":null,"name":null},"geometry":{"type":"Point","coordinates":[-106.842023,40.489877]}},{"id":"40","type":"Feature","properties":{"natural":"tree","barrier":null,"highway":null,"amenity":null,"tourism":null,"base_elevation":88,"height":null,"material":null,"direction":null,"artwork_type":null,"name":null},"geometry":{"type":"Point","coordinates":[-106.842882,40.491232]}},{"id":"41","type":"Feature","properties":{"natural":"tree","barrier":null,"highway":null,"amenity":null,"tourism":null,"base_elevation":85,"height":null,"material":null,"direction":null,"artwork_type":null,"name":null},"geometry":{"type":"Point","coordinates":[-106.842658,40.490236]}},{"id":"42","type":"Feature","properties":{"natural":"tree","barrier":null,"highway":null,"amenity":null,"tourism":null,"base_elevation":88,"height":null,"material":null,"direction":null,"artwork_type":null,"name":null},"geometry":{"type":"Point","coordinates":[-106.843036,40.491066]}},{"id":"43","type":"Feature","properties":{"natural":"tree","barrier":null,"highway":null,"amenity":null,"tourism":null,"base_elevation":90,"height":null,"material":null,"direction":null,"artwork_type":null,"name":null},"geometry":{"type":"Point","coordinates":[-106.841726,40.490421]}},{"id":"44","type":"Feature","properties":{"natural":"tree","barrier":null,"highway":null,"amenity":null,"tourism":null,"base_elevation":88,"height":null,"material":null,"direction":null,"artwork_type":null,"name":null},"geometry":{"type":"Point","coordinates":[-106.843162,40.490988]}},{"id":"45","type":"Feature","properties":{"natural":"tree","barrier":null,"highway":null,"amenity":null,"tourism":null,"base_elevation":89,"height":null,"material":null,"direction":null,"artwork_type":null,"name":null},"geometry":{"type":"Point","coordinates":[-106.84325,40.49129]}},{"id":"46","type":"Feature","properties":{"natural":"tree","barrier":null,"highway":null,"amenity":null,"tourism":null,"base_elevation":91,"height":null,"material":null,"direction":null,"artwork_type":null,"name":null},"geometry":{"type":"Point","coordinates":[-106.84276,40.491183]}},{"id":"47","type":"Feature","properties":{"natural":"tree","barrier":null,"highway":null,"amenity":null,"tourism":null,"base_elevation":92,"height":null,"material":null,"direction":null,"artwork_type":null,"name":null},"geometry":{"type":"Point","coordinates":[-106.843079,40.49131]}},{"id":"48","type":"Feature","properties":{"natural":null,"barrier":null,"highway":"street_lamp","amenity":null,"tourism":null,"base_elevation":124,"height":null,"material":null,"direction":null,"artwork_type":null,"name":null},"geometry":{"type":"Point","coordinates":[-106.808777,40.425157]}},{"id":"49","type":"Feature","properties":{"natural":null,"barrier":null,"highway":"street_lamp","amenity":null,"tourism":null,"base_elevation":134,"height":null,"material":null,"direction":null,"artwork_type":null,"name":null},"geometry":{"type":"Point","coordinates":[-106.806247,40.41926]}},{"id":"50","type":"Feature","properties":{"natural":null,"barrier":null,"highway":"street_lamp","amenity":null,"tourism":null,"base_elevation":134,"height":null,"material":null,"direction":null,"artwork_type":null,"name":null},"geometry":{"type":"Point","coordinates":[-106.806243,40.419129]}},{"id":"51","type":"Feature","properties":{"natural":null,"barrier":null,"highway":"street_lamp","amenity":null,"tourism":null,"base_elevation":113,"height":null,"material":null,"direction":null,"artwork_type":null,"name":null},"geometry":{"type":"Point","coordinates":[-106.815943,40.431613]}},{"id":"52","type":"Feature","properties":{"natural":null,"barrier":null,"highway":"street_lamp","amenity":null,"tourism":null,"base_elevation":117,"height":null,"material":null,"direction":null,"artwork_type":null,"name":null},"geometry":{"type":"Point","coordinates":[-106.81483,40.428821]}},{"id":"53","type":"Feature","properties":{"natural":null,"barrier":null,"highway":"street_lamp","amenity":null,"tourism":null,"base_elevation":114,"height":null,"material":null,"direction":null,"artwork_type":null,"name":null},"geometry":{"type":"Point","coordinates":[-106.815779,40.430487]}},{"id":"54","type":"Feature","properties":{"natural":null,"barrier":null,"highway":"street_lamp","amenity":null,"tourism":null,"base_elevation":115,"height":null,"material":null,"direction":null,"artwork_type":null,"name":null},"geometry":{"type":"Point","coordinates":[-106.816518,40.429211]}},{"id":"55","type":"Feature","properties":{"natural":null,"barrier":null,"highway":"street_lamp","amenity":null,"tourism":null,"base_elevation":116,"height":null,"material":null,"direction":null,"artwork_type":null,"name":null},"geometry":{"type":"Point","coordinates":[-106.815396,40.429485]}},{"id":"56","type":"Feature","properties":{"natural":"tree","barrier":null,"highway":null,"amenity":null,"tourism":null,"base_elevation":103,"height":null,"material":null,"direction":null,"artwork_type":null,"name":null},"geometry":{"type":"Point","coordinates":[-106.825411,40.474022]}},{"id":"57","type":"Feature","properties":{"natural":null,"barrier":null,"highway":"traffic_signals","amenity":null,"tourism":null,"base_elevation":88,"height":null,"material":null,"direction":null,"artwork_type":null,"name":null},"geometry":{"type":"Polygon","coordinates":[[[-106.835713,40.486781],[-106.835713,40.48678],[-106.835713,40.48678],[-106.835713,40.486779],[-106.835714,40.486778],[-106.835714,40.486778],[-106.835715,40.486777],[-106.835715,40.486777],[-106.835716,40.486776],[-106.835716,40.486776],[-106.835717,40.486775],[-106.835718,40.486775],[-106.835719,40.486775],[-106.835719,40.486774],[-106.83572,40.486774],[-106.835721,40.486774],[-106.835722,40.486774],[-106.835723,40.486774],[-106.835724,40.486774],[-106.835725,40.486774],[-106.835725,40.486775],[-106.835726,40.486775],[-106.835727,40.486775],[-106.835728,40.486776],[-106.835728,40.486776],[-106.835729,40.486777],[-106.835729,40.486777],[-106.83573,40.486778],[-106.83573,40.486778],[-106.835731,40.486779],[-106.835731,40.48678],[-106.835731,40.48678],[-106.835731,40.486781],[-106.835731,40.486782],[-106.835731,40.486782],[-106.835731,40.486783],[-106.83573,40.486784],[-106.83573,40.486784],[-106.835729,40.486785],[-106.835729,40.486785],[-106.835728,40.486786],[-106.835728,40.486786],[-106.835727,40.486787],[-106.835726,40.486787],[-106.835725,40.486787],[-106.835725,40.486787],[-106.835724,40.486788],[-106.835723,40.486788],[-106.835722,40.486788],[-106.835721,40.486788],[-106.83572,40.486788],[-106.835719,40.486787],[-106.835719,40.486787],[-106.835718,40.486787],[-106.835717,40.486787],[-106.835716,40.486786],[-106.835716,40.486786],[-106.835715,40.486785],[-106.835715,40.486785],[-106.835714,40.486784],[-106.835714,40.486784],[-106.835713,40.486783],[-106.835713,40.486782],[-106.835713,40.486782],[-106.835713,40.486781]]]}},{"id":"58","type":"Feature","properties":{"natural":null,"barrier":null,"highway":"crossing","amenity":null,"tourism":null,"base_elevation":98,"height":null,"material":null,"direction":null,"artwork_type":null,"name":null},"geometry":{"type":"Polygon","coordinates":[[[-106.83054,40.485067],[-106.83054,40.485067],[-106.83054,40.485066],[-106.83054,40.485065],[-106.830541,40.485065],[-106.830541,40.485064],[-106.830541,40.485064],[-106.830542,40.485063],[-106.830543,40.485062],[-106.830543,40.485062],[-106.830544,40.485062],[-106.830545,40.485061],[-106.830545,40.485061],[-106.830546,40.485061],[-106.830547,40.485061],[-106.830548,40.485061],[-106.830549,40.48506],[-106.83055,40.485061],[-106.830551,40.485061],[-106.830552,40.485061],[-106.830552,40.485061],[-106.830553,40.485061],[-106.830554,40.485062],[-106.830555,40.485062],[-106.830555,40.485062],[-106.830556,40.485063],[-106.830556,40.485064],[-106.830557,40.485064],[-106.830557,40.485065],[-106.830557,40.485065],[-106.830558,40.485066],[-106.830558,40.485067],[-106.830558,40.485067],[-106.830558,40.485068],[-106.830558,40.485069],[-106.830557,40.485069],[-106.830557,40.48507],[-106.830557,40.485071],[-106.830556,40.485071],[-106.830556,40.485072],[-106.830555,40.485072],[-106.830555,40.485073],[-106.830554,40.485073],[-106.830553,40.485073],[-106.830552,40.485074],[-106.830552,40.485074],[-106.830551,40.485074],[-106.83055,40.485074],[-106.830549,40.485074],[-106.830548,40.485074],[-106.830547,40.485074],[-106.830546,40.485074],[-106.830545,40.485074],[-106.830545,40.485073],[-106.830544,40.485073],[-106.830543,40.485073],[-106.830543,40.485072],[-106.830542,40.485072],[-106.830541,40.485071],[-106.830541,40.485071],[-106.830541,40.48507],[-106.83054,40.485069],[-106.83054,40.485069],[-106.83054,40.485068],[-106.83054,40.485067]]]}},{"id":"59","type":"Feature","properties":{"natural":null,"barrier":null,"highway":"crossing","amenity":null,"tourism":null,"base_elevation":94,"height":null,"material":null,"direction":null,"artwork_type":null,"name":null},"geometry":{"type":"Polygon","coordinates":[[[-106.832702,40.486357],[-106.832702,40.486357],[-106.832702,40.486356],[-106.832702,40.486355],[-106.832703,40.486355],[-106.832703,40.486354],[-106.832703,40.486354],[-106.832704,40.486353],[-106.832705,40.486352],[-106.832705,40.486352],[-106.832706,40.486352],[-106.832707,40.486351],[-106.832707,40.486351],[-106.832708,40.486351],[-106.832709,40.486351],[-106.83271,40.486351],[-106.832711,40.48635],[-106.832712,40.486351],[-106.832713,40.486351],[-106.832714,40.486351],[-106.832714,40.486351],[-106.832715,40.486351],[-106.832716,40.486352],[-106.832717,40.486352],[-106.832717,40.486352],[-106.832718,40.486353],[-106.832718,40.486354],[-106.832719,40.486354],[-106.832719,40.486355],[-106.832719,40.486355],[-106.83272,40.486356],[-106.83272,40.486357],[-106.83272,40.486357],[-106.83272,40.486358],[-106.83272,40.486359],[-106.832719,40.486359],[-106.832719,40.48636],[-106.832719,40.486361],[-106.832718,40.486361],[-106.832718,40.486362],[-106.832717,40.486362],[-106.832717,40.486363],[-106.832716,40.486363],[-106.832715,40.486363],[-106.832714,40.486364],[-106.832714,40.486364],[-106.832713,40.486364],[-106.832712,40.486364],[-106.832711,40.486364],[-106.83271,40.486364],[-106.832709,40.486364],[-106.832708,40.486364],[-106.832707,40.486364],[-106.832707,40.486363],[-106.832706,40.486363],[-106.832705,40.486363],[-106.832705,40.486362],[-106.832704,40.486362],[-106.832703,40.486361],[-106.832703,40.486361],[-106.832703,40.48636],[-106.832702,40.486359],[-106.832702,40.486359],[-106.832702,40.486358],[-106.832702,40.486357]]]}},{"id":"60","type":"Feature","properties":{"natural":null,"barrier":null,"highway":"traffic_signals","amenity":null,"tourism":null,"base_elevation":105,"height":null,"material":null,"direction":null,"artwork_type":null,"name":null},"geometry":{"type":"Polygon","coordinates":[[[-106.825677,40.465241],[-106.825677,40.465241],[-106.825677,40.46524],[-106.825678,40.465239],[-106.825678,40.465239],[-106.825678,40.465238],[-106.825679,40.465238],[-106.825679,40.465237],[-106.82568,40.465237],[-106.825681,40.465236],[-106.825681,40.465236],[-106.825682,40.465235],[-106.825683,40.465235],[-106.825684,40.465235],[-106.825684,40.465235],[-106.825685,40.465235],[-106.825686,40.465235],[-106.825687,40.465235],[-106.825688,40.465235],[-106.825689,40.465235],[-106.82569,40.465235],[-106.82569,40.465235],[-106.825691,40.465236],[-106.825692,40.465236],[-106.825693,40.465237],[-106.825693,40.465237],[-106.825694,40.465238],[-106.825694,40.465238],[-106.825694,40.465239],[-106.825695,40.465239],[-106.825695,40.46524],[-106.825695,40.465241],[-106.825695,40.465241],[-106.825695,40.465242],[-106.825695,40.465243],[-106.825695,40.465243],[-106.825694,40.465244],[-106.825694,40.465245],[-106.825694,40.465245],[-106.825693,40.465246],[-106.825693,40.465246],[-106.825692,40.465247],[-106.825691,40.465247],[-106.82569,40.465247],[-106.82569,40.465248],[-106.825689,40.465248],[-106.825688,40.465248],[-106.825687,40.465248],[-106.825686,40.465248],[-106.825685,40.465248],[-106.825684,40.465248],[-106.825684,40.465248],[-106.825683,40.465248],[-106.825682,40.465247],[-106.825681,40.465247],[-106.825681,40.465247],[-106.82568,40.465246],[-106.825679,40.465246],[-106.825679,40.465245],[-106.825678,40.465245],[-106.825678,40.465244],[-106.825678,40.465243],[-106.825677,40.465243],[-106.825677,40.465242],[-106.825677,40.465241]]]}},{"id":"61","type":"Feature","properties":{"natural":null,"barrier":null,"highway":"traffic_signals","amenity":null,"tourism":null,"base_elevation":118,"height":null,"material":null,"direction":null,"artwork_type":null,"name":null},"geometry":{"type":"Polygon","coordinates":[[[-106.81573,40.458703],[-106.81573,40.458702],[-106.81573,40.458702],[-106.81573,40.458701],[-106.815731,40.4587],[-106.815731,40.4587],[-106.815732,40.458699],[-106.815732,40.458699],[-106.815733,40.458698],[-106.815733,40.458698],[-106.815734,40.458697],[-106.815735,40.458697],[-106.815736,40.458697],[-106.815736,40.458696],[-106.815737,40.458696],[-106.815738,40.458696],[-106.815739,40.458696],[-106.81574,40.458696],[-106.815741,40.458696],[-106.815742,40.458696],[-106.815742,40.458697],[-106.815743,40.458697],[-106.815744,40.458697],[-106.815745,40.458698],[-106.815745,40.458698],[-106.815746,40.458699],[-106.815746,40.458699],[-106.815747,40.4587],[-106.815747,40.4587],[-106.815748,40.458701],[-106.815748,40.458702],[-106.815748,40.458702],[-106.815748,40.458703],[-106.815748,40.458704],[-106.815748,40.458704],[-106.815748,40.458705],[-106.815747,40.458706],[-106.815747,40.458706],[-106.815746,40.458707],[-106.815746,40.458707],[-106.815745,40.458708],[-106.815745,40.458708],[-106.815744,40.458709],[-106.815743,40.458709],[-106.815742,40.458709],[-106.815742,40.45871],[-106.815741,40.45871],[-106.81574,40.45871],[-106.815739,40.45871],[-106.815738,40.45871],[-106.815737,40.45871],[-106.815736,40.45871],[-106.815736,40.458709],[-106.815735,40.458709],[-106.815734,40.458709],[-106.815733,40.458708],[-106.815733,40.458708],[-106.815732,40.458707],[-106.815732,40.458707],[-106.815731,40.458706],[-106.815731,40.458706],[-106.81573,40.458705],[-106.81573,40.458704],[-106.81573,40.458704],[-106.81573,40.458703]]]}},{"id":"62","type":"Feature","properties":{"natural":null,"barrier":null,"highway":"traffic_signals","amenity":null,"tourism":null,"base_elevation":115,"height":null,"material":null,"direction":null,"artwork_type":null,"name":null},"geometry":{"type":"Polygon","coordinates":[[[-106.820145,40.462475],[-106.820145,40.462475],[-106.820145,40.462474],[-106.820145,40.462474],[-106.820145,40.462473],[-106.820146,40.462472],[-106.820146,40.462472],[-106.820147,40.462471],[-106.820147,40.462471],[-106.820148,40.46247],[-106.820149,40.46247],[-106.820149,40.462469],[-106.82015,40.462469],[-106.820151,40.462469],[-106.820152,40.462469],[-106.820153,40.462469],[-106.820154,40.462469],[-106.820154,40.462469],[-106.820155,40.462469],[-106.820156,40.462469],[-106.820157,40.462469],[-106.820158,40.462469],[-106.820159,40.46247],[-106.820159,40.46247],[-106.82016,40.462471],[-106.820161,40.462471],[-106.820161,40.462472],[-106.820162,40.462472],[-106.820162,40.462473],[-106.820162,40.462474],[-106.820162,40.462474],[-106.820163,40.462475],[-106.820163,40.462475],[-106.820163,40.462476],[-106.820162,40.462477],[-106.820162,40.462477],[-106.820162,40.462478],[-106.820162,40.462479],[-106.820161,40.462479],[-106.820161,40.46248],[-106.82016,40.46248],[-106.820159,40.462481],[-106.820159,40.462481],[-106.820158,40.462482],[-106.820157,40.462482],[-106.820156,40.462482],[-106.820155,40.462482],[-106.820154,40.462482],[-106.820154,40.462482],[-106.820153,40.462482],[-106.820152,40.462482],[-106.820151,40.462482],[-106.82015,40.462482],[-106.820149,40.462482],[-106.820149,40.462481],[-106.820148,40.462481],[-106.820147,40.46248],[-106.820147,40.46248],[-106.820146,40.462479],[-106.820146,40.462479],[-106.820145,40.462478],[-106.820145,40.462477],[-106.820145,40.462477],[-106.820145,40.462476],[-106.820145,40.462475]]]}},{"id":"63","type":"Feature","properties":{"natural":null,"barrier":null,"highway":"traffic_signals","amenity":null,"tourism":null,"base_elevation":74,"height":null,"material":null,"direction":null,"artwork_type":null,"name":null},"geometry":{"type":"Polygon","coordinates":[[[-106.863776,40.502967],[-106.863776,40.502966],[-106.863776,40.502965],[-106.863776,40.502965],[-106.863777,40.502964],[-106.863777,40.502964],[-106.863778,40.502963],[-106.863778,40.502962],[-106.863779,40.502962],[-106.863779,40.502962],[-106.86378,40.502961],[-106.863781,40.502961],[-106.863782,40.50296],[-106.863782,40.50296],[-106.863783,40.50296],[-106.863784,40.50296],[-106.863785,40.50296],[-106.863786,40.50296],[-106.863787,40.50296],[-106.863788,40.50296],[-106.863788,40.50296],[-106.863789,40.502961],[-106.86379,40.502961],[-106.863791,40.502962],[-106.863791,40.502962],[-106.863792,40.502962],[-106.863792,40.502963],[-106.863793,40.502964],[-106.863793,40.502964],[-106.863794,40.502965],[-106.863794,40.502965],[-106.863794,40.502966],[-106.863794,40.502967],[-106.863794,40.502967],[-106.863794,40.502968],[-106.863794,40.502969],[-106.863793,40.502969],[-106.863793,40.50297],[-106.863792,40.502971],[-106.863792,40.502971],[-106.863791,40.502972],[-106.863791,40.502972],[-106.86379,40.502972],[-106.863789,40.502973],[-106.863788,40.502973],[-106.863788,40.502973],[-106.863787,40.502973],[-106.863786,40.502974],[-106.863785,40.502974],[-106.863784,40.502974],[-106.863783,40.502973],[-106.863782,40.502973],[-106.863782,40.502973],[-106.863781,40.502973],[-106.86378,40.502972],[-106.863779,40.502972],[-106.863779,40.502972],[-106.863778,40.502971],[-106.863778,40.502971],[-106.863777,40.50297],[-106.863777,40.502969],[-106.863776,40.502969],[-106.863776,40.502968],[-106.863776,40.502967],[-106.863776,40.502967]]]}},{"id":"64","type":"Feature","properties":{"natural":null,"barrier":null,"highway":"traffic_signals","amenity":null,"tourism":null,"base_elevation":78,"height":null,"material":null,"direction":null,"artwork_type":null,"name":null},"geometry":{"type":"Polygon","coordinates":[[[-106.856102,40.501937],[-106.856102,40.501936],[-106.856102,40.501935],[-106.856103,40.501935],[-106.856103,40.501934],[-106.856103,40.501933],[-106.856104,40.501933],[-106.856104,40.501932],[-106.856105,40.501932],[-106.856106,40.501931],[-106.856106,40.501931],[-106.856107,40.501931],[-106.856108,40.50193],[-106.856109,40.50193],[-106.856109,40.50193],[-106.85611,40.50193],[-106.856111,40.50193],[-106.856112,40.50193],[-106.856113,40.50193],[-106.856114,40.50193],[-106.856115,40.50193],[-106.856115,40.501931],[-106.856116,40.501931],[-106.856117,40.501931],[-106.856118,40.501932],[-106.856118,40.501932],[-106.856119,40.501933],[-106.856119,40.501933],[-106.856119,40.501934],[-106.85612,40.501935],[-106.85612,40.501935],[-106.85612,40.501936],[-106.85612,40.501937],[-106.85612,40.501937],[-106.85612,40.501938],[-106.85612,40.501939],[-106.856119,40.501939],[-106.856119,40.50194],[-106.856119,40.50194],[-106.856118,40.501941],[-106.856118,40.501941],[-106.856117,40.501942],[-106.856116,40.501942],[-106.856115,40.501943],[-106.856115,40.501943],[-106.856114,40.501943],[-106.856113,40.501943],[-106.856112,40.501943],[-106.856111,40.501943],[-106.85611,40.501943],[-106.856109,40.501943],[-106.856109,40.501943],[-106.856108,40.501943],[-106.856107,40.501943],[-106.856106,40.501942],[-106.856106,40.501942],[-106.856105,40.501941],[-106.856104,40.501941],[-106.856104,40.50194],[-106.856103,40.50194],[-106.856103,40.501939],[-106.856103,40.501939],[-106.856102,40.501938],[-106.856102,40.501937],[-106.856102,40.501937]]]}},{"id":"65","type":"Feature","properties":{"natural":null,"barrier":null,"highway":"traffic_signals","amenity":null,"tourism":null,"base_elevation":96,"height":null,"material":null,"direction":null,"artwork_type":null,"name":null},"geometry":{"type":"Polygon","coordinates":[[[-106.82923,40.482938],[-106.82923,40.482938],[-106.82923,40.482937],[-106.829231,40.482936],[-106.829231,40.482936],[-106.829231,40.482935],[-106.829232,40.482935],[-106.829232,40.482934],[-106.829233,40.482934],[-106.829234,40.482933],[-106.829234,40.482933],[-106.829235,40.482932],[-106.829236,40.482932],[-106.829237,40.482932],[-106.829237,40.482932],[-106.829238,40.482932],[-106.829239,40.482932],[-106.82924,40.482932],[-106.829241,40.482932],[-106.829242,40.482932],[-106.829243,40.482932],[-106.829243,40.482932],[-106.829244,40.482933],[-106.829245,40.482933],[-106.829246,40.482934],[-106.829246,40.482934],[-106.829247,40.482935],[-106.829247,40.482935],[-106.829247,40.482936],[-106.829248,40.482936],[-106.829248,40.482937],[-106.829248,40.482938],[-106.829248,40.482938],[-106.829248,40.482939],[-106.829248,40.48294],[-106.829248,40.48294],[-106.829247,40.482941],[-106.829247,40.482942],[-106.829247,40.482942],[-106.829246,40.482943],[-106.829246,40.482943],[-106.829245,40.482944],[-106.829244,40.482944],[-106.829243,40.482944],[-106.829243,40.482945],[-106.829242,40.482945],[-106.829241,40.482945],[-106.82924,40.482945],[-106.829239,40.482945],[-106.829238,40.482945],[-106.829237,40.482945],[-106.829237,40.482945],[-106.829236,40.482945],[-106.829235,40.482944],[-106.829234,40.482944],[-106.829234,40.482944],[-106.829233,40.482943],[-106.829232,40.482943],[-106.829232,40.482942],[-106.829231,40.482942],[-106.829231,40.482941],[-106.829231,40.48294],[-106.82923,40.48294],[-106.82923,40.482939],[-106.82923,40.482938]]]}},{"id":"66","type":"Feature","properties":{"natural":null,"barrier":null,"highway":"traffic_signals","amenity":null,"tourism":null,"base_elevation":94,"height":null,"material":null,"direction":null,"artwork_type":null,"name":null},"geometry":{"type":"Polygon","coordinates":[[[-106.83141,40.48422],[-106.83141,40.48422],[-106.831411,40.484219],[-106.831411,40.484218],[-106.831411,40.484218],[-106.831411,40.484217],[-106.831412,40.484216],[-106.831412,40.484216],[-106.831413,40.484215],[-106.831414,40.484215],[-106.831414,40.484215],[-106.831415,40.484214],[-106.831416,40.484214],[-106.831417,40.484214],[-106.831418,40.484213],[-106.831419,40.484213],[-106.831419,40.484213],[-106.83142,40.484213],[-106.831421,40.484213],[-106.831422,40.484214],[-106.831423,40.484214],[-106.831424,40.484214],[-106.831424,40.484215],[-106.831425,40.484215],[-106.831426,40.484215],[-106.831426,40.484216],[-106.831427,40.484216],[-106.831427,40.484217],[-106.831428,40.484218],[-106.831428,40.484218],[-106.831428,40.484219],[-106.831428,40.48422],[-106.831428,40.48422],[-106.831428,40.484221],[-106.831428,40.484222],[-106.831428,40.484222],[-106.831428,40.484223],[-106.831427,40.484223],[-106.831427,40.484224],[-106.831426,40.484225],[-106.831426,40.484225],[-106.831425,40.484225],[-106.831424,40.484226],[-106.831424,40.484226],[-106.831423,40.484227],[-106.831422,40.484227],[-106.831421,40.484227],[-106.83142,40.484227],[-106.831419,40.484227],[-106.831419,40.484227],[-106.831418,40.484227],[-106.831417,40.484227],[-106.831416,40.484227],[-106.831415,40.484226],[-106.831414,40.484226],[-106.831414,40.484225],[-106.831413,40.484225],[-106.831412,40.484225],[-106.831412,40.484224],[-106.831411,40.484223],[-106.831411,40.484223],[-106.831411,40.484222],[-106.831411,40.484222],[-106.83141,40.484221],[-106.83141,40.48422]]]}},{"id":"67","type":"Feature","properties":{"natural":null,"barrier":null,"highway":"traffic_signals","amenity":null,"tourism":null,"base_elevation":92,"height":null,"material":null,"direction":null,"artwork_type":null,"name":null},"geometry":{"type":"Polygon","coordinates":[[[-106.833564,40.4855],[-106.833564,40.485499],[-106.833564,40.485499],[-106.833564,40.485498],[-106.833564,40.485497],[-106.833565,40.485497],[-106.833565,40.485496],[-106.833566,40.485496],[-106.833566,40.485495],[-106.833567,40.485495],[-106.833568,40.485494],[-106.833568,40.485494],[-106.833569,40.485494],[-106.83357,40.485493],[-106.833571,40.485493],[-106.833572,40.485493],[-106.833573,40.485493],[-106.833574,40.485493],[-106.833574,40.485493],[-106.833575,40.485493],[-106.833576,40.485494],[-106.833577,40.485494],[-106.833578,40.485494],[-106.833578,40.485495],[-106.833579,40.485495],[-106.83358,40.485496],[-106.83358,40.485496],[-106.833581,40.485497],[-106.833581,40.485497],[-106.833581,40.485498],[-106.833582,40.485499],[-106.833582,40.485499],[-106.833582,40.4855],[-106.833582,40.485501],[-106.833582,40.485501],[-106.833581,40.485502],[-106.833581,40.485503],[-106.833581,40.485503],[-106.83358,40.485504],[-106.83358,40.485504],[-106.833579,40.485505],[-106.833578,40.485505],[-106.833578,40.485506],[-106.833577,40.485506],[-106.833576,40.485506],[-106.833575,40.485507],[-106.833574,40.485507],[-106.833574,40.485507],[-106.833573,40.485507],[-106.833572,40.485507],[-106.833571,40.485507],[-106.83357,40.485507],[-106.833569,40.485506],[-106.833568,40.485506],[-106.833568,40.485506],[-106.833567,40.485505],[-106.833566,40.485505],[-106.833566,40.485504],[-106.833565,40.485504],[-106.833565,40.485503],[-106.833564,40.485503],[-106.833564,40.485502],[-106.833564,40.485501],[-106.833564,40.485501],[-106.833564,40.4855]]]}},{"id":"68","type":"Feature","properties":{"natural":null,"barrier":null,"highway":"traffic_signals","amenity":null,"tourism":null,"base_elevation":91,"height":null,"material":null,"direction":null,"artwork_type":null,"name":null},"geometry":{"type":"Polygon","coordinates":[[[-106.834648,40.486144],[-106.834648,40.486143],[-106.834648,40.486142],[-106.834648,40.486142],[-106.834648,40.486141],[-106.834649,40.486141],[-106.834649,40.48614],[-106.83465,40.486139],[-106.83465,40.486139],[-106.834651,40.486139],[-106.834652,40.486138],[-106.834652,40.486138],[-106.834653,40.486137],[-106.834654,40.486137],[-106.834655,40.486137],[-106.834656,40.486137],[-106.834656,40.486137],[-106.834657,40.486137],[-106.834658,40.486137],[-106.834659,40.486137],[-106.83466,40.486137],[-106.834661,40.486138],[-106.834661,40.486138],[-106.834662,40.486139],[-106.834663,40.486139],[-106.834663,40.486139],[-106.834664,40.48614],[-106.834664,40.486141],[-106.834665,40.486141],[-106.834665,40.486142],[-106.834665,40.486142],[-106.834665,40.486143],[-106.834665,40.486144],[-106.834665,40.486144],[-106.834665,40.486145],[-106.834665,40.486146],[-106.834665,40.486146],[-106.834664,40.486147],[-106.834664,40.486148],[-106.834663,40.486148],[-106.834663,40.486149],[-106.834662,40.486149],[-106.834661,40.486149],[-106.834661,40.48615],[-106.83466,40.48615],[-106.834659,40.48615],[-106.834658,40.486151],[-106.834657,40.486151],[-106.834656,40.486151],[-106.834656,40.486151],[-106.834655,40.486151],[-106.834654,40.48615],[-106.834653,40.48615],[-106.834652,40.48615],[-106.834652,40.486149],[-106.834651,40.486149],[-106.83465,40.486149],[-106.83465,40.486148],[-106.834649,40.486148],[-106.834649,40.486147],[-106.834648,40.486146],[-106.834648,40.486146],[-106.834648,40.486145],[-106.834648,40.486144],[-106.834648,40.486144]]]}},{"id":"69","type":"Feature","properties":{"natural":null,"barrier":null,"highway":"traffic_signals","amenity":null,"tourism":null,"base_elevation":84,"height":null,"material":null,"direction":null,"artwork_type":null,"name":null},"geometry":{"type":"Polygon","coordinates":[[[-106.837864,40.488051],[-106.837864,40.48805],[-106.837865,40.48805],[-106.837865,40.488049],[-106.837865,40.488048],[-106.837865,40.488048],[-106.837866,40.488047],[-106.837866,40.488047],[-106.837867,40.488046],[-106.837868,40.488046],[-106.837868,40.488045],[-106.837869,40.488045],[-106.83787,40.488045],[-106.837871,40.488045],[-106.837872,40.488044],[-106.837873,40.488044],[-106.837873,40.488044],[-106.837874,40.488044],[-106.837875,40.488044],[-106.837876,40.488045],[-106.837877,40.488045],[-106.837878,40.488045],[-106.837878,40.488045],[-106.837879,40.488046],[-106.83788,40.488046],[-106.83788,40.488047],[-106.837881,40.488047],[-106.837881,40.488048],[-106.837882,40.488048],[-106.837882,40.488049],[-106.837882,40.48805],[-106.837882,40.48805],[-106.837882,40.488051],[-106.837882,40.488052],[-106.837882,40.488052],[-106.837882,40.488053],[-106.837882,40.488054],[-106.837881,40.488054],[-106.837881,40.488055],[-106.83788,40.488055],[-106.83788,40.488056],[-106.837879,40.488056],[-106.837878,40.488057],[-106.837878,40.488057],[-106.837877,40.488057],[-106.837876,40.488058],[-106.837875,40.488058],[-106.837874,40.488058],[-106.837873,40.488058],[-106.837873,40.488058],[-106.837872,40.488058],[-106.837871,40.488058],[-106.83787,40.488057],[-106.837869,40.488057],[-106.837868,40.488057],[-106.837868,40.488056],[-106.837867,40.488056],[-106.837866,40.488055],[-106.837866,40.488055],[-106.837865,40.488054],[-106.837865,40.488054],[-106.837865,40.488053],[-106.837865,40.488052],[-106.837864,40.488052],[-106.837864,40.488051]]]}},{"id":"70","type":"Feature","properties":{"natural":null,"barrier":null,"highway":"traffic_signals","amenity":null,"tourism":null,"base_elevation":91,"height":null,"material":null,"direction":null,"artwork_type":null,"name":null},"geometry":{"type":"Polygon","coordinates":[[[-106.840407,40.489576],[-106.840407,40.489575],[-106.840407,40.489575],[-106.840408,40.489574],[-106.840408,40.489573],[-106.840408,40.489573],[-106.840409,40.489572],[-106.840409,40.489572],[-106.84041,40.489571],[-106.840411,40.489571],[-106.840411,40.48957],[-106.840412,40.48957],[-106.840413,40.48957],[-106.840414,40.489569],[-106.840414,40.489569],[-106.840415,40.489569],[-106.840416,40.489569],[-106.840417,40.489569],[-106.840418,40.489569],[-106.840419,40.489569],[-106.84042,40.48957],[-106.84042,40.48957],[-106.840421,40.48957],[-106.840422,40.489571],[-106.840423,40.489571],[-106.840423,40.489572],[-106.840424,40.489572],[-106.840424,40.489573],[-106.840424,40.489573],[-106.840425,40.489574],[-106.840425,40.489575],[-106.840425,40.489575],[-106.840425,40.489576],[-106.840425,40.489577],[-106.840425,40.489577],[-106.840425,40.489578],[-106.840424,40.489579],[-106.840424,40.489579],[-106.840424,40.48958],[-106.840423,40.48958],[-106.840423,40.489581],[-106.840422,40.489581],[-106.840421,40.489582],[-106.84042,40.489582],[-106.84042,40.489582],[-106.840419,40.489582],[-106.840418,40.489583],[-106.840417,40.489583],[-106.840416,40.489583],[-106.840415,40.489583],[-106.840414,40.489583],[-106.840414,40.489582],[-106.840413,40.489582],[-106.840412,40.489582],[-106.840411,40.489582],[-106.840411,40.489581],[-106.84041,40.489581],[-106.840409,40.48958],[-106.840409,40.48958],[-106.840408,40.489579],[-106.840408,40.489579],[-106.840408,40.489578],[-106.840407,40.489577],[-106.840407,40.489577],[-106.840407,40.489576]]]}},{"id":"71","type":"Feature","properties":{"natural":null,"barrier":null,"highway":"traffic_signals","amenity":null,"tourism":null,"base_elevation":108,"height":null,"material":null,"direction":null,"artwork_type":null,"name":null},"geometry":{"type":"Polygon","coordinates":[[[-106.826022,40.467667],[-106.826022,40.467666],[-106.826022,40.467665],[-106.826022,40.467665],[-106.826022,40.467664],[-106.826023,40.467663],[-106.826023,40.467663],[-106.826024,40.467662],[-106.826024,40.467662],[-106.826025,40.467661],[-106.826026,40.467661],[-106.826026,40.467661],[-106.826027,40.46766],[-106.826028,40.46766],[-106.826029,40.46766],[-106.82603,40.46766],[-106.82603,40.46766],[-106.826031,40.46766],[-106.826032,40.46766],[-106.826033,40.46766],[-106.826034,40.46766],[-106.826035,40.467661],[-106.826035,40.467661],[-106.826036,40.467661],[-106.826037,40.467662],[-106.826037,40.467662],[-106.826038,40.467663],[-106.826038,40.467663],[-106.826039,40.467664],[-106.826039,40.467665],[-106.826039,40.467665],[-106.826039,40.467666],[-106.826039,40.467667],[-106.826039,40.467667],[-106.826039,40.467668],[-106.826039,40.467669],[-106.826039,40.467669],[-106.826038,40.46767],[-106.826038,40.46767],[-106.826037,40.467671],[-106.826037,40.467672],[-106.826036,40.467672],[-106.826035,40.467672],[-106.826035,40.467673],[-106.826034,40.467673],[-106.826033,40.467673],[-106.826032,40.467673],[-106.826031,40.467674],[-106.82603,40.467674],[-106.82603,40.467674],[-106.826029,40.467673],[-106.826028,40.467673],[-106.826027,40.467673],[-106.826026,40.467673],[-106.826026,40.467672],[-106.826025,40.467672],[-106.826024,40.467672],[-106.826024,40.467671],[-106.826023,40.46767],[-106.826023,40.46767],[-106.826022,40.467669],[-106.826022,40.467669],[-106.826022,40.467668],[-106.826022,40.467667],[-106.826022,40.467667]]]}},{"id":"72","type":"Feature","properties":{"natural":null,"barrier":null,"highway":"traffic_signals","amenity":null,"tourism":null,"base_elevation":97,"height":null,"material":null,"direction":null,"artwork_type":null,"name":null},"geometry":{"type":"Polygon","coordinates":[[[-106.826143,40.475339],[-106.826143,40.475338],[-106.826143,40.475338],[-106.826143,40.475337],[-106.826144,40.475336],[-106.826144,40.475336],[-106.826145,40.475335],[-106.826145,40.475335],[-106.826146,40.475334],[-106.826146,40.475334],[-106.826147,40.475333],[-106.826148,40.475333],[-106.826149,40.475333],[-106.826149,40.475333],[-106.82615,40.475332],[-106.826151,40.475332],[-106.826152,40.475332],[-106.826153,40.475332],[-106.826154,40.475332],[-106.826155,40.475333],[-106.826155,40.475333],[-106.826156,40.475333],[-106.826157,40.475333],[-106.826158,40.475334],[-106.826158,40.475334],[-106.826159,40.475335],[-106.826159,40.475335],[-106.82616,40.475336],[-106.82616,40.475336],[-106.826161,40.475337],[-106.826161,40.475338],[-106.826161,40.475338],[-106.826161,40.475339],[-106.826161,40.47534],[-106.826161,40.47534],[-106.826161,40.475341],[-106.82616,40.475342],[-106.82616,40.475342],[-106.826159,40.475343],[-106.826159,40.475343],[-106.826158,40.475344],[-106.826158,40.475344],[-106.826157,40.475345],[-106.826156,40.475345],[-106.826155,40.475345],[-106.826155,40.475346],[-106.826154,40.475346],[-106.826153,40.475346],[-106.826152,40.475346],[-106.826151,40.475346],[-106.82615,40.475346],[-106.826149,40.475346],[-106.826149,40.475345],[-106.826148,40.475345],[-106.826147,40.475345],[-106.826146,40.475344],[-106.826146,40.475344],[-106.826145,40.475343],[-106.826145,40.475343],[-106.826144,40.475342],[-106.826144,40.475342],[-106.826143,40.475341],[-106.826143,40.47534],[-106.826143,40.47534],[-106.826143,40.475339]]]}},{"id":"73","type":"Feature","properties":{"natural":null,"barrier":null,"highway":"traffic_signals","amenity":null,"tourism":null,"base_elevation":104,"height":null,"material":null,"direction":null,"artwork_type":null,"name":null},"geometry":{"type":"Polygon","coordinates":[[[-106.81578,40.450909],[-106.81578,40.450909],[-106.81578,40.450908],[-106.81578,40.450907],[-106.81578,40.450907],[-106.815781,40.450906],[-106.815781,40.450906],[-106.815782,40.450905],[-106.815782,40.450905],[-106.815783,40.450904],[-106.815784,40.450904],[-106.815784,40.450903],[-106.815785,40.450903],[-106.815786,40.450903],[-106.815787,40.450903],[-106.815788,40.450903],[-106.815788,40.450903],[-106.815789,40.450903],[-106.81579,40.450903],[-106.815791,40.450903],[-106.815792,40.450903],[-106.815793,40.450903],[-106.815793,40.450904],[-106.815794,40.450904],[-106.815795,40.450905],[-106.815795,40.450905],[-106.815796,40.450906],[-106.815796,40.450906],[-106.815797,40.450907],[-106.815797,40.450907],[-106.815797,40.450908],[-106.815797,40.450909],[-106.815797,40.450909],[-106.815797,40.45091],[-106.815797,40.450911],[-106.815797,40.450911],[-106.815797,40.450912],[-106.815796,40.450913],[-106.815796,40.450913],[-106.815795,40.450914],[-106.815795,40.450914],[-106.815794,40.450915],[-106.815793,40.450915],[-106.815793,40.450915],[-106.815792,40.450916],[-106.815791,40.450916],[-106.81579,40.450916],[-106.815789,40.450916],[-106.815788,40.450916],[-106.815788,40.450916],[-106.815787,40.450916],[-106.815786,40.450916],[-106.815785,40.450916],[-106.815784,40.450915],[-106.815784,40.450915],[-106.815783,40.450915],[-106.815782,40.450914],[-106.815782,40.450914],[-106.815781,40.450913],[-106.815781,40.450913],[-106.81578,40.450912],[-106.81578,40.450911],[-106.81578,40.450911],[-106.81578,40.45091],[-106.81578,40.450909]]]}},{"id":"74","type":"Feature","properties":{"natural":null,"barrier":null,"highway":"traffic_signals","amenity":null,"tourism":null,"base_elevation":61,"height":null,"material":null,"direction":null,"artwork_type":null,"name":null},"geometry":{"type":"Polygon","coordinates":[[[-106.896036,40.507115],[-106.896036,40.507115],[-106.896036,40.507114],[-106.896036,40.507113],[-106.896037,40.507113],[-106.896037,40.507112],[-106.896037,40.507111],[-106.896038,40.507111],[-106.896039,40.50711],[-106.896039,40.50711],[-106.89604,40.50711],[-106.896041,40.507109],[-106.896041,40.507109],[-106.896042,40.507109],[-106.896043,40.507109],[-106.896044,40.507108],[-106.896045,40.507108],[-106.896046,40.507108],[-106.896047,40.507109],[-106.896048,40.507109],[-106.896048,40.507109],[-106.896049,40.507109],[-106.89605,40.50711],[-106.896051,40.50711],[-106.896051,40.50711],[-106.896052,40.507111],[-106.896052,40.507111],[-106.896053,40.507112],[-106.896053,40.507113],[-106.896053,40.507113],[-106.896054,40.507114],[-106.896054,40.507115],[-106.896054,40.507115],[-106.896054,40.507116],[-106.896054,40.507117],[-106.896053,40.507117],[-106.896053,40.507118],[-106.896053,40.507118],[-106.896052,40.507119],[-106.896052,40.50712],[-106.896051,40.50712],[-106.896051,40.50712],[-106.89605,40.507121],[-106.896049,40.507121],[-106.896048,40.507122],[-106.896048,40.507122],[-106.896047,40.507122],[-106.896046,40.507122],[-106.896045,40.507122],[-106.896044,40.507122],[-106.896043,40.507122],[-106.896042,40.507122],[-106.896041,40.507122],[-106.896041,40.507121],[-106.89604,40.507121],[-106.896039,40.50712],[-106.896039,40.50712],[-106.896038,40.50712],[-106.896037,40.507119],[-106.896037,40.507118],[-106.896037,40.507118],[-106.896036,40.507117],[-106.896036,40.507117],[-106.896036,40.507116],[-106.896036,40.507115]]]}},{"id":"75","type":"Feature","properties":{"natural":null,"barrier":null,"highway":"traffic_signals","amenity":null,"tourism":null,"base_elevation":110,"height":null,"material":null,"direction":null,"artwork_type":null,"name":null},"geometry":{"type":"Polygon","coordinates":[[[-106.820417,40.459857],[-106.820417,40.459856],[-106.820417,40.459856],[-106.820417,40.459855],[-106.820418,40.459854],[-106.820418,40.459854],[-106.820418,40.459853],[-106.820419,40.459853],[-106.82042,40.459852],[-106.82042,40.459852],[-106.820421,40.459851],[-106.820422,40.459851],[-106.820422,40.459851],[-106.820423,40.45985],[-106.820424,40.45985],[-106.820425,40.45985],[-106.820426,40.45985],[-106.820427,40.45985],[-106.820428,40.45985],[-106.820429,40.45985],[-106.820429,40.459851],[-106.82043,40.459851],[-106.820431,40.459851],[-106.820432,40.459852],[-106.820432,40.459852],[-106.820433,40.459853],[-106.820433,40.459853],[-106.820434,40.459854],[-106.820434,40.459854],[-106.820434,40.459855],[-106.820435,40.459856],[-106.820435,40.459856],[-106.820435,40.459857],[-106.820435,40.459858],[-106.820435,40.459858],[-106.820434,40.459859],[-106.820434,40.45986],[-106.820434,40.45986],[-106.820433,40.459861],[-106.820433,40.459861],[-106.820432,40.459862],[-106.820432,40.459862],[-106.820431,40.459863],[-106.82043,40.459863],[-106.820429,40.459863],[-106.820429,40.459863],[-106.820428,40.459864],[-106.820427,40.459864],[-106.820426,40.459864],[-106.820425,40.459864],[-106.820424,40.459864],[-106.820423,40.459863],[-106.820422,40.459863],[-106.820422,40.459863],[-106.820421,40.459863],[-106.82042,40.459862],[-106.82042,40.459862],[-106.820419,40.459861],[-106.820418,40.459861],[-106.820418,40.45986],[-106.820418,40.45986],[-106.820417,40.459859],[-106.820417,40.459858],[-106.820417,40.459858],[-106.820417,40.459857]]]}},{"id":"76","type":"Feature","properties":{"natural":null,"barrier":null,"highway":"crossing","amenity":null,"tourism":null,"base_elevation":118,"height":null,"material":null,"direction":null,"artwork_type":null,"name":null},"geometry":{"type":"Polygon","coordinates":[[[-106.81571,40.458577],[-106.81571,40.458577],[-106.81571,40.458576],[-106.815711,40.458576],[-106.815711,40.458575],[-106.815711,40.458574],[-106.815712,40.458574],[-106.815712,40.458573],[-106.815713,40.458573],[-106.815713,40.458572],[-106.815714,40.458572],[-106.815715,40.458571],[-106.815716,40.458571],[-106.815716,40.458571],[-106.815717,40.458571],[-106.815718,40.458571],[-106.815719,40.458571],[-106.81572,40.458571],[-106.815721,40.458571],[-106.815722,40.458571],[-106.815723,40.458571],[-106.815723,40.458571],[-106.815724,40.458572],[-106.815725,40.458572],[-106.815725,40.458573],[-106.815726,40.458573],[-106.815727,40.458574],[-106.815727,40.458574],[-106.815727,40.458575],[-106.815728,40.458576],[-106.815728,40.458576],[-106.815728,40.458577],[-106.815728,40.458577],[-106.815728,40.458578],[-106.815728,40.458579],[-106.815728,40.458579],[-106.815727,40.45858],[-106.815727,40.458581],[-106.815727,40.458581],[-106.815726,40.458582],[-106.815725,40.458582],[-106.815725,40.458583],[-106.815724,40.458583],[-106.815723,40.458584],[-106.815723,40.458584],[-106.815722,40.458584],[-106.815721,40.458584],[-106.81572,40.458584],[-106.815719,40.458584],[-106.815718,40.458584],[-106.815717,40.458584],[-106.815716,40.458584],[-106.815716,40.458584],[-106.815715,40.458584],[-106.815714,40.458583],[-106.815713,40.458583],[-106.815713,40.458582],[-106.815712,40.458582],[-106.815712,40.458581],[-106.815711,40.458581],[-106.815711,40.45858],[-106.815711,40.458579],[-106.81571,40.458579],[-106.81571,40.458578],[-106.81571,40.458577]]]}},{"id":"77","type":"Feature","properties":{"natural":null,"barrier":null,"highway":"crossing","amenity":null,"tourism":null,"base_elevation":145,"height":null,"material":null,"direction":null,"artwork_type":null,"name":null},"geometry":{"type":"Polygon","coordinates":[[[-106.801617,40.44611],[-106.801617,40.446109],[-106.801617,40.446109],[-106.801617,40.446108],[-106.801617,40.446107],[-106.801618,40.446107],[-106.801618,40.446106],[-106.801619,40.446106],[-106.801619,40.446105],[-106.80162,40.446105],[-106.801621,40.446104],[-106.801621,40.446104],[-106.801622,40.446104],[-106.801623,40.446104],[-106.801624,40.446103],[-106.801625,40.446103],[-106.801626,40.446103],[-106.801626,40.446103],[-106.801627,40.446103],[-106.801628,40.446104],[-106.801629,40.446104],[-106.80163,40.446104],[-106.80163,40.446104],[-106.801631,40.446105],[-106.801632,40.446105],[-106.801632,40.446106],[-106.801633,40.446106],[-106.801633,40.446107],[-106.801634,40.446107],[-106.801634,40.446108],[-106.801634,40.446109],[-106.801634,40.446109],[-106.801634,40.44611],[-106.801634,40.446111],[-106.801634,40.446111],[-106.801634,40.446112],[-106.801634,40.446113],[-106.801633,40.446113],[-106.801633,40.446114],[-106.801632,40.446114],[-106.801632,40.446115],[-106.801631,40.446115],[-106.80163,40.446116],[-106.80163,40.446116],[-106.801629,40.446116],[-106.801628,40.446117],[-106.801627,40.446117],[-106.801626,40.446117],[-106.801626,40.446117],[-106.801625,40.446117],[-106.801624,40.446117],[-106.801623,40.446117],[-106.801622,40.446116],[-106.801621,40.446116],[-106.801621,40.446116],[-106.80162,40.446115],[-106.801619,40.446115],[-106.801619,40.446114],[-106.801618,40.446114],[-106.801618,40.446113],[-106.801617,40.446113],[-106.801617,40.446112],[-106.801617,40.446111],[-106.801617,40.446111],[-106.801617,40.44611]]]}},{"id":"78","type":"Feature","properties":{"natural":null,"barrier":null,"highway":"crossing","amenity":null,"tourism":null,"base_elevation":102,"height":null,"material":null,"direction":null,"artwork_type":null,"name":null},"geometry":{"type":"Polygon","coordinates":[[[-106.823413,40.458843],[-106.823413,40.458842],[-106.823413,40.458841],[-106.823413,40.458841],[-106.823413,40.45884],[-106.823414,40.458839],[-106.823414,40.458839],[-106.823415,40.458838],[-106.823415,40.458838],[-106.823416,40.458837],[-106.823417,40.458837],[-106.823417,40.458837],[-106.823418,40.458836],[-106.823419,40.458836],[-106.82342,40.458836],[-106.823421,40.458836],[-106.823422,40.458836],[-106.823423,40.458836],[-106.823423,40.458836],[-106.823424,40.458836],[-106.823425,40.458836],[-106.823426,40.458837],[-106.823427,40.458837],[-106.823427,40.458837],[-106.823428,40.458838],[-106.823429,40.458838],[-106.823429,40.458839],[-106.82343,40.458839],[-106.82343,40.45884],[-106.82343,40.458841],[-106.823431,40.458841],[-106.823431,40.458842],[-106.823431,40.458843],[-106.823431,40.458843],[-106.823431,40.458844],[-106.82343,40.458845],[-106.82343,40.458845],[-106.82343,40.458846],[-106.823429,40.458846],[-106.823429,40.458847],[-106.823428,40.458848],[-106.823427,40.458848],[-106.823427,40.458848],[-106.823426,40.458849],[-106.823425,40.458849],[-106.823424,40.458849],[-106.823423,40.458849],[-106.823423,40.45885],[-106.823422,40.45885],[-106.823421,40.45885],[-106.82342,40.458849],[-106.823419,40.458849],[-106.823418,40.458849],[-106.823417,40.458849],[-106.823417,40.458848],[-106.823416,40.458848],[-106.823415,40.458848],[-106.823415,40.458847],[-106.823414,40.458846],[-106.823414,40.458846],[-106.823413,40.458845],[-106.823413,40.458845],[-106.823413,40.458844],[-106.823413,40.458843],[-106.823413,40.458843]]]}},{"id":"79","type":"Feature","properties":{"natural":null,"barrier":null,"highway":"crossing","amenity":null,"tourism":null,"base_elevation":155,"height":null,"material":null,"direction":null,"artwork_type":null,"name":null},"geometry":{"type":"Polygon","coordinates":[[[-106.810373,40.467181],[-106.810373,40.46718],[-106.810374,40.46718],[-106.810374,40.467179],[-106.810374,40.467178],[-106.810374,40.467178],[-106.810375,40.467177],[-106.810375,40.467177],[-106.810376,40.467176],[-106.810377,40.467176],[-106.810377,40.467175],[-106.810378,40.467175],[-106.810379,40.467175],[-106.81038,40.467174],[-106.810381,40.467174],[-106.810382,40.467174],[-106.810382,40.467174],[-106.810383,40.467174],[-106.810384,40.467174],[-106.810385,40.467174],[-106.810386,40.467175],[-106.810387,40.467175],[-106.810387,40.467175],[-106.810388,40.467176],[-106.810389,40.467176],[-106.810389,40.467177],[-106.81039,40.467177],[-106.81039,40.467178],[-106.810391,40.467178],[-106.810391,40.467179],[-106.810391,40.46718],[-106.810391,40.46718],[-106.810391,40.467181],[-106.810391,40.467182],[-106.810391,40.467182],[-106.810391,40.467183],[-106.810391,40.467184],[-106.81039,40.467184],[-106.81039,40.467185],[-106.810389,40.467185],[-106.810389,40.467186],[-106.810388,40.467186],[-106.810387,40.467187],[-106.810387,40.467187],[-106.810386,40.467187],[-106.810385,40.467188],[-106.810384,40.467188],[-106.810383,40.467188],[-106.810382,40.467188],[-106.810382,40.467188],[-106.810381,40.467188],[-106.81038,40.467188],[-106.810379,40.467187],[-106.810378,40.467187],[-106.810377,40.467187],[-106.810377,40.467186],[-106.810376,40.467186],[-106.810375,40.467185],[-106.810375,40.467185],[-106.810374,40.467184],[-106.810374,40.467184],[-106.810374,40.467183],[-106.810374,40.467182],[-106.810373,40.467182],[-106.810373,40.467181]]]}},{"id":"80","type":"Feature","properties":{"natural":null,"barrier":null,"highway":"crossing","amenity":null,"tourism":null,"base_elevation":149,"height":null,"material":null,"direction":null,"artwork_type":null,"name":null},"geometry":{"type":"Polygon","coordinates":[[[-106.807049,40.455402],[-106.807049,40.455401],[-106.80705,40.4554],[-106.80705,40.4554],[-106.80705,40.455399],[-106.80705,40.455399],[-106.807051,40.455398],[-106.807051,40.455397],[-106.807052,40.455397],[-106.807053,40.455397],[-106.807053,40.455396],[-106.807054,40.455396],[-106.807055,40.455395],[-106.807056,40.455395],[-106.807057,40.455395],[-106.807058,40.455395],[-106.807058,40.455395],[-106.807059,40.455395],[-106.80706,40.455395],[-106.807061,40.455395],[-106.807062,40.455395],[-106.807063,40.455396],[-106.807063,40.455396],[-106.807064,40.455397],[-106.807065,40.455397],[-106.807065,40.455397],[-106.807066,40.455398],[-106.807066,40.455399],[-106.807067,40.455399],[-106.807067,40.4554],[-106.807067,40.4554],[-106.807067,40.455401],[-106.807067,40.455402],[-106.807067,40.455402],[-106.807067,40.455403],[-106.807067,40.455404],[-106.807067,40.455404],[-106.807066,40.455405],[-106.807066,40.455406],[-106.807065,40.455406],[-106.807065,40.455407],[-106.807064,40.455407],[-106.807063,40.455407],[-106.807063,40.455408],[-106.807062,40.455408],[-106.807061,40.455408],[-106.80706,40.455409],[-106.807059,40.455409],[-106.807058,40.455409],[-106.807058,40.455409],[-106.807057,40.455409],[-106.807056,40.455408],[-106.807055,40.455408],[-106.807054,40.455408],[-106.807053,40.455407],[-106.807053,40.455407],[-106.807052,40.455407],[-106.807051,40.455406],[-106.807051,40.455406],[-106.80705,40.455405],[-106.80705,40.455404],[-106.80705,40.455404],[-106.80705,40.455403],[-106.807049,40.455402],[-106.807049,40.455402]]]}},{"id":"81","type":"Feature","properties":{"natural":null,"barrier":null,"highway":"crossing","amenity":null,"tourism":null,"base_elevation":131,"height":null,"material":null,"direction":null,"artwork_type":null,"name":null},"geometry":{"type":"Polygon","coordinates":[[[-106.810431,40.458488],[-106.810431,40.458487],[-106.810431,40.458487],[-106.810432,40.458486],[-106.810432,40.458485],[-106.810432,40.458485],[-106.810433,40.458484],[-106.810433,40.458484],[-106.810434,40.458483],[-106.810435,40.458483],[-106.810435,40.458482],[-106.810436,40.458482],[-106.810437,40.458482],[-106.810438,40.458481],[-106.810438,40.458481],[-106.810439,40.458481],[-106.81044,40.458481],[-106.810441,40.458481],[-106.810442,40.458481],[-106.810443,40.458481],[-106.810444,40.458482],[-106.810444,40.458482],[-106.810445,40.458482],[-106.810446,40.458483],[-106.810447,40.458483],[-106.810447,40.458484],[-106.810448,40.458484],[-106.810448,40.458485],[-106.810448,40.458485],[-106.810449,40.458486],[-106.810449,40.458487],[-106.810449,40.458487],[-106.810449,40.458488],[-106.810449,40.458489],[-106.810449,40.458489],[-106.810449,40.45849],[-106.810448,40.458491],[-106.810448,40.458491],[-106.810448,40.458492],[-106.810447,40.458492],[-106.810447,40.458493],[-106.810446,40.458493],[-106.810445,40.458494],[-106.810444,40.458494],[-106.810444,40.458494],[-106.810443,40.458495],[-106.810442,40.458495],[-106.810441,40.458495],[-106.81044,40.458495],[-106.810439,40.458495],[-106.810438,40.458495],[-106.810438,40.458495],[-106.810437,40.458494],[-106.810436,40.458494],[-106.810435,40.458494],[-106.810435,40.458493],[-106.810434,40.458493],[-106.810433,40.458492],[-106.810433,40.458492],[-106.810432,40.458491],[-106.810432,40.458491],[-106.810432,40.45849],[-106.810431,40.458489],[-106.810431,40.458489],[-106.810431,40.458488]]]}},{"id":"82","type":"Feature","properties":{"natural":null,"barrier":null,"highway":"crossing","amenity":null,"tourism":null,"base_elevation":111,"height":null,"material":null,"direction":null,"artwork_type":null,"name":null},"geometry":{"type":"Polygon","coordinates":[[[-106.820433,40.460006],[-106.820433,40.460005],[-106.820433,40.460004],[-106.820433,40.460004],[-106.820433,40.460003],[-106.820434,40.460002],[-106.820434,40.460002],[-106.820435,40.460001],[-106.820435,40.460001],[-106.820436,40.46],[-106.820437,40.46],[-106.820437,40.46],[-106.820438,40.459999],[-106.820439,40.459999],[-106.82044,40.459999],[-106.820441,40.459999],[-106.820441,40.459999],[-106.820442,40.459999],[-106.820443,40.459999],[-106.820444,40.459999],[-106.820445,40.459999],[-106.820446,40.46],[-106.820446,40.46],[-106.820447,40.46],[-106.820448,40.460001],[-106.820448,40.460001],[-106.820449,40.460002],[-106.820449,40.460002],[-106.82045,40.460003],[-106.82045,40.460004],[-106.82045,40.460004],[-106.82045,40.460005],[-106.82045,40.460006],[-106.82045,40.460006],[-106.82045,40.460007],[-106.82045,40.460008],[-106.82045,40.460008],[-106.820449,40.460009],[-106.820449,40.460009],[-106.820448,40.46001],[-106.820448,40.46001],[-106.820447,40.460011],[-106.820446,40.460011],[-106.820446,40.460012],[-106.820445,40.460012],[-106.820444,40.460012],[-106.820443,40.460012],[-106.820442,40.460012],[-106.820441,40.460012],[-106.820441,40.460012],[-106.82044,40.460012],[-106.820439,40.460012],[-106.820438,40.460012],[-106.820437,40.460012],[-106.820437,40.460011],[-106.820436,40.460011],[-106.820435,40.46001],[-106.820435,40.46001],[-106.820434,40.460009],[-106.820434,40.460009],[-106.820433,40.460008],[-106.820433,40.460008],[-106.820433,40.460007],[-106.820433,40.460006],[-106.820433,40.460006]]]}},{"id":"83","type":"Feature","properties":{"natural":null,"barrier":null,"highway":"crossing","amenity":null,"tourism":null,"base_elevation":110,"height":null,"material":null,"direction":null,"artwork_type":null,"name":null},"geometry":{"type":"Polygon","coordinates":[[[-106.82048,40.459708],[-106.82048,40.459707],[-106.82048,40.459706],[-106.82048,40.459706],[-106.820481,40.459705],[-106.820481,40.459704],[-106.820482,40.459704],[-106.820482,40.459703],[-106.820483,40.459703],[-106.820483,40.459702],[-106.820484,40.459702],[-106.820485,40.459702],[-106.820486,40.459701],[-106.820486,40.459701],[-106.820487,40.459701],[-106.820488,40.459701],[-106.820489,40.459701],[-106.82049,40.459701],[-106.820491,40.459701],[-106.820492,40.459701],[-106.820492,40.459701],[-106.820493,40.459702],[-106.820494,40.459702],[-106.820495,40.459702],[-106.820495,40.459703],[-106.820496,40.459703],[-106.820496,40.459704],[-106.820497,40.459704],[-106.820497,40.459705],[-106.820498,40.459706],[-106.820498,40.459706],[-106.820498,40.459707],[-106.820498,40.459708],[-106.820498,40.459708],[-106.820498,40.459709],[-106.820498,40.45971],[-106.820497,40.45971],[-106.820497,40.459711],[-106.820496,40.459711],[-106.820496,40.459712],[-106.820495,40.459713],[-106.820495,40.459713],[-106.820494,40.459713],[-106.820493,40.459714],[-106.820492,40.459714],[-106.820492,40.459714],[-106.820491,40.459714],[-106.82049,40.459715],[-106.820489,40.459715],[-106.820488,40.459715],[-106.820487,40.459714],[-106.820486,40.459714],[-106.820486,40.459714],[-106.820485,40.459714],[-106.820484,40.459713],[-106.820483,40.459713],[-106.820483,40.459713],[-106.820482,40.459712],[-106.820482,40.459711],[-106.820481,40.459711],[-106.820481,40.45971],[-106.82048,40.45971],[-106.82048,40.459709],[-106.82048,40.459708],[-106.82048,40.459708]]]}},{"id":"84","type":"Feature","properties":{"natural":null,"barrier":null,"highway":"crossing","amenity":null,"tourism":null,"base_elevation":111,"height":null,"material":null,"direction":null,"artwork_type":null,"name":null},"geometry":{"type":"Polygon","coordinates":[[[-106.821309,40.461718],[-106.821309,40.461717],[-106.821309,40.461716],[-106.821309,40.461716],[-106.82131,40.461715],[-106.82131,40.461715],[-106.82131,40.461714],[-106.821311,40.461713],[-106.821312,40.461713],[-106.821312,40.461713],[-106.821313,40.461712],[-106.821314,40.461712],[-106.821314,40.461711],[-106.821315,40.461711],[-106.821316,40.461711],[-106.821317,40.461711],[-106.821318,40.461711],[-106.821319,40.461711],[-106.82132,40.461711],[-106.821321,40.461711],[-106.821321,40.461711],[-106.821322,40.461712],[-106.821323,40.461712],[-106.821324,40.461713],[-106.821324,40.461713],[-106.821325,40.461713],[-106.821325,40.461714],[-106.821326,40.461715],[-106.821326,40.461715],[-106.821326,40.461716],[-106.821327,40.461716],[-106.821327,40.461717],[-106.821327,40.461718],[-106.821327,40.461718],[-106.821327,40.461719],[-106.821326,40.46172],[-106.821326,40.46172],[-106.821326,40.461721],[-106.821325,40.461722],[-106.821325,40.461722],[-106.821324,40.461723],[-106.821324,40.461723],[-106.821323,40.461723],[-106.821322,40.461724],[-106.821321,40.461724],[-106.821321,40.461724],[-106.82132,40.461725],[-106.821319,40.461725],[-106.821318,40.461725],[-106.821317,40.461725],[-106.821316,40.461725],[-106.821315,40.461724],[-106.821314,40.461724],[-106.821314,40.461724],[-106.821313,40.461723],[-106.821312,40.461723],[-106.821312,40.461723],[-106.821311,40.461722],[-106.82131,40.461722],[-106.82131,40.461721],[-106.82131,40.46172],[-106.821309,40.46172],[-106.821309,40.461719],[-106.821309,40.461718],[-106.821309,40.461718]]]}},{"id":"85","type":"Feature","properties":{"natural":null,"barrier":null,"highway":"crossing","amenity":null,"tourism":null,"base_elevation":111,"height":null,"material":null,"direction":null,"artwork_type":null,"name":null},"geometry":{"type":"Polygon","coordinates":[[[-106.820291,40.459949],[-106.820291,40.459948],[-106.820291,40.459947],[-106.820291,40.459947],[-106.820292,40.459946],[-106.820292,40.459945],[-106.820292,40.459945],[-106.820293,40.459944],[-106.820293,40.459944],[-106.820294,40.459943],[-106.820295,40.459943],[-106.820296,40.459943],[-106.820296,40.459942],[-106.820297,40.459942],[-106.820298,40.459942],[-106.820299,40.459942],[-106.8203,40.459942],[-106.820301,40.459942],[-106.820302,40.459942],[-106.820302,40.459942],[-106.820303,40.459942],[-106.820304,40.459943],[-106.820305,40.459943],[-106.820305,40.459943],[-106.820306,40.459944],[-106.820307,40.459944],[-106.820307,40.459945],[-106.820308,40.459945],[-106.820308,40.459946],[-106.820308,40.459947],[-106.820309,40.459947],[-106.820309,40.459948],[-106.820309,40.459949],[-106.820309,40.459949],[-106.820309,40.45995],[-106.820308,40.459951],[-106.820308,40.459951],[-106.820308,40.459952],[-106.820307,40.459952],[-106.820307,40.459953],[-106.820306,40.459954],[-106.820305,40.459954],[-106.820305,40.459954],[-106.820304,40.459955],[-106.820303,40.459955],[-106.820302,40.459955],[-106.820302,40.459955],[-106.820301,40.459956],[-106.8203,40.459956],[-106.820299,40.459956],[-106.820298,40.459955],[-106.820297,40.459955],[-106.820296,40.459955],[-106.820296,40.459955],[-106.820295,40.459954],[-106.820294,40.459954],[-106.820293,40.459954],[-106.820293,40.459953],[-106.820292,40.459952],[-106.820292,40.459952],[-106.820292,40.459951],[-106.820291,40.459951],[-106.820291,40.45995],[-106.820291,40.459949],[-106.820291,40.459949]]]}},{"id":"86","type":"Feature","properties":{"natural":null,"barrier":null,"highway":"crossing","amenity":null,"tourism":null,"base_elevation":106,"height":null,"material":null,"direction":null,"artwork_type":null,"name":null},"geometry":{"type":"Polygon","coordinates":[[[-106.822063,40.459588],[-106.822063,40.459587],[-106.822063,40.459586],[-106.822063,40.459586],[-106.822064,40.459585],[-106.822064,40.459584],[-106.822064,40.459584],[-106.822065,40.459583],[-106.822066,40.459583],[-106.822066,40.459582],[-106.822067,40.459582],[-106.822068,40.459582],[-106.822068,40.459581],[-106.822069,40.459581],[-106.82207,40.459581],[-106.822071,40.459581],[-106.822072,40.459581],[-106.822073,40.459581],[-106.822074,40.459581],[-106.822075,40.459581],[-106.822075,40.459581],[-106.822076,40.459582],[-106.822077,40.459582],[-106.822078,40.459582],[-106.822078,40.459583],[-106.822079,40.459583],[-106.822079,40.459584],[-106.82208,40.459584],[-106.82208,40.459585],[-106.82208,40.459586],[-106.822081,40.459586],[-106.822081,40.459587],[-106.822081,40.459588],[-106.822081,40.459588],[-106.822081,40.459589],[-106.82208,40.45959],[-106.82208,40.45959],[-106.82208,40.459591],[-106.822079,40.459591],[-106.822079,40.459592],[-106.822078,40.459593],[-106.822078,40.459593],[-106.822077,40.459593],[-106.822076,40.459594],[-106.822075,40.459594],[-106.822075,40.459594],[-106.822074,40.459594],[-106.822073,40.459595],[-106.822072,40.459595],[-106.822071,40.459595],[-106.82207,40.459594],[-106.822069,40.459594],[-106.822068,40.459594],[-106.822068,40.459594],[-106.822067,40.459593],[-106.822066,40.459593],[-106.822066,40.459593],[-106.822065,40.459592],[-106.822064,40.459591],[-106.822064,40.459591],[-106.822064,40.45959],[-106.822063,40.45959],[-106.822063,40.459589],[-106.822063,40.459588],[-106.822063,40.459588]]]}},{"id":"87","type":"Feature","properties":{"natural":null,"barrier":null,"highway":"crossing","amenity":null,"tourism":null,"base_elevation":149,"height":null,"material":null,"direction":null,"artwork_type":null,"name":null},"geometry":{"type":"Polygon","coordinates":[[[-106.807539,40.455099],[-106.807539,40.455099],[-106.807539,40.455098],[-106.807539,40.455097],[-106.807539,40.455097],[-106.80754,40.455096],[-106.80754,40.455095],[-106.807541,40.455095],[-106.807541,40.455094],[-106.807542,40.455094],[-106.807543,40.455094],[-106.807543,40.455093],[-106.807544,40.455093],[-106.807545,40.455093],[-106.807546,40.455092],[-106.807547,40.455092],[-106.807548,40.455092],[-106.807548,40.455092],[-106.807549,40.455092],[-106.80755,40.455093],[-106.807551,40.455093],[-106.807552,40.455093],[-106.807553,40.455094],[-106.807553,40.455094],[-106.807554,40.455094],[-106.807555,40.455095],[-106.807555,40.455095],[-106.807556,40.455096],[-106.807556,40.455097],[-106.807556,40.455097],[-106.807556,40.455098],[-106.807557,40.455099],[-106.807557,40.455099],[-106.807557,40.4551],[-106.807556,40.455101],[-106.807556,40.455101],[-106.807556,40.455102],[-106.807556,40.455102],[-106.807555,40.455103],[-106.807555,40.455104],[-106.807554,40.455104],[-106.807553,40.455104],[-106.807553,40.455105],[-106.807552,40.455105],[-106.807551,40.455106],[-106.80755,40.455106],[-106.807549,40.455106],[-106.807548,40.455106],[-106.807548,40.455106],[-106.807547,40.455106],[-106.807546,40.455106],[-106.807545,40.455106],[-106.807544,40.455106],[-106.807543,40.455105],[-106.807543,40.455105],[-106.807542,40.455104],[-106.807541,40.455104],[-106.807541,40.455104],[-106.80754,40.455103],[-106.80754,40.455102],[-106.807539,40.455102],[-106.807539,40.455101],[-106.807539,40.455101],[-106.807539,40.4551],[-106.807539,40.455099]]]}},{"id":"88","type":"Feature","properties":{"natural":null,"barrier":null,"highway":"crossing","amenity":null,"tourism":null,"base_elevation":145,"height":null,"material":null,"direction":null,"artwork_type":null,"name":null},"geometry":{"type":"Polygon","coordinates":[[[-106.806829,40.455198],[-106.806829,40.455197],[-106.806829,40.455196],[-106.806829,40.455196],[-106.806829,40.455195],[-106.80683,40.455194],[-106.80683,40.455194],[-106.806831,40.455193],[-106.806831,40.455193],[-106.806832,40.455192],[-106.806833,40.455192],[-106.806833,40.455192],[-106.806834,40.455191],[-106.806835,40.455191],[-106.806836,40.455191],[-106.806837,40.455191],[-106.806838,40.455191],[-106.806839,40.455191],[-106.806839,40.455191],[-106.80684,40.455191],[-106.806841,40.455191],[-106.806842,40.455192],[-106.806843,40.455192],[-106.806843,40.455192],[-106.806844,40.455193],[-106.806845,40.455193],[-106.806845,40.455194],[-106.806846,40.455194],[-106.806846,40.455195],[-106.806846,40.455196],[-106.806847,40.455196],[-106.806847,40.455197],[-106.806847,40.455198],[-106.806847,40.455198],[-106.806847,40.455199],[-106.806846,40.4552],[-106.806846,40.4552],[-106.806846,40.455201],[-106.806845,40.455201],[-106.806845,40.455202],[-106.806844,40.455202],[-106.806843,40.455203],[-106.806843,40.455203],[-106.806842,40.455204],[-106.806841,40.455204],[-106.80684,40.455204],[-106.806839,40.455204],[-106.806839,40.455204],[-106.806838,40.455204],[-106.806837,40.455204],[-106.806836,40.455204],[-106.806835,40.455204],[-106.806834,40.455204],[-106.806833,40.455204],[-106.806833,40.455203],[-106.806832,40.455203],[-106.806831,40.455202],[-106.806831,40.455202],[-106.80683,40.455201],[-106.80683,40.455201],[-106.806829,40.4552],[-106.806829,40.4552],[-106.806829,40.455199],[-106.806829,40.455198],[-106.806829,40.455198]]]}},{"id":"89","type":"Feature","properties":{"natural":null,"barrier":null,"highway":"crossing","amenity":null,"tourism":null,"base_elevation":149,"height":null,"material":null,"direction":null,"artwork_type":null,"name":null},"geometry":{"type":"Polygon","coordinates":[[[-106.806982,40.455379],[-106.806982,40.455378],[-106.806982,40.455378],[-106.806982,40.455377],[-106.806982,40.455376],[-106.806983,40.455376],[-106.806983,40.455375],[-106.806984,40.455375],[-106.806984,40.455374],[-106.806985,40.455374],[-106.806986,40.455373],[-106.806986,40.455373],[-106.806987,40.455373],[-106.806988,40.455373],[-106.806989,40.455372],[-106.80699,40.455372],[-106.806991,40.455372],[-106.806991,40.455372],[-106.806992,40.455372],[-106.806993,40.455373],[-106.806994,40.455373],[-106.806995,40.455373],[-106.806996,40.455373],[-106.806996,40.455374],[-106.806997,40.455374],[-106.806998,40.455375],[-106.806998,40.455375],[-106.806999,40.455376],[-106.806999,40.455376],[-106.806999,40.455377],[-106.806999,40.455378],[-106.807,40.455378],[-106.807,40.455379],[-106.807,40.45538],[-106.806999,40.45538],[-106.806999,40.455381],[-106.806999,40.455382],[-106.806999,40.455382],[-106.806998,40.455383],[-106.806998,40.455383],[-106.806997,40.455384],[-106.806996,40.455384],[-106.806996,40.455385],[-106.806995,40.455385],[-106.806994,40.455385],[-106.806993,40.455386],[-106.806992,40.455386],[-106.806991,40.455386],[-106.806991,40.455386],[-106.80699,40.455386],[-106.806989,40.455386],[-106.806988,40.455386],[-106.806987,40.455385],[-106.806986,40.455385],[-106.806986,40.455385],[-106.806985,40.455384],[-106.806984,40.455384],[-106.806984,40.455383],[-106.806983,40.455383],[-106.806983,40.455382],[-106.806982,40.455382],[-106.806982,40.455381],[-106.806982,40.45538],[-106.806982,40.45538],[-106.806982,40.455379]]]}},{"id":"90","type":"Feature","properties":{"natural":null,"barrier":null,"highway":"crossing","amenity":null,"tourism":null,"base_elevation":132,"height":null,"material":null,"direction":null,"artwork_type":null,"name":null},"geometry":{"type":"Polygon","coordinates":[[[-106.810352,40.45857],[-106.810352,40.458569],[-106.810352,40.458569],[-106.810353,40.458568],[-106.810353,40.458567],[-106.810353,40.458567],[-106.810354,40.458566],[-106.810354,40.458566],[-106.810355,40.458565],[-106.810355,40.458565],[-106.810356,40.458564],[-106.810357,40.458564],[-106.810358,40.458564],[-106.810358,40.458564],[-106.810359,40.458563],[-106.81036,40.458563],[-106.810361,40.458563],[-106.810362,40.458563],[-106.810363,40.458563],[-106.810364,40.458564],[-106.810365,40.458564],[-106.810365,40.458564],[-106.810366,40.458564],[-106.810367,40.458565],[-106.810367,40.458565],[-106.810368,40.458566],[-106.810369,40.458566],[-106.810369,40.458567],[-106.810369,40.458567],[-106.81037,40.458568],[-106.81037,40.458569],[-106.81037,40.458569],[-106.81037,40.45857],[-106.81037,40.458571],[-106.81037,40.458571],[-106.81037,40.458572],[-106.810369,40.458573],[-106.810369,40.458573],[-106.810369,40.458574],[-106.810368,40.458574],[-106.810367,40.458575],[-106.810367,40.458575],[-106.810366,40.458576],[-106.810365,40.458576],[-106.810365,40.458576],[-106.810364,40.458577],[-106.810363,40.458577],[-106.810362,40.458577],[-106.810361,40.458577],[-106.81036,40.458577],[-106.810359,40.458577],[-106.810358,40.458577],[-106.810358,40.458576],[-106.810357,40.458576],[-106.810356,40.458576],[-106.810355,40.458575],[-106.810355,40.458575],[-106.810354,40.458574],[-106.810354,40.458574],[-106.810353,40.458573],[-106.810353,40.458573],[-106.810353,40.458572],[-106.810352,40.458571],[-106.810352,40.458571],[-106.810352,40.45857]]]}},{"id":"91","type":"Feature","properties":{"natural":null,"barrier":null,"highway":"crossing","amenity":null,"tourism":null,"base_elevation":118,"height":null,"material":null,"direction":null,"artwork_type":null,"name":null},"geometry":{"type":"Polygon","coordinates":[[[-106.815573,40.45876],[-106.815573,40.458759],[-106.815573,40.458758],[-106.815573,40.458758],[-106.815573,40.458757],[-106.815574,40.458756],[-106.815574,40.458756],[-106.815575,40.458755],[-106.815575,40.458755],[-106.815576,40.458754],[-106.815577,40.458754],[-106.815577,40.458754],[-106.815578,40.458753],[-106.815579,40.458753],[-106.81558,40.458753],[-106.815581,40.458753],[-106.815581,40.458753],[-106.815582,40.458753],[-106.815583,40.458753],[-106.815584,40.458753],[-106.815585,40.458753],[-106.815586,40.458754],[-106.815586,40.458754],[-106.815587,40.458754],[-106.815588,40.458755],[-106.815588,40.458755],[-106.815589,40.458756],[-106.815589,40.458756],[-106.81559,40.458757],[-106.81559,40.458758],[-106.81559,40.458758],[-106.81559,40.458759],[-106.81559,40.45876],[-106.81559,40.45876],[-106.81559,40.458761],[-106.81559,40.458762],[-106.81559,40.458762],[-106.815589,40.458763],[-106.815589,40.458763],[-106.815588,40.458764],[-106.815588,40.458765],[-106.815587,40.458765],[-106.815586,40.458765],[-106.815586,40.458766],[-106.815585,40.458766],[-106.815584,40.458766],[-106.815583,40.458766],[-106.815582,40.458767],[-106.815581,40.458767],[-106.815581,40.458767],[-106.81558,40.458766],[-106.815579,40.458766],[-106.815578,40.458766],[-106.815577,40.458766],[-106.815577,40.458765],[-106.815576,40.458765],[-106.815575,40.458765],[-106.815575,40.458764],[-106.815574,40.458763],[-106.815574,40.458763],[-106.815573,40.458762],[-106.815573,40.458762],[-106.815573,40.458761],[-106.815573,40.45876],[-106.815573,40.45876]]]}},{"id":"92","type":"Feature","properties":{"natural":null,"barrier":null,"highway":"crossing","amenity":null,"tourism":null,"base_elevation":120,"height":null,"material":null,"direction":null,"artwork_type":null,"name":null},"geometry":{"type":"Polygon","coordinates":[[[-106.813266,40.459074],[-106.813266,40.459073],[-106.813266,40.459072],[-106.813267,40.459072],[-106.813267,40.459071],[-106.813267,40.45907],[-106.813268,40.45907],[-106.813268,40.459069],[-106.813269,40.459069],[-106.81327,40.459068],[-106.81327,40.459068],[-106.813271,40.459068],[-106.813272,40.459067],[-106.813273,40.459067],[-106.813274,40.459067],[-106.813274,40.459067],[-106.813275,40.459067],[-106.813276,40.459067],[-106.813277,40.459067],[-106.813278,40.459067],[-106.813279,40.459067],[-106.81328,40.459068],[-106.81328,40.459068],[-106.813281,40.459068],[-106.813282,40.459069],[-106.813282,40.459069],[-106.813283,40.45907],[-106.813283,40.45907],[-106.813284,40.459071],[-106.813284,40.459072],[-106.813284,40.459072],[-106.813284,40.459073],[-106.813284,40.459074],[-106.813284,40.459074],[-106.813284,40.459075],[-106.813284,40.459076],[-106.813284,40.459076],[-106.813283,40.459077],[-106.813283,40.459077],[-106.813282,40.459078],[-106.813282,40.459079],[-106.813281,40.459079],[-106.81328,40.459079],[-106.81328,40.45908],[-106.813279,40.45908],[-106.813278,40.45908],[-106.813277,40.45908],[-106.813276,40.459081],[-106.813275,40.459081],[-106.813274,40.459081],[-106.813274,40.45908],[-106.813273,40.45908],[-106.813272,40.45908],[-106.813271,40.45908],[-106.81327,40.459079],[-106.81327,40.459079],[-106.813269,40.459079],[-106.813268,40.459078],[-106.813268,40.459077],[-106.813267,40.459077],[-106.813267,40.459076],[-106.813267,40.459076],[-106.813266,40.459075],[-106.813266,40.459074],[-106.813266,40.459074]]]}},{"id":"93","type":"Feature","properties":{"natural":null,"barrier":null,"highway":"crossing","amenity":null,"tourism":null,"base_elevation":110,"height":null,"material":null,"direction":null,"artwork_type":null,"name":null},"geometry":{"type":"Polygon","coordinates":[[[-106.820283,40.459799],[-106.820283,40.459798],[-106.820283,40.459798],[-106.820283,40.459797],[-106.820284,40.459796],[-106.820284,40.459796],[-106.820284,40.459795],[-106.820285,40.459795],[-106.820285,40.459794],[-106.820286,40.459794],[-106.820287,40.459793],[-106.820288,40.459793],[-106.820288,40.459793],[-106.820289,40.459793],[-106.82029,40.459792],[-106.820291,40.459792],[-106.820292,40.459792],[-106.820293,40.459792],[-106.820294,40.459792],[-106.820294,40.459793],[-106.820295,40.459793],[-106.820296,40.459793],[-106.820297,40.459793],[-106.820297,40.459794],[-106.820298,40.459794],[-106.820299,40.459795],[-106.820299,40.459795],[-106.8203,40.459796],[-106.8203,40.459796],[-106.8203,40.459797],[-106.820301,40.459798],[-106.820301,40.459798],[-106.820301,40.459799],[-106.820301,40.4598],[-106.820301,40.4598],[-106.8203,40.459801],[-106.8203,40.459802],[-106.8203,40.459802],[-106.820299,40.459803],[-106.820299,40.459803],[-106.820298,40.459804],[-106.820297,40.459804],[-106.820297,40.459805],[-106.820296,40.459805],[-106.820295,40.459805],[-106.820294,40.459806],[-106.820294,40.459806],[-106.820293,40.459806],[-106.820292,40.459806],[-106.820291,40.459806],[-106.82029,40.459806],[-106.820289,40.459806],[-106.820288,40.459805],[-106.820288,40.459805],[-106.820287,40.459805],[-106.820286,40.459804],[-106.820285,40.459804],[-106.820285,40.459803],[-106.820284,40.459803],[-106.820284,40.459802],[-106.820284,40.459802],[-106.820283,40.459801],[-106.820283,40.4598],[-106.820283,40.4598],[-106.820283,40.459799]]]}},{"id":"94","type":"Feature","properties":{"natural":null,"barrier":null,"highway":"crossing","amenity":null,"tourism":null,"base_elevation":109,"height":null,"material":null,"direction":null,"artwork_type":null,"name":null},"geometry":{"type":"Polygon","coordinates":[[[-106.82054,40.459902],[-106.82054,40.459901],[-106.82054,40.4599],[-106.82054,40.4599],[-106.820541,40.459899],[-106.820541,40.459898],[-106.820542,40.459898],[-106.820542,40.459897],[-106.820543,40.459897],[-106.820543,40.459896],[-106.820544,40.459896],[-106.820545,40.459896],[-106.820546,40.459895],[-106.820546,40.459895],[-106.820547,40.459895],[-106.820548,40.459895],[-106.820549,40.459895],[-106.82055,40.459895],[-106.820551,40.459895],[-106.820552,40.459895],[-106.820552,40.459895],[-106.820553,40.459896],[-106.820554,40.459896],[-106.820555,40.459896],[-106.820555,40.459897],[-106.820556,40.459897],[-106.820556,40.459898],[-106.820557,40.459898],[-106.820557,40.459899],[-106.820558,40.4599],[-106.820558,40.4599],[-106.820558,40.459901],[-106.820558,40.459902],[-106.820558,40.459902],[-106.820558,40.459903],[-106.820558,40.459904],[-106.820557,40.459904],[-106.820557,40.459905],[-106.820556,40.459905],[-106.820556,40.459906],[-106.820555,40.459907],[-106.820555,40.459907],[-106.820554,40.459907],[-106.820553,40.459908],[-106.820552,40.459908],[-106.820552,40.459908],[-106.820551,40.459908],[-106.82055,40.459909],[-106.820549,40.459909],[-106.820548,40.459909],[-106.820547,40.459908],[-106.820546,40.459908],[-106.820546,40.459908],[-106.820545,40.459908],[-106.820544,40.459907],[-106.820543,40.459907],[-106.820543,40.459907],[-106.820542,40.459906],[-106.820542,40.459905],[-106.820541,40.459905],[-106.820541,40.459904],[-106.82054,40.459904],[-106.82054,40.459903],[-106.82054,40.459902],[-106.82054,40.459902]]]}},{"id":"95","type":"Feature","properties":{"natural":null,"barrier":null,"highway":"crossing","amenity":null,"tourism":null,"base_elevation":144,"height":null,"material":null,"direction":null,"artwork_type":null,"name":null},"geometry":{"type":"Polygon","coordinates":[[[-106.799219,40.415122],[-106.799219,40.415121],[-106.799219,40.41512],[-106.799219,40.41512],[-106.799219,40.415119],[-106.79922,40.415118],[-106.79922,40.415118],[-106.799221,40.415117],[-106.799221,40.415117],[-106.799222,40.415116],[-106.799223,40.415116],[-106.799223,40.415116],[-106.799224,40.415115],[-106.799225,40.415115],[-106.799226,40.415115],[-106.799227,40.415115],[-106.799228,40.415115],[-106.799229,40.415115],[-106.799229,40.415115],[-106.79923,40.415115],[-106.799231,40.415115],[-106.799232,40.415116],[-106.799233,40.415116],[-106.799233,40.415116],[-106.799234,40.415117],[-106.799235,40.415117],[-106.799235,40.415118],[-106.799236,40.415118],[-106.799236,40.415119],[-106.799236,40.41512],[-106.799237,40.41512],[-106.799237,40.415121],[-106.799237,40.415122],[-106.799237,40.415122],[-106.799237,40.415123],[-106.799236,40.415124],[-106.799236,40.415124],[-106.799236,40.415125],[-106.799235,40.415125],[-106.799235,40.415126],[-106.799234,40.415126],[-106.799233,40.415127],[-106.799233,40.415127],[-106.799232,40.415128],[-106.799231,40.415128],[-106.79923,40.415128],[-106.799229,40.415128],[-106.799229,40.415128],[-106.799228,40.415128],[-106.799227,40.415128],[-106.799226,40.415128],[-106.799225,40.415128],[-106.799224,40.415128],[-106.799223,40.415128],[-106.799223,40.415127],[-106.799222,40.415127],[-106.799221,40.415126],[-106.799221,40.415126],[-106.79922,40.415125],[-106.79922,40.415125],[-106.799219,40.415124],[-106.799219,40.415124],[-106.799219,40.415123],[-106.799219,40.415122],[-106.799219,40.415122]]]}},{"id":"96","type":"Feature","properties":{"natural":null,"barrier":null,"highway":"crossing","amenity":null,"tourism":null,"base_elevation":136,"height":null,"material":null,"direction":null,"artwork_type":null,"name":null},"geometry":{"type":"Polygon","coordinates":[[[-106.803344,40.418099],[-106.803344,40.418098],[-106.803344,40.418098],[-106.803344,40.418097],[-106.803345,40.418096],[-106.803345,40.418096],[-106.803346,40.418095],[-106.803346,40.418095],[-106.803347,40.418094],[-106.803347,40.418094],[-106.803348,40.418093],[-106.803349,40.418093],[-106.80335,40.418093],[-106.80335,40.418092],[-106.803351,40.418092],[-106.803352,40.418092],[-106.803353,40.418092],[-106.803354,40.418092],[-106.803355,40.418092],[-106.803356,40.418092],[-106.803356,40.418093],[-106.803357,40.418093],[-106.803358,40.418093],[-106.803359,40.418094],[-106.803359,40.418094],[-106.80336,40.418095],[-106.80336,40.418095],[-106.803361,40.418096],[-106.803361,40.418096],[-106.803362,40.418097],[-106.803362,40.418098],[-106.803362,40.418098],[-106.803362,40.418099],[-106.803362,40.4181],[-106.803362,40.4181],[-106.803362,40.418101],[-106.803361,40.418102],[-106.803361,40.418102],[-106.80336,40.418103],[-106.80336,40.418103],[-106.803359,40.418104],[-106.803359,40.418104],[-106.803358,40.418105],[-106.803357,40.418105],[-106.803356,40.418105],[-106.803356,40.418106],[-106.803355,40.418106],[-106.803354,40.418106],[-106.803353,40.418106],[-106.803352,40.418106],[-106.803351,40.418106],[-106.80335,40.418106],[-106.80335,40.418105],[-106.803349,40.418105],[-106.803348,40.418105],[-106.803347,40.418104],[-106.803347,40.418104],[-106.803346,40.418103],[-106.803346,40.418103],[-106.803345,40.418102],[-106.803345,40.418102],[-106.803344,40.418101],[-106.803344,40.4181],[-106.803344,40.4181],[-106.803344,40.418099]]]}},{"id":"97","type":"Feature","properties":{"natural":null,"barrier":null,"highway":"crossing","amenity":null,"tourism":null,"base_elevation":143,"height":null,"material":null,"direction":null,"artwork_type":null,"name":null},"geometry":{"type":"Polygon","coordinates":[[[-106.801673,40.417512],[-106.801673,40.417511],[-106.801673,40.41751],[-106.801673,40.41751],[-106.801674,40.417509],[-106.801674,40.417509],[-106.801674,40.417508],[-106.801675,40.417507],[-106.801675,40.417507],[-106.801676,40.417507],[-106.801677,40.417506],[-106.801678,40.417506],[-106.801678,40.417505],[-106.801679,40.417505],[-106.80168,40.417505],[-106.801681,40.417505],[-106.801682,40.417505],[-106.801683,40.417505],[-106.801684,40.417505],[-106.801684,40.417505],[-106.801685,40.417505],[-106.801686,40.417506],[-106.801687,40.417506],[-106.801687,40.417507],[-106.801688,40.417507],[-106.801689,40.417507],[-106.801689,40.417508],[-106.80169,40.417509],[-106.80169,40.417509],[-106.80169,40.41751],[-106.801691,40.41751],[-106.801691,40.417511],[-106.801691,40.417512],[-106.801691,40.417512],[-106.801691,40.417513],[-106.80169,40.417514],[-106.80169,40.417514],[-106.80169,40.417515],[-106.801689,40.417516],[-106.801689,40.417516],[-106.801688,40.417517],[-106.801687,40.417517],[-106.801687,40.417517],[-106.801686,40.417518],[-106.801685,40.417518],[-106.801684,40.417518],[-106.801684,40.417519],[-106.801683,40.417519],[-106.801682,40.417519],[-106.801681,40.417519],[-106.80168,40.417519],[-106.801679,40.417518],[-106.801678,40.417518],[-106.801678,40.417518],[-106.801677,40.417517],[-106.801676,40.417517],[-106.801675,40.417517],[-106.801675,40.417516],[-106.801674,40.417516],[-106.801674,40.417515],[-106.801674,40.417514],[-106.801673,40.417514],[-106.801673,40.417513],[-106.801673,40.417512],[-106.801673,40.417512]]]}},{"id":"98","type":"Feature","properties":{"natural":null,"barrier":null,"highway":"crossing","amenity":null,"tourism":null,"base_elevation":154,"height":null,"material":null,"direction":null,"artwork_type":null,"name":null},"geometry":{"type":"Polygon","coordinates":[[[-106.800066,40.417725],[-106.800066,40.417724],[-106.800066,40.417723],[-106.800066,40.417723],[-106.800067,40.417722],[-106.800067,40.417721],[-106.800068,40.417721],[-106.800068,40.41772],[-106.800069,40.41772],[-106.800069,40.417719],[-106.80007,40.417719],[-106.800071,40.417719],[-106.800072,40.417718],[-106.800072,40.417718],[-106.800073,40.417718],[-106.800074,40.417718],[-106.800075,40.417718],[-106.800076,40.417718],[-106.800077,40.417718],[-106.800078,40.417718],[-106.800078,40.417718],[-106.800079,40.417719],[-106.80008,40.417719],[-106.800081,40.417719],[-106.800081,40.41772],[-106.800082,40.41772],[-106.800082,40.417721],[-106.800083,40.417721],[-106.800083,40.417722],[-106.800084,40.417723],[-106.800084,40.417723],[-106.800084,40.417724],[-106.800084,40.417725],[-106.800084,40.417725],[-106.800084,40.417726],[-106.800084,40.417727],[-106.800083,40.417727],[-106.800083,40.417728],[-106.800082,40.417728],[-106.800082,40.417729],[-106.800081,40.41773],[-106.800081,40.41773],[-106.80008,40.41773],[-106.800079,40.417731],[-106.800078,40.417731],[-106.800078,40.417731],[-106.800077,40.417731],[-106.800076,40.417732],[-106.800075,40.417732],[-106.800074,40.417732],[-106.800073,40.417731],[-106.800072,40.417731],[-106.800072,40.417731],[-106.800071,40.417731],[-106.80007,40.41773],[-106.800069,40.41773],[-106.800069,40.41773],[-106.800068,40.417729],[-106.800068,40.417728],[-106.800067,40.417728],[-106.800067,40.417727],[-106.800066,40.417727],[-106.800066,40.417726],[-106.800066,40.417725],[-106.800066,40.417725]]]}},{"id":"99","type":"Feature","properties":{"natural":null,"barrier":null,"highway":"crossing","amenity":null,"tourism":null,"base_elevation":199,"height":null,"material":null,"direction":null,"artwork_type":null,"name":null},"geometry":{"type":"Polygon","coordinates":[[[-106.789851,40.412082],[-106.789851,40.412082],[-106.789851,40.412081],[-106.789852,40.41208],[-106.789852,40.41208],[-106.789852,40.412079],[-106.789853,40.412079],[-106.789853,40.412078],[-106.789854,40.412078],[-106.789854,40.412077],[-106.789855,40.412077],[-106.789856,40.412076],[-106.789857,40.412076],[-106.789857,40.412076],[-106.789858,40.412076],[-106.789859,40.412076],[-106.78986,40.412076],[-106.789861,40.412076],[-106.789862,40.412076],[-106.789863,40.412076],[-106.789864,40.412076],[-106.789864,40.412076],[-106.789865,40.412077],[-106.789866,40.412077],[-106.789866,40.412078],[-106.789867,40.412078],[-106.789868,40.412079],[-106.789868,40.412079],[-106.789868,40.41208],[-106.789869,40.41208],[-106.789869,40.412081],[-106.789869,40.412082],[-106.789869,40.412082],[-106.789869,40.412083],[-106.789869,40.412084],[-106.789869,40.412084],[-106.789868,40.412085],[-106.789868,40.412086],[-106.789868,40.412086],[-106.789867,40.412087],[-106.789866,40.412087],[-106.789866,40.412088],[-106.789865,40.412088],[-106.789864,40.412088],[-106.789864,40.412089],[-106.789863,40.412089],[-106.789862,40.412089],[-106.789861,40.412089],[-106.78986,40.412089],[-106.789859,40.412089],[-106.789858,40.412089],[-106.789857,40.412089],[-106.789857,40.412089],[-106.789856,40.412088],[-106.789855,40.412088],[-106.789854,40.412088],[-106.789854,40.412087],[-106.789853,40.412087],[-106.789853,40.412086],[-106.789852,40.412086],[-106.789852,40.412085],[-106.789852,40.412084],[-106.789851,40.412084],[-106.789851,40.412083],[-106.789851,40.412082]]]}},{"id":"100","type":"Feature","properties":{"natural":null,"barrier":null,"highway":"traffic_signals","amenity":null,"tourism":null,"base_elevation":86,"height":null,"material":null,"direction":null,"artwork_type":null,"name":null},"geometry":{"type":"Polygon","coordinates":[[[-106.850049,40.494259],[-106.850049,40.494258],[-106.850049,40.494258],[-106.850049,40.494257],[-106.850049,40.494256],[-106.85005,40.494256],[-106.85005,40.494255],[-106.850051,40.494255],[-106.850051,40.494254],[-106.850052,40.494254],[-106.850053,40.494253],[-106.850053,40.494253],[-106.850054,40.494253],[-106.850055,40.494252],[-106.850056,40.494252],[-106.850057,40.494252],[-106.850058,40.494252],[-106.850058,40.494252],[-106.850059,40.494252],[-106.85006,40.494252],[-106.850061,40.494253],[-106.850062,40.494253],[-106.850063,40.494253],[-106.850063,40.494254],[-106.850064,40.494254],[-106.850065,40.494255],[-106.850065,40.494255],[-106.850066,40.494256],[-106.850066,40.494256],[-106.850066,40.494257],[-106.850066,40.494258],[-106.850067,40.494258],[-106.850067,40.494259],[-106.850067,40.49426],[-106.850066,40.49426],[-106.850066,40.494261],[-106.850066,40.494262],[-106.850066,40.494262],[-106.850065,40.494263],[-106.850065,40.494263],[-106.850064,40.494264],[-106.850063,40.494264],[-106.850063,40.494265],[-106.850062,40.494265],[-106.850061,40.494265],[-106.85006,40.494266],[-106.850059,40.494266],[-106.850058,40.494266],[-106.850058,40.494266],[-106.850057,40.494266],[-106.850056,40.494266],[-106.850055,40.494266],[-106.850054,40.494265],[-106.850053,40.494265],[-106.850053,40.494265],[-106.850052,40.494264],[-106.850051,40.494264],[-106.850051,40.494263],[-106.85005,40.494263],[-106.85005,40.494262],[-106.850049,40.494262],[-106.850049,40.494261],[-106.850049,40.49426],[-106.850049,40.49426],[-106.850049,40.494259]]]}},{"id":"101","type":"Feature","properties":{"natural":null,"barrier":null,"highway":null,"amenity":"bicycle_parking","tourism":null,"base_elevation":84,"height":null,"material":null,"direction":null,"artwork_type":null,"name":null},"geometry":{"type":"Polygon","coordinates":[[[-106.840557,40.488897],[-106.840557,40.488896],[-106.840557,40.488895],[-106.840557,40.488895],[-106.840557,40.488894],[-106.840558,40.488893],[-106.840558,40.488893],[-106.840559,40.488892],[-106.840559,40.488892],[-106.84056,40.488891],[-106.840561,40.488891],[-106.840561,40.48889],[-106.840562,40.48889],[-106.840563,40.48889],[-106.840564,40.48889],[-106.840565,40.48889],[-106.840566,40.48889],[-106.840567,40.48889],[-106.840567,40.48889],[-106.840568,40.48889],[-106.840569,40.48889],[-106.84057,40.48889],[-106.840571,40.488891],[-106.840571,40.488891],[-106.840572,40.488892],[-106.840573,40.488892],[-106.840573,40.488893],[-106.840574,40.488893],[-106.840574,40.488894],[-106.840574,40.488895],[-106.840575,40.488895],[-106.840575,40.488896],[-106.840575,40.488897],[-106.840575,40.488897],[-106.840575,40.488898],[-106.840574,40.488898],[-106.840574,40.488899],[-106.840574,40.4889],[-106.840573,40.4889],[-106.840573,40.488901],[-106.840572,40.488901],[-106.840571,40.488902],[-106.840571,40.488902],[-106.84057,40.488903],[-106.840569,40.488903],[-106.840568,40.488903],[-106.840567,40.488903],[-106.840567,40.488903],[-106.840566,40.488903],[-106.840565,40.488903],[-106.840564,40.488903],[-106.840563,40.488903],[-106.840562,40.488903],[-106.840561,40.488903],[-106.840561,40.488902],[-106.84056,40.488902],[-106.840559,40.488901],[-106.840559,40.488901],[-106.840558,40.4889],[-106.840558,40.4889],[-106.840557,40.488899],[-106.840557,40.488898],[-106.840557,40.488898],[-106.840557,40.488897],[-106.840557,40.488897]]]}},{"id":"102","type":"Feature","properties":{"natural":null,"barrier":null,"highway":"crossing","amenity":null,"tourism":null,"base_elevation":101,"height":null,"material":null,"direction":null,"artwork_type":null,"name":null},"geometry":{"type":"Polygon","coordinates":[[[-106.828292,40.483866],[-106.828292,40.483865],[-106.828292,40.483864],[-106.828292,40.483864],[-106.828293,40.483863],[-106.828293,40.483862],[-106.828293,40.483862],[-106.828294,40.483861],[-106.828294,40.483861],[-106.828295,40.48386],[-106.828296,40.48386],[-106.828297,40.48386],[-106.828297,40.483859],[-106.828298,40.483859],[-106.828299,40.483859],[-106.8283,40.483859],[-106.828301,40.483859],[-106.828302,40.483859],[-106.828303,40.483859],[-106.828303,40.483859],[-106.828304,40.483859],[-106.828305,40.48386],[-106.828306,40.48386],[-106.828306,40.48386],[-106.828307,40.483861],[-106.828308,40.483861],[-106.828308,40.483862],[-106.828309,40.483862],[-106.828309,40.483863],[-106.828309,40.483864],[-106.82831,40.483864],[-106.82831,40.483865],[-106.82831,40.483866],[-106.82831,40.483866],[-106.82831,40.483867],[-106.828309,40.483868],[-106.828309,40.483868],[-106.828309,40.483869],[-106.828308,40.483869],[-106.828308,40.48387],[-106.828307,40.48387],[-106.828306,40.483871],[-106.828306,40.483871],[-106.828305,40.483872],[-106.828304,40.483872],[-106.828303,40.483872],[-106.828303,40.483872],[-106.828302,40.483872],[-106.828301,40.483872],[-106.8283,40.483872],[-106.828299,40.483872],[-106.828298,40.483872],[-106.828297,40.483872],[-106.828297,40.483872],[-106.828296,40.483871],[-106.828295,40.483871],[-106.828294,40.48387],[-106.828294,40.48387],[-106.828293,40.483869],[-106.828293,40.483869],[-106.828293,40.483868],[-106.828292,40.483868],[-106.828292,40.483867],[-106.828292,40.483866],[-106.828292,40.483866]]]}},{"id":"103","type":"Feature","properties":{"natural":null,"barrier":null,"highway":"crossing","amenity":null,"tourism":null,"base_elevation":111,"height":null,"material":null,"direction":null,"artwork_type":null,"name":null},"geometry":{"type":"Polygon","coordinates":[[[-106.825744,40.485315],[-106.825744,40.485314],[-106.825744,40.485313],[-106.825744,40.485313],[-106.825745,40.485312],[-106.825745,40.485311],[-106.825745,40.485311],[-106.825746,40.48531],[-106.825747,40.48531],[-106.825747,40.485309],[-106.825748,40.485309],[-106.825749,40.485309],[-106.825749,40.485308],[-106.82575,40.485308],[-106.825751,40.485308],[-106.825752,40.485308],[-106.825753,40.485308],[-106.825754,40.485308],[-106.825755,40.485308],[-106.825756,40.485308],[-106.825756,40.485308],[-106.825757,40.485309],[-106.825758,40.485309],[-106.825759,40.485309],[-106.825759,40.48531],[-106.82576,40.48531],[-106.82576,40.485311],[-106.825761,40.485311],[-106.825761,40.485312],[-106.825761,40.485313],[-106.825762,40.485313],[-106.825762,40.485314],[-106.825762,40.485315],[-106.825762,40.485315],[-106.825762,40.485316],[-106.825761,40.485317],[-106.825761,40.485317],[-106.825761,40.485318],[-106.82576,40.485318],[-106.82576,40.485319],[-106.825759,40.485319],[-106.825759,40.48532],[-106.825758,40.48532],[-106.825757,40.485321],[-106.825756,40.485321],[-106.825756,40.485321],[-106.825755,40.485321],[-106.825754,40.485321],[-106.825753,40.485321],[-106.825752,40.485321],[-106.825751,40.485321],[-106.82575,40.485321],[-106.825749,40.485321],[-106.825749,40.485321],[-106.825748,40.48532],[-106.825747,40.48532],[-106.825747,40.485319],[-106.825746,40.485319],[-106.825745,40.485318],[-106.825745,40.485318],[-106.825745,40.485317],[-106.825744,40.485317],[-106.825744,40.485316],[-106.825744,40.485315],[-106.825744,40.485315]]]}},{"id":"104","type":"Feature","properties":{"natural":null,"barrier":null,"highway":"crossing","amenity":null,"tourism":null,"base_elevation":116,"height":null,"material":null,"direction":null,"artwork_type":null,"name":null},"geometry":{"type":"Polygon","coordinates":[[[-106.81587,40.457428],[-106.81587,40.457428],[-106.81587,40.457427],[-106.815871,40.457426],[-106.815871,40.457426],[-106.815871,40.457425],[-106.815872,40.457425],[-106.815872,40.457424],[-106.815873,40.457423],[-106.815873,40.457423],[-106.815874,40.457423],[-106.815875,40.457422],[-106.815876,40.457422],[-106.815876,40.457422],[-106.815877,40.457422],[-106.815878,40.457421],[-106.815879,40.457421],[-106.81588,40.457421],[-106.815881,40.457422],[-106.815882,40.457422],[-106.815883,40.457422],[-106.815883,40.457422],[-106.815884,40.457423],[-106.815885,40.457423],[-106.815885,40.457423],[-106.815886,40.457424],[-106.815887,40.457425],[-106.815887,40.457425],[-106.815887,40.457426],[-106.815888,40.457426],[-106.815888,40.457427],[-106.815888,40.457428],[-106.815888,40.457428],[-106.815888,40.457429],[-106.815888,40.45743],[-106.815888,40.45743],[-106.815887,40.457431],[-106.815887,40.457432],[-106.815887,40.457432],[-106.815886,40.457433],[-106.815885,40.457433],[-106.815885,40.457434],[-106.815884,40.457434],[-106.815883,40.457434],[-106.815883,40.457435],[-106.815882,40.457435],[-106.815881,40.457435],[-106.81588,40.457435],[-106.815879,40.457435],[-106.815878,40.457435],[-106.815877,40.457435],[-106.815876,40.457435],[-106.815876,40.457435],[-106.815875,40.457434],[-106.815874,40.457434],[-106.815873,40.457434],[-106.815873,40.457433],[-106.815872,40.457433],[-106.815872,40.457432],[-106.815871,40.457432],[-106.815871,40.457431],[-106.815871,40.45743],[-106.81587,40.45743],[-106.81587,40.457429],[-106.81587,40.457428]]]}},{"id":"105","type":"Feature","properties":{"natural":null,"barrier":null,"highway":"crossing","amenity":null,"tourism":null,"base_elevation":207,"height":null,"material":null,"direction":null,"artwork_type":null,"name":null},"geometry":{"type":"Polygon","coordinates":[[[-106.793524,40.418299],[-106.793524,40.418298],[-106.793524,40.418298],[-106.793525,40.418297],[-106.793525,40.418296],[-106.793525,40.418296],[-106.793526,40.418295],[-106.793526,40.418295],[-106.793527,40.418294],[-106.793528,40.418294],[-106.793528,40.418293],[-106.793529,40.418293],[-106.79353,40.418293],[-106.793531,40.418293],[-106.793532,40.418292],[-106.793532,40.418292],[-106.793533,40.418292],[-106.793534,40.418292],[-106.793535,40.418292],[-106.793536,40.418293],[-106.793537,40.418293],[-106.793538,40.418293],[-106.793538,40.418293],[-106.793539,40.418294],[-106.79354,40.418294],[-106.79354,40.418295],[-106.793541,40.418295],[-106.793541,40.418296],[-106.793542,40.418296],[-106.793542,40.418297],[-106.793542,40.418298],[-106.793542,40.418298],[-106.793542,40.418299],[-106.793542,40.4183],[-106.793542,40.4183],[-106.793542,40.418301],[-106.793542,40.418302],[-106.793541,40.418302],[-106.793541,40.418303],[-106.79354,40.418303],[-106.79354,40.418304],[-106.793539,40.418304],[-106.793538,40.418305],[-106.793538,40.418305],[-106.793537,40.418305],[-106.793536,40.418306],[-106.793535,40.418306],[-106.793534,40.418306],[-106.793533,40.418306],[-106.793532,40.418306],[-106.793532,40.418306],[-106.793531,40.418306],[-106.79353,40.418305],[-106.793529,40.418305],[-106.793528,40.418305],[-106.793528,40.418304],[-106.793527,40.418304],[-106.793526,40.418303],[-106.793526,40.418303],[-106.793525,40.418302],[-106.793525,40.418302],[-106.793525,40.418301],[-106.793524,40.4183],[-106.793524,40.4183],[-106.793524,40.418299]]]}},{"id":"106","type":"Feature","properties":{"natural":null,"barrier":null,"highway":"crossing","amenity":null,"tourism":null,"base_elevation":225,"height":null,"material":null,"direction":null,"artwork_type":null,"name":null},"geometry":{"type":"Polygon","coordinates":[[[-106.787465,40.413362],[-106.787465,40.413361],[-106.787465,40.41336],[-106.787466,40.41336],[-106.787466,40.413359],[-106.787466,40.413358],[-106.787467,40.413358],[-106.787467,40.413357],[-106.787468,40.413357],[-106.787468,40.413356],[-106.787469,40.413356],[-106.78747,40.413356],[-106.787471,40.413355],[-106.787471,40.413355],[-106.787472,40.413355],[-106.787473,40.413355],[-106.787474,40.413355],[-106.787475,40.413355],[-106.787476,40.413355],[-106.787477,40.413355],[-106.787478,40.413355],[-106.787478,40.413356],[-106.787479,40.413356],[-106.78748,40.413356],[-106.78748,40.413357],[-106.787481,40.413357],[-106.787482,40.413358],[-106.787482,40.413358],[-106.787482,40.413359],[-106.787483,40.41336],[-106.787483,40.41336],[-106.787483,40.413361],[-106.787483,40.413362],[-106.787483,40.413362],[-106.787483,40.413363],[-106.787483,40.413364],[-106.787482,40.413364],[-106.787482,40.413365],[-106.787482,40.413365],[-106.787481,40.413366],[-106.78748,40.413366],[-106.78748,40.413367],[-106.787479,40.413367],[-106.787478,40.413368],[-106.787478,40.413368],[-106.787477,40.413368],[-106.787476,40.413368],[-106.787475,40.413368],[-106.787474,40.413368],[-106.787473,40.413368],[-106.787472,40.413368],[-106.787471,40.413368],[-106.787471,40.413368],[-106.78747,40.413368],[-106.787469,40.413367],[-106.787468,40.413367],[-106.787468,40.413366],[-106.787467,40.413366],[-106.787467,40.413365],[-106.787466,40.413365],[-106.787466,40.413364],[-106.787466,40.413364],[-106.787465,40.413363],[-106.787465,40.413362],[-106.787465,40.413362]]]}},{"id":"107","type":"Feature","properties":{"natural":null,"barrier":null,"highway":"crossing","amenity":null,"tourism":null,"base_elevation":225,"height":null,"material":null,"direction":null,"artwork_type":null,"name":null},"geometry":{"type":"Polygon","coordinates":[[[-106.787507,40.413304],[-106.787507,40.413303],[-106.787507,40.413302],[-106.787507,40.413302],[-106.787507,40.413301],[-106.787508,40.4133],[-106.787508,40.4133],[-106.787509,40.413299],[-106.787509,40.413299],[-106.78751,40.413298],[-106.787511,40.413298],[-106.787511,40.413298],[-106.787512,40.413297],[-106.787513,40.413297],[-106.787514,40.413297],[-106.787515,40.413297],[-106.787516,40.413297],[-106.787517,40.413297],[-106.787517,40.413297],[-106.787518,40.413297],[-106.787519,40.413297],[-106.78752,40.413298],[-106.787521,40.413298],[-106.787521,40.413298],[-106.787522,40.413299],[-106.787523,40.413299],[-106.787523,40.4133],[-106.787524,40.4133],[-106.787524,40.413301],[-106.787524,40.413302],[-106.787525,40.413302],[-106.787525,40.413303],[-106.787525,40.413304],[-106.787525,40.413304],[-106.787525,40.413305],[-106.787524,40.413306],[-106.787524,40.413306],[-106.787524,40.413307],[-106.787523,40.413307],[-106.787523,40.413308],[-106.787522,40.413309],[-106.787521,40.413309],[-106.787521,40.413309],[-106.78752,40.41331],[-106.787519,40.41331],[-106.787518,40.41331],[-106.787517,40.41331],[-106.787517,40.413311],[-106.787516,40.413311],[-106.787515,40.413311],[-106.787514,40.41331],[-106.787513,40.41331],[-106.787512,40.41331],[-106.787511,40.41331],[-106.787511,40.413309],[-106.78751,40.413309],[-106.787509,40.413309],[-106.787509,40.413308],[-106.787508,40.413307],[-106.787508,40.413307],[-106.787507,40.413306],[-106.787507,40.413306],[-106.787507,40.413305],[-106.787507,40.413304],[-106.787507,40.413304]]]}},{"id":"108","type":"Feature","properties":{"natural":null,"barrier":null,"highway":"crossing","amenity":null,"tourism":null,"base_elevation":178,"height":null,"material":null,"direction":null,"artwork_type":null,"name":null},"geometry":{"type":"Polygon","coordinates":[[[-106.804908,40.470468],[-106.804908,40.470468],[-106.804908,40.470467],[-106.804908,40.470466],[-106.804908,40.470466],[-106.804909,40.470465],[-106.804909,40.470464],[-106.80491,40.470464],[-106.80491,40.470463],[-106.804911,40.470463],[-106.804912,40.470463],[-106.804912,40.470462],[-106.804913,40.470462],[-106.804914,40.470462],[-106.804915,40.470461],[-106.804916,40.470461],[-106.804917,40.470461],[-106.804917,40.470461],[-106.804918,40.470461],[-106.804919,40.470462],[-106.80492,40.470462],[-106.804921,40.470462],[-106.804922,40.470463],[-106.804922,40.470463],[-106.804923,40.470463],[-106.804924,40.470464],[-106.804924,40.470464],[-106.804925,40.470465],[-106.804925,40.470466],[-106.804925,40.470466],[-106.804925,40.470467],[-106.804926,40.470468],[-106.804926,40.470468],[-106.804926,40.470469],[-106.804925,40.47047],[-106.804925,40.47047],[-106.804925,40.470471],[-106.804925,40.470471],[-106.804924,40.470472],[-106.804924,40.470473],[-106.804923,40.470473],[-106.804922,40.470473],[-106.804922,40.470474],[-106.804921,40.470474],[-106.80492,40.470475],[-106.804919,40.470475],[-106.804918,40.470475],[-106.804917,40.470475],[-106.804917,40.470475],[-106.804916,40.470475],[-106.804915,40.470475],[-106.804914,40.470475],[-106.804913,40.470475],[-106.804912,40.470474],[-106.804912,40.470474],[-106.804911,40.470473],[-106.80491,40.470473],[-106.80491,40.470473],[-106.804909,40.470472],[-106.804909,40.470471],[-106.804908,40.470471],[-106.804908,40.47047],[-106.804908,40.47047],[-106.804908,40.470469],[-106.804908,40.470468]]]}},{"id":"109","type":"Feature","properties":{"natural":null,"barrier":null,"highway":"crossing","amenity":null,"tourism":null,"base_elevation":178,"height":null,"material":null,"direction":null,"artwork_type":null,"name":null},"geometry":{"type":"Polygon","coordinates":[[[-106.804982,40.470289],[-106.804982,40.470289],[-106.804982,40.470288],[-106.804982,40.470287],[-106.804982,40.470287],[-106.804983,40.470286],[-106.804983,40.470286],[-106.804984,40.470285],[-106.804984,40.470285],[-106.804985,40.470284],[-106.804986,40.470284],[-106.804986,40.470283],[-106.804987,40.470283],[-106.804988,40.470283],[-106.804989,40.470283],[-106.80499,40.470283],[-106.804991,40.470283],[-106.804991,40.470283],[-106.804992,40.470283],[-106.804993,40.470283],[-106.804994,40.470283],[-106.804995,40.470283],[-106.804996,40.470284],[-106.804996,40.470284],[-106.804997,40.470285],[-106.804998,40.470285],[-106.804998,40.470286],[-106.804999,40.470286],[-106.804999,40.470287],[-106.804999,40.470287],[-106.804999,40.470288],[-106.805,40.470289],[-106.805,40.470289],[-106.805,40.47029],[-106.804999,40.470291],[-106.804999,40.470291],[-106.804999,40.470292],[-106.804999,40.470293],[-106.804998,40.470293],[-106.804998,40.470294],[-106.804997,40.470294],[-106.804996,40.470295],[-106.804996,40.470295],[-106.804995,40.470295],[-106.804994,40.470296],[-106.804993,40.470296],[-106.804992,40.470296],[-106.804991,40.470296],[-106.804991,40.470296],[-106.80499,40.470296],[-106.804989,40.470296],[-106.804988,40.470296],[-106.804987,40.470296],[-106.804986,40.470295],[-106.804986,40.470295],[-106.804985,40.470295],[-106.804984,40.470294],[-106.804984,40.470294],[-106.804983,40.470293],[-106.804983,40.470293],[-106.804982,40.470292],[-106.804982,40.470291],[-106.804982,40.470291],[-106.804982,40.47029],[-106.804982,40.470289]]]}},{"id":"110","type":"Feature","properties":{"natural":null,"barrier":null,"highway":"crossing","amenity":null,"tourism":null,"base_elevation":161,"height":null,"material":null,"direction":null,"artwork_type":null,"name":null},"geometry":{"type":"Polygon","coordinates":[[[-106.80852,40.468388],[-106.80852,40.468388],[-106.80852,40.468387],[-106.808521,40.468386],[-106.808521,40.468386],[-106.808521,40.468385],[-106.808522,40.468385],[-106.808522,40.468384],[-106.808523,40.468384],[-106.808524,40.468383],[-106.808524,40.468383],[-106.808525,40.468382],[-106.808526,40.468382],[-106.808527,40.468382],[-106.808528,40.468382],[-106.808528,40.468382],[-106.808529,40.468382],[-106.80853,40.468382],[-106.808531,40.468382],[-106.808532,40.468382],[-106.808533,40.468382],[-106.808534,40.468382],[-106.808534,40.468383],[-106.808535,40.468383],[-106.808536,40.468384],[-106.808536,40.468384],[-106.808537,40.468385],[-106.808537,40.468385],[-106.808538,40.468386],[-106.808538,40.468386],[-106.808538,40.468387],[-106.808538,40.468388],[-106.808538,40.468388],[-106.808538,40.468389],[-106.808538,40.46839],[-106.808538,40.46839],[-106.808538,40.468391],[-106.808537,40.468392],[-106.808537,40.468392],[-106.808536,40.468393],[-106.808536,40.468393],[-106.808535,40.468394],[-106.808534,40.468394],[-106.808534,40.468394],[-106.808533,40.468395],[-106.808532,40.468395],[-106.808531,40.468395],[-106.80853,40.468395],[-106.808529,40.468395],[-106.808528,40.468395],[-106.808528,40.468395],[-106.808527,40.468395],[-106.808526,40.468395],[-106.808525,40.468394],[-106.808524,40.468394],[-106.808524,40.468394],[-106.808523,40.468393],[-106.808522,40.468393],[-106.808522,40.468392],[-106.808521,40.468392],[-106.808521,40.468391],[-106.808521,40.46839],[-106.80852,40.46839],[-106.80852,40.468389],[-106.80852,40.468388]]]}},{"id":"111","type":"Feature","properties":{"natural":null,"barrier":null,"highway":"crossing","amenity":null,"tourism":null,"base_elevation":161,"height":null,"material":null,"direction":null,"artwork_type":null,"name":null},"geometry":{"type":"Polygon","coordinates":[[[-106.808583,40.468405],[-106.808583,40.468404],[-106.808583,40.468403],[-106.808583,40.468403],[-106.808583,40.468402],[-106.808584,40.468401],[-106.808584,40.468401],[-106.808585,40.4684],[-106.808585,40.4684],[-106.808586,40.468399],[-106.808587,40.468399],[-106.808587,40.468399],[-106.808588,40.468398],[-106.808589,40.468398],[-106.80859,40.468398],[-106.808591,40.468398],[-106.808592,40.468398],[-106.808592,40.468398],[-106.808593,40.468398],[-106.808594,40.468398],[-106.808595,40.468398],[-106.808596,40.468399],[-106.808596,40.468399],[-106.808597,40.468399],[-106.808598,40.4684],[-106.808598,40.4684],[-106.808599,40.468401],[-106.808599,40.468401],[-106.8086,40.468402],[-106.8086,40.468403],[-106.8086,40.468403],[-106.8086,40.468404],[-106.8086,40.468405],[-106.8086,40.468405],[-106.8086,40.468406],[-106.8086,40.468407],[-106.8086,40.468407],[-106.808599,40.468408],[-106.808599,40.468408],[-106.808598,40.468409],[-106.808598,40.468409],[-106.808597,40.46841],[-106.808596,40.46841],[-106.808596,40.468411],[-106.808595,40.468411],[-106.808594,40.468411],[-106.808593,40.468411],[-106.808592,40.468411],[-106.808592,40.468411],[-106.808591,40.468411],[-106.80859,40.468411],[-106.808589,40.468411],[-106.808588,40.468411],[-106.808587,40.468411],[-106.808587,40.46841],[-106.808586,40.46841],[-106.808585,40.468409],[-106.808585,40.468409],[-106.808584,40.468408],[-106.808584,40.468408],[-106.808583,40.468407],[-106.808583,40.468407],[-106.808583,40.468406],[-106.808583,40.468405],[-106.808583,40.468405]]]}},{"id":"112","type":"Feature","properties":{"natural":null,"barrier":null,"highway":"crossing","amenity":null,"tourism":null,"base_elevation":103,"height":null,"material":null,"direction":null,"artwork_type":null,"name":null},"geometry":{"type":"Polygon","coordinates":[[[-106.823063,40.458889],[-106.823063,40.458888],[-106.823063,40.458887],[-106.823064,40.458887],[-106.823064,40.458886],[-106.823064,40.458886],[-106.823065,40.458885],[-106.823065,40.458884],[-106.823066,40.458884],[-106.823067,40.458884],[-106.823067,40.458883],[-106.823068,40.458883],[-106.823069,40.458882],[-106.82307,40.458882],[-106.823071,40.458882],[-106.823071,40.458882],[-106.823072,40.458882],[-106.823073,40.458882],[-106.823074,40.458882],[-106.823075,40.458882],[-106.823076,40.458882],[-106.823077,40.458883],[-106.823077,40.458883],[-106.823078,40.458884],[-106.823079,40.458884],[-106.823079,40.458884],[-106.82308,40.458885],[-106.82308,40.458886],[-106.823081,40.458886],[-106.823081,40.458887],[-106.823081,40.458887],[-106.823081,40.458888],[-106.823081,40.458889],[-106.823081,40.458889],[-106.823081,40.45889],[-106.823081,40.458891],[-106.823081,40.458891],[-106.82308,40.458892],[-106.82308,40.458893],[-106.823079,40.458893],[-106.823079,40.458894],[-106.823078,40.458894],[-106.823077,40.458894],[-106.823077,40.458895],[-106.823076,40.458895],[-106.823075,40.458895],[-106.823074,40.458896],[-106.823073,40.458896],[-106.823072,40.458896],[-106.823071,40.458896],[-106.823071,40.458896],[-106.82307,40.458895],[-106.823069,40.458895],[-106.823068,40.458895],[-106.823067,40.458894],[-106.823067,40.458894],[-106.823066,40.458894],[-106.823065,40.458893],[-106.823065,40.458893],[-106.823064,40.458892],[-106.823064,40.458891],[-106.823064,40.458891],[-106.823063,40.45889],[-106.823063,40.458889],[-106.823063,40.458889]]]}},{"id":"113","type":"Feature","properties":{"natural":null,"barrier":null,"highway":null,"amenity":"bench","tourism":null,"base_elevation":338,"height":null,"material":"wood","direction":null,"artwork_type":null,"name":null},"geometry":{"type":"Polygon","coordinates":[[[-106.773911,40.482258],[-106.773911,40.482258],[-106.773911,40.482257],[-106.773912,40.482256],[-106.773912,40.482256],[-106.773912,40.482255],[-106.773913,40.482254],[-106.773913,40.482254],[-106.773914,40.482253],[-106.773915,40.482253],[-106.773915,40.482253],[-106.773916,40.482252],[-106.773917,40.482252],[-106.773918,40.482252],[-106.773918,40.482251],[-106.773919,40.482251],[-106.77392,40.482251],[-106.773921,40.482251],[-106.773922,40.482251],[-106.773923,40.482252],[-106.773924,40.482252],[-106.773924,40.482252],[-106.773925,40.482253],[-106.773926,40.482253],[-106.773927,40.482253],[-106.773927,40.482254],[-106.773928,40.482254],[-106.773928,40.482255],[-106.773928,40.482256],[-106.773929,40.482256],[-106.773929,40.482257],[-106.773929,40.482258],[-106.773929,40.482258],[-106.773929,40.482259],[-106.773929,40.48226],[-106.773929,40.48226],[-106.773928,40.482261],[-106.773928,40.482261],[-106.773928,40.482262],[-106.773927,40.482263],[-106.773927,40.482263],[-106.773926,40.482263],[-106.773925,40.482264],[-106.773924,40.482264],[-106.773924,40.482265],[-106.773923,40.482265],[-106.773922,40.482265],[-106.773921,40.482265],[-106.77392,40.482265],[-106.773919,40.482265],[-106.773918,40.482265],[-106.773918,40.482265],[-106.773917,40.482265],[-106.773916,40.482264],[-106.773915,40.482264],[-106.773915,40.482263],[-106.773914,40.482263],[-106.773913,40.482263],[-106.773913,40.482262],[-106.773912,40.482261],[-106.773912,40.482261],[-106.773912,40.48226],[-106.773911,40.48226],[-106.773911,40.482259],[-106.773911,40.482258]]]}},{"id":"114","type":"Feature","properties":{"natural":null,"barrier":null,"highway":"crossing","amenity":null,"tourism":null,"base_elevation":113,"height":null,"material":null,"direction":null,"artwork_type":null,"name":null},"geometry":{"type":"Polygon","coordinates":[[[-106.820961,40.462114],[-106.820961,40.462113],[-106.820961,40.462112],[-106.820961,40.462112],[-106.820962,40.462111],[-106.820962,40.46211],[-106.820962,40.46211],[-106.820963,40.462109],[-106.820964,40.462109],[-106.820964,40.462108],[-106.820965,40.462108],[-106.820966,40.462107],[-106.820966,40.462107],[-106.820967,40.462107],[-106.820968,40.462107],[-106.820969,40.462107],[-106.82097,40.462107],[-106.820971,40.462107],[-106.820972,40.462107],[-106.820973,40.462107],[-106.820973,40.462107],[-106.820974,40.462107],[-106.820975,40.462108],[-106.820976,40.462108],[-106.820976,40.462109],[-106.820977,40.462109],[-106.820977,40.46211],[-106.820978,40.46211],[-106.820978,40.462111],[-106.820978,40.462112],[-106.820979,40.462112],[-106.820979,40.462113],[-106.820979,40.462114],[-106.820979,40.462114],[-106.820979,40.462115],[-106.820978,40.462115],[-106.820978,40.462116],[-106.820978,40.462117],[-106.820977,40.462117],[-106.820977,40.462118],[-106.820976,40.462118],[-106.820976,40.462119],[-106.820975,40.462119],[-106.820974,40.46212],[-106.820973,40.46212],[-106.820973,40.46212],[-106.820972,40.46212],[-106.820971,40.46212],[-106.82097,40.46212],[-106.820969,40.46212],[-106.820968,40.46212],[-106.820967,40.46212],[-106.820966,40.46212],[-106.820966,40.46212],[-106.820965,40.462119],[-106.820964,40.462119],[-106.820964,40.462118],[-106.820963,40.462118],[-106.820962,40.462117],[-106.820962,40.462117],[-106.820962,40.462116],[-106.820961,40.462115],[-106.820961,40.462115],[-106.820961,40.462114],[-106.820961,40.462114]]]}},{"id":"115","type":"Feature","properties":{"natural":null,"barrier":null,"highway":"crossing","amenity":null,"tourism":null,"base_elevation":107,"height":null,"material":null,"direction":null,"artwork_type":null,"name":null},"geometry":{"type":"Polygon","coordinates":[[[-106.816543,40.453996],[-106.816543,40.453995],[-106.816543,40.453995],[-106.816543,40.453994],[-106.816544,40.453993],[-106.816544,40.453993],[-106.816544,40.453992],[-106.816545,40.453992],[-106.816545,40.453991],[-106.816546,40.453991],[-106.816547,40.45399],[-106.816548,40.45399],[-106.816548,40.45399],[-106.816549,40.453989],[-106.81655,40.453989],[-106.816551,40.453989],[-106.816552,40.453989],[-106.816553,40.453989],[-106.816554,40.453989],[-106.816554,40.453989],[-106.816555,40.45399],[-106.816556,40.45399],[-106.816557,40.45399],[-106.816557,40.453991],[-106.816558,40.453991],[-106.816559,40.453992],[-106.816559,40.453992],[-106.81656,40.453993],[-106.81656,40.453993],[-106.81656,40.453994],[-106.816561,40.453995],[-106.816561,40.453995],[-106.816561,40.453996],[-106.816561,40.453997],[-106.816561,40.453997],[-106.81656,40.453998],[-106.81656,40.453999],[-106.81656,40.453999],[-106.816559,40.454],[-106.816559,40.454],[-106.816558,40.454001],[-106.816557,40.454001],[-106.816557,40.454002],[-106.816556,40.454002],[-106.816555,40.454002],[-106.816554,40.454003],[-106.816554,40.454003],[-106.816553,40.454003],[-106.816552,40.454003],[-106.816551,40.454003],[-106.81655,40.454003],[-106.816549,40.454003],[-106.816548,40.454002],[-106.816548,40.454002],[-106.816547,40.454002],[-106.816546,40.454001],[-106.816545,40.454001],[-106.816545,40.454],[-106.816544,40.454],[-106.816544,40.453999],[-106.816544,40.453999],[-106.816543,40.453998],[-106.816543,40.453997],[-106.816543,40.453997],[-106.816543,40.453996]]]}},{"id":"116","type":"Feature","properties":{"natural":null,"barrier":null,"highway":null,"amenity":"waste_basket","tourism":null,"base_elevation":91,"height":null,"material":null,"direction":null,"artwork_type":null,"name":null},"geometry":{"type":"Polygon","coordinates":[[[-106.834834,40.481816],[-106.834834,40.481815],[-106.834834,40.481814],[-106.834835,40.481814],[-106.834835,40.481813],[-106.834835,40.481813],[-106.834836,40.481812],[-106.834836,40.481811],[-106.834837,40.481811],[-106.834837,40.481811],[-106.834838,40.48181],[-106.834839,40.48181],[-106.83484,40.481809],[-106.83484,40.481809],[-106.834841,40.481809],[-106.834842,40.481809],[-106.834843,40.481809],[-106.834844,40.481809],[-106.834845,40.481809],[-106.834846,40.481809],[-106.834847,40.481809],[-106.834847,40.48181],[-106.834848,40.48181],[-106.834849,40.481811],[-106.834849,40.481811],[-106.83485,40.481811],[-106.834851,40.481812],[-106.834851,40.481813],[-106.834851,40.481813],[-106.834852,40.481814],[-106.834852,40.481814],[-106.834852,40.481815],[-106.834852,40.481816],[-106.834852,40.481816],[-106.834852,40.481817],[-106.834852,40.481818],[-106.834851,40.481818],[-106.834851,40.481819],[-106.834851,40.48182],[-106.83485,40.48182],[-106.834849,40.481821],[-106.834849,40.481821],[-106.834848,40.481821],[-106.834847,40.481822],[-106.834847,40.481822],[-106.834846,40.481822],[-106.834845,40.481823],[-106.834844,40.481823],[-106.834843,40.481823],[-106.834842,40.481823],[-106.834841,40.481823],[-106.83484,40.481822],[-106.83484,40.481822],[-106.834839,40.481822],[-106.834838,40.481821],[-106.834837,40.481821],[-106.834837,40.481821],[-106.834836,40.48182],[-106.834836,40.48182],[-106.834835,40.481819],[-106.834835,40.481818],[-106.834835,40.481818],[-106.834834,40.481817],[-106.834834,40.481816],[-106.834834,40.481816]]]}},{"id":"117","type":"Feature","properties":{"natural":null,"barrier":null,"highway":null,"amenity":"drinking_water","tourism":null,"base_elevation":88,"height":null,"material":null,"direction":null,"artwork_type":null,"name":null},"geometry":{"type":"Polygon","coordinates":[[[-106.83611,40.483461],[-106.83611,40.48346],[-106.83611,40.48346],[-106.83611,40.483459],[-106.836111,40.483458],[-106.836111,40.483458],[-106.836112,40.483457],[-106.836112,40.483457],[-106.836113,40.483456],[-106.836113,40.483456],[-106.836114,40.483455],[-106.836115,40.483455],[-106.836116,40.483455],[-106.836116,40.483455],[-106.836117,40.483454],[-106.836118,40.483454],[-106.836119,40.483454],[-106.83612,40.483454],[-106.836121,40.483454],[-106.836122,40.483455],[-106.836122,40.483455],[-106.836123,40.483455],[-106.836124,40.483455],[-106.836125,40.483456],[-106.836125,40.483456],[-106.836126,40.483457],[-106.836126,40.483457],[-106.836127,40.483458],[-106.836127,40.483458],[-106.836128,40.483459],[-106.836128,40.48346],[-106.836128,40.48346],[-106.836128,40.483461],[-106.836128,40.483462],[-106.836128,40.483462],[-106.836128,40.483463],[-106.836127,40.483464],[-106.836127,40.483464],[-106.836126,40.483465],[-106.836126,40.483465],[-106.836125,40.483466],[-106.836125,40.483466],[-106.836124,40.483467],[-106.836123,40.483467],[-106.836122,40.483467],[-106.836122,40.483468],[-106.836121,40.483468],[-106.83612,40.483468],[-106.836119,40.483468],[-106.836118,40.483468],[-106.836117,40.483468],[-106.836116,40.483468],[-106.836116,40.483467],[-106.836115,40.483467],[-106.836114,40.483467],[-106.836113,40.483466],[-106.836113,40.483466],[-106.836112,40.483465],[-106.836112,40.483465],[-106.836111,40.483464],[-106.836111,40.483464],[-106.83611,40.483463],[-106.83611,40.483462],[-106.83611,40.483462],[-106.83611,40.483461]]]}},{"id":"118","type":"Feature","properties":{"natural":null,"barrier":null,"highway":"bus_stop","amenity":null,"tourism":null,"base_elevation":82,"height":null,"material":null,"direction":null,"artwork_type":null,"name":"Steamboat Springs - Stockbridge Transit Center"},"geometry":{"type":"Polygon","coordinates":[[[-106.84998,40.49382],[-106.84998,40.493819],[-106.84998,40.493818],[-106.84998,40.493818],[-106.849981,40.493817],[-106.849981,40.493816],[-106.849982,40.493816],[-106.849982,40.493815],[-106.849983,40.493815],[-106.849983,40.493814],[-106.849984,40.493814],[-106.849985,40.493814],[-106.849986,40.493813],[-106.849986,40.493813],[-106.849987,40.493813],[-106.849988,40.493813],[-106.849989,40.493813],[-106.84999,40.493813],[-106.849991,40.493813],[-106.849992,40.493813],[-106.849992,40.493813],[-106.849993,40.493814],[-106.849994,40.493814],[-106.849995,40.493814],[-106.849995,40.493815],[-106.849996,40.493815],[-106.849996,40.493816],[-106.849997,40.493816],[-106.849997,40.493817],[-106.849998,40.493818],[-106.849998,40.493818],[-106.849998,40.493819],[-106.849998,40.49382],[-106.849998,40.49382],[-106.849998,40.493821],[-106.849998,40.493822],[-106.849997,40.493822],[-106.849997,40.493823],[-106.849996,40.493823],[-106.849996,40.493824],[-106.849995,40.493825],[-106.849995,40.493825],[-106.849994,40.493825],[-106.849993,40.493826],[-106.849992,40.493826],[-106.849992,40.493826],[-106.849991,40.493826],[-106.84999,40.493826],[-106.849989,40.493827],[-106.849988,40.493826],[-106.849987,40.493826],[-106.849986,40.493826],[-106.849986,40.493826],[-106.849985,40.493826],[-106.849984,40.493825],[-106.849983,40.493825],[-106.849983,40.493825],[-106.849982,40.493824],[-106.849982,40.493823],[-106.849981,40.493823],[-106.849981,40.493822],[-106.84998,40.493822],[-106.84998,40.493821],[-106.84998,40.49382],[-106.84998,40.49382]]]}},{"id":"119","type":"Feature","properties":{"natural":null,"barrier":null,"highway":"crossing","amenity":null,"tourism":null,"base_elevation":86,"height":null,"material":null,"direction":null,"artwork_type":null,"name":null},"geometry":{"type":"Polygon","coordinates":[[[-106.849935,40.494231],[-106.849935,40.494231],[-106.849935,40.49423],[-106.849935,40.494229],[-106.849936,40.494229],[-106.849936,40.494228],[-106.849936,40.494228],[-106.849937,40.494227],[-106.849938,40.494227],[-106.849938,40.494226],[-106.849939,40.494226],[-106.84994,40.494225],[-106.84994,40.494225],[-106.849941,40.494225],[-106.849942,40.494225],[-106.849943,40.494225],[-106.849944,40.494225],[-106.849945,40.494225],[-106.849946,40.494225],[-106.849947,40.494225],[-106.849947,40.494225],[-106.849948,40.494225],[-106.849949,40.494226],[-106.84995,40.494226],[-106.84995,40.494227],[-106.849951,40.494227],[-106.849951,40.494228],[-106.849952,40.494228],[-106.849952,40.494229],[-106.849952,40.494229],[-106.849953,40.49423],[-106.849953,40.494231],[-106.849953,40.494231],[-106.849953,40.494232],[-106.849953,40.494233],[-106.849952,40.494233],[-106.849952,40.494234],[-106.849952,40.494235],[-106.849951,40.494235],[-106.849951,40.494236],[-106.84995,40.494236],[-106.84995,40.494237],[-106.849949,40.494237],[-106.849948,40.494237],[-106.849947,40.494238],[-106.849947,40.494238],[-106.849946,40.494238],[-106.849945,40.494238],[-106.849944,40.494238],[-106.849943,40.494238],[-106.849942,40.494238],[-106.849941,40.494238],[-106.84994,40.494238],[-106.84994,40.494237],[-106.849939,40.494237],[-106.849938,40.494237],[-106.849938,40.494236],[-106.849937,40.494236],[-106.849936,40.494235],[-106.849936,40.494235],[-106.849936,40.494234],[-106.849935,40.494233],[-106.849935,40.494233],[-106.849935,40.494232],[-106.849935,40.494231]]]}},{"id":"120","type":"Feature","properties":{"natural":null,"barrier":null,"highway":null,"amenity":"drinking_water","tourism":null,"base_elevation":82,"height":null,"material":null,"direction":null,"artwork_type":null,"name":null},"geometry":{"type":"Polygon","coordinates":[[[-106.849891,40.493907],[-106.849891,40.493907],[-106.849891,40.493906],[-106.849892,40.493905],[-106.849892,40.493905],[-106.849892,40.493904],[-106.849893,40.493903],[-106.849893,40.493903],[-106.849894,40.493902],[-106.849894,40.493902],[-106.849895,40.493902],[-106.849896,40.493901],[-106.849897,40.493901],[-106.849897,40.493901],[-106.849898,40.4939],[-106.849899,40.4939],[-106.8499,40.4939],[-106.849901,40.4939],[-106.849902,40.4939],[-106.849903,40.493901],[-106.849904,40.493901],[-106.849904,40.493901],[-106.849905,40.493902],[-106.849906,40.493902],[-106.849906,40.493902],[-106.849907,40.493903],[-106.849908,40.493903],[-106.849908,40.493904],[-106.849908,40.493905],[-106.849909,40.493905],[-106.849909,40.493906],[-106.849909,40.493907],[-106.849909,40.493907],[-106.849909,40.493908],[-106.849909,40.493909],[-106.849909,40.493909],[-106.849908,40.49391],[-106.849908,40.49391],[-106.849908,40.493911],[-106.849907,40.493912],[-106.849906,40.493912],[-106.849906,40.493912],[-106.849905,40.493913],[-106.849904,40.493913],[-106.849904,40.493914],[-106.849903,40.493914],[-106.849902,40.493914],[-106.849901,40.493914],[-106.8499,40.493914],[-106.849899,40.493914],[-106.849898,40.493914],[-106.849897,40.493914],[-106.849897,40.493914],[-106.849896,40.493913],[-106.849895,40.493913],[-106.849894,40.493912],[-106.849894,40.493912],[-106.849893,40.493912],[-106.849893,40.493911],[-106.849892,40.49391],[-106.849892,40.49391],[-106.849892,40.493909],[-106.849891,40.493909],[-106.849891,40.493908],[-106.849891,40.493907]]]}},{"id":"121","type":"Feature","properties":{"natural":null,"barrier":null,"highway":"bus_stop","amenity":null,"tourism":null,"base_elevation":107,"height":null,"material":null,"direction":null,"artwork_type":null,"name":null},"geometry":{"type":"Polygon","coordinates":[[[-106.825832,40.467],[-106.825832,40.466999],[-106.825832,40.466999],[-106.825832,40.466998],[-106.825833,40.466997],[-106.825833,40.466997],[-106.825834,40.466996],[-106.825834,40.466996],[-106.825835,40.466995],[-106.825835,40.466995],[-106.825836,40.466994],[-106.825837,40.466994],[-106.825838,40.466994],[-106.825838,40.466993],[-106.825839,40.466993],[-106.82584,40.466993],[-106.825841,40.466993],[-106.825842,40.466993],[-106.825843,40.466993],[-106.825844,40.466993],[-106.825844,40.466994],[-106.825845,40.466994],[-106.825846,40.466994],[-106.825847,40.466995],[-106.825847,40.466995],[-106.825848,40.466996],[-106.825848,40.466996],[-106.825849,40.466997],[-106.825849,40.466997],[-106.82585,40.466998],[-106.82585,40.466999],[-106.82585,40.466999],[-106.82585,40.467],[-106.82585,40.467001],[-106.82585,40.467001],[-106.82585,40.467002],[-106.825849,40.467003],[-106.825849,40.467003],[-106.825848,40.467004],[-106.825848,40.467004],[-106.825847,40.467005],[-106.825847,40.467005],[-106.825846,40.467006],[-106.825845,40.467006],[-106.825844,40.467006],[-106.825844,40.467007],[-106.825843,40.467007],[-106.825842,40.467007],[-106.825841,40.467007],[-106.82584,40.467007],[-106.825839,40.467007],[-106.825838,40.467007],[-106.825838,40.467006],[-106.825837,40.467006],[-106.825836,40.467006],[-106.825835,40.467005],[-106.825835,40.467005],[-106.825834,40.467004],[-106.825834,40.467004],[-106.825833,40.467003],[-106.825833,40.467003],[-106.825832,40.467002],[-106.825832,40.467001],[-106.825832,40.467001],[-106.825832,40.467]]]}},{"id":"122","type":"Feature","properties":{"natural":null,"barrier":null,"highway":"crossing","amenity":null,"tourism":null,"base_elevation":97,"height":null,"material":null,"direction":null,"artwork_type":null,"name":null},"geometry":{"type":"Polygon","coordinates":[[[-106.826412,40.47535],[-106.826412,40.475349],[-106.826412,40.475348],[-106.826413,40.475348],[-106.826413,40.475347],[-106.826413,40.475346],[-106.826414,40.475346],[-106.826414,40.475345],[-106.826415,40.475345],[-106.826416,40.475344],[-106.826416,40.475344],[-106.826417,40.475344],[-106.826418,40.475343],[-106.826419,40.475343],[-106.826419,40.475343],[-106.82642,40.475343],[-106.826421,40.475343],[-106.826422,40.475343],[-106.826423,40.475343],[-106.826424,40.475343],[-106.826425,40.475343],[-106.826425,40.475344],[-106.826426,40.475344],[-106.826427,40.475344],[-106.826428,40.475345],[-106.826428,40.475345],[-106.826429,40.475346],[-106.826429,40.475346],[-106.826429,40.475347],[-106.82643,40.475348],[-106.82643,40.475348],[-106.82643,40.475349],[-106.82643,40.47535],[-106.82643,40.47535],[-106.82643,40.475351],[-106.82643,40.475352],[-106.826429,40.475352],[-106.826429,40.475353],[-106.826429,40.475353],[-106.826428,40.475354],[-106.826428,40.475354],[-106.826427,40.475355],[-106.826426,40.475355],[-106.826425,40.475356],[-106.826425,40.475356],[-106.826424,40.475356],[-106.826423,40.475356],[-106.826422,40.475356],[-106.826421,40.475356],[-106.82642,40.475356],[-106.826419,40.475356],[-106.826419,40.475356],[-106.826418,40.475356],[-106.826417,40.475356],[-106.826416,40.475355],[-106.826416,40.475355],[-106.826415,40.475354],[-106.826414,40.475354],[-106.826414,40.475353],[-106.826413,40.475353],[-106.826413,40.475352],[-106.826413,40.475352],[-106.826412,40.475351],[-106.826412,40.47535],[-106.826412,40.47535]]]}},{"id":"123","type":"Feature","properties":{"natural":null,"barrier":null,"highway":"crossing","amenity":null,"tourism":null,"base_elevation":100,"height":null,"material":null,"direction":null,"artwork_type":null,"name":null},"geometry":{"type":"Polygon","coordinates":[[[-106.82601,40.475309],[-106.82601,40.475308],[-106.82601,40.475307],[-106.82601,40.475307],[-106.826011,40.475306],[-106.826011,40.475306],[-106.826011,40.475305],[-106.826012,40.475304],[-106.826013,40.475304],[-106.826013,40.475304],[-106.826014,40.475303],[-106.826015,40.475303],[-106.826015,40.475302],[-106.826016,40.475302],[-106.826017,40.475302],[-106.826018,40.475302],[-106.826019,40.475302],[-106.82602,40.475302],[-106.826021,40.475302],[-106.826022,40.475302],[-106.826022,40.475302],[-106.826023,40.475303],[-106.826024,40.475303],[-106.826025,40.475304],[-106.826025,40.475304],[-106.826026,40.475304],[-106.826026,40.475305],[-106.826027,40.475306],[-106.826027,40.475306],[-106.826027,40.475307],[-106.826028,40.475307],[-106.826028,40.475308],[-106.826028,40.475309],[-106.826028,40.475309],[-106.826028,40.47531],[-106.826027,40.475311],[-106.826027,40.475311],[-106.826027,40.475312],[-106.826026,40.475313],[-106.826026,40.475313],[-106.826025,40.475314],[-106.826025,40.475314],[-106.826024,40.475314],[-106.826023,40.475315],[-106.826022,40.475315],[-106.826022,40.475315],[-106.826021,40.475316],[-106.82602,40.475316],[-106.826019,40.475316],[-106.826018,40.475316],[-106.826017,40.475316],[-106.826016,40.475315],[-106.826015,40.475315],[-106.826015,40.475315],[-106.826014,40.475314],[-106.826013,40.475314],[-106.826013,40.475314],[-106.826012,40.475313],[-106.826011,40.475313],[-106.826011,40.475312],[-106.826011,40.475311],[-106.82601,40.475311],[-106.82601,40.47531],[-106.82601,40.475309],[-106.82601,40.475309]]]}},{"id":"124","type":"Feature","properties":{"natural":null,"barrier":null,"highway":null,"amenity":"waste_basket","tourism":null,"base_elevation":87,"height":null,"material":null,"direction":null,"artwork_type":null,"name":null},"geometry":{"type":"Polygon","coordinates":[[[-106.837652,40.484404],[-106.837652,40.484404],[-106.837652,40.484403],[-106.837652,40.484403],[-106.837653,40.484402],[-106.837653,40.484401],[-106.837654,40.484401],[-106.837654,40.4844],[-106.837655,40.4844],[-106.837655,40.484399],[-106.837656,40.484399],[-106.837657,40.484398],[-106.837658,40.484398],[-106.837658,40.484398],[-106.837659,40.484398],[-106.83766,40.484398],[-106.837661,40.484398],[-106.837662,40.484398],[-106.837663,40.484398],[-106.837664,40.484398],[-106.837664,40.484398],[-106.837665,40.484398],[-106.837666,40.484399],[-106.837667,40.484399],[-106.837667,40.4844],[-106.837668,40.4844],[-106.837668,40.484401],[-106.837669,40.484401],[-106.837669,40.484402],[-106.83767,40.484403],[-106.83767,40.484403],[-106.83767,40.484404],[-106.83767,40.484404],[-106.83767,40.484405],[-106.83767,40.484406],[-106.83767,40.484406],[-106.837669,40.484407],[-106.837669,40.484408],[-106.837668,40.484408],[-106.837668,40.484409],[-106.837667,40.484409],[-106.837667,40.48441],[-106.837666,40.48441],[-106.837665,40.484411],[-106.837664,40.484411],[-106.837664,40.484411],[-106.837663,40.484411],[-106.837662,40.484411],[-106.837661,40.484411],[-106.83766,40.484411],[-106.837659,40.484411],[-106.837658,40.484411],[-106.837658,40.484411],[-106.837657,40.484411],[-106.837656,40.48441],[-106.837655,40.48441],[-106.837655,40.484409],[-106.837654,40.484409],[-106.837654,40.484408],[-106.837653,40.484408],[-106.837653,40.484407],[-106.837652,40.484406],[-106.837652,40.484406],[-106.837652,40.484405],[-106.837652,40.484404]]]}},{"id":"125","type":"Feature","properties":{"natural":null,"barrier":null,"highway":null,"amenity":"waste_basket","tourism":null,"base_elevation":87,"height":null,"material":null,"direction":null,"artwork_type":null,"name":null},"geometry":{"type":"Polygon","coordinates":[[[-106.83784,40.484588],[-106.83784,40.484587],[-106.83784,40.484587],[-106.83784,40.484586],[-106.83784,40.484585],[-106.837841,40.484585],[-106.837841,40.484584],[-106.837842,40.484584],[-106.837842,40.484583],[-106.837843,40.484583],[-106.837844,40.484582],[-106.837844,40.484582],[-106.837845,40.484582],[-106.837846,40.484582],[-106.837847,40.484581],[-106.837848,40.484581],[-106.837849,40.484581],[-106.83785,40.484581],[-106.83785,40.484581],[-106.837851,40.484582],[-106.837852,40.484582],[-106.837853,40.484582],[-106.837854,40.484582],[-106.837854,40.484583],[-106.837855,40.484583],[-106.837856,40.484584],[-106.837856,40.484584],[-106.837857,40.484585],[-106.837857,40.484585],[-106.837857,40.484586],[-106.837858,40.484587],[-106.837858,40.484587],[-106.837858,40.484588],[-106.837858,40.484589],[-106.837858,40.484589],[-106.837857,40.48459],[-106.837857,40.484591],[-106.837857,40.484591],[-106.837856,40.484592],[-106.837856,40.484592],[-106.837855,40.484593],[-106.837854,40.484593],[-106.837854,40.484594],[-106.837853,40.484594],[-106.837852,40.484594],[-106.837851,40.484595],[-106.83785,40.484595],[-106.83785,40.484595],[-106.837849,40.484595],[-106.837848,40.484595],[-106.837847,40.484595],[-106.837846,40.484595],[-106.837845,40.484594],[-106.837844,40.484594],[-106.837844,40.484594],[-106.837843,40.484593],[-106.837842,40.484593],[-106.837842,40.484592],[-106.837841,40.484592],[-106.837841,40.484591],[-106.83784,40.484591],[-106.83784,40.48459],[-106.83784,40.484589],[-106.83784,40.484589],[-106.83784,40.484588]]]}},{"id":"126","type":"Feature","properties":{"natural":null,"barrier":null,"highway":null,"amenity":"waste_basket","tourism":null,"base_elevation":85,"height":null,"material":null,"direction":null,"artwork_type":null,"name":null},"geometry":{"type":"Polygon","coordinates":[[[-106.836905,40.484663],[-106.836905,40.484662],[-106.836905,40.484661],[-106.836905,40.484661],[-106.836906,40.48466],[-106.836906,40.484659],[-106.836907,40.484659],[-106.836907,40.484658],[-106.836908,40.484658],[-106.836908,40.484657],[-106.836909,40.484657],[-106.83691,40.484657],[-106.836911,40.484656],[-106.836911,40.484656],[-106.836912,40.484656],[-106.836913,40.484656],[-106.836914,40.484656],[-106.836915,40.484656],[-106.836916,40.484656],[-106.836917,40.484656],[-106.836917,40.484656],[-106.836918,40.484657],[-106.836919,40.484657],[-106.83692,40.484657],[-106.83692,40.484658],[-106.836921,40.484658],[-106.836921,40.484659],[-106.836922,40.484659],[-106.836922,40.48466],[-106.836923,40.484661],[-106.836923,40.484661],[-106.836923,40.484662],[-106.836923,40.484663],[-106.836923,40.484663],[-106.836923,40.484664],[-106.836923,40.484665],[-106.836922,40.484665],[-106.836922,40.484666],[-106.836921,40.484666],[-106.836921,40.484667],[-106.83692,40.484667],[-106.83692,40.484668],[-106.836919,40.484668],[-106.836918,40.484669],[-106.836917,40.484669],[-106.836917,40.484669],[-106.836916,40.484669],[-106.836915,40.484669],[-106.836914,40.484669],[-106.836913,40.484669],[-106.836912,40.484669],[-106.836911,40.484669],[-106.836911,40.484669],[-106.83691,40.484669],[-106.836909,40.484668],[-106.836908,40.484668],[-106.836908,40.484667],[-106.836907,40.484667],[-106.836907,40.484666],[-106.836906,40.484666],[-106.836906,40.484665],[-106.836905,40.484665],[-106.836905,40.484664],[-106.836905,40.484663],[-106.836905,40.484663]]]}},{"id":"127","type":"Feature","properties":{"natural":null,"barrier":null,"highway":null,"amenity":"waste_basket","tourism":null,"base_elevation":85,"height":null,"material":null,"direction":null,"artwork_type":null,"name":null},"geometry":{"type":"Polygon","coordinates":[[[-106.836882,40.484785],[-106.836882,40.484784],[-106.836882,40.484784],[-106.836883,40.484783],[-106.836883,40.484782],[-106.836883,40.484782],[-106.836884,40.484781],[-106.836884,40.484781],[-106.836885,40.48478],[-106.836886,40.48478],[-106.836886,40.484779],[-106.836887,40.484779],[-106.836888,40.484779],[-106.836889,40.484778],[-106.836889,40.484778],[-106.83689,40.484778],[-106.836891,40.484778],[-106.836892,40.484778],[-106.836893,40.484778],[-106.836894,40.484778],[-106.836895,40.484779],[-106.836895,40.484779],[-106.836896,40.484779],[-106.836897,40.48478],[-106.836898,40.48478],[-106.836898,40.484781],[-106.836899,40.484781],[-106.836899,40.484782],[-106.836899,40.484782],[-106.8369,40.484783],[-106.8369,40.484784],[-106.8369,40.484784],[-106.8369,40.484785],[-106.8369,40.484786],[-106.8369,40.484786],[-106.8369,40.484787],[-106.836899,40.484788],[-106.836899,40.484788],[-106.836899,40.484789],[-106.836898,40.484789],[-106.836898,40.48479],[-106.836897,40.48479],[-106.836896,40.484791],[-106.836895,40.484791],[-106.836895,40.484791],[-106.836894,40.484792],[-106.836893,40.484792],[-106.836892,40.484792],[-106.836891,40.484792],[-106.83689,40.484792],[-106.836889,40.484792],[-106.836889,40.484792],[-106.836888,40.484791],[-106.836887,40.484791],[-106.836886,40.484791],[-106.836886,40.48479],[-106.836885,40.48479],[-106.836884,40.484789],[-106.836884,40.484789],[-106.836883,40.484788],[-106.836883,40.484788],[-106.836883,40.484787],[-106.836882,40.484786],[-106.836882,40.484786],[-106.836882,40.484785]]]}},{"id":"128","type":"Feature","properties":{"natural":null,"barrier":null,"highway":null,"amenity":"waste_basket","tourism":null,"base_elevation":91,"height":null,"material":null,"direction":null,"artwork_type":null,"name":null},"geometry":{"type":"Polygon","coordinates":[[[-106.83805,40.483378],[-106.83805,40.483378],[-106.83805,40.483377],[-106.838051,40.483376],[-106.838051,40.483376],[-106.838051,40.483375],[-106.838052,40.483375],[-106.838052,40.483374],[-106.838053,40.483374],[-106.838054,40.483373],[-106.838054,40.483373],[-106.838055,40.483372],[-106.838056,40.483372],[-106.838057,40.483372],[-106.838058,40.483372],[-106.838058,40.483372],[-106.838059,40.483372],[-106.83806,40.483372],[-106.838061,40.483372],[-106.838062,40.483372],[-106.838063,40.483372],[-106.838064,40.483372],[-106.838064,40.483373],[-106.838065,40.483373],[-106.838066,40.483374],[-106.838066,40.483374],[-106.838067,40.483375],[-106.838067,40.483375],[-106.838068,40.483376],[-106.838068,40.483376],[-106.838068,40.483377],[-106.838068,40.483378],[-106.838068,40.483378],[-106.838068,40.483379],[-106.838068,40.48338],[-106.838068,40.48338],[-106.838068,40.483381],[-106.838067,40.483382],[-106.838067,40.483382],[-106.838066,40.483383],[-106.838066,40.483383],[-106.838065,40.483384],[-106.838064,40.483384],[-106.838064,40.483384],[-106.838063,40.483385],[-106.838062,40.483385],[-106.838061,40.483385],[-106.83806,40.483385],[-106.838059,40.483385],[-106.838058,40.483385],[-106.838058,40.483385],[-106.838057,40.483385],[-106.838056,40.483385],[-106.838055,40.483384],[-106.838054,40.483384],[-106.838054,40.483384],[-106.838053,40.483383],[-106.838052,40.483383],[-106.838052,40.483382],[-106.838051,40.483382],[-106.838051,40.483381],[-106.838051,40.48338],[-106.83805,40.48338],[-106.83805,40.483379],[-106.83805,40.483378]]]}},{"id":"129","type":"Feature","properties":{"natural":null,"barrier":null,"highway":null,"amenity":"waste_basket","tourism":null,"base_elevation":91,"height":null,"material":null,"direction":null,"artwork_type":null,"name":null},"geometry":{"type":"Polygon","coordinates":[[[-106.8376,40.483152],[-106.8376,40.483151],[-106.8376,40.483151],[-106.8376,40.48315],[-106.8376,40.483149],[-106.837601,40.483149],[-106.837601,40.483148],[-106.837602,40.483148],[-106.837602,40.483147],[-106.837603,40.483147],[-106.837604,40.483146],[-106.837604,40.483146],[-106.837605,40.483146],[-106.837606,40.483145],[-106.837607,40.483145],[-106.837608,40.483145],[-106.837609,40.483145],[-106.83761,40.483145],[-106.83761,40.483145],[-106.837611,40.483145],[-106.837612,40.483146],[-106.837613,40.483146],[-106.837614,40.483146],[-106.837614,40.483147],[-106.837615,40.483147],[-106.837616,40.483148],[-106.837616,40.483148],[-106.837617,40.483149],[-106.837617,40.483149],[-106.837617,40.48315],[-106.837618,40.483151],[-106.837618,40.483151],[-106.837618,40.483152],[-106.837618,40.483153],[-106.837618,40.483153],[-106.837617,40.483154],[-106.837617,40.483155],[-106.837617,40.483155],[-106.837616,40.483156],[-106.837616,40.483156],[-106.837615,40.483157],[-106.837614,40.483157],[-106.837614,40.483158],[-106.837613,40.483158],[-106.837612,40.483158],[-106.837611,40.483158],[-106.83761,40.483159],[-106.83761,40.483159],[-106.837609,40.483159],[-106.837608,40.483159],[-106.837607,40.483159],[-106.837606,40.483158],[-106.837605,40.483158],[-106.837604,40.483158],[-106.837604,40.483158],[-106.837603,40.483157],[-106.837602,40.483157],[-106.837602,40.483156],[-106.837601,40.483156],[-106.837601,40.483155],[-106.8376,40.483155],[-106.8376,40.483154],[-106.8376,40.483153],[-106.8376,40.483153],[-106.8376,40.483152]]]}},{"id":"130","type":"Feature","properties":{"natural":null,"barrier":null,"highway":null,"amenity":"bench","tourism":null,"base_elevation":84,"height":null,"material":"wood","direction":null,"artwork_type":null,"name":null},"geometry":{"type":"Polygon","coordinates":[[[-106.839929,40.488647],[-106.839929,40.488646],[-106.839929,40.488646],[-106.839929,40.488645],[-106.839929,40.488644],[-106.83993,40.488644],[-106.83993,40.488643],[-106.839931,40.488643],[-106.839931,40.488642],[-106.839932,40.488642],[-106.839933,40.488641],[-106.839933,40.488641],[-106.839934,40.488641],[-106.839935,40.48864],[-106.839936,40.48864],[-106.839937,40.48864],[-106.839938,40.48864],[-106.839938,40.48864],[-106.839939,40.48864],[-106.83994,40.48864],[-106.839941,40.488641],[-106.839942,40.488641],[-106.839942,40.488641],[-106.839943,40.488642],[-106.839944,40.488642],[-106.839944,40.488643],[-106.839945,40.488643],[-106.839945,40.488644],[-106.839946,40.488644],[-106.839946,40.488645],[-106.839946,40.488646],[-106.839946,40.488646],[-106.839946,40.488647],[-106.839946,40.488648],[-106.839946,40.488648],[-106.839946,40.488649],[-106.839946,40.48865],[-106.839945,40.48865],[-106.839945,40.488651],[-106.839944,40.488651],[-106.839944,40.488652],[-106.839943,40.488652],[-106.839942,40.488653],[-106.839942,40.488653],[-106.839941,40.488653],[-106.83994,40.488654],[-106.839939,40.488654],[-106.839938,40.488654],[-106.839938,40.488654],[-106.839937,40.488654],[-106.839936,40.488654],[-106.839935,40.488654],[-106.839934,40.488653],[-106.839933,40.488653],[-106.839933,40.488653],[-106.839932,40.488652],[-106.839931,40.488652],[-106.839931,40.488651],[-106.83993,40.488651],[-106.83993,40.48865],[-106.839929,40.48865],[-106.839929,40.488649],[-106.839929,40.488648],[-106.839929,40.488648],[-106.839929,40.488647]]]}},{"id":"131","type":"Feature","properties":{"natural":null,"barrier":null,"highway":null,"amenity":"waste_basket","tourism":null,"base_elevation":84,"height":null,"material":null,"direction":null,"artwork_type":null,"name":null},"geometry":{"type":"Polygon","coordinates":[[[-106.840905,40.488783],[-106.840905,40.488783],[-106.840905,40.488782],[-106.840905,40.488781],[-106.840905,40.488781],[-106.840906,40.48878],[-106.840906,40.48878],[-106.840907,40.488779],[-106.840907,40.488779],[-106.840908,40.488778],[-106.840909,40.488778],[-106.840909,40.488777],[-106.84091,40.488777],[-106.840911,40.488777],[-106.840912,40.488777],[-106.840913,40.488777],[-106.840914,40.488777],[-106.840915,40.488777],[-106.840915,40.488777],[-106.840916,40.488777],[-106.840917,40.488777],[-106.840918,40.488777],[-106.840919,40.488778],[-106.840919,40.488778],[-106.84092,40.488779],[-106.840921,40.488779],[-106.840921,40.48878],[-106.840922,40.48878],[-106.840922,40.488781],[-106.840922,40.488781],[-106.840923,40.488782],[-106.840923,40.488783],[-106.840923,40.488783],[-106.840923,40.488784],[-106.840923,40.488785],[-106.840922,40.488785],[-106.840922,40.488786],[-106.840922,40.488787],[-106.840921,40.488787],[-106.840921,40.488788],[-106.84092,40.488788],[-106.840919,40.488789],[-106.840919,40.488789],[-106.840918,40.488789],[-106.840917,40.48879],[-106.840916,40.48879],[-106.840915,40.48879],[-106.840915,40.48879],[-106.840914,40.48879],[-106.840913,40.48879],[-106.840912,40.48879],[-106.840911,40.48879],[-106.84091,40.48879],[-106.840909,40.488789],[-106.840909,40.488789],[-106.840908,40.488789],[-106.840907,40.488788],[-106.840907,40.488788],[-106.840906,40.488787],[-106.840906,40.488787],[-106.840905,40.488786],[-106.840905,40.488785],[-106.840905,40.488785],[-106.840905,40.488784],[-106.840905,40.488783]]]}},{"id":"132","type":"Feature","properties":{"natural":null,"barrier":null,"highway":null,"amenity":"bench","tourism":null,"base_elevation":84,"height":null,"material":"wood","direction":null,"artwork_type":null,"name":null},"geometry":{"type":"Polygon","coordinates":[[[-106.840677,40.488623],[-106.840677,40.488623],[-106.840677,40.488622],[-106.840678,40.488621],[-106.840678,40.488621],[-106.840678,40.48862],[-106.840679,40.48862],[-106.840679,40.488619],[-106.84068,40.488619],[-106.84068,40.488618],[-106.840681,40.488618],[-106.840682,40.488617],[-106.840683,40.488617],[-106.840683,40.488617],[-106.840684,40.488617],[-106.840685,40.488617],[-106.840686,40.488617],[-106.840687,40.488617],[-106.840688,40.488617],[-106.840689,40.488617],[-106.84069,40.488617],[-106.84069,40.488617],[-106.840691,40.488618],[-106.840692,40.488618],[-106.840692,40.488619],[-106.840693,40.488619],[-106.840694,40.48862],[-106.840694,40.48862],[-106.840694,40.488621],[-106.840695,40.488621],[-106.840695,40.488622],[-106.840695,40.488623],[-106.840695,40.488623],[-106.840695,40.488624],[-106.840695,40.488625],[-106.840695,40.488625],[-106.840694,40.488626],[-106.840694,40.488627],[-106.840694,40.488627],[-106.840693,40.488628],[-106.840692,40.488628],[-106.840692,40.488629],[-106.840691,40.488629],[-106.84069,40.488629],[-106.84069,40.48863],[-106.840689,40.48863],[-106.840688,40.48863],[-106.840687,40.48863],[-106.840686,40.48863],[-106.840685,40.48863],[-106.840684,40.48863],[-106.840683,40.48863],[-106.840683,40.48863],[-106.840682,40.488629],[-106.840681,40.488629],[-106.84068,40.488629],[-106.84068,40.488628],[-106.840679,40.488628],[-106.840679,40.488627],[-106.840678,40.488627],[-106.840678,40.488626],[-106.840678,40.488625],[-106.840677,40.488625],[-106.840677,40.488624],[-106.840677,40.488623]]]}},{"id":"133","type":"Feature","properties":{"natural":null,"barrier":null,"highway":null,"amenity":"bicycle_parking","tourism":null,"base_elevation":85,"height":null,"material":null,"direction":null,"artwork_type":null,"name":null},"geometry":{"type":"Polygon","coordinates":[[[-106.840401,40.489113],[-106.840401,40.489112],[-106.840402,40.489112],[-106.840402,40.489111],[-106.840402,40.48911],[-106.840402,40.48911],[-106.840403,40.489109],[-106.840403,40.489109],[-106.840404,40.489108],[-106.840405,40.489108],[-106.840405,40.489107],[-106.840406,40.489107],[-106.840407,40.489107],[-106.840408,40.489106],[-106.840409,40.489106],[-106.84041,40.489106],[-106.84041,40.489106],[-106.840411,40.489106],[-106.840412,40.489106],[-106.840413,40.489106],[-106.840414,40.489107],[-106.840415,40.489107],[-106.840415,40.489107],[-106.840416,40.489108],[-106.840417,40.489108],[-106.840417,40.489109],[-106.840418,40.489109],[-106.840418,40.48911],[-106.840419,40.48911],[-106.840419,40.489111],[-106.840419,40.489112],[-106.840419,40.489112],[-106.840419,40.489113],[-106.840419,40.489114],[-106.840419,40.489114],[-106.840419,40.489115],[-106.840419,40.489116],[-106.840418,40.489116],[-106.840418,40.489117],[-106.840417,40.489117],[-106.840417,40.489118],[-106.840416,40.489118],[-106.840415,40.489119],[-106.840415,40.489119],[-106.840414,40.489119],[-106.840413,40.489119],[-106.840412,40.48912],[-106.840411,40.48912],[-106.84041,40.48912],[-106.84041,40.48912],[-106.840409,40.48912],[-106.840408,40.489119],[-106.840407,40.489119],[-106.840406,40.489119],[-106.840405,40.489119],[-106.840405,40.489118],[-106.840404,40.489118],[-106.840403,40.489117],[-106.840403,40.489117],[-106.840402,40.489116],[-106.840402,40.489116],[-106.840402,40.489115],[-106.840402,40.489114],[-106.840401,40.489114],[-106.840401,40.489113]]]}},{"id":"134","type":"Feature","properties":{"natural":null,"barrier":null,"highway":null,"amenity":"bench","tourism":null,"base_elevation":84,"height":null,"material":"wood","direction":null,"artwork_type":null,"name":null},"geometry":{"type":"Polygon","coordinates":[[[-106.840054,40.488629],[-106.840054,40.488629],[-106.840054,40.488628],[-106.840054,40.488627],[-106.840055,40.488627],[-106.840055,40.488626],[-106.840056,40.488625],[-106.840056,40.488625],[-106.840057,40.488624],[-106.840057,40.488624],[-106.840058,40.488624],[-106.840059,40.488623],[-106.84006,40.488623],[-106.84006,40.488623],[-106.840061,40.488622],[-106.840062,40.488622],[-106.840063,40.488622],[-106.840064,40.488622],[-106.840065,40.488622],[-106.840066,40.488623],[-106.840066,40.488623],[-106.840067,40.488623],[-106.840068,40.488624],[-106.840069,40.488624],[-106.840069,40.488624],[-106.84007,40.488625],[-106.84007,40.488625],[-106.840071,40.488626],[-106.840071,40.488627],[-106.840072,40.488627],[-106.840072,40.488628],[-106.840072,40.488629],[-106.840072,40.488629],[-106.840072,40.48863],[-106.840072,40.488631],[-106.840072,40.488631],[-106.840071,40.488632],[-106.840071,40.488632],[-106.84007,40.488633],[-106.84007,40.488634],[-106.840069,40.488634],[-106.840069,40.488634],[-106.840068,40.488635],[-106.840067,40.488635],[-106.840066,40.488636],[-106.840066,40.488636],[-106.840065,40.488636],[-106.840064,40.488636],[-106.840063,40.488636],[-106.840062,40.488636],[-106.840061,40.488636],[-106.84006,40.488636],[-106.84006,40.488636],[-106.840059,40.488635],[-106.840058,40.488635],[-106.840057,40.488634],[-106.840057,40.488634],[-106.840056,40.488634],[-106.840056,40.488633],[-106.840055,40.488632],[-106.840055,40.488632],[-106.840054,40.488631],[-106.840054,40.488631],[-106.840054,40.48863],[-106.840054,40.488629]]]}},{"id":"135","type":"Feature","properties":{"natural":null,"barrier":null,"highway":null,"amenity":"bicycle_parking","tourism":null,"base_elevation":84,"height":null,"material":null,"direction":null,"artwork_type":null,"name":null},"geometry":{"type":"Polygon","coordinates":[[[-106.840833,40.489052],[-106.840833,40.489051],[-106.840833,40.489051],[-106.840833,40.48905],[-106.840833,40.489049],[-106.840834,40.489049],[-106.840834,40.489048],[-106.840835,40.489048],[-106.840835,40.489047],[-106.840836,40.489047],[-106.840837,40.489046],[-106.840837,40.489046],[-106.840838,40.489046],[-106.840839,40.489045],[-106.84084,40.489045],[-106.840841,40.489045],[-106.840841,40.489045],[-106.840842,40.489045],[-106.840843,40.489045],[-106.840844,40.489045],[-106.840845,40.489046],[-106.840846,40.489046],[-106.840846,40.489046],[-106.840847,40.489047],[-106.840848,40.489047],[-106.840848,40.489048],[-106.840849,40.489048],[-106.840849,40.489049],[-106.84085,40.489049],[-106.84085,40.48905],[-106.84085,40.489051],[-106.84085,40.489051],[-106.84085,40.489052],[-106.84085,40.489053],[-106.84085,40.489053],[-106.84085,40.489054],[-106.84085,40.489055],[-106.840849,40.489055],[-106.840849,40.489056],[-106.840848,40.489056],[-106.840848,40.489057],[-106.840847,40.489057],[-106.840846,40.489058],[-106.840846,40.489058],[-106.840845,40.489058],[-106.840844,40.489058],[-106.840843,40.489059],[-106.840842,40.489059],[-106.840841,40.489059],[-106.840841,40.489059],[-106.84084,40.489059],[-106.840839,40.489058],[-106.840838,40.489058],[-106.840837,40.489058],[-106.840837,40.489058],[-106.840836,40.489057],[-106.840835,40.489057],[-106.840835,40.489056],[-106.840834,40.489056],[-106.840834,40.489055],[-106.840833,40.489055],[-106.840833,40.489054],[-106.840833,40.489053],[-106.840833,40.489053],[-106.840833,40.489052]]]}},{"id":"136","type":"Feature","properties":{"natural":null,"barrier":null,"highway":null,"amenity":"bench","tourism":null,"base_elevation":84,"height":null,"material":"wood","direction":null,"artwork_type":null,"name":null},"geometry":{"type":"Polygon","coordinates":[[[-106.839809,40.488672],[-106.839809,40.488671],[-106.839809,40.488671],[-106.839809,40.48867],[-106.839809,40.488669],[-106.83981,40.488669],[-106.83981,40.488668],[-106.839811,40.488668],[-106.839811,40.488667],[-106.839812,40.488667],[-106.839813,40.488666],[-106.839813,40.488666],[-106.839814,40.488666],[-106.839815,40.488665],[-106.839816,40.488665],[-106.839817,40.488665],[-106.839818,40.488665],[-106.839818,40.488665],[-106.839819,40.488665],[-106.83982,40.488665],[-106.839821,40.488666],[-106.839822,40.488666],[-106.839823,40.488666],[-106.839823,40.488667],[-106.839824,40.488667],[-106.839825,40.488668],[-106.839825,40.488668],[-106.839826,40.488669],[-106.839826,40.488669],[-106.839826,40.48867],[-106.839826,40.488671],[-106.839827,40.488671],[-106.839827,40.488672],[-106.839827,40.488673],[-106.839826,40.488673],[-106.839826,40.488674],[-106.839826,40.488675],[-106.839826,40.488675],[-106.839825,40.488676],[-106.839825,40.488676],[-106.839824,40.488677],[-106.839823,40.488677],[-106.839823,40.488678],[-106.839822,40.488678],[-106.839821,40.488678],[-106.83982,40.488678],[-106.839819,40.488679],[-106.839818,40.488679],[-106.839818,40.488679],[-106.839817,40.488679],[-106.839816,40.488679],[-106.839815,40.488678],[-106.839814,40.488678],[-106.839813,40.488678],[-106.839813,40.488678],[-106.839812,40.488677],[-106.839811,40.488677],[-106.839811,40.488676],[-106.83981,40.488676],[-106.83981,40.488675],[-106.839809,40.488675],[-106.839809,40.488674],[-106.839809,40.488673],[-106.839809,40.488673],[-106.839809,40.488672]]]}},{"id":"137","type":"Feature","properties":{"natural":null,"barrier":null,"highway":null,"amenity":"bench","tourism":null,"base_elevation":85,"height":null,"material":"wood","direction":null,"artwork_type":null,"name":null},"geometry":{"type":"Polygon","coordinates":[[[-106.840126,40.489156],[-106.840126,40.489155],[-106.840126,40.489154],[-106.840127,40.489154],[-106.840127,40.489153],[-106.840127,40.489153],[-106.840128,40.489152],[-106.840128,40.489151],[-106.840129,40.489151],[-106.84013,40.489151],[-106.84013,40.48915],[-106.840131,40.48915],[-106.840132,40.489149],[-106.840133,40.489149],[-106.840133,40.489149],[-106.840134,40.489149],[-106.840135,40.489149],[-106.840136,40.489149],[-106.840137,40.489149],[-106.840138,40.489149],[-106.840139,40.489149],[-106.840139,40.48915],[-106.84014,40.48915],[-106.840141,40.489151],[-106.840142,40.489151],[-106.840142,40.489151],[-106.840143,40.489152],[-106.840143,40.489153],[-106.840143,40.489153],[-106.840144,40.489154],[-106.840144,40.489154],[-106.840144,40.489155],[-106.840144,40.489156],[-106.840144,40.489156],[-106.840144,40.489157],[-106.840144,40.489158],[-106.840143,40.489158],[-106.840143,40.489159],[-106.840143,40.48916],[-106.840142,40.48916],[-106.840142,40.489161],[-106.840141,40.489161],[-106.84014,40.489161],[-106.840139,40.489162],[-106.840139,40.489162],[-106.840138,40.489162],[-106.840137,40.489163],[-106.840136,40.489163],[-106.840135,40.489163],[-106.840134,40.489163],[-106.840133,40.489163],[-106.840133,40.489162],[-106.840132,40.489162],[-106.840131,40.489162],[-106.84013,40.489161],[-106.84013,40.489161],[-106.840129,40.489161],[-106.840128,40.48916],[-106.840128,40.48916],[-106.840127,40.489159],[-106.840127,40.489158],[-106.840127,40.489158],[-106.840126,40.489157],[-106.840126,40.489156],[-106.840126,40.489156]]]}},{"id":"138","type":"Feature","properties":{"natural":null,"barrier":null,"highway":null,"amenity":"bicycle_parking","tourism":null,"base_elevation":84,"height":null,"material":null,"direction":null,"artwork_type":null,"name":null},"geometry":{"type":"Polygon","coordinates":[[[-106.840732,40.489032],[-106.840732,40.489032],[-106.840733,40.489031],[-106.840733,40.489031],[-106.840733,40.48903],[-106.840733,40.489029],[-106.840734,40.489029],[-106.840734,40.489028],[-106.840735,40.489028],[-106.840736,40.489027],[-106.840736,40.489027],[-106.840737,40.489026],[-106.840738,40.489026],[-106.840739,40.489026],[-106.84074,40.489026],[-106.840741,40.489026],[-106.840741,40.489026],[-106.840742,40.489026],[-106.840743,40.489026],[-106.840744,40.489026],[-106.840745,40.489026],[-106.840746,40.489026],[-106.840746,40.489027],[-106.840747,40.489027],[-106.840748,40.489028],[-106.840748,40.489028],[-106.840749,40.489029],[-106.840749,40.489029],[-106.84075,40.48903],[-106.84075,40.489031],[-106.84075,40.489031],[-106.84075,40.489032],[-106.84075,40.489032],[-106.84075,40.489033],[-106.84075,40.489034],[-106.84075,40.489034],[-106.84075,40.489035],[-106.840749,40.489036],[-106.840749,40.489036],[-106.840748,40.489037],[-106.840748,40.489037],[-106.840747,40.489038],[-106.840746,40.489038],[-106.840746,40.489039],[-106.840745,40.489039],[-106.840744,40.489039],[-106.840743,40.489039],[-106.840742,40.489039],[-106.840741,40.489039],[-106.840741,40.489039],[-106.84074,40.489039],[-106.840739,40.489039],[-106.840738,40.489039],[-106.840737,40.489039],[-106.840736,40.489038],[-106.840736,40.489038],[-106.840735,40.489037],[-106.840734,40.489037],[-106.840734,40.489036],[-106.840733,40.489036],[-106.840733,40.489035],[-106.840733,40.489034],[-106.840733,40.489034],[-106.840732,40.489033],[-106.840732,40.489032]]]}},{"id":"139","type":"Feature","properties":{"natural":null,"barrier":null,"highway":null,"amenity":"bench","tourism":null,"base_elevation":88,"height":null,"material":"wood","direction":null,"artwork_type":null,"name":null},"geometry":{"type":"Polygon","coordinates":[[[-106.840251,40.489236],[-106.840251,40.489235],[-106.840251,40.489235],[-106.840252,40.489234],[-106.840252,40.489233],[-106.840252,40.489233],[-106.840253,40.489232],[-106.840253,40.489232],[-106.840254,40.489231],[-106.840255,40.489231],[-106.840255,40.48923],[-106.840256,40.48923],[-106.840257,40.48923],[-106.840258,40.489229],[-106.840258,40.489229],[-106.840259,40.489229],[-106.84026,40.489229],[-106.840261,40.489229],[-106.840262,40.489229],[-106.840263,40.489229],[-106.840264,40.48923],[-106.840264,40.48923],[-106.840265,40.48923],[-106.840266,40.489231],[-106.840267,40.489231],[-106.840267,40.489232],[-106.840268,40.489232],[-106.840268,40.489233],[-106.840268,40.489233],[-106.840269,40.489234],[-106.840269,40.489235],[-106.840269,40.489235],[-106.840269,40.489236],[-106.840269,40.489237],[-106.840269,40.489237],[-106.840269,40.489238],[-106.840268,40.489239],[-106.840268,40.489239],[-106.840268,40.48924],[-106.840267,40.48924],[-106.840267,40.489241],[-106.840266,40.489241],[-106.840265,40.489242],[-106.840264,40.489242],[-106.840264,40.489242],[-106.840263,40.489242],[-106.840262,40.489243],[-106.840261,40.489243],[-106.84026,40.489243],[-106.840259,40.489243],[-106.840258,40.489243],[-106.840258,40.489242],[-106.840257,40.489242],[-106.840256,40.489242],[-106.840255,40.489242],[-106.840255,40.489241],[-106.840254,40.489241],[-106.840253,40.48924],[-106.840253,40.48924],[-106.840252,40.489239],[-106.840252,40.489239],[-106.840252,40.489238],[-106.840251,40.489237],[-106.840251,40.489237],[-106.840251,40.489236]]]}},{"id":"140","type":"Feature","properties":{"natural":null,"barrier":null,"highway":null,"amenity":"bench","tourism":null,"base_elevation":85,"height":null,"material":"wood","direction":null,"artwork_type":null,"name":null},"geometry":{"type":"Polygon","coordinates":[[[-106.840178,40.48915],[-106.840178,40.489149],[-106.840178,40.489149],[-106.840178,40.489148],[-106.840178,40.489147],[-106.840179,40.489147],[-106.840179,40.489146],[-106.84018,40.489146],[-106.84018,40.489145],[-106.840181,40.489145],[-106.840182,40.489144],[-106.840182,40.489144],[-106.840183,40.489144],[-106.840184,40.489143],[-106.840185,40.489143],[-106.840186,40.489143],[-106.840187,40.489143],[-106.840188,40.489143],[-106.840188,40.489143],[-106.840189,40.489143],[-106.84019,40.489144],[-106.840191,40.489144],[-106.840192,40.489144],[-106.840192,40.489145],[-106.840193,40.489145],[-106.840194,40.489146],[-106.840194,40.489146],[-106.840195,40.489147],[-106.840195,40.489147],[-106.840195,40.489148],[-106.840196,40.489149],[-106.840196,40.489149],[-106.840196,40.48915],[-106.840196,40.489151],[-106.840196,40.489151],[-106.840195,40.489152],[-106.840195,40.489153],[-106.840195,40.489153],[-106.840194,40.489154],[-106.840194,40.489154],[-106.840193,40.489155],[-106.840192,40.489155],[-106.840192,40.489156],[-106.840191,40.489156],[-106.84019,40.489156],[-106.840189,40.489156],[-106.840188,40.489157],[-106.840188,40.489157],[-106.840187,40.489157],[-106.840186,40.489157],[-106.840185,40.489157],[-106.840184,40.489156],[-106.840183,40.489156],[-106.840182,40.489156],[-106.840182,40.489156],[-106.840181,40.489155],[-106.84018,40.489155],[-106.84018,40.489154],[-106.840179,40.489154],[-106.840179,40.489153],[-106.840178,40.489153],[-106.840178,40.489152],[-106.840178,40.489151],[-106.840178,40.489151],[-106.840178,40.48915]]]}},{"id":"141","type":"Feature","properties":{"natural":null,"barrier":null,"highway":"crossing","amenity":null,"tourism":null,"base_elevation":84,"height":null,"material":null,"direction":null,"artwork_type":null,"name":null},"geometry":{"type":"Polygon","coordinates":[[[-106.841167,40.48932],[-106.841167,40.48932],[-106.841167,40.489319],[-106.841167,40.489318],[-106.841167,40.489318],[-106.841168,40.489317],[-106.841168,40.489317],[-106.841169,40.489316],[-106.841169,40.489316],[-106.84117,40.489315],[-106.841171,40.489315],[-106.841171,40.489314],[-106.841172,40.489314],[-106.841173,40.489314],[-106.841174,40.489314],[-106.841175,40.489314],[-106.841176,40.489314],[-106.841176,40.489314],[-106.841177,40.489314],[-106.841178,40.489314],[-106.841179,40.489314],[-106.84118,40.489314],[-106.84118,40.489315],[-106.841181,40.489315],[-106.841182,40.489316],[-106.841182,40.489316],[-106.841183,40.489317],[-106.841183,40.489317],[-106.841184,40.489318],[-106.841184,40.489318],[-106.841184,40.489319],[-106.841184,40.48932],[-106.841184,40.48932],[-106.841184,40.489321],[-106.841184,40.489322],[-106.841184,40.489322],[-106.841184,40.489323],[-106.841183,40.489324],[-106.841183,40.489324],[-106.841182,40.489325],[-106.841182,40.489325],[-106.841181,40.489326],[-106.84118,40.489326],[-106.84118,40.489326],[-106.841179,40.489327],[-106.841178,40.489327],[-106.841177,40.489327],[-106.841176,40.489327],[-106.841176,40.489327],[-106.841175,40.489327],[-106.841174,40.489327],[-106.841173,40.489327],[-106.841172,40.489327],[-106.841171,40.489326],[-106.841171,40.489326],[-106.84117,40.489326],[-106.841169,40.489325],[-106.841169,40.489325],[-106.841168,40.489324],[-106.841168,40.489324],[-106.841167,40.489323],[-106.841167,40.489322],[-106.841167,40.489322],[-106.841167,40.489321],[-106.841167,40.48932]]]}},{"id":"142","type":"Feature","properties":{"natural":null,"barrier":null,"highway":null,"amenity":"bicycle_parking","tourism":null,"base_elevation":83,"height":null,"material":null,"direction":null,"artwork_type":null,"name":null},"geometry":{"type":"Polygon","coordinates":[[[-106.839389,40.487854],[-106.839389,40.487853],[-106.839389,40.487852],[-106.839389,40.487852],[-106.839389,40.487851],[-106.83939,40.48785],[-106.83939,40.48785],[-106.839391,40.487849],[-106.839391,40.487849],[-106.839392,40.487848],[-106.839393,40.487848],[-106.839393,40.487848],[-106.839394,40.487847],[-106.839395,40.487847],[-106.839396,40.487847],[-106.839397,40.487847],[-106.839397,40.487847],[-106.839398,40.487847],[-106.839399,40.487847],[-106.8394,40.487847],[-106.839401,40.487847],[-106.839402,40.487848],[-106.839402,40.487848],[-106.839403,40.487848],[-106.839404,40.487849],[-106.839404,40.487849],[-106.839405,40.48785],[-106.839405,40.48785],[-106.839406,40.487851],[-106.839406,40.487852],[-106.839406,40.487852],[-106.839406,40.487853],[-106.839406,40.487854],[-106.839406,40.487854],[-106.839406,40.487855],[-106.839406,40.487856],[-106.839406,40.487856],[-106.839405,40.487857],[-106.839405,40.487857],[-106.839404,40.487858],[-106.839404,40.487858],[-106.839403,40.487859],[-106.839402,40.487859],[-106.839402,40.48786],[-106.839401,40.48786],[-106.8394,40.48786],[-106.839399,40.48786],[-106.839398,40.48786],[-106.839397,40.48786],[-106.839397,40.48786],[-106.839396,40.48786],[-106.839395,40.48786],[-106.839394,40.48786],[-106.839393,40.48786],[-106.839393,40.487859],[-106.839392,40.487859],[-106.839391,40.487858],[-106.839391,40.487858],[-106.83939,40.487857],[-106.83939,40.487857],[-106.839389,40.487856],[-106.839389,40.487856],[-106.839389,40.487855],[-106.839389,40.487854],[-106.839389,40.487854]]]}},{"id":"143","type":"Feature","properties":{"natural":null,"barrier":null,"highway":null,"amenity":"bicycle_parking","tourism":null,"base_elevation":129,"height":null,"material":null,"direction":null,"artwork_type":null,"name":null},"geometry":{"type":"Polygon","coordinates":[[[-106.851545,40.485216],[-106.851545,40.485216],[-106.851546,40.485215],[-106.851546,40.485214],[-106.851546,40.485214],[-106.851546,40.485213],[-106.851547,40.485213],[-106.851547,40.485212],[-106.851548,40.485212],[-106.851549,40.485211],[-106.851549,40.485211],[-106.85155,40.48521],[-106.851551,40.48521],[-106.851552,40.48521],[-106.851553,40.48521],[-106.851554,40.48521],[-106.851554,40.48521],[-106.851555,40.48521],[-106.851556,40.48521],[-106.851557,40.48521],[-106.851558,40.48521],[-106.851559,40.48521],[-106.851559,40.485211],[-106.85156,40.485211],[-106.851561,40.485212],[-106.851561,40.485212],[-106.851562,40.485213],[-106.851562,40.485213],[-106.851563,40.485214],[-106.851563,40.485214],[-106.851563,40.485215],[-106.851563,40.485216],[-106.851563,40.485216],[-106.851563,40.485217],[-106.851563,40.485218],[-106.851563,40.485218],[-106.851563,40.485219],[-106.851562,40.48522],[-106.851562,40.48522],[-106.851561,40.485221],[-106.851561,40.485221],[-106.85156,40.485222],[-106.851559,40.485222],[-106.851559,40.485222],[-106.851558,40.485223],[-106.851557,40.485223],[-106.851556,40.485223],[-106.851555,40.485223],[-106.851554,40.485223],[-106.851554,40.485223],[-106.851553,40.485223],[-106.851552,40.485223],[-106.851551,40.485223],[-106.85155,40.485222],[-106.851549,40.485222],[-106.851549,40.485222],[-106.851548,40.485221],[-106.851547,40.485221],[-106.851547,40.48522],[-106.851546,40.48522],[-106.851546,40.485219],[-106.851546,40.485218],[-106.851546,40.485218],[-106.851545,40.485217],[-106.851545,40.485216]]]}},{"id":"144","type":"Feature","properties":{"natural":null,"barrier":null,"highway":"crossing","amenity":null,"tourism":null,"base_elevation":115,"height":null,"material":null,"direction":null,"artwork_type":null,"name":null},"geometry":{"type":"Polygon","coordinates":[[[-106.820254,40.462453],[-106.820254,40.462452],[-106.820255,40.462451],[-106.820255,40.462451],[-106.820255,40.46245],[-106.820255,40.462449],[-106.820256,40.462449],[-106.820256,40.462448],[-106.820257,40.462448],[-106.820258,40.462447],[-106.820258,40.462447],[-106.820259,40.462447],[-106.82026,40.462446],[-106.820261,40.462446],[-106.820262,40.462446],[-106.820263,40.462446],[-106.820263,40.462446],[-106.820264,40.462446],[-106.820265,40.462446],[-106.820266,40.462446],[-106.820267,40.462446],[-106.820268,40.462447],[-106.820268,40.462447],[-106.820269,40.462447],[-106.82027,40.462448],[-106.82027,40.462448],[-106.820271,40.462449],[-106.820271,40.462449],[-106.820272,40.46245],[-106.820272,40.462451],[-106.820272,40.462451],[-106.820272,40.462452],[-106.820272,40.462453],[-106.820272,40.462453],[-106.820272,40.462454],[-106.820272,40.462455],[-106.820272,40.462455],[-106.820271,40.462456],[-106.820271,40.462456],[-106.82027,40.462457],[-106.82027,40.462458],[-106.820269,40.462458],[-106.820268,40.462458],[-106.820268,40.462459],[-106.820267,40.462459],[-106.820266,40.462459],[-106.820265,40.462459],[-106.820264,40.46246],[-106.820263,40.46246],[-106.820263,40.46246],[-106.820262,40.462459],[-106.820261,40.462459],[-106.82026,40.462459],[-106.820259,40.462459],[-106.820258,40.462458],[-106.820258,40.462458],[-106.820257,40.462458],[-106.820256,40.462457],[-106.820256,40.462456],[-106.820255,40.462456],[-106.820255,40.462455],[-106.820255,40.462455],[-106.820255,40.462454],[-106.820254,40.462453],[-106.820254,40.462453]]]}},{"id":"145","type":"Feature","properties":{"natural":null,"barrier":null,"highway":"crossing","amenity":null,"tourism":null,"base_elevation":115,"height":null,"material":null,"direction":null,"artwork_type":null,"name":null},"geometry":{"type":"Polygon","coordinates":[[[-106.820227,40.46241],[-106.820227,40.46241],[-106.820227,40.462409],[-106.820228,40.462408],[-106.820228,40.462408],[-106.820228,40.462407],[-106.820229,40.462406],[-106.820229,40.462406],[-106.82023,40.462405],[-106.82023,40.462405],[-106.820231,40.462405],[-106.820232,40.462404],[-106.820233,40.462404],[-106.820233,40.462404],[-106.820234,40.462403],[-106.820235,40.462403],[-106.820236,40.462403],[-106.820237,40.462403],[-106.820238,40.462403],[-106.820239,40.462404],[-106.82024,40.462404],[-106.82024,40.462404],[-106.820241,40.462405],[-106.820242,40.462405],[-106.820242,40.462405],[-106.820243,40.462406],[-106.820244,40.462406],[-106.820244,40.462407],[-106.820244,40.462408],[-106.820245,40.462408],[-106.820245,40.462409],[-106.820245,40.46241],[-106.820245,40.46241],[-106.820245,40.462411],[-106.820245,40.462412],[-106.820245,40.462412],[-106.820244,40.462413],[-106.820244,40.462413],[-106.820244,40.462414],[-106.820243,40.462415],[-106.820242,40.462415],[-106.820242,40.462415],[-106.820241,40.462416],[-106.82024,40.462416],[-106.82024,40.462417],[-106.820239,40.462417],[-106.820238,40.462417],[-106.820237,40.462417],[-106.820236,40.462417],[-106.820235,40.462417],[-106.820234,40.462417],[-106.820233,40.462417],[-106.820233,40.462417],[-106.820232,40.462416],[-106.820231,40.462416],[-106.82023,40.462415],[-106.82023,40.462415],[-106.820229,40.462415],[-106.820229,40.462414],[-106.820228,40.462413],[-106.820228,40.462413],[-106.820228,40.462412],[-106.820227,40.462412],[-106.820227,40.462411],[-106.820227,40.46241]]]}},{"id":"146","type":"Feature","properties":{"natural":null,"barrier":null,"highway":"crossing","amenity":null,"tourism":null,"base_elevation":114,"height":null,"material":null,"direction":null,"artwork_type":null,"name":null},"geometry":{"type":"Polygon","coordinates":[[[-106.820072,40.462372],[-106.820072,40.462372],[-106.820072,40.462371],[-106.820072,40.46237],[-106.820072,40.46237],[-106.820073,40.462369],[-106.820073,40.462368],[-106.820074,40.462368],[-106.820074,40.462367],[-106.820075,40.462367],[-106.820076,40.462367],[-106.820076,40.462366],[-106.820077,40.462366],[-106.820078,40.462366],[-106.820079,40.462365],[-106.82008,40.462365],[-106.820081,40.462365],[-106.820081,40.462365],[-106.820082,40.462365],[-106.820083,40.462366],[-106.820084,40.462366],[-106.820085,40.462366],[-106.820086,40.462367],[-106.820086,40.462367],[-106.820087,40.462367],[-106.820088,40.462368],[-106.820088,40.462368],[-106.820089,40.462369],[-106.820089,40.46237],[-106.820089,40.46237],[-106.820089,40.462371],[-106.82009,40.462372],[-106.82009,40.462372],[-106.82009,40.462373],[-106.820089,40.462374],[-106.820089,40.462374],[-106.820089,40.462375],[-106.820089,40.462375],[-106.820088,40.462376],[-106.820088,40.462377],[-106.820087,40.462377],[-106.820086,40.462377],[-106.820086,40.462378],[-106.820085,40.462378],[-106.820084,40.462379],[-106.820083,40.462379],[-106.820082,40.462379],[-106.820081,40.462379],[-106.820081,40.462379],[-106.82008,40.462379],[-106.820079,40.462379],[-106.820078,40.462379],[-106.820077,40.462379],[-106.820076,40.462378],[-106.820076,40.462378],[-106.820075,40.462377],[-106.820074,40.462377],[-106.820074,40.462377],[-106.820073,40.462376],[-106.820073,40.462375],[-106.820072,40.462375],[-106.820072,40.462374],[-106.820072,40.462374],[-106.820072,40.462373],[-106.820072,40.462372]]]}},{"id":"147","type":"Feature","properties":{"natural":null,"barrier":null,"highway":"crossing","amenity":null,"tourism":null,"base_elevation":116,"height":null,"material":null,"direction":null,"artwork_type":null,"name":null},"geometry":{"type":"Polygon","coordinates":[[[-106.820002,40.462532],[-106.820002,40.462531],[-106.820002,40.46253],[-106.820002,40.46253],[-106.820002,40.462529],[-106.820003,40.462528],[-106.820003,40.462528],[-106.820004,40.462527],[-106.820004,40.462527],[-106.820005,40.462526],[-106.820006,40.462526],[-106.820006,40.462526],[-106.820007,40.462525],[-106.820008,40.462525],[-106.820009,40.462525],[-106.82001,40.462525],[-106.820011,40.462525],[-106.820011,40.462525],[-106.820012,40.462525],[-106.820013,40.462525],[-106.820014,40.462525],[-106.820015,40.462526],[-106.820016,40.462526],[-106.820016,40.462526],[-106.820017,40.462527],[-106.820018,40.462527],[-106.820018,40.462528],[-106.820019,40.462528],[-106.820019,40.462529],[-106.820019,40.46253],[-106.820019,40.46253],[-106.82002,40.462531],[-106.82002,40.462532],[-106.82002,40.462532],[-106.820019,40.462533],[-106.820019,40.462534],[-106.820019,40.462534],[-106.820019,40.462535],[-106.820018,40.462535],[-106.820018,40.462536],[-106.820017,40.462537],[-106.820016,40.462537],[-106.820016,40.462537],[-106.820015,40.462538],[-106.820014,40.462538],[-106.820013,40.462538],[-106.820012,40.462538],[-106.820011,40.462539],[-106.820011,40.462539],[-106.82001,40.462539],[-106.820009,40.462538],[-106.820008,40.462538],[-106.820007,40.462538],[-106.820006,40.462538],[-106.820006,40.462537],[-106.820005,40.462537],[-106.820004,40.462537],[-106.820004,40.462536],[-106.820003,40.462535],[-106.820003,40.462535],[-106.820002,40.462534],[-106.820002,40.462534],[-106.820002,40.462533],[-106.820002,40.462532],[-106.820002,40.462532]]]}},{"id":"148","type":"Feature","properties":{"natural":null,"barrier":null,"highway":"crossing","amenity":null,"tourism":null,"base_elevation":115,"height":null,"material":null,"direction":null,"artwork_type":null,"name":null},"geometry":{"type":"Polygon","coordinates":[[[-106.820195,40.46256],[-106.820195,40.462559],[-106.820195,40.462558],[-106.820196,40.462558],[-106.820196,40.462557],[-106.820196,40.462557],[-106.820197,40.462556],[-106.820197,40.462555],[-106.820198,40.462555],[-106.820198,40.462555],[-106.820199,40.462554],[-106.8202,40.462554],[-106.820201,40.462553],[-106.820201,40.462553],[-106.820202,40.462553],[-106.820203,40.462553],[-106.820204,40.462553],[-106.820205,40.462553],[-106.820206,40.462553],[-106.820207,40.462553],[-106.820208,40.462553],[-106.820208,40.462554],[-106.820209,40.462554],[-106.82021,40.462555],[-106.82021,40.462555],[-106.820211,40.462555],[-106.820212,40.462556],[-106.820212,40.462557],[-106.820212,40.462557],[-106.820213,40.462558],[-106.820213,40.462558],[-106.820213,40.462559],[-106.820213,40.46256],[-106.820213,40.46256],[-106.820213,40.462561],[-106.820213,40.462562],[-106.820212,40.462562],[-106.820212,40.462563],[-106.820212,40.462564],[-106.820211,40.462564],[-106.82021,40.462565],[-106.82021,40.462565],[-106.820209,40.462565],[-106.820208,40.462566],[-106.820208,40.462566],[-106.820207,40.462566],[-106.820206,40.462567],[-106.820205,40.462567],[-106.820204,40.462567],[-106.820203,40.462567],[-106.820202,40.462567],[-106.820201,40.462566],[-106.820201,40.462566],[-106.8202,40.462566],[-106.820199,40.462565],[-106.820198,40.462565],[-106.820198,40.462565],[-106.820197,40.462564],[-106.820197,40.462564],[-106.820196,40.462563],[-106.820196,40.462562],[-106.820196,40.462562],[-106.820195,40.462561],[-106.820195,40.46256],[-106.820195,40.46256]]]}},{"id":"149","type":"Feature","properties":{"natural":null,"barrier":null,"highway":null,"amenity":"drinking_water","tourism":null,"base_elevation":88,"height":null,"material":null,"direction":null,"artwork_type":null,"name":null},"geometry":{"type":"Polygon","coordinates":[[[-106.839042,40.485551],[-106.839042,40.485551],[-106.839042,40.48555],[-106.839042,40.48555],[-106.839043,40.485549],[-106.839043,40.485548],[-106.839044,40.485548],[-106.839044,40.485547],[-106.839045,40.485547],[-106.839045,40.485546],[-106.839046,40.485546],[-106.839047,40.485545],[-106.839048,40.485545],[-106.839048,40.485545],[-106.839049,40.485545],[-106.83905,40.485545],[-106.839051,40.485545],[-106.839052,40.485545],[-106.839053,40.485545],[-106.839054,40.485545],[-106.839054,40.485545],[-106.839055,40.485545],[-106.839056,40.485546],[-106.839057,40.485546],[-106.839057,40.485547],[-106.839058,40.485547],[-106.839058,40.485548],[-106.839059,40.485548],[-106.839059,40.485549],[-106.83906,40.48555],[-106.83906,40.48555],[-106.83906,40.485551],[-106.83906,40.485551],[-106.83906,40.485552],[-106.83906,40.485553],[-106.83906,40.485553],[-106.839059,40.485554],[-106.839059,40.485555],[-106.839058,40.485555],[-106.839058,40.485556],[-106.839057,40.485556],[-106.839057,40.485557],[-106.839056,40.485557],[-106.839055,40.485558],[-106.839054,40.485558],[-106.839054,40.485558],[-106.839053,40.485558],[-106.839052,40.485558],[-106.839051,40.485558],[-106.83905,40.485558],[-106.839049,40.485558],[-106.839048,40.485558],[-106.839048,40.485558],[-106.839047,40.485558],[-106.839046,40.485557],[-106.839045,40.485557],[-106.839045,40.485556],[-106.839044,40.485556],[-106.839044,40.485555],[-106.839043,40.485555],[-106.839043,40.485554],[-106.839042,40.485553],[-106.839042,40.485553],[-106.839042,40.485552],[-106.839042,40.485551]]]}},{"id":"150","type":"Feature","properties":{"natural":null,"barrier":null,"highway":null,"amenity":"waste_basket","tourism":null,"base_elevation":88,"height":null,"material":null,"direction":null,"artwork_type":null,"name":null},"geometry":{"type":"Polygon","coordinates":[[[-106.839089,40.485853],[-106.839089,40.485852],[-106.839089,40.485852],[-106.83909,40.485851],[-106.83909,40.48585],[-106.83909,40.48585],[-106.839091,40.485849],[-106.839091,40.485849],[-106.839092,40.485848],[-106.839092,40.485848],[-106.839093,40.485847],[-106.839094,40.485847],[-106.839095,40.485847],[-106.839095,40.485846],[-106.839096,40.485846],[-106.839097,40.485846],[-106.839098,40.485846],[-106.839099,40.485846],[-106.8391,40.485846],[-106.839101,40.485846],[-106.839102,40.485847],[-106.839102,40.485847],[-106.839103,40.485847],[-106.839104,40.485848],[-106.839104,40.485848],[-106.839105,40.485849],[-106.839106,40.485849],[-106.839106,40.48585],[-106.839106,40.48585],[-106.839107,40.485851],[-106.839107,40.485852],[-106.839107,40.485852],[-106.839107,40.485853],[-106.839107,40.485854],[-106.839107,40.485854],[-106.839107,40.485855],[-106.839106,40.485856],[-106.839106,40.485856],[-106.839106,40.485857],[-106.839105,40.485857],[-106.839104,40.485858],[-106.839104,40.485858],[-106.839103,40.485859],[-106.839102,40.485859],[-106.839102,40.485859],[-106.839101,40.48586],[-106.8391,40.48586],[-106.839099,40.48586],[-106.839098,40.48586],[-106.839097,40.48586],[-106.839096,40.48586],[-106.839095,40.48586],[-106.839095,40.485859],[-106.839094,40.485859],[-106.839093,40.485859],[-106.839092,40.485858],[-106.839092,40.485858],[-106.839091,40.485857],[-106.839091,40.485857],[-106.83909,40.485856],[-106.83909,40.485856],[-106.83909,40.485855],[-106.839089,40.485854],[-106.839089,40.485854],[-106.839089,40.485853]]]}},{"id":"151","type":"Feature","properties":{"natural":null,"barrier":null,"highway":null,"amenity":"waste_basket","tourism":null,"base_elevation":87,"height":null,"material":null,"direction":null,"artwork_type":null,"name":null},"geometry":{"type":"Polygon","coordinates":[[[-106.839206,40.486182],[-106.839206,40.486182],[-106.839206,40.486181],[-106.839206,40.48618],[-106.839206,40.48618],[-106.839207,40.486179],[-106.839207,40.486179],[-106.839208,40.486178],[-106.839208,40.486177],[-106.839209,40.486177],[-106.83921,40.486177],[-106.83921,40.486176],[-106.839211,40.486176],[-106.839212,40.486176],[-106.839213,40.486176],[-106.839214,40.486176],[-106.839214,40.486175],[-106.839215,40.486176],[-106.839216,40.486176],[-106.839217,40.486176],[-106.839218,40.486176],[-106.839219,40.486176],[-106.839219,40.486177],[-106.83922,40.486177],[-106.839221,40.486177],[-106.839221,40.486178],[-106.839222,40.486179],[-106.839222,40.486179],[-106.839223,40.48618],[-106.839223,40.48618],[-106.839223,40.486181],[-106.839223,40.486182],[-106.839223,40.486182],[-106.839223,40.486183],[-106.839223,40.486184],[-106.839223,40.486184],[-106.839223,40.486185],[-106.839222,40.486186],[-106.839222,40.486186],[-106.839221,40.486187],[-106.839221,40.486187],[-106.83922,40.486188],[-106.839219,40.486188],[-106.839219,40.486188],[-106.839218,40.486189],[-106.839217,40.486189],[-106.839216,40.486189],[-106.839215,40.486189],[-106.839214,40.486189],[-106.839214,40.486189],[-106.839213,40.486189],[-106.839212,40.486189],[-106.839211,40.486189],[-106.83921,40.486188],[-106.83921,40.486188],[-106.839209,40.486188],[-106.839208,40.486187],[-106.839208,40.486187],[-106.839207,40.486186],[-106.839207,40.486186],[-106.839206,40.486185],[-106.839206,40.486184],[-106.839206,40.486184],[-106.839206,40.486183],[-106.839206,40.486182]]]}},{"id":"152","type":"Feature","properties":{"natural":null,"barrier":null,"highway":null,"amenity":"waste_basket","tourism":null,"base_elevation":86,"height":null,"material":null,"direction":null,"artwork_type":null,"name":null},"geometry":{"type":"Polygon","coordinates":[[[-106.839619,40.486757],[-106.839619,40.486757],[-106.839619,40.486756],[-106.839619,40.486755],[-106.839619,40.486755],[-106.83962,40.486754],[-106.83962,40.486754],[-106.839621,40.486753],[-106.839621,40.486752],[-106.839622,40.486752],[-106.839623,40.486752],[-106.839623,40.486751],[-106.839624,40.486751],[-106.839625,40.486751],[-106.839626,40.486751],[-106.839627,40.486751],[-106.839628,40.48675],[-106.839628,40.486751],[-106.839629,40.486751],[-106.83963,40.486751],[-106.839631,40.486751],[-106.839632,40.486751],[-106.839633,40.486752],[-106.839633,40.486752],[-106.839634,40.486752],[-106.839635,40.486753],[-106.839635,40.486754],[-106.839636,40.486754],[-106.839636,40.486755],[-106.839636,40.486755],[-106.839636,40.486756],[-106.839637,40.486757],[-106.839637,40.486757],[-106.839637,40.486758],[-106.839636,40.486759],[-106.839636,40.486759],[-106.839636,40.48676],[-106.839636,40.486761],[-106.839635,40.486761],[-106.839635,40.486762],[-106.839634,40.486762],[-106.839633,40.486763],[-106.839633,40.486763],[-106.839632,40.486763],[-106.839631,40.486764],[-106.83963,40.486764],[-106.839629,40.486764],[-106.839628,40.486764],[-106.839628,40.486764],[-106.839627,40.486764],[-106.839626,40.486764],[-106.839625,40.486764],[-106.839624,40.486764],[-106.839623,40.486763],[-106.839623,40.486763],[-106.839622,40.486763],[-106.839621,40.486762],[-106.839621,40.486762],[-106.83962,40.486761],[-106.83962,40.486761],[-106.839619,40.48676],[-106.839619,40.486759],[-106.839619,40.486759],[-106.839619,40.486758],[-106.839619,40.486757]]]}},{"id":"153","type":"Feature","properties":{"natural":null,"barrier":null,"highway":null,"amenity":"waste_basket","tourism":null,"base_elevation":85,"height":null,"material":null,"direction":null,"artwork_type":null,"name":null},"geometry":{"type":"Polygon","coordinates":[[[-106.837595,40.485179],[-106.837595,40.485178],[-106.837596,40.485178],[-106.837596,40.485177],[-106.837596,40.485176],[-106.837596,40.485176],[-106.837597,40.485175],[-106.837597,40.485175],[-106.837598,40.485174],[-106.837599,40.485174],[-106.837599,40.485173],[-106.8376,40.485173],[-106.837601,40.485173],[-106.837602,40.485173],[-106.837603,40.485172],[-106.837604,40.485172],[-106.837604,40.485172],[-106.837605,40.485172],[-106.837606,40.485172],[-106.837607,40.485173],[-106.837608,40.485173],[-106.837609,40.485173],[-106.837609,40.485173],[-106.83761,40.485174],[-106.837611,40.485174],[-106.837611,40.485175],[-106.837612,40.485175],[-106.837612,40.485176],[-106.837613,40.485176],[-106.837613,40.485177],[-106.837613,40.485178],[-106.837613,40.485178],[-106.837613,40.485179],[-106.837613,40.48518],[-106.837613,40.48518],[-106.837613,40.485181],[-106.837613,40.485182],[-106.837612,40.485182],[-106.837612,40.485183],[-106.837611,40.485183],[-106.837611,40.485184],[-106.83761,40.485184],[-106.837609,40.485185],[-106.837609,40.485185],[-106.837608,40.485185],[-106.837607,40.485186],[-106.837606,40.485186],[-106.837605,40.485186],[-106.837604,40.485186],[-106.837604,40.485186],[-106.837603,40.485186],[-106.837602,40.485186],[-106.837601,40.485185],[-106.8376,40.485185],[-106.837599,40.485185],[-106.837599,40.485184],[-106.837598,40.485184],[-106.837597,40.485183],[-106.837597,40.485183],[-106.837596,40.485182],[-106.837596,40.485182],[-106.837596,40.485181],[-106.837596,40.48518],[-106.837595,40.48518],[-106.837595,40.485179]]]}},{"id":"154","type":"Feature","properties":{"natural":null,"barrier":null,"highway":null,"amenity":null,"tourism":"artwork","base_elevation":84,"height":null,"material":null,"direction":null,"artwork_type":"sculpture","name":null},"geometry":{"type":"Polygon","coordinates":[[[-106.841723,40.489648],[-106.841723,40.489648],[-106.841723,40.489647],[-106.841723,40.489646],[-106.841723,40.489646],[-106.841724,40.489645],[-106.841724,40.489644],[-106.841725,40.489644],[-106.841725,40.489643],[-106.841726,40.489643],[-106.841727,40.489643],[-106.841727,40.489642],[-106.841728,40.489642],[-106.841729,40.489642],[-106.84173,40.489641],[-106.841731,40.489641],[-106.841732,40.489641],[-106.841733,40.489641],[-106.841733,40.489641],[-106.841734,40.489642],[-106.841735,40.489642],[-106.841736,40.489642],[-106.841737,40.489643],[-106.841737,40.489643],[-106.841738,40.489643],[-106.841739,40.489644],[-106.841739,40.489644],[-106.84174,40.489645],[-106.84174,40.489646],[-106.84174,40.489646],[-106.841741,40.489647],[-106.841741,40.489648],[-106.841741,40.489648],[-106.841741,40.489649],[-106.841741,40.48965],[-106.84174,40.48965],[-106.84174,40.489651],[-106.84174,40.489651],[-106.841739,40.489652],[-106.841739,40.489653],[-106.841738,40.489653],[-106.841737,40.489653],[-106.841737,40.489654],[-106.841736,40.489654],[-106.841735,40.489655],[-106.841734,40.489655],[-106.841733,40.489655],[-106.841733,40.489655],[-106.841732,40.489655],[-106.841731,40.489655],[-106.84173,40.489655],[-106.841729,40.489655],[-106.841728,40.489655],[-106.841727,40.489654],[-106.841727,40.489654],[-106.841726,40.489653],[-106.841725,40.489653],[-106.841725,40.489653],[-106.841724,40.489652],[-106.841724,40.489651],[-106.841723,40.489651],[-106.841723,40.48965],[-106.841723,40.48965],[-106.841723,40.489649],[-106.841723,40.489648]]]}},{"id":"155","type":"Feature","properties":{"natural":null,"barrier":null,"highway":null,"amenity":"waste_basket","tourism":null,"base_elevation":84,"height":null,"material":null,"direction":null,"artwork_type":null,"name":null},"geometry":{"type":"Polygon","coordinates":[[[-106.841769,40.489621],[-106.841769,40.48962],[-106.841769,40.48962],[-106.841769,40.489619],[-106.841769,40.489618],[-106.84177,40.489618],[-106.84177,40.489617],[-106.841771,40.489617],[-106.841771,40.489616],[-106.841772,40.489616],[-106.841773,40.489615],[-106.841773,40.489615],[-106.841774,40.489615],[-106.841775,40.489614],[-106.841776,40.489614],[-106.841777,40.489614],[-106.841778,40.489614],[-106.841778,40.489614],[-106.841779,40.489614],[-106.84178,40.489614],[-106.841781,40.489615],[-106.841782,40.489615],[-106.841783,40.489615],[-106.841783,40.489616],[-106.841784,40.489616],[-106.841785,40.489617],[-106.841785,40.489617],[-106.841786,40.489618],[-106.841786,40.489618],[-106.841786,40.489619],[-106.841786,40.48962],[-106.841787,40.48962],[-106.841787,40.489621],[-106.841787,40.489622],[-106.841786,40.489622],[-106.841786,40.489623],[-106.841786,40.489624],[-106.841786,40.489624],[-106.841785,40.489625],[-106.841785,40.489625],[-106.841784,40.489626],[-106.841783,40.489626],[-106.841783,40.489627],[-106.841782,40.489627],[-106.841781,40.489627],[-106.84178,40.489627],[-106.841779,40.489628],[-106.841778,40.489628],[-106.841778,40.489628],[-106.841777,40.489628],[-106.841776,40.489628],[-106.841775,40.489627],[-106.841774,40.489627],[-106.841773,40.489627],[-106.841773,40.489627],[-106.841772,40.489626],[-106.841771,40.489626],[-106.841771,40.489625],[-106.84177,40.489625],[-106.84177,40.489624],[-106.841769,40.489624],[-106.841769,40.489623],[-106.841769,40.489622],[-106.841769,40.489622],[-106.841769,40.489621]]]}},{"id":"156","type":"Feature","properties":{"natural":null,"barrier":null,"highway":null,"amenity":"waste_basket","tourism":null,"base_elevation":111,"height":null,"material":null,"direction":null,"artwork_type":null,"name":null},"geometry":{"type":"Polygon","coordinates":[[[-106.81462,40.454828],[-106.81462,40.454827],[-106.81462,40.454827],[-106.814621,40.454826],[-106.814621,40.454825],[-106.814621,40.454825],[-106.814622,40.454824],[-106.814622,40.454824],[-106.814623,40.454823],[-106.814624,40.454823],[-106.814624,40.454822],[-106.814625,40.454822],[-106.814626,40.454822],[-106.814627,40.454821],[-106.814628,40.454821],[-106.814628,40.454821],[-106.814629,40.454821],[-106.81463,40.454821],[-106.814631,40.454821],[-106.814632,40.454821],[-106.814633,40.454822],[-106.814634,40.454822],[-106.814634,40.454822],[-106.814635,40.454823],[-106.814636,40.454823],[-106.814636,40.454824],[-106.814637,40.454824],[-106.814637,40.454825],[-106.814638,40.454825],[-106.814638,40.454826],[-106.814638,40.454827],[-106.814638,40.454827],[-106.814638,40.454828],[-106.814638,40.454829],[-106.814638,40.454829],[-106.814638,40.45483],[-106.814638,40.454831],[-106.814637,40.454831],[-106.814637,40.454832],[-106.814636,40.454832],[-106.814636,40.454833],[-106.814635,40.454833],[-106.814634,40.454834],[-106.814634,40.454834],[-106.814633,40.454834],[-106.814632,40.454835],[-106.814631,40.454835],[-106.81463,40.454835],[-106.814629,40.454835],[-106.814628,40.454835],[-106.814628,40.454835],[-106.814627,40.454835],[-106.814626,40.454834],[-106.814625,40.454834],[-106.814624,40.454834],[-106.814624,40.454833],[-106.814623,40.454833],[-106.814622,40.454832],[-106.814622,40.454832],[-106.814621,40.454831],[-106.814621,40.454831],[-106.814621,40.45483],[-106.81462,40.454829],[-106.81462,40.454829],[-106.81462,40.454828]]]}},{"id":"157","type":"Feature","properties":{"natural":null,"barrier":null,"highway":"crossing","amenity":null,"tourism":null,"base_elevation":127,"height":null,"material":null,"direction":null,"artwork_type":null,"name":null},"geometry":{"type":"Polygon","coordinates":[[[-106.814409,40.462537],[-106.814409,40.462537],[-106.814409,40.462536],[-106.814409,40.462535],[-106.81441,40.462535],[-106.81441,40.462534],[-106.81441,40.462534],[-106.814411,40.462533],[-106.814411,40.462532],[-106.814412,40.462532],[-106.814413,40.462532],[-106.814414,40.462531],[-106.814414,40.462531],[-106.814415,40.462531],[-106.814416,40.462531],[-106.814417,40.46253],[-106.814418,40.46253],[-106.814419,40.46253],[-106.81442,40.462531],[-106.81442,40.462531],[-106.814421,40.462531],[-106.814422,40.462531],[-106.814423,40.462532],[-106.814423,40.462532],[-106.814424,40.462532],[-106.814425,40.462533],[-106.814425,40.462534],[-106.814426,40.462534],[-106.814426,40.462535],[-106.814426,40.462535],[-106.814427,40.462536],[-106.814427,40.462537],[-106.814427,40.462537],[-106.814427,40.462538],[-106.814427,40.462539],[-106.814426,40.462539],[-106.814426,40.46254],[-106.814426,40.462541],[-106.814425,40.462541],[-106.814425,40.462542],[-106.814424,40.462542],[-106.814423,40.462543],[-106.814423,40.462543],[-106.814422,40.462543],[-106.814421,40.462544],[-106.81442,40.462544],[-106.81442,40.462544],[-106.814419,40.462544],[-106.814418,40.462544],[-106.814417,40.462544],[-106.814416,40.462544],[-106.814415,40.462544],[-106.814414,40.462544],[-106.814414,40.462543],[-106.814413,40.462543],[-106.814412,40.462543],[-106.814411,40.462542],[-106.814411,40.462542],[-106.81441,40.462541],[-106.81441,40.462541],[-106.81441,40.46254],[-106.814409,40.462539],[-106.814409,40.462539],[-106.814409,40.462538],[-106.814409,40.462537]]]}},{"id":"158","type":"Feature","properties":{"natural":null,"barrier":null,"highway":"crossing","amenity":null,"tourism":null,"base_elevation":94,"height":null,"material":null,"direction":null,"artwork_type":null,"name":null},"geometry":{"type":"Polygon","coordinates":[[[-106.831492,40.484138],[-106.831492,40.484138],[-106.831492,40.484137],[-106.831492,40.484136],[-106.831493,40.484136],[-106.831493,40.484135],[-106.831494,40.484134],[-106.831494,40.484134],[-106.831495,40.484133],[-106.831495,40.484133],[-106.831496,40.484133],[-106.831497,40.484132],[-106.831498,40.484132],[-106.831498,40.484132],[-106.831499,40.484131],[-106.8315,40.484131],[-106.831501,40.484131],[-106.831502,40.484131],[-106.831503,40.484131],[-106.831504,40.484132],[-106.831504,40.484132],[-106.831505,40.484132],[-106.831506,40.484133],[-106.831507,40.484133],[-106.831507,40.484133],[-106.831508,40.484134],[-106.831508,40.484134],[-106.831509,40.484135],[-106.831509,40.484136],[-106.83151,40.484136],[-106.83151,40.484137],[-106.83151,40.484138],[-106.83151,40.484138],[-106.83151,40.484139],[-106.83151,40.48414],[-106.83151,40.48414],[-106.831509,40.484141],[-106.831509,40.484141],[-106.831508,40.484142],[-106.831508,40.484143],[-106.831507,40.484143],[-106.831507,40.484143],[-106.831506,40.484144],[-106.831505,40.484144],[-106.831504,40.484145],[-106.831504,40.484145],[-106.831503,40.484145],[-106.831502,40.484145],[-106.831501,40.484145],[-106.8315,40.484145],[-106.831499,40.484145],[-106.831498,40.484145],[-106.831498,40.484145],[-106.831497,40.484144],[-106.831496,40.484144],[-106.831495,40.484143],[-106.831495,40.484143],[-106.831494,40.484143],[-106.831494,40.484142],[-106.831493,40.484141],[-106.831493,40.484141],[-106.831492,40.48414],[-106.831492,40.48414],[-106.831492,40.484139],[-106.831492,40.484138]]]}},{"id":"159","type":"Feature","properties":{"natural":null,"barrier":null,"highway":"crossing","amenity":null,"tourism":null,"base_elevation":96,"height":null,"material":null,"direction":null,"artwork_type":null,"name":null},"geometry":{"type":"Polygon","coordinates":[[[-106.82912,40.482873],[-106.82912,40.482872],[-106.829121,40.482871],[-106.829121,40.482871],[-106.829121,40.48287],[-106.829121,40.482869],[-106.829122,40.482869],[-106.829122,40.482868],[-106.829123,40.482868],[-106.829124,40.482867],[-106.829124,40.482867],[-106.829125,40.482867],[-106.829126,40.482866],[-106.829127,40.482866],[-106.829128,40.482866],[-106.829129,40.482866],[-106.829129,40.482866],[-106.82913,40.482866],[-106.829131,40.482866],[-106.829132,40.482866],[-106.829133,40.482866],[-106.829134,40.482867],[-106.829134,40.482867],[-106.829135,40.482867],[-106.829136,40.482868],[-106.829136,40.482868],[-106.829137,40.482869],[-106.829137,40.482869],[-106.829138,40.48287],[-106.829138,40.482871],[-106.829138,40.482871],[-106.829138,40.482872],[-106.829138,40.482873],[-106.829138,40.482873],[-106.829138,40.482874],[-106.829138,40.482875],[-106.829138,40.482875],[-106.829137,40.482876],[-106.829137,40.482876],[-106.829136,40.482877],[-106.829136,40.482878],[-106.829135,40.482878],[-106.829134,40.482878],[-106.829134,40.482879],[-106.829133,40.482879],[-106.829132,40.482879],[-106.829131,40.482879],[-106.82913,40.482879],[-106.829129,40.48288],[-106.829129,40.482879],[-106.829128,40.482879],[-106.829127,40.482879],[-106.829126,40.482879],[-106.829125,40.482879],[-106.829124,40.482878],[-106.829124,40.482878],[-106.829123,40.482878],[-106.829122,40.482877],[-106.829122,40.482876],[-106.829121,40.482876],[-106.829121,40.482875],[-106.829121,40.482875],[-106.829121,40.482874],[-106.82912,40.482873],[-106.82912,40.482873]]]}},{"id":"160","type":"Feature","properties":{"natural":null,"barrier":null,"highway":"crossing","amenity":null,"tourism":null,"base_elevation":94,"height":null,"material":null,"direction":null,"artwork_type":null,"name":null},"geometry":{"type":"Polygon","coordinates":[[[-106.831299,40.484153],[-106.831299,40.484152],[-106.831299,40.484151],[-106.8313,40.484151],[-106.8313,40.48415],[-106.8313,40.484149],[-106.831301,40.484149],[-106.831301,40.484148],[-106.831302,40.484148],[-106.831303,40.484147],[-106.831303,40.484147],[-106.831304,40.484147],[-106.831305,40.484146],[-106.831306,40.484146],[-106.831307,40.484146],[-106.831307,40.484146],[-106.831308,40.484146],[-106.831309,40.484146],[-106.83131,40.484146],[-106.831311,40.484146],[-106.831312,40.484146],[-106.831313,40.484147],[-106.831313,40.484147],[-106.831314,40.484147],[-106.831315,40.484148],[-106.831315,40.484148],[-106.831316,40.484149],[-106.831316,40.484149],[-106.831317,40.48415],[-106.831317,40.484151],[-106.831317,40.484151],[-106.831317,40.484152],[-106.831317,40.484153],[-106.831317,40.484153],[-106.831317,40.484154],[-106.831317,40.484155],[-106.831317,40.484155],[-106.831316,40.484156],[-106.831316,40.484156],[-106.831315,40.484157],[-106.831315,40.484157],[-106.831314,40.484158],[-106.831313,40.484158],[-106.831313,40.484159],[-106.831312,40.484159],[-106.831311,40.484159],[-106.83131,40.484159],[-106.831309,40.484159],[-106.831308,40.484159],[-106.831307,40.484159],[-106.831307,40.484159],[-106.831306,40.484159],[-106.831305,40.484159],[-106.831304,40.484159],[-106.831303,40.484158],[-106.831303,40.484158],[-106.831302,40.484157],[-106.831301,40.484157],[-106.831301,40.484156],[-106.8313,40.484156],[-106.8313,40.484155],[-106.8313,40.484155],[-106.831299,40.484154],[-106.831299,40.484153],[-106.831299,40.484153]]]}},{"id":"161","type":"Feature","properties":{"natural":null,"barrier":null,"highway":"crossing","amenity":null,"tourism":null,"base_elevation":95,"height":null,"material":null,"direction":null,"artwork_type":null,"name":null},"geometry":{"type":"Polygon","coordinates":[[[-106.831524,40.484287],[-106.831524,40.484286],[-106.831524,40.484286],[-106.831525,40.484285],[-106.831525,40.484284],[-106.831525,40.484284],[-106.831526,40.484283],[-106.831526,40.484283],[-106.831527,40.484282],[-106.831527,40.484282],[-106.831528,40.484281],[-106.831529,40.484281],[-106.83153,40.484281],[-106.83153,40.48428],[-106.831531,40.48428],[-106.831532,40.48428],[-106.831533,40.48428],[-106.831534,40.48428],[-106.831535,40.48428],[-106.831536,40.48428],[-106.831537,40.484281],[-106.831537,40.484281],[-106.831538,40.484281],[-106.831539,40.484282],[-106.831539,40.484282],[-106.83154,40.484283],[-106.831541,40.484283],[-106.831541,40.484284],[-106.831541,40.484284],[-106.831542,40.484285],[-106.831542,40.484286],[-106.831542,40.484286],[-106.831542,40.484287],[-106.831542,40.484288],[-106.831542,40.484288],[-106.831542,40.484289],[-106.831541,40.48429],[-106.831541,40.48429],[-106.831541,40.484291],[-106.83154,40.484291],[-106.831539,40.484292],[-106.831539,40.484292],[-106.831538,40.484293],[-106.831537,40.484293],[-106.831537,40.484293],[-106.831536,40.484294],[-106.831535,40.484294],[-106.831534,40.484294],[-106.831533,40.484294],[-106.831532,40.484294],[-106.831531,40.484294],[-106.83153,40.484294],[-106.83153,40.484293],[-106.831529,40.484293],[-106.831528,40.484293],[-106.831527,40.484292],[-106.831527,40.484292],[-106.831526,40.484291],[-106.831526,40.484291],[-106.831525,40.48429],[-106.831525,40.48429],[-106.831525,40.484289],[-106.831524,40.484288],[-106.831524,40.484288],[-106.831524,40.484287]]]}},{"id":"162","type":"Feature","properties":{"natural":null,"barrier":null,"highway":"crossing","amenity":null,"tourism":null,"base_elevation":84,"height":null,"material":null,"direction":null,"artwork_type":null,"name":null},"geometry":{"type":"Polygon","coordinates":[[[-106.837966,40.487955],[-106.837966,40.487955],[-106.837966,40.487954],[-106.837967,40.487953],[-106.837967,40.487953],[-106.837967,40.487952],[-106.837968,40.487952],[-106.837968,40.487951],[-106.837969,40.48795],[-106.83797,40.48795],[-106.83797,40.48795],[-106.837971,40.487949],[-106.837972,40.487949],[-106.837973,40.487949],[-106.837974,40.487949],[-106.837974,40.487949],[-106.837975,40.487948],[-106.837976,40.487949],[-106.837977,40.487949],[-106.837978,40.487949],[-106.837979,40.487949],[-106.83798,40.487949],[-106.83798,40.48795],[-106.837981,40.48795],[-106.837982,40.48795],[-106.837982,40.487951],[-106.837983,40.487952],[-106.837983,40.487952],[-106.837984,40.487953],[-106.837984,40.487953],[-106.837984,40.487954],[-106.837984,40.487955],[-106.837984,40.487955],[-106.837984,40.487956],[-106.837984,40.487957],[-106.837984,40.487957],[-106.837984,40.487958],[-106.837983,40.487959],[-106.837983,40.487959],[-106.837982,40.48796],[-106.837982,40.48796],[-106.837981,40.487961],[-106.83798,40.487961],[-106.83798,40.487961],[-106.837979,40.487962],[-106.837978,40.487962],[-106.837977,40.487962],[-106.837976,40.487962],[-106.837975,40.487962],[-106.837974,40.487962],[-106.837974,40.487962],[-106.837973,40.487962],[-106.837972,40.487962],[-106.837971,40.487961],[-106.83797,40.487961],[-106.83797,40.487961],[-106.837969,40.48796],[-106.837968,40.48796],[-106.837968,40.487959],[-106.837967,40.487959],[-106.837967,40.487958],[-106.837967,40.487957],[-106.837966,40.487957],[-106.837966,40.487956],[-106.837966,40.487955]]]}},{"id":"163","type":"Feature","properties":{"natural":null,"barrier":null,"highway":"crossing","amenity":null,"tourism":null,"base_elevation":94,"height":null,"material":null,"direction":null,"artwork_type":null,"name":null},"geometry":{"type":"Polygon","coordinates":[[[-106.830417,40.483492],[-106.830417,40.483491],[-106.830418,40.483491],[-106.830418,40.48349],[-106.830418,40.483489],[-106.830418,40.483489],[-106.830419,40.483488],[-106.830419,40.483488],[-106.83042,40.483487],[-106.830421,40.483487],[-106.830421,40.483486],[-106.830422,40.483486],[-106.830423,40.483486],[-106.830424,40.483486],[-106.830425,40.483485],[-106.830426,40.483485],[-106.830426,40.483485],[-106.830427,40.483485],[-106.830428,40.483485],[-106.830429,40.483486],[-106.83043,40.483486],[-106.830431,40.483486],[-106.830431,40.483486],[-106.830432,40.483487],[-106.830433,40.483487],[-106.830433,40.483488],[-106.830434,40.483488],[-106.830434,40.483489],[-106.830435,40.483489],[-106.830435,40.48349],[-106.830435,40.483491],[-106.830435,40.483491],[-106.830435,40.483492],[-106.830435,40.483493],[-106.830435,40.483493],[-106.830435,40.483494],[-106.830435,40.483495],[-106.830434,40.483495],[-106.830434,40.483496],[-106.830433,40.483496],[-106.830433,40.483497],[-106.830432,40.483497],[-106.830431,40.483498],[-106.830431,40.483498],[-106.83043,40.483498],[-106.830429,40.483499],[-106.830428,40.483499],[-106.830427,40.483499],[-106.830426,40.483499],[-106.830426,40.483499],[-106.830425,40.483499],[-106.830424,40.483499],[-106.830423,40.483498],[-106.830422,40.483498],[-106.830421,40.483498],[-106.830421,40.483497],[-106.83042,40.483497],[-106.830419,40.483496],[-106.830419,40.483496],[-106.830418,40.483495],[-106.830418,40.483495],[-106.830418,40.483494],[-106.830418,40.483493],[-106.830417,40.483493],[-106.830417,40.483492]]]}},{"id":"164","type":"Feature","properties":{"natural":null,"barrier":null,"highway":"crossing","amenity":null,"tourism":null,"base_elevation":96,"height":null,"material":null,"direction":null,"artwork_type":null,"name":null},"geometry":{"type":"Polygon","coordinates":[[[-106.829324,40.482841],[-106.829324,40.482841],[-106.829324,40.48284],[-106.829325,40.482839],[-106.829325,40.482839],[-106.829325,40.482838],[-106.829326,40.482838],[-106.829326,40.482837],[-106.829327,40.482837],[-106.829327,40.482836],[-106.829328,40.482836],[-106.829329,40.482835],[-106.82933,40.482835],[-106.82933,40.482835],[-106.829331,40.482835],[-106.829332,40.482835],[-106.829333,40.482835],[-106.829334,40.482835],[-106.829335,40.482835],[-106.829336,40.482835],[-106.829337,40.482835],[-106.829337,40.482835],[-106.829338,40.482836],[-106.829339,40.482836],[-106.829339,40.482837],[-106.82934,40.482837],[-106.829341,40.482838],[-106.829341,40.482838],[-106.829341,40.482839],[-106.829342,40.482839],[-106.829342,40.48284],[-106.829342,40.482841],[-106.829342,40.482841],[-106.829342,40.482842],[-106.829342,40.482843],[-106.829342,40.482843],[-106.829341,40.482844],[-106.829341,40.482845],[-106.829341,40.482845],[-106.82934,40.482846],[-106.829339,40.482846],[-106.829339,40.482847],[-106.829338,40.482847],[-106.829337,40.482847],[-106.829337,40.482848],[-106.829336,40.482848],[-106.829335,40.482848],[-106.829334,40.482848],[-106.829333,40.482848],[-106.829332,40.482848],[-106.829331,40.482848],[-106.82933,40.482848],[-106.82933,40.482848],[-106.829329,40.482847],[-106.829328,40.482847],[-106.829327,40.482847],[-106.829327,40.482846],[-106.829326,40.482846],[-106.829326,40.482845],[-106.829325,40.482845],[-106.829325,40.482844],[-106.829325,40.482843],[-106.829324,40.482843],[-106.829324,40.482842],[-106.829324,40.482841]]]}},{"id":"165","type":"Feature","properties":{"natural":null,"barrier":null,"highway":"crossing","amenity":null,"tourism":null,"base_elevation":85,"height":null,"material":null,"direction":null,"artwork_type":null,"name":null},"geometry":{"type":"Polygon","coordinates":[[[-106.836903,40.487324],[-106.836903,40.487323],[-106.836903,40.487323],[-106.836903,40.487322],[-106.836904,40.487321],[-106.836904,40.487321],[-106.836905,40.48732],[-106.836905,40.48732],[-106.836906,40.487319],[-106.836906,40.487319],[-106.836907,40.487318],[-106.836908,40.487318],[-106.836909,40.487318],[-106.836909,40.487317],[-106.83691,40.487317],[-106.836911,40.487317],[-106.836912,40.487317],[-106.836913,40.487317],[-106.836914,40.487317],[-106.836915,40.487317],[-106.836915,40.487318],[-106.836916,40.487318],[-106.836917,40.487318],[-106.836918,40.487319],[-106.836918,40.487319],[-106.836919,40.48732],[-106.836919,40.48732],[-106.83692,40.487321],[-106.83692,40.487321],[-106.836921,40.487322],[-106.836921,40.487323],[-106.836921,40.487323],[-106.836921,40.487324],[-106.836921,40.487325],[-106.836921,40.487325],[-106.836921,40.487326],[-106.83692,40.487327],[-106.83692,40.487327],[-106.836919,40.487328],[-106.836919,40.487328],[-106.836918,40.487329],[-106.836918,40.487329],[-106.836917,40.48733],[-106.836916,40.48733],[-106.836915,40.48733],[-106.836915,40.487331],[-106.836914,40.487331],[-106.836913,40.487331],[-106.836912,40.487331],[-106.836911,40.487331],[-106.83691,40.487331],[-106.836909,40.487331],[-106.836909,40.48733],[-106.836908,40.48733],[-106.836907,40.48733],[-106.836906,40.487329],[-106.836906,40.487329],[-106.836905,40.487328],[-106.836905,40.487328],[-106.836904,40.487327],[-106.836904,40.487327],[-106.836903,40.487326],[-106.836903,40.487325],[-106.836903,40.487325],[-106.836903,40.487324]]]}},{"id":"166","type":"Feature","properties":{"natural":null,"barrier":null,"highway":"crossing","amenity":null,"tourism":null,"base_elevation":93,"height":null,"material":null,"direction":null,"artwork_type":null,"name":null},"geometry":{"type":"Polygon","coordinates":[[[-106.832576,40.484774],[-106.832576,40.484774],[-106.832576,40.484773],[-106.832576,40.484772],[-106.832577,40.484772],[-106.832577,40.484771],[-106.832577,40.484771],[-106.832578,40.48477],[-106.832578,40.484769],[-106.832579,40.484769],[-106.83258,40.484769],[-106.832581,40.484768],[-106.832581,40.484768],[-106.832582,40.484768],[-106.832583,40.484768],[-106.832584,40.484768],[-106.832585,40.484767],[-106.832586,40.484768],[-106.832587,40.484768],[-106.832587,40.484768],[-106.832588,40.484768],[-106.832589,40.484768],[-106.83259,40.484769],[-106.83259,40.484769],[-106.832591,40.484769],[-106.832592,40.48477],[-106.832592,40.484771],[-106.832593,40.484771],[-106.832593,40.484772],[-106.832593,40.484772],[-106.832594,40.484773],[-106.832594,40.484774],[-106.832594,40.484774],[-106.832594,40.484775],[-106.832594,40.484776],[-106.832593,40.484776],[-106.832593,40.484777],[-106.832593,40.484778],[-106.832592,40.484778],[-106.832592,40.484779],[-106.832591,40.484779],[-106.83259,40.48478],[-106.83259,40.48478],[-106.832589,40.48478],[-106.832588,40.484781],[-106.832587,40.484781],[-106.832587,40.484781],[-106.832586,40.484781],[-106.832585,40.484781],[-106.832584,40.484781],[-106.832583,40.484781],[-106.832582,40.484781],[-106.832581,40.484781],[-106.832581,40.48478],[-106.83258,40.48478],[-106.832579,40.48478],[-106.832578,40.484779],[-106.832578,40.484779],[-106.832577,40.484778],[-106.832577,40.484778],[-106.832577,40.484777],[-106.832576,40.484776],[-106.832576,40.484776],[-106.832576,40.484775],[-106.832576,40.484774]]]}},{"id":"167","type":"Feature","properties":{"natural":null,"barrier":null,"highway":"crossing","amenity":null,"tourism":null,"base_elevation":88,"height":null,"material":null,"direction":null,"artwork_type":null,"name":null},"geometry":{"type":"Polygon","coordinates":[[[-106.835806,40.48669],[-106.835806,40.486689],[-106.835806,40.486688],[-106.835807,40.486688],[-106.835807,40.486687],[-106.835807,40.486686],[-106.835808,40.486686],[-106.835808,40.486685],[-106.835809,40.486685],[-106.83581,40.486684],[-106.83581,40.486684],[-106.835811,40.486684],[-106.835812,40.486683],[-106.835813,40.486683],[-106.835814,40.486683],[-106.835814,40.486683],[-106.835815,40.486683],[-106.835816,40.486683],[-106.835817,40.486683],[-106.835818,40.486683],[-106.835819,40.486683],[-106.83582,40.486684],[-106.83582,40.486684],[-106.835821,40.486684],[-106.835822,40.486685],[-106.835822,40.486685],[-106.835823,40.486686],[-106.835823,40.486686],[-106.835824,40.486687],[-106.835824,40.486688],[-106.835824,40.486688],[-106.835824,40.486689],[-106.835824,40.48669],[-106.835824,40.48669],[-106.835824,40.486691],[-106.835824,40.486692],[-106.835824,40.486692],[-106.835823,40.486693],[-106.835823,40.486693],[-106.835822,40.486694],[-106.835822,40.486695],[-106.835821,40.486695],[-106.83582,40.486695],[-106.83582,40.486696],[-106.835819,40.486696],[-106.835818,40.486696],[-106.835817,40.486696],[-106.835816,40.486696],[-106.835815,40.486697],[-106.835814,40.486696],[-106.835814,40.486696],[-106.835813,40.486696],[-106.835812,40.486696],[-106.835811,40.486696],[-106.83581,40.486695],[-106.83581,40.486695],[-106.835809,40.486695],[-106.835808,40.486694],[-106.835808,40.486693],[-106.835807,40.486693],[-106.835807,40.486692],[-106.835807,40.486692],[-106.835806,40.486691],[-106.835806,40.48669],[-106.835806,40.48669]]]}},{"id":"168","type":"Feature","properties":{"natural":null,"barrier":null,"highway":"crossing","amenity":null,"tourism":null,"base_elevation":92,"height":null,"material":null,"direction":null,"artwork_type":null,"name":null},"geometry":{"type":"Polygon","coordinates":[[[-106.833662,40.485401],[-106.833662,40.4854],[-106.833662,40.485399],[-106.833662,40.485399],[-106.833663,40.485398],[-106.833663,40.485398],[-106.833664,40.485397],[-106.833664,40.485396],[-106.833665,40.485396],[-106.833665,40.485396],[-106.833666,40.485395],[-106.833667,40.485395],[-106.833668,40.485394],[-106.833668,40.485394],[-106.833669,40.485394],[-106.83367,40.485394],[-106.833671,40.485394],[-106.833672,40.485394],[-106.833673,40.485394],[-106.833674,40.485394],[-106.833674,40.485394],[-106.833675,40.485395],[-106.833676,40.485395],[-106.833677,40.485396],[-106.833677,40.485396],[-106.833678,40.485396],[-106.833678,40.485397],[-106.833679,40.485398],[-106.833679,40.485398],[-106.83368,40.485399],[-106.83368,40.485399],[-106.83368,40.4854],[-106.83368,40.485401],[-106.83368,40.485401],[-106.83368,40.485402],[-106.83368,40.485403],[-106.833679,40.485403],[-106.833679,40.485404],[-106.833678,40.485405],[-106.833678,40.485405],[-106.833677,40.485406],[-106.833677,40.485406],[-106.833676,40.485406],[-106.833675,40.485407],[-106.833674,40.485407],[-106.833674,40.485407],[-106.833673,40.485408],[-106.833672,40.485408],[-106.833671,40.485408],[-106.83367,40.485408],[-106.833669,40.485408],[-106.833668,40.485407],[-106.833668,40.485407],[-106.833667,40.485407],[-106.833666,40.485406],[-106.833665,40.485406],[-106.833665,40.485406],[-106.833664,40.485405],[-106.833664,40.485405],[-106.833663,40.485404],[-106.833663,40.485403],[-106.833662,40.485403],[-106.833662,40.485402],[-106.833662,40.485401],[-106.833662,40.485401]]]}},{"id":"169","type":"Feature","properties":{"natural":null,"barrier":null,"highway":"crossing","amenity":null,"tourism":null,"base_elevation":95,"height":null,"material":null,"direction":null,"artwork_type":null,"name":null},"geometry":{"type":"Polygon","coordinates":[[[-106.829351,40.48301],[-106.829351,40.483009],[-106.829351,40.483008],[-106.829352,40.483008],[-106.829352,40.483007],[-106.829352,40.483006],[-106.829353,40.483006],[-106.829353,40.483005],[-106.829354,40.483005],[-106.829354,40.483004],[-106.829355,40.483004],[-106.829356,40.483004],[-106.829357,40.483003],[-106.829357,40.483003],[-106.829358,40.483003],[-106.829359,40.483003],[-106.82936,40.483003],[-106.829361,40.483003],[-106.829362,40.483003],[-106.829363,40.483003],[-106.829364,40.483003],[-106.829364,40.483004],[-106.829365,40.483004],[-106.829366,40.483004],[-106.829366,40.483005],[-106.829367,40.483005],[-106.829368,40.483006],[-106.829368,40.483006],[-106.829368,40.483007],[-106.829369,40.483008],[-106.829369,40.483008],[-106.829369,40.483009],[-106.829369,40.48301],[-106.829369,40.48301],[-106.829369,40.483011],[-106.829369,40.483012],[-106.829368,40.483012],[-106.829368,40.483013],[-106.829368,40.483013],[-106.829367,40.483014],[-106.829366,40.483015],[-106.829366,40.483015],[-106.829365,40.483015],[-106.829364,40.483016],[-106.829364,40.483016],[-106.829363,40.483016],[-106.829362,40.483016],[-106.829361,40.483016],[-106.82936,40.483017],[-106.829359,40.483016],[-106.829358,40.483016],[-106.829357,40.483016],[-106.829357,40.483016],[-106.829356,40.483016],[-106.829355,40.483015],[-106.829354,40.483015],[-106.829354,40.483015],[-106.829353,40.483014],[-106.829353,40.483013],[-106.829352,40.483013],[-106.829352,40.483012],[-106.829352,40.483012],[-106.829351,40.483011],[-106.829351,40.48301],[-106.829351,40.48301]]]}},{"id":"170","type":"Feature","properties":{"natural":null,"barrier":null,"highway":"crossing","amenity":null,"tourism":null,"base_elevation":92,"height":null,"material":null,"direction":null,"artwork_type":null,"name":null},"geometry":{"type":"Polygon","coordinates":[[[-106.833669,40.485563],[-106.833669,40.485562],[-106.833669,40.485561],[-106.83367,40.485561],[-106.83367,40.48556],[-106.83367,40.485559],[-106.833671,40.485559],[-106.833671,40.485558],[-106.833672,40.485558],[-106.833673,40.485557],[-106.833673,40.485557],[-106.833674,40.485557],[-106.833675,40.485556],[-106.833676,40.485556],[-106.833677,40.485556],[-106.833677,40.485556],[-106.833678,40.485556],[-106.833679,40.485556],[-106.83368,40.485556],[-106.833681,40.485556],[-106.833682,40.485556],[-106.833683,40.485557],[-106.833683,40.485557],[-106.833684,40.485557],[-106.833685,40.485558],[-106.833685,40.485558],[-106.833686,40.485559],[-106.833686,40.485559],[-106.833687,40.48556],[-106.833687,40.485561],[-106.833687,40.485561],[-106.833687,40.485562],[-106.833687,40.485563],[-106.833687,40.485563],[-106.833687,40.485564],[-106.833687,40.485565],[-106.833687,40.485565],[-106.833686,40.485566],[-106.833686,40.485566],[-106.833685,40.485567],[-106.833685,40.485568],[-106.833684,40.485568],[-106.833683,40.485568],[-106.833683,40.485569],[-106.833682,40.485569],[-106.833681,40.485569],[-106.83368,40.485569],[-106.833679,40.485569],[-106.833678,40.48557],[-106.833677,40.485569],[-106.833677,40.485569],[-106.833676,40.485569],[-106.833675,40.485569],[-106.833674,40.485569],[-106.833673,40.485568],[-106.833673,40.485568],[-106.833672,40.485568],[-106.833671,40.485567],[-106.833671,40.485566],[-106.83367,40.485566],[-106.83367,40.485565],[-106.83367,40.485565],[-106.833669,40.485564],[-106.833669,40.485563],[-106.833669,40.485563]]]}},{"id":"171","type":"Feature","properties":{"natural":null,"barrier":null,"highway":"crossing","amenity":null,"tourism":null,"base_elevation":93,"height":null,"material":null,"direction":null,"artwork_type":null,"name":null},"geometry":{"type":"Polygon","coordinates":[[[-106.833454,40.485434],[-106.833454,40.485433],[-106.833454,40.485433],[-106.833454,40.485432],[-106.833454,40.485431],[-106.833455,40.485431],[-106.833455,40.48543],[-106.833456,40.48543],[-106.833456,40.485429],[-106.833457,40.485429],[-106.833458,40.485428],[-106.833458,40.485428],[-106.833459,40.485428],[-106.83346,40.485427],[-106.833461,40.485427],[-106.833462,40.485427],[-106.833463,40.485427],[-106.833464,40.485427],[-106.833464,40.485427],[-106.833465,40.485427],[-106.833466,40.485428],[-106.833467,40.485428],[-106.833468,40.485428],[-106.833468,40.485429],[-106.833469,40.485429],[-106.83347,40.48543],[-106.83347,40.48543],[-106.833471,40.485431],[-106.833471,40.485431],[-106.833471,40.485432],[-106.833472,40.485433],[-106.833472,40.485433],[-106.833472,40.485434],[-106.833472,40.485435],[-106.833472,40.485435],[-106.833471,40.485436],[-106.833471,40.485437],[-106.833471,40.485437],[-106.83347,40.485438],[-106.83347,40.485438],[-106.833469,40.485439],[-106.833468,40.485439],[-106.833468,40.48544],[-106.833467,40.48544],[-106.833466,40.48544],[-106.833465,40.48544],[-106.833464,40.485441],[-106.833464,40.485441],[-106.833463,40.485441],[-106.833462,40.485441],[-106.833461,40.485441],[-106.83346,40.48544],[-106.833459,40.48544],[-106.833458,40.48544],[-106.833458,40.48544],[-106.833457,40.485439],[-106.833456,40.485439],[-106.833456,40.485438],[-106.833455,40.485438],[-106.833455,40.485437],[-106.833454,40.485437],[-106.833454,40.485436],[-106.833454,40.485435],[-106.833454,40.485435],[-106.833454,40.485434]]]}},{"id":"172","type":"Feature","properties":{"natural":null,"barrier":null,"highway":"crossing","amenity":null,"tourism":null,"base_elevation":87,"height":null,"material":null,"direction":null,"artwork_type":null,"name":null},"geometry":{"type":"Polygon","coordinates":[[[-106.835825,40.486847],[-106.835825,40.486846],[-106.835825,40.486845],[-106.835826,40.486845],[-106.835826,40.486844],[-106.835826,40.486843],[-106.835827,40.486843],[-106.835827,40.486842],[-106.835828,40.486842],[-106.835829,40.486841],[-106.835829,40.486841],[-106.83583,40.486841],[-106.835831,40.48684],[-106.835832,40.48684],[-106.835832,40.48684],[-106.835833,40.48684],[-106.835834,40.48684],[-106.835835,40.48684],[-106.835836,40.48684],[-106.835837,40.48684],[-106.835838,40.48684],[-106.835838,40.486841],[-106.835839,40.486841],[-106.83584,40.486841],[-106.835841,40.486842],[-106.835841,40.486842],[-106.835842,40.486843],[-106.835842,40.486843],[-106.835842,40.486844],[-106.835843,40.486845],[-106.835843,40.486845],[-106.835843,40.486846],[-106.835843,40.486847],[-106.835843,40.486847],[-106.835843,40.486848],[-106.835843,40.486849],[-106.835842,40.486849],[-106.835842,40.48685],[-106.835842,40.48685],[-106.835841,40.486851],[-106.835841,40.486852],[-106.83584,40.486852],[-106.835839,40.486852],[-106.835838,40.486853],[-106.835838,40.486853],[-106.835837,40.486853],[-106.835836,40.486853],[-106.835835,40.486853],[-106.835834,40.486854],[-106.835833,40.486853],[-106.835832,40.486853],[-106.835832,40.486853],[-106.835831,40.486853],[-106.83583,40.486853],[-106.835829,40.486852],[-106.835829,40.486852],[-106.835828,40.486852],[-106.835827,40.486851],[-106.835827,40.48685],[-106.835826,40.48685],[-106.835826,40.486849],[-106.835826,40.486849],[-106.835825,40.486848],[-106.835825,40.486847],[-106.835825,40.486847]]]}},{"id":"173","type":"Feature","properties":{"natural":null,"barrier":null,"highway":"crossing","amenity":null,"tourism":null,"base_elevation":84,"height":null,"material":null,"direction":null,"artwork_type":null,"name":null},"geometry":{"type":"Polygon","coordinates":[[[-106.837758,40.487988],[-106.837758,40.487987],[-106.837759,40.487987],[-106.837759,40.487986],[-106.837759,40.487985],[-106.837759,40.487985],[-106.83776,40.487984],[-106.83776,40.487984],[-106.837761,40.487983],[-106.837762,40.487983],[-106.837762,40.487982],[-106.837763,40.487982],[-106.837764,40.487982],[-106.837765,40.487982],[-106.837766,40.487981],[-106.837767,40.487981],[-106.837767,40.487981],[-106.837768,40.487981],[-106.837769,40.487981],[-106.83777,40.487982],[-106.837771,40.487982],[-106.837772,40.487982],[-106.837772,40.487982],[-106.837773,40.487983],[-106.837774,40.487983],[-106.837774,40.487984],[-106.837775,40.487984],[-106.837775,40.487985],[-106.837776,40.487985],[-106.837776,40.487986],[-106.837776,40.487987],[-106.837776,40.487987],[-106.837776,40.487988],[-106.837776,40.487989],[-106.837776,40.487989],[-106.837776,40.48799],[-106.837776,40.487991],[-106.837775,40.487991],[-106.837775,40.487992],[-106.837774,40.487992],[-106.837774,40.487993],[-106.837773,40.487993],[-106.837772,40.487994],[-106.837772,40.487994],[-106.837771,40.487994],[-106.83777,40.487995],[-106.837769,40.487995],[-106.837768,40.487995],[-106.837767,40.487995],[-106.837767,40.487995],[-106.837766,40.487995],[-106.837765,40.487995],[-106.837764,40.487994],[-106.837763,40.487994],[-106.837762,40.487994],[-106.837762,40.487993],[-106.837761,40.487993],[-106.83776,40.487992],[-106.83776,40.487992],[-106.837759,40.487991],[-106.837759,40.487991],[-106.837759,40.48799],[-106.837759,40.487989],[-106.837758,40.487989],[-106.837758,40.487988]]]}},{"id":"174","type":"Feature","properties":{"natural":null,"barrier":null,"highway":"crossing","amenity":null,"tourism":null,"base_elevation":96,"height":null,"material":null,"direction":null,"artwork_type":null,"name":null},"geometry":{"type":"Polygon","coordinates":[[[-106.829114,40.483053],[-106.829114,40.483052],[-106.829114,40.483052],[-106.829114,40.483051],[-106.829114,40.48305],[-106.829115,40.48305],[-106.829115,40.483049],[-106.829116,40.483049],[-106.829116,40.483048],[-106.829117,40.483048],[-106.829118,40.483047],[-106.829118,40.483047],[-106.829119,40.483047],[-106.82912,40.483047],[-106.829121,40.483046],[-106.829122,40.483046],[-106.829123,40.483046],[-106.829123,40.483046],[-106.829124,40.483046],[-106.829125,40.483047],[-106.829126,40.483047],[-106.829127,40.483047],[-106.829128,40.483047],[-106.829128,40.483048],[-106.829129,40.483048],[-106.82913,40.483049],[-106.82913,40.483049],[-106.829131,40.48305],[-106.829131,40.48305],[-106.829131,40.483051],[-106.829131,40.483052],[-106.829132,40.483052],[-106.829132,40.483053],[-106.829132,40.483054],[-106.829131,40.483054],[-106.829131,40.483055],[-106.829131,40.483056],[-106.829131,40.483056],[-106.82913,40.483057],[-106.82913,40.483057],[-106.829129,40.483058],[-106.829128,40.483058],[-106.829128,40.483059],[-106.829127,40.483059],[-106.829126,40.483059],[-106.829125,40.48306],[-106.829124,40.48306],[-106.829123,40.48306],[-106.829123,40.48306],[-106.829122,40.48306],[-106.829121,40.48306],[-106.82912,40.48306],[-106.829119,40.483059],[-106.829118,40.483059],[-106.829118,40.483059],[-106.829117,40.483058],[-106.829116,40.483058],[-106.829116,40.483057],[-106.829115,40.483057],[-106.829115,40.483056],[-106.829114,40.483056],[-106.829114,40.483055],[-106.829114,40.483054],[-106.829114,40.483054],[-106.829114,40.483053]]]}},{"id":"175","type":"Feature","properties":{"natural":null,"barrier":null,"highway":"crossing","amenity":null,"tourism":null,"base_elevation":86,"height":null,"material":null,"direction":null,"artwork_type":null,"name":null},"geometry":{"type":"Polygon","coordinates":[[[-106.8367,40.487523],[-106.8367,40.487522],[-106.8367,40.487522],[-106.8367,40.487521],[-106.836701,40.48752],[-106.836701,40.48752],[-106.836701,40.487519],[-106.836702,40.487519],[-106.836702,40.487518],[-106.836703,40.487518],[-106.836704,40.487517],[-106.836705,40.487517],[-106.836705,40.487517],[-106.836706,40.487517],[-106.836707,40.487516],[-106.836708,40.487516],[-106.836709,40.487516],[-106.83671,40.487516],[-106.836711,40.487516],[-106.836711,40.487517],[-106.836712,40.487517],[-106.836713,40.487517],[-106.836714,40.487517],[-106.836714,40.487518],[-106.836715,40.487518],[-106.836716,40.487519],[-106.836716,40.487519],[-106.836717,40.48752],[-106.836717,40.48752],[-106.836717,40.487521],[-106.836718,40.487522],[-106.836718,40.487522],[-106.836718,40.487523],[-106.836718,40.487524],[-106.836718,40.487524],[-106.836717,40.487525],[-106.836717,40.487526],[-106.836717,40.487526],[-106.836716,40.487527],[-106.836716,40.487527],[-106.836715,40.487528],[-106.836714,40.487528],[-106.836714,40.487529],[-106.836713,40.487529],[-106.836712,40.487529],[-106.836711,40.48753],[-106.836711,40.48753],[-106.83671,40.48753],[-106.836709,40.48753],[-106.836708,40.48753],[-106.836707,40.48753],[-106.836706,40.48753],[-106.836705,40.487529],[-106.836705,40.487529],[-106.836704,40.487529],[-106.836703,40.487528],[-106.836702,40.487528],[-106.836702,40.487527],[-106.836701,40.487527],[-106.836701,40.487526],[-106.836701,40.487526],[-106.8367,40.487525],[-106.8367,40.487524],[-106.8367,40.487524],[-106.8367,40.487523]]]}},{"id":"176","type":"Feature","properties":{"natural":null,"barrier":null,"highway":"crossing","amenity":null,"tourism":null,"base_elevation":88,"height":null,"material":null,"direction":null,"artwork_type":null,"name":null},"geometry":{"type":"Polygon","coordinates":[[[-106.835603,40.486715],[-106.835603,40.486715],[-106.835603,40.486714],[-106.835604,40.486713],[-106.835604,40.486713],[-106.835604,40.486712],[-106.835605,40.486711],[-106.835605,40.486711],[-106.835606,40.48671],[-106.835606,40.48671],[-106.835607,40.48671],[-106.835608,40.486709],[-106.835609,40.486709],[-106.835609,40.486709],[-106.83561,40.486708],[-106.835611,40.486708],[-106.835612,40.486708],[-106.835613,40.486708],[-106.835614,40.486708],[-106.835615,40.486709],[-106.835616,40.486709],[-106.835616,40.486709],[-106.835617,40.48671],[-106.835618,40.48671],[-106.835618,40.48671],[-106.835619,40.486711],[-106.83562,40.486711],[-106.83562,40.486712],[-106.83562,40.486713],[-106.835621,40.486713],[-106.835621,40.486714],[-106.835621,40.486715],[-106.835621,40.486715],[-106.835621,40.486716],[-106.835621,40.486717],[-106.835621,40.486717],[-106.83562,40.486718],[-106.83562,40.486718],[-106.83562,40.486719],[-106.835619,40.48672],[-106.835618,40.48672],[-106.835618,40.48672],[-106.835617,40.486721],[-106.835616,40.486721],[-106.835616,40.486722],[-106.835615,40.486722],[-106.835614,40.486722],[-106.835613,40.486722],[-106.835612,40.486722],[-106.835611,40.486722],[-106.83561,40.486722],[-106.835609,40.486722],[-106.835609,40.486722],[-106.835608,40.486721],[-106.835607,40.486721],[-106.835606,40.48672],[-106.835606,40.48672],[-106.835605,40.48672],[-106.835605,40.486719],[-106.835604,40.486718],[-106.835604,40.486718],[-106.835604,40.486717],[-106.835603,40.486717],[-106.835603,40.486716],[-106.835603,40.486715]]]}},{"id":"177","type":"Feature","properties":{"natural":null,"barrier":null,"highway":"crossing","amenity":null,"tourism":null,"base_elevation":91,"height":null,"material":null,"direction":null,"artwork_type":null,"name":null},"geometry":{"type":"Polygon","coordinates":[[[-106.834546,40.486244],[-106.834546,40.486243],[-106.834546,40.486243],[-106.834547,40.486242],[-106.834547,40.486241],[-106.834547,40.486241],[-106.834548,40.48624],[-106.834548,40.48624],[-106.834549,40.486239],[-106.834549,40.486239],[-106.83455,40.486238],[-106.834551,40.486238],[-106.834552,40.486238],[-106.834552,40.486237],[-106.834553,40.486237],[-106.834554,40.486237],[-106.834555,40.486237],[-106.834556,40.486237],[-106.834557,40.486237],[-106.834558,40.486237],[-106.834559,40.486238],[-106.834559,40.486238],[-106.83456,40.486238],[-106.834561,40.486239],[-106.834561,40.486239],[-106.834562,40.48624],[-106.834563,40.48624],[-106.834563,40.486241],[-106.834563,40.486241],[-106.834564,40.486242],[-106.834564,40.486243],[-106.834564,40.486243],[-106.834564,40.486244],[-106.834564,40.486245],[-106.834564,40.486245],[-106.834564,40.486246],[-106.834563,40.486247],[-106.834563,40.486247],[-106.834563,40.486248],[-106.834562,40.486248],[-106.834561,40.486249],[-106.834561,40.486249],[-106.83456,40.48625],[-106.834559,40.48625],[-106.834559,40.48625],[-106.834558,40.486251],[-106.834557,40.486251],[-106.834556,40.486251],[-106.834555,40.486251],[-106.834554,40.486251],[-106.834553,40.486251],[-106.834552,40.486251],[-106.834552,40.48625],[-106.834551,40.48625],[-106.83455,40.48625],[-106.834549,40.486249],[-106.834549,40.486249],[-106.834548,40.486248],[-106.834548,40.486248],[-106.834547,40.486247],[-106.834547,40.486247],[-106.834547,40.486246],[-106.834546,40.486245],[-106.834546,40.486245],[-106.834546,40.486244]]]}},{"id":"178","type":"Feature","properties":{"natural":null,"barrier":null,"highway":"crossing","amenity":null,"tourism":null,"base_elevation":88,"height":null,"material":null,"direction":null,"artwork_type":null,"name":null},"geometry":{"type":"Polygon","coordinates":[[[-106.835616,40.486874],[-106.835616,40.486873],[-106.835616,40.486872],[-106.835616,40.486872],[-106.835617,40.486871],[-106.835617,40.48687],[-106.835617,40.48687],[-106.835618,40.486869],[-106.835619,40.486869],[-106.835619,40.486868],[-106.83562,40.486868],[-106.835621,40.486868],[-106.835621,40.486867],[-106.835622,40.486867],[-106.835623,40.486867],[-106.835624,40.486867],[-106.835625,40.486867],[-106.835626,40.486867],[-106.835627,40.486867],[-106.835628,40.486867],[-106.835628,40.486867],[-106.835629,40.486868],[-106.83563,40.486868],[-106.835631,40.486868],[-106.835631,40.486869],[-106.835632,40.486869],[-106.835632,40.48687],[-106.835633,40.48687],[-106.835633,40.486871],[-106.835633,40.486872],[-106.835634,40.486872],[-106.835634,40.486873],[-106.835634,40.486874],[-106.835634,40.486874],[-106.835634,40.486875],[-106.835633,40.486876],[-106.835633,40.486876],[-106.835633,40.486877],[-106.835632,40.486877],[-106.835632,40.486878],[-106.835631,40.486878],[-106.835631,40.486879],[-106.83563,40.486879],[-106.835629,40.48688],[-106.835628,40.48688],[-106.835628,40.48688],[-106.835627,40.48688],[-106.835626,40.48688],[-106.835625,40.48688],[-106.835624,40.48688],[-106.835623,40.48688],[-106.835622,40.48688],[-106.835621,40.48688],[-106.835621,40.48688],[-106.83562,40.486879],[-106.835619,40.486879],[-106.835619,40.486878],[-106.835618,40.486878],[-106.835617,40.486877],[-106.835617,40.486877],[-106.835617,40.486876],[-106.835616,40.486876],[-106.835616,40.486875],[-106.835616,40.486874],[-106.835616,40.486874]]]}},{"id":"179","type":"Feature","properties":{"natural":null,"barrier":null,"highway":"crossing","amenity":null,"tourism":null,"base_elevation":95,"height":null,"material":null,"direction":null,"artwork_type":null,"name":null},"geometry":{"type":"Polygon","coordinates":[[[-106.831294,40.48434],[-106.831294,40.484339],[-106.831294,40.484339],[-106.831295,40.484338],[-106.831295,40.484337],[-106.831295,40.484337],[-106.831296,40.484336],[-106.831296,40.484336],[-106.831297,40.484335],[-106.831297,40.484335],[-106.831298,40.484334],[-106.831299,40.484334],[-106.8313,40.484334],[-106.8313,40.484333],[-106.831301,40.484333],[-106.831302,40.484333],[-106.831303,40.484333],[-106.831304,40.484333],[-106.831305,40.484333],[-106.831306,40.484333],[-106.831307,40.484334],[-106.831307,40.484334],[-106.831308,40.484334],[-106.831309,40.484335],[-106.831309,40.484335],[-106.83131,40.484336],[-106.831311,40.484336],[-106.831311,40.484337],[-106.831311,40.484337],[-106.831312,40.484338],[-106.831312,40.484339],[-106.831312,40.484339],[-106.831312,40.48434],[-106.831312,40.484341],[-106.831312,40.484341],[-106.831312,40.484342],[-106.831311,40.484343],[-106.831311,40.484343],[-106.831311,40.484344],[-106.83131,40.484344],[-106.831309,40.484345],[-106.831309,40.484345],[-106.831308,40.484346],[-106.831307,40.484346],[-106.831307,40.484346],[-106.831306,40.484346],[-106.831305,40.484347],[-106.831304,40.484347],[-106.831303,40.484347],[-106.831302,40.484347],[-106.831301,40.484347],[-106.8313,40.484346],[-106.8313,40.484346],[-106.831299,40.484346],[-106.831298,40.484346],[-106.831297,40.484345],[-106.831297,40.484345],[-106.831296,40.484344],[-106.831296,40.484344],[-106.831295,40.484343],[-106.831295,40.484343],[-106.831295,40.484342],[-106.831294,40.484341],[-106.831294,40.484341],[-106.831294,40.48434]]]}},{"id":"180","type":"Feature","properties":{"natural":null,"barrier":null,"highway":"crossing","amenity":null,"tourism":null,"base_elevation":85,"height":null,"material":null,"direction":null,"artwork_type":null,"name":null},"geometry":{"type":"Polygon","coordinates":[[[-106.837765,40.488153],[-106.837765,40.488152],[-106.837765,40.488152],[-106.837765,40.488151],[-106.837765,40.48815],[-106.837766,40.48815],[-106.837766,40.488149],[-106.837767,40.488149],[-106.837767,40.488148],[-106.837768,40.488148],[-106.837769,40.488147],[-106.837769,40.488147],[-106.83777,40.488147],[-106.837771,40.488147],[-106.837772,40.488146],[-106.837773,40.488146],[-106.837774,40.488146],[-106.837775,40.488146],[-106.837775,40.488146],[-106.837776,40.488147],[-106.837777,40.488147],[-106.837778,40.488147],[-106.837779,40.488147],[-106.837779,40.488148],[-106.83778,40.488148],[-106.837781,40.488149],[-106.837781,40.488149],[-106.837782,40.48815],[-106.837782,40.48815],[-106.837782,40.488151],[-106.837783,40.488152],[-106.837783,40.488152],[-106.837783,40.488153],[-106.837783,40.488154],[-106.837783,40.488154],[-106.837782,40.488155],[-106.837782,40.488156],[-106.837782,40.488156],[-106.837781,40.488157],[-106.837781,40.488157],[-106.83778,40.488158],[-106.837779,40.488158],[-106.837779,40.488159],[-106.837778,40.488159],[-106.837777,40.488159],[-106.837776,40.48816],[-106.837775,40.48816],[-106.837775,40.48816],[-106.837774,40.48816],[-106.837773,40.48816],[-106.837772,40.48816],[-106.837771,40.48816],[-106.83777,40.488159],[-106.837769,40.488159],[-106.837769,40.488159],[-106.837768,40.488158],[-106.837767,40.488158],[-106.837767,40.488157],[-106.837766,40.488157],[-106.837766,40.488156],[-106.837765,40.488156],[-106.837765,40.488155],[-106.837765,40.488154],[-106.837765,40.488154],[-106.837765,40.488153]]]}},{"id":"181","type":"Feature","properties":{"natural":null,"barrier":null,"highway":"crossing","amenity":null,"tourism":null,"base_elevation":91,"height":null,"material":null,"direction":null,"artwork_type":null,"name":null},"geometry":{"type":"Polygon","coordinates":[[[-106.834737,40.486057],[-106.834737,40.486057],[-106.834737,40.486056],[-106.834738,40.486055],[-106.834738,40.486055],[-106.834738,40.486054],[-106.834739,40.486053],[-106.834739,40.486053],[-106.83474,40.486052],[-106.834741,40.486052],[-106.834741,40.486052],[-106.834742,40.486051],[-106.834743,40.486051],[-106.834744,40.486051],[-106.834745,40.48605],[-106.834745,40.48605],[-106.834746,40.48605],[-106.834747,40.48605],[-106.834748,40.48605],[-106.834749,40.486051],[-106.83475,40.486051],[-106.834751,40.486051],[-106.834751,40.486052],[-106.834752,40.486052],[-106.834753,40.486052],[-106.834753,40.486053],[-106.834754,40.486053],[-106.834754,40.486054],[-106.834755,40.486055],[-106.834755,40.486055],[-106.834755,40.486056],[-106.834755,40.486057],[-106.834755,40.486057],[-106.834755,40.486058],[-106.834755,40.486059],[-106.834755,40.486059],[-106.834755,40.48606],[-106.834754,40.48606],[-106.834754,40.486061],[-106.834753,40.486062],[-106.834753,40.486062],[-106.834752,40.486062],[-106.834751,40.486063],[-106.834751,40.486063],[-106.83475,40.486064],[-106.834749,40.486064],[-106.834748,40.486064],[-106.834747,40.486064],[-106.834746,40.486064],[-106.834745,40.486064],[-106.834745,40.486064],[-106.834744,40.486064],[-106.834743,40.486064],[-106.834742,40.486063],[-106.834741,40.486063],[-106.834741,40.486062],[-106.83474,40.486062],[-106.834739,40.486062],[-106.834739,40.486061],[-106.834738,40.48606],[-106.834738,40.48606],[-106.834738,40.486059],[-106.834737,40.486059],[-106.834737,40.486058],[-106.834737,40.486057]]]}},{"id":"182","type":"Feature","properties":{"natural":null,"barrier":null,"highway":"crossing","amenity":null,"tourism":null,"base_elevation":93,"height":null,"material":null,"direction":null,"artwork_type":null,"name":null},"geometry":{"type":"Polygon","coordinates":[[[-106.833452,40.485609],[-106.833452,40.485609],[-106.833453,40.485608],[-106.833453,40.485607],[-106.833453,40.485607],[-106.833453,40.485606],[-106.833454,40.485605],[-106.833454,40.485605],[-106.833455,40.485604],[-106.833456,40.485604],[-106.833456,40.485604],[-106.833457,40.485603],[-106.833458,40.485603],[-106.833459,40.485603],[-106.83346,40.485602],[-106.833461,40.485602],[-106.833461,40.485602],[-106.833462,40.485602],[-106.833463,40.485602],[-106.833464,40.485603],[-106.833465,40.485603],[-106.833466,40.485603],[-106.833466,40.485604],[-106.833467,40.485604],[-106.833468,40.485604],[-106.833468,40.485605],[-106.833469,40.485605],[-106.833469,40.485606],[-106.83347,40.485607],[-106.83347,40.485607],[-106.83347,40.485608],[-106.83347,40.485609],[-106.83347,40.485609],[-106.83347,40.48561],[-106.83347,40.485611],[-106.83347,40.485611],[-106.83347,40.485612],[-106.833469,40.485612],[-106.833469,40.485613],[-106.833468,40.485614],[-106.833468,40.485614],[-106.833467,40.485614],[-106.833466,40.485615],[-106.833466,40.485615],[-106.833465,40.485616],[-106.833464,40.485616],[-106.833463,40.485616],[-106.833462,40.485616],[-106.833461,40.485616],[-106.833461,40.485616],[-106.83346,40.485616],[-106.833459,40.485616],[-106.833458,40.485616],[-106.833457,40.485615],[-106.833456,40.485615],[-106.833456,40.485614],[-106.833455,40.485614],[-106.833454,40.485614],[-106.833454,40.485613],[-106.833453,40.485612],[-106.833453,40.485612],[-106.833453,40.485611],[-106.833453,40.485611],[-106.833452,40.48561],[-106.833452,40.485609]]]}},{"id":"183","type":"Feature","properties":{"natural":null,"barrier":null,"highway":"crossing","amenity":null,"tourism":null,"base_elevation":91,"height":null,"material":null,"direction":null,"artwork_type":null,"name":null},"geometry":{"type":"Polygon","coordinates":[[[-106.834528,40.486073],[-106.834528,40.486072],[-106.834528,40.486072],[-106.834528,40.486071],[-106.834529,40.48607],[-106.834529,40.48607],[-106.83453,40.486069],[-106.83453,40.486069],[-106.834531,40.486068],[-106.834531,40.486068],[-106.834532,40.486067],[-106.834533,40.486067],[-106.834534,40.486067],[-106.834534,40.486066],[-106.834535,40.486066],[-106.834536,40.486066],[-106.834537,40.486066],[-106.834538,40.486066],[-106.834539,40.486066],[-106.83454,40.486066],[-106.83454,40.486067],[-106.834541,40.486067],[-106.834542,40.486067],[-106.834543,40.486068],[-106.834543,40.486068],[-106.834544,40.486069],[-106.834544,40.486069],[-106.834545,40.48607],[-106.834545,40.48607],[-106.834546,40.486071],[-106.834546,40.486072],[-106.834546,40.486072],[-106.834546,40.486073],[-106.834546,40.486074],[-106.834546,40.486074],[-106.834546,40.486075],[-106.834545,40.486076],[-106.834545,40.486076],[-106.834544,40.486077],[-106.834544,40.486077],[-106.834543,40.486078],[-106.834543,40.486078],[-106.834542,40.486079],[-106.834541,40.486079],[-106.83454,40.486079],[-106.83454,40.486079],[-106.834539,40.48608],[-106.834538,40.48608],[-106.834537,40.48608],[-106.834536,40.48608],[-106.834535,40.48608],[-106.834534,40.486079],[-106.834534,40.486079],[-106.834533,40.486079],[-106.834532,40.486079],[-106.834531,40.486078],[-106.834531,40.486078],[-106.83453,40.486077],[-106.83453,40.486077],[-106.834529,40.486076],[-106.834529,40.486076],[-106.834528,40.486075],[-106.834528,40.486074],[-106.834528,40.486074],[-106.834528,40.486073]]]}},{"id":"184","type":"Feature","properties":{"natural":null,"barrier":null,"highway":"crossing","amenity":null,"tourism":null,"base_elevation":94,"height":null,"material":null,"direction":null,"artwork_type":null,"name":null},"geometry":{"type":"Polygon","coordinates":[[[-106.832381,40.484965],[-106.832381,40.484964],[-106.832382,40.484964],[-106.832382,40.484963],[-106.832382,40.484962],[-106.832382,40.484962],[-106.832383,40.484961],[-106.832383,40.484961],[-106.832384,40.48496],[-106.832385,40.48496],[-106.832385,40.484959],[-106.832386,40.484959],[-106.832387,40.484959],[-106.832388,40.484958],[-106.832389,40.484958],[-106.83239,40.484958],[-106.83239,40.484958],[-106.832391,40.484958],[-106.832392,40.484958],[-106.832393,40.484958],[-106.832394,40.484959],[-106.832395,40.484959],[-106.832395,40.484959],[-106.832396,40.48496],[-106.832397,40.48496],[-106.832397,40.484961],[-106.832398,40.484961],[-106.832398,40.484962],[-106.832399,40.484962],[-106.832399,40.484963],[-106.832399,40.484964],[-106.832399,40.484964],[-106.832399,40.484965],[-106.832399,40.484966],[-106.832399,40.484966],[-106.832399,40.484967],[-106.832399,40.484968],[-106.832398,40.484968],[-106.832398,40.484969],[-106.832397,40.484969],[-106.832397,40.48497],[-106.832396,40.48497],[-106.832395,40.484971],[-106.832395,40.484971],[-106.832394,40.484971],[-106.832393,40.484971],[-106.832392,40.484972],[-106.832391,40.484972],[-106.83239,40.484972],[-106.83239,40.484972],[-106.832389,40.484972],[-106.832388,40.484971],[-106.832387,40.484971],[-106.832386,40.484971],[-106.832385,40.484971],[-106.832385,40.48497],[-106.832384,40.48497],[-106.832383,40.484969],[-106.832383,40.484969],[-106.832382,40.484968],[-106.832382,40.484968],[-106.832382,40.484967],[-106.832382,40.484966],[-106.832381,40.484966],[-106.832381,40.484965]]]}},{"id":"185","type":"Feature","properties":{"natural":null,"barrier":null,"highway":"crossing","amenity":null,"tourism":null,"base_elevation":96,"height":null,"material":null,"direction":null,"artwork_type":null,"name":null},"geometry":{"type":"Polygon","coordinates":[[[-106.830218,40.483689],[-106.830218,40.483689],[-106.830218,40.483688],[-106.830218,40.483687],[-106.830218,40.483687],[-106.830219,40.483686],[-106.830219,40.483685],[-106.83022,40.483685],[-106.83022,40.483684],[-106.830221,40.483684],[-106.830222,40.483684],[-106.830222,40.483683],[-106.830223,40.483683],[-106.830224,40.483683],[-106.830225,40.483682],[-106.830226,40.483682],[-106.830226,40.483682],[-106.830227,40.483682],[-106.830228,40.483682],[-106.830229,40.483683],[-106.83023,40.483683],[-106.830231,40.483683],[-106.830231,40.483684],[-106.830232,40.483684],[-106.830233,40.483684],[-106.830233,40.483685],[-106.830234,40.483685],[-106.830234,40.483686],[-106.830235,40.483687],[-106.830235,40.483687],[-106.830235,40.483688],[-106.830235,40.483689],[-106.830235,40.483689],[-106.830235,40.48369],[-106.830235,40.483691],[-106.830235,40.483691],[-106.830235,40.483692],[-106.830234,40.483692],[-106.830234,40.483693],[-106.830233,40.483694],[-106.830233,40.483694],[-106.830232,40.483694],[-106.830231,40.483695],[-106.830231,40.483695],[-106.83023,40.483696],[-106.830229,40.483696],[-106.830228,40.483696],[-106.830227,40.483696],[-106.830226,40.483696],[-106.830226,40.483696],[-106.830225,40.483696],[-106.830224,40.483696],[-106.830223,40.483696],[-106.830222,40.483695],[-106.830222,40.483695],[-106.830221,40.483694],[-106.83022,40.483694],[-106.83022,40.483694],[-106.830219,40.483693],[-106.830219,40.483692],[-106.830218,40.483692],[-106.830218,40.483691],[-106.830218,40.483691],[-106.830218,40.48369],[-106.830218,40.483689]]]}},{"id":"186","type":"Feature","properties":{"natural":null,"barrier":null,"highway":"crossing","amenity":null,"tourism":null,"base_elevation":91,"height":null,"material":null,"direction":null,"artwork_type":null,"name":null},"geometry":{"type":"Polygon","coordinates":[[[-106.834753,40.486207],[-106.834753,40.486206],[-106.834753,40.486205],[-106.834753,40.486205],[-106.834753,40.486204],[-106.834754,40.486203],[-106.834754,40.486203],[-106.834755,40.486202],[-106.834755,40.486202],[-106.834756,40.486201],[-106.834757,40.486201],[-106.834757,40.486201],[-106.834758,40.4862],[-106.834759,40.4862],[-106.83476,40.4862],[-106.834761,40.4862],[-106.834762,40.4862],[-106.834762,40.4862],[-106.834763,40.4862],[-106.834764,40.4862],[-106.834765,40.4862],[-106.834766,40.486201],[-106.834767,40.486201],[-106.834767,40.486201],[-106.834768,40.486202],[-106.834769,40.486202],[-106.834769,40.486203],[-106.83477,40.486203],[-106.83477,40.486204],[-106.83477,40.486205],[-106.83477,40.486205],[-106.834771,40.486206],[-106.834771,40.486207],[-106.834771,40.486207],[-106.83477,40.486208],[-106.83477,40.486209],[-106.83477,40.486209],[-106.83477,40.48621],[-106.834769,40.48621],[-106.834769,40.486211],[-106.834768,40.486212],[-106.834767,40.486212],[-106.834767,40.486212],[-106.834766,40.486213],[-106.834765,40.486213],[-106.834764,40.486213],[-106.834763,40.486213],[-106.834762,40.486213],[-106.834762,40.486214],[-106.834761,40.486213],[-106.83476,40.486213],[-106.834759,40.486213],[-106.834758,40.486213],[-106.834757,40.486213],[-106.834757,40.486212],[-106.834756,40.486212],[-106.834755,40.486212],[-106.834755,40.486211],[-106.834754,40.48621],[-106.834754,40.48621],[-106.834753,40.486209],[-106.834753,40.486209],[-106.834753,40.486208],[-106.834753,40.486207],[-106.834753,40.486207]]]}},{"id":"187","type":"Feature","properties":{"natural":null,"barrier":null,"highway":"crossing","amenity":null,"tourism":null,"base_elevation":85,"height":null,"material":null,"direction":null,"artwork_type":null,"name":null},"geometry":{"type":"Polygon","coordinates":[[[-106.837976,40.488117],[-106.837976,40.488116],[-106.837976,40.488116],[-106.837977,40.488115],[-106.837977,40.488114],[-106.837977,40.488114],[-106.837978,40.488113],[-106.837978,40.488113],[-106.837979,40.488112],[-106.837979,40.488112],[-106.83798,40.488111],[-106.837981,40.488111],[-106.837982,40.488111],[-106.837982,40.48811],[-106.837983,40.48811],[-106.837984,40.48811],[-106.837985,40.48811],[-106.837986,40.48811],[-106.837987,40.48811],[-106.837988,40.48811],[-106.837989,40.488111],[-106.837989,40.488111],[-106.83799,40.488111],[-106.837991,40.488112],[-106.837991,40.488112],[-106.837992,40.488113],[-106.837993,40.488113],[-106.837993,40.488114],[-106.837993,40.488114],[-106.837994,40.488115],[-106.837994,40.488116],[-106.837994,40.488116],[-106.837994,40.488117],[-106.837994,40.488118],[-106.837994,40.488118],[-106.837994,40.488119],[-106.837993,40.48812],[-106.837993,40.48812],[-106.837993,40.488121],[-106.837992,40.488121],[-106.837991,40.488122],[-106.837991,40.488122],[-106.83799,40.488123],[-106.837989,40.488123],[-106.837989,40.488123],[-106.837988,40.488123],[-106.837987,40.488124],[-106.837986,40.488124],[-106.837985,40.488124],[-106.837984,40.488124],[-106.837983,40.488124],[-106.837982,40.488123],[-106.837982,40.488123],[-106.837981,40.488123],[-106.83798,40.488123],[-106.837979,40.488122],[-106.837979,40.488122],[-106.837978,40.488121],[-106.837978,40.488121],[-106.837977,40.48812],[-106.837977,40.48812],[-106.837977,40.488119],[-106.837976,40.488118],[-106.837976,40.488118],[-106.837976,40.488117]]]}},{"id":"188","type":"Feature","properties":{"natural":null,"barrier":null,"highway":"crossing","amenity":null,"tourism":null,"base_elevation":88,"height":null,"material":null,"direction":null,"artwork_type":null,"name":null},"geometry":{"type":"Polygon","coordinates":[[[-106.840313,40.489508],[-106.840313,40.489508],[-106.840313,40.489507],[-106.840313,40.489507],[-106.840314,40.489506],[-106.840314,40.489505],[-106.840314,40.489505],[-106.840315,40.489504],[-106.840315,40.489504],[-106.840316,40.489503],[-106.840317,40.489503],[-106.840318,40.489502],[-106.840318,40.489502],[-106.840319,40.489502],[-106.84032,40.489502],[-106.840321,40.489502],[-106.840322,40.489502],[-106.840323,40.489502],[-106.840324,40.489502],[-106.840324,40.489502],[-106.840325,40.489502],[-106.840326,40.489502],[-106.840327,40.489503],[-106.840327,40.489503],[-106.840328,40.489504],[-106.840329,40.489504],[-106.840329,40.489505],[-106.84033,40.489505],[-106.84033,40.489506],[-106.84033,40.489507],[-106.840331,40.489507],[-106.840331,40.489508],[-106.840331,40.489508],[-106.840331,40.489509],[-106.840331,40.48951],[-106.84033,40.48951],[-106.84033,40.489511],[-106.84033,40.489512],[-106.840329,40.489512],[-106.840329,40.489513],[-106.840328,40.489513],[-106.840327,40.489514],[-106.840327,40.489514],[-106.840326,40.489515],[-106.840325,40.489515],[-106.840324,40.489515],[-106.840324,40.489515],[-106.840323,40.489515],[-106.840322,40.489515],[-106.840321,40.489515],[-106.84032,40.489515],[-106.840319,40.489515],[-106.840318,40.489515],[-106.840318,40.489515],[-106.840317,40.489514],[-106.840316,40.489514],[-106.840315,40.489513],[-106.840315,40.489513],[-106.840314,40.489512],[-106.840314,40.489512],[-106.840314,40.489511],[-106.840313,40.48951],[-106.840313,40.48951],[-106.840313,40.489509],[-106.840313,40.489508]]]}},{"id":"189","type":"Feature","properties":{"natural":null,"barrier":null,"highway":"crossing","amenity":null,"tourism":null,"base_elevation":88,"height":null,"material":null,"direction":null,"artwork_type":null,"name":null},"geometry":{"type":"Polygon","coordinates":[[[-106.839323,40.489064],[-106.839323,40.489064],[-106.839324,40.489063],[-106.839324,40.489062],[-106.839324,40.489062],[-106.839324,40.489061],[-106.839325,40.489061],[-106.839325,40.48906],[-106.839326,40.489059],[-106.839327,40.489059],[-106.839327,40.489059],[-106.839328,40.489058],[-106.839329,40.489058],[-106.83933,40.489058],[-106.839331,40.489058],[-106.839332,40.489058],[-106.839332,40.489057],[-106.839333,40.489058],[-106.839334,40.489058],[-106.839335,40.489058],[-106.839336,40.489058],[-106.839337,40.489058],[-106.839337,40.489059],[-106.839338,40.489059],[-106.839339,40.489059],[-106.839339,40.48906],[-106.83934,40.489061],[-106.83934,40.489061],[-106.839341,40.489062],[-106.839341,40.489062],[-106.839341,40.489063],[-106.839341,40.489064],[-106.839341,40.489064],[-106.839341,40.489065],[-106.839341,40.489066],[-106.839341,40.489066],[-106.839341,40.489067],[-106.83934,40.489068],[-106.83934,40.489068],[-106.839339,40.489069],[-106.839339,40.489069],[-106.839338,40.48907],[-106.839337,40.48907],[-106.839337,40.48907],[-106.839336,40.489071],[-106.839335,40.489071],[-106.839334,40.489071],[-106.839333,40.489071],[-106.839332,40.489071],[-106.839332,40.489071],[-106.839331,40.489071],[-106.83933,40.489071],[-106.839329,40.489071],[-106.839328,40.48907],[-106.839327,40.48907],[-106.839327,40.48907],[-106.839326,40.489069],[-106.839325,40.489069],[-106.839325,40.489068],[-106.839324,40.489068],[-106.839324,40.489067],[-106.839324,40.489066],[-106.839324,40.489066],[-106.839323,40.489065],[-106.839323,40.489064]]]}},{"id":"190","type":"Feature","properties":{"natural":null,"barrier":null,"highway":"crossing","amenity":null,"tourism":null,"base_elevation":86,"height":null,"material":null,"direction":null,"artwork_type":null,"name":null},"geometry":{"type":"Polygon","coordinates":[[[-106.838955,40.488536],[-106.838955,40.488536],[-106.838955,40.488535],[-106.838955,40.488534],[-106.838955,40.488534],[-106.838956,40.488533],[-106.838956,40.488533],[-106.838957,40.488532],[-106.838957,40.488531],[-106.838958,40.488531],[-106.838959,40.488531],[-106.838959,40.48853],[-106.83896,40.48853],[-106.838961,40.48853],[-106.838962,40.48853],[-106.838963,40.48853],[-106.838964,40.488529],[-106.838964,40.48853],[-106.838965,40.48853],[-106.838966,40.48853],[-106.838967,40.48853],[-106.838968,40.48853],[-106.838969,40.488531],[-106.838969,40.488531],[-106.83897,40.488531],[-106.838971,40.488532],[-106.838971,40.488533],[-106.838972,40.488533],[-106.838972,40.488534],[-106.838972,40.488534],[-106.838972,40.488535],[-106.838973,40.488536],[-106.838973,40.488536],[-106.838973,40.488537],[-106.838972,40.488538],[-106.838972,40.488538],[-106.838972,40.488539],[-106.838972,40.48854],[-106.838971,40.48854],[-106.838971,40.488541],[-106.83897,40.488541],[-106.838969,40.488542],[-106.838969,40.488542],[-106.838968,40.488542],[-106.838967,40.488543],[-106.838966,40.488543],[-106.838965,40.488543],[-106.838964,40.488543],[-106.838964,40.488543],[-106.838963,40.488543],[-106.838962,40.488543],[-106.838961,40.488543],[-106.83896,40.488543],[-106.838959,40.488542],[-106.838959,40.488542],[-106.838958,40.488542],[-106.838957,40.488541],[-106.838957,40.488541],[-106.838956,40.48854],[-106.838956,40.48854],[-106.838955,40.488539],[-106.838955,40.488538],[-106.838955,40.488538],[-106.838955,40.488537],[-106.838955,40.488536]]]}},{"id":"191","type":"Feature","properties":{"natural":null,"barrier":null,"highway":"crossing","amenity":null,"tourism":null,"base_elevation":86,"height":null,"material":null,"direction":null,"artwork_type":null,"name":null},"geometry":{"type":"Polygon","coordinates":[[[-106.840523,40.489483],[-106.840523,40.489483],[-106.840523,40.489482],[-106.840523,40.489482],[-106.840524,40.489481],[-106.840524,40.48948],[-106.840525,40.48948],[-106.840525,40.489479],[-106.840526,40.489479],[-106.840526,40.489478],[-106.840527,40.489478],[-106.840528,40.489477],[-106.840529,40.489477],[-106.840529,40.489477],[-106.84053,40.489477],[-106.840531,40.489477],[-106.840532,40.489477],[-106.840533,40.489477],[-106.840534,40.489477],[-106.840535,40.489477],[-106.840535,40.489477],[-106.840536,40.489477],[-106.840537,40.489478],[-106.840538,40.489478],[-106.840538,40.489479],[-106.840539,40.489479],[-106.840539,40.48948],[-106.84054,40.48948],[-106.84054,40.489481],[-106.840541,40.489482],[-106.840541,40.489482],[-106.840541,40.489483],[-106.840541,40.489483],[-106.840541,40.489484],[-106.840541,40.489485],[-106.840541,40.489485],[-106.84054,40.489486],[-106.84054,40.489487],[-106.840539,40.489487],[-106.840539,40.489488],[-106.840538,40.489488],[-106.840538,40.489489],[-106.840537,40.489489],[-106.840536,40.48949],[-106.840535,40.48949],[-106.840535,40.48949],[-106.840534,40.48949],[-106.840533,40.48949],[-106.840532,40.48949],[-106.840531,40.48949],[-106.84053,40.48949],[-106.840529,40.48949],[-106.840529,40.48949],[-106.840528,40.48949],[-106.840527,40.489489],[-106.840526,40.489489],[-106.840526,40.489488],[-106.840525,40.489488],[-106.840525,40.489487],[-106.840524,40.489487],[-106.840524,40.489486],[-106.840523,40.489485],[-106.840523,40.489485],[-106.840523,40.489484],[-106.840523,40.489483]]]}},{"id":"192","type":"Feature","properties":{"natural":null,"barrier":null,"highway":"crossing","amenity":null,"tourism":null,"base_elevation":86,"height":null,"material":null,"direction":null,"artwork_type":null,"name":null},"geometry":{"type":"Polygon","coordinates":[[[-106.850118,40.494113],[-106.850118,40.494112],[-106.850118,40.494111],[-106.850119,40.494111],[-106.850119,40.49411],[-106.850119,40.494109],[-106.85012,40.494109],[-106.85012,40.494108],[-106.850121,40.494108],[-106.850122,40.494107],[-106.850122,40.494107],[-106.850123,40.494107],[-106.850124,40.494106],[-106.850125,40.494106],[-106.850126,40.494106],[-106.850126,40.494106],[-106.850127,40.494106],[-106.850128,40.494106],[-106.850129,40.494106],[-106.85013,40.494106],[-106.850131,40.494106],[-106.850132,40.494107],[-106.850132,40.494107],[-106.850133,40.494107],[-106.850134,40.494108],[-106.850134,40.494108],[-106.850135,40.494109],[-106.850135,40.494109],[-106.850136,40.49411],[-106.850136,40.494111],[-106.850136,40.494111],[-106.850136,40.494112],[-106.850136,40.494113],[-106.850136,40.494113],[-106.850136,40.494114],[-106.850136,40.494115],[-106.850136,40.494115],[-106.850135,40.494116],[-106.850135,40.494116],[-106.850134,40.494117],[-106.850134,40.494117],[-106.850133,40.494118],[-106.850132,40.494118],[-106.850132,40.494119],[-106.850131,40.494119],[-106.85013,40.494119],[-106.850129,40.494119],[-106.850128,40.494119],[-106.850127,40.494119],[-106.850126,40.494119],[-106.850126,40.494119],[-106.850125,40.494119],[-106.850124,40.494119],[-106.850123,40.494119],[-106.850122,40.494118],[-106.850122,40.494118],[-106.850121,40.494117],[-106.85012,40.494117],[-106.85012,40.494116],[-106.850119,40.494116],[-106.850119,40.494115],[-106.850119,40.494115],[-106.850118,40.494114],[-106.850118,40.494113],[-106.850118,40.494113]]]}},{"id":"193","type":"Feature","properties":{"natural":null,"barrier":null,"highway":"crossing","amenity":null,"tourism":null,"base_elevation":77,"height":null,"material":null,"direction":null,"artwork_type":null,"name":null},"geometry":{"type":"Polygon","coordinates":[[[-106.856347,40.501874],[-106.856347,40.501874],[-106.856347,40.501873],[-106.856348,40.501872],[-106.856348,40.501872],[-106.856348,40.501871],[-106.856349,40.501871],[-106.856349,40.50187],[-106.85635,40.50187],[-106.85635,40.501869],[-106.856351,40.501869],[-106.856352,40.501868],[-106.856353,40.501868],[-106.856353,40.501868],[-106.856354,40.501868],[-106.856355,40.501868],[-106.856356,40.501868],[-106.856357,40.501868],[-106.856358,40.501868],[-106.856359,40.501868],[-106.85636,40.501868],[-106.85636,40.501868],[-106.856361,40.501869],[-106.856362,40.501869],[-106.856362,40.50187],[-106.856363,40.50187],[-106.856364,40.501871],[-106.856364,40.501871],[-106.856364,40.501872],[-106.856365,40.501872],[-106.856365,40.501873],[-106.856365,40.501874],[-106.856365,40.501874],[-106.856365,40.501875],[-106.856365,40.501876],[-106.856365,40.501876],[-106.856364,40.501877],[-106.856364,40.501878],[-106.856364,40.501878],[-106.856363,40.501879],[-106.856362,40.501879],[-106.856362,40.50188],[-106.856361,40.50188],[-106.85636,40.50188],[-106.85636,40.501881],[-106.856359,40.501881],[-106.856358,40.501881],[-106.856357,40.501881],[-106.856356,40.501881],[-106.856355,40.501881],[-106.856354,40.501881],[-106.856353,40.501881],[-106.856353,40.501881],[-106.856352,40.50188],[-106.856351,40.50188],[-106.85635,40.50188],[-106.85635,40.501879],[-106.856349,40.501879],[-106.856349,40.501878],[-106.856348,40.501878],[-106.856348,40.501877],[-106.856348,40.501876],[-106.856347,40.501876],[-106.856347,40.501875],[-106.856347,40.501874]]]}},{"id":"194","type":"Feature","properties":{"natural":null,"barrier":null,"highway":"crossing","amenity":null,"tourism":null,"base_elevation":77,"height":null,"material":null,"direction":null,"artwork_type":null,"name":null},"geometry":{"type":"Polygon","coordinates":[[[-106.856166,40.501736],[-106.856166,40.501736],[-106.856166,40.501735],[-106.856167,40.501734],[-106.856167,40.501734],[-106.856167,40.501733],[-106.856168,40.501733],[-106.856168,40.501732],[-106.856169,40.501732],[-106.85617,40.501731],[-106.85617,40.501731],[-106.856171,40.50173],[-106.856172,40.50173],[-106.856173,40.50173],[-106.856174,40.50173],[-106.856174,40.50173],[-106.856175,40.50173],[-106.856176,40.50173],[-106.856177,40.50173],[-106.856178,40.50173],[-106.856179,40.50173],[-106.85618,40.50173],[-106.85618,40.501731],[-106.856181,40.501731],[-106.856182,40.501732],[-106.856182,40.501732],[-106.856183,40.501733],[-106.856183,40.501733],[-106.856184,40.501734],[-106.856184,40.501734],[-106.856184,40.501735],[-106.856184,40.501736],[-106.856184,40.501736],[-106.856184,40.501737],[-106.856184,40.501738],[-106.856184,40.501738],[-106.856184,40.501739],[-106.856183,40.50174],[-106.856183,40.50174],[-106.856182,40.501741],[-106.856182,40.501741],[-106.856181,40.501742],[-106.85618,40.501742],[-106.85618,40.501742],[-106.856179,40.501743],[-106.856178,40.501743],[-106.856177,40.501743],[-106.856176,40.501743],[-106.856175,40.501743],[-106.856174,40.501743],[-106.856174,40.501743],[-106.856173,40.501743],[-106.856172,40.501743],[-106.856171,40.501742],[-106.85617,40.501742],[-106.85617,40.501742],[-106.856169,40.501741],[-106.856168,40.501741],[-106.856168,40.50174],[-106.856167,40.50174],[-106.856167,40.501739],[-106.856167,40.501738],[-106.856166,40.501738],[-106.856166,40.501737],[-106.856166,40.501736]]]}},{"id":"195","type":"Feature","properties":{"natural":null,"barrier":null,"highway":"crossing","amenity":null,"tourism":null,"base_elevation":76,"height":null,"material":null,"direction":null,"artwork_type":null,"name":null},"geometry":{"type":"Polygon","coordinates":[[[-106.856223,40.501837],[-106.856223,40.501836],[-106.856223,40.501836],[-106.856224,40.501835],[-106.856224,40.501834],[-106.856224,40.501834],[-106.856225,40.501833],[-106.856225,40.501833],[-106.856226,40.501832],[-106.856227,40.501832],[-106.856227,40.501831],[-106.856228,40.501831],[-106.856229,40.501831],[-106.85623,40.501831],[-106.85623,40.50183],[-106.856231,40.50183],[-106.856232,40.50183],[-106.856233,40.50183],[-106.856234,40.50183],[-106.856235,40.501831],[-106.856236,40.501831],[-106.856236,40.501831],[-106.856237,40.501831],[-106.856238,40.501832],[-106.856239,40.501832],[-106.856239,40.501833],[-106.85624,40.501833],[-106.85624,40.501834],[-106.85624,40.501834],[-106.856241,40.501835],[-106.856241,40.501836],[-106.856241,40.501836],[-106.856241,40.501837],[-106.856241,40.501838],[-106.856241,40.501838],[-106.856241,40.501839],[-106.85624,40.50184],[-106.85624,40.50184],[-106.85624,40.501841],[-106.856239,40.501841],[-106.856239,40.501842],[-106.856238,40.501842],[-106.856237,40.501843],[-106.856236,40.501843],[-106.856236,40.501843],[-106.856235,40.501844],[-106.856234,40.501844],[-106.856233,40.501844],[-106.856232,40.501844],[-106.856231,40.501844],[-106.85623,40.501844],[-106.85623,40.501844],[-106.856229,40.501843],[-106.856228,40.501843],[-106.856227,40.501843],[-106.856227,40.501842],[-106.856226,40.501842],[-106.856225,40.501841],[-106.856225,40.501841],[-106.856224,40.50184],[-106.856224,40.50184],[-106.856224,40.501839],[-106.856223,40.501838],[-106.856223,40.501838],[-106.856223,40.501837]]]}},{"id":"196","type":"Feature","properties":{"natural":null,"barrier":null,"highway":"crossing","amenity":null,"tourism":null,"base_elevation":104,"height":null,"material":null,"direction":null,"artwork_type":null,"name":null},"geometry":{"type":"Polygon","coordinates":[[[-106.815583,40.450798],[-106.815583,40.450797],[-106.815583,40.450797],[-106.815583,40.450796],[-106.815584,40.450795],[-106.815584,40.450795],[-106.815585,40.450794],[-106.815585,40.450794],[-106.815586,40.450793],[-106.815586,40.450793],[-106.815587,40.450792],[-106.815588,40.450792],[-106.815589,40.450792],[-106.815589,40.450792],[-106.81559,40.450791],[-106.815591,40.450791],[-106.815592,40.450791],[-106.815593,40.450791],[-106.815594,40.450791],[-106.815595,40.450792],[-106.815595,40.450792],[-106.815596,40.450792],[-106.815597,40.450792],[-106.815598,40.450793],[-106.815598,40.450793],[-106.815599,40.450794],[-106.815599,40.450794],[-106.8156,40.450795],[-106.8156,40.450795],[-106.815601,40.450796],[-106.815601,40.450797],[-106.815601,40.450797],[-106.815601,40.450798],[-106.815601,40.450799],[-106.815601,40.450799],[-106.815601,40.4508],[-106.8156,40.450801],[-106.8156,40.450801],[-106.815599,40.450802],[-106.815599,40.450802],[-106.815598,40.450803],[-106.815598,40.450803],[-106.815597,40.450804],[-106.815596,40.450804],[-106.815595,40.450804],[-106.815595,40.450805],[-106.815594,40.450805],[-106.815593,40.450805],[-106.815592,40.450805],[-106.815591,40.450805],[-106.81559,40.450805],[-106.815589,40.450805],[-106.815589,40.450804],[-106.815588,40.450804],[-106.815587,40.450804],[-106.815586,40.450803],[-106.815586,40.450803],[-106.815585,40.450802],[-106.815585,40.450802],[-106.815584,40.450801],[-106.815584,40.450801],[-106.815583,40.4508],[-106.815583,40.450799],[-106.815583,40.450799],[-106.815583,40.450798]]]}},{"id":"197","type":"Feature","properties":{"natural":null,"barrier":null,"highway":"crossing","amenity":null,"tourism":null,"base_elevation":105,"height":null,"material":null,"direction":null,"artwork_type":null,"name":null},"geometry":{"type":"Polygon","coordinates":[[[-106.825844,40.465375],[-106.825844,40.465375],[-106.825844,40.465374],[-106.825844,40.465373],[-106.825845,40.465373],[-106.825845,40.465372],[-106.825846,40.465372],[-106.825846,40.465371],[-106.825847,40.465371],[-106.825847,40.46537],[-106.825848,40.46537],[-106.825849,40.465369],[-106.82585,40.465369],[-106.82585,40.465369],[-106.825851,40.465369],[-106.825852,40.465369],[-106.825853,40.465369],[-106.825854,40.465369],[-106.825855,40.465369],[-106.825856,40.465369],[-106.825856,40.465369],[-106.825857,40.465369],[-106.825858,40.46537],[-106.825859,40.46537],[-106.825859,40.465371],[-106.82586,40.465371],[-106.82586,40.465372],[-106.825861,40.465372],[-106.825861,40.465373],[-106.825862,40.465373],[-106.825862,40.465374],[-106.825862,40.465375],[-106.825862,40.465375],[-106.825862,40.465376],[-106.825862,40.465377],[-106.825862,40.465377],[-106.825861,40.465378],[-106.825861,40.465379],[-106.82586,40.465379],[-106.82586,40.46538],[-106.825859,40.46538],[-106.825859,40.465381],[-106.825858,40.465381],[-106.825857,40.465381],[-106.825856,40.465382],[-106.825856,40.465382],[-106.825855,40.465382],[-106.825854,40.465382],[-106.825853,40.465382],[-106.825852,40.465382],[-106.825851,40.465382],[-106.82585,40.465382],[-106.82585,40.465382],[-106.825849,40.465381],[-106.825848,40.465381],[-106.825847,40.465381],[-106.825847,40.46538],[-106.825846,40.46538],[-106.825846,40.465379],[-106.825845,40.465379],[-106.825845,40.465378],[-106.825844,40.465377],[-106.825844,40.465377],[-106.825844,40.465376],[-106.825844,40.465375]]]}},{"id":"198","type":"Feature","properties":{"natural":null,"barrier":null,"highway":"traffic_signals","amenity":null,"tourism":null,"base_elevation":97,"height":null,"material":null,"direction":null,"artwork_type":null,"name":null},"geometry":{"type":"Polygon","coordinates":[[[-106.826296,40.475348],[-106.826296,40.475348],[-106.826297,40.475347],[-106.826297,40.475346],[-106.826297,40.475346],[-106.826297,40.475345],[-106.826298,40.475344],[-106.826298,40.475344],[-106.826299,40.475343],[-106.8263,40.475343],[-106.8263,40.475343],[-106.826301,40.475342],[-106.826302,40.475342],[-106.826303,40.475342],[-106.826304,40.475341],[-106.826305,40.475341],[-106.826305,40.475341],[-106.826306,40.475341],[-106.826307,40.475341],[-106.826308,40.475342],[-106.826309,40.475342],[-106.82631,40.475342],[-106.82631,40.475343],[-106.826311,40.475343],[-106.826312,40.475343],[-106.826312,40.475344],[-106.826313,40.475344],[-106.826313,40.475345],[-106.826314,40.475346],[-106.826314,40.475346],[-106.826314,40.475347],[-106.826314,40.475348],[-106.826314,40.475348],[-106.826314,40.475349],[-106.826314,40.47535],[-106.826314,40.47535],[-106.826314,40.475351],[-106.826313,40.475351],[-106.826313,40.475352],[-106.826312,40.475353],[-106.826312,40.475353],[-106.826311,40.475353],[-106.82631,40.475354],[-106.82631,40.475354],[-106.826309,40.475355],[-106.826308,40.475355],[-106.826307,40.475355],[-106.826306,40.475355],[-106.826305,40.475355],[-106.826305,40.475355],[-106.826304,40.475355],[-106.826303,40.475355],[-106.826302,40.475355],[-106.826301,40.475354],[-106.8263,40.475354],[-106.8263,40.475353],[-106.826299,40.475353],[-106.826298,40.475353],[-106.826298,40.475352],[-106.826297,40.475351],[-106.826297,40.475351],[-106.826297,40.47535],[-106.826297,40.47535],[-106.826296,40.475349],[-106.826296,40.475348]]]}},{"id":"199","type":"Feature","properties":{"natural":null,"barrier":null,"highway":"crossing","amenity":null,"tourism":null,"base_elevation":100,"height":null,"material":null,"direction":null,"artwork_type":null,"name":null},"geometry":{"type":"Polygon","coordinates":[[[-106.826011,40.475143],[-106.826011,40.475142],[-106.826011,40.475141],[-106.826012,40.475141],[-106.826012,40.47514],[-106.826012,40.475139],[-106.826013,40.475139],[-106.826013,40.475138],[-106.826014,40.475138],[-106.826015,40.475137],[-106.826015,40.475137],[-106.826016,40.475137],[-106.826017,40.475136],[-106.826018,40.475136],[-106.826018,40.475136],[-106.826019,40.475136],[-106.82602,40.475136],[-106.826021,40.475136],[-106.826022,40.475136],[-106.826023,40.475136],[-106.826024,40.475136],[-106.826024,40.475137],[-106.826025,40.475137],[-106.826026,40.475137],[-106.826027,40.475138],[-106.826027,40.475138],[-106.826028,40.475139],[-106.826028,40.475139],[-106.826028,40.47514],[-106.826029,40.475141],[-106.826029,40.475141],[-106.826029,40.475142],[-106.826029,40.475143],[-106.826029,40.475143],[-106.826029,40.475144],[-106.826029,40.475145],[-106.826028,40.475145],[-106.826028,40.475146],[-106.826028,40.475146],[-106.826027,40.475147],[-106.826027,40.475148],[-106.826026,40.475148],[-106.826025,40.475148],[-106.826024,40.475149],[-106.826024,40.475149],[-106.826023,40.475149],[-106.826022,40.475149],[-106.826021,40.47515],[-106.82602,40.47515],[-106.826019,40.47515],[-106.826018,40.475149],[-106.826018,40.475149],[-106.826017,40.475149],[-106.826016,40.475149],[-106.826015,40.475148],[-106.826015,40.475148],[-106.826014,40.475148],[-106.826013,40.475147],[-106.826013,40.475146],[-106.826012,40.475146],[-106.826012,40.475145],[-106.826012,40.475145],[-106.826011,40.475144],[-106.826011,40.475143],[-106.826011,40.475143]]]}},{"id":"200","type":"Feature","properties":{"natural":null,"barrier":null,"highway":"crossing","amenity":null,"tourism":null,"base_elevation":108,"height":null,"material":null,"direction":null,"artwork_type":null,"name":null},"geometry":{"type":"Polygon","coordinates":[[[-106.826001,40.467549],[-106.826001,40.467548],[-106.826001,40.467548],[-106.826001,40.467547],[-106.826002,40.467546],[-106.826002,40.467546],[-106.826003,40.467545],[-106.826003,40.467545],[-106.826004,40.467544],[-106.826004,40.467544],[-106.826005,40.467543],[-106.826006,40.467543],[-106.826007,40.467543],[-106.826007,40.467543],[-106.826008,40.467542],[-106.826009,40.467542],[-106.82601,40.467542],[-106.826011,40.467542],[-106.826012,40.467542],[-106.826013,40.467543],[-106.826013,40.467543],[-106.826014,40.467543],[-106.826015,40.467543],[-106.826016,40.467544],[-106.826016,40.467544],[-106.826017,40.467545],[-106.826017,40.467545],[-106.826018,40.467546],[-106.826018,40.467546],[-106.826019,40.467547],[-106.826019,40.467548],[-106.826019,40.467548],[-106.826019,40.467549],[-106.826019,40.46755],[-106.826019,40.46755],[-106.826019,40.467551],[-106.826018,40.467552],[-106.826018,40.467552],[-106.826017,40.467553],[-106.826017,40.467553],[-106.826016,40.467554],[-106.826016,40.467554],[-106.826015,40.467555],[-106.826014,40.467555],[-106.826013,40.467555],[-106.826013,40.467556],[-106.826012,40.467556],[-106.826011,40.467556],[-106.82601,40.467556],[-106.826009,40.467556],[-106.826008,40.467556],[-106.826007,40.467556],[-106.826007,40.467555],[-106.826006,40.467555],[-106.826005,40.467555],[-106.826004,40.467554],[-106.826004,40.467554],[-106.826003,40.467553],[-106.826003,40.467553],[-106.826002,40.467552],[-106.826002,40.467552],[-106.826001,40.467551],[-106.826001,40.46755],[-106.826001,40.46755],[-106.826001,40.467549]]]}},{"id":"201","type":"Feature","properties":{"natural":null,"barrier":null,"highway":"crossing","amenity":null,"tourism":null,"base_elevation":107,"height":null,"material":null,"direction":null,"artwork_type":null,"name":null},"geometry":{"type":"Polygon","coordinates":[[[-106.816512,40.454113],[-106.816512,40.454112],[-106.816512,40.454112],[-106.816513,40.454111],[-106.816513,40.45411],[-106.816513,40.45411],[-106.816514,40.454109],[-106.816514,40.454109],[-106.816515,40.454108],[-106.816516,40.454108],[-106.816516,40.454107],[-106.816517,40.454107],[-106.816518,40.454107],[-106.816519,40.454106],[-106.81652,40.454106],[-106.81652,40.454106],[-106.816521,40.454106],[-106.816522,40.454106],[-106.816523,40.454106],[-106.816524,40.454106],[-106.816525,40.454107],[-106.816526,40.454107],[-106.816526,40.454107],[-106.816527,40.454108],[-106.816528,40.454108],[-106.816528,40.454109],[-106.816529,40.454109],[-106.816529,40.45411],[-106.81653,40.45411],[-106.81653,40.454111],[-106.81653,40.454112],[-106.81653,40.454112],[-106.81653,40.454113],[-106.81653,40.454114],[-106.81653,40.454114],[-106.81653,40.454115],[-106.81653,40.454116],[-106.816529,40.454116],[-106.816529,40.454117],[-106.816528,40.454117],[-106.816528,40.454118],[-106.816527,40.454118],[-106.816526,40.454119],[-106.816526,40.454119],[-106.816525,40.454119],[-106.816524,40.454119],[-106.816523,40.45412],[-106.816522,40.45412],[-106.816521,40.45412],[-106.81652,40.45412],[-106.81652,40.45412],[-106.816519,40.454119],[-106.816518,40.454119],[-106.816517,40.454119],[-106.816516,40.454119],[-106.816516,40.454118],[-106.816515,40.454118],[-106.816514,40.454117],[-106.816514,40.454117],[-106.816513,40.454116],[-106.816513,40.454116],[-106.816513,40.454115],[-106.816512,40.454114],[-106.816512,40.454114],[-106.816512,40.454113]]]}},{"id":"202","type":"Feature","properties":{"natural":null,"barrier":null,"highway":"crossing","amenity":null,"tourism":null,"base_elevation":105,"height":null,"material":null,"direction":null,"artwork_type":null,"name":null},"geometry":{"type":"Polygon","coordinates":[[[-106.826383,40.46768],[-106.826383,40.467679],[-106.826383,40.467679],[-106.826383,40.467678],[-106.826384,40.467677],[-106.826384,40.467677],[-106.826385,40.467676],[-106.826385,40.467676],[-106.826386,40.467675],[-106.826386,40.467675],[-106.826387,40.467674],[-106.826388,40.467674],[-106.826389,40.467674],[-106.826389,40.467673],[-106.82639,40.467673],[-106.826391,40.467673],[-106.826392,40.467673],[-106.826393,40.467673],[-106.826394,40.467673],[-106.826395,40.467673],[-106.826395,40.467674],[-106.826396,40.467674],[-106.826397,40.467674],[-106.826398,40.467675],[-106.826398,40.467675],[-106.826399,40.467676],[-106.826399,40.467676],[-106.8264,40.467677],[-106.8264,40.467677],[-106.826401,40.467678],[-106.826401,40.467679],[-106.826401,40.467679],[-106.826401,40.46768],[-106.826401,40.467681],[-106.826401,40.467681],[-106.826401,40.467682],[-106.8264,40.467683],[-106.8264,40.467683],[-106.826399,40.467684],[-106.826399,40.467684],[-106.826398,40.467685],[-106.826398,40.467685],[-106.826397,40.467686],[-106.826396,40.467686],[-106.826395,40.467686],[-106.826395,40.467686],[-106.826394,40.467687],[-106.826393,40.467687],[-106.826392,40.467687],[-106.826391,40.467687],[-106.82639,40.467687],[-106.826389,40.467686],[-106.826389,40.467686],[-106.826388,40.467686],[-106.826387,40.467686],[-106.826386,40.467685],[-106.826386,40.467685],[-106.826385,40.467684],[-106.826385,40.467684],[-106.826384,40.467683],[-106.826384,40.467683],[-106.826383,40.467682],[-106.826383,40.467681],[-106.826383,40.467681],[-106.826383,40.46768]]]}},{"id":"203","type":"Feature","properties":{"natural":null,"barrier":null,"highway":"crossing","amenity":null,"tourism":null,"base_elevation":109,"height":null,"material":null,"direction":null,"artwork_type":null,"name":null},"geometry":{"type":"Polygon","coordinates":[[[-106.815716,40.454594],[-106.815716,40.454593],[-106.815716,40.454592],[-106.815716,40.454592],[-106.815717,40.454591],[-106.815717,40.45459],[-106.815717,40.45459],[-106.815718,40.454589],[-106.815718,40.454589],[-106.815719,40.454588],[-106.81572,40.454588],[-106.815721,40.454588],[-106.815721,40.454587],[-106.815722,40.454587],[-106.815723,40.454587],[-106.815724,40.454587],[-106.815725,40.454587],[-106.815726,40.454587],[-106.815727,40.454587],[-106.815727,40.454587],[-106.815728,40.454587],[-106.815729,40.454588],[-106.81573,40.454588],[-106.81573,40.454588],[-106.815731,40.454589],[-106.815732,40.454589],[-106.815732,40.45459],[-106.815733,40.45459],[-106.815733,40.454591],[-106.815733,40.454592],[-106.815734,40.454592],[-106.815734,40.454593],[-106.815734,40.454594],[-106.815734,40.454594],[-106.815734,40.454595],[-106.815733,40.454596],[-106.815733,40.454596],[-106.815733,40.454597],[-106.815732,40.454597],[-106.815732,40.454598],[-106.815731,40.454598],[-106.81573,40.454599],[-106.81573,40.454599],[-106.815729,40.4546],[-106.815728,40.4546],[-106.815727,40.4546],[-106.815727,40.4546],[-106.815726,40.4546],[-106.815725,40.4546],[-106.815724,40.4546],[-106.815723,40.4546],[-106.815722,40.4546],[-106.815721,40.4546],[-106.815721,40.4546],[-106.81572,40.454599],[-106.815719,40.454599],[-106.815718,40.454598],[-106.815718,40.454598],[-106.815717,40.454597],[-106.815717,40.454597],[-106.815717,40.454596],[-106.815716,40.454596],[-106.815716,40.454595],[-106.815716,40.454594],[-106.815716,40.454594]]]}},{"id":"204","type":"Feature","properties":{"natural":null,"barrier":null,"highway":"traffic_signals","amenity":null,"tourism":null,"base_elevation":105,"height":null,"material":null,"direction":null,"artwork_type":null,"name":null},"geometry":{"type":"Polygon","coordinates":[[[-106.825829,40.465242],[-106.825829,40.465241],[-106.825829,40.465241],[-106.82583,40.46524],[-106.82583,40.465239],[-106.82583,40.465239],[-106.825831,40.465238],[-106.825831,40.465238],[-106.825832,40.465237],[-106.825832,40.465237],[-106.825833,40.465236],[-106.825834,40.465236],[-106.825835,40.465236],[-106.825835,40.465235],[-106.825836,40.465235],[-106.825837,40.465235],[-106.825838,40.465235],[-106.825839,40.465235],[-106.82584,40.465235],[-106.825841,40.465235],[-106.825842,40.465236],[-106.825842,40.465236],[-106.825843,40.465236],[-106.825844,40.465237],[-106.825844,40.465237],[-106.825845,40.465238],[-106.825846,40.465238],[-106.825846,40.465239],[-106.825846,40.465239],[-106.825847,40.46524],[-106.825847,40.465241],[-106.825847,40.465241],[-106.825847,40.465242],[-106.825847,40.465243],[-106.825847,40.465243],[-106.825847,40.465244],[-106.825846,40.465245],[-106.825846,40.465245],[-106.825846,40.465246],[-106.825845,40.465246],[-106.825844,40.465247],[-106.825844,40.465247],[-106.825843,40.465248],[-106.825842,40.465248],[-106.825842,40.465248],[-106.825841,40.465248],[-106.82584,40.465249],[-106.825839,40.465249],[-106.825838,40.465249],[-106.825837,40.465249],[-106.825836,40.465249],[-106.825835,40.465248],[-106.825835,40.465248],[-106.825834,40.465248],[-106.825833,40.465248],[-106.825832,40.465247],[-106.825832,40.465247],[-106.825831,40.465246],[-106.825831,40.465246],[-106.82583,40.465245],[-106.82583,40.465245],[-106.82583,40.465244],[-106.825829,40.465243],[-106.825829,40.465243],[-106.825829,40.465242]]]}},{"id":"205","type":"Feature","properties":{"natural":null,"barrier":null,"highway":"crossing","amenity":null,"tourism":null,"base_elevation":105,"height":null,"material":null,"direction":null,"artwork_type":null,"name":null},"geometry":{"type":"Polygon","coordinates":[[[-106.825477,40.46524],[-106.825477,40.46524],[-106.825477,40.465239],[-106.825477,40.465238],[-106.825478,40.465238],[-106.825478,40.465237],[-106.825479,40.465237],[-106.825479,40.465236],[-106.82548,40.465236],[-106.82548,40.465235],[-106.825481,40.465235],[-106.825482,40.465234],[-106.825483,40.465234],[-106.825483,40.465234],[-106.825484,40.465234],[-106.825485,40.465234],[-106.825486,40.465234],[-106.825487,40.465234],[-106.825488,40.465234],[-106.825489,40.465234],[-106.825489,40.465234],[-106.82549,40.465234],[-106.825491,40.465235],[-106.825492,40.465235],[-106.825492,40.465236],[-106.825493,40.465236],[-106.825493,40.465237],[-106.825494,40.465237],[-106.825494,40.465238],[-106.825495,40.465238],[-106.825495,40.465239],[-106.825495,40.46524],[-106.825495,40.46524],[-106.825495,40.465241],[-106.825495,40.465242],[-106.825495,40.465242],[-106.825494,40.465243],[-106.825494,40.465244],[-106.825493,40.465244],[-106.825493,40.465245],[-106.825492,40.465245],[-106.825492,40.465246],[-106.825491,40.465246],[-106.82549,40.465246],[-106.825489,40.465247],[-106.825489,40.465247],[-106.825488,40.465247],[-106.825487,40.465247],[-106.825486,40.465247],[-106.825485,40.465247],[-106.825484,40.465247],[-106.825483,40.465247],[-106.825483,40.465247],[-106.825482,40.465246],[-106.825481,40.465246],[-106.82548,40.465246],[-106.82548,40.465245],[-106.825479,40.465245],[-106.825479,40.465244],[-106.825478,40.465244],[-106.825478,40.465243],[-106.825477,40.465242],[-106.825477,40.465242],[-106.825477,40.465241],[-106.825477,40.46524]]]}},{"id":"206","type":"Feature","properties":{"natural":null,"barrier":null,"highway":"traffic_signals","amenity":null,"tourism":null,"base_elevation":105,"height":null,"material":null,"direction":null,"artwork_type":null,"name":null},"geometry":{"type":"Polygon","coordinates":[[[-106.826168,40.467672],[-106.826168,40.467671],[-106.826169,40.467671],[-106.826169,40.46767],[-106.826169,40.467669],[-106.826169,40.467669],[-106.82617,40.467668],[-106.82617,40.467668],[-106.826171,40.467667],[-106.826172,40.467667],[-106.826172,40.467666],[-106.826173,40.467666],[-106.826174,40.467666],[-106.826175,40.467665],[-106.826176,40.467665],[-106.826177,40.467665],[-106.826177,40.467665],[-106.826178,40.467665],[-106.826179,40.467665],[-106.82618,40.467665],[-106.826181,40.467666],[-106.826182,40.467666],[-106.826182,40.467666],[-106.826183,40.467667],[-106.826184,40.467667],[-106.826184,40.467668],[-106.826185,40.467668],[-106.826185,40.467669],[-106.826186,40.467669],[-106.826186,40.46767],[-106.826186,40.467671],[-106.826186,40.467671],[-106.826186,40.467672],[-106.826186,40.467673],[-106.826186,40.467673],[-106.826186,40.467674],[-106.826186,40.467675],[-106.826185,40.467675],[-106.826185,40.467676],[-106.826184,40.467676],[-106.826184,40.467677],[-106.826183,40.467677],[-106.826182,40.467678],[-106.826182,40.467678],[-106.826181,40.467678],[-106.82618,40.467678],[-106.826179,40.467679],[-106.826178,40.467679],[-106.826177,40.467679],[-106.826177,40.467679],[-106.826176,40.467679],[-106.826175,40.467678],[-106.826174,40.467678],[-106.826173,40.467678],[-106.826172,40.467678],[-106.826172,40.467677],[-106.826171,40.467677],[-106.82617,40.467676],[-106.82617,40.467676],[-106.826169,40.467675],[-106.826169,40.467675],[-106.826169,40.467674],[-106.826169,40.467673],[-106.826168,40.467673],[-106.826168,40.467672]]]}},{"id":"207","type":"Feature","properties":{"natural":null,"barrier":null,"highway":"crossing","amenity":null,"tourism":null,"base_elevation":105,"height":null,"material":null,"direction":null,"artwork_type":null,"name":null},"geometry":{"type":"Polygon","coordinates":[[[-106.825653,40.465073],[-106.825653,40.465072],[-106.825653,40.465071],[-106.825653,40.465071],[-106.825654,40.46507],[-106.825654,40.465069],[-106.825655,40.465069],[-106.825655,40.465068],[-106.825656,40.465068],[-106.825656,40.465067],[-106.825657,40.465067],[-106.825658,40.465067],[-106.825659,40.465066],[-106.825659,40.465066],[-106.82566,40.465066],[-106.825661,40.465066],[-106.825662,40.465066],[-106.825663,40.465066],[-106.825664,40.465066],[-106.825665,40.465066],[-106.825665,40.465066],[-106.825666,40.465067],[-106.825667,40.465067],[-106.825668,40.465067],[-106.825668,40.465068],[-106.825669,40.465068],[-106.825669,40.465069],[-106.82567,40.465069],[-106.82567,40.46507],[-106.825671,40.465071],[-106.825671,40.465071],[-106.825671,40.465072],[-106.825671,40.465073],[-106.825671,40.465073],[-106.825671,40.465074],[-106.825671,40.465075],[-106.82567,40.465075],[-106.82567,40.465076],[-106.825669,40.465076],[-106.825669,40.465077],[-106.825668,40.465078],[-106.825668,40.465078],[-106.825667,40.465078],[-106.825666,40.465079],[-106.825665,40.465079],[-106.825665,40.465079],[-106.825664,40.465079],[-106.825663,40.46508],[-106.825662,40.46508],[-106.825661,40.46508],[-106.82566,40.465079],[-106.825659,40.465079],[-106.825659,40.465079],[-106.825658,40.465079],[-106.825657,40.465078],[-106.825656,40.465078],[-106.825656,40.465078],[-106.825655,40.465077],[-106.825655,40.465076],[-106.825654,40.465076],[-106.825654,40.465075],[-106.825653,40.465075],[-106.825653,40.465074],[-106.825653,40.465073],[-106.825653,40.465073]]]}},{"id":"208","type":"Feature","properties":{"natural":null,"barrier":null,"highway":"crossing","amenity":null,"tourism":null,"base_elevation":105,"height":null,"material":null,"direction":null,"artwork_type":null,"name":null},"geometry":{"type":"Polygon","coordinates":[[[-106.826184,40.467774],[-106.826184,40.467773],[-106.826184,40.467773],[-106.826184,40.467772],[-106.826185,40.467771],[-106.826185,40.467771],[-106.826186,40.46777],[-106.826186,40.46777],[-106.826187,40.467769],[-106.826187,40.467769],[-106.826188,40.467768],[-106.826189,40.467768],[-106.82619,40.467768],[-106.82619,40.467767],[-106.826191,40.467767],[-106.826192,40.467767],[-106.826193,40.467767],[-106.826194,40.467767],[-106.826195,40.467767],[-106.826196,40.467767],[-106.826196,40.467768],[-106.826197,40.467768],[-106.826198,40.467768],[-106.826199,40.467769],[-106.826199,40.467769],[-106.8262,40.46777],[-106.8262,40.46777],[-106.826201,40.467771],[-106.826201,40.467771],[-106.826202,40.467772],[-106.826202,40.467773],[-106.826202,40.467773],[-106.826202,40.467774],[-106.826202,40.467775],[-106.826202,40.467775],[-106.826202,40.467776],[-106.826201,40.467777],[-106.826201,40.467777],[-106.8262,40.467778],[-106.8262,40.467778],[-106.826199,40.467779],[-106.826199,40.467779],[-106.826198,40.46778],[-106.826197,40.46778],[-106.826196,40.46778],[-106.826196,40.46778],[-106.826195,40.467781],[-106.826194,40.467781],[-106.826193,40.467781],[-106.826192,40.467781],[-106.826191,40.467781],[-106.82619,40.46778],[-106.82619,40.46778],[-106.826189,40.46778],[-106.826188,40.46778],[-106.826187,40.467779],[-106.826187,40.467779],[-106.826186,40.467778],[-106.826186,40.467778],[-106.826185,40.467777],[-106.826185,40.467777],[-106.826184,40.467776],[-106.826184,40.467775],[-106.826184,40.467775],[-106.826184,40.467774]]]}},{"id":"209","type":"Feature","properties":{"natural":null,"barrier":null,"highway":"crossing","amenity":null,"tourism":null,"base_elevation":105,"height":null,"material":null,"direction":null,"artwork_type":null,"name":null},"geometry":{"type":"Polygon","coordinates":[[[-106.82615,40.467544],[-106.82615,40.467543],[-106.82615,40.467543],[-106.82615,40.467542],[-106.826151,40.467541],[-106.826151,40.467541],[-106.826152,40.46754],[-106.826152,40.46754],[-106.826153,40.467539],[-106.826153,40.467539],[-106.826154,40.467538],[-106.826155,40.467538],[-106.826156,40.467538],[-106.826156,40.467538],[-106.826157,40.467537],[-106.826158,40.467537],[-106.826159,40.467537],[-106.82616,40.467537],[-106.826161,40.467537],[-106.826162,40.467538],[-106.826162,40.467538],[-106.826163,40.467538],[-106.826164,40.467538],[-106.826165,40.467539],[-106.826165,40.467539],[-106.826166,40.46754],[-106.826166,40.46754],[-106.826167,40.467541],[-106.826167,40.467541],[-106.826168,40.467542],[-106.826168,40.467543],[-106.826168,40.467543],[-106.826168,40.467544],[-106.826168,40.467545],[-106.826168,40.467545],[-106.826168,40.467546],[-106.826167,40.467547],[-106.826167,40.467547],[-106.826166,40.467548],[-106.826166,40.467548],[-106.826165,40.467549],[-106.826165,40.467549],[-106.826164,40.46755],[-106.826163,40.46755],[-106.826162,40.46755],[-106.826162,40.467551],[-106.826161,40.467551],[-106.82616,40.467551],[-106.826159,40.467551],[-106.826158,40.467551],[-106.826157,40.467551],[-106.826156,40.467551],[-106.826156,40.46755],[-106.826155,40.46755],[-106.826154,40.46755],[-106.826153,40.467549],[-106.826153,40.467549],[-106.826152,40.467548],[-106.826152,40.467548],[-106.826151,40.467547],[-106.826151,40.467547],[-106.82615,40.467546],[-106.82615,40.467545],[-106.82615,40.467545],[-106.82615,40.467544]]]}},{"id":"210","type":"Feature","properties":{"natural":null,"barrier":null,"highway":"crossing","amenity":null,"tourism":null,"base_elevation":109,"height":null,"material":null,"direction":null,"artwork_type":null,"name":null},"geometry":{"type":"Polygon","coordinates":[[[-106.826033,40.467763],[-106.826033,40.467762],[-106.826033,40.467762],[-106.826033,40.467761],[-106.826034,40.46776],[-106.826034,40.46776],[-106.826035,40.467759],[-106.826035,40.467759],[-106.826036,40.467758],[-106.826036,40.467758],[-106.826037,40.467757],[-106.826038,40.467757],[-106.826039,40.467757],[-106.826039,40.467756],[-106.82604,40.467756],[-106.826041,40.467756],[-106.826042,40.467756],[-106.826043,40.467756],[-106.826044,40.467756],[-106.826045,40.467756],[-106.826045,40.467757],[-106.826046,40.467757],[-106.826047,40.467757],[-106.826048,40.467758],[-106.826048,40.467758],[-106.826049,40.467759],[-106.826049,40.467759],[-106.82605,40.46776],[-106.82605,40.46776],[-106.826051,40.467761],[-106.826051,40.467762],[-106.826051,40.467762],[-106.826051,40.467763],[-106.826051,40.467764],[-106.826051,40.467764],[-106.826051,40.467765],[-106.82605,40.467766],[-106.82605,40.467766],[-106.826049,40.467767],[-106.826049,40.467767],[-106.826048,40.467768],[-106.826048,40.467768],[-106.826047,40.467769],[-106.826046,40.467769],[-106.826045,40.467769],[-106.826045,40.46777],[-106.826044,40.46777],[-106.826043,40.46777],[-106.826042,40.46777],[-106.826041,40.46777],[-106.82604,40.46777],[-106.826039,40.46777],[-106.826039,40.467769],[-106.826038,40.467769],[-106.826037,40.467769],[-106.826036,40.467768],[-106.826036,40.467768],[-106.826035,40.467767],[-106.826035,40.467767],[-106.826034,40.467766],[-106.826034,40.467766],[-106.826033,40.467765],[-106.826033,40.467764],[-106.826033,40.467764],[-106.826033,40.467763]]]}},{"id":"211","type":"Feature","properties":{"natural":null,"barrier":null,"highway":"crossing","amenity":null,"tourism":null,"base_elevation":107,"height":null,"material":null,"direction":null,"artwork_type":null,"name":null},"geometry":{"type":"Polygon","coordinates":[[[-106.816666,40.453942],[-106.816666,40.453941],[-106.816666,40.45394],[-106.816666,40.45394],[-106.816667,40.453939],[-106.816667,40.453939],[-106.816668,40.453938],[-106.816668,40.453937],[-106.816669,40.453937],[-106.816669,40.453937],[-106.81667,40.453936],[-106.816671,40.453936],[-106.816672,40.453935],[-106.816672,40.453935],[-106.816673,40.453935],[-106.816674,40.453935],[-106.816675,40.453935],[-106.816676,40.453935],[-106.816677,40.453935],[-106.816678,40.453935],[-106.816678,40.453935],[-106.816679,40.453936],[-106.81668,40.453936],[-106.816681,40.453937],[-106.816681,40.453937],[-106.816682,40.453937],[-106.816682,40.453938],[-106.816683,40.453939],[-106.816683,40.453939],[-106.816684,40.45394],[-106.816684,40.45394],[-106.816684,40.453941],[-106.816684,40.453942],[-106.816684,40.453942],[-106.816684,40.453943],[-106.816684,40.453944],[-106.816683,40.453944],[-106.816683,40.453945],[-106.816682,40.453946],[-106.816682,40.453946],[-106.816681,40.453947],[-106.816681,40.453947],[-106.81668,40.453947],[-106.816679,40.453948],[-106.816678,40.453948],[-106.816678,40.453948],[-106.816677,40.453949],[-106.816676,40.453949],[-106.816675,40.453949],[-106.816674,40.453949],[-106.816673,40.453949],[-106.816672,40.453948],[-106.816672,40.453948],[-106.816671,40.453948],[-106.81667,40.453947],[-106.816669,40.453947],[-106.816669,40.453947],[-106.816668,40.453946],[-106.816668,40.453946],[-106.816667,40.453945],[-106.816667,40.453944],[-106.816666,40.453944],[-106.816666,40.453943],[-106.816666,40.453942],[-106.816666,40.453942]]]}},{"id":"212","type":"Feature","properties":{"natural":null,"barrier":null,"highway":"crossing","amenity":null,"tourism":null,"base_elevation":105,"height":null,"material":null,"direction":null,"artwork_type":null,"name":null},"geometry":{"type":"Polygon","coordinates":[[[-106.825694,40.465371],[-106.825694,40.465371],[-106.825694,40.46537],[-106.825694,40.465369],[-106.825695,40.465369],[-106.825695,40.465368],[-106.825696,40.465368],[-106.825696,40.465367],[-106.825697,40.465366],[-106.825697,40.465366],[-106.825698,40.465366],[-106.825699,40.465365],[-106.8257,40.465365],[-106.8257,40.465365],[-106.825701,40.465365],[-106.825702,40.465364],[-106.825703,40.465364],[-106.825704,40.465364],[-106.825705,40.465365],[-106.825706,40.465365],[-106.825706,40.465365],[-106.825707,40.465365],[-106.825708,40.465366],[-106.825709,40.465366],[-106.825709,40.465366],[-106.82571,40.465367],[-106.82571,40.465368],[-106.825711,40.465368],[-106.825711,40.465369],[-106.825712,40.465369],[-106.825712,40.46537],[-106.825712,40.465371],[-106.825712,40.465371],[-106.825712,40.465372],[-106.825712,40.465373],[-106.825712,40.465373],[-106.825711,40.465374],[-106.825711,40.465375],[-106.82571,40.465375],[-106.82571,40.465376],[-106.825709,40.465376],[-106.825709,40.465377],[-106.825708,40.465377],[-106.825707,40.465377],[-106.825706,40.465378],[-106.825706,40.465378],[-106.825705,40.465378],[-106.825704,40.465378],[-106.825703,40.465378],[-106.825702,40.465378],[-106.825701,40.465378],[-106.8257,40.465378],[-106.8257,40.465378],[-106.825699,40.465377],[-106.825698,40.465377],[-106.825697,40.465377],[-106.825697,40.465376],[-106.825696,40.465376],[-106.825696,40.465375],[-106.825695,40.465375],[-106.825695,40.465374],[-106.825694,40.465373],[-106.825694,40.465373],[-106.825694,40.465372],[-106.825694,40.465371]]]}},{"id":"213","type":"Feature","properties":{"natural":null,"barrier":null,"highway":"crossing","amenity":null,"tourism":null,"base_elevation":105,"height":null,"material":null,"direction":null,"artwork_type":null,"name":null},"geometry":{"type":"Polygon","coordinates":[[[-106.826039,40.46524],[-106.826039,40.465239],[-106.826039,40.465239],[-106.826039,40.465238],[-106.82604,40.465237],[-106.82604,40.465237],[-106.826041,40.465236],[-106.826041,40.465236],[-106.826042,40.465235],[-106.826042,40.465235],[-106.826043,40.465234],[-106.826044,40.465234],[-106.826045,40.465234],[-106.826045,40.465234],[-106.826046,40.465233],[-106.826047,40.465233],[-106.826048,40.465233],[-106.826049,40.465233],[-106.82605,40.465233],[-106.826051,40.465234],[-106.826051,40.465234],[-106.826052,40.465234],[-106.826053,40.465234],[-106.826054,40.465235],[-106.826054,40.465235],[-106.826055,40.465236],[-106.826055,40.465236],[-106.826056,40.465237],[-106.826056,40.465237],[-106.826057,40.465238],[-106.826057,40.465239],[-106.826057,40.465239],[-106.826057,40.46524],[-106.826057,40.465241],[-106.826057,40.465241],[-106.826057,40.465242],[-106.826056,40.465243],[-106.826056,40.465243],[-106.826055,40.465244],[-106.826055,40.465244],[-106.826054,40.465245],[-106.826054,40.465245],[-106.826053,40.465246],[-106.826052,40.465246],[-106.826051,40.465246],[-106.826051,40.465247],[-106.82605,40.465247],[-106.826049,40.465247],[-106.826048,40.465247],[-106.826047,40.465247],[-106.826046,40.465247],[-106.826045,40.465247],[-106.826045,40.465246],[-106.826044,40.465246],[-106.826043,40.465246],[-106.826042,40.465245],[-106.826042,40.465245],[-106.826041,40.465244],[-106.826041,40.465244],[-106.82604,40.465243],[-106.82604,40.465243],[-106.826039,40.465242],[-106.826039,40.465241],[-106.826039,40.465241],[-106.826039,40.46524]]]}},{"id":"214","type":"Feature","properties":{"natural":null,"barrier":null,"highway":"crossing","amenity":null,"tourism":null,"base_elevation":108,"height":null,"material":null,"direction":null,"artwork_type":null,"name":null},"geometry":{"type":"Polygon","coordinates":[[[-106.825908,40.467658],[-106.825908,40.467657],[-106.825908,40.467657],[-106.825908,40.467656],[-106.825909,40.467655],[-106.825909,40.467655],[-106.82591,40.467654],[-106.82591,40.467654],[-106.825911,40.467653],[-106.825911,40.467653],[-106.825912,40.467652],[-106.825913,40.467652],[-106.825914,40.467652],[-106.825914,40.467651],[-106.825915,40.467651],[-106.825916,40.467651],[-106.825917,40.467651],[-106.825918,40.467651],[-106.825919,40.467651],[-106.82592,40.467651],[-106.82592,40.467652],[-106.825921,40.467652],[-106.825922,40.467652],[-106.825923,40.467653],[-106.825923,40.467653],[-106.825924,40.467654],[-106.825924,40.467654],[-106.825925,40.467655],[-106.825925,40.467655],[-106.825926,40.467656],[-106.825926,40.467657],[-106.825926,40.467657],[-106.825926,40.467658],[-106.825926,40.467659],[-106.825926,40.467659],[-106.825926,40.46766],[-106.825925,40.467661],[-106.825925,40.467661],[-106.825924,40.467662],[-106.825924,40.467662],[-106.825923,40.467663],[-106.825923,40.467663],[-106.825922,40.467664],[-106.825921,40.467664],[-106.82592,40.467664],[-106.82592,40.467664],[-106.825919,40.467665],[-106.825918,40.467665],[-106.825917,40.467665],[-106.825916,40.467665],[-106.825915,40.467665],[-106.825914,40.467664],[-106.825914,40.467664],[-106.825913,40.467664],[-106.825912,40.467664],[-106.825911,40.467663],[-106.825911,40.467663],[-106.82591,40.467662],[-106.82591,40.467662],[-106.825909,40.467661],[-106.825909,40.467661],[-106.825908,40.46766],[-106.825908,40.467659],[-106.825908,40.467659],[-106.825908,40.467658]]]}},{"id":"215","type":"Feature","properties":{"natural":null,"barrier":null,"highway":"crossing","amenity":null,"tourism":null,"base_elevation":105,"height":null,"material":null,"direction":null,"artwork_type":null,"name":null},"geometry":{"type":"Polygon","coordinates":[[[-106.825807,40.465079],[-106.825807,40.465078],[-106.825807,40.465078],[-106.825807,40.465077],[-106.825808,40.465076],[-106.825808,40.465076],[-106.825809,40.465075],[-106.825809,40.465075],[-106.82581,40.465074],[-106.82581,40.465074],[-106.825811,40.465073],[-106.825812,40.465073],[-106.825813,40.465073],[-106.825813,40.465072],[-106.825814,40.465072],[-106.825815,40.465072],[-106.825816,40.465072],[-106.825817,40.465072],[-106.825818,40.465072],[-106.825819,40.465072],[-106.825819,40.465073],[-106.82582,40.465073],[-106.825821,40.465073],[-106.825822,40.465074],[-106.825822,40.465074],[-106.825823,40.465075],[-106.825823,40.465075],[-106.825824,40.465076],[-106.825824,40.465076],[-106.825825,40.465077],[-106.825825,40.465078],[-106.825825,40.465078],[-106.825825,40.465079],[-106.825825,40.46508],[-106.825825,40.46508],[-106.825825,40.465081],[-106.825824,40.465082],[-106.825824,40.465082],[-106.825823,40.465083],[-106.825823,40.465083],[-106.825822,40.465084],[-106.825822,40.465084],[-106.825821,40.465085],[-106.82582,40.465085],[-106.825819,40.465085],[-106.825819,40.465085],[-106.825818,40.465086],[-106.825817,40.465086],[-106.825816,40.465086],[-106.825815,40.465086],[-106.825814,40.465086],[-106.825813,40.465085],[-106.825813,40.465085],[-106.825812,40.465085],[-106.825811,40.465085],[-106.82581,40.465084],[-106.82581,40.465084],[-106.825809,40.465083],[-106.825809,40.465083],[-106.825808,40.465082],[-106.825808,40.465082],[-106.825807,40.465081],[-106.825807,40.46508],[-106.825807,40.46508],[-106.825807,40.465079]]]}},{"id":"216","type":"Feature","properties":{"natural":null,"barrier":null,"highway":"crossing","amenity":null,"tourism":null,"base_elevation":104,"height":null,"material":null,"direction":null,"artwork_type":null,"name":null},"geometry":{"type":"Polygon","coordinates":[[[-106.81578,40.45082],[-106.81578,40.450819],[-106.81578,40.450818],[-106.81578,40.450818],[-106.815781,40.450817],[-106.815781,40.450817],[-106.815782,40.450816],[-106.815782,40.450815],[-106.815783,40.450815],[-106.815783,40.450815],[-106.815784,40.450814],[-106.815785,40.450814],[-106.815786,40.450813],[-106.815786,40.450813],[-106.815787,40.450813],[-106.815788,40.450813],[-106.815789,40.450813],[-106.81579,40.450813],[-106.815791,40.450813],[-106.815792,40.450813],[-106.815792,40.450813],[-106.815793,40.450814],[-106.815794,40.450814],[-106.815795,40.450815],[-106.815795,40.450815],[-106.815796,40.450815],[-106.815796,40.450816],[-106.815797,40.450817],[-106.815797,40.450817],[-106.815798,40.450818],[-106.815798,40.450818],[-106.815798,40.450819],[-106.815798,40.45082],[-106.815798,40.45082],[-106.815798,40.450821],[-106.815798,40.450822],[-106.815797,40.450822],[-106.815797,40.450823],[-106.815796,40.450824],[-106.815796,40.450824],[-106.815795,40.450825],[-106.815795,40.450825],[-106.815794,40.450825],[-106.815793,40.450826],[-106.815792,40.450826],[-106.815792,40.450826],[-106.815791,40.450827],[-106.81579,40.450827],[-106.815789,40.450827],[-106.815788,40.450827],[-106.815787,40.450827],[-106.815786,40.450826],[-106.815786,40.450826],[-106.815785,40.450826],[-106.815784,40.450825],[-106.815783,40.450825],[-106.815783,40.450825],[-106.815782,40.450824],[-106.815782,40.450824],[-106.815781,40.450823],[-106.815781,40.450822],[-106.81578,40.450822],[-106.81578,40.450821],[-106.81578,40.45082],[-106.81578,40.45082]]]}},{"id":"217","type":"Feature","properties":{"natural":null,"barrier":null,"highway":"crossing","amenity":null,"tourism":null,"base_elevation":104,"height":null,"material":null,"direction":null,"artwork_type":null,"name":null},"geometry":{"type":"Polygon","coordinates":[[[-106.815783,40.451027],[-106.815783,40.451026],[-106.815783,40.451026],[-106.815784,40.451025],[-106.815784,40.451024],[-106.815784,40.451024],[-106.815785,40.451023],[-106.815785,40.451023],[-106.815786,40.451022],[-106.815787,40.451022],[-106.815787,40.451021],[-106.815788,40.451021],[-106.815789,40.451021],[-106.81579,40.45102],[-106.815791,40.45102],[-106.815791,40.45102],[-106.815792,40.45102],[-106.815793,40.45102],[-106.815794,40.45102],[-106.815795,40.45102],[-106.815796,40.451021],[-106.815797,40.451021],[-106.815797,40.451021],[-106.815798,40.451022],[-106.815799,40.451022],[-106.815799,40.451023],[-106.8158,40.451023],[-106.8158,40.451024],[-106.815801,40.451024],[-106.815801,40.451025],[-106.815801,40.451026],[-106.815801,40.451026],[-106.815801,40.451027],[-106.815801,40.451028],[-106.815801,40.451028],[-106.815801,40.451029],[-106.815801,40.45103],[-106.8158,40.45103],[-106.8158,40.451031],[-106.815799,40.451031],[-106.815799,40.451032],[-106.815798,40.451032],[-106.815797,40.451033],[-106.815797,40.451033],[-106.815796,40.451033],[-106.815795,40.451034],[-106.815794,40.451034],[-106.815793,40.451034],[-106.815792,40.451034],[-106.815791,40.451034],[-106.815791,40.451034],[-106.81579,40.451034],[-106.815789,40.451033],[-106.815788,40.451033],[-106.815787,40.451033],[-106.815787,40.451032],[-106.815786,40.451032],[-106.815785,40.451031],[-106.815785,40.451031],[-106.815784,40.45103],[-106.815784,40.45103],[-106.815784,40.451029],[-106.815783,40.451028],[-106.815783,40.451028],[-106.815783,40.451027]]]}},{"id":"218","type":"Feature","properties":{"natural":null,"barrier":null,"highway":"crossing","amenity":null,"tourism":null,"base_elevation":119,"height":null,"material":null,"direction":null,"artwork_type":null,"name":null},"geometry":{"type":"Polygon","coordinates":[[[-106.813914,40.426985],[-106.813914,40.426985],[-106.813914,40.426984],[-106.813914,40.426983],[-106.813915,40.426983],[-106.813915,40.426982],[-106.813915,40.426981],[-106.813916,40.426981],[-106.813916,40.42698],[-106.813917,40.42698],[-106.813918,40.42698],[-106.813919,40.426979],[-106.813919,40.426979],[-106.81392,40.426979],[-106.813921,40.426978],[-106.813922,40.426978],[-106.813923,40.426978],[-106.813924,40.426978],[-106.813925,40.426978],[-106.813925,40.426979],[-106.813926,40.426979],[-106.813927,40.426979],[-106.813928,40.42698],[-106.813928,40.42698],[-106.813929,40.42698],[-106.81393,40.426981],[-106.81393,40.426981],[-106.813931,40.426982],[-106.813931,40.426983],[-106.813931,40.426983],[-106.813932,40.426984],[-106.813932,40.426985],[-106.813932,40.426985],[-106.813932,40.426986],[-106.813932,40.426987],[-106.813931,40.426987],[-106.813931,40.426988],[-106.813931,40.426988],[-106.81393,40.426989],[-106.81393,40.42699],[-106.813929,40.42699],[-106.813928,40.42699],[-106.813928,40.426991],[-106.813927,40.426991],[-106.813926,40.426992],[-106.813925,40.426992],[-106.813925,40.426992],[-106.813924,40.426992],[-106.813923,40.426992],[-106.813922,40.426992],[-106.813921,40.426992],[-106.81392,40.426992],[-106.813919,40.426992],[-106.813919,40.426991],[-106.813918,40.426991],[-106.813917,40.42699],[-106.813916,40.42699],[-106.813916,40.42699],[-106.813915,40.426989],[-106.813915,40.426988],[-106.813915,40.426988],[-106.813914,40.426987],[-106.813914,40.426987],[-106.813914,40.426986],[-106.813914,40.426985]]]}},{"id":"219","type":"Feature","properties":{"natural":null,"barrier":null,"highway":"crossing","amenity":null,"tourism":null,"base_elevation":119,"height":null,"material":null,"direction":null,"artwork_type":null,"name":null},"geometry":{"type":"Polygon","coordinates":[[[-106.814003,40.4269],[-106.814003,40.426899],[-106.814003,40.426899],[-106.814003,40.426898],[-106.814003,40.426897],[-106.814004,40.426897],[-106.814004,40.426896],[-106.814005,40.426896],[-106.814005,40.426895],[-106.814006,40.426895],[-106.814007,40.426894],[-106.814007,40.426894],[-106.814008,40.426894],[-106.814009,40.426893],[-106.81401,40.426893],[-106.814011,40.426893],[-106.814012,40.426893],[-106.814012,40.426893],[-106.814013,40.426893],[-106.814014,40.426893],[-106.814015,40.426894],[-106.814016,40.426894],[-106.814016,40.426894],[-106.814017,40.426895],[-106.814018,40.426895],[-106.814018,40.426896],[-106.814019,40.426896],[-106.814019,40.426897],[-106.81402,40.426897],[-106.81402,40.426898],[-106.81402,40.426899],[-106.81402,40.426899],[-106.81402,40.4269],[-106.81402,40.426901],[-106.81402,40.426901],[-106.81402,40.426902],[-106.81402,40.426903],[-106.814019,40.426903],[-106.814019,40.426904],[-106.814018,40.426904],[-106.814018,40.426905],[-106.814017,40.426905],[-106.814016,40.426906],[-106.814016,40.426906],[-106.814015,40.426906],[-106.814014,40.426907],[-106.814013,40.426907],[-106.814012,40.426907],[-106.814012,40.426907],[-106.814011,40.426907],[-106.81401,40.426907],[-106.814009,40.426907],[-106.814008,40.426906],[-106.814007,40.426906],[-106.814007,40.426906],[-106.814006,40.426905],[-106.814005,40.426905],[-106.814005,40.426904],[-106.814004,40.426904],[-106.814004,40.426903],[-106.814003,40.426903],[-106.814003,40.426902],[-106.814003,40.426901],[-106.814003,40.426901],[-106.814003,40.4269]]]}},{"id":"220","type":"Feature","properties":{"natural":null,"barrier":null,"highway":"crossing","amenity":null,"tourism":null,"base_elevation":95,"height":null,"material":null,"direction":null,"artwork_type":null,"name":null},"geometry":{"type":"Polygon","coordinates":[[[-106.831686,40.485647],[-106.831686,40.485646],[-106.831686,40.485645],[-106.831687,40.485645],[-106.831687,40.485644],[-106.831687,40.485643],[-106.831688,40.485643],[-106.831688,40.485642],[-106.831689,40.485642],[-106.83169,40.485641],[-106.83169,40.485641],[-106.831691,40.485641],[-106.831692,40.48564],[-106.831693,40.48564],[-106.831694,40.48564],[-106.831694,40.48564],[-106.831695,40.48564],[-106.831696,40.48564],[-106.831697,40.48564],[-106.831698,40.48564],[-106.831699,40.48564],[-106.8317,40.485641],[-106.8317,40.485641],[-106.831701,40.485641],[-106.831702,40.485642],[-106.831702,40.485642],[-106.831703,40.485643],[-106.831703,40.485643],[-106.831704,40.485644],[-106.831704,40.485645],[-106.831704,40.485645],[-106.831704,40.485646],[-106.831704,40.485647],[-106.831704,40.485647],[-106.831704,40.485648],[-106.831704,40.485649],[-106.831704,40.485649],[-106.831703,40.48565],[-106.831703,40.48565],[-106.831702,40.485651],[-106.831702,40.485651],[-106.831701,40.485652],[-106.8317,40.485652],[-106.8317,40.485653],[-106.831699,40.485653],[-106.831698,40.485653],[-106.831697,40.485653],[-106.831696,40.485653],[-106.831695,40.485653],[-106.831694,40.485653],[-106.831694,40.485653],[-106.831693,40.485653],[-106.831692,40.485653],[-106.831691,40.485653],[-106.83169,40.485652],[-106.83169,40.485652],[-106.831689,40.485651],[-106.831688,40.485651],[-106.831688,40.48565],[-106.831687,40.48565],[-106.831687,40.485649],[-106.831687,40.485649],[-106.831686,40.485648],[-106.831686,40.485647],[-106.831686,40.485647]]]}},{"id":"221","type":"Feature","properties":{"natural":null,"barrier":null,"highway":"crossing","amenity":null,"tourism":null,"base_elevation":96,"height":null,"material":null,"direction":null,"artwork_type":null,"name":null},"geometry":{"type":"Polygon","coordinates":[[[-106.831518,40.48565],[-106.831518,40.48565],[-106.831519,40.485649],[-106.831519,40.485648],[-106.831519,40.485648],[-106.831519,40.485647],[-106.83152,40.485647],[-106.83152,40.485646],[-106.831521,40.485646],[-106.831522,40.485645],[-106.831522,40.485645],[-106.831523,40.485644],[-106.831524,40.485644],[-106.831525,40.485644],[-106.831526,40.485644],[-106.831527,40.485644],[-106.831527,40.485644],[-106.831528,40.485644],[-106.831529,40.485644],[-106.83153,40.485644],[-106.831531,40.485644],[-106.831532,40.485644],[-106.831532,40.485645],[-106.831533,40.485645],[-106.831534,40.485646],[-106.831534,40.485646],[-106.831535,40.485647],[-106.831535,40.485647],[-106.831536,40.485648],[-106.831536,40.485648],[-106.831536,40.485649],[-106.831536,40.48565],[-106.831536,40.48565],[-106.831536,40.485651],[-106.831536,40.485652],[-106.831536,40.485652],[-106.831536,40.485653],[-106.831535,40.485654],[-106.831535,40.485654],[-106.831534,40.485655],[-106.831534,40.485655],[-106.831533,40.485656],[-106.831532,40.485656],[-106.831532,40.485656],[-106.831531,40.485657],[-106.83153,40.485657],[-106.831529,40.485657],[-106.831528,40.485657],[-106.831527,40.485657],[-106.831527,40.485657],[-106.831526,40.485657],[-106.831525,40.485657],[-106.831524,40.485657],[-106.831523,40.485656],[-106.831522,40.485656],[-106.831522,40.485656],[-106.831521,40.485655],[-106.83152,40.485655],[-106.83152,40.485654],[-106.831519,40.485654],[-106.831519,40.485653],[-106.831519,40.485652],[-106.831519,40.485652],[-106.831518,40.485651],[-106.831518,40.48565]]]}},{"id":"222","type":"Feature","properties":{"natural":null,"barrier":null,"highway":"crossing","amenity":null,"tourism":null,"base_elevation":96,"height":null,"material":null,"direction":null,"artwork_type":null,"name":null},"geometry":{"type":"Polygon","coordinates":[[[-106.831504,40.485826],[-106.831504,40.485825],[-106.831504,40.485825],[-106.831504,40.485824],[-106.831504,40.485823],[-106.831505,40.485823],[-106.831505,40.485822],[-106.831506,40.485822],[-106.831506,40.485821],[-106.831507,40.485821],[-106.831508,40.48582],[-106.831508,40.48582],[-106.831509,40.48582],[-106.83151,40.485819],[-106.831511,40.485819],[-106.831512,40.485819],[-106.831513,40.485819],[-106.831513,40.485819],[-106.831514,40.485819],[-106.831515,40.485819],[-106.831516,40.48582],[-106.831517,40.48582],[-106.831517,40.48582],[-106.831518,40.485821],[-106.831519,40.485821],[-106.831519,40.485822],[-106.83152,40.485822],[-106.83152,40.485823],[-106.831521,40.485823],[-106.831521,40.485824],[-106.831521,40.485825],[-106.831521,40.485825],[-106.831521,40.485826],[-106.831521,40.485827],[-106.831521,40.485827],[-106.831521,40.485828],[-106.831521,40.485829],[-106.83152,40.485829],[-106.83152,40.48583],[-106.831519,40.48583],[-106.831519,40.485831],[-106.831518,40.485831],[-106.831517,40.485832],[-106.831517,40.485832],[-106.831516,40.485832],[-106.831515,40.485832],[-106.831514,40.485833],[-106.831513,40.485833],[-106.831513,40.485833],[-106.831512,40.485833],[-106.831511,40.485833],[-106.83151,40.485832],[-106.831509,40.485832],[-106.831508,40.485832],[-106.831508,40.485832],[-106.831507,40.485831],[-106.831506,40.485831],[-106.831506,40.48583],[-106.831505,40.48583],[-106.831505,40.485829],[-106.831504,40.485829],[-106.831504,40.485828],[-106.831504,40.485827],[-106.831504,40.485827],[-106.831504,40.485826]]]}},{"id":"223","type":"Feature","properties":{"natural":null,"barrier":null,"highway":"crossing","amenity":null,"tourism":null,"base_elevation":95,"height":null,"material":null,"direction":null,"artwork_type":null,"name":null},"geometry":{"type":"Polygon","coordinates":[[[-106.831985,40.487225],[-106.831985,40.487224],[-106.831985,40.487224],[-106.831986,40.487223],[-106.831986,40.487222],[-106.831986,40.487222],[-106.831987,40.487221],[-106.831987,40.487221],[-106.831988,40.48722],[-106.831989,40.48722],[-106.831989,40.487219],[-106.83199,40.487219],[-106.831991,40.487219],[-106.831992,40.487218],[-106.831993,40.487218],[-106.831993,40.487218],[-106.831994,40.487218],[-106.831995,40.487218],[-106.831996,40.487218],[-106.831997,40.487218],[-106.831998,40.487219],[-106.831999,40.487219],[-106.831999,40.487219],[-106.832,40.48722],[-106.832001,40.48722],[-106.832001,40.487221],[-106.832002,40.487221],[-106.832002,40.487222],[-106.832003,40.487222],[-106.832003,40.487223],[-106.832003,40.487224],[-106.832003,40.487224],[-106.832003,40.487225],[-106.832003,40.487226],[-106.832003,40.487226],[-106.832003,40.487227],[-106.832003,40.487228],[-106.832002,40.487228],[-106.832002,40.487229],[-106.832001,40.487229],[-106.832001,40.48723],[-106.832,40.48723],[-106.831999,40.487231],[-106.831999,40.487231],[-106.831998,40.487231],[-106.831997,40.487231],[-106.831996,40.487232],[-106.831995,40.487232],[-106.831994,40.487232],[-106.831993,40.487232],[-106.831993,40.487232],[-106.831992,40.487231],[-106.831991,40.487231],[-106.83199,40.487231],[-106.831989,40.487231],[-106.831989,40.48723],[-106.831988,40.48723],[-106.831987,40.487229],[-106.831987,40.487229],[-106.831986,40.487228],[-106.831986,40.487228],[-106.831986,40.487227],[-106.831985,40.487226],[-106.831985,40.487226],[-106.831985,40.487225]]]}},{"id":"224","type":"Feature","properties":{"natural":null,"barrier":null,"highway":"crossing","amenity":null,"tourism":null,"base_elevation":96,"height":null,"material":null,"direction":null,"artwork_type":null,"name":null},"geometry":{"type":"Polygon","coordinates":[[[-106.831055,40.488151],[-106.831055,40.48815],[-106.831055,40.488149],[-106.831056,40.488149],[-106.831056,40.488148],[-106.831056,40.488147],[-106.831057,40.488147],[-106.831057,40.488146],[-106.831058,40.488146],[-106.831059,40.488145],[-106.831059,40.488145],[-106.83106,40.488145],[-106.831061,40.488144],[-106.831062,40.488144],[-106.831063,40.488144],[-106.831063,40.488144],[-106.831064,40.488144],[-106.831065,40.488144],[-106.831066,40.488144],[-106.831067,40.488144],[-106.831068,40.488144],[-106.831069,40.488145],[-106.831069,40.488145],[-106.83107,40.488145],[-106.831071,40.488146],[-106.831071,40.488146],[-106.831072,40.488147],[-106.831072,40.488147],[-106.831073,40.488148],[-106.831073,40.488149],[-106.831073,40.488149],[-106.831073,40.48815],[-106.831073,40.488151],[-106.831073,40.488151],[-106.831073,40.488152],[-106.831073,40.488153],[-106.831073,40.488153],[-106.831072,40.488154],[-106.831072,40.488154],[-106.831071,40.488155],[-106.831071,40.488156],[-106.83107,40.488156],[-106.831069,40.488156],[-106.831069,40.488157],[-106.831068,40.488157],[-106.831067,40.488157],[-106.831066,40.488157],[-106.831065,40.488157],[-106.831064,40.488158],[-106.831063,40.488157],[-106.831063,40.488157],[-106.831062,40.488157],[-106.831061,40.488157],[-106.83106,40.488157],[-106.831059,40.488156],[-106.831059,40.488156],[-106.831058,40.488156],[-106.831057,40.488155],[-106.831057,40.488154],[-106.831056,40.488154],[-106.831056,40.488153],[-106.831056,40.488153],[-106.831055,40.488152],[-106.831055,40.488151],[-106.831055,40.488151]]]}},{"id":"225","type":"Feature","properties":{"natural":null,"barrier":null,"highway":"crossing","amenity":null,"tourism":null,"base_elevation":124,"height":null,"material":null,"direction":null,"artwork_type":null,"name":null},"geometry":{"type":"Polygon","coordinates":[[[-106.822271,40.486655],[-106.822271,40.486654],[-106.822271,40.486653],[-106.822271,40.486653],[-106.822272,40.486652],[-106.822272,40.486651],[-106.822272,40.486651],[-106.822273,40.48665],[-106.822274,40.48665],[-106.822274,40.486649],[-106.822275,40.486649],[-106.822276,40.486649],[-106.822276,40.486648],[-106.822277,40.486648],[-106.822278,40.486648],[-106.822279,40.486648],[-106.82228,40.486648],[-106.822281,40.486648],[-106.822282,40.486648],[-106.822283,40.486648],[-106.822283,40.486648],[-106.822284,40.486649],[-106.822285,40.486649],[-106.822286,40.486649],[-106.822286,40.48665],[-106.822287,40.48665],[-106.822287,40.486651],[-106.822288,40.486651],[-106.822288,40.486652],[-106.822288,40.486653],[-106.822289,40.486653],[-106.822289,40.486654],[-106.822289,40.486655],[-106.822289,40.486655],[-106.822289,40.486656],[-106.822288,40.486657],[-106.822288,40.486657],[-106.822288,40.486658],[-106.822287,40.486658],[-106.822287,40.486659],[-106.822286,40.486659],[-106.822286,40.48666],[-106.822285,40.48666],[-106.822284,40.486661],[-106.822283,40.486661],[-106.822283,40.486661],[-106.822282,40.486661],[-106.822281,40.486661],[-106.82228,40.486661],[-106.822279,40.486661],[-106.822278,40.486661],[-106.822277,40.486661],[-106.822276,40.486661],[-106.822276,40.486661],[-106.822275,40.48666],[-106.822274,40.48666],[-106.822274,40.486659],[-106.822273,40.486659],[-106.822272,40.486658],[-106.822272,40.486658],[-106.822272,40.486657],[-106.822271,40.486657],[-106.822271,40.486656],[-106.822271,40.486655],[-106.822271,40.486655]]]}},{"id":"226","type":"Feature","properties":{"natural":null,"barrier":null,"highway":"crossing","amenity":null,"tourism":null,"base_elevation":117,"height":null,"material":null,"direction":null,"artwork_type":null,"name":null},"geometry":{"type":"Polygon","coordinates":[[[-106.825128,40.486016],[-106.825128,40.486015],[-106.825128,40.486015],[-106.825129,40.486014],[-106.825129,40.486013],[-106.825129,40.486013],[-106.82513,40.486012],[-106.82513,40.486012],[-106.825131,40.486011],[-106.825132,40.486011],[-106.825132,40.48601],[-106.825133,40.48601],[-106.825134,40.48601],[-106.825135,40.486009],[-106.825136,40.486009],[-106.825136,40.486009],[-106.825137,40.486009],[-106.825138,40.486009],[-106.825139,40.486009],[-106.82514,40.486009],[-106.825141,40.48601],[-106.825142,40.48601],[-106.825142,40.48601],[-106.825143,40.486011],[-106.825144,40.486011],[-106.825144,40.486012],[-106.825145,40.486012],[-106.825145,40.486013],[-106.825146,40.486013],[-106.825146,40.486014],[-106.825146,40.486015],[-106.825146,40.486015],[-106.825146,40.486016],[-106.825146,40.486017],[-106.825146,40.486017],[-106.825146,40.486018],[-106.825146,40.486019],[-106.825145,40.486019],[-106.825145,40.48602],[-106.825144,40.48602],[-106.825144,40.486021],[-106.825143,40.486021],[-106.825142,40.486022],[-106.825142,40.486022],[-106.825141,40.486022],[-106.82514,40.486022],[-106.825139,40.486023],[-106.825138,40.486023],[-106.825137,40.486023],[-106.825136,40.486023],[-106.825136,40.486023],[-106.825135,40.486022],[-106.825134,40.486022],[-106.825133,40.486022],[-106.825132,40.486022],[-106.825132,40.486021],[-106.825131,40.486021],[-106.82513,40.48602],[-106.82513,40.48602],[-106.825129,40.486019],[-106.825129,40.486019],[-106.825129,40.486018],[-106.825128,40.486017],[-106.825128,40.486017],[-106.825128,40.486016]]]}},{"id":"227","type":"Feature","properties":{"natural":null,"barrier":null,"highway":"crossing","amenity":null,"tourism":null,"base_elevation":120,"height":null,"material":null,"direction":null,"artwork_type":null,"name":null},"geometry":{"type":"Polygon","coordinates":[[[-106.823756,40.486091],[-106.823756,40.486091],[-106.823756,40.48609],[-106.823756,40.486089],[-106.823756,40.486089],[-106.823757,40.486088],[-106.823757,40.486088],[-106.823758,40.486087],[-106.823758,40.486087],[-106.823759,40.486086],[-106.82376,40.486086],[-106.82376,40.486085],[-106.823761,40.486085],[-106.823762,40.486085],[-106.823763,40.486085],[-106.823764,40.486085],[-106.823764,40.486085],[-106.823765,40.486085],[-106.823766,40.486085],[-106.823767,40.486085],[-106.823768,40.486085],[-106.823769,40.486085],[-106.823769,40.486086],[-106.82377,40.486086],[-106.823771,40.486087],[-106.823771,40.486087],[-106.823772,40.486088],[-106.823772,40.486088],[-106.823773,40.486089],[-106.823773,40.486089],[-106.823773,40.48609],[-106.823773,40.486091],[-106.823773,40.486091],[-106.823773,40.486092],[-106.823773,40.486093],[-106.823773,40.486093],[-106.823773,40.486094],[-106.823772,40.486095],[-106.823772,40.486095],[-106.823771,40.486096],[-106.823771,40.486096],[-106.82377,40.486097],[-106.823769,40.486097],[-106.823769,40.486097],[-106.823768,40.486098],[-106.823767,40.486098],[-106.823766,40.486098],[-106.823765,40.486098],[-106.823764,40.486098],[-106.823764,40.486098],[-106.823763,40.486098],[-106.823762,40.486098],[-106.823761,40.486098],[-106.82376,40.486097],[-106.82376,40.486097],[-106.823759,40.486097],[-106.823758,40.486096],[-106.823758,40.486096],[-106.823757,40.486095],[-106.823757,40.486095],[-106.823756,40.486094],[-106.823756,40.486093],[-106.823756,40.486093],[-106.823756,40.486092],[-106.823756,40.486091]]]}},{"id":"228","type":"Feature","properties":{"natural":null,"barrier":null,"highway":"crossing","amenity":null,"tourism":null,"base_elevation":102,"height":null,"material":null,"direction":null,"artwork_type":null,"name":null},"geometry":{"type":"Polygon","coordinates":[[[-106.82928,40.490508],[-106.82928,40.490507],[-106.82928,40.490506],[-106.829281,40.490506],[-106.829281,40.490505],[-106.829281,40.490504],[-106.829282,40.490504],[-106.829282,40.490503],[-106.829283,40.490503],[-106.829284,40.490502],[-106.829284,40.490502],[-106.829285,40.490502],[-106.829286,40.490501],[-106.829287,40.490501],[-106.829287,40.490501],[-106.829288,40.490501],[-106.829289,40.490501],[-106.82929,40.490501],[-106.829291,40.490501],[-106.829292,40.490501],[-106.829293,40.490501],[-106.829293,40.490502],[-106.829294,40.490502],[-106.829295,40.490502],[-106.829296,40.490503],[-106.829296,40.490503],[-106.829297,40.490504],[-106.829297,40.490504],[-106.829297,40.490505],[-106.829298,40.490506],[-106.829298,40.490506],[-106.829298,40.490507],[-106.829298,40.490508],[-106.829298,40.490508],[-106.829298,40.490509],[-106.829298,40.49051],[-106.829297,40.49051],[-106.829297,40.490511],[-106.829297,40.490511],[-106.829296,40.490512],[-106.829296,40.490513],[-106.829295,40.490513],[-106.829294,40.490513],[-106.829293,40.490514],[-106.829293,40.490514],[-106.829292,40.490514],[-106.829291,40.490514],[-106.82929,40.490514],[-106.829289,40.490515],[-106.829288,40.490514],[-106.829287,40.490514],[-106.829287,40.490514],[-106.829286,40.490514],[-106.829285,40.490514],[-106.829284,40.490513],[-106.829284,40.490513],[-106.829283,40.490513],[-106.829282,40.490512],[-106.829282,40.490511],[-106.829281,40.490511],[-106.829281,40.49051],[-106.829281,40.49051],[-106.82928,40.490509],[-106.82928,40.490508],[-106.82928,40.490508]]]}},{"id":"229","type":"Feature","properties":{"natural":null,"barrier":null,"highway":"crossing","amenity":null,"tourism":null,"base_elevation":97,"height":null,"material":null,"direction":null,"artwork_type":null,"name":null},"geometry":{"type":"Polygon","coordinates":[[[-106.830287,40.490347],[-106.830287,40.490346],[-106.830287,40.490346],[-106.830288,40.490345],[-106.830288,40.490344],[-106.830288,40.490344],[-106.830289,40.490343],[-106.830289,40.490343],[-106.83029,40.490342],[-106.83029,40.490342],[-106.830291,40.490341],[-106.830292,40.490341],[-106.830293,40.490341],[-106.830293,40.490341],[-106.830294,40.49034],[-106.830295,40.49034],[-106.830296,40.49034],[-106.830297,40.49034],[-106.830298,40.49034],[-106.830299,40.490341],[-106.8303,40.490341],[-106.8303,40.490341],[-106.830301,40.490341],[-106.830302,40.490342],[-106.830302,40.490342],[-106.830303,40.490343],[-106.830304,40.490343],[-106.830304,40.490344],[-106.830304,40.490344],[-106.830305,40.490345],[-106.830305,40.490346],[-106.830305,40.490346],[-106.830305,40.490347],[-106.830305,40.490348],[-106.830305,40.490348],[-106.830305,40.490349],[-106.830304,40.49035],[-106.830304,40.49035],[-106.830304,40.490351],[-106.830303,40.490351],[-106.830302,40.490352],[-106.830302,40.490352],[-106.830301,40.490353],[-106.8303,40.490353],[-106.8303,40.490353],[-106.830299,40.490354],[-106.830298,40.490354],[-106.830297,40.490354],[-106.830296,40.490354],[-106.830295,40.490354],[-106.830294,40.490354],[-106.830293,40.490354],[-106.830293,40.490353],[-106.830292,40.490353],[-106.830291,40.490353],[-106.83029,40.490352],[-106.83029,40.490352],[-106.830289,40.490351],[-106.830289,40.490351],[-106.830288,40.49035],[-106.830288,40.49035],[-106.830288,40.490349],[-106.830287,40.490348],[-106.830287,40.490348],[-106.830287,40.490347]]]}},{"id":"230","type":"Feature","properties":{"natural":null,"barrier":null,"highway":"crossing","amenity":null,"tourism":null,"base_elevation":99,"height":null,"material":null,"direction":null,"artwork_type":null,"name":null},"geometry":{"type":"Polygon","coordinates":[[[-106.829914,40.490626],[-106.829914,40.490626],[-106.829914,40.490625],[-106.829914,40.490624],[-106.829915,40.490624],[-106.829915,40.490623],[-106.829915,40.490623],[-106.829916,40.490622],[-106.829916,40.490622],[-106.829917,40.490621],[-106.829918,40.490621],[-106.829919,40.49062],[-106.829919,40.49062],[-106.82992,40.49062],[-106.829921,40.49062],[-106.829922,40.49062],[-106.829923,40.49062],[-106.829924,40.49062],[-106.829925,40.49062],[-106.829925,40.49062],[-106.829926,40.49062],[-106.829927,40.49062],[-106.829928,40.490621],[-106.829928,40.490621],[-106.829929,40.490622],[-106.82993,40.490622],[-106.82993,40.490623],[-106.829931,40.490623],[-106.829931,40.490624],[-106.829931,40.490624],[-106.829932,40.490625],[-106.829932,40.490626],[-106.829932,40.490626],[-106.829932,40.490627],[-106.829932,40.490628],[-106.829931,40.490628],[-106.829931,40.490629],[-106.829931,40.49063],[-106.82993,40.49063],[-106.82993,40.490631],[-106.829929,40.490631],[-106.829928,40.490632],[-106.829928,40.490632],[-106.829927,40.490632],[-106.829926,40.490633],[-106.829925,40.490633],[-106.829925,40.490633],[-106.829924,40.490633],[-106.829923,40.490633],[-106.829922,40.490633],[-106.829921,40.490633],[-106.82992,40.490633],[-106.829919,40.490633],[-106.829919,40.490632],[-106.829918,40.490632],[-106.829917,40.490632],[-106.829916,40.490631],[-106.829916,40.490631],[-106.829915,40.49063],[-106.829915,40.49063],[-106.829915,40.490629],[-106.829914,40.490628],[-106.829914,40.490628],[-106.829914,40.490627],[-106.829914,40.490626]]]}},{"id":"231","type":"Feature","properties":{"natural":null,"barrier":null,"highway":"crossing","amenity":null,"tourism":null,"base_elevation":102,"height":null,"material":null,"direction":null,"artwork_type":null,"name":null},"geometry":{"type":"Polygon","coordinates":[[[-106.829326,40.490626],[-106.829326,40.490626],[-106.829327,40.490625],[-106.829327,40.490624],[-106.829327,40.490624],[-106.829327,40.490623],[-106.829328,40.490623],[-106.829328,40.490622],[-106.829329,40.490622],[-106.82933,40.490621],[-106.82933,40.490621],[-106.829331,40.49062],[-106.829332,40.49062],[-106.829333,40.49062],[-106.829334,40.49062],[-106.829335,40.49062],[-106.829335,40.49062],[-106.829336,40.49062],[-106.829337,40.49062],[-106.829338,40.49062],[-106.829339,40.49062],[-106.82934,40.49062],[-106.82934,40.490621],[-106.829341,40.490621],[-106.829342,40.490622],[-106.829342,40.490622],[-106.829343,40.490623],[-106.829343,40.490623],[-106.829344,40.490624],[-106.829344,40.490624],[-106.829344,40.490625],[-106.829344,40.490626],[-106.829344,40.490626],[-106.829344,40.490627],[-106.829344,40.490628],[-106.829344,40.490628],[-106.829344,40.490629],[-106.829343,40.49063],[-106.829343,40.49063],[-106.829342,40.490631],[-106.829342,40.490631],[-106.829341,40.490632],[-106.82934,40.490632],[-106.82934,40.490632],[-106.829339,40.490633],[-106.829338,40.490633],[-106.829337,40.490633],[-106.829336,40.490633],[-106.829335,40.490633],[-106.829335,40.490633],[-106.829334,40.490633],[-106.829333,40.490633],[-106.829332,40.490633],[-106.829331,40.490632],[-106.82933,40.490632],[-106.82933,40.490632],[-106.829329,40.490631],[-106.829328,40.490631],[-106.829328,40.49063],[-106.829327,40.49063],[-106.829327,40.490629],[-106.829327,40.490628],[-106.829327,40.490628],[-106.829326,40.490627],[-106.829326,40.490626]]]}},{"id":"232","type":"Feature","properties":{"natural":null,"barrier":null,"highway":"crossing","amenity":null,"tourism":null,"base_elevation":102,"height":null,"material":null,"direction":null,"artwork_type":null,"name":null},"geometry":{"type":"Polygon","coordinates":[[[-106.828999,40.490669],[-106.828999,40.490669],[-106.828999,40.490668],[-106.829,40.490667],[-106.829,40.490667],[-106.829,40.490666],[-106.829001,40.490665],[-106.829001,40.490665],[-106.829002,40.490664],[-106.829003,40.490664],[-106.829003,40.490664],[-106.829004,40.490663],[-106.829005,40.490663],[-106.829006,40.490663],[-106.829006,40.490662],[-106.829007,40.490662],[-106.829008,40.490662],[-106.829009,40.490662],[-106.82901,40.490662],[-106.829011,40.490663],[-106.829012,40.490663],[-106.829012,40.490663],[-106.829013,40.490664],[-106.829014,40.490664],[-106.829015,40.490664],[-106.829015,40.490665],[-106.829016,40.490665],[-106.829016,40.490666],[-106.829016,40.490667],[-106.829017,40.490667],[-106.829017,40.490668],[-106.829017,40.490669],[-106.829017,40.490669],[-106.829017,40.49067],[-106.829017,40.490671],[-106.829017,40.490671],[-106.829016,40.490672],[-106.829016,40.490672],[-106.829016,40.490673],[-106.829015,40.490674],[-106.829015,40.490674],[-106.829014,40.490674],[-106.829013,40.490675],[-106.829012,40.490675],[-106.829012,40.490676],[-106.829011,40.490676],[-106.82901,40.490676],[-106.829009,40.490676],[-106.829008,40.490676],[-106.829007,40.490676],[-106.829006,40.490676],[-106.829006,40.490676],[-106.829005,40.490676],[-106.829004,40.490675],[-106.829003,40.490675],[-106.829003,40.490674],[-106.829002,40.490674],[-106.829001,40.490674],[-106.829001,40.490673],[-106.829,40.490672],[-106.829,40.490672],[-106.829,40.490671],[-106.828999,40.490671],[-106.828999,40.49067],[-106.828999,40.490669]]]}},{"id":"233","type":"Feature","properties":{"natural":null,"barrier":null,"highway":"crossing","amenity":null,"tourism":null,"base_elevation":144,"height":null,"material":null,"direction":null,"artwork_type":null,"name":null},"geometry":{"type":"Polygon","coordinates":[[[-106.848939,40.50044],[-106.848939,40.500439],[-106.848939,40.500439],[-106.848939,40.500438],[-106.84894,40.500437],[-106.84894,40.500437],[-106.84894,40.500436],[-106.848941,40.500436],[-106.848942,40.500435],[-106.848942,40.500435],[-106.848943,40.500434],[-106.848944,40.500434],[-106.848944,40.500434],[-106.848945,40.500434],[-106.848946,40.500433],[-106.848947,40.500433],[-106.848948,40.500433],[-106.848949,40.500433],[-106.84895,40.500433],[-106.848951,40.500434],[-106.848951,40.500434],[-106.848952,40.500434],[-106.848953,40.500434],[-106.848954,40.500435],[-106.848954,40.500435],[-106.848955,40.500436],[-106.848955,40.500436],[-106.848956,40.500437],[-106.848956,40.500437],[-106.848956,40.500438],[-106.848957,40.500439],[-106.848957,40.500439],[-106.848957,40.50044],[-106.848957,40.500441],[-106.848957,40.500441],[-106.848956,40.500442],[-106.848956,40.500443],[-106.848956,40.500443],[-106.848955,40.500444],[-106.848955,40.500444],[-106.848954,40.500445],[-106.848954,40.500445],[-106.848953,40.500446],[-106.848952,40.500446],[-106.848951,40.500446],[-106.848951,40.500447],[-106.84895,40.500447],[-106.848949,40.500447],[-106.848948,40.500447],[-106.848947,40.500447],[-106.848946,40.500447],[-106.848945,40.500447],[-106.848944,40.500446],[-106.848944,40.500446],[-106.848943,40.500446],[-106.848942,40.500445],[-106.848942,40.500445],[-106.848941,40.500444],[-106.84894,40.500444],[-106.84894,40.500443],[-106.84894,40.500443],[-106.848939,40.500442],[-106.848939,40.500441],[-106.848939,40.500441],[-106.848939,40.50044]]]}},{"id":"234","type":"Feature","properties":{"natural":null,"barrier":null,"highway":null,"amenity":null,"tourism":"artwork","base_elevation":90,"height":null,"material":"bronze","direction":null,"artwork_type":"statue","name":"Steamboat Spirit"},"geometry":{"type":"Polygon","coordinates":[[[-106.838111,40.48378],[-106.838111,40.483779],[-106.838112,40.483778],[-106.838112,40.483778],[-106.838112,40.483777],[-106.838112,40.483777],[-106.838113,40.483776],[-106.838113,40.483775],[-106.838114,40.483775],[-106.838115,40.483775],[-106.838115,40.483774],[-106.838116,40.483774],[-106.838117,40.483773],[-106.838118,40.483773],[-106.838119,40.483773],[-106.83812,40.483773],[-106.83812,40.483773],[-106.838121,40.483773],[-106.838122,40.483773],[-106.838123,40.483773],[-106.838124,40.483773],[-106.838125,40.483774],[-106.838125,40.483774],[-106.838126,40.483775],[-106.838127,40.483775],[-106.838127,40.483775],[-106.838128,40.483776],[-106.838128,40.483777],[-106.838129,40.483777],[-106.838129,40.483778],[-106.838129,40.483778],[-106.838129,40.483779],[-106.838129,40.48378],[-106.838129,40.48378],[-106.838129,40.483781],[-106.838129,40.483782],[-106.838129,40.483782],[-106.838128,40.483783],[-106.838128,40.483784],[-106.838127,40.483784],[-106.838127,40.483785],[-106.838126,40.483785],[-106.838125,40.483785],[-106.838125,40.483786],[-106.838124,40.483786],[-106.838123,40.483786],[-106.838122,40.483787],[-106.838121,40.483787],[-106.83812,40.483787],[-106.83812,40.483787],[-106.838119,40.483787],[-106.838118,40.483786],[-106.838117,40.483786],[-106.838116,40.483786],[-106.838115,40.483785],[-106.838115,40.483785],[-106.838114,40.483785],[-106.838113,40.483784],[-106.838113,40.483784],[-106.838112,40.483783],[-106.838112,40.483782],[-106.838112,40.483782],[-106.838112,40.483781],[-106.838111,40.48378],[-106.838111,40.48378]]]}},{"id":"235","type":"Feature","properties":{"natural":null,"barrier":null,"highway":"crossing","amenity":null,"tourism":null,"base_elevation":110,"height":null,"material":null,"direction":null,"artwork_type":null,"name":null},"geometry":{"type":"Polygon","coordinates":[[[-106.812323,40.45119],[-106.812323,40.451189],[-106.812323,40.451188],[-106.812323,40.451188],[-106.812323,40.451187],[-106.812324,40.451187],[-106.812324,40.451186],[-106.812325,40.451185],[-106.812325,40.451185],[-106.812326,40.451185],[-106.812327,40.451184],[-106.812327,40.451184],[-106.812328,40.451183],[-106.812329,40.451183],[-106.81233,40.451183],[-106.812331,40.451183],[-106.812331,40.451183],[-106.812332,40.451183],[-106.812333,40.451183],[-106.812334,40.451183],[-106.812335,40.451183],[-106.812336,40.451184],[-106.812336,40.451184],[-106.812337,40.451185],[-106.812338,40.451185],[-106.812338,40.451185],[-106.812339,40.451186],[-106.812339,40.451187],[-106.81234,40.451187],[-106.81234,40.451188],[-106.81234,40.451188],[-106.81234,40.451189],[-106.81234,40.45119],[-106.81234,40.45119],[-106.81234,40.451191],[-106.81234,40.451192],[-106.81234,40.451192],[-106.812339,40.451193],[-106.812339,40.451194],[-106.812338,40.451194],[-106.812338,40.451195],[-106.812337,40.451195],[-106.812336,40.451195],[-106.812336,40.451196],[-106.812335,40.451196],[-106.812334,40.451196],[-106.812333,40.451197],[-106.812332,40.451197],[-106.812331,40.451197],[-106.812331,40.451197],[-106.81233,40.451197],[-106.812329,40.451196],[-106.812328,40.451196],[-106.812327,40.451196],[-106.812327,40.451195],[-106.812326,40.451195],[-106.812325,40.451195],[-106.812325,40.451194],[-106.812324,40.451194],[-106.812324,40.451193],[-106.812323,40.451192],[-106.812323,40.451192],[-106.812323,40.451191],[-106.812323,40.45119],[-106.812323,40.45119]]]}},{"id":"236","type":"Feature","properties":{"natural":null,"barrier":null,"highway":"bus_stop","amenity":null,"tourism":null,"base_elevation":34,"height":null,"material":null,"direction":null,"artwork_type":null,"name":"Milner - Eastbound"},"geometry":{"type":"Polygon","coordinates":[[[-107.020746,40.485586],[-107.020746,40.485586],[-107.020746,40.485585],[-107.020746,40.485584],[-107.020747,40.485584],[-107.020747,40.485583],[-107.020747,40.485583],[-107.020748,40.485582],[-107.020748,40.485581],[-107.020749,40.485581],[-107.02075,40.485581],[-107.020751,40.48558],[-107.020751,40.48558],[-107.020752,40.48558],[-107.020753,40.48558],[-107.020754,40.48558],[-107.020755,40.485579],[-107.020756,40.48558],[-107.020757,40.48558],[-107.020757,40.48558],[-107.020758,40.48558],[-107.020759,40.48558],[-107.02076,40.485581],[-107.02076,40.485581],[-107.020761,40.485581],[-107.020762,40.485582],[-107.020762,40.485583],[-107.020763,40.485583],[-107.020763,40.485584],[-107.020763,40.485584],[-107.020764,40.485585],[-107.020764,40.485586],[-107.020764,40.485586],[-107.020764,40.485587],[-107.020764,40.485588],[-107.020763,40.485588],[-107.020763,40.485589],[-107.020763,40.48559],[-107.020762,40.48559],[-107.020762,40.485591],[-107.020761,40.485591],[-107.02076,40.485592],[-107.02076,40.485592],[-107.020759,40.485592],[-107.020758,40.485593],[-107.020757,40.485593],[-107.020757,40.485593],[-107.020756,40.485593],[-107.020755,40.485593],[-107.020754,40.485593],[-107.020753,40.485593],[-107.020752,40.485593],[-107.020751,40.485593],[-107.020751,40.485592],[-107.02075,40.485592],[-107.020749,40.485592],[-107.020748,40.485591],[-107.020748,40.485591],[-107.020747,40.48559],[-107.020747,40.48559],[-107.020747,40.485589],[-107.020746,40.485588],[-107.020746,40.485588],[-107.020746,40.485587],[-107.020746,40.485586]]]}},{"id":"237","type":"Feature","properties":{"natural":null,"barrier":null,"highway":"bus_stop","amenity":null,"tourism":null,"base_elevation":36,"height":null,"material":null,"direction":null,"artwork_type":null,"name":"Milner - Westbound"},"geometry":{"type":"Polygon","coordinates":[[[-107.021405,40.485761],[-107.021405,40.48576],[-107.021405,40.485759],[-107.021405,40.485759],[-107.021405,40.485758],[-107.021406,40.485758],[-107.021406,40.485757],[-107.021407,40.485756],[-107.021407,40.485756],[-107.021408,40.485756],[-107.021409,40.485755],[-107.021409,40.485755],[-107.02141,40.485754],[-107.021411,40.485754],[-107.021412,40.485754],[-107.021413,40.485754],[-107.021413,40.485754],[-107.021414,40.485754],[-107.021415,40.485754],[-107.021416,40.485754],[-107.021417,40.485754],[-107.021418,40.485755],[-107.021418,40.485755],[-107.021419,40.485756],[-107.02142,40.485756],[-107.02142,40.485756],[-107.021421,40.485757],[-107.021421,40.485758],[-107.021422,40.485758],[-107.021422,40.485759],[-107.021422,40.485759],[-107.021422,40.48576],[-107.021422,40.485761],[-107.021422,40.485761],[-107.021422,40.485762],[-107.021422,40.485763],[-107.021422,40.485763],[-107.021421,40.485764],[-107.021421,40.485765],[-107.02142,40.485765],[-107.02142,40.485766],[-107.021419,40.485766],[-107.021418,40.485766],[-107.021418,40.485767],[-107.021417,40.485767],[-107.021416,40.485767],[-107.021415,40.485768],[-107.021414,40.485768],[-107.021413,40.485768],[-107.021413,40.485768],[-107.021412,40.485768],[-107.021411,40.485767],[-107.02141,40.485767],[-107.021409,40.485767],[-107.021409,40.485766],[-107.021408,40.485766],[-107.021407,40.485766],[-107.021407,40.485765],[-107.021406,40.485765],[-107.021406,40.485764],[-107.021405,40.485763],[-107.021405,40.485763],[-107.021405,40.485762],[-107.021405,40.485761],[-107.021405,40.485761]]]}},{"id":"238","type":"Feature","properties":{"natural":null,"barrier":null,"highway":null,"amenity":"bicycle_parking","tourism":null,"base_elevation":89,"height":null,"material":null,"direction":null,"artwork_type":null,"name":null},"geometry":{"type":"Polygon","coordinates":[[[-106.833275,40.483912],[-106.833275,40.483912],[-106.833275,40.483911],[-106.833275,40.48391],[-106.833276,40.48391],[-106.833276,40.483909],[-106.833277,40.483909],[-106.833277,40.483908],[-106.833278,40.483908],[-106.833278,40.483907],[-106.833279,40.483907],[-106.83328,40.483906],[-106.833281,40.483906],[-106.833281,40.483906],[-106.833282,40.483906],[-106.833283,40.483906],[-106.833284,40.483906],[-106.833285,40.483906],[-106.833286,40.483906],[-106.833287,40.483906],[-106.833287,40.483906],[-106.833288,40.483906],[-106.833289,40.483907],[-106.83329,40.483907],[-106.83329,40.483908],[-106.833291,40.483908],[-106.833291,40.483909],[-106.833292,40.483909],[-106.833292,40.48391],[-106.833293,40.48391],[-106.833293,40.483911],[-106.833293,40.483912],[-106.833293,40.483912],[-106.833293,40.483913],[-106.833293,40.483914],[-106.833293,40.483914],[-106.833292,40.483915],[-106.833292,40.483916],[-106.833291,40.483916],[-106.833291,40.483917],[-106.83329,40.483917],[-106.83329,40.483918],[-106.833289,40.483918],[-106.833288,40.483918],[-106.833287,40.483919],[-106.833287,40.483919],[-106.833286,40.483919],[-106.833285,40.483919],[-106.833284,40.483919],[-106.833283,40.483919],[-106.833282,40.483919],[-106.833281,40.483919],[-106.833281,40.483919],[-106.83328,40.483918],[-106.833279,40.483918],[-106.833278,40.483918],[-106.833278,40.483917],[-106.833277,40.483917],[-106.833277,40.483916],[-106.833276,40.483916],[-106.833276,40.483915],[-106.833275,40.483914],[-106.833275,40.483914],[-106.833275,40.483913],[-106.833275,40.483912]]]}},{"id":"239","type":"Feature","properties":{"natural":null,"barrier":null,"highway":"bus_stop","amenity":null,"tourism":null,"base_elevation":54,"height":null,"material":null,"direction":null,"artwork_type":null,"name":"Steamboat 2"},"geometry":{"type":"Polygon","coordinates":[[[-106.908545,40.505116],[-106.908545,40.505115],[-106.908546,40.505115],[-106.908546,40.505114],[-106.908546,40.505113],[-106.908546,40.505113],[-106.908547,40.505112],[-106.908547,40.505112],[-106.908548,40.505111],[-106.908549,40.505111],[-106.908549,40.50511],[-106.90855,40.50511],[-106.908551,40.50511],[-106.908552,40.505109],[-106.908553,40.505109],[-106.908554,40.505109],[-106.908554,40.505109],[-106.908555,40.505109],[-106.908556,40.505109],[-106.908557,40.505109],[-106.908558,40.50511],[-106.908559,40.50511],[-106.908559,40.50511],[-106.90856,40.505111],[-106.908561,40.505111],[-106.908561,40.505112],[-106.908562,40.505112],[-106.908562,40.505113],[-106.908563,40.505113],[-106.908563,40.505114],[-106.908563,40.505115],[-106.908563,40.505115],[-106.908563,40.505116],[-106.908563,40.505117],[-106.908563,40.505117],[-106.908563,40.505118],[-106.908563,40.505119],[-106.908562,40.505119],[-106.908562,40.50512],[-106.908561,40.50512],[-106.908561,40.505121],[-106.90856,40.505121],[-106.908559,40.505122],[-106.908559,40.505122],[-106.908558,40.505122],[-106.908557,40.505122],[-106.908556,40.505123],[-106.908555,40.505123],[-106.908554,40.505123],[-106.908554,40.505123],[-106.908553,40.505123],[-106.908552,40.505122],[-106.908551,40.505122],[-106.90855,40.505122],[-106.908549,40.505122],[-106.908549,40.505121],[-106.908548,40.505121],[-106.908547,40.50512],[-106.908547,40.50512],[-106.908546,40.505119],[-106.908546,40.505119],[-106.908546,40.505118],[-106.908546,40.505117],[-106.908545,40.505117],[-106.908545,40.505116]]]}},{"id":"240","type":"Feature","properties":{"natural":null,"barrier":null,"highway":"bus_stop","amenity":null,"tourism":null,"base_elevation":54,"height":null,"material":null,"direction":null,"artwork_type":null,"name":"Steamboat 2"},"geometry":{"type":"Polygon","coordinates":[[[-106.90939,40.505173],[-106.90939,40.505172],[-106.90939,40.505171],[-106.90939,40.505171],[-106.909391,40.50517],[-106.909391,40.505169],[-106.909391,40.505169],[-106.909392,40.505168],[-106.909392,40.505168],[-106.909393,40.505167],[-106.909394,40.505167],[-106.909395,40.505167],[-106.909395,40.505166],[-106.909396,40.505166],[-106.909397,40.505166],[-106.909398,40.505166],[-106.909399,40.505166],[-106.9094,40.505166],[-106.909401,40.505166],[-106.909401,40.505166],[-106.909402,40.505166],[-106.909403,40.505167],[-106.909404,40.505167],[-106.909404,40.505167],[-106.909405,40.505168],[-106.909406,40.505168],[-106.909406,40.505169],[-106.909407,40.505169],[-106.909407,40.50517],[-106.909407,40.505171],[-106.909408,40.505171],[-106.909408,40.505172],[-106.909408,40.505173],[-106.909408,40.505173],[-106.909408,40.505174],[-106.909407,40.505175],[-106.909407,40.505175],[-106.909407,40.505176],[-106.909406,40.505176],[-106.909406,40.505177],[-106.909405,40.505177],[-106.909404,40.505178],[-106.909404,40.505178],[-106.909403,40.505179],[-106.909402,40.505179],[-106.909401,40.505179],[-106.909401,40.505179],[-106.9094,40.505179],[-106.909399,40.505179],[-106.909398,40.505179],[-106.909397,40.505179],[-106.909396,40.505179],[-106.909395,40.505179],[-106.909395,40.505179],[-106.909394,40.505178],[-106.909393,40.505178],[-106.909392,40.505177],[-106.909392,40.505177],[-106.909391,40.505176],[-106.909391,40.505176],[-106.909391,40.505175],[-106.90939,40.505175],[-106.90939,40.505174],[-106.90939,40.505173],[-106.90939,40.505173]]]}},{"id":"241","type":"Feature","properties":{"natural":null,"barrier":null,"highway":"bus_stop","amenity":null,"tourism":null,"base_elevation":117,"height":null,"material":null,"direction":null,"artwork_type":null,"name":"Strings"},"geometry":{"type":"Polygon","coordinates":[[[-106.815481,40.457933],[-106.815481,40.457932],[-106.815481,40.457932],[-106.815481,40.457931],[-106.815482,40.45793],[-106.815482,40.45793],[-106.815483,40.457929],[-106.815483,40.457929],[-106.815484,40.457928],[-106.815484,40.457928],[-106.815485,40.457927],[-106.815486,40.457927],[-106.815487,40.457927],[-106.815487,40.457926],[-106.815488,40.457926],[-106.815489,40.457926],[-106.81549,40.457926],[-106.815491,40.457926],[-106.815492,40.457926],[-106.815493,40.457926],[-106.815493,40.457927],[-106.815494,40.457927],[-106.815495,40.457927],[-106.815496,40.457928],[-106.815496,40.457928],[-106.815497,40.457929],[-106.815497,40.457929],[-106.815498,40.45793],[-106.815498,40.45793],[-106.815499,40.457931],[-106.815499,40.457932],[-106.815499,40.457932],[-106.815499,40.457933],[-106.815499,40.457934],[-106.815499,40.457934],[-106.815499,40.457935],[-106.815498,40.457936],[-106.815498,40.457936],[-106.815497,40.457937],[-106.815497,40.457937],[-106.815496,40.457938],[-106.815496,40.457938],[-106.815495,40.457939],[-106.815494,40.457939],[-106.815493,40.457939],[-106.815493,40.457939],[-106.815492,40.45794],[-106.815491,40.45794],[-106.81549,40.45794],[-106.815489,40.45794],[-106.815488,40.45794],[-106.815487,40.457939],[-106.815487,40.457939],[-106.815486,40.457939],[-106.815485,40.457939],[-106.815484,40.457938],[-106.815484,40.457938],[-106.815483,40.457937],[-106.815483,40.457937],[-106.815482,40.457936],[-106.815482,40.457936],[-106.815481,40.457935],[-106.815481,40.457934],[-106.815481,40.457934],[-106.815481,40.457933]]]}},{"id":"242","type":"Feature","properties":{"natural":null,"barrier":null,"highway":"bus_stop","amenity":null,"tourism":null,"base_elevation":77,"height":null,"material":null,"direction":null,"artwork_type":null,"name":"Elk River Crossing"},"geometry":{"type":"Polygon","coordinates":[[[-106.856126,40.50174],[-106.856126,40.50174],[-106.856126,40.501739],[-106.856126,40.501738],[-106.856127,40.501738],[-106.856127,40.501737],[-106.856127,40.501737],[-106.856128,40.501736],[-106.856129,40.501735],[-106.856129,40.501735],[-106.85613,40.501735],[-106.856131,40.501734],[-106.856131,40.501734],[-106.856132,40.501734],[-106.856133,40.501734],[-106.856134,40.501734],[-106.856135,40.501733],[-106.856136,40.501734],[-106.856137,40.501734],[-106.856138,40.501734],[-106.856138,40.501734],[-106.856139,40.501734],[-106.85614,40.501735],[-106.856141,40.501735],[-106.856141,40.501735],[-106.856142,40.501736],[-106.856142,40.501737],[-106.856143,40.501737],[-106.856143,40.501738],[-106.856143,40.501738],[-106.856144,40.501739],[-106.856144,40.50174],[-106.856144,40.50174],[-106.856144,40.501741],[-106.856144,40.501742],[-106.856143,40.501742],[-106.856143,40.501743],[-106.856143,40.501744],[-106.856142,40.501744],[-106.856142,40.501745],[-106.856141,40.501745],[-106.856141,40.501746],[-106.85614,40.501746],[-106.856139,40.501746],[-106.856138,40.501747],[-106.856138,40.501747],[-106.856137,40.501747],[-106.856136,40.501747],[-106.856135,40.501747],[-106.856134,40.501747],[-106.856133,40.501747],[-106.856132,40.501747],[-106.856131,40.501747],[-106.856131,40.501746],[-106.85613,40.501746],[-106.856129,40.501746],[-106.856129,40.501745],[-106.856128,40.501745],[-106.856127,40.501744],[-106.856127,40.501744],[-106.856127,40.501743],[-106.856126,40.501742],[-106.856126,40.501742],[-106.856126,40.501741],[-106.856126,40.50174]]]}},{"id":"243","type":"Feature","properties":{"natural":null,"barrier":null,"highway":"bus_stop","amenity":null,"tourism":null,"base_elevation":75,"height":null,"material":null,"direction":null,"artwork_type":null,"name":"Lift Up"},"geometry":{"type":"Polygon","coordinates":[[[-106.857393,40.4998],[-106.857393,40.499799],[-106.857393,40.499798],[-106.857393,40.499798],[-106.857393,40.499797],[-106.857394,40.499797],[-106.857394,40.499796],[-106.857395,40.499795],[-106.857395,40.499795],[-106.857396,40.499795],[-106.857397,40.499794],[-106.857397,40.499794],[-106.857398,40.499793],[-106.857399,40.499793],[-106.8574,40.499793],[-106.857401,40.499793],[-106.857401,40.499793],[-106.857402,40.499793],[-106.857403,40.499793],[-106.857404,40.499793],[-106.857405,40.499793],[-106.857406,40.499794],[-106.857406,40.499794],[-106.857407,40.499795],[-106.857408,40.499795],[-106.857408,40.499795],[-106.857409,40.499796],[-106.857409,40.499797],[-106.85741,40.499797],[-106.85741,40.499798],[-106.85741,40.499798],[-106.85741,40.499799],[-106.85741,40.4998],[-106.85741,40.4998],[-106.85741,40.499801],[-106.85741,40.499802],[-106.85741,40.499802],[-106.857409,40.499803],[-106.857409,40.499804],[-106.857408,40.499804],[-106.857408,40.499805],[-106.857407,40.499805],[-106.857406,40.499805],[-106.857406,40.499806],[-106.857405,40.499806],[-106.857404,40.499806],[-106.857403,40.499806],[-106.857402,40.499807],[-106.857401,40.499807],[-106.857401,40.499807],[-106.8574,40.499806],[-106.857399,40.499806],[-106.857398,40.499806],[-106.857397,40.499806],[-106.857397,40.499805],[-106.857396,40.499805],[-106.857395,40.499805],[-106.857395,40.499804],[-106.857394,40.499804],[-106.857394,40.499803],[-106.857393,40.499802],[-106.857393,40.499802],[-106.857393,40.499801],[-106.857393,40.4998],[-106.857393,40.4998]]]}},{"id":"244","type":"Feature","properties":{"natural":null,"barrier":null,"highway":"bus_stop","amenity":null,"tourism":null,"base_elevation":73,"height":null,"material":null,"direction":null,"artwork_type":null,"name":"Justice Center"},"geometry":{"type":"Polygon","coordinates":[[[-106.85932,40.500682],[-106.85932,40.500681],[-106.85932,40.500681],[-106.859321,40.50068],[-106.859321,40.500679],[-106.859321,40.500679],[-106.859322,40.500678],[-106.859322,40.500678],[-106.859323,40.500677],[-106.859324,40.500677],[-106.859324,40.500676],[-106.859325,40.500676],[-106.859326,40.500676],[-106.859327,40.500675],[-106.859328,40.500675],[-106.859328,40.500675],[-106.859329,40.500675],[-106.85933,40.500675],[-106.859331,40.500675],[-106.859332,40.500675],[-106.859333,40.500676],[-106.859334,40.500676],[-106.859334,40.500676],[-106.859335,40.500677],[-106.859336,40.500677],[-106.859336,40.500678],[-106.859337,40.500678],[-106.859337,40.500679],[-106.859338,40.500679],[-106.859338,40.50068],[-106.859338,40.500681],[-106.859338,40.500681],[-106.859338,40.500682],[-106.859338,40.500683],[-106.859338,40.500683],[-106.859338,40.500684],[-106.859338,40.500685],[-106.859337,40.500685],[-106.859337,40.500686],[-106.859336,40.500686],[-106.859336,40.500687],[-106.859335,40.500687],[-106.859334,40.500688],[-106.859334,40.500688],[-106.859333,40.500688],[-106.859332,40.500689],[-106.859331,40.500689],[-106.85933,40.500689],[-106.859329,40.500689],[-106.859328,40.500689],[-106.859328,40.500689],[-106.859327,40.500689],[-106.859326,40.500688],[-106.859325,40.500688],[-106.859324,40.500688],[-106.859324,40.500687],[-106.859323,40.500687],[-106.859322,40.500686],[-106.859322,40.500686],[-106.859321,40.500685],[-106.859321,40.500685],[-106.859321,40.500684],[-106.85932,40.500683],[-106.85932,40.500683],[-106.85932,40.500682]]]}},{"id":"245","type":"Feature","properties":{"natural":null,"barrier":null,"highway":"bus_stop","amenity":null,"tourism":null,"base_elevation":64,"height":null,"material":null,"direction":null,"artwork_type":null,"name":"Steamboat Campground"},"geometry":{"type":"Polygon","coordinates":[[[-106.877277,40.505009],[-106.877277,40.505008],[-106.877277,40.505007],[-106.877277,40.505007],[-106.877278,40.505006],[-106.877278,40.505005],[-106.877278,40.505005],[-106.877279,40.505004],[-106.87728,40.505004],[-106.87728,40.505003],[-106.877281,40.505003],[-106.877282,40.505002],[-106.877282,40.505002],[-106.877283,40.505002],[-106.877284,40.505002],[-106.877285,40.505002],[-106.877286,40.505002],[-106.877287,40.505002],[-106.877288,40.505002],[-106.877289,40.505002],[-106.877289,40.505002],[-106.87729,40.505002],[-106.877291,40.505003],[-106.877292,40.505003],[-106.877292,40.505004],[-106.877293,40.505004],[-106.877293,40.505005],[-106.877294,40.505005],[-106.877294,40.505006],[-106.877294,40.505007],[-106.877295,40.505007],[-106.877295,40.505008],[-106.877295,40.505009],[-106.877295,40.505009],[-106.877295,40.50501],[-106.877294,40.50501],[-106.877294,40.505011],[-106.877294,40.505012],[-106.877293,40.505012],[-106.877293,40.505013],[-106.877292,40.505013],[-106.877292,40.505014],[-106.877291,40.505014],[-106.87729,40.505015],[-106.877289,40.505015],[-106.877289,40.505015],[-106.877288,40.505015],[-106.877287,40.505015],[-106.877286,40.505015],[-106.877285,40.505015],[-106.877284,40.505015],[-106.877283,40.505015],[-106.877282,40.505015],[-106.877282,40.505015],[-106.877281,40.505014],[-106.87728,40.505014],[-106.87728,40.505013],[-106.877279,40.505013],[-106.877278,40.505012],[-106.877278,40.505012],[-106.877278,40.505011],[-106.877277,40.50501],[-106.877277,40.50501],[-106.877277,40.505009],[-106.877277,40.505009]]]}},{"id":"246","type":"Feature","properties":{"natural":null,"barrier":null,"highway":"bus_stop","amenity":null,"tourism":null,"base_elevation":99,"height":null,"material":null,"direction":null,"artwork_type":null,"name":"Snowbowl"},"geometry":{"type":"Polygon","coordinates":[[[-106.870703,40.504042],[-106.870703,40.504041],[-106.870703,40.504041],[-106.870703,40.50404],[-106.870704,40.504039],[-106.870704,40.504039],[-106.870704,40.504038],[-106.870705,40.504038],[-106.870706,40.504037],[-106.870706,40.504037],[-106.870707,40.504036],[-106.870708,40.504036],[-106.870708,40.504036],[-106.870709,40.504036],[-106.87071,40.504035],[-106.870711,40.504035],[-106.870712,40.504035],[-106.870713,40.504035],[-106.870714,40.504035],[-106.870715,40.504036],[-106.870715,40.504036],[-106.870716,40.504036],[-106.870717,40.504036],[-106.870718,40.504037],[-106.870718,40.504037],[-106.870719,40.504038],[-106.870719,40.504038],[-106.87072,40.504039],[-106.87072,40.504039],[-106.87072,40.50404],[-106.870721,40.504041],[-106.870721,40.504041],[-106.870721,40.504042],[-106.870721,40.504043],[-106.870721,40.504043],[-106.87072,40.504044],[-106.87072,40.504045],[-106.87072,40.504045],[-106.870719,40.504046],[-106.870719,40.504046],[-106.870718,40.504047],[-106.870718,40.504047],[-106.870717,40.504048],[-106.870716,40.504048],[-106.870715,40.504048],[-106.870715,40.504049],[-106.870714,40.504049],[-106.870713,40.504049],[-106.870712,40.504049],[-106.870711,40.504049],[-106.87071,40.504049],[-106.870709,40.504049],[-106.870708,40.504048],[-106.870708,40.504048],[-106.870707,40.504048],[-106.870706,40.504047],[-106.870706,40.504047],[-106.870705,40.504046],[-106.870704,40.504046],[-106.870704,40.504045],[-106.870704,40.504045],[-106.870703,40.504044],[-106.870703,40.504043],[-106.870703,40.504043],[-106.870703,40.504042]]]}},{"id":"247","type":"Feature","properties":{"natural":null,"barrier":null,"highway":"bus_stop","amenity":null,"tourism":null,"base_elevation":81,"height":null,"material":null,"direction":null,"artwork_type":null,"name":"Riverside Plaza"},"geometry":{"type":"Polygon","coordinates":[[[-106.867518,40.50384],[-106.867518,40.503839],[-106.867518,40.503838],[-106.867519,40.503838],[-106.867519,40.503837],[-106.867519,40.503837],[-106.86752,40.503836],[-106.86752,40.503835],[-106.867521,40.503835],[-106.867521,40.503835],[-106.867522,40.503834],[-106.867523,40.503834],[-106.867524,40.503833],[-106.867524,40.503833],[-106.867525,40.503833],[-106.867526,40.503833],[-106.867527,40.503833],[-106.867528,40.503833],[-106.867529,40.503833],[-106.86753,40.503833],[-106.867531,40.503833],[-106.867531,40.503834],[-106.867532,40.503834],[-106.867533,40.503835],[-106.867533,40.503835],[-106.867534,40.503835],[-106.867535,40.503836],[-106.867535,40.503837],[-106.867535,40.503837],[-106.867536,40.503838],[-106.867536,40.503838],[-106.867536,40.503839],[-106.867536,40.50384],[-106.867536,40.50384],[-106.867536,40.503841],[-106.867536,40.503842],[-106.867535,40.503842],[-106.867535,40.503843],[-106.867535,40.503844],[-106.867534,40.503844],[-106.867533,40.503845],[-106.867533,40.503845],[-106.867532,40.503845],[-106.867531,40.503846],[-106.867531,40.503846],[-106.86753,40.503846],[-106.867529,40.503846],[-106.867528,40.503847],[-106.867527,40.503847],[-106.867526,40.503847],[-106.867525,40.503846],[-106.867524,40.503846],[-106.867524,40.503846],[-106.867523,40.503846],[-106.867522,40.503845],[-106.867521,40.503845],[-106.867521,40.503845],[-106.86752,40.503844],[-106.86752,40.503844],[-106.867519,40.503843],[-106.867519,40.503842],[-106.867519,40.503842],[-106.867518,40.503841],[-106.867518,40.50384],[-106.867518,40.50384]]]}},{"id":"248","type":"Feature","properties":{"natural":null,"barrier":null,"highway":"bus_stop","amenity":null,"tourism":null,"base_elevation":73,"height":null,"material":null,"direction":null,"artwork_type":null,"name":"Riverside Drive"},"geometry":{"type":"Polygon","coordinates":[[[-106.863451,40.502886],[-106.863451,40.502886],[-106.863451,40.502885],[-106.863452,40.502884],[-106.863452,40.502884],[-106.863452,40.502883],[-106.863453,40.502883],[-106.863453,40.502882],[-106.863454,40.502882],[-106.863454,40.502881],[-106.863455,40.502881],[-106.863456,40.50288],[-106.863457,40.50288],[-106.863457,40.50288],[-106.863458,40.50288],[-106.863459,40.50288],[-106.86346,40.50288],[-106.863461,40.50288],[-106.863462,40.50288],[-106.863463,40.50288],[-106.863464,40.50288],[-106.863464,40.50288],[-106.863465,40.502881],[-106.863466,40.502881],[-106.863466,40.502882],[-106.863467,40.502882],[-106.863468,40.502883],[-106.863468,40.502883],[-106.863468,40.502884],[-106.863469,40.502884],[-106.863469,40.502885],[-106.863469,40.502886],[-106.863469,40.502886],[-106.863469,40.502887],[-106.863469,40.502888],[-106.863469,40.502888],[-106.863468,40.502889],[-106.863468,40.50289],[-106.863468,40.50289],[-106.863467,40.502891],[-106.863466,40.502891],[-106.863466,40.502892],[-106.863465,40.502892],[-106.863464,40.502892],[-106.863464,40.502893],[-106.863463,40.502893],[-106.863462,40.502893],[-106.863461,40.502893],[-106.86346,40.502893],[-106.863459,40.502893],[-106.863458,40.502893],[-106.863457,40.502893],[-106.863457,40.502893],[-106.863456,40.502892],[-106.863455,40.502892],[-106.863454,40.502892],[-106.863454,40.502891],[-106.863453,40.502891],[-106.863453,40.50289],[-106.863452,40.50289],[-106.863452,40.502889],[-106.863452,40.502888],[-106.863451,40.502888],[-106.863451,40.502887],[-106.863451,40.502886]]]}},{"id":"249","type":"Feature","properties":{"natural":null,"barrier":null,"highway":"bus_stop","amenity":null,"tourism":null,"base_elevation":75,"height":null,"material":null,"direction":null,"artwork_type":null,"name":"Downhill Drive"},"geometry":{"type":"Polygon","coordinates":[[[-106.862903,40.503089],[-106.862903,40.503088],[-106.862903,40.503087],[-106.862904,40.503087],[-106.862904,40.503086],[-106.862904,40.503085],[-106.862905,40.503085],[-106.862905,40.503084],[-106.862906,40.503084],[-106.862907,40.503083],[-106.862907,40.503083],[-106.862908,40.503083],[-106.862909,40.503082],[-106.86291,40.503082],[-106.862911,40.503082],[-106.862911,40.503082],[-106.862912,40.503082],[-106.862913,40.503082],[-106.862914,40.503082],[-106.862915,40.503082],[-106.862916,40.503082],[-106.862917,40.503083],[-106.862917,40.503083],[-106.862918,40.503083],[-106.862919,40.503084],[-106.862919,40.503084],[-106.86292,40.503085],[-106.86292,40.503085],[-106.862921,40.503086],[-106.862921,40.503087],[-106.862921,40.503087],[-106.862921,40.503088],[-106.862921,40.503089],[-106.862921,40.503089],[-106.862921,40.50309],[-106.862921,40.503091],[-106.862921,40.503091],[-106.86292,40.503092],[-106.86292,40.503092],[-106.862919,40.503093],[-106.862919,40.503094],[-106.862918,40.503094],[-106.862917,40.503094],[-106.862917,40.503095],[-106.862916,40.503095],[-106.862915,40.503095],[-106.862914,40.503095],[-106.862913,40.503095],[-106.862912,40.503096],[-106.862911,40.503095],[-106.862911,40.503095],[-106.86291,40.503095],[-106.862909,40.503095],[-106.862908,40.503095],[-106.862907,40.503094],[-106.862907,40.503094],[-106.862906,40.503094],[-106.862905,40.503093],[-106.862905,40.503092],[-106.862904,40.503092],[-106.862904,40.503091],[-106.862904,40.503091],[-106.862903,40.50309],[-106.862903,40.503089],[-106.862903,40.503089]]]}},{"id":"250","type":"Feature","properties":{"natural":null,"barrier":null,"highway":"bus_stop","amenity":null,"tourism":null,"base_elevation":76,"height":null,"material":null,"direction":null,"artwork_type":null,"name":"Shield Drive and US 40"},"geometry":{"type":"Polygon","coordinates":[[[-106.860703,40.502834],[-106.860703,40.502834],[-106.860703,40.502833],[-106.860703,40.502832],[-106.860703,40.502832],[-106.860704,40.502831],[-106.860704,40.502831],[-106.860705,40.50283],[-106.860705,40.502829],[-106.860706,40.502829],[-106.860707,40.502829],[-106.860707,40.502828],[-106.860708,40.502828],[-106.860709,40.502828],[-106.86071,40.502828],[-106.860711,40.502828],[-106.860711,40.502827],[-106.860712,40.502828],[-106.860713,40.502828],[-106.860714,40.502828],[-106.860715,40.502828],[-106.860716,40.502828],[-106.860716,40.502829],[-106.860717,40.502829],[-106.860718,40.502829],[-106.860718,40.50283],[-106.860719,40.502831],[-106.860719,40.502831],[-106.86072,40.502832],[-106.86072,40.502832],[-106.86072,40.502833],[-106.86072,40.502834],[-106.86072,40.502834],[-106.86072,40.502835],[-106.86072,40.502836],[-106.86072,40.502836],[-106.86072,40.502837],[-106.860719,40.502838],[-106.860719,40.502838],[-106.860718,40.502839],[-106.860718,40.502839],[-106.860717,40.50284],[-106.860716,40.50284],[-106.860716,40.50284],[-106.860715,40.502841],[-106.860714,40.502841],[-106.860713,40.502841],[-106.860712,40.502841],[-106.860711,40.502841],[-106.860711,40.502841],[-106.86071,40.502841],[-106.860709,40.502841],[-106.860708,40.502841],[-106.860707,40.50284],[-106.860707,40.50284],[-106.860706,40.50284],[-106.860705,40.502839],[-106.860705,40.502839],[-106.860704,40.502838],[-106.860704,40.502838],[-106.860703,40.502837],[-106.860703,40.502836],[-106.860703,40.502836],[-106.860703,40.502835],[-106.860703,40.502834]]]}},{"id":"251","type":"Feature","properties":{"natural":null,"barrier":null,"highway":"bus_stop","amenity":null,"tourism":null,"base_elevation":78,"height":null,"material":null,"direction":null,"artwork_type":null,"name":"Steamboat Motors"},"geometry":{"type":"Polygon","coordinates":[[[-106.860011,40.50302],[-106.860011,40.50302],[-106.860011,40.503019],[-106.860012,40.503018],[-106.860012,40.503018],[-106.860012,40.503017],[-106.860013,40.503017],[-106.860013,40.503016],[-106.860014,40.503016],[-106.860015,40.503015],[-106.860015,40.503015],[-106.860016,40.503014],[-106.860017,40.503014],[-106.860018,40.503014],[-106.860018,40.503014],[-106.860019,40.503014],[-106.86002,40.503014],[-106.860021,40.503014],[-106.860022,40.503014],[-106.860023,40.503014],[-106.860024,40.503014],[-106.860024,40.503014],[-106.860025,40.503015],[-106.860026,40.503015],[-106.860027,40.503016],[-106.860027,40.503016],[-106.860028,40.503017],[-106.860028,40.503017],[-106.860028,40.503018],[-106.860029,40.503018],[-106.860029,40.503019],[-106.860029,40.50302],[-106.860029,40.50302],[-106.860029,40.503021],[-106.860029,40.503022],[-106.860029,40.503022],[-106.860028,40.503023],[-106.860028,40.503024],[-106.860028,40.503024],[-106.860027,40.503025],[-106.860027,40.503025],[-106.860026,40.503026],[-106.860025,40.503026],[-106.860024,40.503026],[-106.860024,40.503027],[-106.860023,40.503027],[-106.860022,40.503027],[-106.860021,40.503027],[-106.86002,40.503027],[-106.860019,40.503027],[-106.860018,40.503027],[-106.860018,40.503027],[-106.860017,40.503027],[-106.860016,40.503026],[-106.860015,40.503026],[-106.860015,40.503026],[-106.860014,40.503025],[-106.860013,40.503025],[-106.860013,40.503024],[-106.860012,40.503024],[-106.860012,40.503023],[-106.860012,40.503022],[-106.860011,40.503022],[-106.860011,40.503021],[-106.860011,40.50302]]]}},{"id":"252","type":"Feature","properties":{"natural":null,"barrier":null,"highway":"bus_stop","amenity":null,"tourism":null,"base_elevation":77,"height":null,"material":null,"direction":null,"artwork_type":null,"name":"Elk River Road"},"geometry":{"type":"Polygon","coordinates":[[[-106.854701,40.500182],[-106.854701,40.500181],[-106.854701,40.50018],[-106.854701,40.50018],[-106.854702,40.500179],[-106.854702,40.500179],[-106.854702,40.500178],[-106.854703,40.500177],[-106.854704,40.500177],[-106.854704,40.500177],[-106.854705,40.500176],[-106.854706,40.500176],[-106.854706,40.500175],[-106.854707,40.500175],[-106.854708,40.500175],[-106.854709,40.500175],[-106.85471,40.500175],[-106.854711,40.500175],[-106.854712,40.500175],[-106.854713,40.500175],[-106.854713,40.500175],[-106.854714,40.500176],[-106.854715,40.500176],[-106.854716,40.500177],[-106.854716,40.500177],[-106.854717,40.500177],[-106.854717,40.500178],[-106.854718,40.500179],[-106.854718,40.500179],[-106.854718,40.50018],[-106.854719,40.50018],[-106.854719,40.500181],[-106.854719,40.500182],[-106.854719,40.500182],[-106.854719,40.500183],[-106.854718,40.500184],[-106.854718,40.500184],[-106.854718,40.500185],[-106.854717,40.500186],[-106.854717,40.500186],[-106.854716,40.500187],[-106.854716,40.500187],[-106.854715,40.500187],[-106.854714,40.500188],[-106.854713,40.500188],[-106.854713,40.500188],[-106.854712,40.500188],[-106.854711,40.500189],[-106.85471,40.500189],[-106.854709,40.500189],[-106.854708,40.500188],[-106.854707,40.500188],[-106.854706,40.500188],[-106.854706,40.500188],[-106.854705,40.500187],[-106.854704,40.500187],[-106.854704,40.500187],[-106.854703,40.500186],[-106.854702,40.500186],[-106.854702,40.500185],[-106.854702,40.500184],[-106.854701,40.500184],[-106.854701,40.500183],[-106.854701,40.500182],[-106.854701,40.500182]]]}},{"id":"253","type":"Feature","properties":{"natural":null,"barrier":null,"highway":"bus_stop","amenity":null,"tourism":null,"base_elevation":77,"height":null,"material":null,"direction":null,"artwork_type":null,"name":"Reserves"},"geometry":{"type":"Polygon","coordinates":[[[-106.857004,40.502479],[-106.857004,40.502479],[-106.857004,40.502478],[-106.857004,40.502477],[-106.857004,40.502477],[-106.857005,40.502476],[-106.857005,40.502475],[-106.857006,40.502475],[-106.857006,40.502474],[-106.857007,40.502474],[-106.857008,40.502474],[-106.857008,40.502473],[-106.857009,40.502473],[-106.85701,40.502473],[-106.857011,40.502473],[-106.857012,40.502472],[-106.857013,40.502472],[-106.857014,40.502472],[-106.857014,40.502473],[-106.857015,40.502473],[-106.857016,40.502473],[-106.857017,40.502473],[-106.857018,40.502474],[-106.857018,40.502474],[-106.857019,40.502474],[-106.85702,40.502475],[-106.85702,40.502475],[-106.857021,40.502476],[-106.857021,40.502477],[-106.857021,40.502477],[-106.857022,40.502478],[-106.857022,40.502479],[-106.857022,40.502479],[-106.857022,40.50248],[-106.857022,40.502481],[-106.857021,40.502481],[-106.857021,40.502482],[-106.857021,40.502482],[-106.85702,40.502483],[-106.85702,40.502484],[-106.857019,40.502484],[-106.857018,40.502484],[-106.857018,40.502485],[-106.857017,40.502485],[-106.857016,40.502486],[-106.857015,40.502486],[-106.857014,40.502486],[-106.857014,40.502486],[-106.857013,40.502486],[-106.857012,40.502486],[-106.857011,40.502486],[-106.85701,40.502486],[-106.857009,40.502486],[-106.857008,40.502485],[-106.857008,40.502485],[-106.857007,40.502484],[-106.857006,40.502484],[-106.857006,40.502484],[-106.857005,40.502483],[-106.857005,40.502482],[-106.857004,40.502482],[-106.857004,40.502481],[-106.857004,40.502481],[-106.857004,40.50248],[-106.857004,40.502479]]]}},{"id":"254","type":"Feature","properties":{"natural":null,"barrier":null,"highway":"bus_stop","amenity":null,"tourism":null,"base_elevation":82,"height":null,"material":null,"direction":null,"artwork_type":null,"name":"Taylor Building"},"geometry":{"type":"Polygon","coordinates":[[[-106.853433,40.497865],[-106.853433,40.497864],[-106.853433,40.497863],[-106.853433,40.497863],[-106.853434,40.497862],[-106.853434,40.497861],[-106.853435,40.497861],[-106.853435,40.49786],[-106.853436,40.49786],[-106.853436,40.497859],[-106.853437,40.497859],[-106.853438,40.497859],[-106.853439,40.497858],[-106.853439,40.497858],[-106.85344,40.497858],[-106.853441,40.497858],[-106.853442,40.497858],[-106.853443,40.497858],[-106.853444,40.497858],[-106.853445,40.497858],[-106.853445,40.497858],[-106.853446,40.497859],[-106.853447,40.497859],[-106.853448,40.497859],[-106.853448,40.49786],[-106.853449,40.49786],[-106.853449,40.497861],[-106.85345,40.497861],[-106.85345,40.497862],[-106.853451,40.497863],[-106.853451,40.497863],[-106.853451,40.497864],[-106.853451,40.497865],[-106.853451,40.497865],[-106.853451,40.497866],[-106.853451,40.497867],[-106.85345,40.497867],[-106.85345,40.497868],[-106.853449,40.497868],[-106.853449,40.497869],[-106.853448,40.497869],[-106.853448,40.49787],[-106.853447,40.49787],[-106.853446,40.497871],[-106.853445,40.497871],[-106.853445,40.497871],[-106.853444,40.497871],[-106.853443,40.497871],[-106.853442,40.497871],[-106.853441,40.497871],[-106.85344,40.497871],[-106.853439,40.497871],[-106.853439,40.497871],[-106.853438,40.497871],[-106.853437,40.49787],[-106.853436,40.49787],[-106.853436,40.497869],[-106.853435,40.497869],[-106.853435,40.497868],[-106.853434,40.497868],[-106.853434,40.497867],[-106.853433,40.497867],[-106.853433,40.497866],[-106.853433,40.497865],[-106.853433,40.497865]]]}},{"id":"255","type":"Feature","properties":{"natural":null,"barrier":null,"highway":"bus_stop","amenity":null,"tourism":null,"base_elevation":80,"height":null,"material":null,"direction":null,"artwork_type":null,"name":"Windermere"},"geometry":{"type":"Polygon","coordinates":[[[-106.853984,40.497696],[-106.853984,40.497696],[-106.853984,40.497695],[-106.853984,40.497694],[-106.853985,40.497694],[-106.853985,40.497693],[-106.853986,40.497693],[-106.853986,40.497692],[-106.853987,40.497692],[-106.853987,40.497691],[-106.853988,40.497691],[-106.853989,40.49769],[-106.85399,40.49769],[-106.85399,40.49769],[-106.853991,40.49769],[-106.853992,40.49769],[-106.853993,40.49769],[-106.853994,40.49769],[-106.853995,40.49769],[-106.853996,40.49769],[-106.853996,40.49769],[-106.853997,40.49769],[-106.853998,40.497691],[-106.853999,40.497691],[-106.853999,40.497692],[-106.854,40.497692],[-106.854,40.497693],[-106.854001,40.497693],[-106.854001,40.497694],[-106.854002,40.497694],[-106.854002,40.497695],[-106.854002,40.497696],[-106.854002,40.497696],[-106.854002,40.497697],[-106.854002,40.497698],[-106.854002,40.497698],[-106.854001,40.497699],[-106.854001,40.4977],[-106.854,40.4977],[-106.854,40.497701],[-106.853999,40.497701],[-106.853999,40.497702],[-106.853998,40.497702],[-106.853997,40.497702],[-106.853996,40.497703],[-106.853996,40.497703],[-106.853995,40.497703],[-106.853994,40.497703],[-106.853993,40.497703],[-106.853992,40.497703],[-106.853991,40.497703],[-106.85399,40.497703],[-106.85399,40.497703],[-106.853989,40.497702],[-106.853988,40.497702],[-106.853987,40.497702],[-106.853987,40.497701],[-106.853986,40.497701],[-106.853986,40.4977],[-106.853985,40.4977],[-106.853985,40.497699],[-106.853984,40.497698],[-106.853984,40.497698],[-106.853984,40.497697],[-106.853984,40.497696]]]}},{"id":"256","type":"Feature","properties":{"natural":null,"barrier":null,"highway":"bus_stop","amenity":null,"tourism":null,"base_elevation":82,"height":null,"material":null,"direction":null,"artwork_type":null,"name":"Stockbridge"},"geometry":{"type":"Polygon","coordinates":[[[-106.849997,40.493853],[-106.849997,40.493852],[-106.849997,40.493851],[-106.849997,40.493851],[-106.849998,40.49385],[-106.849998,40.493849],[-106.849999,40.493849],[-106.849999,40.493848],[-106.85,40.493848],[-106.85,40.493847],[-106.850001,40.493847],[-106.850002,40.493847],[-106.850003,40.493846],[-106.850003,40.493846],[-106.850004,40.493846],[-106.850005,40.493846],[-106.850006,40.493846],[-106.850007,40.493846],[-106.850008,40.493846],[-106.850009,40.493846],[-106.850009,40.493846],[-106.85001,40.493847],[-106.850011,40.493847],[-106.850012,40.493847],[-106.850012,40.493848],[-106.850013,40.493848],[-106.850013,40.493849],[-106.850014,40.493849],[-106.850014,40.49385],[-106.850015,40.493851],[-106.850015,40.493851],[-106.850015,40.493852],[-106.850015,40.493853],[-106.850015,40.493853],[-106.850015,40.493854],[-106.850015,40.493855],[-106.850014,40.493855],[-106.850014,40.493856],[-106.850013,40.493856],[-106.850013,40.493857],[-106.850012,40.493857],[-106.850012,40.493858],[-106.850011,40.493858],[-106.85001,40.493859],[-106.850009,40.493859],[-106.850009,40.493859],[-106.850008,40.493859],[-106.850007,40.493859],[-106.850006,40.493859],[-106.850005,40.493859],[-106.850004,40.493859],[-106.850003,40.493859],[-106.850003,40.493859],[-106.850002,40.493859],[-106.850001,40.493858],[-106.85,40.493858],[-106.85,40.493857],[-106.849999,40.493857],[-106.849999,40.493856],[-106.849998,40.493856],[-106.849998,40.493855],[-106.849997,40.493855],[-106.849997,40.493854],[-106.849997,40.493853],[-106.849997,40.493853]]]}},{"id":"257","type":"Feature","properties":{"natural":null,"barrier":null,"highway":"bus_stop","amenity":null,"tourism":null,"base_elevation":90,"height":null,"material":null,"direction":null,"artwork_type":null,"name":"Copper Mountain"},"geometry":{"type":"Polygon","coordinates":[[[-106.848881,40.494163],[-106.848881,40.494162],[-106.848881,40.494161],[-106.848882,40.494161],[-106.848882,40.49416],[-106.848882,40.494159],[-106.848883,40.494159],[-106.848883,40.494158],[-106.848884,40.494158],[-106.848884,40.494157],[-106.848885,40.494157],[-106.848886,40.494157],[-106.848887,40.494156],[-106.848887,40.494156],[-106.848888,40.494156],[-106.848889,40.494156],[-106.84889,40.494156],[-106.848891,40.494156],[-106.848892,40.494156],[-106.848893,40.494156],[-106.848894,40.494156],[-106.848894,40.494157],[-106.848895,40.494157],[-106.848896,40.494157],[-106.848896,40.494158],[-106.848897,40.494158],[-106.848898,40.494159],[-106.848898,40.494159],[-106.848898,40.49416],[-106.848899,40.494161],[-106.848899,40.494161],[-106.848899,40.494162],[-106.848899,40.494163],[-106.848899,40.494163],[-106.848899,40.494164],[-106.848899,40.494165],[-106.848898,40.494165],[-106.848898,40.494166],[-106.848898,40.494166],[-106.848897,40.494167],[-106.848896,40.494168],[-106.848896,40.494168],[-106.848895,40.494168],[-106.848894,40.494169],[-106.848894,40.494169],[-106.848893,40.494169],[-106.848892,40.494169],[-106.848891,40.494169],[-106.84889,40.49417],[-106.848889,40.494169],[-106.848888,40.494169],[-106.848887,40.494169],[-106.848887,40.494169],[-106.848886,40.494169],[-106.848885,40.494168],[-106.848884,40.494168],[-106.848884,40.494168],[-106.848883,40.494167],[-106.848883,40.494166],[-106.848882,40.494166],[-106.848882,40.494165],[-106.848882,40.494165],[-106.848881,40.494164],[-106.848881,40.494163],[-106.848881,40.494163]]]}},{"id":"258","type":"Feature","properties":{"natural":null,"barrier":null,"highway":"bus_stop","amenity":null,"tourism":null,"base_elevation":97,"height":null,"material":null,"direction":null,"artwork_type":null,"name":"Dream Island Town Bound"},"geometry":{"type":"Polygon","coordinates":[[[-106.842351,40.491346],[-106.842351,40.491345],[-106.842351,40.491345],[-106.842352,40.491344],[-106.842352,40.491343],[-106.842352,40.491343],[-106.842353,40.491342],[-106.842353,40.491342],[-106.842354,40.491341],[-106.842355,40.491341],[-106.842355,40.49134],[-106.842356,40.49134],[-106.842357,40.49134],[-106.842358,40.491339],[-106.842358,40.491339],[-106.842359,40.491339],[-106.84236,40.491339],[-106.842361,40.491339],[-106.842362,40.491339],[-106.842363,40.491339],[-106.842364,40.49134],[-106.842364,40.49134],[-106.842365,40.49134],[-106.842366,40.491341],[-106.842367,40.491341],[-106.842367,40.491342],[-106.842368,40.491342],[-106.842368,40.491343],[-106.842368,40.491343],[-106.842369,40.491344],[-106.842369,40.491345],[-106.842369,40.491345],[-106.842369,40.491346],[-106.842369,40.491347],[-106.842369,40.491347],[-106.842369,40.491348],[-106.842368,40.491349],[-106.842368,40.491349],[-106.842368,40.49135],[-106.842367,40.49135],[-106.842367,40.491351],[-106.842366,40.491351],[-106.842365,40.491352],[-106.842364,40.491352],[-106.842364,40.491352],[-106.842363,40.491353],[-106.842362,40.491353],[-106.842361,40.491353],[-106.84236,40.491353],[-106.842359,40.491353],[-106.842358,40.491353],[-106.842358,40.491353],[-106.842357,40.491352],[-106.842356,40.491352],[-106.842355,40.491352],[-106.842355,40.491351],[-106.842354,40.491351],[-106.842353,40.49135],[-106.842353,40.49135],[-106.842352,40.491349],[-106.842352,40.491349],[-106.842352,40.491348],[-106.842351,40.491347],[-106.842351,40.491347],[-106.842351,40.491346]]]}},{"id":"259","type":"Feature","properties":{"natural":null,"barrier":null,"highway":"bus_stop","amenity":null,"tourism":null,"base_elevation":92,"height":null,"material":null,"direction":null,"artwork_type":null,"name":"Dream Island Mountain Boud"},"geometry":{"type":"Polygon","coordinates":[[[-106.843125,40.491399],[-106.843125,40.491398],[-106.843125,40.491397],[-106.843126,40.491397],[-106.843126,40.491396],[-106.843126,40.491395],[-106.843127,40.491395],[-106.843127,40.491394],[-106.843128,40.491394],[-106.843128,40.491393],[-106.843129,40.491393],[-106.84313,40.491393],[-106.843131,40.491392],[-106.843131,40.491392],[-106.843132,40.491392],[-106.843133,40.491392],[-106.843134,40.491392],[-106.843135,40.491392],[-106.843136,40.491392],[-106.843137,40.491392],[-106.843138,40.491392],[-106.843138,40.491393],[-106.843139,40.491393],[-106.84314,40.491393],[-106.84314,40.491394],[-106.843141,40.491394],[-106.843142,40.491395],[-106.843142,40.491395],[-106.843142,40.491396],[-106.843143,40.491397],[-106.843143,40.491397],[-106.843143,40.491398],[-106.843143,40.491399],[-106.843143,40.491399],[-106.843143,40.4914],[-106.843143,40.491401],[-106.843142,40.491401],[-106.843142,40.491402],[-106.843142,40.491402],[-106.843141,40.491403],[-106.84314,40.491403],[-106.84314,40.491404],[-106.843139,40.491404],[-106.843138,40.491405],[-106.843138,40.491405],[-106.843137,40.491405],[-106.843136,40.491405],[-106.843135,40.491405],[-106.843134,40.491405],[-106.843133,40.491405],[-106.843132,40.491405],[-106.843131,40.491405],[-106.843131,40.491405],[-106.84313,40.491405],[-106.843129,40.491404],[-106.843128,40.491404],[-106.843128,40.491403],[-106.843127,40.491403],[-106.843127,40.491402],[-106.843126,40.491402],[-106.843126,40.491401],[-106.843126,40.491401],[-106.843125,40.4914],[-106.843125,40.491399],[-106.843125,40.491399]]]}},{"id":"260","type":"Feature","properties":{"natural":null,"barrier":null,"highway":"bus_stop","amenity":null,"tourism":null,"base_elevation":88,"height":null,"material":null,"direction":null,"artwork_type":null,"name":"13th and Lincoln-Library"},"geometry":{"type":"Polygon","coordinates":[[[-106.840271,40.489328],[-106.840271,40.489327],[-106.840271,40.489327],[-106.840271,40.489326],[-106.840272,40.489325],[-106.840272,40.489325],[-106.840273,40.489324],[-106.840273,40.489324],[-106.840274,40.489323],[-106.840274,40.489323],[-106.840275,40.489322],[-106.840276,40.489322],[-106.840277,40.489322],[-106.840277,40.489322],[-106.840278,40.489321],[-106.840279,40.489321],[-106.84028,40.489321],[-106.840281,40.489321],[-106.840282,40.489321],[-106.840283,40.489322],[-106.840283,40.489322],[-106.840284,40.489322],[-106.840285,40.489322],[-106.840286,40.489323],[-106.840286,40.489323],[-106.840287,40.489324],[-106.840287,40.489324],[-106.840288,40.489325],[-106.840288,40.489325],[-106.840289,40.489326],[-106.840289,40.489327],[-106.840289,40.489327],[-106.840289,40.489328],[-106.840289,40.489329],[-106.840289,40.489329],[-106.840289,40.48933],[-106.840288,40.489331],[-106.840288,40.489331],[-106.840287,40.489332],[-106.840287,40.489332],[-106.840286,40.489333],[-106.840286,40.489333],[-106.840285,40.489334],[-106.840284,40.489334],[-106.840283,40.489334],[-106.840283,40.489335],[-106.840282,40.489335],[-106.840281,40.489335],[-106.84028,40.489335],[-106.840279,40.489335],[-106.840278,40.489335],[-106.840277,40.489335],[-106.840277,40.489334],[-106.840276,40.489334],[-106.840275,40.489334],[-106.840274,40.489333],[-106.840274,40.489333],[-106.840273,40.489332],[-106.840273,40.489332],[-106.840272,40.489331],[-106.840272,40.489331],[-106.840271,40.48933],[-106.840271,40.489329],[-106.840271,40.489329],[-106.840271,40.489328]]]}},{"id":"261","type":"Feature","properties":{"natural":null,"barrier":null,"highway":"bus_stop","amenity":null,"tourism":null,"base_elevation":84,"height":null,"material":null,"direction":null,"artwork_type":null,"name":"11th and Lincoln"},"geometry":{"type":"Polygon","coordinates":[[[-106.838198,40.488395],[-106.838198,40.488395],[-106.838198,40.488394],[-106.838198,40.488393],[-106.838199,40.488393],[-106.838199,40.488392],[-106.8382,40.488392],[-106.8382,40.488391],[-106.838201,40.48839],[-106.838201,40.48839],[-106.838202,40.48839],[-106.838203,40.488389],[-106.838204,40.488389],[-106.838204,40.488389],[-106.838205,40.488389],[-106.838206,40.488389],[-106.838207,40.488388],[-106.838208,40.488389],[-106.838209,40.488389],[-106.83821,40.488389],[-106.83821,40.488389],[-106.838211,40.488389],[-106.838212,40.48839],[-106.838213,40.48839],[-106.838213,40.48839],[-106.838214,40.488391],[-106.838214,40.488392],[-106.838215,40.488392],[-106.838215,40.488393],[-106.838216,40.488393],[-106.838216,40.488394],[-106.838216,40.488395],[-106.838216,40.488395],[-106.838216,40.488396],[-106.838216,40.488397],[-106.838216,40.488397],[-106.838215,40.488398],[-106.838215,40.488399],[-106.838214,40.488399],[-106.838214,40.4884],[-106.838213,40.4884],[-106.838213,40.488401],[-106.838212,40.488401],[-106.838211,40.488401],[-106.83821,40.488402],[-106.83821,40.488402],[-106.838209,40.488402],[-106.838208,40.488402],[-106.838207,40.488402],[-106.838206,40.488402],[-106.838205,40.488402],[-106.838204,40.488402],[-106.838204,40.488402],[-106.838203,40.488401],[-106.838202,40.488401],[-106.838201,40.488401],[-106.838201,40.4884],[-106.8382,40.4884],[-106.8382,40.488399],[-106.838199,40.488399],[-106.838199,40.488398],[-106.838198,40.488397],[-106.838198,40.488397],[-106.838198,40.488396],[-106.838198,40.488395]]]}},{"id":"262","type":"Feature","properties":{"natural":null,"barrier":null,"highway":"bus_stop","amenity":null,"tourism":null,"base_elevation":85,"height":null,"material":null,"direction":null,"artwork_type":null,"name":"11th and Lincoln"},"geometry":{"type":"Polygon","coordinates":[[[-106.837509,40.487703],[-106.837509,40.487703],[-106.837509,40.487702],[-106.837509,40.487701],[-106.83751,40.487701],[-106.83751,40.4877],[-106.837511,40.487699],[-106.837511,40.487699],[-106.837512,40.487698],[-106.837512,40.487698],[-106.837513,40.487698],[-106.837514,40.487697],[-106.837515,40.487697],[-106.837515,40.487697],[-106.837516,40.487696],[-106.837517,40.487696],[-106.837518,40.487696],[-106.837519,40.487696],[-106.83752,40.487696],[-106.837521,40.487697],[-106.837521,40.487697],[-106.837522,40.487697],[-106.837523,40.487698],[-106.837524,40.487698],[-106.837524,40.487698],[-106.837525,40.487699],[-106.837525,40.487699],[-106.837526,40.4877],[-106.837526,40.487701],[-106.837527,40.487701],[-106.837527,40.487702],[-106.837527,40.487703],[-106.837527,40.487703],[-106.837527,40.487704],[-106.837527,40.487705],[-106.837527,40.487705],[-106.837526,40.487706],[-106.837526,40.487706],[-106.837525,40.487707],[-106.837525,40.487708],[-106.837524,40.487708],[-106.837524,40.487708],[-106.837523,40.487709],[-106.837522,40.487709],[-106.837521,40.48771],[-106.837521,40.48771],[-106.83752,40.48771],[-106.837519,40.48771],[-106.837518,40.48771],[-106.837517,40.48771],[-106.837516,40.48771],[-106.837515,40.48771],[-106.837515,40.48771],[-106.837514,40.487709],[-106.837513,40.487709],[-106.837512,40.487708],[-106.837512,40.487708],[-106.837511,40.487708],[-106.837511,40.487707],[-106.83751,40.487706],[-106.83751,40.487706],[-106.837509,40.487705],[-106.837509,40.487705],[-106.837509,40.487704],[-106.837509,40.487703]]]}},{"id":"263","type":"Feature","properties":{"natural":null,"barrier":null,"highway":"bus_stop","amenity":null,"tourism":null,"base_elevation":87,"height":null,"material":null,"direction":null,"artwork_type":null,"name":"9th and Lincoln"},"geometry":{"type":"Polygon","coordinates":[[[-106.836069,40.487142],[-106.836069,40.487142],[-106.836069,40.487141],[-106.836069,40.48714],[-106.83607,40.48714],[-106.83607,40.487139],[-106.836071,40.487138],[-106.836071,40.487138],[-106.836072,40.487137],[-106.836072,40.487137],[-106.836073,40.487137],[-106.836074,40.487136],[-106.836075,40.487136],[-106.836075,40.487136],[-106.836076,40.487135],[-106.836077,40.487135],[-106.836078,40.487135],[-106.836079,40.487135],[-106.83608,40.487135],[-106.836081,40.487136],[-106.836081,40.487136],[-106.836082,40.487136],[-106.836083,40.487137],[-106.836084,40.487137],[-106.836084,40.487137],[-106.836085,40.487138],[-106.836085,40.487138],[-106.836086,40.487139],[-106.836086,40.48714],[-106.836087,40.48714],[-106.836087,40.487141],[-106.836087,40.487142],[-106.836087,40.487142],[-106.836087,40.487143],[-106.836087,40.487144],[-106.836087,40.487144],[-106.836086,40.487145],[-106.836086,40.487145],[-106.836085,40.487146],[-106.836085,40.487147],[-106.836084,40.487147],[-106.836084,40.487147],[-106.836083,40.487148],[-106.836082,40.487148],[-106.836081,40.487149],[-106.836081,40.487149],[-106.83608,40.487149],[-106.836079,40.487149],[-106.836078,40.487149],[-106.836077,40.487149],[-106.836076,40.487149],[-106.836075,40.487149],[-106.836075,40.487149],[-106.836074,40.487148],[-106.836073,40.487148],[-106.836072,40.487147],[-106.836072,40.487147],[-106.836071,40.487147],[-106.836071,40.487146],[-106.83607,40.487145],[-106.83607,40.487145],[-106.836069,40.487144],[-106.836069,40.487144],[-106.836069,40.487143],[-106.836069,40.487142]]]}},{"id":"264","type":"Feature","properties":{"natural":null,"barrier":null,"highway":"bus_stop","amenity":null,"tourism":null,"base_elevation":88,"height":null,"material":null,"direction":null,"artwork_type":null,"name":"9th and Lincoln"},"geometry":{"type":"Polygon","coordinates":[[[-106.835452,40.486489],[-106.835452,40.486489],[-106.835452,40.486488],[-106.835452,40.486487],[-106.835453,40.486487],[-106.835453,40.486486],[-106.835454,40.486486],[-106.835454,40.486485],[-106.835455,40.486485],[-106.835455,40.486484],[-106.835456,40.486484],[-106.835457,40.486483],[-106.835458,40.486483],[-106.835458,40.486483],[-106.835459,40.486483],[-106.83546,40.486483],[-106.835461,40.486483],[-106.835462,40.486483],[-106.835463,40.486483],[-106.835464,40.486483],[-106.835464,40.486483],[-106.835465,40.486483],[-106.835466,40.486484],[-106.835467,40.486484],[-106.835467,40.486485],[-106.835468,40.486485],[-106.835468,40.486486],[-106.835469,40.486486],[-106.835469,40.486487],[-106.83547,40.486487],[-106.83547,40.486488],[-106.83547,40.486489],[-106.83547,40.486489],[-106.83547,40.48649],[-106.83547,40.486491],[-106.83547,40.486491],[-106.835469,40.486492],[-106.835469,40.486493],[-106.835468,40.486493],[-106.835468,40.486494],[-106.835467,40.486494],[-106.835467,40.486495],[-106.835466,40.486495],[-106.835465,40.486495],[-106.835464,40.486496],[-106.835464,40.486496],[-106.835463,40.486496],[-106.835462,40.486496],[-106.835461,40.486496],[-106.83546,40.486496],[-106.835459,40.486496],[-106.835458,40.486496],[-106.835458,40.486496],[-106.835457,40.486495],[-106.835456,40.486495],[-106.835455,40.486495],[-106.835455,40.486494],[-106.835454,40.486494],[-106.835454,40.486493],[-106.835453,40.486493],[-106.835453,40.486492],[-106.835452,40.486491],[-106.835452,40.486491],[-106.835452,40.48649],[-106.835452,40.486489]]]}},{"id":"265","type":"Feature","properties":{"natural":null,"barrier":null,"highway":"bus_stop","amenity":null,"tourism":null,"base_elevation":93,"height":null,"material":null,"direction":null,"artwork_type":null,"name":"7th and Lincoln"},"geometry":{"type":"Polygon","coordinates":[[[-106.833867,40.485867],[-106.833867,40.485867],[-106.833867,40.485866],[-106.833867,40.485865],[-106.833868,40.485865],[-106.833868,40.485864],[-106.833869,40.485863],[-106.833869,40.485863],[-106.83387,40.485862],[-106.83387,40.485862],[-106.833871,40.485862],[-106.833872,40.485861],[-106.833873,40.485861],[-106.833873,40.485861],[-106.833874,40.48586],[-106.833875,40.48586],[-106.833876,40.48586],[-106.833877,40.48586],[-106.833878,40.48586],[-106.833879,40.485861],[-106.833879,40.485861],[-106.83388,40.485861],[-106.833881,40.485862],[-106.833882,40.485862],[-106.833882,40.485862],[-106.833883,40.485863],[-106.833883,40.485863],[-106.833884,40.485864],[-106.833884,40.485865],[-106.833885,40.485865],[-106.833885,40.485866],[-106.833885,40.485867],[-106.833885,40.485867],[-106.833885,40.485868],[-106.833885,40.485869],[-106.833885,40.485869],[-106.833884,40.48587],[-106.833884,40.48587],[-106.833883,40.485871],[-106.833883,40.485872],[-106.833882,40.485872],[-106.833882,40.485872],[-106.833881,40.485873],[-106.83388,40.485873],[-106.833879,40.485874],[-106.833879,40.485874],[-106.833878,40.485874],[-106.833877,40.485874],[-106.833876,40.485874],[-106.833875,40.485874],[-106.833874,40.485874],[-106.833873,40.485874],[-106.833873,40.485874],[-106.833872,40.485873],[-106.833871,40.485873],[-106.83387,40.485872],[-106.83387,40.485872],[-106.833869,40.485872],[-106.833869,40.485871],[-106.833868,40.48587],[-106.833868,40.48587],[-106.833867,40.485869],[-106.833867,40.485869],[-106.833867,40.485868],[-106.833867,40.485867]]]}},{"id":"266","type":"Feature","properties":{"natural":null,"barrier":null,"highway":"bus_stop","amenity":null,"tourism":null,"base_elevation":93,"height":null,"material":null,"direction":null,"artwork_type":null,"name":"7th and Lincoln"},"geometry":{"type":"Polygon","coordinates":[[[-106.833357,40.48521],[-106.833357,40.48521],[-106.833357,40.485209],[-106.833357,40.485208],[-106.833358,40.485208],[-106.833358,40.485207],[-106.833359,40.485207],[-106.833359,40.485206],[-106.83336,40.485205],[-106.83336,40.485205],[-106.833361,40.485205],[-106.833362,40.485204],[-106.833363,40.485204],[-106.833363,40.485204],[-106.833364,40.485204],[-106.833365,40.485204],[-106.833366,40.485203],[-106.833367,40.485204],[-106.833368,40.485204],[-106.833369,40.485204],[-106.833369,40.485204],[-106.83337,40.485204],[-106.833371,40.485205],[-106.833372,40.485205],[-106.833372,40.485205],[-106.833373,40.485206],[-106.833373,40.485207],[-106.833374,40.485207],[-106.833374,40.485208],[-106.833375,40.485208],[-106.833375,40.485209],[-106.833375,40.48521],[-106.833375,40.48521],[-106.833375,40.485211],[-106.833375,40.485212],[-106.833375,40.485212],[-106.833374,40.485213],[-106.833374,40.485214],[-106.833373,40.485214],[-106.833373,40.485215],[-106.833372,40.485215],[-106.833372,40.485216],[-106.833371,40.485216],[-106.83337,40.485216],[-106.833369,40.485217],[-106.833369,40.485217],[-106.833368,40.485217],[-106.833367,40.485217],[-106.833366,40.485217],[-106.833365,40.485217],[-106.833364,40.485217],[-106.833363,40.485217],[-106.833363,40.485217],[-106.833362,40.485216],[-106.833361,40.485216],[-106.83336,40.485216],[-106.83336,40.485215],[-106.833359,40.485215],[-106.833359,40.485214],[-106.833358,40.485214],[-106.833358,40.485213],[-106.833357,40.485212],[-106.833357,40.485212],[-106.833357,40.485211],[-106.833357,40.48521]]]}},{"id":"267","type":"Feature","properties":{"natural":null,"barrier":null,"highway":"bus_stop","amenity":null,"tourism":null,"base_elevation":94,"height":null,"material":null,"direction":null,"artwork_type":null,"name":"5th and Lincoln"},"geometry":{"type":"Polygon","coordinates":[[[-106.8317,40.484578],[-106.8317,40.484577],[-106.8317,40.484577],[-106.8317,40.484576],[-106.831701,40.484575],[-106.831701,40.484575],[-106.831702,40.484574],[-106.831702,40.484574],[-106.831703,40.484573],[-106.831703,40.484573],[-106.831704,40.484572],[-106.831705,40.484572],[-106.831706,40.484572],[-106.831706,40.484571],[-106.831707,40.484571],[-106.831708,40.484571],[-106.831709,40.484571],[-106.83171,40.484571],[-106.831711,40.484571],[-106.831712,40.484571],[-106.831712,40.484572],[-106.831713,40.484572],[-106.831714,40.484572],[-106.831715,40.484573],[-106.831715,40.484573],[-106.831716,40.484574],[-106.831716,40.484574],[-106.831717,40.484575],[-106.831717,40.484575],[-106.831718,40.484576],[-106.831718,40.484577],[-106.831718,40.484577],[-106.831718,40.484578],[-106.831718,40.484579],[-106.831718,40.484579],[-106.831718,40.48458],[-106.831717,40.484581],[-106.831717,40.484581],[-106.831716,40.484582],[-106.831716,40.484582],[-106.831715,40.484583],[-106.831715,40.484583],[-106.831714,40.484584],[-106.831713,40.484584],[-106.831712,40.484584],[-106.831712,40.484584],[-106.831711,40.484585],[-106.83171,40.484585],[-106.831709,40.484585],[-106.831708,40.484585],[-106.831707,40.484585],[-106.831706,40.484584],[-106.831706,40.484584],[-106.831705,40.484584],[-106.831704,40.484584],[-106.831703,40.484583],[-106.831703,40.484583],[-106.831702,40.484582],[-106.831702,40.484582],[-106.831701,40.484581],[-106.831701,40.484581],[-106.8317,40.48458],[-106.8317,40.484579],[-106.8317,40.484579],[-106.8317,40.484578]]]}},{"id":"268","type":"Feature","properties":{"natural":null,"barrier":null,"highway":"bus_stop","amenity":null,"tourism":null,"base_elevation":94,"height":null,"material":null,"direction":null,"artwork_type":null,"name":"5th and Lincoln"},"geometry":{"type":"Polygon","coordinates":[[[-106.831195,40.483956],[-106.831195,40.483955],[-106.831195,40.483954],[-106.831195,40.483954],[-106.831196,40.483953],[-106.831196,40.483952],[-106.831197,40.483952],[-106.831197,40.483951],[-106.831198,40.483951],[-106.831198,40.48395],[-106.831199,40.48395],[-106.8312,40.48395],[-106.831201,40.483949],[-106.831201,40.483949],[-106.831202,40.483949],[-106.831203,40.483949],[-106.831204,40.483949],[-106.831205,40.483949],[-106.831206,40.483949],[-106.831207,40.483949],[-106.831207,40.483949],[-106.831208,40.48395],[-106.831209,40.48395],[-106.83121,40.48395],[-106.83121,40.483951],[-106.831211,40.483951],[-106.831211,40.483952],[-106.831212,40.483952],[-106.831212,40.483953],[-106.831213,40.483954],[-106.831213,40.483954],[-106.831213,40.483955],[-106.831213,40.483956],[-106.831213,40.483956],[-106.831213,40.483957],[-106.831213,40.483958],[-106.831212,40.483958],[-106.831212,40.483959],[-106.831211,40.483959],[-106.831211,40.48396],[-106.83121,40.483961],[-106.83121,40.483961],[-106.831209,40.483961],[-106.831208,40.483962],[-106.831207,40.483962],[-106.831207,40.483962],[-106.831206,40.483962],[-106.831205,40.483962],[-106.831204,40.483963],[-106.831203,40.483962],[-106.831202,40.483962],[-106.831201,40.483962],[-106.831201,40.483962],[-106.8312,40.483962],[-106.831199,40.483961],[-106.831198,40.483961],[-106.831198,40.483961],[-106.831197,40.48396],[-106.831197,40.483959],[-106.831196,40.483959],[-106.831196,40.483958],[-106.831195,40.483958],[-106.831195,40.483957],[-106.831195,40.483956],[-106.831195,40.483956]]]}},{"id":"269","type":"Feature","properties":{"natural":null,"barrier":null,"highway":"bus_stop","amenity":null,"tourism":null,"base_elevation":95,"height":null,"material":null,"direction":null,"artwork_type":null,"name":"3rd and Lincoln"},"geometry":{"type":"Polygon","coordinates":[[[-106.828921,40.482609],[-106.828921,40.482609],[-106.828921,40.482608],[-106.828921,40.482607],[-106.828922,40.482607],[-106.828922,40.482606],[-106.828923,40.482606],[-106.828923,40.482605],[-106.828924,40.482604],[-106.828924,40.482604],[-106.828925,40.482604],[-106.828926,40.482603],[-106.828927,40.482603],[-106.828927,40.482603],[-106.828928,40.482603],[-106.828929,40.482603],[-106.82893,40.482602],[-106.828931,40.482603],[-106.828932,40.482603],[-106.828933,40.482603],[-106.828933,40.482603],[-106.828934,40.482603],[-106.828935,40.482604],[-106.828936,40.482604],[-106.828936,40.482604],[-106.828937,40.482605],[-106.828937,40.482606],[-106.828938,40.482606],[-106.828938,40.482607],[-106.828939,40.482607],[-106.828939,40.482608],[-106.828939,40.482609],[-106.828939,40.482609],[-106.828939,40.48261],[-106.828939,40.482611],[-106.828939,40.482611],[-106.828938,40.482612],[-106.828938,40.482613],[-106.828937,40.482613],[-106.828937,40.482614],[-106.828936,40.482614],[-106.828936,40.482615],[-106.828935,40.482615],[-106.828934,40.482615],[-106.828933,40.482616],[-106.828933,40.482616],[-106.828932,40.482616],[-106.828931,40.482616],[-106.82893,40.482616],[-106.828929,40.482616],[-106.828928,40.482616],[-106.828927,40.482616],[-106.828927,40.482616],[-106.828926,40.482615],[-106.828925,40.482615],[-106.828924,40.482615],[-106.828924,40.482614],[-106.828923,40.482614],[-106.828923,40.482613],[-106.828922,40.482613],[-106.828922,40.482612],[-106.828921,40.482611],[-106.828921,40.482611],[-106.828921,40.48261],[-106.828921,40.482609]]]}},{"id":"270","type":"Feature","properties":{"natural":null,"barrier":null,"highway":"bus_stop","amenity":null,"tourism":null,"base_elevation":96,"height":null,"material":null,"direction":null,"artwork_type":null,"name":"3rd and Lincoln"},"geometry":{"type":"Polygon","coordinates":[[[-106.829559,40.483295],[-106.829559,40.483294],[-106.829559,40.483293],[-106.829559,40.483293],[-106.82956,40.483292],[-106.82956,40.483291],[-106.829561,40.483291],[-106.829561,40.48329],[-106.829562,40.48329],[-106.829562,40.483289],[-106.829563,40.483289],[-106.829564,40.483289],[-106.829565,40.483288],[-106.829565,40.483288],[-106.829566,40.483288],[-106.829567,40.483288],[-106.829568,40.483288],[-106.829569,40.483288],[-106.82957,40.483288],[-106.829571,40.483288],[-106.829571,40.483288],[-106.829572,40.483289],[-106.829573,40.483289],[-106.829574,40.483289],[-106.829574,40.48329],[-106.829575,40.48329],[-106.829575,40.483291],[-106.829576,40.483291],[-106.829576,40.483292],[-106.829577,40.483293],[-106.829577,40.483293],[-106.829577,40.483294],[-106.829577,40.483295],[-106.829577,40.483295],[-106.829577,40.483296],[-106.829577,40.483297],[-106.829576,40.483297],[-106.829576,40.483298],[-106.829575,40.483298],[-106.829575,40.483299],[-106.829574,40.4833],[-106.829574,40.4833],[-106.829573,40.4833],[-106.829572,40.483301],[-106.829571,40.483301],[-106.829571,40.483301],[-106.82957,40.483301],[-106.829569,40.483301],[-106.829568,40.483302],[-106.829567,40.483301],[-106.829566,40.483301],[-106.829565,40.483301],[-106.829565,40.483301],[-106.829564,40.483301],[-106.829563,40.4833],[-106.829562,40.4833],[-106.829562,40.4833],[-106.829561,40.483299],[-106.829561,40.483298],[-106.82956,40.483298],[-106.82956,40.483297],[-106.829559,40.483297],[-106.829559,40.483296],[-106.829559,40.483295],[-106.829559,40.483295]]]}},{"id":"271","type":"Feature","properties":{"natural":null,"barrier":null,"highway":"bus_stop","amenity":null,"tourism":null,"base_elevation":97,"height":null,"material":null,"direction":null,"artwork_type":null,"name":"Flour Mill Inn"},"geometry":{"type":"Polygon","coordinates":[[[-106.826435,40.475134],[-106.826435,40.475133],[-106.826435,40.475133],[-106.826435,40.475132],[-106.826436,40.475131],[-106.826436,40.475131],[-106.826437,40.47513],[-106.826437,40.47513],[-106.826438,40.475129],[-106.826438,40.475129],[-106.826439,40.475128],[-106.82644,40.475128],[-106.826441,40.475128],[-106.826441,40.475127],[-106.826442,40.475127],[-106.826443,40.475127],[-106.826444,40.475127],[-106.826445,40.475127],[-106.826446,40.475127],[-106.826447,40.475127],[-106.826447,40.475128],[-106.826448,40.475128],[-106.826449,40.475128],[-106.82645,40.475129],[-106.82645,40.475129],[-106.826451,40.47513],[-106.826451,40.47513],[-106.826452,40.475131],[-106.826452,40.475131],[-106.826453,40.475132],[-106.826453,40.475133],[-106.826453,40.475133],[-106.826453,40.475134],[-106.826453,40.475135],[-106.826453,40.475135],[-106.826453,40.475136],[-106.826452,40.475137],[-106.826452,40.475137],[-106.826451,40.475138],[-106.826451,40.475138],[-106.82645,40.475139],[-106.82645,40.475139],[-106.826449,40.47514],[-106.826448,40.47514],[-106.826447,40.47514],[-106.826447,40.47514],[-106.826446,40.475141],[-106.826445,40.475141],[-106.826444,40.475141],[-106.826443,40.475141],[-106.826442,40.475141],[-106.826441,40.47514],[-106.826441,40.47514],[-106.82644,40.47514],[-106.826439,40.47514],[-106.826438,40.475139],[-106.826438,40.475139],[-106.826437,40.475138],[-106.826437,40.475138],[-106.826436,40.475137],[-106.826436,40.475137],[-106.826435,40.475136],[-106.826435,40.475135],[-106.826435,40.475135],[-106.826435,40.475134]]]}},{"id":"272","type":"Feature","properties":{"natural":null,"barrier":null,"highway":"bus_stop","amenity":null,"tourism":null,"base_elevation":99,"height":null,"material":null,"direction":null,"artwork_type":null,"name":"Steamboat Square"},"geometry":{"type":"Polygon","coordinates":[[[-106.825995,40.475646],[-106.825995,40.475645],[-106.825995,40.475645],[-106.825995,40.475644],[-106.825996,40.475643],[-106.825996,40.475643],[-106.825997,40.475642],[-106.825997,40.475642],[-106.825998,40.475641],[-106.825998,40.475641],[-106.825999,40.47564],[-106.826,40.47564],[-106.826001,40.47564],[-106.826001,40.475639],[-106.826002,40.475639],[-106.826003,40.475639],[-106.826004,40.475639],[-106.826005,40.475639],[-106.826006,40.475639],[-106.826007,40.475639],[-106.826007,40.47564],[-106.826008,40.47564],[-106.826009,40.47564],[-106.82601,40.475641],[-106.82601,40.475641],[-106.826011,40.475642],[-106.826011,40.475642],[-106.826012,40.475643],[-106.826012,40.475643],[-106.826013,40.475644],[-106.826013,40.475645],[-106.826013,40.475645],[-106.826013,40.475646],[-106.826013,40.475647],[-106.826013,40.475647],[-106.826013,40.475648],[-106.826012,40.475649],[-106.826012,40.475649],[-106.826011,40.47565],[-106.826011,40.47565],[-106.82601,40.475651],[-106.82601,40.475651],[-106.826009,40.475652],[-106.826008,40.475652],[-106.826007,40.475652],[-106.826007,40.475653],[-106.826006,40.475653],[-106.826005,40.475653],[-106.826004,40.475653],[-106.826003,40.475653],[-106.826002,40.475653],[-106.826001,40.475653],[-106.826001,40.475652],[-106.826,40.475652],[-106.825999,40.475652],[-106.825998,40.475651],[-106.825998,40.475651],[-106.825997,40.47565],[-106.825997,40.47565],[-106.825996,40.475649],[-106.825996,40.475649],[-106.825995,40.475648],[-106.825995,40.475647],[-106.825995,40.475647],[-106.825995,40.475646]]]}},{"id":"273","type":"Feature","properties":{"natural":null,"barrier":null,"highway":"bus_stop","amenity":null,"tourism":null,"base_elevation":102,"height":null,"material":null,"direction":null,"artwork_type":null,"name":"Highpoint Drive"},"geometry":{"type":"Polygon","coordinates":[[[-106.826123,40.469555],[-106.826123,40.469555],[-106.826123,40.469554],[-106.826123,40.469553],[-106.826124,40.469553],[-106.826124,40.469552],[-106.826125,40.469552],[-106.826125,40.469551],[-106.826126,40.469551],[-106.826126,40.46955],[-106.826127,40.46955],[-106.826128,40.469549],[-106.826129,40.469549],[-106.826129,40.469549],[-106.82613,40.469549],[-106.826131,40.469549],[-106.826132,40.469549],[-106.826133,40.469549],[-106.826134,40.469549],[-106.826135,40.469549],[-106.826135,40.469549],[-106.826136,40.469549],[-106.826137,40.46955],[-106.826138,40.46955],[-106.826138,40.469551],[-106.826139,40.469551],[-106.826139,40.469552],[-106.82614,40.469552],[-106.82614,40.469553],[-106.826141,40.469553],[-106.826141,40.469554],[-106.826141,40.469555],[-106.826141,40.469555],[-106.826141,40.469556],[-106.826141,40.469557],[-106.826141,40.469557],[-106.82614,40.469558],[-106.82614,40.469559],[-106.826139,40.469559],[-106.826139,40.46956],[-106.826138,40.46956],[-106.826138,40.469561],[-106.826137,40.469561],[-106.826136,40.469561],[-106.826135,40.469562],[-106.826135,40.469562],[-106.826134,40.469562],[-106.826133,40.469562],[-106.826132,40.469562],[-106.826131,40.469562],[-106.82613,40.469562],[-106.826129,40.469562],[-106.826129,40.469562],[-106.826128,40.469561],[-106.826127,40.469561],[-106.826126,40.469561],[-106.826126,40.46956],[-106.826125,40.46956],[-106.826125,40.469559],[-106.826124,40.469559],[-106.826124,40.469558],[-106.826123,40.469557],[-106.826123,40.469557],[-106.826123,40.469556],[-106.826123,40.469555]]]}},{"id":"274","type":"Feature","properties":{"natural":null,"barrier":null,"highway":"bus_stop","amenity":null,"tourism":null,"base_elevation":105,"height":null,"material":null,"direction":null,"artwork_type":null,"name":"Visitor Center-Chamber Resort"},"geometry":{"type":"Polygon","coordinates":[[[-106.826241,40.467527],[-106.826241,40.467527],[-106.826241,40.467526],[-106.826241,40.467525],[-106.826242,40.467525],[-106.826242,40.467524],[-106.826243,40.467523],[-106.826243,40.467523],[-106.826244,40.467522],[-106.826244,40.467522],[-106.826245,40.467522],[-106.826246,40.467521],[-106.826247,40.467521],[-106.826247,40.467521],[-106.826248,40.46752],[-106.826249,40.46752],[-106.82625,40.46752],[-106.826251,40.46752],[-106.826252,40.46752],[-106.826253,40.467521],[-106.826253,40.467521],[-106.826254,40.467521],[-106.826255,40.467522],[-106.826256,40.467522],[-106.826256,40.467522],[-106.826257,40.467523],[-106.826257,40.467523],[-106.826258,40.467524],[-106.826258,40.467525],[-106.826259,40.467525],[-106.826259,40.467526],[-106.826259,40.467527],[-106.826259,40.467527],[-106.826259,40.467528],[-106.826259,40.467529],[-106.826259,40.467529],[-106.826258,40.46753],[-106.826258,40.46753],[-106.826257,40.467531],[-106.826257,40.467532],[-106.826256,40.467532],[-106.826256,40.467532],[-106.826255,40.467533],[-106.826254,40.467533],[-106.826253,40.467534],[-106.826253,40.467534],[-106.826252,40.467534],[-106.826251,40.467534],[-106.82625,40.467534],[-106.826249,40.467534],[-106.826248,40.467534],[-106.826247,40.467534],[-106.826247,40.467534],[-106.826246,40.467533],[-106.826245,40.467533],[-106.826244,40.467532],[-106.826244,40.467532],[-106.826243,40.467532],[-106.826243,40.467531],[-106.826242,40.46753],[-106.826242,40.46753],[-106.826241,40.467529],[-106.826241,40.467529],[-106.826241,40.467528],[-106.826241,40.467527]]]}},{"id":"275","type":"Feature","properties":{"natural":null,"barrier":null,"highway":"bus_stop","amenity":null,"tourism":null,"base_elevation":107,"height":null,"material":null,"direction":null,"artwork_type":null,"name":"Sundance at Fish Creek"},"geometry":{"type":"Polygon","coordinates":[[[-106.825788,40.467011],[-106.825788,40.46701],[-106.825788,40.46701],[-106.825788,40.467009],[-106.825789,40.467008],[-106.825789,40.467008],[-106.82579,40.467007],[-106.82579,40.467007],[-106.825791,40.467006],[-106.825791,40.467006],[-106.825792,40.467005],[-106.825793,40.467005],[-106.825794,40.467005],[-106.825794,40.467004],[-106.825795,40.467004],[-106.825796,40.467004],[-106.825797,40.467004],[-106.825798,40.467004],[-106.825799,40.467004],[-106.8258,40.467004],[-106.8258,40.467005],[-106.825801,40.467005],[-106.825802,40.467005],[-106.825803,40.467006],[-106.825803,40.467006],[-106.825804,40.467007],[-106.825804,40.467007],[-106.825805,40.467008],[-106.825805,40.467008],[-106.825806,40.467009],[-106.825806,40.46701],[-106.825806,40.46701],[-106.825806,40.467011],[-106.825806,40.467012],[-106.825806,40.467012],[-106.825806,40.467013],[-106.825805,40.467014],[-106.825805,40.467014],[-106.825804,40.467015],[-106.825804,40.467015],[-106.825803,40.467016],[-106.825803,40.467016],[-106.825802,40.467017],[-106.825801,40.467017],[-106.8258,40.467017],[-106.8258,40.467017],[-106.825799,40.467018],[-106.825798,40.467018],[-106.825797,40.467018],[-106.825796,40.467018],[-106.825795,40.467018],[-106.825794,40.467017],[-106.825794,40.467017],[-106.825793,40.467017],[-106.825792,40.467017],[-106.825791,40.467016],[-106.825791,40.467016],[-106.82579,40.467015],[-106.82579,40.467015],[-106.825789,40.467014],[-106.825789,40.467014],[-106.825788,40.467013],[-106.825788,40.467012],[-106.825788,40.467012],[-106.825788,40.467011]]]}},{"id":"276","type":"Feature","properties":{"natural":null,"barrier":null,"highway":"bus_stop","amenity":null,"tourism":null,"base_elevation":104,"height":null,"material":null,"direction":null,"artwork_type":null,"name":"Walgreens"},"geometry":{"type":"Polygon","coordinates":[[[-106.8264,40.465403],[-106.8264,40.465402],[-106.8264,40.465402],[-106.8264,40.465401],[-106.826401,40.4654],[-106.826401,40.4654],[-106.826402,40.465399],[-106.826402,40.465399],[-106.826403,40.465398],[-106.826403,40.465398],[-106.826404,40.465397],[-106.826405,40.465397],[-106.826406,40.465397],[-106.826406,40.465396],[-106.826407,40.465396],[-106.826408,40.465396],[-106.826409,40.465396],[-106.82641,40.465396],[-106.826411,40.465396],[-106.826412,40.465396],[-106.826412,40.465397],[-106.826413,40.465397],[-106.826414,40.465397],[-106.826415,40.465398],[-106.826415,40.465398],[-106.826416,40.465399],[-106.826416,40.465399],[-106.826417,40.4654],[-106.826417,40.4654],[-106.826418,40.465401],[-106.826418,40.465402],[-106.826418,40.465402],[-106.826418,40.465403],[-106.826418,40.465404],[-106.826418,40.465404],[-106.826418,40.465405],[-106.826417,40.465406],[-106.826417,40.465406],[-106.826416,40.465407],[-106.826416,40.465407],[-106.826415,40.465408],[-106.826415,40.465408],[-106.826414,40.465409],[-106.826413,40.465409],[-106.826412,40.465409],[-106.826412,40.465409],[-106.826411,40.46541],[-106.82641,40.46541],[-106.826409,40.46541],[-106.826408,40.46541],[-106.826407,40.46541],[-106.826406,40.465409],[-106.826406,40.465409],[-106.826405,40.465409],[-106.826404,40.465409],[-106.826403,40.465408],[-106.826403,40.465408],[-106.826402,40.465407],[-106.826402,40.465407],[-106.826401,40.465406],[-106.826401,40.465406],[-106.8264,40.465405],[-106.8264,40.465404],[-106.8264,40.465404],[-106.8264,40.465403]]]}},{"id":"277","type":"Feature","properties":{"natural":null,"barrier":null,"highway":"bus_stop","amenity":null,"tourism":null,"base_elevation":107,"height":null,"material":null,"direction":null,"artwork_type":null,"name":"Safeway Town Bound"},"geometry":{"type":"Polygon","coordinates":[[[-106.824066,40.465382],[-106.824066,40.465382],[-106.824066,40.465381],[-106.824066,40.465381],[-106.824067,40.46538],[-106.824067,40.465379],[-106.824068,40.465379],[-106.824068,40.465378],[-106.824069,40.465378],[-106.824069,40.465377],[-106.82407,40.465377],[-106.824071,40.465376],[-106.824072,40.465376],[-106.824072,40.465376],[-106.824073,40.465376],[-106.824074,40.465376],[-106.824075,40.465376],[-106.824076,40.465376],[-106.824077,40.465376],[-106.824078,40.465376],[-106.824078,40.465376],[-106.824079,40.465376],[-106.82408,40.465377],[-106.824081,40.465377],[-106.824081,40.465378],[-106.824082,40.465378],[-106.824082,40.465379],[-106.824083,40.465379],[-106.824083,40.46538],[-106.824084,40.465381],[-106.824084,40.465381],[-106.824084,40.465382],[-106.824084,40.465382],[-106.824084,40.465383],[-106.824084,40.465384],[-106.824084,40.465384],[-106.824083,40.465385],[-106.824083,40.465386],[-106.824082,40.465386],[-106.824082,40.465387],[-106.824081,40.465387],[-106.824081,40.465388],[-106.82408,40.465388],[-106.824079,40.465389],[-106.824078,40.465389],[-106.824078,40.465389],[-106.824077,40.465389],[-106.824076,40.465389],[-106.824075,40.465389],[-106.824074,40.465389],[-106.824073,40.465389],[-106.824072,40.465389],[-106.824072,40.465389],[-106.824071,40.465389],[-106.82407,40.465388],[-106.824069,40.465388],[-106.824069,40.465387],[-106.824068,40.465387],[-106.824068,40.465386],[-106.824067,40.465386],[-106.824067,40.465385],[-106.824066,40.465384],[-106.824066,40.465384],[-106.824066,40.465383],[-106.824066,40.465382]]]}},{"id":"278","type":"Feature","properties":{"natural":null,"barrier":null,"highway":"bus_stop","amenity":null,"tourism":null,"base_elevation":107,"height":null,"material":null,"direction":null,"artwork_type":null,"name":"Pine Grove Center"},"geometry":{"type":"Polygon","coordinates":[[[-106.824117,40.465152],[-106.824117,40.465151],[-106.824117,40.465151],[-106.824117,40.46515],[-106.824118,40.465149],[-106.824118,40.465149],[-106.824119,40.465148],[-106.824119,40.465148],[-106.82412,40.465147],[-106.82412,40.465147],[-106.824121,40.465146],[-106.824122,40.465146],[-106.824123,40.465146],[-106.824123,40.465145],[-106.824124,40.465145],[-106.824125,40.465145],[-106.824126,40.465145],[-106.824127,40.465145],[-106.824128,40.465145],[-106.824129,40.465145],[-106.824129,40.465146],[-106.82413,40.465146],[-106.824131,40.465146],[-106.824132,40.465147],[-106.824132,40.465147],[-106.824133,40.465148],[-106.824133,40.465148],[-106.824134,40.465149],[-106.824134,40.465149],[-106.824135,40.46515],[-106.824135,40.465151],[-106.824135,40.465151],[-106.824135,40.465152],[-106.824135,40.465153],[-106.824135,40.465153],[-106.824135,40.465154],[-106.824134,40.465155],[-106.824134,40.465155],[-106.824133,40.465156],[-106.824133,40.465156],[-106.824132,40.465157],[-106.824132,40.465157],[-106.824131,40.465158],[-106.82413,40.465158],[-106.824129,40.465158],[-106.824129,40.465158],[-106.824128,40.465159],[-106.824127,40.465159],[-106.824126,40.465159],[-106.824125,40.465159],[-106.824124,40.465159],[-106.824123,40.465158],[-106.824123,40.465158],[-106.824122,40.465158],[-106.824121,40.465158],[-106.82412,40.465157],[-106.82412,40.465157],[-106.824119,40.465156],[-106.824119,40.465156],[-106.824118,40.465155],[-106.824118,40.465155],[-106.824117,40.465154],[-106.824117,40.465153],[-106.824117,40.465153],[-106.824117,40.465152]]]}},{"id":"279","type":"Feature","properties":{"natural":null,"barrier":null,"highway":"bus_stop","amenity":null,"tourism":null,"base_elevation":113,"height":null,"material":null,"direction":null,"artwork_type":null,"name":"Pines Condominiums Town Bound"},"geometry":{"type":"Polygon","coordinates":[[[-106.821014,40.464046],[-106.821014,40.464045],[-106.821014,40.464045],[-106.821014,40.464044],[-106.821015,40.464043],[-106.821015,40.464043],[-106.821016,40.464042],[-106.821016,40.464042],[-106.821017,40.464041],[-106.821017,40.464041],[-106.821018,40.46404],[-106.821019,40.46404],[-106.82102,40.46404],[-106.82102,40.464039],[-106.821021,40.464039],[-106.821022,40.464039],[-106.821023,40.464039],[-106.821024,40.464039],[-106.821025,40.464039],[-106.821026,40.464039],[-106.821026,40.46404],[-106.821027,40.46404],[-106.821028,40.46404],[-106.821029,40.464041],[-106.821029,40.464041],[-106.82103,40.464042],[-106.82103,40.464042],[-106.821031,40.464043],[-106.821031,40.464043],[-106.821032,40.464044],[-106.821032,40.464045],[-106.821032,40.464045],[-106.821032,40.464046],[-106.821032,40.464047],[-106.821032,40.464047],[-106.821032,40.464048],[-106.821031,40.464049],[-106.821031,40.464049],[-106.82103,40.46405],[-106.82103,40.46405],[-106.821029,40.464051],[-106.821029,40.464051],[-106.821028,40.464052],[-106.821027,40.464052],[-106.821026,40.464052],[-106.821026,40.464052],[-106.821025,40.464053],[-106.821024,40.464053],[-106.821023,40.464053],[-106.821022,40.464053],[-106.821021,40.464053],[-106.82102,40.464052],[-106.82102,40.464052],[-106.821019,40.464052],[-106.821018,40.464052],[-106.821017,40.464051],[-106.821017,40.464051],[-106.821016,40.46405],[-106.821016,40.46405],[-106.821015,40.464049],[-106.821015,40.464049],[-106.821014,40.464048],[-106.821014,40.464047],[-106.821014,40.464047],[-106.821014,40.464046]]]}},{"id":"280","type":"Feature","properties":{"natural":null,"barrier":null,"highway":"bus_stop","amenity":null,"tourism":null,"base_elevation":113,"height":null,"material":null,"direction":null,"artwork_type":null,"name":"Pines Condominiums Mountain Bound"},"geometry":{"type":"Polygon","coordinates":[[[-106.82133,40.463976],[-106.82133,40.463976],[-106.82133,40.463975],[-106.82133,40.463975],[-106.821331,40.463974],[-106.821331,40.463973],[-106.821332,40.463973],[-106.821332,40.463972],[-106.821333,40.463972],[-106.821333,40.463971],[-106.821334,40.463971],[-106.821335,40.46397],[-106.821336,40.46397],[-106.821336,40.46397],[-106.821337,40.46397],[-106.821338,40.46397],[-106.821339,40.46397],[-106.82134,40.46397],[-106.821341,40.46397],[-106.821342,40.46397],[-106.821342,40.46397],[-106.821343,40.46397],[-106.821344,40.463971],[-106.821345,40.463971],[-106.821345,40.463972],[-106.821346,40.463972],[-106.821346,40.463973],[-106.821347,40.463973],[-106.821347,40.463974],[-106.821348,40.463975],[-106.821348,40.463975],[-106.821348,40.463976],[-106.821348,40.463976],[-106.821348,40.463977],[-106.821348,40.463978],[-106.821348,40.463978],[-106.821347,40.463979],[-106.821347,40.46398],[-106.821346,40.46398],[-106.821346,40.463981],[-106.821345,40.463981],[-106.821345,40.463982],[-106.821344,40.463982],[-106.821343,40.463983],[-106.821342,40.463983],[-106.821342,40.463983],[-106.821341,40.463983],[-106.82134,40.463983],[-106.821339,40.463983],[-106.821338,40.463983],[-106.821337,40.463983],[-106.821336,40.463983],[-106.821336,40.463983],[-106.821335,40.463983],[-106.821334,40.463982],[-106.821333,40.463982],[-106.821333,40.463981],[-106.821332,40.463981],[-106.821332,40.46398],[-106.821331,40.46398],[-106.821331,40.463979],[-106.82133,40.463978],[-106.82133,40.463978],[-106.82133,40.463977],[-106.82133,40.463976]]]}},{"id":"281","type":"Feature","properties":{"natural":null,"barrier":null,"highway":"bus_stop","amenity":null,"tourism":null,"base_elevation":111,"height":null,"material":null,"direction":null,"artwork_type":null,"name":"Central Park Plaza Mountain Bound"},"geometry":{"type":"Polygon","coordinates":[[[-106.821405,40.461744],[-106.821405,40.461743],[-106.821405,40.461743],[-106.821405,40.461742],[-106.821406,40.461741],[-106.821406,40.461741],[-106.821407,40.46174],[-106.821407,40.46174],[-106.821408,40.461739],[-106.821408,40.461739],[-106.821409,40.461738],[-106.82141,40.461738],[-106.821411,40.461738],[-106.821411,40.461737],[-106.821412,40.461737],[-106.821413,40.461737],[-106.821414,40.461737],[-106.821415,40.461737],[-106.821416,40.461737],[-106.821417,40.461737],[-106.821417,40.461738],[-106.821418,40.461738],[-106.821419,40.461738],[-106.82142,40.461739],[-106.82142,40.461739],[-106.821421,40.46174],[-106.821421,40.46174],[-106.821422,40.461741],[-106.821422,40.461741],[-106.821423,40.461742],[-106.821423,40.461743],[-106.821423,40.461743],[-106.821423,40.461744],[-106.821423,40.461745],[-106.821423,40.461745],[-106.821423,40.461746],[-106.821422,40.461747],[-106.821422,40.461747],[-106.821421,40.461748],[-106.821421,40.461748],[-106.82142,40.461749],[-106.82142,40.461749],[-106.821419,40.46175],[-106.821418,40.46175],[-106.821417,40.46175],[-106.821417,40.461751],[-106.821416,40.461751],[-106.821415,40.461751],[-106.821414,40.461751],[-106.821413,40.461751],[-106.821412,40.461751],[-106.821411,40.461751],[-106.821411,40.46175],[-106.82141,40.46175],[-106.821409,40.46175],[-106.821408,40.461749],[-106.821408,40.461749],[-106.821407,40.461748],[-106.821407,40.461748],[-106.821406,40.461747],[-106.821406,40.461747],[-106.821405,40.461746],[-106.821405,40.461745],[-106.821405,40.461745],[-106.821405,40.461744]]]}},{"id":"282","type":"Feature","properties":{"natural":null,"barrier":null,"highway":"bus_stop","amenity":null,"tourism":null,"base_elevation":111,"height":null,"material":null,"direction":null,"artwork_type":null,"name":"Central Park Plaza Town Bound"},"geometry":{"type":"Polygon","coordinates":[[[-106.821043,40.461641],[-106.821043,40.46164],[-106.821043,40.46164],[-106.821043,40.461639],[-106.821044,40.461638],[-106.821044,40.461638],[-106.821045,40.461637],[-106.821045,40.461637],[-106.821046,40.461636],[-106.821046,40.461636],[-106.821047,40.461635],[-106.821048,40.461635],[-106.821049,40.461635],[-106.821049,40.461634],[-106.82105,40.461634],[-106.821051,40.461634],[-106.821052,40.461634],[-106.821053,40.461634],[-106.821054,40.461634],[-106.821055,40.461634],[-106.821055,40.461635],[-106.821056,40.461635],[-106.821057,40.461635],[-106.821058,40.461636],[-106.821058,40.461636],[-106.821059,40.461637],[-106.821059,40.461637],[-106.82106,40.461638],[-106.82106,40.461638],[-106.821061,40.461639],[-106.821061,40.46164],[-106.821061,40.46164],[-106.821061,40.461641],[-106.821061,40.461642],[-106.821061,40.461642],[-106.821061,40.461643],[-106.82106,40.461644],[-106.82106,40.461644],[-106.821059,40.461645],[-106.821059,40.461645],[-106.821058,40.461646],[-106.821058,40.461646],[-106.821057,40.461647],[-106.821056,40.461647],[-106.821055,40.461647],[-106.821055,40.461647],[-106.821054,40.461648],[-106.821053,40.461648],[-106.821052,40.461648],[-106.821051,40.461648],[-106.82105,40.461648],[-106.821049,40.461647],[-106.821049,40.461647],[-106.821048,40.461647],[-106.821047,40.461647],[-106.821046,40.461646],[-106.821046,40.461646],[-106.821045,40.461645],[-106.821045,40.461645],[-106.821044,40.461644],[-106.821044,40.461644],[-106.821043,40.461643],[-106.821043,40.461642],[-106.821043,40.461642],[-106.821043,40.461641]]]}},{"id":"283","type":"Feature","properties":{"natural":null,"barrier":null,"highway":"bus_stop","amenity":null,"tourism":null,"base_elevation":112,"height":null,"material":null,"direction":null,"artwork_type":null,"name":"Resort Group"},"geometry":{"type":"Polygon","coordinates":[[[-106.819152,40.459393],[-106.819152,40.459392],[-106.819152,40.459392],[-106.819152,40.459391],[-106.819153,40.45939],[-106.819153,40.45939],[-106.819154,40.459389],[-106.819154,40.459389],[-106.819155,40.459388],[-106.819155,40.459388],[-106.819156,40.459387],[-106.819157,40.459387],[-106.819158,40.459387],[-106.819158,40.459386],[-106.819159,40.459386],[-106.81916,40.459386],[-106.819161,40.459386],[-106.819162,40.459386],[-106.819163,40.459386],[-106.819164,40.459386],[-106.819164,40.459387],[-106.819165,40.459387],[-106.819166,40.459387],[-106.819167,40.459388],[-106.819167,40.459388],[-106.819168,40.459389],[-106.819168,40.459389],[-106.819169,40.45939],[-106.819169,40.45939],[-106.81917,40.459391],[-106.81917,40.459392],[-106.81917,40.459392],[-106.81917,40.459393],[-106.81917,40.459394],[-106.81917,40.459394],[-106.81917,40.459395],[-106.819169,40.459396],[-106.819169,40.459396],[-106.819168,40.459397],[-106.819168,40.459397],[-106.819167,40.459398],[-106.819167,40.459398],[-106.819166,40.459399],[-106.819165,40.459399],[-106.819164,40.459399],[-106.819164,40.4594],[-106.819163,40.4594],[-106.819162,40.4594],[-106.819161,40.4594],[-106.81916,40.4594],[-106.819159,40.4594],[-106.819158,40.4594],[-106.819158,40.459399],[-106.819157,40.459399],[-106.819156,40.459399],[-106.819155,40.459398],[-106.819155,40.459398],[-106.819154,40.459397],[-106.819154,40.459397],[-106.819153,40.459396],[-106.819153,40.459396],[-106.819152,40.459395],[-106.819152,40.459394],[-106.819152,40.459394],[-106.819152,40.459393]]]}},{"id":"284","type":"Feature","properties":{"natural":null,"barrier":null,"highway":"bus_stop","amenity":null,"tourism":null,"base_elevation":104,"height":null,"material":null,"direction":null,"artwork_type":null,"name":"Walton Creek Road and U.S. 40"},"geometry":{"type":"Polygon","coordinates":[[[-106.814234,40.450985],[-106.814234,40.450984],[-106.814234,40.450983],[-106.814234,40.450983],[-106.814234,40.450982],[-106.814235,40.450981],[-106.814235,40.450981],[-106.814236,40.45098],[-106.814236,40.45098],[-106.814237,40.450979],[-106.814238,40.450979],[-106.814238,40.450979],[-106.814239,40.450978],[-106.81424,40.450978],[-106.814241,40.450978],[-106.814242,40.450978],[-106.814243,40.450978],[-106.814244,40.450978],[-106.814244,40.450978],[-106.814245,40.450978],[-106.814246,40.450978],[-106.814247,40.450979],[-106.814248,40.450979],[-106.814248,40.450979],[-106.814249,40.45098],[-106.81425,40.45098],[-106.81425,40.450981],[-106.814251,40.450981],[-106.814251,40.450982],[-106.814251,40.450983],[-106.814252,40.450983],[-106.814252,40.450984],[-106.814252,40.450985],[-106.814252,40.450985],[-106.814252,40.450986],[-106.814251,40.450987],[-106.814251,40.450987],[-106.814251,40.450988],[-106.81425,40.450988],[-106.81425,40.450989],[-106.814249,40.450989],[-106.814248,40.45099],[-106.814248,40.45099],[-106.814247,40.450991],[-106.814246,40.450991],[-106.814245,40.450991],[-106.814244,40.450991],[-106.814244,40.450991],[-106.814243,40.450991],[-106.814242,40.450991],[-106.814241,40.450991],[-106.81424,40.450991],[-106.814239,40.450991],[-106.814238,40.450991],[-106.814238,40.45099],[-106.814237,40.45099],[-106.814236,40.450989],[-106.814236,40.450989],[-106.814235,40.450988],[-106.814235,40.450988],[-106.814234,40.450987],[-106.814234,40.450987],[-106.814234,40.450986],[-106.814234,40.450985],[-106.814234,40.450985]]]}},{"id":"285","type":"Feature","properties":{"natural":null,"barrier":null,"highway":"bus_stop","amenity":null,"tourism":null,"base_elevation":108,"height":null,"material":null,"direction":null,"artwork_type":null,"name":"Walton Creek/Deer Creek"},"geometry":{"type":"Polygon","coordinates":[[[-106.812292,40.450329],[-106.812292,40.450329],[-106.812292,40.450328],[-106.812292,40.450327],[-106.812292,40.450327],[-106.812293,40.450326],[-106.812293,40.450325],[-106.812294,40.450325],[-106.812294,40.450324],[-106.812295,40.450324],[-106.812296,40.450324],[-106.812296,40.450323],[-106.812297,40.450323],[-106.812298,40.450323],[-106.812299,40.450322],[-106.8123,40.450322],[-106.812301,40.450322],[-106.812302,40.450322],[-106.812302,40.450322],[-106.812303,40.450323],[-106.812304,40.450323],[-106.812305,40.450323],[-106.812306,40.450324],[-106.812306,40.450324],[-106.812307,40.450324],[-106.812308,40.450325],[-106.812308,40.450325],[-106.812309,40.450326],[-106.812309,40.450327],[-106.812309,40.450327],[-106.81231,40.450328],[-106.81231,40.450329],[-106.81231,40.450329],[-106.81231,40.45033],[-106.81231,40.450331],[-106.812309,40.450331],[-106.812309,40.450332],[-106.812309,40.450332],[-106.812308,40.450333],[-106.812308,40.450334],[-106.812307,40.450334],[-106.812306,40.450334],[-106.812306,40.450335],[-106.812305,40.450335],[-106.812304,40.450336],[-106.812303,40.450336],[-106.812302,40.450336],[-106.812302,40.450336],[-106.812301,40.450336],[-106.8123,40.450336],[-106.812299,40.450336],[-106.812298,40.450336],[-106.812297,40.450336],[-106.812296,40.450335],[-106.812296,40.450335],[-106.812295,40.450334],[-106.812294,40.450334],[-106.812294,40.450334],[-106.812293,40.450333],[-106.812293,40.450332],[-106.812292,40.450332],[-106.812292,40.450331],[-106.812292,40.450331],[-106.812292,40.45033],[-106.812292,40.450329]]]}},{"id":"286","type":"Feature","properties":{"natural":null,"barrier":null,"highway":"bus_stop","amenity":null,"tourism":null,"base_elevation":109,"height":null,"material":null,"direction":null,"artwork_type":null,"name":"Walton Village"},"geometry":{"type":"Polygon","coordinates":[[[-106.811133,40.449143],[-106.811133,40.449143],[-106.811133,40.449142],[-106.811133,40.449141],[-106.811134,40.449141],[-106.811134,40.44914],[-106.811135,40.44914],[-106.811135,40.449139],[-106.811136,40.449138],[-106.811136,40.449138],[-106.811137,40.449138],[-106.811138,40.449137],[-106.811139,40.449137],[-106.811139,40.449137],[-106.81114,40.449137],[-106.811141,40.449136],[-106.811142,40.449136],[-106.811143,40.449136],[-106.811144,40.449137],[-106.811145,40.449137],[-106.811145,40.449137],[-106.811146,40.449137],[-106.811147,40.449138],[-106.811148,40.449138],[-106.811148,40.449138],[-106.811149,40.449139],[-106.811149,40.44914],[-106.81115,40.44914],[-106.81115,40.449141],[-106.811151,40.449141],[-106.811151,40.449142],[-106.811151,40.449143],[-106.811151,40.449143],[-106.811151,40.449144],[-106.811151,40.449145],[-106.811151,40.449145],[-106.81115,40.449146],[-106.81115,40.449147],[-106.811149,40.449147],[-106.811149,40.449148],[-106.811148,40.449148],[-106.811148,40.449149],[-106.811147,40.449149],[-106.811146,40.449149],[-106.811145,40.44915],[-106.811145,40.44915],[-106.811144,40.44915],[-106.811143,40.44915],[-106.811142,40.44915],[-106.811141,40.44915],[-106.81114,40.44915],[-106.811139,40.44915],[-106.811139,40.44915],[-106.811138,40.449149],[-106.811137,40.449149],[-106.811136,40.449149],[-106.811136,40.449148],[-106.811135,40.449148],[-106.811135,40.449147],[-106.811134,40.449147],[-106.811134,40.449146],[-106.811133,40.449145],[-106.811133,40.449145],[-106.811133,40.449144],[-106.811133,40.449143]]]}},{"id":"287","type":"Feature","properties":{"natural":null,"barrier":null,"highway":"bus_stop","amenity":null,"tourism":null,"base_elevation":105,"height":null,"material":null,"direction":null,"artwork_type":null,"name":"Chinook Townhomes"},"geometry":{"type":"Polygon","coordinates":[[[-106.812286,40.448051],[-106.812286,40.448051],[-106.812286,40.44805],[-106.812287,40.448049],[-106.812287,40.448049],[-106.812287,40.448048],[-106.812288,40.448048],[-106.812288,40.448047],[-106.812289,40.448046],[-106.81229,40.448046],[-106.81229,40.448046],[-106.812291,40.448045],[-106.812292,40.448045],[-106.812293,40.448045],[-106.812294,40.448045],[-106.812294,40.448044],[-106.812295,40.448044],[-106.812296,40.448044],[-106.812297,40.448045],[-106.812298,40.448045],[-106.812299,40.448045],[-106.8123,40.448045],[-106.8123,40.448046],[-106.812301,40.448046],[-106.812302,40.448046],[-106.812302,40.448047],[-106.812303,40.448048],[-106.812303,40.448048],[-106.812304,40.448049],[-106.812304,40.448049],[-106.812304,40.44805],[-106.812304,40.448051],[-106.812304,40.448051],[-106.812304,40.448052],[-106.812304,40.448053],[-106.812304,40.448053],[-106.812304,40.448054],[-106.812303,40.448055],[-106.812303,40.448055],[-106.812302,40.448056],[-106.812302,40.448056],[-106.812301,40.448057],[-106.8123,40.448057],[-106.8123,40.448057],[-106.812299,40.448058],[-106.812298,40.448058],[-106.812297,40.448058],[-106.812296,40.448058],[-106.812295,40.448058],[-106.812294,40.448058],[-106.812294,40.448058],[-106.812293,40.448058],[-106.812292,40.448058],[-106.812291,40.448057],[-106.81229,40.448057],[-106.81229,40.448057],[-106.812289,40.448056],[-106.812288,40.448056],[-106.812288,40.448055],[-106.812287,40.448055],[-106.812287,40.448054],[-106.812287,40.448053],[-106.812286,40.448053],[-106.812286,40.448052],[-106.812286,40.448051]]]}},{"id":"288","type":"Feature","properties":{"natural":null,"barrier":null,"highway":"bus_stop","amenity":null,"tourism":null,"base_elevation":110,"height":null,"material":null,"direction":null,"artwork_type":null,"name":"Whistler Village"},"geometry":{"type":"Polygon","coordinates":[[[-106.809543,40.446963],[-106.809543,40.446963],[-106.809543,40.446962],[-106.809543,40.446961],[-106.809544,40.446961],[-106.809544,40.44696],[-106.809545,40.44696],[-106.809545,40.446959],[-106.809546,40.446959],[-106.809546,40.446958],[-106.809547,40.446958],[-106.809548,40.446957],[-106.809549,40.446957],[-106.809549,40.446957],[-106.80955,40.446957],[-106.809551,40.446957],[-106.809552,40.446957],[-106.809553,40.446957],[-106.809554,40.446957],[-106.809555,40.446957],[-106.809555,40.446957],[-106.809556,40.446957],[-106.809557,40.446958],[-106.809558,40.446958],[-106.809558,40.446959],[-106.809559,40.446959],[-106.809559,40.44696],[-106.80956,40.44696],[-106.80956,40.446961],[-106.809561,40.446961],[-106.809561,40.446962],[-106.809561,40.446963],[-106.809561,40.446963],[-106.809561,40.446964],[-106.809561,40.446965],[-106.809561,40.446965],[-106.80956,40.446966],[-106.80956,40.446967],[-106.809559,40.446967],[-106.809559,40.446968],[-106.809558,40.446968],[-106.809558,40.446969],[-106.809557,40.446969],[-106.809556,40.446969],[-106.809555,40.44697],[-106.809555,40.44697],[-106.809554,40.44697],[-106.809553,40.44697],[-106.809552,40.44697],[-106.809551,40.44697],[-106.80955,40.44697],[-106.809549,40.44697],[-106.809549,40.44697],[-106.809548,40.446969],[-106.809547,40.446969],[-106.809546,40.446969],[-106.809546,40.446968],[-106.809545,40.446968],[-106.809545,40.446967],[-106.809544,40.446967],[-106.809544,40.446966],[-106.809543,40.446965],[-106.809543,40.446965],[-106.809543,40.446964],[-106.809543,40.446963]]]}},{"id":"289","type":"Feature","properties":{"natural":null,"barrier":null,"highway":"bus_stop","amenity":null,"tourism":null,"base_elevation":112,"height":null,"material":null,"direction":null,"artwork_type":null,"name":"Mustang Run"},"geometry":{"type":"Polygon","coordinates":[[[-106.808579,40.446375],[-106.808579,40.446375],[-106.808579,40.446374],[-106.808579,40.446374],[-106.80858,40.446373],[-106.80858,40.446372],[-106.808581,40.446372],[-106.808581,40.446371],[-106.808582,40.446371],[-106.808582,40.44637],[-106.808583,40.44637],[-106.808584,40.446369],[-106.808585,40.446369],[-106.808585,40.446369],[-106.808586,40.446369],[-106.808587,40.446369],[-106.808588,40.446369],[-106.808589,40.446369],[-106.80859,40.446369],[-106.808591,40.446369],[-106.808591,40.446369],[-106.808592,40.446369],[-106.808593,40.44637],[-106.808594,40.44637],[-106.808594,40.446371],[-106.808595,40.446371],[-106.808595,40.446372],[-106.808596,40.446372],[-106.808596,40.446373],[-106.808597,40.446374],[-106.808597,40.446374],[-106.808597,40.446375],[-106.808597,40.446375],[-106.808597,40.446376],[-106.808597,40.446377],[-106.808597,40.446377],[-106.808596,40.446378],[-106.808596,40.446379],[-106.808595,40.446379],[-106.808595,40.44638],[-106.808594,40.44638],[-106.808594,40.446381],[-106.808593,40.446381],[-106.808592,40.446382],[-106.808591,40.446382],[-106.808591,40.446382],[-106.80859,40.446382],[-106.808589,40.446382],[-106.808588,40.446382],[-106.808587,40.446382],[-106.808586,40.446382],[-106.808585,40.446382],[-106.808585,40.446382],[-106.808584,40.446382],[-106.808583,40.446381],[-106.808582,40.446381],[-106.808582,40.44638],[-106.808581,40.44638],[-106.808581,40.446379],[-106.80858,40.446379],[-106.80858,40.446378],[-106.808579,40.446377],[-106.808579,40.446377],[-106.808579,40.446376],[-106.808579,40.446375]]]}},{"id":"290","type":"Feature","properties":{"natural":null,"barrier":null,"highway":"bus_stop","amenity":null,"tourism":null,"base_elevation":113,"height":null,"material":null,"direction":null,"artwork_type":null,"name":"Creekside/Woodbridge"},"geometry":{"type":"Polygon","coordinates":[[[-106.808679,40.444228],[-106.808679,40.444228],[-106.808679,40.444227],[-106.808679,40.444226],[-106.808679,40.444226],[-106.80868,40.444225],[-106.80868,40.444224],[-106.808681,40.444224],[-106.808681,40.444223],[-106.808682,40.444223],[-106.808683,40.444223],[-106.808683,40.444222],[-106.808684,40.444222],[-106.808685,40.444222],[-106.808686,40.444221],[-106.808687,40.444221],[-106.808688,40.444221],[-106.808689,40.444221],[-106.808689,40.444221],[-106.80869,40.444222],[-106.808691,40.444222],[-106.808692,40.444222],[-106.808693,40.444223],[-106.808693,40.444223],[-106.808694,40.444223],[-106.808695,40.444224],[-106.808695,40.444224],[-106.808696,40.444225],[-106.808696,40.444226],[-106.808696,40.444226],[-106.808697,40.444227],[-106.808697,40.444228],[-106.808697,40.444228],[-106.808697,40.444229],[-106.808697,40.44423],[-106.808696,40.44423],[-106.808696,40.444231],[-106.808696,40.444231],[-106.808695,40.444232],[-106.808695,40.444233],[-106.808694,40.444233],[-106.808693,40.444233],[-106.808693,40.444234],[-106.808692,40.444234],[-106.808691,40.444235],[-106.80869,40.444235],[-106.808689,40.444235],[-106.808689,40.444235],[-106.808688,40.444235],[-106.808687,40.444235],[-106.808686,40.444235],[-106.808685,40.444235],[-106.808684,40.444235],[-106.808683,40.444234],[-106.808683,40.444234],[-106.808682,40.444233],[-106.808681,40.444233],[-106.808681,40.444233],[-106.80868,40.444232],[-106.80868,40.444231],[-106.808679,40.444231],[-106.808679,40.44423],[-106.808679,40.44423],[-106.808679,40.444229],[-106.808679,40.444228]]]}},{"id":"291","type":"Feature","properties":{"natural":null,"barrier":null,"highway":"bus_stop","amenity":null,"tourism":null,"base_elevation":115,"height":null,"material":null,"direction":null,"artwork_type":null,"name":"Whistler Park"},"geometry":{"type":"Polygon","coordinates":[[[-106.808204,40.44253],[-106.808204,40.442529],[-106.808204,40.442528],[-106.808204,40.442528],[-106.808205,40.442527],[-106.808205,40.442527],[-106.808206,40.442526],[-106.808206,40.442525],[-106.808207,40.442525],[-106.808207,40.442525],[-106.808208,40.442524],[-106.808209,40.442524],[-106.80821,40.442523],[-106.80821,40.442523],[-106.808211,40.442523],[-106.808212,40.442523],[-106.808213,40.442523],[-106.808214,40.442523],[-106.808215,40.442523],[-106.808216,40.442523],[-106.808216,40.442523],[-106.808217,40.442524],[-106.808218,40.442524],[-106.808219,40.442525],[-106.808219,40.442525],[-106.80822,40.442525],[-106.80822,40.442526],[-106.808221,40.442527],[-106.808221,40.442527],[-106.808222,40.442528],[-106.808222,40.442528],[-106.808222,40.442529],[-106.808222,40.44253],[-106.808222,40.44253],[-106.808222,40.442531],[-106.808222,40.442532],[-106.808221,40.442532],[-106.808221,40.442533],[-106.80822,40.442534],[-106.80822,40.442534],[-106.808219,40.442535],[-106.808219,40.442535],[-106.808218,40.442535],[-106.808217,40.442536],[-106.808216,40.442536],[-106.808216,40.442536],[-106.808215,40.442537],[-106.808214,40.442537],[-106.808213,40.442537],[-106.808212,40.442537],[-106.808211,40.442537],[-106.80821,40.442536],[-106.80821,40.442536],[-106.808209,40.442536],[-106.808208,40.442535],[-106.808207,40.442535],[-106.808207,40.442535],[-106.808206,40.442534],[-106.808206,40.442534],[-106.808205,40.442533],[-106.808205,40.442532],[-106.808204,40.442532],[-106.808204,40.442531],[-106.808204,40.44253],[-106.808204,40.44253]]]}},{"id":"292","type":"Feature","properties":{"natural":null,"barrier":null,"highway":"bus_stop","amenity":null,"tourism":null,"base_elevation":125,"height":null,"material":null,"direction":null,"artwork_type":null,"name":"Timothy Drive"},"geometry":{"type":"Polygon","coordinates":[[[-106.805972,40.44284],[-106.805972,40.442839],[-106.805973,40.442839],[-106.805973,40.442838],[-106.805973,40.442837],[-106.805973,40.442837],[-106.805974,40.442836],[-106.805974,40.442836],[-106.805975,40.442835],[-106.805976,40.442835],[-106.805976,40.442834],[-106.805977,40.442834],[-106.805978,40.442834],[-106.805979,40.442834],[-106.80598,40.442833],[-106.805981,40.442833],[-106.805981,40.442833],[-106.805982,40.442833],[-106.805983,40.442833],[-106.805984,40.442834],[-106.805985,40.442834],[-106.805986,40.442834],[-106.805986,40.442834],[-106.805987,40.442835],[-106.805988,40.442835],[-106.805988,40.442836],[-106.805989,40.442836],[-106.805989,40.442837],[-106.80599,40.442837],[-106.80599,40.442838],[-106.80599,40.442839],[-106.80599,40.442839],[-106.80599,40.44284],[-106.80599,40.442841],[-106.80599,40.442841],[-106.80599,40.442842],[-106.80599,40.442843],[-106.805989,40.442843],[-106.805989,40.442844],[-106.805988,40.442844],[-106.805988,40.442845],[-106.805987,40.442845],[-106.805986,40.442846],[-106.805986,40.442846],[-106.805985,40.442846],[-106.805984,40.442847],[-106.805983,40.442847],[-106.805982,40.442847],[-106.805981,40.442847],[-106.805981,40.442847],[-106.80598,40.442847],[-106.805979,40.442847],[-106.805978,40.442846],[-106.805977,40.442846],[-106.805976,40.442846],[-106.805976,40.442845],[-106.805975,40.442845],[-106.805974,40.442844],[-106.805974,40.442844],[-106.805973,40.442843],[-106.805973,40.442843],[-106.805973,40.442842],[-106.805973,40.442841],[-106.805972,40.442841],[-106.805972,40.44284]]]}},{"id":"293","type":"Feature","properties":{"natural":null,"barrier":null,"highway":"bus_stop","amenity":null,"tourism":null,"base_elevation":127,"height":null,"material":null,"direction":null,"artwork_type":null,"name":"Bear Drive"},"geometry":{"type":"Polygon","coordinates":[[[-106.805398,40.443857],[-106.805398,40.443856],[-106.805399,40.443855],[-106.805399,40.443855],[-106.805399,40.443854],[-106.805399,40.443853],[-106.8054,40.443853],[-106.8054,40.443852],[-106.805401,40.443852],[-106.805402,40.443851],[-106.805402,40.443851],[-106.805403,40.443851],[-106.805404,40.44385],[-106.805405,40.44385],[-106.805406,40.44385],[-106.805407,40.44385],[-106.805407,40.44385],[-106.805408,40.44385],[-106.805409,40.44385],[-106.80541,40.44385],[-106.805411,40.44385],[-106.805412,40.443851],[-106.805412,40.443851],[-106.805413,40.443851],[-106.805414,40.443852],[-106.805414,40.443852],[-106.805415,40.443853],[-106.805415,40.443853],[-106.805416,40.443854],[-106.805416,40.443855],[-106.805416,40.443855],[-106.805416,40.443856],[-106.805416,40.443857],[-106.805416,40.443857],[-106.805416,40.443858],[-106.805416,40.443859],[-106.805416,40.443859],[-106.805415,40.44386],[-106.805415,40.44386],[-106.805414,40.443861],[-106.805414,40.443861],[-106.805413,40.443862],[-106.805412,40.443862],[-106.805412,40.443863],[-106.805411,40.443863],[-106.80541,40.443863],[-106.805409,40.443863],[-106.805408,40.443863],[-106.805407,40.443863],[-106.805407,40.443863],[-106.805406,40.443863],[-106.805405,40.443863],[-106.805404,40.443863],[-106.805403,40.443863],[-106.805402,40.443862],[-106.805402,40.443862],[-106.805401,40.443861],[-106.8054,40.443861],[-106.8054,40.44386],[-106.805399,40.44386],[-106.805399,40.443859],[-106.805399,40.443859],[-106.805399,40.443858],[-106.805398,40.443857],[-106.805398,40.443857]]]}},{"id":"294","type":"Feature","properties":{"natural":null,"barrier":null,"highway":"bus_stop","amenity":null,"tourism":null,"base_elevation":125,"height":null,"material":null,"direction":null,"artwork_type":null,"name":"Sunray Meadows/Sunburst"},"geometry":{"type":"Polygon","coordinates":[[[-106.805052,40.447531],[-106.805052,40.44753],[-106.805052,40.447529],[-106.805052,40.447529],[-106.805053,40.447528],[-106.805053,40.447528],[-106.805054,40.447527],[-106.805054,40.447526],[-106.805055,40.447526],[-106.805055,40.447526],[-106.805056,40.447525],[-106.805057,40.447525],[-106.805058,40.447524],[-106.805058,40.447524],[-106.805059,40.447524],[-106.80506,40.447524],[-106.805061,40.447524],[-106.805062,40.447524],[-106.805063,40.447524],[-106.805064,40.447524],[-106.805064,40.447524],[-106.805065,40.447525],[-106.805066,40.447525],[-106.805067,40.447526],[-106.805067,40.447526],[-106.805068,40.447526],[-106.805068,40.447527],[-106.805069,40.447528],[-106.805069,40.447528],[-106.80507,40.447529],[-106.80507,40.447529],[-106.80507,40.44753],[-106.80507,40.447531],[-106.80507,40.447531],[-106.80507,40.447532],[-106.80507,40.447533],[-106.805069,40.447533],[-106.805069,40.447534],[-106.805068,40.447535],[-106.805068,40.447535],[-106.805067,40.447536],[-106.805067,40.447536],[-106.805066,40.447536],[-106.805065,40.447537],[-106.805064,40.447537],[-106.805064,40.447537],[-106.805063,40.447538],[-106.805062,40.447538],[-106.805061,40.447538],[-106.80506,40.447538],[-106.805059,40.447538],[-106.805058,40.447537],[-106.805058,40.447537],[-106.805057,40.447537],[-106.805056,40.447536],[-106.805055,40.447536],[-106.805055,40.447536],[-106.805054,40.447535],[-106.805054,40.447535],[-106.805053,40.447534],[-106.805053,40.447533],[-106.805052,40.447533],[-106.805052,40.447532],[-106.805052,40.447531],[-106.805052,40.447531]]]}},{"id":"295","type":"Feature","properties":{"natural":null,"barrier":null,"highway":"bus_stop","amenity":null,"tourism":null,"base_elevation":127,"height":null,"material":null,"direction":null,"artwork_type":null,"name":"Alpine Ridge/Medowlark"},"geometry":{"type":"Polygon","coordinates":[[[-106.804859,40.449378],[-106.804859,40.449377],[-106.804859,40.449377],[-106.80486,40.449376],[-106.80486,40.449375],[-106.80486,40.449375],[-106.804861,40.449374],[-106.804861,40.449374],[-106.804862,40.449373],[-106.804863,40.449373],[-106.804863,40.449372],[-106.804864,40.449372],[-106.804865,40.449372],[-106.804866,40.449372],[-106.804867,40.449371],[-106.804867,40.449371],[-106.804868,40.449371],[-106.804869,40.449371],[-106.80487,40.449371],[-106.804871,40.449372],[-106.804872,40.449372],[-106.804873,40.449372],[-106.804873,40.449372],[-106.804874,40.449373],[-106.804875,40.449373],[-106.804875,40.449374],[-106.804876,40.449374],[-106.804876,40.449375],[-106.804877,40.449375],[-106.804877,40.449376],[-106.804877,40.449377],[-106.804877,40.449377],[-106.804877,40.449378],[-106.804877,40.449379],[-106.804877,40.449379],[-106.804877,40.44938],[-106.804877,40.449381],[-106.804876,40.449381],[-106.804876,40.449382],[-106.804875,40.449382],[-106.804875,40.449383],[-106.804874,40.449383],[-106.804873,40.449384],[-106.804873,40.449384],[-106.804872,40.449384],[-106.804871,40.449385],[-106.80487,40.449385],[-106.804869,40.449385],[-106.804868,40.449385],[-106.804867,40.449385],[-106.804867,40.449385],[-106.804866,40.449385],[-106.804865,40.449384],[-106.804864,40.449384],[-106.804863,40.449384],[-106.804863,40.449383],[-106.804862,40.449383],[-106.804861,40.449382],[-106.804861,40.449382],[-106.80486,40.449381],[-106.80486,40.449381],[-106.80486,40.44938],[-106.804859,40.449379],[-106.804859,40.449379],[-106.804859,40.449378]]]}},{"id":"296","type":"Feature","properties":{"natural":null,"barrier":null,"highway":"bus_stop","amenity":null,"tourism":null,"base_elevation":126,"height":null,"material":null,"direction":null,"artwork_type":null,"name":"Trappeur's Crossing"},"geometry":{"type":"Polygon","coordinates":[[[-106.805495,40.451911],[-106.805495,40.45191],[-106.805495,40.45191],[-106.805495,40.451909],[-106.805496,40.451908],[-106.805496,40.451908],[-106.805497,40.451907],[-106.805497,40.451907],[-106.805498,40.451906],[-106.805498,40.451906],[-106.805499,40.451905],[-106.8055,40.451905],[-106.805501,40.451905],[-106.805501,40.451904],[-106.805502,40.451904],[-106.805503,40.451904],[-106.805504,40.451904],[-106.805505,40.451904],[-106.805506,40.451904],[-106.805507,40.451904],[-106.805507,40.451905],[-106.805508,40.451905],[-106.805509,40.451905],[-106.80551,40.451906],[-106.80551,40.451906],[-106.805511,40.451907],[-106.805511,40.451907],[-106.805512,40.451908],[-106.805512,40.451908],[-106.805513,40.451909],[-106.805513,40.45191],[-106.805513,40.45191],[-106.805513,40.451911],[-106.805513,40.451912],[-106.805513,40.451912],[-106.805513,40.451913],[-106.805512,40.451914],[-106.805512,40.451914],[-106.805511,40.451915],[-106.805511,40.451915],[-106.80551,40.451916],[-106.80551,40.451916],[-106.805509,40.451917],[-106.805508,40.451917],[-106.805507,40.451917],[-106.805507,40.451918],[-106.805506,40.451918],[-106.805505,40.451918],[-106.805504,40.451918],[-106.805503,40.451918],[-106.805502,40.451918],[-106.805501,40.451918],[-106.805501,40.451917],[-106.8055,40.451917],[-106.805499,40.451917],[-106.805498,40.451916],[-106.805498,40.451916],[-106.805497,40.451915],[-106.805497,40.451915],[-106.805496,40.451914],[-106.805496,40.451914],[-106.805495,40.451913],[-106.805495,40.451912],[-106.805495,40.451912],[-106.805495,40.451911]]]}},{"id":"297","type":"Feature","properties":{"natural":null,"barrier":null,"highway":"bus_stop","amenity":null,"tourism":null,"base_elevation":138,"height":null,"material":null,"direction":null,"artwork_type":null,"name":"Highmark"},"geometry":{"type":"Polygon","coordinates":[[[-106.805488,40.455118],[-106.805488,40.455118],[-106.805488,40.455117],[-106.805489,40.455116],[-106.805489,40.455116],[-106.805489,40.455115],[-106.80549,40.455115],[-106.80549,40.455114],[-106.805491,40.455114],[-106.805492,40.455113],[-106.805492,40.455113],[-106.805493,40.455112],[-106.805494,40.455112],[-106.805495,40.455112],[-106.805496,40.455112],[-106.805496,40.455112],[-106.805497,40.455112],[-106.805498,40.455112],[-106.805499,40.455112],[-106.8055,40.455112],[-106.805501,40.455112],[-106.805502,40.455112],[-106.805502,40.455113],[-106.805503,40.455113],[-106.805504,40.455114],[-106.805504,40.455114],[-106.805505,40.455115],[-106.805505,40.455115],[-106.805506,40.455116],[-106.805506,40.455116],[-106.805506,40.455117],[-106.805506,40.455118],[-106.805506,40.455118],[-106.805506,40.455119],[-106.805506,40.45512],[-106.805506,40.45512],[-106.805506,40.455121],[-106.805505,40.455122],[-106.805505,40.455122],[-106.805504,40.455123],[-106.805504,40.455123],[-106.805503,40.455124],[-106.805502,40.455124],[-106.805502,40.455124],[-106.805501,40.455125],[-106.8055,40.455125],[-106.805499,40.455125],[-106.805498,40.455125],[-106.805497,40.455125],[-106.805496,40.455125],[-106.805496,40.455125],[-106.805495,40.455125],[-106.805494,40.455125],[-106.805493,40.455124],[-106.805492,40.455124],[-106.805492,40.455124],[-106.805491,40.455123],[-106.80549,40.455123],[-106.80549,40.455122],[-106.805489,40.455122],[-106.805489,40.455121],[-106.805489,40.45512],[-106.805488,40.45512],[-106.805488,40.455119],[-106.805488,40.455118]]]}},{"id":"298","type":"Feature","properties":{"natural":null,"barrier":null,"highway":"bus_stop","amenity":null,"tourism":null,"base_elevation":166,"height":null,"material":null,"direction":null,"artwork_type":null,"name":"Gondola Transit Center"},"geometry":{"type":"Polygon","coordinates":[[[-106.805851,40.457726],[-106.805851,40.457725],[-106.805851,40.457724],[-106.805851,40.457724],[-106.805852,40.457723],[-106.805852,40.457722],[-106.805853,40.457722],[-106.805853,40.457721],[-106.805854,40.457721],[-106.805854,40.45772],[-106.805855,40.45772],[-106.805856,40.45772],[-106.805857,40.457719],[-106.805857,40.457719],[-106.805858,40.457719],[-106.805859,40.457719],[-106.80586,40.457719],[-106.805861,40.457719],[-106.805862,40.457719],[-106.805863,40.457719],[-106.805863,40.457719],[-106.805864,40.45772],[-106.805865,40.45772],[-106.805866,40.45772],[-106.805866,40.457721],[-106.805867,40.457721],[-106.805867,40.457722],[-106.805868,40.457722],[-106.805868,40.457723],[-106.805869,40.457724],[-106.805869,40.457724],[-106.805869,40.457725],[-106.805869,40.457726],[-106.805869,40.457726],[-106.805869,40.457727],[-106.805869,40.457728],[-106.805868,40.457728],[-106.805868,40.457729],[-106.805867,40.457729],[-106.805867,40.45773],[-106.805866,40.457731],[-106.805866,40.457731],[-106.805865,40.457731],[-106.805864,40.457732],[-106.805863,40.457732],[-106.805863,40.457732],[-106.805862,40.457732],[-106.805861,40.457733],[-106.80586,40.457733],[-106.805859,40.457733],[-106.805858,40.457732],[-106.805857,40.457732],[-106.805857,40.457732],[-106.805856,40.457732],[-106.805855,40.457731],[-106.805854,40.457731],[-106.805854,40.457731],[-106.805853,40.45773],[-106.805853,40.457729],[-106.805852,40.457729],[-106.805852,40.457728],[-106.805851,40.457728],[-106.805851,40.457727],[-106.805851,40.457726],[-106.805851,40.457726]]]}},{"id":"299","type":"Feature","properties":{"natural":null,"barrier":null,"highway":"bus_stop","amenity":null,"tourism":null,"base_elevation":139,"height":null,"material":null,"direction":null,"artwork_type":null,"name":"Dulany/Sunflower"},"geometry":{"type":"Polygon","coordinates":[[[-106.805068,40.455615],[-106.805068,40.455615],[-106.805068,40.455614],[-106.805068,40.455613],[-106.805069,40.455613],[-106.805069,40.455612],[-106.80507,40.455612],[-106.80507,40.455611],[-106.805071,40.455611],[-106.805071,40.45561],[-106.805072,40.45561],[-106.805073,40.455609],[-106.805074,40.455609],[-106.805074,40.455609],[-106.805075,40.455609],[-106.805076,40.455609],[-106.805077,40.455609],[-106.805078,40.455609],[-106.805079,40.455609],[-106.80508,40.455609],[-106.80508,40.455609],[-106.805081,40.455609],[-106.805082,40.45561],[-106.805083,40.45561],[-106.805083,40.455611],[-106.805084,40.455611],[-106.805084,40.455612],[-106.805085,40.455612],[-106.805085,40.455613],[-106.805086,40.455613],[-106.805086,40.455614],[-106.805086,40.455615],[-106.805086,40.455615],[-106.805086,40.455616],[-106.805086,40.455617],[-106.805086,40.455617],[-106.805085,40.455618],[-106.805085,40.455619],[-106.805084,40.455619],[-106.805084,40.45562],[-106.805083,40.45562],[-106.805083,40.455621],[-106.805082,40.455621],[-106.805081,40.455621],[-106.80508,40.455622],[-106.80508,40.455622],[-106.805079,40.455622],[-106.805078,40.455622],[-106.805077,40.455622],[-106.805076,40.455622],[-106.805075,40.455622],[-106.805074,40.455622],[-106.805074,40.455622],[-106.805073,40.455621],[-106.805072,40.455621],[-106.805071,40.455621],[-106.805071,40.45562],[-106.80507,40.45562],[-106.80507,40.455619],[-106.805069,40.455619],[-106.805069,40.455618],[-106.805068,40.455617],[-106.805068,40.455617],[-106.805068,40.455616],[-106.805068,40.455615]]]}},{"id":"300","type":"Feature","properties":{"natural":null,"barrier":null,"highway":"bus_stop","amenity":null,"tourism":null,"base_elevation":154,"height":null,"material":null,"direction":null,"artwork_type":null,"name":"La Casa"},"geometry":{"type":"Polygon","coordinates":[[[-106.801694,40.455328],[-106.801694,40.455327],[-106.801694,40.455326],[-106.801694,40.455326],[-106.801695,40.455325],[-106.801695,40.455324],[-106.801696,40.455324],[-106.801696,40.455323],[-106.801697,40.455323],[-106.801697,40.455322],[-106.801698,40.455322],[-106.801699,40.455322],[-106.8017,40.455321],[-106.8017,40.455321],[-106.801701,40.455321],[-106.801702,40.455321],[-106.801703,40.455321],[-106.801704,40.455321],[-106.801705,40.455321],[-106.801706,40.455321],[-106.801706,40.455321],[-106.801707,40.455322],[-106.801708,40.455322],[-106.801709,40.455322],[-106.801709,40.455323],[-106.80171,40.455323],[-106.80171,40.455324],[-106.801711,40.455324],[-106.801711,40.455325],[-106.801712,40.455326],[-106.801712,40.455326],[-106.801712,40.455327],[-106.801712,40.455328],[-106.801712,40.455328],[-106.801712,40.455329],[-106.801712,40.45533],[-106.801711,40.45533],[-106.801711,40.455331],[-106.80171,40.455331],[-106.80171,40.455332],[-106.801709,40.455332],[-106.801709,40.455333],[-106.801708,40.455333],[-106.801707,40.455334],[-106.801706,40.455334],[-106.801706,40.455334],[-106.801705,40.455334],[-106.801704,40.455334],[-106.801703,40.455334],[-106.801702,40.455334],[-106.801701,40.455334],[-106.8017,40.455334],[-106.8017,40.455334],[-106.801699,40.455334],[-106.801698,40.455333],[-106.801697,40.455333],[-106.801697,40.455332],[-106.801696,40.455332],[-106.801696,40.455331],[-106.801695,40.455331],[-106.801695,40.45533],[-106.801694,40.45533],[-106.801694,40.455329],[-106.801694,40.455328],[-106.801694,40.455328]]]}},{"id":"301","type":"Feature","properties":{"natural":null,"barrier":null,"highway":"bus_stop","amenity":null,"tourism":null,"base_elevation":171,"height":null,"material":null,"direction":null,"artwork_type":null,"name":"Sunrise/Yampa View"},"geometry":{"type":"Polygon","coordinates":[[[-106.799712,40.45386],[-106.799712,40.45386],[-106.799712,40.453859],[-106.799712,40.453858],[-106.799713,40.453858],[-106.799713,40.453857],[-106.799714,40.453856],[-106.799714,40.453856],[-106.799715,40.453855],[-106.799715,40.453855],[-106.799716,40.453855],[-106.799717,40.453854],[-106.799718,40.453854],[-106.799718,40.453854],[-106.799719,40.453853],[-106.79972,40.453853],[-106.799721,40.453853],[-106.799722,40.453853],[-106.799723,40.453853],[-106.799724,40.453854],[-106.799724,40.453854],[-106.799725,40.453854],[-106.799726,40.453855],[-106.799727,40.453855],[-106.799727,40.453855],[-106.799728,40.453856],[-106.799728,40.453856],[-106.799729,40.453857],[-106.799729,40.453858],[-106.79973,40.453858],[-106.79973,40.453859],[-106.79973,40.45386],[-106.79973,40.45386],[-106.79973,40.453861],[-106.79973,40.453862],[-106.79973,40.453862],[-106.799729,40.453863],[-106.799729,40.453863],[-106.799728,40.453864],[-106.799728,40.453865],[-106.799727,40.453865],[-106.799727,40.453865],[-106.799726,40.453866],[-106.799725,40.453866],[-106.799724,40.453867],[-106.799724,40.453867],[-106.799723,40.453867],[-106.799722,40.453867],[-106.799721,40.453867],[-106.79972,40.453867],[-106.799719,40.453867],[-106.799718,40.453867],[-106.799718,40.453867],[-106.799717,40.453866],[-106.799716,40.453866],[-106.799715,40.453865],[-106.799715,40.453865],[-106.799714,40.453865],[-106.799714,40.453864],[-106.799713,40.453863],[-106.799713,40.453863],[-106.799712,40.453862],[-106.799712,40.453862],[-106.799712,40.453861],[-106.799712,40.45386]]]}},{"id":"302","type":"Feature","properties":{"natural":null,"barrier":null,"highway":"bus_stop","amenity":null,"tourism":null,"base_elevation":168,"height":null,"material":null,"direction":null,"artwork_type":null,"name":"Herbage"},"geometry":{"type":"Polygon","coordinates":[[[-106.799457,40.45177],[-106.799457,40.45177],[-106.799457,40.451769],[-106.799457,40.451768],[-106.799458,40.451768],[-106.799458,40.451767],[-106.799459,40.451766],[-106.799459,40.451766],[-106.79946,40.451765],[-106.79946,40.451765],[-106.799461,40.451765],[-106.799462,40.451764],[-106.799463,40.451764],[-106.799463,40.451764],[-106.799464,40.451763],[-106.799465,40.451763],[-106.799466,40.451763],[-106.799467,40.451763],[-106.799468,40.451763],[-106.799469,40.451764],[-106.799469,40.451764],[-106.79947,40.451764],[-106.799471,40.451765],[-106.799472,40.451765],[-106.799472,40.451765],[-106.799473,40.451766],[-106.799473,40.451766],[-106.799474,40.451767],[-106.799474,40.451768],[-106.799475,40.451768],[-106.799475,40.451769],[-106.799475,40.45177],[-106.799475,40.45177],[-106.799475,40.451771],[-106.799475,40.451772],[-106.799475,40.451772],[-106.799474,40.451773],[-106.799474,40.451773],[-106.799473,40.451774],[-106.799473,40.451775],[-106.799472,40.451775],[-106.799472,40.451775],[-106.799471,40.451776],[-106.79947,40.451776],[-106.799469,40.451777],[-106.799469,40.451777],[-106.799468,40.451777],[-106.799467,40.451777],[-106.799466,40.451777],[-106.799465,40.451777],[-106.799464,40.451777],[-106.799463,40.451777],[-106.799463,40.451777],[-106.799462,40.451776],[-106.799461,40.451776],[-106.79946,40.451775],[-106.79946,40.451775],[-106.799459,40.451775],[-106.799459,40.451774],[-106.799458,40.451773],[-106.799458,40.451773],[-106.799457,40.451772],[-106.799457,40.451772],[-106.799457,40.451771],[-106.799457,40.45177]]]}},{"id":"303","type":"Feature","properties":{"natural":null,"barrier":null,"highway":"bus_stop","amenity":null,"tourism":null,"base_elevation":117,"height":null,"material":null,"direction":null,"artwork_type":null,"name":"Shadow Run"},"geometry":{"type":"Polygon","coordinates":[[[-106.808102,40.451078],[-106.808102,40.451078],[-106.808102,40.451077],[-106.808102,40.451076],[-106.808103,40.451076],[-106.808103,40.451075],[-106.808104,40.451075],[-106.808104,40.451074],[-106.808105,40.451073],[-106.808105,40.451073],[-106.808106,40.451073],[-106.808107,40.451072],[-106.808108,40.451072],[-106.808108,40.451072],[-106.808109,40.451072],[-106.80811,40.451071],[-106.808111,40.451071],[-106.808112,40.451071],[-106.808113,40.451072],[-106.808114,40.451072],[-106.808114,40.451072],[-106.808115,40.451072],[-106.808116,40.451073],[-106.808117,40.451073],[-106.808117,40.451073],[-106.808118,40.451074],[-106.808118,40.451075],[-106.808119,40.451075],[-106.808119,40.451076],[-106.80812,40.451076],[-106.80812,40.451077],[-106.80812,40.451078],[-106.80812,40.451078],[-106.80812,40.451079],[-106.80812,40.45108],[-106.80812,40.45108],[-106.808119,40.451081],[-106.808119,40.451082],[-106.808118,40.451082],[-106.808118,40.451083],[-106.808117,40.451083],[-106.808117,40.451084],[-106.808116,40.451084],[-106.808115,40.451084],[-106.808114,40.451085],[-106.808114,40.451085],[-106.808113,40.451085],[-106.808112,40.451085],[-106.808111,40.451085],[-106.80811,40.451085],[-106.808109,40.451085],[-106.808108,40.451085],[-106.808108,40.451085],[-106.808107,40.451084],[-106.808106,40.451084],[-106.808105,40.451084],[-106.808105,40.451083],[-106.808104,40.451083],[-106.808104,40.451082],[-106.808103,40.451082],[-106.808103,40.451081],[-106.808102,40.45108],[-106.808102,40.45108],[-106.808102,40.451079],[-106.808102,40.451078]]]}},{"id":"304","type":"Feature","properties":{"natural":null,"barrier":null,"highway":"bus_stop","amenity":null,"tourism":null,"base_elevation":103,"height":null,"material":null,"direction":null,"artwork_type":null,"name":"Quality Inn"},"geometry":{"type":"Polygon","coordinates":[[[-106.814939,40.450809],[-106.814939,40.450808],[-106.814939,40.450808],[-106.814939,40.450807],[-106.81494,40.450806],[-106.81494,40.450806],[-106.814941,40.450805],[-106.814941,40.450805],[-106.814942,40.450804],[-106.814942,40.450804],[-106.814943,40.450803],[-106.814944,40.450803],[-106.814945,40.450803],[-106.814945,40.450802],[-106.814946,40.450802],[-106.814947,40.450802],[-106.814948,40.450802],[-106.814949,40.450802],[-106.81495,40.450802],[-106.814951,40.450802],[-106.814951,40.450803],[-106.814952,40.450803],[-106.814953,40.450803],[-106.814954,40.450804],[-106.814954,40.450804],[-106.814955,40.450805],[-106.814955,40.450805],[-106.814956,40.450806],[-106.814956,40.450806],[-106.814957,40.450807],[-106.814957,40.450808],[-106.814957,40.450808],[-106.814957,40.450809],[-106.814957,40.45081],[-106.814957,40.45081],[-106.814957,40.450811],[-106.814956,40.450812],[-106.814956,40.450812],[-106.814955,40.450813],[-106.814955,40.450813],[-106.814954,40.450814],[-106.814954,40.450814],[-106.814953,40.450815],[-106.814952,40.450815],[-106.814951,40.450815],[-106.814951,40.450815],[-106.81495,40.450816],[-106.814949,40.450816],[-106.814948,40.450816],[-106.814947,40.450816],[-106.814946,40.450816],[-106.814945,40.450815],[-106.814945,40.450815],[-106.814944,40.450815],[-106.814943,40.450815],[-106.814942,40.450814],[-106.814942,40.450814],[-106.814941,40.450813],[-106.814941,40.450813],[-106.81494,40.450812],[-106.81494,40.450812],[-106.814939,40.450811],[-106.814939,40.45081],[-106.814939,40.45081],[-106.814939,40.450809]]]}},{"id":"305","type":"Feature","properties":{"natural":null,"barrier":null,"highway":null,"amenity":null,"tourism":"artwork","base_elevation":89,"height":null,"material":null,"direction":null,"artwork_type":null,"name":"River Run"},"geometry":{"type":"Polygon","coordinates":[[[-106.83335,40.483899],[-106.83335,40.483898],[-106.833351,40.483898],[-106.833351,40.483897],[-106.833351,40.483896],[-106.833351,40.483896],[-106.833352,40.483895],[-106.833352,40.483895],[-106.833353,40.483894],[-106.833354,40.483894],[-106.833354,40.483893],[-106.833355,40.483893],[-106.833356,40.483893],[-106.833357,40.483893],[-106.833358,40.483892],[-106.833359,40.483892],[-106.833359,40.483892],[-106.83336,40.483892],[-106.833361,40.483892],[-106.833362,40.483893],[-106.833363,40.483893],[-106.833364,40.483893],[-106.833364,40.483893],[-106.833365,40.483894],[-106.833366,40.483894],[-106.833366,40.483895],[-106.833367,40.483895],[-106.833367,40.483896],[-106.833368,40.483896],[-106.833368,40.483897],[-106.833368,40.483898],[-106.833368,40.483898],[-106.833368,40.483899],[-106.833368,40.4839],[-106.833368,40.4839],[-106.833368,40.483901],[-106.833368,40.483902],[-106.833367,40.483902],[-106.833367,40.483903],[-106.833366,40.483903],[-106.833366,40.483904],[-106.833365,40.483904],[-106.833364,40.483905],[-106.833364,40.483905],[-106.833363,40.483905],[-106.833362,40.483906],[-106.833361,40.483906],[-106.83336,40.483906],[-106.833359,40.483906],[-106.833359,40.483906],[-106.833358,40.483906],[-106.833357,40.483906],[-106.833356,40.483905],[-106.833355,40.483905],[-106.833354,40.483905],[-106.833354,40.483904],[-106.833353,40.483904],[-106.833352,40.483903],[-106.833352,40.483903],[-106.833351,40.483902],[-106.833351,40.483902],[-106.833351,40.483901],[-106.833351,40.4839],[-106.83335,40.4839],[-106.83335,40.483899]]]}},{"id":"306","type":"Feature","properties":{"natural":null,"barrier":null,"highway":"crossing","amenity":null,"tourism":null,"base_elevation":96,"height":null,"material":null,"direction":null,"artwork_type":null,"name":null},"geometry":{"type":"Polygon","coordinates":[[[-106.826143,40.475427],[-106.826143,40.475426],[-106.826143,40.475426],[-106.826143,40.475425],[-106.826143,40.475424],[-106.826144,40.475424],[-106.826144,40.475423],[-106.826145,40.475423],[-106.826145,40.475422],[-106.826146,40.475422],[-106.826147,40.475421],[-106.826147,40.475421],[-106.826148,40.475421],[-106.826149,40.47542],[-106.82615,40.47542],[-106.826151,40.47542],[-106.826151,40.47542],[-106.826152,40.47542],[-106.826153,40.47542],[-106.826154,40.47542],[-106.826155,40.475421],[-106.826156,40.475421],[-106.826156,40.475421],[-106.826157,40.475422],[-106.826158,40.475422],[-106.826158,40.475423],[-106.826159,40.475423],[-106.826159,40.475424],[-106.82616,40.475424],[-106.82616,40.475425],[-106.82616,40.475426],[-106.82616,40.475426],[-106.82616,40.475427],[-106.82616,40.475428],[-106.82616,40.475428],[-106.82616,40.475429],[-106.82616,40.47543],[-106.826159,40.47543],[-106.826159,40.475431],[-106.826158,40.475431],[-106.826158,40.475432],[-106.826157,40.475432],[-106.826156,40.475433],[-106.826156,40.475433],[-106.826155,40.475433],[-106.826154,40.475434],[-106.826153,40.475434],[-106.826152,40.475434],[-106.826151,40.475434],[-106.826151,40.475434],[-106.82615,40.475434],[-106.826149,40.475434],[-106.826148,40.475433],[-106.826147,40.475433],[-106.826147,40.475433],[-106.826146,40.475432],[-106.826145,40.475432],[-106.826145,40.475431],[-106.826144,40.475431],[-106.826144,40.47543],[-106.826143,40.47543],[-106.826143,40.475429],[-106.826143,40.475428],[-106.826143,40.475428],[-106.826143,40.475427]]]}},{"id":"307","type":"Feature","properties":{"natural":null,"barrier":null,"highway":"crossing","amenity":null,"tourism":null,"base_elevation":96,"height":null,"material":null,"direction":null,"artwork_type":null,"name":null},"geometry":{"type":"Polygon","coordinates":[[[-106.826296,40.47543],[-106.826296,40.475429],[-106.826296,40.475428],[-106.826296,40.475428],[-106.826296,40.475427],[-106.826297,40.475427],[-106.826297,40.475426],[-106.826298,40.475425],[-106.826298,40.475425],[-106.826299,40.475425],[-106.8263,40.475424],[-106.8263,40.475424],[-106.826301,40.475423],[-106.826302,40.475423],[-106.826303,40.475423],[-106.826304,40.475423],[-106.826305,40.475423],[-106.826306,40.475423],[-106.826306,40.475423],[-106.826307,40.475423],[-106.826308,40.475423],[-106.826309,40.475424],[-106.82631,40.475424],[-106.82631,40.475425],[-106.826311,40.475425],[-106.826312,40.475425],[-106.826312,40.475426],[-106.826313,40.475427],[-106.826313,40.475427],[-106.826313,40.475428],[-106.826314,40.475428],[-106.826314,40.475429],[-106.826314,40.47543],[-106.826314,40.47543],[-106.826314,40.475431],[-106.826313,40.475432],[-106.826313,40.475432],[-106.826313,40.475433],[-106.826312,40.475434],[-106.826312,40.475434],[-106.826311,40.475435],[-106.82631,40.475435],[-106.82631,40.475435],[-106.826309,40.475436],[-106.826308,40.475436],[-106.826307,40.475436],[-106.826306,40.475437],[-106.826306,40.475437],[-106.826305,40.475437],[-106.826304,40.475437],[-106.826303,40.475437],[-106.826302,40.475436],[-106.826301,40.475436],[-106.8263,40.475436],[-106.8263,40.475435],[-106.826299,40.475435],[-106.826298,40.475435],[-106.826298,40.475434],[-106.826297,40.475434],[-106.826297,40.475433],[-106.826296,40.475432],[-106.826296,40.475432],[-106.826296,40.475431],[-106.826296,40.47543],[-106.826296,40.47543]]]}},{"id":"308","type":"Feature","properties":{"natural":null,"barrier":null,"highway":"crossing","amenity":null,"tourism":null,"base_elevation":102,"height":null,"material":null,"direction":null,"artwork_type":null,"name":null},"geometry":{"type":"Polygon","coordinates":[[[-106.826059,40.474146],[-106.826059,40.474145],[-106.826059,40.474145],[-106.82606,40.474144],[-106.82606,40.474143],[-106.82606,40.474143],[-106.826061,40.474142],[-106.826061,40.474142],[-106.826062,40.474141],[-106.826062,40.474141],[-106.826063,40.47414],[-106.826064,40.47414],[-106.826065,40.47414],[-106.826065,40.474139],[-106.826066,40.474139],[-106.826067,40.474139],[-106.826068,40.474139],[-106.826069,40.474139],[-106.82607,40.474139],[-106.826071,40.474139],[-106.826072,40.47414],[-106.826072,40.47414],[-106.826073,40.47414],[-106.826074,40.474141],[-106.826074,40.474141],[-106.826075,40.474142],[-106.826076,40.474142],[-106.826076,40.474143],[-106.826076,40.474143],[-106.826077,40.474144],[-106.826077,40.474145],[-106.826077,40.474145],[-106.826077,40.474146],[-106.826077,40.474147],[-106.826077,40.474147],[-106.826077,40.474148],[-106.826076,40.474149],[-106.826076,40.474149],[-106.826076,40.47415],[-106.826075,40.47415],[-106.826074,40.474151],[-106.826074,40.474151],[-106.826073,40.474152],[-106.826072,40.474152],[-106.826072,40.474152],[-106.826071,40.474152],[-106.82607,40.474153],[-106.826069,40.474153],[-106.826068,40.474153],[-106.826067,40.474153],[-106.826066,40.474153],[-106.826065,40.474152],[-106.826065,40.474152],[-106.826064,40.474152],[-106.826063,40.474152],[-106.826062,40.474151],[-106.826062,40.474151],[-106.826061,40.47415],[-106.826061,40.47415],[-106.82606,40.474149],[-106.82606,40.474149],[-106.82606,40.474148],[-106.826059,40.474147],[-106.826059,40.474147],[-106.826059,40.474146]]]}},{"id":"309","type":"Feature","properties":{"natural":null,"barrier":null,"highway":"crossing","amenity":null,"tourism":null,"base_elevation":102,"height":null,"material":null,"direction":null,"artwork_type":null,"name":null},"geometry":{"type":"Polygon","coordinates":[[[-106.825503,40.475153],[-106.825503,40.475152],[-106.825503,40.475151],[-106.825503,40.475151],[-106.825504,40.47515],[-106.825504,40.475149],[-106.825504,40.475149],[-106.825505,40.475148],[-106.825505,40.475148],[-106.825506,40.475147],[-106.825507,40.475147],[-106.825508,40.475147],[-106.825508,40.475146],[-106.825509,40.475146],[-106.82551,40.475146],[-106.825511,40.475146],[-106.825512,40.475146],[-106.825513,40.475146],[-106.825514,40.475146],[-106.825514,40.475146],[-106.825515,40.475146],[-106.825516,40.475147],[-106.825517,40.475147],[-106.825517,40.475147],[-106.825518,40.475148],[-106.825519,40.475148],[-106.825519,40.475149],[-106.82552,40.475149],[-106.82552,40.47515],[-106.82552,40.475151],[-106.825521,40.475151],[-106.825521,40.475152],[-106.825521,40.475153],[-106.825521,40.475153],[-106.825521,40.475154],[-106.82552,40.475155],[-106.82552,40.475155],[-106.82552,40.475156],[-106.825519,40.475156],[-106.825519,40.475157],[-106.825518,40.475157],[-106.825517,40.475158],[-106.825517,40.475158],[-106.825516,40.475159],[-106.825515,40.475159],[-106.825514,40.475159],[-106.825514,40.475159],[-106.825513,40.475159],[-106.825512,40.475159],[-106.825511,40.475159],[-106.82551,40.475159],[-106.825509,40.475159],[-106.825508,40.475159],[-106.825508,40.475159],[-106.825507,40.475158],[-106.825506,40.475158],[-106.825505,40.475157],[-106.825505,40.475157],[-106.825504,40.475156],[-106.825504,40.475156],[-106.825504,40.475155],[-106.825503,40.475155],[-106.825503,40.475154],[-106.825503,40.475153],[-106.825503,40.475153]]]}},{"id":"310","type":"Feature","properties":{"natural":null,"barrier":null,"highway":"crossing","amenity":null,"tourism":null,"base_elevation":100,"height":null,"material":null,"direction":null,"artwork_type":null,"name":null},"geometry":{"type":"Polygon","coordinates":[[[-106.825628,40.475002],[-106.825628,40.475001],[-106.825628,40.475001],[-106.825628,40.475],[-106.825628,40.474999],[-106.825629,40.474999],[-106.825629,40.474998],[-106.82563,40.474998],[-106.82563,40.474997],[-106.825631,40.474997],[-106.825632,40.474996],[-106.825632,40.474996],[-106.825633,40.474996],[-106.825634,40.474995],[-106.825635,40.474995],[-106.825636,40.474995],[-106.825637,40.474995],[-106.825638,40.474995],[-106.825638,40.474995],[-106.825639,40.474995],[-106.82564,40.474996],[-106.825641,40.474996],[-106.825642,40.474996],[-106.825642,40.474997],[-106.825643,40.474997],[-106.825644,40.474998],[-106.825644,40.474998],[-106.825645,40.474999],[-106.825645,40.474999],[-106.825645,40.475],[-106.825646,40.475001],[-106.825646,40.475001],[-106.825646,40.475002],[-106.825646,40.475003],[-106.825646,40.475003],[-106.825645,40.475004],[-106.825645,40.475005],[-106.825645,40.475005],[-106.825644,40.475006],[-106.825644,40.475006],[-106.825643,40.475007],[-106.825642,40.475007],[-106.825642,40.475008],[-106.825641,40.475008],[-106.82564,40.475008],[-106.825639,40.475009],[-106.825638,40.475009],[-106.825638,40.475009],[-106.825637,40.475009],[-106.825636,40.475009],[-106.825635,40.475009],[-106.825634,40.475009],[-106.825633,40.475008],[-106.825632,40.475008],[-106.825632,40.475008],[-106.825631,40.475007],[-106.82563,40.475007],[-106.82563,40.475006],[-106.825629,40.475006],[-106.825629,40.475005],[-106.825628,40.475005],[-106.825628,40.475004],[-106.825628,40.475003],[-106.825628,40.475003],[-106.825628,40.475002]]]}},{"id":"311","type":"Feature","properties":{"natural":null,"barrier":null,"highway":"crossing","amenity":null,"tourism":null,"base_elevation":101,"height":null,"material":null,"direction":null,"artwork_type":null,"name":null},"geometry":{"type":"Polygon","coordinates":[[[-106.825714,40.474388],[-106.825714,40.474388],[-106.825714,40.474387],[-106.825714,40.474386],[-106.825714,40.474386],[-106.825715,40.474385],[-106.825715,40.474384],[-106.825716,40.474384],[-106.825716,40.474383],[-106.825717,40.474383],[-106.825718,40.474383],[-106.825718,40.474382],[-106.825719,40.474382],[-106.82572,40.474382],[-106.825721,40.474381],[-106.825722,40.474381],[-106.825723,40.474381],[-106.825723,40.474381],[-106.825724,40.474381],[-106.825725,40.474382],[-106.825726,40.474382],[-106.825727,40.474382],[-106.825728,40.474383],[-106.825728,40.474383],[-106.825729,40.474383],[-106.82573,40.474384],[-106.82573,40.474384],[-106.825731,40.474385],[-106.825731,40.474386],[-106.825731,40.474386],[-106.825731,40.474387],[-106.825732,40.474388],[-106.825732,40.474388],[-106.825732,40.474389],[-106.825731,40.47439],[-106.825731,40.47439],[-106.825731,40.474391],[-106.825731,40.474391],[-106.82573,40.474392],[-106.82573,40.474393],[-106.825729,40.474393],[-106.825728,40.474393],[-106.825728,40.474394],[-106.825727,40.474394],[-106.825726,40.474395],[-106.825725,40.474395],[-106.825724,40.474395],[-106.825723,40.474395],[-106.825723,40.474395],[-106.825722,40.474395],[-106.825721,40.474395],[-106.82572,40.474395],[-106.825719,40.474395],[-106.825718,40.474394],[-106.825718,40.474394],[-106.825717,40.474393],[-106.825716,40.474393],[-106.825716,40.474393],[-106.825715,40.474392],[-106.825715,40.474391],[-106.825714,40.474391],[-106.825714,40.47439],[-106.825714,40.47439],[-106.825714,40.474389],[-106.825714,40.474388]]]}},{"id":"312","type":"Feature","properties":{"natural":null,"barrier":null,"highway":"crossing","amenity":null,"tourism":null,"base_elevation":93,"height":null,"material":null,"direction":null,"artwork_type":null,"name":null},"geometry":{"type":"Polygon","coordinates":[[[-106.827134,40.475443],[-106.827134,40.475442],[-106.827134,40.475442],[-106.827135,40.475441],[-106.827135,40.47544],[-106.827135,40.47544],[-106.827136,40.475439],[-106.827136,40.475439],[-106.827137,40.475438],[-106.827137,40.475438],[-106.827138,40.475437],[-106.827139,40.475437],[-106.82714,40.475437],[-106.82714,40.475437],[-106.827141,40.475436],[-106.827142,40.475436],[-106.827143,40.475436],[-106.827144,40.475436],[-106.827145,40.475436],[-106.827146,40.475437],[-106.827147,40.475437],[-106.827147,40.475437],[-106.827148,40.475437],[-106.827149,40.475438],[-106.827149,40.475438],[-106.82715,40.475439],[-106.827151,40.475439],[-106.827151,40.47544],[-106.827151,40.47544],[-106.827152,40.475441],[-106.827152,40.475442],[-106.827152,40.475442],[-106.827152,40.475443],[-106.827152,40.475444],[-106.827152,40.475444],[-106.827152,40.475445],[-106.827151,40.475446],[-106.827151,40.475446],[-106.827151,40.475447],[-106.82715,40.475447],[-106.827149,40.475448],[-106.827149,40.475448],[-106.827148,40.475449],[-106.827147,40.475449],[-106.827147,40.475449],[-106.827146,40.47545],[-106.827145,40.47545],[-106.827144,40.47545],[-106.827143,40.47545],[-106.827142,40.47545],[-106.827141,40.47545],[-106.82714,40.47545],[-106.82714,40.475449],[-106.827139,40.475449],[-106.827138,40.475449],[-106.827137,40.475448],[-106.827137,40.475448],[-106.827136,40.475447],[-106.827136,40.475447],[-106.827135,40.475446],[-106.827135,40.475446],[-106.827135,40.475445],[-106.827134,40.475444],[-106.827134,40.475444],[-106.827134,40.475443]]]}},{"id":"313","type":"Feature","properties":{"natural":null,"barrier":null,"highway":"crossing","amenity":null,"tourism":null,"base_elevation":98,"height":null,"material":null,"direction":null,"artwork_type":null,"name":null},"geometry":{"type":"Polygon","coordinates":[[[-106.82753,40.472543],[-106.82753,40.472543],[-106.82753,40.472542],[-106.827531,40.472541],[-106.827531,40.472541],[-106.827531,40.47254],[-106.827532,40.47254],[-106.827532,40.472539],[-106.827533,40.472538],[-106.827534,40.472538],[-106.827534,40.472538],[-106.827535,40.472537],[-106.827536,40.472537],[-106.827537,40.472537],[-106.827538,40.472537],[-106.827538,40.472536],[-106.827539,40.472536],[-106.82754,40.472536],[-106.827541,40.472537],[-106.827542,40.472537],[-106.827543,40.472537],[-106.827544,40.472537],[-106.827544,40.472538],[-106.827545,40.472538],[-106.827546,40.472538],[-106.827546,40.472539],[-106.827547,40.47254],[-106.827547,40.47254],[-106.827548,40.472541],[-106.827548,40.472541],[-106.827548,40.472542],[-106.827548,40.472543],[-106.827548,40.472543],[-106.827548,40.472544],[-106.827548,40.472545],[-106.827548,40.472545],[-106.827548,40.472546],[-106.827547,40.472547],[-106.827547,40.472547],[-106.827546,40.472548],[-106.827546,40.472548],[-106.827545,40.472549],[-106.827544,40.472549],[-106.827544,40.472549],[-106.827543,40.47255],[-106.827542,40.47255],[-106.827541,40.47255],[-106.82754,40.47255],[-106.827539,40.47255],[-106.827538,40.47255],[-106.827538,40.47255],[-106.827537,40.47255],[-106.827536,40.47255],[-106.827535,40.472549],[-106.827534,40.472549],[-106.827534,40.472549],[-106.827533,40.472548],[-106.827532,40.472548],[-106.827532,40.472547],[-106.827531,40.472547],[-106.827531,40.472546],[-106.827531,40.472545],[-106.82753,40.472545],[-106.82753,40.472544],[-106.82753,40.472543]]]}},{"id":"314","type":"Feature","properties":{"natural":null,"barrier":null,"highway":"crossing","amenity":null,"tourism":null,"base_elevation":94,"height":null,"material":null,"direction":null,"artwork_type":null,"name":null},"geometry":{"type":"Polygon","coordinates":[[[-106.827527,40.475293],[-106.827527,40.475293],[-106.827527,40.475292],[-106.827528,40.475291],[-106.827528,40.475291],[-106.827528,40.47529],[-106.827529,40.47529],[-106.827529,40.475289],[-106.82753,40.475288],[-106.827531,40.475288],[-106.827531,40.475288],[-106.827532,40.475287],[-106.827533,40.475287],[-106.827534,40.475287],[-106.827534,40.475287],[-106.827535,40.475286],[-106.827536,40.475286],[-106.827537,40.475286],[-106.827538,40.475287],[-106.827539,40.475287],[-106.82754,40.475287],[-106.82754,40.475287],[-106.827541,40.475288],[-106.827542,40.475288],[-106.827543,40.475288],[-106.827543,40.475289],[-106.827544,40.47529],[-106.827544,40.47529],[-106.827544,40.475291],[-106.827545,40.475291],[-106.827545,40.475292],[-106.827545,40.475293],[-106.827545,40.475293],[-106.827545,40.475294],[-106.827545,40.475295],[-106.827545,40.475295],[-106.827544,40.475296],[-106.827544,40.475297],[-106.827544,40.475297],[-106.827543,40.475298],[-106.827543,40.475298],[-106.827542,40.475299],[-106.827541,40.475299],[-106.82754,40.475299],[-106.82754,40.4753],[-106.827539,40.4753],[-106.827538,40.4753],[-106.827537,40.4753],[-106.827536,40.4753],[-106.827535,40.4753],[-106.827534,40.4753],[-106.827534,40.4753],[-106.827533,40.4753],[-106.827532,40.475299],[-106.827531,40.475299],[-106.827531,40.475299],[-106.82753,40.475298],[-106.827529,40.475298],[-106.827529,40.475297],[-106.827528,40.475297],[-106.827528,40.475296],[-106.827528,40.475295],[-106.827527,40.475295],[-106.827527,40.475294],[-106.827527,40.475293]]]}},{"id":"315","type":"Feature","properties":{"natural":null,"barrier":null,"highway":"crossing","amenity":null,"tourism":null,"base_elevation":96,"height":null,"material":null,"direction":null,"artwork_type":null,"name":null},"geometry":{"type":"Polygon","coordinates":[[[-106.827175,40.481376],[-106.827175,40.481376],[-106.827175,40.481375],[-106.827175,40.481375],[-106.827176,40.481374],[-106.827176,40.481373],[-106.827176,40.481373],[-106.827177,40.481372],[-106.827178,40.481372],[-106.827178,40.481371],[-106.827179,40.481371],[-106.82718,40.48137],[-106.82718,40.48137],[-106.827181,40.48137],[-106.827182,40.48137],[-106.827183,40.48137],[-106.827184,40.48137],[-106.827185,40.48137],[-106.827186,40.48137],[-106.827187,40.48137],[-106.827187,40.48137],[-106.827188,40.48137],[-106.827189,40.481371],[-106.82719,40.481371],[-106.82719,40.481372],[-106.827191,40.481372],[-106.827191,40.481373],[-106.827192,40.481373],[-106.827192,40.481374],[-106.827192,40.481375],[-106.827193,40.481375],[-106.827193,40.481376],[-106.827193,40.481376],[-106.827193,40.481377],[-106.827193,40.481378],[-106.827192,40.481378],[-106.827192,40.481379],[-106.827192,40.48138],[-106.827191,40.48138],[-106.827191,40.481381],[-106.82719,40.481381],[-106.82719,40.481382],[-106.827189,40.481382],[-106.827188,40.481383],[-106.827187,40.481383],[-106.827187,40.481383],[-106.827186,40.481383],[-106.827185,40.481383],[-106.827184,40.481383],[-106.827183,40.481383],[-106.827182,40.481383],[-106.827181,40.481383],[-106.82718,40.481383],[-106.82718,40.481383],[-106.827179,40.481382],[-106.827178,40.481382],[-106.827178,40.481381],[-106.827177,40.481381],[-106.827176,40.48138],[-106.827176,40.48138],[-106.827176,40.481379],[-106.827175,40.481378],[-106.827175,40.481378],[-106.827175,40.481377],[-106.827175,40.481376]]]}},{"id":"316","type":"Feature","properties":{"natural":null,"barrier":null,"highway":"crossing","amenity":null,"tourism":null,"base_elevation":97,"height":null,"material":null,"direction":null,"artwork_type":null,"name":null},"geometry":{"type":"Polygon","coordinates":[[[-106.828112,40.482353],[-106.828112,40.482353],[-106.828112,40.482352],[-106.828113,40.482351],[-106.828113,40.482351],[-106.828113,40.48235],[-106.828114,40.482349],[-106.828114,40.482349],[-106.828115,40.482348],[-106.828116,40.482348],[-106.828116,40.482348],[-106.828117,40.482347],[-106.828118,40.482347],[-106.828119,40.482347],[-106.828119,40.482346],[-106.82812,40.482346],[-106.828121,40.482346],[-106.828122,40.482346],[-106.828123,40.482346],[-106.828124,40.482347],[-106.828125,40.482347],[-106.828125,40.482347],[-106.828126,40.482348],[-106.828127,40.482348],[-106.828128,40.482348],[-106.828128,40.482349],[-106.828129,40.482349],[-106.828129,40.48235],[-106.828129,40.482351],[-106.82813,40.482351],[-106.82813,40.482352],[-106.82813,40.482353],[-106.82813,40.482353],[-106.82813,40.482354],[-106.82813,40.482355],[-106.82813,40.482355],[-106.828129,40.482356],[-106.828129,40.482356],[-106.828129,40.482357],[-106.828128,40.482358],[-106.828128,40.482358],[-106.828127,40.482358],[-106.828126,40.482359],[-106.828125,40.482359],[-106.828125,40.48236],[-106.828124,40.48236],[-106.828123,40.48236],[-106.828122,40.48236],[-106.828121,40.48236],[-106.82812,40.48236],[-106.828119,40.48236],[-106.828119,40.48236],[-106.828118,40.48236],[-106.828117,40.482359],[-106.828116,40.482359],[-106.828116,40.482358],[-106.828115,40.482358],[-106.828114,40.482358],[-106.828114,40.482357],[-106.828113,40.482356],[-106.828113,40.482356],[-106.828113,40.482355],[-106.828112,40.482355],[-106.828112,40.482354],[-106.828112,40.482353]]]}},{"id":"317","type":"Feature","properties":{"natural":null,"barrier":null,"highway":"crossing","amenity":null,"tourism":null,"base_elevation":97,"height":null,"material":null,"direction":null,"artwork_type":null,"name":null},"geometry":{"type":"Polygon","coordinates":[[[-106.828714,40.482783],[-106.828714,40.482783],[-106.828714,40.482782],[-106.828714,40.482781],[-106.828715,40.482781],[-106.828715,40.48278],[-106.828715,40.48278],[-106.828716,40.482779],[-106.828717,40.482778],[-106.828717,40.482778],[-106.828718,40.482778],[-106.828719,40.482777],[-106.828719,40.482777],[-106.82872,40.482777],[-106.828721,40.482777],[-106.828722,40.482777],[-106.828723,40.482776],[-106.828724,40.482777],[-106.828725,40.482777],[-106.828726,40.482777],[-106.828726,40.482777],[-106.828727,40.482777],[-106.828728,40.482778],[-106.828729,40.482778],[-106.828729,40.482778],[-106.82873,40.482779],[-106.82873,40.48278],[-106.828731,40.48278],[-106.828731,40.482781],[-106.828731,40.482781],[-106.828732,40.482782],[-106.828732,40.482783],[-106.828732,40.482783],[-106.828732,40.482784],[-106.828732,40.482785],[-106.828731,40.482785],[-106.828731,40.482786],[-106.828731,40.482787],[-106.82873,40.482787],[-106.82873,40.482788],[-106.828729,40.482788],[-106.828729,40.482789],[-106.828728,40.482789],[-106.828727,40.482789],[-106.828726,40.48279],[-106.828726,40.48279],[-106.828725,40.48279],[-106.828724,40.48279],[-106.828723,40.48279],[-106.828722,40.48279],[-106.828721,40.48279],[-106.82872,40.48279],[-106.828719,40.48279],[-106.828719,40.482789],[-106.828718,40.482789],[-106.828717,40.482789],[-106.828717,40.482788],[-106.828716,40.482788],[-106.828715,40.482787],[-106.828715,40.482787],[-106.828715,40.482786],[-106.828714,40.482785],[-106.828714,40.482785],[-106.828714,40.482784],[-106.828714,40.482783]]]}},{"id":"318","type":"Feature","properties":{"natural":null,"barrier":null,"highway":"crossing","amenity":null,"tourism":null,"base_elevation":102,"height":null,"material":null,"direction":null,"artwork_type":null,"name":null},"geometry":{"type":"Polygon","coordinates":[[[-106.826112,40.469741],[-106.826112,40.46974],[-106.826112,40.46974],[-106.826112,40.469739],[-106.826113,40.469738],[-106.826113,40.469738],[-106.826113,40.469737],[-106.826114,40.469737],[-106.826115,40.469736],[-106.826115,40.469736],[-106.826116,40.469735],[-106.826117,40.469735],[-106.826117,40.469735],[-106.826118,40.469735],[-106.826119,40.469734],[-106.82612,40.469734],[-106.826121,40.469734],[-106.826122,40.469734],[-106.826123,40.469734],[-106.826124,40.469735],[-106.826124,40.469735],[-106.826125,40.469735],[-106.826126,40.469735],[-106.826127,40.469736],[-106.826127,40.469736],[-106.826128,40.469737],[-106.826128,40.469737],[-106.826129,40.469738],[-106.826129,40.469738],[-106.826129,40.469739],[-106.82613,40.46974],[-106.82613,40.46974],[-106.82613,40.469741],[-106.82613,40.469742],[-106.82613,40.469742],[-106.826129,40.469743],[-106.826129,40.469744],[-106.826129,40.469744],[-106.826128,40.469745],[-106.826128,40.469745],[-106.826127,40.469746],[-106.826127,40.469746],[-106.826126,40.469747],[-106.826125,40.469747],[-106.826124,40.469747],[-106.826124,40.469748],[-106.826123,40.469748],[-106.826122,40.469748],[-106.826121,40.469748],[-106.82612,40.469748],[-106.826119,40.469748],[-106.826118,40.469748],[-106.826117,40.469747],[-106.826117,40.469747],[-106.826116,40.469747],[-106.826115,40.469746],[-106.826115,40.469746],[-106.826114,40.469745],[-106.826113,40.469745],[-106.826113,40.469744],[-106.826113,40.469744],[-106.826112,40.469743],[-106.826112,40.469742],[-106.826112,40.469742],[-106.826112,40.469741]]]}},{"id":"319","type":"Feature","properties":{"natural":null,"barrier":null,"highway":"crossing","amenity":null,"tourism":null,"base_elevation":108,"height":null,"material":null,"direction":null,"artwork_type":null,"name":null},"geometry":{"type":"Polygon","coordinates":[[[-106.826055,40.468915],[-106.826055,40.468914],[-106.826055,40.468914],[-106.826056,40.468913],[-106.826056,40.468912],[-106.826056,40.468912],[-106.826057,40.468911],[-106.826057,40.468911],[-106.826058,40.46891],[-106.826059,40.46891],[-106.826059,40.468909],[-106.82606,40.468909],[-106.826061,40.468909],[-106.826062,40.468908],[-106.826063,40.468908],[-106.826063,40.468908],[-106.826064,40.468908],[-106.826065,40.468908],[-106.826066,40.468908],[-106.826067,40.468908],[-106.826068,40.468909],[-106.826069,40.468909],[-106.826069,40.468909],[-106.82607,40.46891],[-106.826071,40.46891],[-106.826071,40.468911],[-106.826072,40.468911],[-106.826072,40.468912],[-106.826073,40.468912],[-106.826073,40.468913],[-106.826073,40.468914],[-106.826073,40.468914],[-106.826073,40.468915],[-106.826073,40.468916],[-106.826073,40.468916],[-106.826073,40.468917],[-106.826073,40.468918],[-106.826072,40.468918],[-106.826072,40.468919],[-106.826071,40.468919],[-106.826071,40.46892],[-106.82607,40.46892],[-106.826069,40.468921],[-106.826069,40.468921],[-106.826068,40.468921],[-106.826067,40.468921],[-106.826066,40.468922],[-106.826065,40.468922],[-106.826064,40.468922],[-106.826063,40.468922],[-106.826063,40.468922],[-106.826062,40.468921],[-106.826061,40.468921],[-106.82606,40.468921],[-106.826059,40.468921],[-106.826059,40.46892],[-106.826058,40.46892],[-106.826057,40.468919],[-106.826057,40.468919],[-106.826056,40.468918],[-106.826056,40.468918],[-106.826056,40.468917],[-106.826055,40.468916],[-106.826055,40.468916],[-106.826055,40.468915]]]}},{"id":"320","type":"Feature","properties":{"natural":null,"barrier":null,"highway":"crossing","amenity":null,"tourism":null,"base_elevation":103,"height":null,"material":null,"direction":null,"artwork_type":null,"name":null},"geometry":{"type":"Polygon","coordinates":[[[-106.826876,40.465408],[-106.826876,40.465407],[-106.826876,40.465406],[-106.826876,40.465406],[-106.826877,40.465405],[-106.826877,40.465405],[-106.826878,40.465404],[-106.826878,40.465403],[-106.826879,40.465403],[-106.826879,40.465403],[-106.82688,40.465402],[-106.826881,40.465402],[-106.826882,40.465401],[-106.826882,40.465401],[-106.826883,40.465401],[-106.826884,40.465401],[-106.826885,40.465401],[-106.826886,40.465401],[-106.826887,40.465401],[-106.826888,40.465401],[-106.826888,40.465401],[-106.826889,40.465402],[-106.82689,40.465402],[-106.826891,40.465403],[-106.826891,40.465403],[-106.826892,40.465403],[-106.826892,40.465404],[-106.826893,40.465405],[-106.826893,40.465405],[-106.826894,40.465406],[-106.826894,40.465406],[-106.826894,40.465407],[-106.826894,40.465408],[-106.826894,40.465408],[-106.826894,40.465409],[-106.826894,40.46541],[-106.826893,40.46541],[-106.826893,40.465411],[-106.826892,40.465412],[-106.826892,40.465412],[-106.826891,40.465413],[-106.826891,40.465413],[-106.82689,40.465413],[-106.826889,40.465414],[-106.826888,40.465414],[-106.826888,40.465414],[-106.826887,40.465415],[-106.826886,40.465415],[-106.826885,40.465415],[-106.826884,40.465415],[-106.826883,40.465415],[-106.826882,40.465414],[-106.826882,40.465414],[-106.826881,40.465414],[-106.82688,40.465413],[-106.826879,40.465413],[-106.826879,40.465413],[-106.826878,40.465412],[-106.826878,40.465412],[-106.826877,40.465411],[-106.826877,40.46541],[-106.826876,40.46541],[-106.826876,40.465409],[-106.826876,40.465408],[-106.826876,40.465408]]]}},{"id":"321","type":"Feature","properties":{"natural":null,"barrier":null,"highway":"crossing","amenity":null,"tourism":null,"base_elevation":96,"height":null,"material":null,"direction":null,"artwork_type":null,"name":null},"geometry":{"type":"Polygon","coordinates":[[[-106.829158,40.472376],[-106.829158,40.472375],[-106.829158,40.472375],[-106.829158,40.472374],[-106.829159,40.472373],[-106.829159,40.472373],[-106.829159,40.472372],[-106.82916,40.472372],[-106.829161,40.472371],[-106.829161,40.472371],[-106.829162,40.47237],[-106.829163,40.47237],[-106.829163,40.47237],[-106.829164,40.47237],[-106.829165,40.472369],[-106.829166,40.472369],[-106.829167,40.472369],[-106.829168,40.472369],[-106.829169,40.472369],[-106.82917,40.47237],[-106.82917,40.47237],[-106.829171,40.47237],[-106.829172,40.47237],[-106.829173,40.472371],[-106.829173,40.472371],[-106.829174,40.472372],[-106.829174,40.472372],[-106.829175,40.472373],[-106.829175,40.472373],[-106.829175,40.472374],[-106.829176,40.472375],[-106.829176,40.472375],[-106.829176,40.472376],[-106.829176,40.472377],[-106.829176,40.472377],[-106.829175,40.472378],[-106.829175,40.472379],[-106.829175,40.472379],[-106.829174,40.47238],[-106.829174,40.47238],[-106.829173,40.472381],[-106.829173,40.472381],[-106.829172,40.472382],[-106.829171,40.472382],[-106.82917,40.472382],[-106.82917,40.472383],[-106.829169,40.472383],[-106.829168,40.472383],[-106.829167,40.472383],[-106.829166,40.472383],[-106.829165,40.472383],[-106.829164,40.472383],[-106.829163,40.472382],[-106.829163,40.472382],[-106.829162,40.472382],[-106.829161,40.472381],[-106.829161,40.472381],[-106.82916,40.47238],[-106.829159,40.47238],[-106.829159,40.472379],[-106.829159,40.472379],[-106.829158,40.472378],[-106.829158,40.472377],[-106.829158,40.472377],[-106.829158,40.472376]]]}},{"id":"322","type":"Feature","properties":{"natural":null,"barrier":null,"highway":"crossing","amenity":null,"tourism":null,"base_elevation":98,"height":null,"material":null,"direction":null,"artwork_type":null,"name":null},"geometry":{"type":"Polygon","coordinates":[[[-106.827607,40.472609],[-106.827607,40.472608],[-106.827607,40.472607],[-106.827607,40.472607],[-106.827607,40.472606],[-106.827608,40.472606],[-106.827608,40.472605],[-106.827609,40.472604],[-106.827609,40.472604],[-106.82761,40.472604],[-106.827611,40.472603],[-106.827611,40.472603],[-106.827612,40.472602],[-106.827613,40.472602],[-106.827614,40.472602],[-106.827615,40.472602],[-106.827616,40.472602],[-106.827616,40.472602],[-106.827617,40.472602],[-106.827618,40.472602],[-106.827619,40.472602],[-106.82762,40.472603],[-106.827621,40.472603],[-106.827621,40.472604],[-106.827622,40.472604],[-106.827623,40.472604],[-106.827623,40.472605],[-106.827624,40.472606],[-106.827624,40.472606],[-106.827624,40.472607],[-106.827624,40.472607],[-106.827625,40.472608],[-106.827625,40.472609],[-106.827625,40.472609],[-106.827624,40.47261],[-106.827624,40.472611],[-106.827624,40.472611],[-106.827624,40.472612],[-106.827623,40.472613],[-106.827623,40.472613],[-106.827622,40.472614],[-106.827621,40.472614],[-106.827621,40.472614],[-106.82762,40.472615],[-106.827619,40.472615],[-106.827618,40.472615],[-106.827617,40.472616],[-106.827616,40.472616],[-106.827616,40.472616],[-106.827615,40.472616],[-106.827614,40.472616],[-106.827613,40.472615],[-106.827612,40.472615],[-106.827611,40.472615],[-106.827611,40.472614],[-106.82761,40.472614],[-106.827609,40.472614],[-106.827609,40.472613],[-106.827608,40.472613],[-106.827608,40.472612],[-106.827607,40.472611],[-106.827607,40.472611],[-106.827607,40.47261],[-106.827607,40.472609],[-106.827607,40.472609]]]}},{"id":"323","type":"Feature","properties":{"natural":null,"barrier":null,"highway":"crossing","amenity":null,"tourism":null,"base_elevation":101,"height":null,"material":null,"direction":null,"artwork_type":null,"name":null},"geometry":{"type":"Polygon","coordinates":[[[-106.827356,40.468022],[-106.827356,40.468021],[-106.827356,40.468021],[-106.827356,40.46802],[-106.827357,40.468019],[-106.827357,40.468019],[-106.827358,40.468018],[-106.827358,40.468018],[-106.827359,40.468017],[-106.827359,40.468017],[-106.82736,40.468016],[-106.827361,40.468016],[-106.827362,40.468016],[-106.827362,40.468015],[-106.827363,40.468015],[-106.827364,40.468015],[-106.827365,40.468015],[-106.827366,40.468015],[-106.827367,40.468015],[-106.827368,40.468015],[-106.827368,40.468016],[-106.827369,40.468016],[-106.82737,40.468016],[-106.827371,40.468017],[-106.827371,40.468017],[-106.827372,40.468018],[-106.827372,40.468018],[-106.827373,40.468019],[-106.827373,40.468019],[-106.827374,40.46802],[-106.827374,40.468021],[-106.827374,40.468021],[-106.827374,40.468022],[-106.827374,40.468023],[-106.827374,40.468023],[-106.827374,40.468024],[-106.827373,40.468025],[-106.827373,40.468025],[-106.827372,40.468026],[-106.827372,40.468026],[-106.827371,40.468027],[-106.827371,40.468027],[-106.82737,40.468028],[-106.827369,40.468028],[-106.827368,40.468028],[-106.827368,40.468028],[-106.827367,40.468029],[-106.827366,40.468029],[-106.827365,40.468029],[-106.827364,40.468029],[-106.827363,40.468029],[-106.827362,40.468028],[-106.827362,40.468028],[-106.827361,40.468028],[-106.82736,40.468028],[-106.827359,40.468027],[-106.827359,40.468027],[-106.827358,40.468026],[-106.827358,40.468026],[-106.827357,40.468025],[-106.827357,40.468025],[-106.827356,40.468024],[-106.827356,40.468023],[-106.827356,40.468023],[-106.827356,40.468022]]]}},{"id":"324","type":"Feature","properties":{"natural":null,"barrier":null,"highway":"crossing","amenity":null,"tourism":null,"base_elevation":103,"height":null,"material":null,"direction":null,"artwork_type":null,"name":null},"geometry":{"type":"Polygon","coordinates":[[[-106.826963,40.467988],[-106.826963,40.467987],[-106.826963,40.467986],[-106.826963,40.467986],[-106.826964,40.467985],[-106.826964,40.467984],[-106.826965,40.467984],[-106.826965,40.467983],[-106.826966,40.467983],[-106.826966,40.467982],[-106.826967,40.467982],[-106.826968,40.467982],[-106.826969,40.467981],[-106.826969,40.467981],[-106.82697,40.467981],[-106.826971,40.467981],[-106.826972,40.467981],[-106.826973,40.467981],[-106.826974,40.467981],[-106.826975,40.467981],[-106.826975,40.467981],[-106.826976,40.467982],[-106.826977,40.467982],[-106.826978,40.467982],[-106.826978,40.467983],[-106.826979,40.467983],[-106.826979,40.467984],[-106.82698,40.467984],[-106.82698,40.467985],[-106.826981,40.467986],[-106.826981,40.467986],[-106.826981,40.467987],[-106.826981,40.467988],[-106.826981,40.467988],[-106.826981,40.467989],[-106.826981,40.46799],[-106.82698,40.46799],[-106.82698,40.467991],[-106.826979,40.467991],[-106.826979,40.467992],[-106.826978,40.467992],[-106.826978,40.467993],[-106.826977,40.467993],[-106.826976,40.467994],[-106.826975,40.467994],[-106.826975,40.467994],[-106.826974,40.467994],[-106.826973,40.467994],[-106.826972,40.467994],[-106.826971,40.467994],[-106.82697,40.467994],[-106.826969,40.467994],[-106.826969,40.467994],[-106.826968,40.467994],[-106.826967,40.467993],[-106.826966,40.467993],[-106.826966,40.467992],[-106.826965,40.467992],[-106.826965,40.467991],[-106.826964,40.467991],[-106.826964,40.46799],[-106.826963,40.46799],[-106.826963,40.467989],[-106.826963,40.467988],[-106.826963,40.467988]]]}},{"id":"325","type":"Feature","properties":{"natural":null,"barrier":null,"highway":"crossing","amenity":null,"tourism":null,"base_elevation":103,"height":null,"material":null,"direction":null,"artwork_type":null,"name":null},"geometry":{"type":"Polygon","coordinates":[[[-106.826656,40.465244],[-106.826656,40.465243],[-106.826656,40.465242],[-106.826656,40.465242],[-106.826657,40.465241],[-106.826657,40.46524],[-106.826658,40.46524],[-106.826658,40.465239],[-106.826659,40.465239],[-106.826659,40.465238],[-106.82666,40.465238],[-106.826661,40.465238],[-106.826662,40.465237],[-106.826662,40.465237],[-106.826663,40.465237],[-106.826664,40.465237],[-106.826665,40.465237],[-106.826666,40.465237],[-106.826667,40.465237],[-106.826668,40.465237],[-106.826668,40.465237],[-106.826669,40.465238],[-106.82667,40.465238],[-106.826671,40.465238],[-106.826671,40.465239],[-106.826672,40.465239],[-106.826672,40.46524],[-106.826673,40.46524],[-106.826673,40.465241],[-106.826674,40.465242],[-106.826674,40.465242],[-106.826674,40.465243],[-106.826674,40.465244],[-106.826674,40.465244],[-106.826674,40.465245],[-106.826674,40.465246],[-106.826673,40.465246],[-106.826673,40.465247],[-106.826672,40.465247],[-106.826672,40.465248],[-106.826671,40.465249],[-106.826671,40.465249],[-106.82667,40.465249],[-106.826669,40.46525],[-106.826668,40.46525],[-106.826668,40.46525],[-106.826667,40.46525],[-106.826666,40.465251],[-106.826665,40.465251],[-106.826664,40.465251],[-106.826663,40.46525],[-106.826662,40.46525],[-106.826662,40.46525],[-106.826661,40.46525],[-106.82666,40.465249],[-106.826659,40.465249],[-106.826659,40.465249],[-106.826658,40.465248],[-106.826658,40.465247],[-106.826657,40.465247],[-106.826657,40.465246],[-106.826656,40.465246],[-106.826656,40.465245],[-106.826656,40.465244],[-106.826656,40.465244]]]}},{"id":"326","type":"Feature","properties":{"natural":null,"barrier":null,"highway":"crossing","amenity":null,"tourism":null,"base_elevation":103,"height":null,"material":null,"direction":null,"artwork_type":null,"name":null},"geometry":{"type":"Polygon","coordinates":[[[-106.82689,40.46506],[-106.82689,40.46506],[-106.82689,40.465059],[-106.82689,40.465058],[-106.826891,40.465058],[-106.826891,40.465057],[-106.826892,40.465057],[-106.826892,40.465056],[-106.826893,40.465056],[-106.826893,40.465055],[-106.826894,40.465055],[-106.826895,40.465054],[-106.826896,40.465054],[-106.826896,40.465054],[-106.826897,40.465054],[-106.826898,40.465054],[-106.826899,40.465054],[-106.8269,40.465054],[-106.826901,40.465054],[-106.826902,40.465054],[-106.826902,40.465054],[-106.826903,40.465054],[-106.826904,40.465055],[-106.826905,40.465055],[-106.826905,40.465056],[-106.826906,40.465056],[-106.826906,40.465057],[-106.826907,40.465057],[-106.826907,40.465058],[-106.826908,40.465058],[-106.826908,40.465059],[-106.826908,40.46506],[-106.826908,40.46506],[-106.826908,40.465061],[-106.826908,40.465062],[-106.826908,40.465062],[-106.826907,40.465063],[-106.826907,40.465064],[-106.826906,40.465064],[-106.826906,40.465065],[-106.826905,40.465065],[-106.826905,40.465066],[-106.826904,40.465066],[-106.826903,40.465066],[-106.826902,40.465067],[-106.826902,40.465067],[-106.826901,40.465067],[-106.8269,40.465067],[-106.826899,40.465067],[-106.826898,40.465067],[-106.826897,40.465067],[-106.826896,40.465067],[-106.826896,40.465067],[-106.826895,40.465066],[-106.826894,40.465066],[-106.826893,40.465066],[-106.826893,40.465065],[-106.826892,40.465065],[-106.826892,40.465064],[-106.826891,40.465064],[-106.826891,40.465063],[-106.82689,40.465062],[-106.82689,40.465062],[-106.82689,40.465061],[-106.82689,40.46506]]]}},{"id":"327","type":"Feature","properties":{"natural":null,"barrier":null,"highway":"crossing","amenity":null,"tourism":null,"base_elevation":102,"height":null,"material":null,"direction":null,"artwork_type":null,"name":null},"geometry":{"type":"Polygon","coordinates":[[[-106.827105,40.465251],[-106.827105,40.46525],[-106.827105,40.46525],[-106.827105,40.465249],[-106.827106,40.465248],[-106.827106,40.465248],[-106.827107,40.465247],[-106.827107,40.465247],[-106.827108,40.465246],[-106.827108,40.465246],[-106.827109,40.465245],[-106.82711,40.465245],[-106.827111,40.465245],[-106.827111,40.465245],[-106.827112,40.465244],[-106.827113,40.465244],[-106.827114,40.465244],[-106.827115,40.465244],[-106.827116,40.465244],[-106.827117,40.465245],[-106.827117,40.465245],[-106.827118,40.465245],[-106.827119,40.465245],[-106.82712,40.465246],[-106.82712,40.465246],[-106.827121,40.465247],[-106.827121,40.465247],[-106.827122,40.465248],[-106.827122,40.465248],[-106.827123,40.465249],[-106.827123,40.46525],[-106.827123,40.46525],[-106.827123,40.465251],[-106.827123,40.465252],[-106.827123,40.465252],[-106.827123,40.465253],[-106.827122,40.465254],[-106.827122,40.465254],[-106.827121,40.465255],[-106.827121,40.465255],[-106.82712,40.465256],[-106.82712,40.465256],[-106.827119,40.465257],[-106.827118,40.465257],[-106.827117,40.465257],[-106.827117,40.465258],[-106.827116,40.465258],[-106.827115,40.465258],[-106.827114,40.465258],[-106.827113,40.465258],[-106.827112,40.465258],[-106.827111,40.465258],[-106.827111,40.465257],[-106.82711,40.465257],[-106.827109,40.465257],[-106.827108,40.465256],[-106.827108,40.465256],[-106.827107,40.465255],[-106.827107,40.465255],[-106.827106,40.465254],[-106.827106,40.465254],[-106.827105,40.465253],[-106.827105,40.465252],[-106.827105,40.465252],[-106.827105,40.465251]]]}},{"id":"328","type":"Feature","properties":{"natural":null,"barrier":null,"highway":"crossing","amenity":null,"tourism":null,"base_elevation":106,"height":null,"material":null,"direction":null,"artwork_type":null,"name":null},"geometry":{"type":"Polygon","coordinates":[[[-106.824507,40.465104],[-106.824507,40.465104],[-106.824507,40.465103],[-106.824507,40.465102],[-106.824507,40.465102],[-106.824508,40.465101],[-106.824508,40.4651],[-106.824509,40.4651],[-106.824509,40.465099],[-106.82451,40.465099],[-106.824511,40.465099],[-106.824511,40.465098],[-106.824512,40.465098],[-106.824513,40.465098],[-106.824514,40.465097],[-106.824515,40.465097],[-106.824516,40.465097],[-106.824516,40.465097],[-106.824517,40.465097],[-106.824518,40.465098],[-106.824519,40.465098],[-106.82452,40.465098],[-106.82452,40.465099],[-106.824521,40.465099],[-106.824522,40.465099],[-106.824522,40.4651],[-106.824523,40.4651],[-106.824523,40.465101],[-106.824524,40.465102],[-106.824524,40.465102],[-106.824524,40.465103],[-106.824524,40.465104],[-106.824524,40.465104],[-106.824524,40.465105],[-106.824524,40.465106],[-106.824524,40.465106],[-106.824524,40.465107],[-106.824523,40.465107],[-106.824523,40.465108],[-106.824522,40.465109],[-106.824522,40.465109],[-106.824521,40.465109],[-106.82452,40.46511],[-106.82452,40.46511],[-106.824519,40.465111],[-106.824518,40.465111],[-106.824517,40.465111],[-106.824516,40.465111],[-106.824516,40.465111],[-106.824515,40.465111],[-106.824514,40.465111],[-106.824513,40.465111],[-106.824512,40.465111],[-106.824511,40.46511],[-106.824511,40.46511],[-106.82451,40.465109],[-106.824509,40.465109],[-106.824509,40.465109],[-106.824508,40.465108],[-106.824508,40.465107],[-106.824507,40.465107],[-106.824507,40.465106],[-106.824507,40.465106],[-106.824507,40.465105],[-106.824507,40.465104]]]}},{"id":"329","type":"Feature","properties":{"natural":null,"barrier":null,"highway":"crossing","amenity":null,"tourism":null,"base_elevation":103,"height":null,"material":null,"direction":null,"artwork_type":null,"name":null},"geometry":{"type":"Polygon","coordinates":[[[-106.826758,40.465531],[-106.826758,40.46553],[-106.826758,40.46553],[-106.826758,40.465529],[-106.826759,40.465528],[-106.826759,40.465528],[-106.82676,40.465527],[-106.82676,40.465527],[-106.826761,40.465526],[-106.826761,40.465526],[-106.826762,40.465525],[-106.826763,40.465525],[-106.826764,40.465525],[-106.826764,40.465524],[-106.826765,40.465524],[-106.826766,40.465524],[-106.826767,40.465524],[-106.826768,40.465524],[-106.826769,40.465524],[-106.82677,40.465524],[-106.82677,40.465525],[-106.826771,40.465525],[-106.826772,40.465525],[-106.826773,40.465526],[-106.826773,40.465526],[-106.826774,40.465527],[-106.826774,40.465527],[-106.826775,40.465528],[-106.826775,40.465528],[-106.826776,40.465529],[-106.826776,40.46553],[-106.826776,40.46553],[-106.826776,40.465531],[-106.826776,40.465532],[-106.826776,40.465532],[-106.826776,40.465533],[-106.826775,40.465534],[-106.826775,40.465534],[-106.826774,40.465535],[-106.826774,40.465535],[-106.826773,40.465536],[-106.826773,40.465536],[-106.826772,40.465537],[-106.826771,40.465537],[-106.82677,40.465537],[-106.82677,40.465537],[-106.826769,40.465538],[-106.826768,40.465538],[-106.826767,40.465538],[-106.826766,40.465538],[-106.826765,40.465538],[-106.826764,40.465537],[-106.826764,40.465537],[-106.826763,40.465537],[-106.826762,40.465537],[-106.826761,40.465536],[-106.826761,40.465536],[-106.82676,40.465535],[-106.82676,40.465535],[-106.826759,40.465534],[-106.826759,40.465534],[-106.826758,40.465533],[-106.826758,40.465532],[-106.826758,40.465532],[-106.826758,40.465531]]]}},{"id":"330","type":"Feature","properties":{"natural":null,"barrier":null,"highway":"crossing","amenity":null,"tourism":null,"base_elevation":112,"height":null,"material":null,"direction":null,"artwork_type":null,"name":null},"geometry":{"type":"Polygon","coordinates":[[[-106.815895,40.455736],[-106.815895,40.455736],[-106.815895,40.455735],[-106.815895,40.455734],[-106.815896,40.455734],[-106.815896,40.455733],[-106.815896,40.455733],[-106.815897,40.455732],[-106.815897,40.455731],[-106.815898,40.455731],[-106.815899,40.455731],[-106.8159,40.45573],[-106.8159,40.45573],[-106.815901,40.45573],[-106.815902,40.45573],[-106.815903,40.455729],[-106.815904,40.455729],[-106.815905,40.455729],[-106.815906,40.45573],[-106.815906,40.45573],[-106.815907,40.45573],[-106.815908,40.45573],[-106.815909,40.455731],[-106.815909,40.455731],[-106.81591,40.455731],[-106.815911,40.455732],[-106.815911,40.455733],[-106.815912,40.455733],[-106.815912,40.455734],[-106.815912,40.455734],[-106.815913,40.455735],[-106.815913,40.455736],[-106.815913,40.455736],[-106.815913,40.455737],[-106.815913,40.455738],[-106.815912,40.455738],[-106.815912,40.455739],[-106.815912,40.45574],[-106.815911,40.45574],[-106.815911,40.455741],[-106.81591,40.455741],[-106.815909,40.455742],[-106.815909,40.455742],[-106.815908,40.455742],[-106.815907,40.455743],[-106.815906,40.455743],[-106.815906,40.455743],[-106.815905,40.455743],[-106.815904,40.455743],[-106.815903,40.455743],[-106.815902,40.455743],[-106.815901,40.455743],[-106.8159,40.455743],[-106.8159,40.455742],[-106.815899,40.455742],[-106.815898,40.455742],[-106.815897,40.455741],[-106.815897,40.455741],[-106.815896,40.45574],[-106.815896,40.45574],[-106.815896,40.455739],[-106.815895,40.455738],[-106.815895,40.455738],[-106.815895,40.455737],[-106.815895,40.455736]]]}},{"id":"331","type":"Feature","properties":{"natural":null,"barrier":null,"highway":"crossing","amenity":null,"tourism":null,"base_elevation":116,"height":null,"material":null,"direction":null,"artwork_type":null,"name":null},"geometry":{"type":"Polygon","coordinates":[[[-106.812769,40.456514],[-106.812769,40.456514],[-106.812769,40.456513],[-106.81277,40.456512],[-106.81277,40.456512],[-106.81277,40.456511],[-106.812771,40.456511],[-106.812771,40.45651],[-106.812772,40.45651],[-106.812772,40.456509],[-106.812773,40.456509],[-106.812774,40.456508],[-106.812775,40.456508],[-106.812775,40.456508],[-106.812776,40.456508],[-106.812777,40.456508],[-106.812778,40.456508],[-106.812779,40.456508],[-106.81278,40.456508],[-106.812781,40.456508],[-106.812782,40.456508],[-106.812782,40.456508],[-106.812783,40.456509],[-106.812784,40.456509],[-106.812784,40.45651],[-106.812785,40.45651],[-106.812786,40.456511],[-106.812786,40.456511],[-106.812786,40.456512],[-106.812787,40.456512],[-106.812787,40.456513],[-106.812787,40.456514],[-106.812787,40.456514],[-106.812787,40.456515],[-106.812787,40.456516],[-106.812787,40.456516],[-106.812786,40.456517],[-106.812786,40.456518],[-106.812786,40.456518],[-106.812785,40.456519],[-106.812784,40.456519],[-106.812784,40.45652],[-106.812783,40.45652],[-106.812782,40.45652],[-106.812782,40.456521],[-106.812781,40.456521],[-106.81278,40.456521],[-106.812779,40.456521],[-106.812778,40.456521],[-106.812777,40.456521],[-106.812776,40.456521],[-106.812775,40.456521],[-106.812775,40.456521],[-106.812774,40.45652],[-106.812773,40.45652],[-106.812772,40.45652],[-106.812772,40.456519],[-106.812771,40.456519],[-106.812771,40.456518],[-106.81277,40.456518],[-106.81277,40.456517],[-106.81277,40.456516],[-106.812769,40.456516],[-106.812769,40.456515],[-106.812769,40.456514]]]}},{"id":"332","type":"Feature","properties":{"natural":null,"barrier":null,"highway":"crossing","amenity":null,"tourism":null,"base_elevation":116,"height":null,"material":null,"direction":null,"artwork_type":null,"name":null},"geometry":{"type":"Polygon","coordinates":[[[-106.813381,40.456538],[-106.813381,40.456537],[-106.813381,40.456536],[-106.813381,40.456536],[-106.813381,40.456535],[-106.813382,40.456534],[-106.813382,40.456534],[-106.813383,40.456533],[-106.813383,40.456533],[-106.813384,40.456532],[-106.813385,40.456532],[-106.813385,40.456532],[-106.813386,40.456531],[-106.813387,40.456531],[-106.813388,40.456531],[-106.813389,40.456531],[-106.813389,40.456531],[-106.81339,40.456531],[-106.813391,40.456531],[-106.813392,40.456531],[-106.813393,40.456531],[-106.813394,40.456532],[-106.813394,40.456532],[-106.813395,40.456532],[-106.813396,40.456533],[-106.813396,40.456533],[-106.813397,40.456534],[-106.813397,40.456534],[-106.813398,40.456535],[-106.813398,40.456536],[-106.813398,40.456536],[-106.813398,40.456537],[-106.813398,40.456538],[-106.813398,40.456538],[-106.813398,40.456539],[-106.813398,40.45654],[-106.813398,40.45654],[-106.813397,40.456541],[-106.813397,40.456541],[-106.813396,40.456542],[-106.813396,40.456543],[-106.813395,40.456543],[-106.813394,40.456543],[-106.813394,40.456544],[-106.813393,40.456544],[-106.813392,40.456544],[-106.813391,40.456544],[-106.81339,40.456545],[-106.813389,40.456545],[-106.813389,40.456545],[-106.813388,40.456544],[-106.813387,40.456544],[-106.813386,40.456544],[-106.813385,40.456544],[-106.813385,40.456543],[-106.813384,40.456543],[-106.813383,40.456543],[-106.813383,40.456542],[-106.813382,40.456541],[-106.813382,40.456541],[-106.813381,40.45654],[-106.813381,40.45654],[-106.813381,40.456539],[-106.813381,40.456538],[-106.813381,40.456538]]]}},{"id":"333","type":"Feature","properties":{"natural":null,"barrier":null,"highway":"crossing","amenity":null,"tourism":null,"base_elevation":116,"height":null,"material":null,"direction":null,"artwork_type":null,"name":null},"geometry":{"type":"Polygon","coordinates":[[[-106.813804,40.456514],[-106.813804,40.456513],[-106.813804,40.456512],[-106.813805,40.456512],[-106.813805,40.456511],[-106.813805,40.45651],[-106.813806,40.45651],[-106.813806,40.456509],[-106.813807,40.456509],[-106.813807,40.456508],[-106.813808,40.456508],[-106.813809,40.456508],[-106.81381,40.456507],[-106.81381,40.456507],[-106.813811,40.456507],[-106.813812,40.456507],[-106.813813,40.456507],[-106.813814,40.456507],[-106.813815,40.456507],[-106.813816,40.456507],[-106.813817,40.456507],[-106.813817,40.456508],[-106.813818,40.456508],[-106.813819,40.456508],[-106.813819,40.456509],[-106.81382,40.456509],[-106.813821,40.45651],[-106.813821,40.45651],[-106.813821,40.456511],[-106.813822,40.456512],[-106.813822,40.456512],[-106.813822,40.456513],[-106.813822,40.456514],[-106.813822,40.456514],[-106.813822,40.456515],[-106.813822,40.456516],[-106.813821,40.456516],[-106.813821,40.456517],[-106.813821,40.456517],[-106.81382,40.456518],[-106.813819,40.456518],[-106.813819,40.456519],[-106.813818,40.456519],[-106.813817,40.45652],[-106.813817,40.45652],[-106.813816,40.45652],[-106.813815,40.45652],[-106.813814,40.45652],[-106.813813,40.45652],[-106.813812,40.45652],[-106.813811,40.45652],[-106.81381,40.45652],[-106.81381,40.45652],[-106.813809,40.45652],[-106.813808,40.456519],[-106.813807,40.456519],[-106.813807,40.456518],[-106.813806,40.456518],[-106.813806,40.456517],[-106.813805,40.456517],[-106.813805,40.456516],[-106.813805,40.456516],[-106.813804,40.456515],[-106.813804,40.456514],[-106.813804,40.456514]]]}},{"id":"334","type":"Feature","properties":{"natural":null,"barrier":null,"highway":"crossing","amenity":null,"tourism":null,"base_elevation":115,"height":null,"material":null,"direction":null,"artwork_type":null,"name":null},"geometry":{"type":"Polygon","coordinates":[[[-106.81489,40.45652],[-106.81489,40.456519],[-106.81489,40.456518],[-106.81489,40.456518],[-106.81489,40.456517],[-106.814891,40.456516],[-106.814891,40.456516],[-106.814892,40.456515],[-106.814892,40.456515],[-106.814893,40.456514],[-106.814894,40.456514],[-106.814894,40.456514],[-106.814895,40.456513],[-106.814896,40.456513],[-106.814897,40.456513],[-106.814898,40.456513],[-106.814898,40.456513],[-106.814899,40.456513],[-106.8149,40.456513],[-106.814901,40.456513],[-106.814902,40.456513],[-106.814903,40.456514],[-106.814903,40.456514],[-106.814904,40.456514],[-106.814905,40.456515],[-106.814905,40.456515],[-106.814906,40.456516],[-106.814906,40.456516],[-106.814907,40.456517],[-106.814907,40.456518],[-106.814907,40.456518],[-106.814907,40.456519],[-106.814907,40.45652],[-106.814907,40.45652],[-106.814907,40.456521],[-106.814907,40.456522],[-106.814907,40.456522],[-106.814906,40.456523],[-106.814906,40.456523],[-106.814905,40.456524],[-106.814905,40.456524],[-106.814904,40.456525],[-106.814903,40.456525],[-106.814903,40.456526],[-106.814902,40.456526],[-106.814901,40.456526],[-106.8149,40.456526],[-106.814899,40.456526],[-106.814898,40.456526],[-106.814898,40.456526],[-106.814897,40.456526],[-106.814896,40.456526],[-106.814895,40.456526],[-106.814894,40.456526],[-106.814894,40.456525],[-106.814893,40.456525],[-106.814892,40.456524],[-106.814892,40.456524],[-106.814891,40.456523],[-106.814891,40.456523],[-106.81489,40.456522],[-106.81489,40.456522],[-106.81489,40.456521],[-106.81489,40.45652],[-106.81489,40.45652]]]}},{"id":"335","type":"Feature","properties":{"natural":null,"barrier":null,"highway":"crossing","amenity":null,"tourism":null,"base_elevation":114,"height":null,"material":null,"direction":null,"artwork_type":null,"name":null},"geometry":{"type":"Polygon","coordinates":[[[-106.815591,40.456454],[-106.815591,40.456453],[-106.815591,40.456452],[-106.815591,40.456452],[-106.815592,40.456451],[-106.815592,40.456451],[-106.815592,40.45645],[-106.815593,40.456449],[-106.815594,40.456449],[-106.815594,40.456449],[-106.815595,40.456448],[-106.815596,40.456448],[-106.815596,40.456447],[-106.815597,40.456447],[-106.815598,40.456447],[-106.815599,40.456447],[-106.8156,40.456447],[-106.815601,40.456447],[-106.815602,40.456447],[-106.815603,40.456447],[-106.815603,40.456447],[-106.815604,40.456448],[-106.815605,40.456448],[-106.815606,40.456449],[-106.815606,40.456449],[-106.815607,40.456449],[-106.815607,40.45645],[-106.815608,40.456451],[-106.815608,40.456451],[-106.815608,40.456452],[-106.815609,40.456452],[-106.815609,40.456453],[-106.815609,40.456454],[-106.815609,40.456454],[-106.815609,40.456455],[-106.815608,40.456456],[-106.815608,40.456456],[-106.815608,40.456457],[-106.815607,40.456458],[-106.815607,40.456458],[-106.815606,40.456459],[-106.815606,40.456459],[-106.815605,40.456459],[-106.815604,40.45646],[-106.815603,40.45646],[-106.815603,40.45646],[-106.815602,40.456461],[-106.815601,40.456461],[-106.8156,40.456461],[-106.815599,40.456461],[-106.815598,40.456461],[-106.815597,40.45646],[-106.815596,40.45646],[-106.815596,40.45646],[-106.815595,40.456459],[-106.815594,40.456459],[-106.815594,40.456459],[-106.815593,40.456458],[-106.815592,40.456458],[-106.815592,40.456457],[-106.815592,40.456456],[-106.815591,40.456456],[-106.815591,40.456455],[-106.815591,40.456454],[-106.815591,40.456454]]]}},{"id":"336","type":"Feature","properties":{"natural":null,"barrier":null,"highway":"crossing","amenity":null,"tourism":null,"base_elevation":116,"height":null,"material":null,"direction":null,"artwork_type":null,"name":null},"geometry":{"type":"Polygon","coordinates":[[[-106.815565,40.45745],[-106.815565,40.45745],[-106.815565,40.457449],[-106.815565,40.457448],[-106.815566,40.457448],[-106.815566,40.457447],[-106.815566,40.457446],[-106.815567,40.457446],[-106.815568,40.457445],[-106.815568,40.457445],[-106.815569,40.457445],[-106.81557,40.457444],[-106.81557,40.457444],[-106.815571,40.457444],[-106.815572,40.457443],[-106.815573,40.457443],[-106.815574,40.457443],[-106.815575,40.457443],[-106.815576,40.457443],[-106.815577,40.457444],[-106.815577,40.457444],[-106.815578,40.457444],[-106.815579,40.457445],[-106.81558,40.457445],[-106.81558,40.457445],[-106.815581,40.457446],[-106.815581,40.457446],[-106.815582,40.457447],[-106.815582,40.457448],[-106.815582,40.457448],[-106.815583,40.457449],[-106.815583,40.45745],[-106.815583,40.45745],[-106.815583,40.457451],[-106.815583,40.457452],[-106.815582,40.457452],[-106.815582,40.457453],[-106.815582,40.457453],[-106.815581,40.457454],[-106.815581,40.457455],[-106.81558,40.457455],[-106.81558,40.457455],[-106.815579,40.457456],[-106.815578,40.457456],[-106.815577,40.457457],[-106.815577,40.457457],[-106.815576,40.457457],[-106.815575,40.457457],[-106.815574,40.457457],[-106.815573,40.457457],[-106.815572,40.457457],[-106.815571,40.457457],[-106.81557,40.457457],[-106.81557,40.457456],[-106.815569,40.457456],[-106.815568,40.457455],[-106.815568,40.457455],[-106.815567,40.457455],[-106.815566,40.457454],[-106.815566,40.457453],[-106.815566,40.457453],[-106.815565,40.457452],[-106.815565,40.457452],[-106.815565,40.457451],[-106.815565,40.45745]]]}},{"id":"337","type":"Feature","properties":{"natural":null,"barrier":null,"highway":"crossing","amenity":null,"tourism":null,"base_elevation":114,"height":null,"material":null,"direction":null,"artwork_type":null,"name":null},"geometry":{"type":"Polygon","coordinates":[[[-106.816868,40.457247],[-106.816868,40.457246],[-106.816868,40.457246],[-106.816868,40.457245],[-106.816869,40.457244],[-106.816869,40.457244],[-106.81687,40.457243],[-106.81687,40.457243],[-106.816871,40.457242],[-106.816871,40.457242],[-106.816872,40.457241],[-106.816873,40.457241],[-106.816874,40.457241],[-106.816874,40.457241],[-106.816875,40.45724],[-106.816876,40.45724],[-106.816877,40.45724],[-106.816878,40.45724],[-106.816879,40.45724],[-106.81688,40.457241],[-106.81688,40.457241],[-106.816881,40.457241],[-106.816882,40.457241],[-106.816883,40.457242],[-106.816883,40.457242],[-106.816884,40.457243],[-106.816884,40.457243],[-106.816885,40.457244],[-106.816885,40.457244],[-106.816886,40.457245],[-106.816886,40.457246],[-106.816886,40.457246],[-106.816886,40.457247],[-106.816886,40.457248],[-106.816886,40.457248],[-106.816886,40.457249],[-106.816885,40.45725],[-106.816885,40.45725],[-106.816884,40.457251],[-106.816884,40.457251],[-106.816883,40.457252],[-106.816883,40.457252],[-106.816882,40.457253],[-106.816881,40.457253],[-106.81688,40.457253],[-106.81688,40.457254],[-106.816879,40.457254],[-106.816878,40.457254],[-106.816877,40.457254],[-106.816876,40.457254],[-106.816875,40.457254],[-106.816874,40.457254],[-106.816874,40.457253],[-106.816873,40.457253],[-106.816872,40.457253],[-106.816871,40.457252],[-106.816871,40.457252],[-106.81687,40.457251],[-106.81687,40.457251],[-106.816869,40.45725],[-106.816869,40.45725],[-106.816868,40.457249],[-106.816868,40.457248],[-106.816868,40.457248],[-106.816868,40.457247]]]}},{"id":"338","type":"Feature","properties":{"natural":null,"barrier":null,"highway":"crossing","amenity":null,"tourism":null,"base_elevation":110,"height":null,"material":null,"direction":null,"artwork_type":null,"name":null},"geometry":{"type":"Polygon","coordinates":[[[-106.818494,40.456784],[-106.818494,40.456783],[-106.818494,40.456782],[-106.818494,40.456782],[-106.818495,40.456781],[-106.818495,40.45678],[-106.818495,40.45678],[-106.818496,40.456779],[-106.818496,40.456779],[-106.818497,40.456778],[-106.818498,40.456778],[-106.818499,40.456777],[-106.818499,40.456777],[-106.8185,40.456777],[-106.818501,40.456777],[-106.818502,40.456777],[-106.818503,40.456777],[-106.818504,40.456777],[-106.818505,40.456777],[-106.818505,40.456777],[-106.818506,40.456777],[-106.818507,40.456777],[-106.818508,40.456778],[-106.818508,40.456778],[-106.818509,40.456779],[-106.81851,40.456779],[-106.81851,40.45678],[-106.818511,40.45678],[-106.818511,40.456781],[-106.818511,40.456782],[-106.818512,40.456782],[-106.818512,40.456783],[-106.818512,40.456784],[-106.818512,40.456784],[-106.818512,40.456785],[-106.818511,40.456785],[-106.818511,40.456786],[-106.818511,40.456787],[-106.81851,40.456787],[-106.81851,40.456788],[-106.818509,40.456788],[-106.818508,40.456789],[-106.818508,40.456789],[-106.818507,40.45679],[-106.818506,40.45679],[-106.818505,40.45679],[-106.818505,40.45679],[-106.818504,40.45679],[-106.818503,40.45679],[-106.818502,40.45679],[-106.818501,40.45679],[-106.8185,40.45679],[-106.818499,40.45679],[-106.818499,40.45679],[-106.818498,40.456789],[-106.818497,40.456789],[-106.818496,40.456788],[-106.818496,40.456788],[-106.818495,40.456787],[-106.818495,40.456787],[-106.818495,40.456786],[-106.818494,40.456785],[-106.818494,40.456785],[-106.818494,40.456784],[-106.818494,40.456784]]]}},{"id":"339","type":"Feature","properties":{"natural":null,"barrier":null,"highway":"crossing","amenity":null,"tourism":null,"base_elevation":112,"height":null,"material":null,"direction":null,"artwork_type":null,"name":null},"geometry":{"type":"Polygon","coordinates":[[[-106.816823,40.456401],[-106.816823,40.4564],[-106.816823,40.456399],[-106.816823,40.456399],[-106.816824,40.456398],[-106.816824,40.456397],[-106.816825,40.456397],[-106.816825,40.456396],[-106.816826,40.456396],[-106.816826,40.456395],[-106.816827,40.456395],[-106.816828,40.456395],[-106.816829,40.456394],[-106.816829,40.456394],[-106.81683,40.456394],[-106.816831,40.456394],[-106.816832,40.456394],[-106.816833,40.456394],[-106.816834,40.456394],[-106.816835,40.456394],[-106.816835,40.456394],[-106.816836,40.456395],[-106.816837,40.456395],[-106.816838,40.456395],[-106.816838,40.456396],[-106.816839,40.456396],[-106.816839,40.456397],[-106.81684,40.456397],[-106.81684,40.456398],[-106.816841,40.456399],[-106.816841,40.456399],[-106.816841,40.4564],[-106.816841,40.456401],[-106.816841,40.456401],[-106.816841,40.456402],[-106.816841,40.456403],[-106.81684,40.456403],[-106.81684,40.456404],[-106.816839,40.456404],[-106.816839,40.456405],[-106.816838,40.456405],[-106.816838,40.456406],[-106.816837,40.456406],[-106.816836,40.456407],[-106.816835,40.456407],[-106.816835,40.456407],[-106.816834,40.456407],[-106.816833,40.456407],[-106.816832,40.456407],[-106.816831,40.456407],[-106.81683,40.456407],[-106.816829,40.456407],[-106.816829,40.456407],[-106.816828,40.456407],[-106.816827,40.456406],[-106.816826,40.456406],[-106.816826,40.456405],[-106.816825,40.456405],[-106.816825,40.456404],[-106.816824,40.456404],[-106.816824,40.456403],[-106.816823,40.456403],[-106.816823,40.456402],[-106.816823,40.456401],[-106.816823,40.456401]]]}},{"id":"340","type":"Feature","properties":{"natural":null,"barrier":null,"highway":"crossing","amenity":null,"tourism":null,"base_elevation":111,"height":null,"material":null,"direction":null,"artwork_type":null,"name":null},"geometry":{"type":"Polygon","coordinates":[[[-106.816516,40.455777],[-106.816516,40.455777],[-106.816516,40.455776],[-106.816516,40.455775],[-106.816516,40.455775],[-106.816517,40.455774],[-106.816517,40.455774],[-106.816518,40.455773],[-106.816518,40.455772],[-106.816519,40.455772],[-106.81652,40.455772],[-106.81652,40.455771],[-106.816521,40.455771],[-106.816522,40.455771],[-106.816523,40.455771],[-106.816524,40.45577],[-106.816525,40.45577],[-106.816525,40.45577],[-106.816526,40.455771],[-106.816527,40.455771],[-106.816528,40.455771],[-106.816529,40.455771],[-106.81653,40.455772],[-106.81653,40.455772],[-106.816531,40.455772],[-106.816532,40.455773],[-106.816532,40.455774],[-106.816533,40.455774],[-106.816533,40.455775],[-106.816533,40.455775],[-106.816533,40.455776],[-106.816534,40.455777],[-106.816534,40.455777],[-106.816534,40.455778],[-106.816533,40.455779],[-106.816533,40.455779],[-106.816533,40.45578],[-106.816533,40.455781],[-106.816532,40.455781],[-106.816532,40.455782],[-106.816531,40.455782],[-106.81653,40.455783],[-106.81653,40.455783],[-106.816529,40.455783],[-106.816528,40.455784],[-106.816527,40.455784],[-106.816526,40.455784],[-106.816525,40.455784],[-106.816525,40.455784],[-106.816524,40.455784],[-106.816523,40.455784],[-106.816522,40.455784],[-106.816521,40.455784],[-106.81652,40.455783],[-106.81652,40.455783],[-106.816519,40.455783],[-106.816518,40.455782],[-106.816518,40.455782],[-106.816517,40.455781],[-106.816517,40.455781],[-106.816516,40.45578],[-106.816516,40.455779],[-106.816516,40.455779],[-106.816516,40.455778],[-106.816516,40.455777]]]}},{"id":"341","type":"Feature","properties":{"natural":null,"barrier":null,"highway":"crossing","amenity":null,"tourism":null,"base_elevation":113,"height":null,"material":null,"direction":null,"artwork_type":null,"name":null},"geometry":{"type":"Polygon","coordinates":[[[-106.816688,40.456417],[-106.816688,40.456417],[-106.816688,40.456416],[-106.816688,40.456415],[-106.816689,40.456415],[-106.816689,40.456414],[-106.816689,40.456414],[-106.81669,40.456413],[-106.81669,40.456412],[-106.816691,40.456412],[-106.816692,40.456412],[-106.816693,40.456411],[-106.816693,40.456411],[-106.816694,40.456411],[-106.816695,40.456411],[-106.816696,40.45641],[-106.816697,40.45641],[-106.816698,40.45641],[-106.816699,40.456411],[-106.816699,40.456411],[-106.8167,40.456411],[-106.816701,40.456411],[-106.816702,40.456412],[-106.816702,40.456412],[-106.816703,40.456412],[-106.816704,40.456413],[-106.816704,40.456414],[-106.816705,40.456414],[-106.816705,40.456415],[-106.816705,40.456415],[-106.816706,40.456416],[-106.816706,40.456417],[-106.816706,40.456417],[-106.816706,40.456418],[-106.816706,40.456419],[-106.816705,40.456419],[-106.816705,40.45642],[-106.816705,40.456421],[-106.816704,40.456421],[-106.816704,40.456422],[-106.816703,40.456422],[-106.816702,40.456423],[-106.816702,40.456423],[-106.816701,40.456423],[-106.8167,40.456424],[-106.816699,40.456424],[-106.816699,40.456424],[-106.816698,40.456424],[-106.816697,40.456424],[-106.816696,40.456424],[-106.816695,40.456424],[-106.816694,40.456424],[-106.816693,40.456424],[-106.816693,40.456423],[-106.816692,40.456423],[-106.816691,40.456423],[-106.81669,40.456422],[-106.81669,40.456422],[-106.816689,40.456421],[-106.816689,40.456421],[-106.816689,40.45642],[-106.816688,40.456419],[-106.816688,40.456419],[-106.816688,40.456418],[-106.816688,40.456417]]]}},{"id":"342","type":"Feature","properties":{"natural":null,"barrier":null,"highway":"crossing","amenity":null,"tourism":null,"base_elevation":114,"height":null,"material":null,"direction":null,"artwork_type":null,"name":null},"geometry":{"type":"Polygon","coordinates":[[[-106.816572,40.456807],[-106.816572,40.456806],[-106.816572,40.456805],[-106.816572,40.456805],[-106.816572,40.456804],[-106.816573,40.456803],[-106.816573,40.456803],[-106.816574,40.456802],[-106.816574,40.456802],[-106.816575,40.456801],[-106.816576,40.456801],[-106.816576,40.456801],[-106.816577,40.4568],[-106.816578,40.4568],[-106.816579,40.4568],[-106.81658,40.4568],[-106.816581,40.4568],[-106.816581,40.4568],[-106.816582,40.4568],[-106.816583,40.4568],[-106.816584,40.4568],[-106.816585,40.456801],[-106.816585,40.456801],[-106.816586,40.456801],[-106.816587,40.456802],[-106.816587,40.456802],[-106.816588,40.456803],[-106.816588,40.456803],[-106.816589,40.456804],[-106.816589,40.456805],[-106.816589,40.456805],[-106.816589,40.456806],[-106.816589,40.456807],[-106.816589,40.456807],[-106.816589,40.456808],[-106.816589,40.456809],[-106.816589,40.456809],[-106.816588,40.45681],[-106.816588,40.45681],[-106.816587,40.456811],[-106.816587,40.456811],[-106.816586,40.456812],[-106.816585,40.456812],[-106.816585,40.456813],[-106.816584,40.456813],[-106.816583,40.456813],[-106.816582,40.456813],[-106.816581,40.456813],[-106.816581,40.456813],[-106.81658,40.456813],[-106.816579,40.456813],[-106.816578,40.456813],[-106.816577,40.456813],[-106.816576,40.456813],[-106.816576,40.456812],[-106.816575,40.456812],[-106.816574,40.456811],[-106.816574,40.456811],[-106.816573,40.45681],[-106.816573,40.45681],[-106.816572,40.456809],[-106.816572,40.456809],[-106.816572,40.456808],[-106.816572,40.456807],[-106.816572,40.456807]]]}},{"id":"343","type":"Feature","properties":{"natural":null,"barrier":null,"highway":"crossing","amenity":null,"tourism":null,"base_elevation":112,"height":null,"material":null,"direction":null,"artwork_type":null,"name":null},"geometry":{"type":"Polygon","coordinates":[[[-106.817359,40.456959],[-106.817359,40.456959],[-106.817359,40.456958],[-106.817359,40.456957],[-106.81736,40.456957],[-106.81736,40.456956],[-106.81736,40.456956],[-106.817361,40.456955],[-106.817361,40.456955],[-106.817362,40.456954],[-106.817363,40.456954],[-106.817364,40.456953],[-106.817364,40.456953],[-106.817365,40.456953],[-106.817366,40.456953],[-106.817367,40.456953],[-106.817368,40.456953],[-106.817369,40.456953],[-106.81737,40.456953],[-106.81737,40.456953],[-106.817371,40.456953],[-106.817372,40.456953],[-106.817373,40.456954],[-106.817373,40.456954],[-106.817374,40.456955],[-106.817375,40.456955],[-106.817375,40.456956],[-106.817376,40.456956],[-106.817376,40.456957],[-106.817376,40.456957],[-106.817377,40.456958],[-106.817377,40.456959],[-106.817377,40.456959],[-106.817377,40.45696],[-106.817377,40.456961],[-106.817376,40.456961],[-106.817376,40.456962],[-106.817376,40.456963],[-106.817375,40.456963],[-106.817375,40.456964],[-106.817374,40.456964],[-106.817373,40.456965],[-106.817373,40.456965],[-106.817372,40.456965],[-106.817371,40.456966],[-106.81737,40.456966],[-106.81737,40.456966],[-106.817369,40.456966],[-106.817368,40.456966],[-106.817367,40.456966],[-106.817366,40.456966],[-106.817365,40.456966],[-106.817364,40.456966],[-106.817364,40.456965],[-106.817363,40.456965],[-106.817362,40.456965],[-106.817361,40.456964],[-106.817361,40.456964],[-106.81736,40.456963],[-106.81736,40.456963],[-106.81736,40.456962],[-106.817359,40.456961],[-106.817359,40.456961],[-106.817359,40.45696],[-106.817359,40.456959]]]}},{"id":"344","type":"Feature","properties":{"natural":null,"barrier":null,"highway":"crossing","amenity":null,"tourism":null,"base_elevation":114,"height":null,"material":null,"direction":null,"artwork_type":null,"name":null},"geometry":{"type":"Polygon","coordinates":[[[-106.816662,40.457067],[-106.816662,40.457066],[-106.816662,40.457065],[-106.816662,40.457065],[-106.816662,40.457064],[-106.816663,40.457063],[-106.816663,40.457063],[-106.816664,40.457062],[-106.816664,40.457062],[-106.816665,40.457061],[-106.816666,40.457061],[-106.816666,40.457061],[-106.816667,40.45706],[-106.816668,40.45706],[-106.816669,40.45706],[-106.81667,40.45706],[-106.816671,40.45706],[-106.816672,40.45706],[-106.816672,40.45706],[-106.816673,40.45706],[-106.816674,40.45706],[-106.816675,40.457061],[-106.816676,40.457061],[-106.816676,40.457061],[-106.816677,40.457062],[-106.816678,40.457062],[-106.816678,40.457063],[-106.816679,40.457063],[-106.816679,40.457064],[-106.816679,40.457065],[-106.81668,40.457065],[-106.81668,40.457066],[-106.81668,40.457067],[-106.81668,40.457067],[-106.81668,40.457068],[-106.816679,40.457069],[-106.816679,40.457069],[-106.816679,40.45707],[-106.816678,40.45707],[-106.816678,40.457071],[-106.816677,40.457071],[-106.816676,40.457072],[-106.816676,40.457072],[-106.816675,40.457073],[-106.816674,40.457073],[-106.816673,40.457073],[-106.816672,40.457073],[-106.816672,40.457073],[-106.816671,40.457073],[-106.81667,40.457073],[-106.816669,40.457073],[-106.816668,40.457073],[-106.816667,40.457073],[-106.816666,40.457073],[-106.816666,40.457072],[-106.816665,40.457072],[-106.816664,40.457071],[-106.816664,40.457071],[-106.816663,40.45707],[-106.816663,40.45707],[-106.816662,40.457069],[-106.816662,40.457069],[-106.816662,40.457068],[-106.816662,40.457067],[-106.816662,40.457067]]]}},{"id":"345","type":"Feature","properties":{"natural":null,"barrier":null,"highway":"crossing","amenity":null,"tourism":null,"base_elevation":104,"height":null,"material":null,"direction":null,"artwork_type":null,"name":null},"geometry":{"type":"Polygon","coordinates":[[[-106.815583,40.450896],[-106.815583,40.450896],[-106.815583,40.450895],[-106.815583,40.450895],[-106.815583,40.450894],[-106.815584,40.450893],[-106.815584,40.450893],[-106.815585,40.450892],[-106.815585,40.450892],[-106.815586,40.450891],[-106.815587,40.450891],[-106.815587,40.45089],[-106.815588,40.45089],[-106.815589,40.45089],[-106.81559,40.45089],[-106.815591,40.45089],[-106.815591,40.45089],[-106.815592,40.45089],[-106.815593,40.45089],[-106.815594,40.45089],[-106.815595,40.45089],[-106.815596,40.45089],[-106.815596,40.450891],[-106.815597,40.450891],[-106.815598,40.450892],[-106.815598,40.450892],[-106.815599,40.450893],[-106.815599,40.450893],[-106.8156,40.450894],[-106.8156,40.450895],[-106.8156,40.450895],[-106.8156,40.450896],[-106.8156,40.450896],[-106.8156,40.450897],[-106.8156,40.450898],[-106.8156,40.450898],[-106.8156,40.450899],[-106.815599,40.4509],[-106.815599,40.4509],[-106.815598,40.450901],[-106.815598,40.450901],[-106.815597,40.450902],[-106.815596,40.450902],[-106.815596,40.450903],[-106.815595,40.450903],[-106.815594,40.450903],[-106.815593,40.450903],[-106.815592,40.450903],[-106.815591,40.450903],[-106.815591,40.450903],[-106.81559,40.450903],[-106.815589,40.450903],[-106.815588,40.450903],[-106.815587,40.450903],[-106.815587,40.450902],[-106.815586,40.450902],[-106.815585,40.450901],[-106.815585,40.450901],[-106.815584,40.4509],[-106.815584,40.4509],[-106.815583,40.450899],[-106.815583,40.450898],[-106.815583,40.450898],[-106.815583,40.450897],[-106.815583,40.450896]]]}},{"id":"346","type":"Feature","properties":{"natural":null,"barrier":null,"highway":"crossing","amenity":null,"tourism":null,"base_elevation":170,"height":null,"material":null,"direction":null,"artwork_type":null,"name":null},"geometry":{"type":"Polygon","coordinates":[[[-106.806425,40.457732],[-106.806425,40.457731],[-106.806425,40.45773],[-106.806425,40.45773],[-106.806426,40.457729],[-106.806426,40.457728],[-106.806427,40.457728],[-106.806427,40.457727],[-106.806428,40.457727],[-106.806428,40.457726],[-106.806429,40.457726],[-106.80643,40.457726],[-106.806431,40.457725],[-106.806431,40.457725],[-106.806432,40.457725],[-106.806433,40.457725],[-106.806434,40.457725],[-106.806435,40.457725],[-106.806436,40.457725],[-106.806437,40.457725],[-106.806437,40.457725],[-106.806438,40.457726],[-106.806439,40.457726],[-106.80644,40.457726],[-106.80644,40.457727],[-106.806441,40.457727],[-106.806441,40.457728],[-106.806442,40.457728],[-106.806442,40.457729],[-106.806443,40.45773],[-106.806443,40.45773],[-106.806443,40.457731],[-106.806443,40.457732],[-106.806443,40.457732],[-106.806443,40.457733],[-106.806443,40.457734],[-106.806442,40.457734],[-106.806442,40.457735],[-106.806441,40.457735],[-106.806441,40.457736],[-106.80644,40.457736],[-106.80644,40.457737],[-106.806439,40.457737],[-106.806438,40.457738],[-106.806437,40.457738],[-106.806437,40.457738],[-106.806436,40.457738],[-106.806435,40.457738],[-106.806434,40.457738],[-106.806433,40.457738],[-106.806432,40.457738],[-106.806431,40.457738],[-106.806431,40.457738],[-106.80643,40.457738],[-106.806429,40.457737],[-106.806428,40.457737],[-106.806428,40.457736],[-106.806427,40.457736],[-106.806427,40.457735],[-106.806426,40.457735],[-106.806426,40.457734],[-106.806425,40.457734],[-106.806425,40.457733],[-106.806425,40.457732],[-106.806425,40.457732]]]}},{"id":"347","type":"Feature","properties":{"natural":null,"barrier":null,"highway":"crossing","amenity":null,"tourism":null,"base_elevation":170,"height":null,"material":null,"direction":null,"artwork_type":null,"name":null},"geometry":{"type":"Polygon","coordinates":[[[-106.806351,40.457731],[-106.806351,40.457731],[-106.806351,40.45773],[-106.806351,40.457729],[-106.806351,40.457729],[-106.806352,40.457728],[-106.806352,40.457727],[-106.806353,40.457727],[-106.806353,40.457726],[-106.806354,40.457726],[-106.806355,40.457726],[-106.806355,40.457725],[-106.806356,40.457725],[-106.806357,40.457725],[-106.806358,40.457724],[-106.806359,40.457724],[-106.80636,40.457724],[-106.80636,40.457724],[-106.806361,40.457724],[-106.806362,40.457725],[-106.806363,40.457725],[-106.806364,40.457725],[-106.806365,40.457726],[-106.806365,40.457726],[-106.806366,40.457726],[-106.806367,40.457727],[-106.806367,40.457727],[-106.806368,40.457728],[-106.806368,40.457729],[-106.806368,40.457729],[-106.806368,40.45773],[-106.806369,40.457731],[-106.806369,40.457731],[-106.806369,40.457732],[-106.806368,40.457733],[-106.806368,40.457733],[-106.806368,40.457734],[-106.806368,40.457734],[-106.806367,40.457735],[-106.806367,40.457736],[-106.806366,40.457736],[-106.806365,40.457736],[-106.806365,40.457737],[-106.806364,40.457737],[-106.806363,40.457738],[-106.806362,40.457738],[-106.806361,40.457738],[-106.80636,40.457738],[-106.80636,40.457738],[-106.806359,40.457738],[-106.806358,40.457738],[-106.806357,40.457738],[-106.806356,40.457738],[-106.806355,40.457737],[-106.806355,40.457737],[-106.806354,40.457736],[-106.806353,40.457736],[-106.806353,40.457736],[-106.806352,40.457735],[-106.806352,40.457734],[-106.806351,40.457734],[-106.806351,40.457733],[-106.806351,40.457733],[-106.806351,40.457732],[-106.806351,40.457731]]]}},{"id":"348","type":"Feature","properties":{"natural":null,"barrier":null,"highway":"crossing","amenity":null,"tourism":null,"base_elevation":157,"height":null,"material":null,"direction":null,"artwork_type":null,"name":null},"geometry":{"type":"Polygon","coordinates":[[[-106.806427,40.456704],[-106.806427,40.456704],[-106.806427,40.456703],[-106.806428,40.456702],[-106.806428,40.456702],[-106.806428,40.456701],[-106.806429,40.456701],[-106.806429,40.4567],[-106.80643,40.4567],[-106.806431,40.456699],[-106.806431,40.456699],[-106.806432,40.456698],[-106.806433,40.456698],[-106.806434,40.456698],[-106.806434,40.456698],[-106.806435,40.456698],[-106.806436,40.456698],[-106.806437,40.456698],[-106.806438,40.456698],[-106.806439,40.456698],[-106.80644,40.456698],[-106.80644,40.456698],[-106.806441,40.456699],[-106.806442,40.456699],[-106.806443,40.4567],[-106.806443,40.4567],[-106.806444,40.456701],[-106.806444,40.456701],[-106.806444,40.456702],[-106.806445,40.456702],[-106.806445,40.456703],[-106.806445,40.456704],[-106.806445,40.456704],[-106.806445,40.456705],[-106.806445,40.456706],[-106.806445,40.456706],[-106.806444,40.456707],[-106.806444,40.456708],[-106.806444,40.456708],[-106.806443,40.456709],[-106.806443,40.456709],[-106.806442,40.45671],[-106.806441,40.45671],[-106.80644,40.45671],[-106.80644,40.456711],[-106.806439,40.456711],[-106.806438,40.456711],[-106.806437,40.456711],[-106.806436,40.456711],[-106.806435,40.456711],[-106.806434,40.456711],[-106.806434,40.456711],[-106.806433,40.456711],[-106.806432,40.45671],[-106.806431,40.45671],[-106.806431,40.45671],[-106.80643,40.456709],[-106.806429,40.456709],[-106.806429,40.456708],[-106.806428,40.456708],[-106.806428,40.456707],[-106.806428,40.456706],[-106.806427,40.456706],[-106.806427,40.456705],[-106.806427,40.456704]]]}},{"id":"349","type":"Feature","properties":{"natural":null,"barrier":null,"highway":"crossing","amenity":null,"tourism":null,"base_elevation":111,"height":null,"material":null,"direction":null,"artwork_type":null,"name":null},"geometry":{"type":"Polygon","coordinates":[[[-106.821181,40.461685],[-106.821181,40.461685],[-106.821181,40.461684],[-106.821181,40.461683],[-106.821181,40.461683],[-106.821182,40.461682],[-106.821182,40.461681],[-106.821183,40.461681],[-106.821183,40.46168],[-106.821184,40.46168],[-106.821185,40.46168],[-106.821185,40.461679],[-106.821186,40.461679],[-106.821187,40.461679],[-106.821188,40.461678],[-106.821189,40.461678],[-106.82119,40.461678],[-106.82119,40.461678],[-106.821191,40.461678],[-106.821192,40.461679],[-106.821193,40.461679],[-106.821194,40.461679],[-106.821194,40.46168],[-106.821195,40.46168],[-106.821196,40.46168],[-106.821196,40.461681],[-106.821197,40.461681],[-106.821197,40.461682],[-106.821198,40.461683],[-106.821198,40.461683],[-106.821198,40.461684],[-106.821198,40.461685],[-106.821198,40.461685],[-106.821198,40.461686],[-106.821198,40.461687],[-106.821198,40.461687],[-106.821198,40.461688],[-106.821197,40.461688],[-106.821197,40.461689],[-106.821196,40.46169],[-106.821196,40.46169],[-106.821195,40.46169],[-106.821194,40.461691],[-106.821194,40.461691],[-106.821193,40.461692],[-106.821192,40.461692],[-106.821191,40.461692],[-106.82119,40.461692],[-106.82119,40.461692],[-106.821189,40.461692],[-106.821188,40.461692],[-106.821187,40.461692],[-106.821186,40.461692],[-106.821185,40.461691],[-106.821185,40.461691],[-106.821184,40.46169],[-106.821183,40.46169],[-106.821183,40.46169],[-106.821182,40.461689],[-106.821182,40.461688],[-106.821181,40.461688],[-106.821181,40.461687],[-106.821181,40.461687],[-106.821181,40.461686],[-106.821181,40.461685]]]}},{"id":"350","type":"Feature","properties":{"natural":null,"barrier":null,"highway":"crossing","amenity":null,"tourism":null,"base_elevation":113,"height":null,"material":null,"direction":null,"artwork_type":null,"name":null},"geometry":{"type":"Polygon","coordinates":[[[-106.820891,40.46205],[-106.820891,40.462049],[-106.820891,40.462049],[-106.820891,40.462048],[-106.820892,40.462047],[-106.820892,40.462047],[-106.820893,40.462046],[-106.820893,40.462046],[-106.820894,40.462045],[-106.820894,40.462045],[-106.820895,40.462044],[-106.820896,40.462044],[-106.820897,40.462044],[-106.820897,40.462043],[-106.820898,40.462043],[-106.820899,40.462043],[-106.8209,40.462043],[-106.820901,40.462043],[-106.820902,40.462043],[-106.820903,40.462043],[-106.820903,40.462044],[-106.820904,40.462044],[-106.820905,40.462044],[-106.820906,40.462045],[-106.820906,40.462045],[-106.820907,40.462046],[-106.820907,40.462046],[-106.820908,40.462047],[-106.820908,40.462047],[-106.820909,40.462048],[-106.820909,40.462049],[-106.820909,40.462049],[-106.820909,40.46205],[-106.820909,40.462051],[-106.820909,40.462051],[-106.820909,40.462052],[-106.820908,40.462053],[-106.820908,40.462053],[-106.820907,40.462054],[-106.820907,40.462054],[-106.820906,40.462055],[-106.820906,40.462055],[-106.820905,40.462056],[-106.820904,40.462056],[-106.820903,40.462056],[-106.820903,40.462056],[-106.820902,40.462057],[-106.820901,40.462057],[-106.8209,40.462057],[-106.820899,40.462057],[-106.820898,40.462057],[-106.820897,40.462056],[-106.820897,40.462056],[-106.820896,40.462056],[-106.820895,40.462056],[-106.820894,40.462055],[-106.820894,40.462055],[-106.820893,40.462054],[-106.820893,40.462054],[-106.820892,40.462053],[-106.820892,40.462053],[-106.820891,40.462052],[-106.820891,40.462051],[-106.820891,40.462051],[-106.820891,40.46205]]]}},{"id":"351","type":"Feature","properties":{"natural":null,"barrier":null,"highway":"crossing","amenity":null,"tourism":null,"base_elevation":113,"height":null,"material":null,"direction":null,"artwork_type":null,"name":null},"geometry":{"type":"Polygon","coordinates":[[[-106.820963,40.461788],[-106.820963,40.461787],[-106.820963,40.461787],[-106.820963,40.461786],[-106.820963,40.461785],[-106.820964,40.461785],[-106.820964,40.461784],[-106.820965,40.461784],[-106.820965,40.461783],[-106.820966,40.461783],[-106.820967,40.461782],[-106.820967,40.461782],[-106.820968,40.461782],[-106.820969,40.461781],[-106.82097,40.461781],[-106.820971,40.461781],[-106.820971,40.461781],[-106.820972,40.461781],[-106.820973,40.461781],[-106.820974,40.461781],[-106.820975,40.461782],[-106.820976,40.461782],[-106.820976,40.461782],[-106.820977,40.461783],[-106.820978,40.461783],[-106.820978,40.461784],[-106.820979,40.461784],[-106.820979,40.461785],[-106.82098,40.461785],[-106.82098,40.461786],[-106.82098,40.461787],[-106.82098,40.461787],[-106.82098,40.461788],[-106.82098,40.461789],[-106.82098,40.461789],[-106.82098,40.46179],[-106.82098,40.461791],[-106.820979,40.461791],[-106.820979,40.461792],[-106.820978,40.461792],[-106.820978,40.461793],[-106.820977,40.461793],[-106.820976,40.461794],[-106.820976,40.461794],[-106.820975,40.461794],[-106.820974,40.461795],[-106.820973,40.461795],[-106.820972,40.461795],[-106.820971,40.461795],[-106.820971,40.461795],[-106.82097,40.461795],[-106.820969,40.461795],[-106.820968,40.461794],[-106.820967,40.461794],[-106.820967,40.461794],[-106.820966,40.461793],[-106.820965,40.461793],[-106.820965,40.461792],[-106.820964,40.461792],[-106.820964,40.461791],[-106.820963,40.461791],[-106.820963,40.46179],[-106.820963,40.461789],[-106.820963,40.461789],[-106.820963,40.461788]]]}},{"id":"352","type":"Feature","properties":{"natural":null,"barrier":null,"highway":"crossing","amenity":null,"tourism":null,"base_elevation":113,"height":null,"material":null,"direction":null,"artwork_type":null,"name":null},"geometry":{"type":"Polygon","coordinates":[[[-106.820716,40.462333],[-106.820716,40.462332],[-106.820716,40.462332],[-106.820716,40.462331],[-106.820717,40.46233],[-106.820717,40.46233],[-106.820717,40.462329],[-106.820718,40.462329],[-106.820718,40.462328],[-106.820719,40.462328],[-106.82072,40.462327],[-106.820721,40.462327],[-106.820721,40.462327],[-106.820722,40.462327],[-106.820723,40.462326],[-106.820724,40.462326],[-106.820725,40.462326],[-106.820726,40.462326],[-106.820727,40.462326],[-106.820727,40.462327],[-106.820728,40.462327],[-106.820729,40.462327],[-106.82073,40.462327],[-106.82073,40.462328],[-106.820731,40.462328],[-106.820732,40.462329],[-106.820732,40.462329],[-106.820733,40.46233],[-106.820733,40.46233],[-106.820733,40.462331],[-106.820734,40.462332],[-106.820734,40.462332],[-106.820734,40.462333],[-106.820734,40.462334],[-106.820734,40.462334],[-106.820733,40.462335],[-106.820733,40.462336],[-106.820733,40.462336],[-106.820732,40.462337],[-106.820732,40.462337],[-106.820731,40.462338],[-106.82073,40.462338],[-106.82073,40.462339],[-106.820729,40.462339],[-106.820728,40.462339],[-106.820727,40.46234],[-106.820727,40.46234],[-106.820726,40.46234],[-106.820725,40.46234],[-106.820724,40.46234],[-106.820723,40.46234],[-106.820722,40.46234],[-106.820721,40.462339],[-106.820721,40.462339],[-106.82072,40.462339],[-106.820719,40.462338],[-106.820718,40.462338],[-106.820718,40.462337],[-106.820717,40.462337],[-106.820717,40.462336],[-106.820717,40.462336],[-106.820716,40.462335],[-106.820716,40.462334],[-106.820716,40.462334],[-106.820716,40.462333]]]}},{"id":"353","type":"Feature","properties":{"natural":null,"barrier":null,"highway":"crossing","amenity":null,"tourism":null,"base_elevation":111,"height":null,"material":null,"direction":null,"artwork_type":null,"name":null},"geometry":{"type":"Polygon","coordinates":[[[-106.821435,40.462001],[-106.821435,40.462],[-106.821435,40.461999],[-106.821435,40.461999],[-106.821435,40.461998],[-106.821436,40.461998],[-106.821436,40.461997],[-106.821437,40.461996],[-106.821437,40.461996],[-106.821438,40.461996],[-106.821439,40.461995],[-106.821439,40.461995],[-106.82144,40.461994],[-106.821441,40.461994],[-106.821442,40.461994],[-106.821443,40.461994],[-106.821444,40.461994],[-106.821444,40.461994],[-106.821445,40.461994],[-106.821446,40.461994],[-106.821447,40.461994],[-106.821448,40.461995],[-106.821449,40.461995],[-106.821449,40.461996],[-106.82145,40.461996],[-106.821451,40.461996],[-106.821451,40.461997],[-106.821452,40.461998],[-106.821452,40.461998],[-106.821452,40.461999],[-106.821452,40.461999],[-106.821453,40.462],[-106.821453,40.462001],[-106.821453,40.462001],[-106.821452,40.462002],[-106.821452,40.462003],[-106.821452,40.462003],[-106.821452,40.462004],[-106.821451,40.462005],[-106.821451,40.462005],[-106.82145,40.462006],[-106.821449,40.462006],[-106.821449,40.462006],[-106.821448,40.462007],[-106.821447,40.462007],[-106.821446,40.462007],[-106.821445,40.462008],[-106.821444,40.462008],[-106.821444,40.462008],[-106.821443,40.462008],[-106.821442,40.462008],[-106.821441,40.462007],[-106.82144,40.462007],[-106.821439,40.462007],[-106.821439,40.462006],[-106.821438,40.462006],[-106.821437,40.462006],[-106.821437,40.462005],[-106.821436,40.462005],[-106.821436,40.462004],[-106.821435,40.462003],[-106.821435,40.462003],[-106.821435,40.462002],[-106.821435,40.462001],[-106.821435,40.462001]]]}},{"id":"354","type":"Feature","properties":{"natural":null,"barrier":null,"highway":"crossing","amenity":null,"tourism":null,"base_elevation":112,"height":null,"material":null,"direction":null,"artwork_type":null,"name":null},"geometry":{"type":"Polygon","coordinates":[[[-106.821403,40.462053],[-106.821403,40.462052],[-106.821403,40.462052],[-106.821403,40.462051],[-106.821403,40.46205],[-106.821404,40.46205],[-106.821404,40.462049],[-106.821405,40.462049],[-106.821405,40.462048],[-106.821406,40.462048],[-106.821407,40.462047],[-106.821407,40.462047],[-106.821408,40.462047],[-106.821409,40.462047],[-106.82141,40.462046],[-106.821411,40.462046],[-106.821412,40.462046],[-106.821412,40.462046],[-106.821413,40.462046],[-106.821414,40.462047],[-106.821415,40.462047],[-106.821416,40.462047],[-106.821417,40.462047],[-106.821417,40.462048],[-106.821418,40.462048],[-106.821419,40.462049],[-106.821419,40.462049],[-106.82142,40.46205],[-106.82142,40.46205],[-106.82142,40.462051],[-106.82142,40.462052],[-106.821421,40.462052],[-106.821421,40.462053],[-106.821421,40.462054],[-106.82142,40.462054],[-106.82142,40.462055],[-106.82142,40.462056],[-106.82142,40.462056],[-106.821419,40.462057],[-106.821419,40.462057],[-106.821418,40.462058],[-106.821417,40.462058],[-106.821417,40.462059],[-106.821416,40.462059],[-106.821415,40.462059],[-106.821414,40.46206],[-106.821413,40.46206],[-106.821412,40.46206],[-106.821412,40.46206],[-106.821411,40.46206],[-106.82141,40.46206],[-106.821409,40.46206],[-106.821408,40.462059],[-106.821407,40.462059],[-106.821407,40.462059],[-106.821406,40.462058],[-106.821405,40.462058],[-106.821405,40.462057],[-106.821404,40.462057],[-106.821404,40.462056],[-106.821403,40.462056],[-106.821403,40.462055],[-106.821403,40.462054],[-106.821403,40.462054],[-106.821403,40.462053]]]}},{"id":"355","type":"Feature","properties":{"natural":null,"barrier":"kerb","highway":null,"amenity":null,"tourism":null,"base_elevation":111,"height":null,"material":null,"direction":null,"artwork_type":null,"name":null},"geometry":{"type":"Polygon","coordinates":[[[-106.821394,40.461735],[-106.821394,40.461735],[-106.821394,40.461734],[-106.821395,40.461733],[-106.821395,40.461733],[-106.821395,40.461732],[-106.821396,40.461732],[-106.821396,40.461731],[-106.821397,40.461731],[-106.821398,40.46173],[-106.821398,40.46173],[-106.821399,40.461729],[-106.8214,40.461729],[-106.821401,40.461729],[-106.821401,40.461729],[-106.821402,40.461729],[-106.821403,40.461729],[-106.821404,40.461729],[-106.821405,40.461729],[-106.821406,40.461729],[-106.821407,40.461729],[-106.821407,40.461729],[-106.821408,40.46173],[-106.821409,40.46173],[-106.82141,40.461731],[-106.82141,40.461731],[-106.821411,40.461732],[-106.821411,40.461732],[-106.821411,40.461733],[-106.821412,40.461733],[-106.821412,40.461734],[-106.821412,40.461735],[-106.821412,40.461735],[-106.821412,40.461736],[-106.821412,40.461737],[-106.821412,40.461737],[-106.821411,40.461738],[-106.821411,40.461739],[-106.821411,40.461739],[-106.82141,40.46174],[-106.82141,40.46174],[-106.821409,40.461741],[-106.821408,40.461741],[-106.821407,40.461741],[-106.821407,40.461742],[-106.821406,40.461742],[-106.821405,40.461742],[-106.821404,40.461742],[-106.821403,40.461742],[-106.821402,40.461742],[-106.821401,40.461742],[-106.821401,40.461742],[-106.8214,40.461742],[-106.821399,40.461741],[-106.821398,40.461741],[-106.821398,40.461741],[-106.821397,40.46174],[-106.821396,40.46174],[-106.821396,40.461739],[-106.821395,40.461739],[-106.821395,40.461738],[-106.821395,40.461737],[-106.821394,40.461737],[-106.821394,40.461736],[-106.821394,40.461735]]]}},{"id":"356","type":"Feature","properties":{"natural":null,"barrier":null,"highway":"crossing","amenity":null,"tourism":null,"base_elevation":109,"height":null,"material":null,"direction":null,"artwork_type":null,"name":null},"geometry":{"type":"Polygon","coordinates":[[[-106.821477,40.461326],[-106.821477,40.461325],[-106.821477,40.461325],[-106.821477,40.461324],[-106.821477,40.461323],[-106.821478,40.461323],[-106.821478,40.461322],[-106.821479,40.461322],[-106.821479,40.461321],[-106.82148,40.461321],[-106.821481,40.46132],[-106.821481,40.46132],[-106.821482,40.46132],[-106.821483,40.461319],[-106.821484,40.461319],[-106.821485,40.461319],[-106.821486,40.461319],[-106.821487,40.461319],[-106.821487,40.461319],[-106.821488,40.461319],[-106.821489,40.46132],[-106.82149,40.46132],[-106.821491,40.46132],[-106.821491,40.461321],[-106.821492,40.461321],[-106.821493,40.461322],[-106.821493,40.461322],[-106.821494,40.461323],[-106.821494,40.461323],[-106.821494,40.461324],[-106.821495,40.461325],[-106.821495,40.461325],[-106.821495,40.461326],[-106.821495,40.461327],[-106.821495,40.461327],[-106.821494,40.461328],[-106.821494,40.461329],[-106.821494,40.461329],[-106.821493,40.46133],[-106.821493,40.46133],[-106.821492,40.461331],[-106.821491,40.461331],[-106.821491,40.461332],[-106.82149,40.461332],[-106.821489,40.461332],[-106.821488,40.461333],[-106.821487,40.461333],[-106.821487,40.461333],[-106.821486,40.461333],[-106.821485,40.461333],[-106.821484,40.461333],[-106.821483,40.461333],[-106.821482,40.461332],[-106.821481,40.461332],[-106.821481,40.461332],[-106.82148,40.461331],[-106.821479,40.461331],[-106.821479,40.46133],[-106.821478,40.46133],[-106.821478,40.461329],[-106.821477,40.461329],[-106.821477,40.461328],[-106.821477,40.461327],[-106.821477,40.461327],[-106.821477,40.461326]]]}},{"id":"357","type":"Feature","properties":{"natural":null,"barrier":null,"highway":"crossing","amenity":null,"tourism":null,"base_elevation":111,"height":null,"material":null,"direction":null,"artwork_type":null,"name":null},"geometry":{"type":"Polygon","coordinates":[[[-106.820913,40.460673],[-106.820913,40.460672],[-106.820913,40.460672],[-106.820914,40.460671],[-106.820914,40.46067],[-106.820914,40.46067],[-106.820915,40.460669],[-106.820915,40.460669],[-106.820916,40.460668],[-106.820916,40.460668],[-106.820917,40.460667],[-106.820918,40.460667],[-106.820919,40.460667],[-106.820919,40.460666],[-106.82092,40.460666],[-106.820921,40.460666],[-106.820922,40.460666],[-106.820923,40.460666],[-106.820924,40.460666],[-106.820925,40.460666],[-106.820926,40.460667],[-106.820926,40.460667],[-106.820927,40.460667],[-106.820928,40.460668],[-106.820928,40.460668],[-106.820929,40.460669],[-106.82093,40.460669],[-106.82093,40.46067],[-106.82093,40.46067],[-106.820931,40.460671],[-106.820931,40.460672],[-106.820931,40.460672],[-106.820931,40.460673],[-106.820931,40.460674],[-106.820931,40.460674],[-106.820931,40.460675],[-106.82093,40.460676],[-106.82093,40.460676],[-106.82093,40.460677],[-106.820929,40.460677],[-106.820928,40.460678],[-106.820928,40.460678],[-106.820927,40.460679],[-106.820926,40.460679],[-106.820926,40.460679],[-106.820925,40.460679],[-106.820924,40.46068],[-106.820923,40.46068],[-106.820922,40.46068],[-106.820921,40.46068],[-106.82092,40.46068],[-106.820919,40.460679],[-106.820919,40.460679],[-106.820918,40.460679],[-106.820917,40.460679],[-106.820916,40.460678],[-106.820916,40.460678],[-106.820915,40.460677],[-106.820915,40.460677],[-106.820914,40.460676],[-106.820914,40.460676],[-106.820914,40.460675],[-106.820913,40.460674],[-106.820913,40.460674],[-106.820913,40.460673]]]}},{"id":"358","type":"Feature","properties":{"natural":null,"barrier":null,"highway":"crossing","amenity":null,"tourism":null,"base_elevation":112,"height":null,"material":null,"direction":null,"artwork_type":null,"name":null},"geometry":{"type":"Polygon","coordinates":[[[-106.820249,40.460354],[-106.820249,40.460353],[-106.820249,40.460353],[-106.820249,40.460352],[-106.820249,40.460351],[-106.82025,40.460351],[-106.82025,40.46035],[-106.820251,40.46035],[-106.820251,40.460349],[-106.820252,40.460349],[-106.820253,40.460348],[-106.820253,40.460348],[-106.820254,40.460348],[-106.820255,40.460347],[-106.820256,40.460347],[-106.820257,40.460347],[-106.820258,40.460347],[-106.820258,40.460347],[-106.820259,40.460347],[-106.82026,40.460347],[-106.820261,40.460348],[-106.820262,40.460348],[-106.820263,40.460348],[-106.820263,40.460349],[-106.820264,40.460349],[-106.820265,40.46035],[-106.820265,40.46035],[-106.820266,40.460351],[-106.820266,40.460351],[-106.820266,40.460352],[-106.820266,40.460353],[-106.820267,40.460353],[-106.820267,40.460354],[-106.820267,40.460355],[-106.820266,40.460355],[-106.820266,40.460356],[-106.820266,40.460357],[-106.820266,40.460357],[-106.820265,40.460358],[-106.820265,40.460358],[-106.820264,40.460359],[-106.820263,40.460359],[-106.820263,40.46036],[-106.820262,40.46036],[-106.820261,40.46036],[-106.82026,40.46036],[-106.820259,40.460361],[-106.820258,40.460361],[-106.820258,40.460361],[-106.820257,40.460361],[-106.820256,40.460361],[-106.820255,40.46036],[-106.820254,40.46036],[-106.820253,40.46036],[-106.820253,40.46036],[-106.820252,40.460359],[-106.820251,40.460359],[-106.820251,40.460358],[-106.82025,40.460358],[-106.82025,40.460357],[-106.820249,40.460357],[-106.820249,40.460356],[-106.820249,40.460355],[-106.820249,40.460355],[-106.820249,40.460354]]]}},{"id":"359","type":"Feature","properties":{"natural":null,"barrier":null,"highway":"crossing","amenity":null,"tourism":null,"base_elevation":114,"height":null,"material":null,"direction":null,"artwork_type":null,"name":null},"geometry":{"type":"Polygon","coordinates":[[[-106.820845,40.463826],[-106.820845,40.463825],[-106.820845,40.463824],[-106.820845,40.463824],[-106.820845,40.463823],[-106.820846,40.463823],[-106.820846,40.463822],[-106.820847,40.463821],[-106.820847,40.463821],[-106.820848,40.463821],[-106.820849,40.46382],[-106.820849,40.46382],[-106.82085,40.463819],[-106.820851,40.463819],[-106.820852,40.463819],[-106.820853,40.463819],[-106.820854,40.463819],[-106.820855,40.463819],[-106.820855,40.463819],[-106.820856,40.463819],[-106.820857,40.463819],[-106.820858,40.46382],[-106.820859,40.46382],[-106.820859,40.463821],[-106.82086,40.463821],[-106.820861,40.463821],[-106.820861,40.463822],[-106.820862,40.463823],[-106.820862,40.463823],[-106.820862,40.463824],[-106.820863,40.463824],[-106.820863,40.463825],[-106.820863,40.463826],[-106.820863,40.463826],[-106.820863,40.463827],[-106.820862,40.463828],[-106.820862,40.463828],[-106.820862,40.463829],[-106.820861,40.46383],[-106.820861,40.46383],[-106.82086,40.463831],[-106.820859,40.463831],[-106.820859,40.463831],[-106.820858,40.463832],[-106.820857,40.463832],[-106.820856,40.463832],[-106.820855,40.463833],[-106.820855,40.463833],[-106.820854,40.463833],[-106.820853,40.463833],[-106.820852,40.463833],[-106.820851,40.463832],[-106.82085,40.463832],[-106.820849,40.463832],[-106.820849,40.463831],[-106.820848,40.463831],[-106.820847,40.463831],[-106.820847,40.46383],[-106.820846,40.46383],[-106.820846,40.463829],[-106.820845,40.463828],[-106.820845,40.463828],[-106.820845,40.463827],[-106.820845,40.463826],[-106.820845,40.463826]]]}},{"id":"360","type":"Feature","properties":{"natural":null,"barrier":null,"highway":"crossing","amenity":null,"tourism":null,"base_elevation":128,"height":null,"material":null,"direction":null,"artwork_type":null,"name":null},"geometry":{"type":"Polygon","coordinates":[[[-106.816481,40.464648],[-106.816481,40.464648],[-106.816481,40.464647],[-106.816481,40.464646],[-106.816481,40.464646],[-106.816482,40.464645],[-106.816482,40.464645],[-106.816483,40.464644],[-106.816483,40.464644],[-106.816484,40.464643],[-106.816485,40.464643],[-106.816485,40.464642],[-106.816486,40.464642],[-106.816487,40.464642],[-106.816488,40.464642],[-106.816489,40.464642],[-106.81649,40.464642],[-106.816491,40.464642],[-106.816491,40.464642],[-106.816492,40.464642],[-106.816493,40.464642],[-106.816494,40.464642],[-106.816495,40.464643],[-106.816495,40.464643],[-106.816496,40.464644],[-106.816497,40.464644],[-106.816497,40.464645],[-106.816498,40.464645],[-106.816498,40.464646],[-106.816498,40.464646],[-106.816499,40.464647],[-106.816499,40.464648],[-106.816499,40.464648],[-106.816499,40.464649],[-106.816499,40.46465],[-106.816498,40.46465],[-106.816498,40.464651],[-106.816498,40.464652],[-106.816497,40.464652],[-106.816497,40.464653],[-106.816496,40.464653],[-106.816495,40.464654],[-106.816495,40.464654],[-106.816494,40.464654],[-106.816493,40.464655],[-106.816492,40.464655],[-106.816491,40.464655],[-106.816491,40.464655],[-106.81649,40.464655],[-106.816489,40.464655],[-106.816488,40.464655],[-106.816487,40.464655],[-106.816486,40.464655],[-106.816485,40.464654],[-106.816485,40.464654],[-106.816484,40.464654],[-106.816483,40.464653],[-106.816483,40.464653],[-106.816482,40.464652],[-106.816482,40.464652],[-106.816481,40.464651],[-106.816481,40.46465],[-106.816481,40.46465],[-106.816481,40.464649],[-106.816481,40.464648]]]}},{"id":"361","type":"Feature","properties":{"natural":null,"barrier":null,"highway":"crossing","amenity":null,"tourism":null,"base_elevation":126,"height":null,"material":null,"direction":null,"artwork_type":null,"name":null},"geometry":{"type":"Polygon","coordinates":[[[-106.817043,40.464625],[-106.817043,40.464625],[-106.817043,40.464624],[-106.817043,40.464624],[-106.817044,40.464623],[-106.817044,40.464622],[-106.817044,40.464622],[-106.817045,40.464621],[-106.817046,40.464621],[-106.817046,40.46462],[-106.817047,40.46462],[-106.817048,40.464619],[-106.817048,40.464619],[-106.817049,40.464619],[-106.81705,40.464619],[-106.817051,40.464619],[-106.817052,40.464619],[-106.817053,40.464619],[-106.817054,40.464619],[-106.817055,40.464619],[-106.817055,40.464619],[-106.817056,40.464619],[-106.817057,40.46462],[-106.817058,40.46462],[-106.817058,40.464621],[-106.817059,40.464621],[-106.817059,40.464622],[-106.81706,40.464622],[-106.81706,40.464623],[-106.81706,40.464624],[-106.817061,40.464624],[-106.817061,40.464625],[-106.817061,40.464625],[-106.817061,40.464626],[-106.817061,40.464627],[-106.81706,40.464627],[-106.81706,40.464628],[-106.81706,40.464629],[-106.817059,40.464629],[-106.817059,40.46463],[-106.817058,40.46463],[-106.817058,40.464631],[-106.817057,40.464631],[-106.817056,40.464632],[-106.817055,40.464632],[-106.817055,40.464632],[-106.817054,40.464632],[-106.817053,40.464632],[-106.817052,40.464632],[-106.817051,40.464632],[-106.81705,40.464632],[-106.817049,40.464632],[-106.817048,40.464632],[-106.817048,40.464632],[-106.817047,40.464631],[-106.817046,40.464631],[-106.817046,40.46463],[-106.817045,40.46463],[-106.817044,40.464629],[-106.817044,40.464629],[-106.817044,40.464628],[-106.817043,40.464627],[-106.817043,40.464627],[-106.817043,40.464626],[-106.817043,40.464625]]]}},{"id":"362","type":"Feature","properties":{"natural":null,"barrier":null,"highway":"crossing","amenity":null,"tourism":null,"base_elevation":119,"height":null,"material":null,"direction":null,"artwork_type":null,"name":null},"geometry":{"type":"Polygon","coordinates":[[[-106.818711,40.464119],[-106.818711,40.464118],[-106.818711,40.464117],[-106.818712,40.464117],[-106.818712,40.464116],[-106.818712,40.464115],[-106.818713,40.464115],[-106.818713,40.464114],[-106.818714,40.464114],[-106.818714,40.464113],[-106.818715,40.464113],[-106.818716,40.464113],[-106.818717,40.464112],[-106.818717,40.464112],[-106.818718,40.464112],[-106.818719,40.464112],[-106.81872,40.464112],[-106.818721,40.464112],[-106.818722,40.464112],[-106.818723,40.464112],[-106.818724,40.464112],[-106.818724,40.464113],[-106.818725,40.464113],[-106.818726,40.464113],[-106.818726,40.464114],[-106.818727,40.464114],[-106.818728,40.464115],[-106.818728,40.464115],[-106.818728,40.464116],[-106.818729,40.464117],[-106.818729,40.464117],[-106.818729,40.464118],[-106.818729,40.464119],[-106.818729,40.464119],[-106.818729,40.46412],[-106.818729,40.464121],[-106.818728,40.464121],[-106.818728,40.464122],[-106.818728,40.464122],[-106.818727,40.464123],[-106.818726,40.464124],[-106.818726,40.464124],[-106.818725,40.464124],[-106.818724,40.464125],[-106.818724,40.464125],[-106.818723,40.464125],[-106.818722,40.464125],[-106.818721,40.464126],[-106.81872,40.464126],[-106.818719,40.464126],[-106.818718,40.464125],[-106.818717,40.464125],[-106.818717,40.464125],[-106.818716,40.464125],[-106.818715,40.464124],[-106.818714,40.464124],[-106.818714,40.464124],[-106.818713,40.464123],[-106.818713,40.464122],[-106.818712,40.464122],[-106.818712,40.464121],[-106.818712,40.464121],[-106.818711,40.46412],[-106.818711,40.464119],[-106.818711,40.464119]]]}},{"id":"363","type":"Feature","properties":{"natural":null,"barrier":null,"highway":"crossing","amenity":null,"tourism":null,"base_elevation":118,"height":null,"material":null,"direction":null,"artwork_type":null,"name":null},"geometry":{"type":"Polygon","coordinates":[[[-106.818903,40.462863],[-106.818903,40.462862],[-106.818903,40.462861],[-106.818903,40.462861],[-106.818904,40.46286],[-106.818904,40.46286],[-106.818904,40.462859],[-106.818905,40.462858],[-106.818905,40.462858],[-106.818906,40.462858],[-106.818907,40.462857],[-106.818908,40.462857],[-106.818908,40.462856],[-106.818909,40.462856],[-106.81891,40.462856],[-106.818911,40.462856],[-106.818912,40.462856],[-106.818913,40.462856],[-106.818914,40.462856],[-106.818914,40.462856],[-106.818915,40.462856],[-106.818916,40.462857],[-106.818917,40.462857],[-106.818917,40.462858],[-106.818918,40.462858],[-106.818919,40.462858],[-106.818919,40.462859],[-106.81892,40.46286],[-106.81892,40.46286],[-106.81892,40.462861],[-106.818921,40.462861],[-106.818921,40.462862],[-106.818921,40.462863],[-106.818921,40.462863],[-106.818921,40.462864],[-106.81892,40.462865],[-106.81892,40.462865],[-106.81892,40.462866],[-106.818919,40.462867],[-106.818919,40.462867],[-106.818918,40.462868],[-106.818917,40.462868],[-106.818917,40.462868],[-106.818916,40.462869],[-106.818915,40.462869],[-106.818914,40.462869],[-106.818914,40.46287],[-106.818913,40.46287],[-106.818912,40.46287],[-106.818911,40.46287],[-106.81891,40.46287],[-106.818909,40.462869],[-106.818908,40.462869],[-106.818908,40.462869],[-106.818907,40.462868],[-106.818906,40.462868],[-106.818905,40.462868],[-106.818905,40.462867],[-106.818904,40.462867],[-106.818904,40.462866],[-106.818904,40.462865],[-106.818903,40.462865],[-106.818903,40.462864],[-106.818903,40.462863],[-106.818903,40.462863]]]}},{"id":"364","type":"Feature","properties":{"natural":null,"barrier":null,"highway":"crossing","amenity":null,"tourism":null,"base_elevation":129,"height":null,"material":null,"direction":null,"artwork_type":null,"name":null},"geometry":{"type":"Polygon","coordinates":[[[-106.812751,40.462682],[-106.812751,40.462681],[-106.812751,40.46268],[-106.812752,40.46268],[-106.812752,40.462679],[-106.812752,40.462678],[-106.812753,40.462678],[-106.812753,40.462677],[-106.812754,40.462677],[-106.812754,40.462676],[-106.812755,40.462676],[-106.812756,40.462676],[-106.812757,40.462675],[-106.812757,40.462675],[-106.812758,40.462675],[-106.812759,40.462675],[-106.81276,40.462675],[-106.812761,40.462675],[-106.812762,40.462675],[-106.812763,40.462675],[-106.812764,40.462675],[-106.812764,40.462676],[-106.812765,40.462676],[-106.812766,40.462676],[-106.812766,40.462677],[-106.812767,40.462677],[-106.812768,40.462678],[-106.812768,40.462678],[-106.812768,40.462679],[-106.812769,40.46268],[-106.812769,40.46268],[-106.812769,40.462681],[-106.812769,40.462682],[-106.812769,40.462682],[-106.812769,40.462683],[-106.812769,40.462684],[-106.812768,40.462684],[-106.812768,40.462685],[-106.812768,40.462685],[-106.812767,40.462686],[-106.812766,40.462686],[-106.812766,40.462687],[-106.812765,40.462687],[-106.812764,40.462688],[-106.812764,40.462688],[-106.812763,40.462688],[-106.812762,40.462688],[-106.812761,40.462688],[-106.81276,40.462688],[-106.812759,40.462688],[-106.812758,40.462688],[-106.812757,40.462688],[-106.812757,40.462688],[-106.812756,40.462688],[-106.812755,40.462687],[-106.812754,40.462687],[-106.812754,40.462686],[-106.812753,40.462686],[-106.812753,40.462685],[-106.812752,40.462685],[-106.812752,40.462684],[-106.812752,40.462684],[-106.812751,40.462683],[-106.812751,40.462682],[-106.812751,40.462682]]]}},{"id":"365","type":"Feature","properties":{"natural":null,"barrier":null,"highway":"crossing","amenity":null,"tourism":null,"base_elevation":123,"height":null,"material":null,"direction":null,"artwork_type":null,"name":null},"geometry":{"type":"Polygon","coordinates":[[[-106.815657,40.462013],[-106.815657,40.462013],[-106.815657,40.462012],[-106.815657,40.462012],[-106.815658,40.462011],[-106.815658,40.46201],[-106.815658,40.46201],[-106.815659,40.462009],[-106.81566,40.462009],[-106.81566,40.462008],[-106.815661,40.462008],[-106.815662,40.462007],[-106.815662,40.462007],[-106.815663,40.462007],[-106.815664,40.462007],[-106.815665,40.462007],[-106.815666,40.462007],[-106.815667,40.462007],[-106.815668,40.462007],[-106.815669,40.462007],[-106.815669,40.462007],[-106.81567,40.462007],[-106.815671,40.462008],[-106.815672,40.462008],[-106.815672,40.462009],[-106.815673,40.462009],[-106.815673,40.46201],[-106.815674,40.46201],[-106.815674,40.462011],[-106.815674,40.462012],[-106.815675,40.462012],[-106.815675,40.462013],[-106.815675,40.462013],[-106.815675,40.462014],[-106.815675,40.462015],[-106.815674,40.462015],[-106.815674,40.462016],[-106.815674,40.462017],[-106.815673,40.462017],[-106.815673,40.462018],[-106.815672,40.462018],[-106.815672,40.462019],[-106.815671,40.462019],[-106.81567,40.46202],[-106.815669,40.46202],[-106.815669,40.46202],[-106.815668,40.46202],[-106.815667,40.46202],[-106.815666,40.46202],[-106.815665,40.46202],[-106.815664,40.46202],[-106.815663,40.46202],[-106.815662,40.46202],[-106.815662,40.46202],[-106.815661,40.462019],[-106.81566,40.462019],[-106.81566,40.462018],[-106.815659,40.462018],[-106.815658,40.462017],[-106.815658,40.462017],[-106.815658,40.462016],[-106.815657,40.462015],[-106.815657,40.462015],[-106.815657,40.462014],[-106.815657,40.462013]]]}},{"id":"366","type":"Feature","properties":{"natural":null,"barrier":null,"highway":"crossing","amenity":null,"tourism":null,"base_elevation":121,"height":null,"material":null,"direction":null,"artwork_type":null,"name":null},"geometry":{"type":"Polygon","coordinates":[[[-106.816604,40.462008],[-106.816604,40.462007],[-106.816604,40.462007],[-106.816605,40.462006],[-106.816605,40.462005],[-106.816605,40.462005],[-106.816606,40.462004],[-106.816606,40.462004],[-106.816607,40.462003],[-106.816608,40.462003],[-106.816608,40.462002],[-106.816609,40.462002],[-106.81661,40.462002],[-106.816611,40.462001],[-106.816612,40.462001],[-106.816612,40.462001],[-106.816613,40.462001],[-106.816614,40.462001],[-106.816615,40.462001],[-106.816616,40.462001],[-106.816617,40.462002],[-106.816618,40.462002],[-106.816618,40.462002],[-106.816619,40.462003],[-106.81662,40.462003],[-106.81662,40.462004],[-106.816621,40.462004],[-106.816621,40.462005],[-106.816622,40.462005],[-106.816622,40.462006],[-106.816622,40.462007],[-106.816622,40.462007],[-106.816622,40.462008],[-106.816622,40.462009],[-106.816622,40.462009],[-106.816622,40.46201],[-106.816622,40.462011],[-106.816621,40.462011],[-106.816621,40.462012],[-106.81662,40.462012],[-106.81662,40.462013],[-106.816619,40.462013],[-106.816618,40.462014],[-106.816618,40.462014],[-106.816617,40.462014],[-106.816616,40.462014],[-106.816615,40.462015],[-106.816614,40.462015],[-106.816613,40.462015],[-106.816612,40.462015],[-106.816612,40.462015],[-106.816611,40.462014],[-106.81661,40.462014],[-106.816609,40.462014],[-106.816608,40.462014],[-106.816608,40.462013],[-106.816607,40.462013],[-106.816606,40.462012],[-106.816606,40.462012],[-106.816605,40.462011],[-106.816605,40.462011],[-106.816605,40.46201],[-106.816604,40.462009],[-106.816604,40.462009],[-106.816604,40.462008]]]}},{"id":"367","type":"Feature","properties":{"natural":null,"barrier":null,"highway":"crossing","amenity":null,"tourism":null,"base_elevation":121,"height":null,"material":null,"direction":null,"artwork_type":null,"name":null},"geometry":{"type":"Polygon","coordinates":[[[-106.816549,40.461948],[-106.816549,40.461948],[-106.816549,40.461947],[-106.816549,40.461946],[-106.81655,40.461946],[-106.81655,40.461945],[-106.816551,40.461944],[-106.816551,40.461944],[-106.816552,40.461943],[-106.816552,40.461943],[-106.816553,40.461943],[-106.816554,40.461942],[-106.816555,40.461942],[-106.816555,40.461942],[-106.816556,40.461941],[-106.816557,40.461941],[-106.816558,40.461941],[-106.816559,40.461941],[-106.81656,40.461941],[-106.816561,40.461942],[-106.816561,40.461942],[-106.816562,40.461942],[-106.816563,40.461943],[-106.816564,40.461943],[-106.816564,40.461943],[-106.816565,40.461944],[-106.816565,40.461944],[-106.816566,40.461945],[-106.816566,40.461946],[-106.816567,40.461946],[-106.816567,40.461947],[-106.816567,40.461948],[-106.816567,40.461948],[-106.816567,40.461949],[-106.816567,40.46195],[-106.816567,40.46195],[-106.816566,40.461951],[-106.816566,40.461951],[-106.816565,40.461952],[-106.816565,40.461953],[-106.816564,40.461953],[-106.816564,40.461953],[-106.816563,40.461954],[-106.816562,40.461954],[-106.816561,40.461955],[-106.816561,40.461955],[-106.81656,40.461955],[-106.816559,40.461955],[-106.816558,40.461955],[-106.816557,40.461955],[-106.816556,40.461955],[-106.816555,40.461955],[-106.816555,40.461955],[-106.816554,40.461954],[-106.816553,40.461954],[-106.816552,40.461953],[-106.816552,40.461953],[-106.816551,40.461953],[-106.816551,40.461952],[-106.81655,40.461951],[-106.81655,40.461951],[-106.816549,40.46195],[-106.816549,40.46195],[-106.816549,40.461949],[-106.816549,40.461948]]]}},{"id":"368","type":"Feature","properties":{"natural":null,"barrier":null,"highway":"crossing","amenity":null,"tourism":null,"base_elevation":130,"height":null,"material":null,"direction":null,"artwork_type":null,"name":null},"geometry":{"type":"Polygon","coordinates":[[[-106.803886,40.448023],[-106.803886,40.448023],[-106.803886,40.448022],[-106.803886,40.448021],[-106.803887,40.448021],[-106.803887,40.44802],[-106.803887,40.448019],[-106.803888,40.448019],[-106.803889,40.448018],[-106.803889,40.448018],[-106.80389,40.448018],[-106.803891,40.448017],[-106.803891,40.448017],[-106.803892,40.448017],[-106.803893,40.448016],[-106.803894,40.448016],[-106.803895,40.448016],[-106.803896,40.448016],[-106.803897,40.448016],[-106.803898,40.448017],[-106.803898,40.448017],[-106.803899,40.448017],[-106.8039,40.448018],[-106.803901,40.448018],[-106.803901,40.448018],[-106.803902,40.448019],[-106.803902,40.448019],[-106.803903,40.44802],[-106.803903,40.448021],[-106.803903,40.448021],[-106.803904,40.448022],[-106.803904,40.448023],[-106.803904,40.448023],[-106.803904,40.448024],[-106.803904,40.448025],[-106.803903,40.448025],[-106.803903,40.448026],[-106.803903,40.448026],[-106.803902,40.448027],[-106.803902,40.448028],[-106.803901,40.448028],[-106.803901,40.448028],[-106.8039,40.448029],[-106.803899,40.448029],[-106.803898,40.44803],[-106.803898,40.44803],[-106.803897,40.44803],[-106.803896,40.44803],[-106.803895,40.44803],[-106.803894,40.44803],[-106.803893,40.44803],[-106.803892,40.44803],[-106.803891,40.44803],[-106.803891,40.448029],[-106.80389,40.448029],[-106.803889,40.448028],[-106.803889,40.448028],[-106.803888,40.448028],[-106.803887,40.448027],[-106.803887,40.448026],[-106.803887,40.448026],[-106.803886,40.448025],[-106.803886,40.448025],[-106.803886,40.448024],[-106.803886,40.448023]]]}},{"id":"369","type":"Feature","properties":{"natural":null,"barrier":null,"highway":"crossing","amenity":null,"tourism":null,"base_elevation":129,"height":null,"material":null,"direction":null,"artwork_type":null,"name":null},"geometry":{"type":"Polygon","coordinates":[[[-106.804005,40.447861],[-106.804005,40.447861],[-106.804006,40.44786],[-106.804006,40.447859],[-106.804006,40.447859],[-106.804006,40.447858],[-106.804007,40.447858],[-106.804007,40.447857],[-106.804008,40.447857],[-106.804009,40.447856],[-106.804009,40.447856],[-106.80401,40.447855],[-106.804011,40.447855],[-106.804012,40.447855],[-106.804013,40.447855],[-106.804014,40.447855],[-106.804014,40.447855],[-106.804015,40.447855],[-106.804016,40.447855],[-106.804017,40.447855],[-106.804018,40.447855],[-106.804019,40.447855],[-106.804019,40.447856],[-106.80402,40.447856],[-106.804021,40.447857],[-106.804021,40.447857],[-106.804022,40.447858],[-106.804022,40.447858],[-106.804023,40.447859],[-106.804023,40.447859],[-106.804023,40.44786],[-106.804023,40.447861],[-106.804023,40.447861],[-106.804023,40.447862],[-106.804023,40.447863],[-106.804023,40.447863],[-106.804023,40.447864],[-106.804022,40.447865],[-106.804022,40.447865],[-106.804021,40.447866],[-106.804021,40.447866],[-106.80402,40.447867],[-106.804019,40.447867],[-106.804019,40.447867],[-106.804018,40.447868],[-106.804017,40.447868],[-106.804016,40.447868],[-106.804015,40.447868],[-106.804014,40.447868],[-106.804014,40.447868],[-106.804013,40.447868],[-106.804012,40.447868],[-106.804011,40.447868],[-106.80401,40.447867],[-106.804009,40.447867],[-106.804009,40.447867],[-106.804008,40.447866],[-106.804007,40.447866],[-106.804007,40.447865],[-106.804006,40.447865],[-106.804006,40.447864],[-106.804006,40.447863],[-106.804006,40.447863],[-106.804005,40.447862],[-106.804005,40.447861]]]}},{"id":"370","type":"Feature","properties":{"natural":null,"barrier":null,"highway":"crossing","amenity":null,"tourism":null,"base_elevation":104,"height":null,"material":null,"direction":null,"artwork_type":null,"name":null},"geometry":{"type":"Polygon","coordinates":[[[-106.815993,40.450913],[-106.815993,40.450912],[-106.815993,40.450912],[-106.815993,40.450911],[-106.815993,40.45091],[-106.815994,40.45091],[-106.815994,40.450909],[-106.815995,40.450909],[-106.815995,40.450908],[-106.815996,40.450908],[-106.815997,40.450907],[-106.815997,40.450907],[-106.815998,40.450907],[-106.815999,40.450907],[-106.816,40.450906],[-106.816001,40.450906],[-106.816001,40.450906],[-106.816002,40.450906],[-106.816003,40.450906],[-106.816004,40.450907],[-106.816005,40.450907],[-106.816006,40.450907],[-106.816006,40.450907],[-106.816007,40.450908],[-106.816008,40.450908],[-106.816008,40.450909],[-106.816009,40.450909],[-106.816009,40.45091],[-106.81601,40.45091],[-106.81601,40.450911],[-106.81601,40.450912],[-106.81601,40.450912],[-106.81601,40.450913],[-106.81601,40.450914],[-106.81601,40.450914],[-106.81601,40.450915],[-106.81601,40.450916],[-106.816009,40.450916],[-106.816009,40.450917],[-106.816008,40.450917],[-106.816008,40.450918],[-106.816007,40.450918],[-106.816006,40.450919],[-106.816006,40.450919],[-106.816005,40.450919],[-106.816004,40.45092],[-106.816003,40.45092],[-106.816002,40.45092],[-106.816001,40.45092],[-106.816001,40.45092],[-106.816,40.45092],[-106.815999,40.45092],[-106.815998,40.450919],[-106.815997,40.450919],[-106.815997,40.450919],[-106.815996,40.450918],[-106.815995,40.450918],[-106.815995,40.450917],[-106.815994,40.450917],[-106.815994,40.450916],[-106.815993,40.450916],[-106.815993,40.450915],[-106.815993,40.450914],[-106.815993,40.450914],[-106.815993,40.450913]]]}},{"id":"371","type":"Feature","properties":{"natural":null,"barrier":null,"highway":"crossing","amenity":null,"tourism":null,"base_elevation":116,"height":null,"material":null,"direction":null,"artwork_type":null,"name":null},"geometry":{"type":"Polygon","coordinates":[[[-106.81568,40.457402],[-106.81568,40.457401],[-106.81568,40.4574],[-106.81568,40.4574],[-106.815681,40.457399],[-106.815681,40.457398],[-106.815681,40.457398],[-106.815682,40.457397],[-106.815683,40.457397],[-106.815683,40.457396],[-106.815684,40.457396],[-106.815685,40.457396],[-106.815685,40.457395],[-106.815686,40.457395],[-106.815687,40.457395],[-106.815688,40.457395],[-106.815689,40.457395],[-106.81569,40.457395],[-106.815691,40.457395],[-106.815692,40.457395],[-106.815692,40.457395],[-106.815693,40.457396],[-106.815694,40.457396],[-106.815695,40.457396],[-106.815695,40.457397],[-106.815696,40.457397],[-106.815696,40.457398],[-106.815697,40.457398],[-106.815697,40.457399],[-106.815697,40.4574],[-106.815698,40.4574],[-106.815698,40.457401],[-106.815698,40.457402],[-106.815698,40.457402],[-106.815698,40.457403],[-106.815697,40.457404],[-106.815697,40.457404],[-106.815697,40.457405],[-106.815696,40.457405],[-106.815696,40.457406],[-106.815695,40.457406],[-106.815695,40.457407],[-106.815694,40.457407],[-106.815693,40.457408],[-106.815692,40.457408],[-106.815692,40.457408],[-106.815691,40.457408],[-106.81569,40.457408],[-106.815689,40.457408],[-106.815688,40.457408],[-106.815687,40.457408],[-106.815686,40.457408],[-106.815685,40.457408],[-106.815685,40.457408],[-106.815684,40.457407],[-106.815683,40.457407],[-106.815683,40.457406],[-106.815682,40.457406],[-106.815681,40.457405],[-106.815681,40.457405],[-106.815681,40.457404],[-106.81568,40.457404],[-106.81568,40.457403],[-106.81568,40.457402],[-106.81568,40.457402]]]}},{"id":"372","type":"Feature","properties":{"natural":null,"barrier":null,"highway":"crossing","amenity":null,"tourism":null,"base_elevation":117,"height":null,"material":null,"direction":null,"artwork_type":null,"name":null},"geometry":{"type":"Polygon","coordinates":[[[-106.815684,40.457584],[-106.815684,40.457583],[-106.815685,40.457583],[-106.815685,40.457582],[-106.815685,40.457581],[-106.815685,40.457581],[-106.815686,40.45758],[-106.815686,40.45758],[-106.815687,40.457579],[-106.815688,40.457579],[-106.815688,40.457578],[-106.815689,40.457578],[-106.81569,40.457578],[-106.815691,40.457577],[-106.815692,40.457577],[-106.815693,40.457577],[-106.815693,40.457577],[-106.815694,40.457577],[-106.815695,40.457577],[-106.815696,40.457577],[-106.815697,40.457578],[-106.815698,40.457578],[-106.815698,40.457578],[-106.815699,40.457579],[-106.8157,40.457579],[-106.8157,40.45758],[-106.815701,40.45758],[-106.815701,40.457581],[-106.815702,40.457581],[-106.815702,40.457582],[-106.815702,40.457583],[-106.815702,40.457583],[-106.815702,40.457584],[-106.815702,40.457585],[-106.815702,40.457585],[-106.815702,40.457586],[-106.815702,40.457587],[-106.815701,40.457587],[-106.815701,40.457588],[-106.8157,40.457588],[-106.8157,40.457589],[-106.815699,40.457589],[-106.815698,40.45759],[-106.815698,40.45759],[-106.815697,40.45759],[-106.815696,40.457591],[-106.815695,40.457591],[-106.815694,40.457591],[-106.815693,40.457591],[-106.815693,40.457591],[-106.815692,40.457591],[-106.815691,40.457591],[-106.81569,40.45759],[-106.815689,40.45759],[-106.815688,40.45759],[-106.815688,40.457589],[-106.815687,40.457589],[-106.815686,40.457588],[-106.815686,40.457588],[-106.815685,40.457587],[-106.815685,40.457587],[-106.815685,40.457586],[-106.815685,40.457585],[-106.815684,40.457585],[-106.815684,40.457584]]]}},{"id":"373","type":"Feature","properties":{"natural":null,"barrier":null,"highway":"crossing","amenity":null,"tourism":null,"base_elevation":77,"height":null,"material":null,"direction":null,"artwork_type":null,"name":null},"geometry":{"type":"Polygon","coordinates":[[[-106.85641,40.497421],[-106.85641,40.49742],[-106.85641,40.497419],[-106.85641,40.497419],[-106.85641,40.497418],[-106.856411,40.497418],[-106.856411,40.497417],[-106.856412,40.497416],[-106.856412,40.497416],[-106.856413,40.497416],[-106.856414,40.497415],[-106.856414,40.497415],[-106.856415,40.497414],[-106.856416,40.497414],[-106.856417,40.497414],[-106.856418,40.497414],[-106.856418,40.497414],[-106.856419,40.497414],[-106.85642,40.497414],[-106.856421,40.497414],[-106.856422,40.497414],[-106.856423,40.497415],[-106.856423,40.497415],[-106.856424,40.497416],[-106.856425,40.497416],[-106.856425,40.497416],[-106.856426,40.497417],[-106.856426,40.497418],[-106.856427,40.497418],[-106.856427,40.497419],[-106.856427,40.497419],[-106.856427,40.49742],[-106.856427,40.497421],[-106.856427,40.497421],[-106.856427,40.497422],[-106.856427,40.497423],[-106.856427,40.497423],[-106.856426,40.497424],[-106.856426,40.497425],[-106.856425,40.497425],[-106.856425,40.497426],[-106.856424,40.497426],[-106.856423,40.497426],[-106.856423,40.497427],[-106.856422,40.497427],[-106.856421,40.497427],[-106.85642,40.497427],[-106.856419,40.497428],[-106.856418,40.497428],[-106.856418,40.497428],[-106.856417,40.497427],[-106.856416,40.497427],[-106.856415,40.497427],[-106.856414,40.497427],[-106.856414,40.497426],[-106.856413,40.497426],[-106.856412,40.497426],[-106.856412,40.497425],[-106.856411,40.497425],[-106.856411,40.497424],[-106.85641,40.497423],[-106.85641,40.497423],[-106.85641,40.497422],[-106.85641,40.497421],[-106.85641,40.497421]]]}},{"id":"374","type":"Feature","properties":{"natural":null,"barrier":null,"highway":"crossing","amenity":null,"tourism":null,"base_elevation":127,"height":null,"material":null,"direction":null,"artwork_type":null,"name":null},"geometry":{"type":"Polygon","coordinates":[[[-106.80547,40.452561],[-106.80547,40.45256],[-106.80547,40.45256],[-106.805471,40.452559],[-106.805471,40.452558],[-106.805471,40.452558],[-106.805472,40.452557],[-106.805472,40.452557],[-106.805473,40.452556],[-106.805474,40.452556],[-106.805474,40.452555],[-106.805475,40.452555],[-106.805476,40.452555],[-106.805477,40.452554],[-106.805477,40.452554],[-106.805478,40.452554],[-106.805479,40.452554],[-106.80548,40.452554],[-106.805481,40.452554],[-106.805482,40.452554],[-106.805483,40.452555],[-106.805483,40.452555],[-106.805484,40.452555],[-106.805485,40.452556],[-106.805486,40.452556],[-106.805486,40.452557],[-106.805487,40.452557],[-106.805487,40.452558],[-106.805487,40.452558],[-106.805488,40.452559],[-106.805488,40.45256],[-106.805488,40.45256],[-106.805488,40.452561],[-106.805488,40.452562],[-106.805488,40.452562],[-106.805488,40.452563],[-106.805487,40.452564],[-106.805487,40.452564],[-106.805487,40.452565],[-106.805486,40.452565],[-106.805486,40.452566],[-106.805485,40.452566],[-106.805484,40.452567],[-106.805483,40.452567],[-106.805483,40.452567],[-106.805482,40.452567],[-106.805481,40.452568],[-106.80548,40.452568],[-106.805479,40.452568],[-106.805478,40.452568],[-106.805477,40.452568],[-106.805477,40.452567],[-106.805476,40.452567],[-106.805475,40.452567],[-106.805474,40.452567],[-106.805474,40.452566],[-106.805473,40.452566],[-106.805472,40.452565],[-106.805472,40.452565],[-106.805471,40.452564],[-106.805471,40.452564],[-106.805471,40.452563],[-106.80547,40.452562],[-106.80547,40.452562],[-106.80547,40.452561]]]}},{"id":"375","type":"Feature","properties":{"natural":null,"barrier":null,"highway":"crossing","amenity":null,"tourism":null,"base_elevation":123,"height":null,"material":null,"direction":null,"artwork_type":null,"name":null},"geometry":{"type":"Polygon","coordinates":[[[-106.812819,40.459264],[-106.812819,40.459263],[-106.812819,40.459262],[-106.812819,40.459262],[-106.81282,40.459261],[-106.81282,40.45926],[-106.81282,40.45926],[-106.812821,40.459259],[-106.812821,40.459259],[-106.812822,40.459258],[-106.812823,40.459258],[-106.812824,40.459258],[-106.812824,40.459257],[-106.812825,40.459257],[-106.812826,40.459257],[-106.812827,40.459257],[-106.812828,40.459257],[-106.812829,40.459257],[-106.81283,40.459257],[-106.81283,40.459257],[-106.812831,40.459257],[-106.812832,40.459258],[-106.812833,40.459258],[-106.812833,40.459258],[-106.812834,40.459259],[-106.812835,40.459259],[-106.812835,40.45926],[-106.812836,40.45926],[-106.812836,40.459261],[-106.812836,40.459262],[-106.812837,40.459262],[-106.812837,40.459263],[-106.812837,40.459264],[-106.812837,40.459264],[-106.812837,40.459265],[-106.812836,40.459266],[-106.812836,40.459266],[-106.812836,40.459267],[-106.812835,40.459267],[-106.812835,40.459268],[-106.812834,40.459268],[-106.812833,40.459269],[-106.812833,40.459269],[-106.812832,40.45927],[-106.812831,40.45927],[-106.81283,40.45927],[-106.81283,40.45927],[-106.812829,40.45927],[-106.812828,40.45927],[-106.812827,40.45927],[-106.812826,40.45927],[-106.812825,40.45927],[-106.812824,40.45927],[-106.812824,40.45927],[-106.812823,40.459269],[-106.812822,40.459269],[-106.812821,40.459268],[-106.812821,40.459268],[-106.81282,40.459267],[-106.81282,40.459267],[-106.81282,40.459266],[-106.812819,40.459266],[-106.812819,40.459265],[-106.812819,40.459264],[-106.812819,40.459264]]]}},{"id":"376","type":"Feature","properties":{"natural":null,"barrier":null,"highway":"crossing","amenity":null,"tourism":null,"base_elevation":120,"height":null,"material":null,"direction":null,"artwork_type":null,"name":null},"geometry":{"type":"Polygon","coordinates":[[[-106.813293,40.458982],[-106.813293,40.458981],[-106.813293,40.458981],[-106.813293,40.45898],[-106.813293,40.458979],[-106.813294,40.458979],[-106.813294,40.458978],[-106.813295,40.458978],[-106.813295,40.458977],[-106.813296,40.458977],[-106.813297,40.458976],[-106.813297,40.458976],[-106.813298,40.458976],[-106.813299,40.458976],[-106.8133,40.458975],[-106.813301,40.458975],[-106.813302,40.458975],[-106.813303,40.458975],[-106.813303,40.458975],[-106.813304,40.458976],[-106.813305,40.458976],[-106.813306,40.458976],[-106.813307,40.458976],[-106.813307,40.458977],[-106.813308,40.458977],[-106.813309,40.458978],[-106.813309,40.458978],[-106.81331,40.458979],[-106.81331,40.458979],[-106.81331,40.45898],[-106.813311,40.458981],[-106.813311,40.458981],[-106.813311,40.458982],[-106.813311,40.458983],[-106.813311,40.458983],[-106.81331,40.458984],[-106.81331,40.458985],[-106.81331,40.458985],[-106.813309,40.458986],[-106.813309,40.458986],[-106.813308,40.458987],[-106.813307,40.458987],[-106.813307,40.458988],[-106.813306,40.458988],[-106.813305,40.458988],[-106.813304,40.458989],[-106.813303,40.458989],[-106.813303,40.458989],[-106.813302,40.458989],[-106.813301,40.458989],[-106.8133,40.458989],[-106.813299,40.458989],[-106.813298,40.458988],[-106.813297,40.458988],[-106.813297,40.458988],[-106.813296,40.458987],[-106.813295,40.458987],[-106.813295,40.458986],[-106.813294,40.458986],[-106.813294,40.458985],[-106.813293,40.458985],[-106.813293,40.458984],[-106.813293,40.458983],[-106.813293,40.458983],[-106.813293,40.458982]]]}},{"id":"377","type":"Feature","properties":{"natural":null,"barrier":null,"highway":"crossing","amenity":null,"tourism":null,"base_elevation":125,"height":null,"material":null,"direction":null,"artwork_type":null,"name":null},"geometry":{"type":"Polygon","coordinates":[[[-106.812637,40.45886],[-106.812637,40.45886],[-106.812637,40.458859],[-106.812637,40.458858],[-106.812638,40.458858],[-106.812638,40.458857],[-106.812638,40.458856],[-106.812639,40.458856],[-106.812639,40.458855],[-106.81264,40.458855],[-106.812641,40.458855],[-106.812642,40.458854],[-106.812642,40.458854],[-106.812643,40.458854],[-106.812644,40.458853],[-106.812645,40.458853],[-106.812646,40.458853],[-106.812647,40.458853],[-106.812648,40.458853],[-106.812648,40.458854],[-106.812649,40.458854],[-106.81265,40.458854],[-106.812651,40.458855],[-106.812651,40.458855],[-106.812652,40.458855],[-106.812653,40.458856],[-106.812653,40.458856],[-106.812654,40.458857],[-106.812654,40.458858],[-106.812654,40.458858],[-106.812655,40.458859],[-106.812655,40.45886],[-106.812655,40.45886],[-106.812655,40.458861],[-106.812655,40.458862],[-106.812654,40.458862],[-106.812654,40.458863],[-106.812654,40.458863],[-106.812653,40.458864],[-106.812653,40.458865],[-106.812652,40.458865],[-106.812651,40.458865],[-106.812651,40.458866],[-106.81265,40.458866],[-106.812649,40.458867],[-106.812648,40.458867],[-106.812648,40.458867],[-106.812647,40.458867],[-106.812646,40.458867],[-106.812645,40.458867],[-106.812644,40.458867],[-106.812643,40.458867],[-106.812642,40.458867],[-106.812642,40.458866],[-106.812641,40.458866],[-106.81264,40.458865],[-106.812639,40.458865],[-106.812639,40.458865],[-106.812638,40.458864],[-106.812638,40.458863],[-106.812638,40.458863],[-106.812637,40.458862],[-106.812637,40.458862],[-106.812637,40.458861],[-106.812637,40.45886]]]}},{"id":"378","type":"Feature","properties":{"natural":null,"barrier":null,"highway":"crossing","amenity":null,"tourism":null,"base_elevation":125,"height":null,"material":null,"direction":null,"artwork_type":null,"name":null},"geometry":{"type":"Polygon","coordinates":[[[-106.812617,40.458966],[-106.812617,40.458965],[-106.812617,40.458965],[-106.812617,40.458964],[-106.812617,40.458963],[-106.812618,40.458963],[-106.812618,40.458962],[-106.812619,40.458962],[-106.812619,40.458961],[-106.81262,40.458961],[-106.812621,40.45896],[-106.812621,40.45896],[-106.812622,40.45896],[-106.812623,40.458959],[-106.812624,40.458959],[-106.812625,40.458959],[-106.812626,40.458959],[-106.812627,40.458959],[-106.812627,40.458959],[-106.812628,40.458959],[-106.812629,40.45896],[-106.81263,40.45896],[-106.812631,40.45896],[-106.812631,40.458961],[-106.812632,40.458961],[-106.812633,40.458962],[-106.812633,40.458962],[-106.812634,40.458963],[-106.812634,40.458963],[-106.812634,40.458964],[-106.812635,40.458965],[-106.812635,40.458965],[-106.812635,40.458966],[-106.812635,40.458967],[-106.812635,40.458967],[-106.812634,40.458968],[-106.812634,40.458969],[-106.812634,40.458969],[-106.812633,40.45897],[-106.812633,40.45897],[-106.812632,40.458971],[-106.812631,40.458971],[-106.812631,40.458972],[-106.81263,40.458972],[-106.812629,40.458972],[-106.812628,40.458973],[-106.812627,40.458973],[-106.812627,40.458973],[-106.812626,40.458973],[-106.812625,40.458973],[-106.812624,40.458973],[-106.812623,40.458973],[-106.812622,40.458972],[-106.812621,40.458972],[-106.812621,40.458972],[-106.81262,40.458971],[-106.812619,40.458971],[-106.812619,40.45897],[-106.812618,40.45897],[-106.812618,40.458969],[-106.812617,40.458969],[-106.812617,40.458968],[-106.812617,40.458967],[-106.812617,40.458967],[-106.812617,40.458966]]]}},{"id":"379","type":"Feature","properties":{"natural":null,"barrier":null,"highway":"crossing","amenity":null,"tourism":null,"base_elevation":122,"height":null,"material":null,"direction":null,"artwork_type":null,"name":null},"geometry":{"type":"Polygon","coordinates":[[[-106.812949,40.458702],[-106.812949,40.458701],[-106.812949,40.4587],[-106.81295,40.4587],[-106.81295,40.458699],[-106.81295,40.458698],[-106.812951,40.458698],[-106.812951,40.458697],[-106.812952,40.458697],[-106.812952,40.458696],[-106.812953,40.458696],[-106.812954,40.458696],[-106.812955,40.458695],[-106.812955,40.458695],[-106.812956,40.458695],[-106.812957,40.458695],[-106.812958,40.458695],[-106.812959,40.458695],[-106.81296,40.458695],[-106.812961,40.458695],[-106.812962,40.458695],[-106.812962,40.458696],[-106.812963,40.458696],[-106.812964,40.458696],[-106.812964,40.458697],[-106.812965,40.458697],[-106.812966,40.458698],[-106.812966,40.458698],[-106.812966,40.458699],[-106.812967,40.4587],[-106.812967,40.4587],[-106.812967,40.458701],[-106.812967,40.458702],[-106.812967,40.458702],[-106.812967,40.458703],[-106.812967,40.458704],[-106.812966,40.458704],[-106.812966,40.458705],[-106.812966,40.458705],[-106.812965,40.458706],[-106.812964,40.458706],[-106.812964,40.458707],[-106.812963,40.458707],[-106.812962,40.458708],[-106.812962,40.458708],[-106.812961,40.458708],[-106.81296,40.458708],[-106.812959,40.458708],[-106.812958,40.458708],[-106.812957,40.458708],[-106.812956,40.458708],[-106.812955,40.458708],[-106.812955,40.458708],[-106.812954,40.458708],[-106.812953,40.458707],[-106.812952,40.458707],[-106.812952,40.458706],[-106.812951,40.458706],[-106.812951,40.458705],[-106.81295,40.458705],[-106.81295,40.458704],[-106.81295,40.458704],[-106.812949,40.458703],[-106.812949,40.458702],[-106.812949,40.458702]]]}},{"id":"380","type":"Feature","properties":{"natural":null,"barrier":null,"highway":"crossing","amenity":null,"tourism":null,"base_elevation":122,"height":null,"material":null,"direction":null,"artwork_type":null,"name":null},"geometry":{"type":"Polygon","coordinates":[[[-106.812886,40.458703],[-106.812886,40.458702],[-106.812886,40.458702],[-106.812886,40.458701],[-106.812887,40.4587],[-106.812887,40.4587],[-106.812888,40.458699],[-106.812888,40.458699],[-106.812889,40.458698],[-106.812889,40.458698],[-106.81289,40.458697],[-106.812891,40.458697],[-106.812892,40.458697],[-106.812892,40.458697],[-106.812893,40.458696],[-106.812894,40.458696],[-106.812895,40.458696],[-106.812896,40.458696],[-106.812897,40.458696],[-106.812898,40.458697],[-106.812898,40.458697],[-106.812899,40.458697],[-106.8129,40.458697],[-106.812901,40.458698],[-106.812901,40.458698],[-106.812902,40.458699],[-106.812902,40.458699],[-106.812903,40.4587],[-106.812903,40.4587],[-106.812904,40.458701],[-106.812904,40.458702],[-106.812904,40.458702],[-106.812904,40.458703],[-106.812904,40.458704],[-106.812904,40.458704],[-106.812904,40.458705],[-106.812903,40.458706],[-106.812903,40.458706],[-106.812902,40.458707],[-106.812902,40.458707],[-106.812901,40.458708],[-106.812901,40.458708],[-106.8129,40.458709],[-106.812899,40.458709],[-106.812898,40.458709],[-106.812898,40.45871],[-106.812897,40.45871],[-106.812896,40.45871],[-106.812895,40.45871],[-106.812894,40.45871],[-106.812893,40.45871],[-106.812892,40.45871],[-106.812892,40.458709],[-106.812891,40.458709],[-106.81289,40.458709],[-106.812889,40.458708],[-106.812889,40.458708],[-106.812888,40.458707],[-106.812888,40.458707],[-106.812887,40.458706],[-106.812887,40.458706],[-106.812886,40.458705],[-106.812886,40.458704],[-106.812886,40.458704],[-106.812886,40.458703]]]}},{"id":"381","type":"Feature","properties":{"natural":null,"barrier":"kerb","highway":null,"amenity":null,"tourism":null,"base_elevation":83,"height":null,"material":null,"direction":null,"artwork_type":null,"name":null},"geometry":{"type":"Polygon","coordinates":[[[-106.841376,40.489332],[-106.841376,40.489332],[-106.841376,40.489331],[-106.841376,40.48933],[-106.841377,40.48933],[-106.841377,40.489329],[-106.841377,40.489328],[-106.841378,40.489328],[-106.841378,40.489327],[-106.841379,40.489327],[-106.84138,40.489327],[-106.841381,40.489326],[-106.841381,40.489326],[-106.841382,40.489326],[-106.841383,40.489325],[-106.841384,40.489325],[-106.841385,40.489325],[-106.841386,40.489325],[-106.841387,40.489325],[-106.841387,40.489326],[-106.841388,40.489326],[-106.841389,40.489326],[-106.84139,40.489327],[-106.84139,40.489327],[-106.841391,40.489327],[-106.841392,40.489328],[-106.841392,40.489328],[-106.841393,40.489329],[-106.841393,40.48933],[-106.841393,40.48933],[-106.841394,40.489331],[-106.841394,40.489332],[-106.841394,40.489332],[-106.841394,40.489333],[-106.841394,40.489334],[-106.841393,40.489334],[-106.841393,40.489335],[-106.841393,40.489335],[-106.841392,40.489336],[-106.841392,40.489337],[-106.841391,40.489337],[-106.84139,40.489337],[-106.84139,40.489338],[-106.841389,40.489338],[-106.841388,40.489339],[-106.841387,40.489339],[-106.841387,40.489339],[-106.841386,40.489339],[-106.841385,40.489339],[-106.841384,40.489339],[-106.841383,40.489339],[-106.841382,40.489339],[-106.841381,40.489339],[-106.841381,40.489338],[-106.84138,40.489338],[-106.841379,40.489337],[-106.841378,40.489337],[-106.841378,40.489337],[-106.841377,40.489336],[-106.841377,40.489335],[-106.841377,40.489335],[-106.841376,40.489334],[-106.841376,40.489334],[-106.841376,40.489333],[-106.841376,40.489332]]]}},{"id":"382","type":"Feature","properties":{"natural":null,"barrier":null,"highway":"crossing","amenity":null,"tourism":null,"base_elevation":84,"height":null,"material":null,"direction":null,"artwork_type":null,"name":null},"geometry":{"type":"Polygon","coordinates":[[[-106.84131,40.489352],[-106.84131,40.489352],[-106.84131,40.489351],[-106.841311,40.489351],[-106.841311,40.48935],[-106.841311,40.489349],[-106.841312,40.489349],[-106.841312,40.489348],[-106.841313,40.489348],[-106.841314,40.489347],[-106.841314,40.489347],[-106.841315,40.489346],[-106.841316,40.489346],[-106.841317,40.489346],[-106.841317,40.489346],[-106.841318,40.489346],[-106.841319,40.489346],[-106.84132,40.489346],[-106.841321,40.489346],[-106.841322,40.489346],[-106.841323,40.489346],[-106.841323,40.489346],[-106.841324,40.489347],[-106.841325,40.489347],[-106.841326,40.489348],[-106.841326,40.489348],[-106.841327,40.489349],[-106.841327,40.489349],[-106.841327,40.48935],[-106.841328,40.489351],[-106.841328,40.489351],[-106.841328,40.489352],[-106.841328,40.489352],[-106.841328,40.489353],[-106.841328,40.489354],[-106.841328,40.489354],[-106.841327,40.489355],[-106.841327,40.489356],[-106.841327,40.489356],[-106.841326,40.489357],[-106.841326,40.489357],[-106.841325,40.489358],[-106.841324,40.489358],[-106.841323,40.489359],[-106.841323,40.489359],[-106.841322,40.489359],[-106.841321,40.489359],[-106.84132,40.489359],[-106.841319,40.489359],[-106.841318,40.489359],[-106.841317,40.489359],[-106.841317,40.489359],[-106.841316,40.489359],[-106.841315,40.489359],[-106.841314,40.489358],[-106.841314,40.489358],[-106.841313,40.489357],[-106.841312,40.489357],[-106.841312,40.489356],[-106.841311,40.489356],[-106.841311,40.489355],[-106.841311,40.489354],[-106.84131,40.489354],[-106.84131,40.489353],[-106.84131,40.489352]]]}},{"id":"383","type":"Feature","properties":{"natural":null,"barrier":null,"highway":"crossing","amenity":null,"tourism":null,"base_elevation":83,"height":null,"material":null,"direction":null,"artwork_type":null,"name":null},"geometry":{"type":"Polygon","coordinates":[[[-106.839652,40.487741],[-106.839652,40.48774],[-106.839652,40.48774],[-106.839652,40.487739],[-106.839653,40.487738],[-106.839653,40.487738],[-106.839654,40.487737],[-106.839654,40.487737],[-106.839655,40.487736],[-106.839655,40.487736],[-106.839656,40.487735],[-106.839657,40.487735],[-106.839658,40.487735],[-106.839658,40.487734],[-106.839659,40.487734],[-106.83966,40.487734],[-106.839661,40.487734],[-106.839662,40.487734],[-106.839663,40.487734],[-106.839664,40.487734],[-106.839664,40.487735],[-106.839665,40.487735],[-106.839666,40.487735],[-106.839667,40.487736],[-106.839667,40.487736],[-106.839668,40.487737],[-106.839668,40.487737],[-106.839669,40.487738],[-106.839669,40.487738],[-106.83967,40.487739],[-106.83967,40.48774],[-106.83967,40.48774],[-106.83967,40.487741],[-106.83967,40.487742],[-106.83967,40.487742],[-106.83967,40.487743],[-106.839669,40.487744],[-106.839669,40.487744],[-106.839668,40.487745],[-106.839668,40.487745],[-106.839667,40.487746],[-106.839667,40.487746],[-106.839666,40.487747],[-106.839665,40.487747],[-106.839664,40.487747],[-106.839664,40.487748],[-106.839663,40.487748],[-106.839662,40.487748],[-106.839661,40.487748],[-106.83966,40.487748],[-106.839659,40.487748],[-106.839658,40.487748],[-106.839658,40.487747],[-106.839657,40.487747],[-106.839656,40.487747],[-106.839655,40.487746],[-106.839655,40.487746],[-106.839654,40.487745],[-106.839654,40.487745],[-106.839653,40.487744],[-106.839653,40.487744],[-106.839652,40.487743],[-106.839652,40.487742],[-106.839652,40.487742],[-106.839652,40.487741]]]}},{"id":"384","type":"Feature","properties":{"natural":null,"barrier":"kerb","highway":null,"amenity":null,"tourism":null,"base_elevation":83,"height":null,"material":null,"direction":null,"artwork_type":null,"name":null},"geometry":{"type":"Polygon","coordinates":[[[-106.839686,40.487708],[-106.839686,40.487708],[-106.839686,40.487707],[-106.839687,40.487706],[-106.839687,40.487706],[-106.839687,40.487705],[-106.839688,40.487705],[-106.839688,40.487704],[-106.839689,40.487704],[-106.83969,40.487703],[-106.83969,40.487703],[-106.839691,40.487702],[-106.839692,40.487702],[-106.839693,40.487702],[-106.839694,40.487702],[-106.839694,40.487702],[-106.839695,40.487702],[-106.839696,40.487702],[-106.839697,40.487702],[-106.839698,40.487702],[-106.839699,40.487702],[-106.8397,40.487702],[-106.8397,40.487703],[-106.839701,40.487703],[-106.839702,40.487704],[-106.839702,40.487704],[-106.839703,40.487705],[-106.839703,40.487705],[-106.839704,40.487706],[-106.839704,40.487706],[-106.839704,40.487707],[-106.839704,40.487708],[-106.839704,40.487708],[-106.839704,40.487709],[-106.839704,40.48771],[-106.839704,40.48771],[-106.839704,40.487711],[-106.839703,40.487712],[-106.839703,40.487712],[-106.839702,40.487713],[-106.839702,40.487713],[-106.839701,40.487714],[-106.8397,40.487714],[-106.8397,40.487714],[-106.839699,40.487715],[-106.839698,40.487715],[-106.839697,40.487715],[-106.839696,40.487715],[-106.839695,40.487715],[-106.839694,40.487715],[-106.839694,40.487715],[-106.839693,40.487715],[-106.839692,40.487715],[-106.839691,40.487714],[-106.83969,40.487714],[-106.83969,40.487714],[-106.839689,40.487713],[-106.839688,40.487713],[-106.839688,40.487712],[-106.839687,40.487712],[-106.839687,40.487711],[-106.839687,40.48771],[-106.839686,40.48771],[-106.839686,40.487709],[-106.839686,40.487708]]]}},{"id":"385","type":"Feature","properties":{"natural":null,"barrier":"kerb","highway":null,"amenity":null,"tourism":null,"base_elevation":83,"height":null,"material":null,"direction":null,"artwork_type":null,"name":null},"geometry":{"type":"Polygon","coordinates":[[[-106.839596,40.487793],[-106.839596,40.487793],[-106.839596,40.487792],[-106.839596,40.487791],[-106.839597,40.487791],[-106.839597,40.48779],[-106.839598,40.48779],[-106.839598,40.487789],[-106.839599,40.487789],[-106.839599,40.487788],[-106.8396,40.487788],[-106.839601,40.487787],[-106.839602,40.487787],[-106.839602,40.487787],[-106.839603,40.487787],[-106.839604,40.487787],[-106.839605,40.487787],[-106.839606,40.487787],[-106.839607,40.487787],[-106.839608,40.487787],[-106.839608,40.487787],[-106.839609,40.487787],[-106.83961,40.487788],[-106.839611,40.487788],[-106.839611,40.487789],[-106.839612,40.487789],[-106.839612,40.48779],[-106.839613,40.48779],[-106.839613,40.487791],[-106.839614,40.487791],[-106.839614,40.487792],[-106.839614,40.487793],[-106.839614,40.487793],[-106.839614,40.487794],[-106.839614,40.487795],[-106.839614,40.487795],[-106.839613,40.487796],[-106.839613,40.487797],[-106.839612,40.487797],[-106.839612,40.487798],[-106.839611,40.487798],[-106.839611,40.487799],[-106.83961,40.487799],[-106.839609,40.487799],[-106.839608,40.4878],[-106.839608,40.4878],[-106.839607,40.4878],[-106.839606,40.4878],[-106.839605,40.4878],[-106.839604,40.4878],[-106.839603,40.4878],[-106.839602,40.4878],[-106.839602,40.4878],[-106.839601,40.487799],[-106.8396,40.487799],[-106.839599,40.487799],[-106.839599,40.487798],[-106.839598,40.487798],[-106.839598,40.487797],[-106.839597,40.487797],[-106.839597,40.487796],[-106.839596,40.487795],[-106.839596,40.487795],[-106.839596,40.487794],[-106.839596,40.487793]]]}},{"id":"386","type":"Feature","properties":{"natural":null,"barrier":null,"highway":"crossing","amenity":null,"tourism":null,"base_elevation":83,"height":null,"material":null,"direction":null,"artwork_type":null,"name":null},"geometry":{"type":"Polygon","coordinates":[[[-106.838851,40.487278],[-106.838851,40.487277],[-106.838851,40.487276],[-106.838852,40.487276],[-106.838852,40.487275],[-106.838852,40.487275],[-106.838853,40.487274],[-106.838853,40.487273],[-106.838854,40.487273],[-106.838855,40.487273],[-106.838855,40.487272],[-106.838856,40.487272],[-106.838857,40.487271],[-106.838858,40.487271],[-106.838858,40.487271],[-106.838859,40.487271],[-106.83886,40.487271],[-106.838861,40.487271],[-106.838862,40.487271],[-106.838863,40.487271],[-106.838864,40.487271],[-106.838864,40.487272],[-106.838865,40.487272],[-106.838866,40.487273],[-106.838867,40.487273],[-106.838867,40.487273],[-106.838868,40.487274],[-106.838868,40.487275],[-106.838868,40.487275],[-106.838869,40.487276],[-106.838869,40.487276],[-106.838869,40.487277],[-106.838869,40.487278],[-106.838869,40.487278],[-106.838869,40.487279],[-106.838869,40.48728],[-106.838868,40.48728],[-106.838868,40.487281],[-106.838868,40.487282],[-106.838867,40.487282],[-106.838867,40.487283],[-106.838866,40.487283],[-106.838865,40.487283],[-106.838864,40.487284],[-106.838864,40.487284],[-106.838863,40.487284],[-106.838862,40.487285],[-106.838861,40.487285],[-106.83886,40.487285],[-106.838859,40.487285],[-106.838858,40.487285],[-106.838858,40.487284],[-106.838857,40.487284],[-106.838856,40.487284],[-106.838855,40.487283],[-106.838855,40.487283],[-106.838854,40.487283],[-106.838853,40.487282],[-106.838853,40.487282],[-106.838852,40.487281],[-106.838852,40.48728],[-106.838852,40.48728],[-106.838851,40.487279],[-106.838851,40.487278],[-106.838851,40.487278]]]}},{"id":"387","type":"Feature","properties":{"natural":null,"barrier":"kerb","highway":null,"amenity":null,"tourism":null,"base_elevation":83,"height":null,"material":null,"direction":null,"artwork_type":null,"name":null},"geometry":{"type":"Polygon","coordinates":[[[-106.838886,40.487244],[-106.838886,40.487244],[-106.838886,40.487243],[-106.838886,40.487242],[-106.838886,40.487242],[-106.838887,40.487241],[-106.838887,40.48724],[-106.838888,40.48724],[-106.838888,40.487239],[-106.838889,40.487239],[-106.83889,40.487239],[-106.83889,40.487238],[-106.838891,40.487238],[-106.838892,40.487238],[-106.838893,40.487237],[-106.838894,40.487237],[-106.838895,40.487237],[-106.838895,40.487237],[-106.838896,40.487237],[-106.838897,40.487238],[-106.838898,40.487238],[-106.838899,40.487238],[-106.8389,40.487239],[-106.8389,40.487239],[-106.838901,40.487239],[-106.838902,40.48724],[-106.838902,40.48724],[-106.838903,40.487241],[-106.838903,40.487242],[-106.838903,40.487242],[-106.838903,40.487243],[-106.838904,40.487244],[-106.838904,40.487244],[-106.838904,40.487245],[-106.838903,40.487246],[-106.838903,40.487246],[-106.838903,40.487247],[-106.838903,40.487247],[-106.838902,40.487248],[-106.838902,40.487249],[-106.838901,40.487249],[-106.8389,40.487249],[-106.8389,40.48725],[-106.838899,40.48725],[-106.838898,40.487251],[-106.838897,40.487251],[-106.838896,40.487251],[-106.838895,40.487251],[-106.838895,40.487251],[-106.838894,40.487251],[-106.838893,40.487251],[-106.838892,40.487251],[-106.838891,40.487251],[-106.83889,40.48725],[-106.83889,40.48725],[-106.838889,40.487249],[-106.838888,40.487249],[-106.838888,40.487249],[-106.838887,40.487248],[-106.838887,40.487247],[-106.838886,40.487247],[-106.838886,40.487246],[-106.838886,40.487246],[-106.838886,40.487245],[-106.838886,40.487244]]]}},{"id":"388","type":"Feature","properties":{"natural":null,"barrier":"kerb","highway":null,"amenity":null,"tourism":null,"base_elevation":83,"height":null,"material":null,"direction":null,"artwork_type":null,"name":null},"geometry":{"type":"Polygon","coordinates":[[[-106.838821,40.487307],[-106.838821,40.487307],[-106.838821,40.487306],[-106.838822,40.487305],[-106.838822,40.487305],[-106.838822,40.487304],[-106.838823,40.487303],[-106.838823,40.487303],[-106.838824,40.487302],[-106.838825,40.487302],[-106.838825,40.487302],[-106.838826,40.487301],[-106.838827,40.487301],[-106.838828,40.487301],[-106.838828,40.4873],[-106.838829,40.4873],[-106.83883,40.4873],[-106.838831,40.4873],[-106.838832,40.4873],[-106.838833,40.487301],[-106.838834,40.487301],[-106.838834,40.487301],[-106.838835,40.487302],[-106.838836,40.487302],[-106.838837,40.487302],[-106.838837,40.487303],[-106.838838,40.487303],[-106.838838,40.487304],[-106.838838,40.487305],[-106.838839,40.487305],[-106.838839,40.487306],[-106.838839,40.487307],[-106.838839,40.487307],[-106.838839,40.487308],[-106.838839,40.487309],[-106.838839,40.487309],[-106.838838,40.48731],[-106.838838,40.48731],[-106.838838,40.487311],[-106.838837,40.487312],[-106.838837,40.487312],[-106.838836,40.487312],[-106.838835,40.487313],[-106.838834,40.487313],[-106.838834,40.487314],[-106.838833,40.487314],[-106.838832,40.487314],[-106.838831,40.487314],[-106.83883,40.487314],[-106.838829,40.487314],[-106.838828,40.487314],[-106.838828,40.487314],[-106.838827,40.487314],[-106.838826,40.487313],[-106.838825,40.487313],[-106.838825,40.487312],[-106.838824,40.487312],[-106.838823,40.487312],[-106.838823,40.487311],[-106.838822,40.48731],[-106.838822,40.48731],[-106.838822,40.487309],[-106.838821,40.487309],[-106.838821,40.487308],[-106.838821,40.487307]]]}},{"id":"389","type":"Feature","properties":{"natural":null,"barrier":null,"highway":"crossing","amenity":null,"tourism":null,"base_elevation":83,"height":null,"material":null,"direction":null,"artwork_type":null,"name":null},"geometry":{"type":"Polygon","coordinates":[[[-106.838635,40.487153],[-106.838635,40.487152],[-106.838635,40.487151],[-106.838636,40.487151],[-106.838636,40.48715],[-106.838636,40.48715],[-106.838637,40.487149],[-106.838637,40.487148],[-106.838638,40.487148],[-106.838639,40.487148],[-106.838639,40.487147],[-106.83864,40.487147],[-106.838641,40.487146],[-106.838642,40.487146],[-106.838643,40.487146],[-106.838643,40.487146],[-106.838644,40.487146],[-106.838645,40.487146],[-106.838646,40.487146],[-106.838647,40.487146],[-106.838648,40.487146],[-106.838649,40.487147],[-106.838649,40.487147],[-106.83865,40.487148],[-106.838651,40.487148],[-106.838651,40.487148],[-106.838652,40.487149],[-106.838652,40.48715],[-106.838653,40.48715],[-106.838653,40.487151],[-106.838653,40.487151],[-106.838653,40.487152],[-106.838653,40.487153],[-106.838653,40.487153],[-106.838653,40.487154],[-106.838653,40.487155],[-106.838653,40.487155],[-106.838652,40.487156],[-106.838652,40.487157],[-106.838651,40.487157],[-106.838651,40.487158],[-106.83865,40.487158],[-106.838649,40.487158],[-106.838649,40.487159],[-106.838648,40.487159],[-106.838647,40.487159],[-106.838646,40.48716],[-106.838645,40.48716],[-106.838644,40.48716],[-106.838643,40.48716],[-106.838643,40.48716],[-106.838642,40.487159],[-106.838641,40.487159],[-106.83864,40.487159],[-106.838639,40.487158],[-106.838639,40.487158],[-106.838638,40.487158],[-106.838637,40.487157],[-106.838637,40.487157],[-106.838636,40.487156],[-106.838636,40.487155],[-106.838636,40.487155],[-106.838635,40.487154],[-106.838635,40.487153],[-106.838635,40.487153]]]}},{"id":"390","type":"Feature","properties":{"natural":null,"barrier":"kerb","highway":null,"amenity":null,"tourism":null,"base_elevation":83,"height":null,"material":null,"direction":null,"artwork_type":null,"name":null},"geometry":{"type":"Polygon","coordinates":[[[-106.838671,40.487119],[-106.838671,40.487118],[-106.838671,40.487117],[-106.838671,40.487117],[-106.838671,40.487116],[-106.838672,40.487116],[-106.838672,40.487115],[-106.838673,40.487114],[-106.838673,40.487114],[-106.838674,40.487114],[-106.838675,40.487113],[-106.838675,40.487113],[-106.838676,40.487112],[-106.838677,40.487112],[-106.838678,40.487112],[-106.838679,40.487112],[-106.83868,40.487112],[-106.838681,40.487112],[-106.838681,40.487112],[-106.838682,40.487112],[-106.838683,40.487112],[-106.838684,40.487113],[-106.838685,40.487113],[-106.838685,40.487114],[-106.838686,40.487114],[-106.838687,40.487114],[-106.838687,40.487115],[-106.838688,40.487116],[-106.838688,40.487116],[-106.838688,40.487117],[-106.838689,40.487117],[-106.838689,40.487118],[-106.838689,40.487119],[-106.838689,40.487119],[-106.838689,40.48712],[-106.838688,40.487121],[-106.838688,40.487121],[-106.838688,40.487122],[-106.838687,40.487123],[-106.838687,40.487123],[-106.838686,40.487124],[-106.838685,40.487124],[-106.838685,40.487124],[-106.838684,40.487125],[-106.838683,40.487125],[-106.838682,40.487125],[-106.838681,40.487126],[-106.838681,40.487126],[-106.83868,40.487126],[-106.838679,40.487126],[-106.838678,40.487126],[-106.838677,40.487125],[-106.838676,40.487125],[-106.838675,40.487125],[-106.838675,40.487124],[-106.838674,40.487124],[-106.838673,40.487124],[-106.838673,40.487123],[-106.838672,40.487123],[-106.838672,40.487122],[-106.838671,40.487121],[-106.838671,40.487121],[-106.838671,40.48712],[-106.838671,40.487119],[-106.838671,40.487119]]]}},{"id":"391","type":"Feature","properties":{"natural":null,"barrier":"kerb","highway":null,"amenity":null,"tourism":null,"base_elevation":83,"height":null,"material":null,"direction":null,"artwork_type":null,"name":null},"geometry":{"type":"Polygon","coordinates":[[[-106.838593,40.487193],[-106.838593,40.487193],[-106.838593,40.487192],[-106.838594,40.487191],[-106.838594,40.487191],[-106.838594,40.48719],[-106.838595,40.487189],[-106.838595,40.487189],[-106.838596,40.487188],[-106.838597,40.487188],[-106.838597,40.487188],[-106.838598,40.487187],[-106.838599,40.487187],[-106.8386,40.487187],[-106.838601,40.487186],[-106.838601,40.487186],[-106.838602,40.487186],[-106.838603,40.487186],[-106.838604,40.487186],[-106.838605,40.487187],[-106.838606,40.487187],[-106.838607,40.487187],[-106.838607,40.487188],[-106.838608,40.487188],[-106.838609,40.487188],[-106.838609,40.487189],[-106.83861,40.487189],[-106.83861,40.48719],[-106.838611,40.487191],[-106.838611,40.487191],[-106.838611,40.487192],[-106.838611,40.487193],[-106.838611,40.487193],[-106.838611,40.487194],[-106.838611,40.487195],[-106.838611,40.487195],[-106.838611,40.487196],[-106.83861,40.487196],[-106.83861,40.487197],[-106.838609,40.487198],[-106.838609,40.487198],[-106.838608,40.487198],[-106.838607,40.487199],[-106.838607,40.487199],[-106.838606,40.4872],[-106.838605,40.4872],[-106.838604,40.4872],[-106.838603,40.4872],[-106.838602,40.4872],[-106.838601,40.4872],[-106.838601,40.4872],[-106.8386,40.4872],[-106.838599,40.4872],[-106.838598,40.487199],[-106.838597,40.487199],[-106.838597,40.487198],[-106.838596,40.487198],[-106.838595,40.487198],[-106.838595,40.487197],[-106.838594,40.487196],[-106.838594,40.487196],[-106.838594,40.487195],[-106.838593,40.487195],[-106.838593,40.487194],[-106.838593,40.487193]]]}},{"id":"392","type":"Feature","properties":{"natural":null,"barrier":null,"highway":"crossing","amenity":null,"tourism":null,"base_elevation":127,"height":null,"material":null,"direction":null,"artwork_type":null,"name":null},"geometry":{"type":"Polygon","coordinates":[[[-106.819922,40.486688],[-106.819922,40.486687],[-106.819922,40.486686],[-106.819922,40.486686],[-106.819923,40.486685],[-106.819923,40.486685],[-106.819923,40.486684],[-106.819924,40.486683],[-106.819925,40.486683],[-106.819925,40.486683],[-106.819926,40.486682],[-106.819927,40.486682],[-106.819927,40.486681],[-106.819928,40.486681],[-106.819929,40.486681],[-106.81993,40.486681],[-106.819931,40.486681],[-106.819932,40.486681],[-106.819933,40.486681],[-106.819934,40.486681],[-106.819934,40.486681],[-106.819935,40.486682],[-106.819936,40.486682],[-106.819937,40.486683],[-106.819937,40.486683],[-106.819938,40.486683],[-106.819938,40.486684],[-106.819939,40.486685],[-106.819939,40.486685],[-106.819939,40.486686],[-106.81994,40.486686],[-106.81994,40.486687],[-106.81994,40.486688],[-106.81994,40.486688],[-106.81994,40.486689],[-106.819939,40.48669],[-106.819939,40.48669],[-106.819939,40.486691],[-106.819938,40.486692],[-106.819938,40.486692],[-106.819937,40.486693],[-106.819937,40.486693],[-106.819936,40.486693],[-106.819935,40.486694],[-106.819934,40.486694],[-106.819934,40.486694],[-106.819933,40.486695],[-106.819932,40.486695],[-106.819931,40.486695],[-106.81993,40.486695],[-106.819929,40.486695],[-106.819928,40.486694],[-106.819927,40.486694],[-106.819927,40.486694],[-106.819926,40.486693],[-106.819925,40.486693],[-106.819925,40.486693],[-106.819924,40.486692],[-106.819923,40.486692],[-106.819923,40.486691],[-106.819923,40.48669],[-106.819922,40.48669],[-106.819922,40.486689],[-106.819922,40.486688],[-106.819922,40.486688]]]}},{"id":"393","type":"Feature","properties":{"natural":null,"barrier":null,"highway":"crossing","amenity":null,"tourism":null,"base_elevation":111,"height":null,"material":null,"direction":null,"artwork_type":null,"name":null},"geometry":{"type":"Polygon","coordinates":[[[-106.823695,40.474402],[-106.823695,40.474402],[-106.823695,40.474401],[-106.823696,40.4744],[-106.823696,40.4744],[-106.823696,40.474399],[-106.823697,40.474398],[-106.823697,40.474398],[-106.823698,40.474397],[-106.823698,40.474397],[-106.823699,40.474397],[-106.8237,40.474396],[-106.823701,40.474396],[-106.823701,40.474396],[-106.823702,40.474395],[-106.823703,40.474395],[-106.823704,40.474395],[-106.823705,40.474395],[-106.823706,40.474395],[-106.823707,40.474396],[-106.823708,40.474396],[-106.823708,40.474396],[-106.823709,40.474397],[-106.82371,40.474397],[-106.82371,40.474397],[-106.823711,40.474398],[-106.823712,40.474398],[-106.823712,40.474399],[-106.823712,40.4744],[-106.823713,40.4744],[-106.823713,40.474401],[-106.823713,40.474402],[-106.823713,40.474402],[-106.823713,40.474403],[-106.823713,40.474404],[-106.823713,40.474404],[-106.823712,40.474405],[-106.823712,40.474405],[-106.823712,40.474406],[-106.823711,40.474407],[-106.82371,40.474407],[-106.82371,40.474407],[-106.823709,40.474408],[-106.823708,40.474408],[-106.823708,40.474409],[-106.823707,40.474409],[-106.823706,40.474409],[-106.823705,40.474409],[-106.823704,40.474409],[-106.823703,40.474409],[-106.823702,40.474409],[-106.823701,40.474409],[-106.823701,40.474409],[-106.8237,40.474408],[-106.823699,40.474408],[-106.823698,40.474407],[-106.823698,40.474407],[-106.823697,40.474407],[-106.823697,40.474406],[-106.823696,40.474405],[-106.823696,40.474405],[-106.823696,40.474404],[-106.823695,40.474404],[-106.823695,40.474403],[-106.823695,40.474402]]]}},{"id":"394","type":"Feature","properties":{"natural":null,"barrier":null,"highway":"crossing","amenity":null,"tourism":null,"base_elevation":104,"height":null,"material":null,"direction":null,"artwork_type":null,"name":null},"geometry":{"type":"Polygon","coordinates":[[[-106.824725,40.474822],[-106.824725,40.474822],[-106.824725,40.474821],[-106.824725,40.47482],[-106.824726,40.47482],[-106.824726,40.474819],[-106.824726,40.474818],[-106.824727,40.474818],[-106.824727,40.474817],[-106.824728,40.474817],[-106.824729,40.474817],[-106.82473,40.474816],[-106.82473,40.474816],[-106.824731,40.474816],[-106.824732,40.474815],[-106.824733,40.474815],[-106.824734,40.474815],[-106.824735,40.474815],[-106.824736,40.474815],[-106.824736,40.474816],[-106.824737,40.474816],[-106.824738,40.474816],[-106.824739,40.474817],[-106.824739,40.474817],[-106.82474,40.474817],[-106.824741,40.474818],[-106.824741,40.474818],[-106.824742,40.474819],[-106.824742,40.47482],[-106.824742,40.47482],[-106.824743,40.474821],[-106.824743,40.474822],[-106.824743,40.474822],[-106.824743,40.474823],[-106.824743,40.474824],[-106.824742,40.474824],[-106.824742,40.474825],[-106.824742,40.474825],[-106.824741,40.474826],[-106.824741,40.474827],[-106.82474,40.474827],[-106.824739,40.474827],[-106.824739,40.474828],[-106.824738,40.474828],[-106.824737,40.474829],[-106.824736,40.474829],[-106.824736,40.474829],[-106.824735,40.474829],[-106.824734,40.474829],[-106.824733,40.474829],[-106.824732,40.474829],[-106.824731,40.474829],[-106.82473,40.474829],[-106.82473,40.474828],[-106.824729,40.474828],[-106.824728,40.474827],[-106.824727,40.474827],[-106.824727,40.474827],[-106.824726,40.474826],[-106.824726,40.474825],[-106.824726,40.474825],[-106.824725,40.474824],[-106.824725,40.474824],[-106.824725,40.474823],[-106.824725,40.474822]]]}},{"id":"395","type":"Feature","properties":{"natural":null,"barrier":null,"highway":"crossing","amenity":null,"tourism":null,"base_elevation":104,"height":null,"material":null,"direction":null,"artwork_type":null,"name":null},"geometry":{"type":"Polygon","coordinates":[[[-106.824995,40.47468],[-106.824995,40.474679],[-106.824995,40.474678],[-106.824995,40.474678],[-106.824996,40.474677],[-106.824996,40.474677],[-106.824996,40.474676],[-106.824997,40.474675],[-106.824998,40.474675],[-106.824998,40.474675],[-106.824999,40.474674],[-106.825,40.474674],[-106.825,40.474673],[-106.825001,40.474673],[-106.825002,40.474673],[-106.825003,40.474673],[-106.825004,40.474673],[-106.825005,40.474673],[-106.825006,40.474673],[-106.825007,40.474673],[-106.825007,40.474673],[-106.825008,40.474674],[-106.825009,40.474674],[-106.82501,40.474675],[-106.82501,40.474675],[-106.825011,40.474675],[-106.825011,40.474676],[-106.825012,40.474677],[-106.825012,40.474677],[-106.825012,40.474678],[-106.825013,40.474678],[-106.825013,40.474679],[-106.825013,40.47468],[-106.825013,40.47468],[-106.825013,40.474681],[-106.825012,40.474682],[-106.825012,40.474682],[-106.825012,40.474683],[-106.825011,40.474684],[-106.825011,40.474684],[-106.82501,40.474685],[-106.82501,40.474685],[-106.825009,40.474685],[-106.825008,40.474686],[-106.825007,40.474686],[-106.825007,40.474686],[-106.825006,40.474687],[-106.825005,40.474687],[-106.825004,40.474687],[-106.825003,40.474687],[-106.825002,40.474687],[-106.825001,40.474686],[-106.825,40.474686],[-106.825,40.474686],[-106.824999,40.474685],[-106.824998,40.474685],[-106.824998,40.474685],[-106.824997,40.474684],[-106.824996,40.474684],[-106.824996,40.474683],[-106.824996,40.474682],[-106.824995,40.474682],[-106.824995,40.474681],[-106.824995,40.47468],[-106.824995,40.47468]]]}},{"id":"396","type":"Feature","properties":{"natural":null,"barrier":null,"highway":"crossing","amenity":null,"tourism":null,"base_elevation":108,"height":null,"material":null,"direction":null,"artwork_type":null,"name":null},"geometry":{"type":"Polygon","coordinates":[[[-106.82417,40.474529],[-106.82417,40.474528],[-106.82417,40.474528],[-106.82417,40.474527],[-106.82417,40.474526],[-106.824171,40.474526],[-106.824171,40.474525],[-106.824172,40.474525],[-106.824172,40.474524],[-106.824173,40.474524],[-106.824174,40.474523],[-106.824174,40.474523],[-106.824175,40.474523],[-106.824176,40.474522],[-106.824177,40.474522],[-106.824178,40.474522],[-106.824179,40.474522],[-106.82418,40.474522],[-106.82418,40.474522],[-106.824181,40.474522],[-106.824182,40.474523],[-106.824183,40.474523],[-106.824184,40.474523],[-106.824184,40.474524],[-106.824185,40.474524],[-106.824186,40.474525],[-106.824186,40.474525],[-106.824187,40.474526],[-106.824187,40.474526],[-106.824187,40.474527],[-106.824188,40.474528],[-106.824188,40.474528],[-106.824188,40.474529],[-106.824188,40.47453],[-106.824188,40.47453],[-106.824187,40.474531],[-106.824187,40.474532],[-106.824187,40.474532],[-106.824186,40.474533],[-106.824186,40.474533],[-106.824185,40.474534],[-106.824184,40.474534],[-106.824184,40.474535],[-106.824183,40.474535],[-106.824182,40.474535],[-106.824181,40.474535],[-106.82418,40.474536],[-106.82418,40.474536],[-106.824179,40.474536],[-106.824178,40.474536],[-106.824177,40.474536],[-106.824176,40.474535],[-106.824175,40.474535],[-106.824174,40.474535],[-106.824174,40.474535],[-106.824173,40.474534],[-106.824172,40.474534],[-106.824172,40.474533],[-106.824171,40.474533],[-106.824171,40.474532],[-106.82417,40.474532],[-106.82417,40.474531],[-106.82417,40.47453],[-106.82417,40.47453],[-106.82417,40.474529]]]}},{"id":"397","type":"Feature","properties":{"natural":null,"barrier":null,"highway":"crossing","amenity":null,"tourism":null,"base_elevation":125,"height":null,"material":null,"direction":null,"artwork_type":null,"name":null},"geometry":{"type":"Polygon","coordinates":[[[-106.842148,40.485004],[-106.842148,40.485004],[-106.842148,40.485003],[-106.842149,40.485002],[-106.842149,40.485002],[-106.842149,40.485001],[-106.84215,40.485001],[-106.84215,40.485],[-106.842151,40.485],[-106.842152,40.484999],[-106.842152,40.484999],[-106.842153,40.484998],[-106.842154,40.484998],[-106.842155,40.484998],[-106.842156,40.484998],[-106.842156,40.484998],[-106.842157,40.484998],[-106.842158,40.484998],[-106.842159,40.484998],[-106.84216,40.484998],[-106.842161,40.484998],[-106.842162,40.484998],[-106.842162,40.484999],[-106.842163,40.484999],[-106.842164,40.485],[-106.842164,40.485],[-106.842165,40.485001],[-106.842165,40.485001],[-106.842166,40.485002],[-106.842166,40.485002],[-106.842166,40.485003],[-106.842166,40.485004],[-106.842166,40.485004],[-106.842166,40.485005],[-106.842166,40.485006],[-106.842166,40.485006],[-106.842166,40.485007],[-106.842165,40.485008],[-106.842165,40.485008],[-106.842164,40.485009],[-106.842164,40.485009],[-106.842163,40.48501],[-106.842162,40.48501],[-106.842162,40.48501],[-106.842161,40.485011],[-106.84216,40.485011],[-106.842159,40.485011],[-106.842158,40.485011],[-106.842157,40.485011],[-106.842156,40.485011],[-106.842156,40.485011],[-106.842155,40.485011],[-106.842154,40.485011],[-106.842153,40.48501],[-106.842152,40.48501],[-106.842152,40.48501],[-106.842151,40.485009],[-106.84215,40.485009],[-106.84215,40.485008],[-106.842149,40.485008],[-106.842149,40.485007],[-106.842149,40.485006],[-106.842148,40.485006],[-106.842148,40.485005],[-106.842148,40.485004]]]}},{"id":"398","type":"Feature","properties":{"natural":null,"barrier":null,"highway":"crossing","amenity":null,"tourism":null,"base_elevation":125,"height":null,"material":null,"direction":null,"artwork_type":null,"name":null},"geometry":{"type":"Polygon","coordinates":[[[-106.839617,40.491779],[-106.839617,40.491778],[-106.839617,40.491778],[-106.839617,40.491777],[-106.839617,40.491776],[-106.839618,40.491776],[-106.839618,40.491775],[-106.839619,40.491775],[-106.839619,40.491774],[-106.83962,40.491774],[-106.839621,40.491773],[-106.839621,40.491773],[-106.839622,40.491773],[-106.839623,40.491773],[-106.839624,40.491772],[-106.839625,40.491772],[-106.839626,40.491772],[-106.839626,40.491772],[-106.839627,40.491772],[-106.839628,40.491773],[-106.839629,40.491773],[-106.83963,40.491773],[-106.839631,40.491773],[-106.839631,40.491774],[-106.839632,40.491774],[-106.839633,40.491775],[-106.839633,40.491775],[-106.839634,40.491776],[-106.839634,40.491776],[-106.839634,40.491777],[-106.839634,40.491778],[-106.839635,40.491778],[-106.839635,40.491779],[-106.839635,40.49178],[-106.839634,40.49178],[-106.839634,40.491781],[-106.839634,40.491782],[-106.839634,40.491782],[-106.839633,40.491783],[-106.839633,40.491783],[-106.839632,40.491784],[-106.839631,40.491784],[-106.839631,40.491785],[-106.83963,40.491785],[-106.839629,40.491785],[-106.839628,40.491786],[-106.839627,40.491786],[-106.839626,40.491786],[-106.839626,40.491786],[-106.839625,40.491786],[-106.839624,40.491786],[-106.839623,40.491786],[-106.839622,40.491785],[-106.839621,40.491785],[-106.839621,40.491785],[-106.83962,40.491784],[-106.839619,40.491784],[-106.839619,40.491783],[-106.839618,40.491783],[-106.839618,40.491782],[-106.839617,40.491782],[-106.839617,40.491781],[-106.839617,40.49178],[-106.839617,40.49178],[-106.839617,40.491779]]]}},{"id":"399","type":"Feature","properties":{"natural":null,"barrier":null,"highway":"crossing","amenity":null,"tourism":null,"base_elevation":125,"height":null,"material":null,"direction":null,"artwork_type":null,"name":null},"geometry":{"type":"Polygon","coordinates":[[[-106.839749,40.491921],[-106.839749,40.49192],[-106.839749,40.491919],[-106.83975,40.491919],[-106.83975,40.491918],[-106.83975,40.491917],[-106.839751,40.491917],[-106.839751,40.491916],[-106.839752,40.491916],[-106.839753,40.491915],[-106.839753,40.491915],[-106.839754,40.491915],[-106.839755,40.491914],[-106.839756,40.491914],[-106.839757,40.491914],[-106.839757,40.491914],[-106.839758,40.491914],[-106.839759,40.491914],[-106.83976,40.491914],[-106.839761,40.491914],[-106.839762,40.491914],[-106.839763,40.491915],[-106.839763,40.491915],[-106.839764,40.491915],[-106.839765,40.491916],[-106.839765,40.491916],[-106.839766,40.491917],[-106.839766,40.491917],[-106.839767,40.491918],[-106.839767,40.491919],[-106.839767,40.491919],[-106.839767,40.49192],[-106.839767,40.491921],[-106.839767,40.491921],[-106.839767,40.491922],[-106.839767,40.491923],[-106.839767,40.491923],[-106.839766,40.491924],[-106.839766,40.491924],[-106.839765,40.491925],[-106.839765,40.491925],[-106.839764,40.491926],[-106.839763,40.491926],[-106.839763,40.491927],[-106.839762,40.491927],[-106.839761,40.491927],[-106.83976,40.491927],[-106.839759,40.491927],[-106.839758,40.491927],[-106.839757,40.491927],[-106.839757,40.491927],[-106.839756,40.491927],[-106.839755,40.491927],[-106.839754,40.491927],[-106.839753,40.491926],[-106.839753,40.491926],[-106.839752,40.491925],[-106.839751,40.491925],[-106.839751,40.491924],[-106.83975,40.491924],[-106.83975,40.491923],[-106.83975,40.491923],[-106.839749,40.491922],[-106.839749,40.491921],[-106.839749,40.491921]]]}},{"id":"400","type":"Feature","properties":{"natural":null,"barrier":null,"highway":"crossing","amenity":null,"tourism":null,"base_elevation":129,"height":null,"material":null,"direction":null,"artwork_type":null,"name":null},"geometry":{"type":"Polygon","coordinates":[[[-106.839871,40.49205],[-106.839871,40.492049],[-106.839871,40.492048],[-106.839871,40.492048],[-106.839871,40.492047],[-106.839872,40.492046],[-106.839872,40.492046],[-106.839873,40.492045],[-106.839873,40.492045],[-106.839874,40.492044],[-106.839875,40.492044],[-106.839875,40.492044],[-106.839876,40.492043],[-106.839877,40.492043],[-106.839878,40.492043],[-106.839879,40.492043],[-106.83988,40.492043],[-106.83988,40.492043],[-106.839881,40.492043],[-106.839882,40.492043],[-106.839883,40.492043],[-106.839884,40.492044],[-106.839884,40.492044],[-106.839885,40.492044],[-106.839886,40.492045],[-106.839886,40.492045],[-106.839887,40.492046],[-106.839887,40.492046],[-106.839888,40.492047],[-106.839888,40.492048],[-106.839888,40.492048],[-106.839888,40.492049],[-106.839888,40.49205],[-106.839888,40.49205],[-106.839888,40.492051],[-106.839888,40.492052],[-106.839888,40.492052],[-106.839887,40.492053],[-106.839887,40.492053],[-106.839886,40.492054],[-106.839886,40.492055],[-106.839885,40.492055],[-106.839884,40.492055],[-106.839884,40.492056],[-106.839883,40.492056],[-106.839882,40.492056],[-106.839881,40.492056],[-106.83988,40.492056],[-106.83988,40.492057],[-106.839879,40.492056],[-106.839878,40.492056],[-106.839877,40.492056],[-106.839876,40.492056],[-106.839875,40.492056],[-106.839875,40.492055],[-106.839874,40.492055],[-106.839873,40.492055],[-106.839873,40.492054],[-106.839872,40.492053],[-106.839872,40.492053],[-106.839871,40.492052],[-106.839871,40.492052],[-106.839871,40.492051],[-106.839871,40.49205],[-106.839871,40.49205]]]}},{"id":"401","type":"Feature","properties":{"natural":null,"barrier":null,"highway":null,"amenity":"bench","tourism":null,"base_elevation":111,"height":null,"material":null,"direction":null,"artwork_type":null,"name":null},"geometry":{"type":"Polygon","coordinates":[[[-106.822549,40.465976],[-106.822549,40.465975],[-106.822549,40.465975],[-106.822549,40.465974],[-106.822549,40.465973],[-106.82255,40.465973],[-106.82255,40.465972],[-106.822551,40.465972],[-106.822551,40.465971],[-106.822552,40.465971],[-106.822553,40.46597],[-106.822553,40.46597],[-106.822554,40.46597],[-106.822555,40.46597],[-106.822556,40.465969],[-106.822557,40.465969],[-106.822557,40.465969],[-106.822558,40.465969],[-106.822559,40.465969],[-106.82256,40.46597],[-106.822561,40.46597],[-106.822562,40.46597],[-106.822562,40.46597],[-106.822563,40.465971],[-106.822564,40.465971],[-106.822564,40.465972],[-106.822565,40.465972],[-106.822565,40.465973],[-106.822566,40.465973],[-106.822566,40.465974],[-106.822566,40.465975],[-106.822566,40.465975],[-106.822566,40.465976],[-106.822566,40.465977],[-106.822566,40.465977],[-106.822566,40.465978],[-106.822566,40.465979],[-106.822565,40.465979],[-106.822565,40.46598],[-106.822564,40.46598],[-106.822564,40.465981],[-106.822563,40.465981],[-106.822562,40.465982],[-106.822562,40.465982],[-106.822561,40.465982],[-106.82256,40.465983],[-106.822559,40.465983],[-106.822558,40.465983],[-106.822557,40.465983],[-106.822557,40.465983],[-106.822556,40.465983],[-106.822555,40.465983],[-106.822554,40.465982],[-106.822553,40.465982],[-106.822553,40.465982],[-106.822552,40.465981],[-106.822551,40.465981],[-106.822551,40.46598],[-106.82255,40.46598],[-106.82255,40.465979],[-106.822549,40.465979],[-106.822549,40.465978],[-106.822549,40.465977],[-106.822549,40.465977],[-106.822549,40.465976]]]}},{"id":"402","type":"Feature","properties":{"natural":null,"barrier":null,"highway":"crossing","amenity":null,"tourism":null,"base_elevation":102,"height":null,"material":null,"direction":null,"artwork_type":null,"name":null},"geometry":{"type":"Polygon","coordinates":[[[-106.827437,40.465352],[-106.827437,40.465351],[-106.827437,40.465351],[-106.827437,40.46535],[-106.827438,40.465349],[-106.827438,40.465349],[-106.827438,40.465348],[-106.827439,40.465348],[-106.827439,40.465347],[-106.82744,40.465347],[-106.827441,40.465346],[-106.827442,40.465346],[-106.827442,40.465346],[-106.827443,40.465345],[-106.827444,40.465345],[-106.827445,40.465345],[-106.827446,40.465345],[-106.827447,40.465345],[-106.827448,40.465345],[-106.827448,40.465345],[-106.827449,40.465346],[-106.82745,40.465346],[-106.827451,40.465346],[-106.827451,40.465347],[-106.827452,40.465347],[-106.827453,40.465348],[-106.827453,40.465348],[-106.827454,40.465349],[-106.827454,40.465349],[-106.827454,40.46535],[-106.827455,40.465351],[-106.827455,40.465351],[-106.827455,40.465352],[-106.827455,40.465353],[-106.827455,40.465353],[-106.827454,40.465354],[-106.827454,40.465355],[-106.827454,40.465355],[-106.827453,40.465356],[-106.827453,40.465356],[-106.827452,40.465357],[-106.827451,40.465357],[-106.827451,40.465358],[-106.82745,40.465358],[-106.827449,40.465358],[-106.827448,40.465359],[-106.827448,40.465359],[-106.827447,40.465359],[-106.827446,40.465359],[-106.827445,40.465359],[-106.827444,40.465359],[-106.827443,40.465359],[-106.827442,40.465358],[-106.827442,40.465358],[-106.827441,40.465358],[-106.82744,40.465357],[-106.827439,40.465357],[-106.827439,40.465356],[-106.827438,40.465356],[-106.827438,40.465355],[-106.827438,40.465355],[-106.827437,40.465354],[-106.827437,40.465353],[-106.827437,40.465353],[-106.827437,40.465352]]]}},{"id":"403","type":"Feature","properties":{"natural":null,"barrier":null,"highway":"crossing","amenity":null,"tourism":null,"base_elevation":101,"height":null,"material":null,"direction":null,"artwork_type":null,"name":null},"geometry":{"type":"Polygon","coordinates":[[[-106.827799,40.465246],[-106.827799,40.465245],[-106.827799,40.465245],[-106.827799,40.465244],[-106.827799,40.465243],[-106.8278,40.465243],[-106.8278,40.465242],[-106.827801,40.465242],[-106.827801,40.465241],[-106.827802,40.465241],[-106.827803,40.46524],[-106.827803,40.46524],[-106.827804,40.46524],[-106.827805,40.46524],[-106.827806,40.465239],[-106.827807,40.465239],[-106.827808,40.465239],[-106.827808,40.465239],[-106.827809,40.465239],[-106.82781,40.46524],[-106.827811,40.46524],[-106.827812,40.46524],[-106.827812,40.46524],[-106.827813,40.465241],[-106.827814,40.465241],[-106.827814,40.465242],[-106.827815,40.465242],[-106.827815,40.465243],[-106.827816,40.465243],[-106.827816,40.465244],[-106.827816,40.465245],[-106.827816,40.465245],[-106.827816,40.465246],[-106.827816,40.465247],[-106.827816,40.465247],[-106.827816,40.465248],[-106.827816,40.465249],[-106.827815,40.465249],[-106.827815,40.46525],[-106.827814,40.46525],[-106.827814,40.465251],[-106.827813,40.465251],[-106.827812,40.465252],[-106.827812,40.465252],[-106.827811,40.465252],[-106.82781,40.465253],[-106.827809,40.465253],[-106.827808,40.465253],[-106.827808,40.465253],[-106.827807,40.465253],[-106.827806,40.465253],[-106.827805,40.465253],[-106.827804,40.465252],[-106.827803,40.465252],[-106.827803,40.465252],[-106.827802,40.465251],[-106.827801,40.465251],[-106.827801,40.46525],[-106.8278,40.46525],[-106.8278,40.465249],[-106.827799,40.465249],[-106.827799,40.465248],[-106.827799,40.465247],[-106.827799,40.465247],[-106.827799,40.465246]]]}},{"id":"404","type":"Feature","properties":{"natural":null,"barrier":null,"highway":"crossing","amenity":null,"tourism":null,"base_elevation":107,"height":null,"material":null,"direction":null,"artwork_type":null,"name":null},"geometry":{"type":"Polygon","coordinates":[[[-106.824103,40.465248],[-106.824103,40.465247],[-106.824104,40.465246],[-106.824104,40.465246],[-106.824104,40.465245],[-106.824104,40.465245],[-106.824105,40.465244],[-106.824105,40.465243],[-106.824106,40.465243],[-106.824107,40.465243],[-106.824107,40.465242],[-106.824108,40.465242],[-106.824109,40.465241],[-106.82411,40.465241],[-106.824111,40.465241],[-106.824112,40.465241],[-106.824112,40.465241],[-106.824113,40.465241],[-106.824114,40.465241],[-106.824115,40.465241],[-106.824116,40.465241],[-106.824117,40.465242],[-106.824117,40.465242],[-106.824118,40.465243],[-106.824119,40.465243],[-106.824119,40.465243],[-106.82412,40.465244],[-106.82412,40.465245],[-106.824121,40.465245],[-106.824121,40.465246],[-106.824121,40.465246],[-106.824121,40.465247],[-106.824121,40.465248],[-106.824121,40.465248],[-106.824121,40.465249],[-106.824121,40.46525],[-106.824121,40.46525],[-106.82412,40.465251],[-106.82412,40.465252],[-106.824119,40.465252],[-106.824119,40.465253],[-106.824118,40.465253],[-106.824117,40.465253],[-106.824117,40.465254],[-106.824116,40.465254],[-106.824115,40.465254],[-106.824114,40.465255],[-106.824113,40.465255],[-106.824112,40.465255],[-106.824112,40.465255],[-106.824111,40.465255],[-106.82411,40.465254],[-106.824109,40.465254],[-106.824108,40.465254],[-106.824107,40.465253],[-106.824107,40.465253],[-106.824106,40.465253],[-106.824105,40.465252],[-106.824105,40.465252],[-106.824104,40.465251],[-106.824104,40.46525],[-106.824104,40.46525],[-106.824104,40.465249],[-106.824103,40.465248],[-106.824103,40.465248]]]}},{"id":"405","type":"Feature","properties":{"natural":null,"barrier":null,"highway":null,"amenity":null,"tourism":"artwork","base_elevation":151,"height":null,"material":null,"direction":null,"artwork_type":"statue","name":null},"geometry":{"type":"Polygon","coordinates":[[[-106.803831,40.457662],[-106.803831,40.457662],[-106.803832,40.457661],[-106.803832,40.45766],[-106.803832,40.45766],[-106.803832,40.457659],[-106.803833,40.457658],[-106.803833,40.457658],[-106.803834,40.457657],[-106.803835,40.457657],[-106.803835,40.457657],[-106.803836,40.457656],[-106.803837,40.457656],[-106.803838,40.457656],[-106.803839,40.457655],[-106.80384,40.457655],[-106.80384,40.457655],[-106.803841,40.457655],[-106.803842,40.457655],[-106.803843,40.457656],[-106.803844,40.457656],[-106.803845,40.457656],[-106.803845,40.457657],[-106.803846,40.457657],[-106.803847,40.457657],[-106.803847,40.457658],[-106.803848,40.457658],[-106.803848,40.457659],[-106.803849,40.45766],[-106.803849,40.45766],[-106.803849,40.457661],[-106.803849,40.457662],[-106.803849,40.457662],[-106.803849,40.457663],[-106.803849,40.457664],[-106.803849,40.457664],[-106.803849,40.457665],[-106.803848,40.457665],[-106.803848,40.457666],[-106.803847,40.457667],[-106.803847,40.457667],[-106.803846,40.457667],[-106.803845,40.457668],[-106.803845,40.457668],[-106.803844,40.457669],[-106.803843,40.457669],[-106.803842,40.457669],[-106.803841,40.457669],[-106.80384,40.457669],[-106.80384,40.457669],[-106.803839,40.457669],[-106.803838,40.457669],[-106.803837,40.457669],[-106.803836,40.457668],[-106.803835,40.457668],[-106.803835,40.457667],[-106.803834,40.457667],[-106.803833,40.457667],[-106.803833,40.457666],[-106.803832,40.457665],[-106.803832,40.457665],[-106.803832,40.457664],[-106.803832,40.457664],[-106.803831,40.457663],[-106.803831,40.457662]]]}},{"id":"406","type":"Feature","properties":{"natural":null,"barrier":null,"highway":"crossing","amenity":null,"tourism":null,"base_elevation":100,"height":null,"material":null,"direction":null,"artwork_type":null,"name":null},"geometry":{"type":"Polygon","coordinates":[[[-106.828456,40.483702],[-106.828456,40.483701],[-106.828456,40.4837],[-106.828457,40.4837],[-106.828457,40.483699],[-106.828457,40.483699],[-106.828458,40.483698],[-106.828458,40.483697],[-106.828459,40.483697],[-106.828459,40.483697],[-106.82846,40.483696],[-106.828461,40.483696],[-106.828462,40.483695],[-106.828462,40.483695],[-106.828463,40.483695],[-106.828464,40.483695],[-106.828465,40.483695],[-106.828466,40.483695],[-106.828467,40.483695],[-106.828468,40.483695],[-106.828469,40.483695],[-106.828469,40.483696],[-106.82847,40.483696],[-106.828471,40.483697],[-106.828471,40.483697],[-106.828472,40.483697],[-106.828473,40.483698],[-106.828473,40.483699],[-106.828473,40.483699],[-106.828474,40.4837],[-106.828474,40.4837],[-106.828474,40.483701],[-106.828474,40.483702],[-106.828474,40.483702],[-106.828474,40.483703],[-106.828474,40.483704],[-106.828473,40.483704],[-106.828473,40.483705],[-106.828473,40.483706],[-106.828472,40.483706],[-106.828471,40.483707],[-106.828471,40.483707],[-106.82847,40.483707],[-106.828469,40.483708],[-106.828469,40.483708],[-106.828468,40.483708],[-106.828467,40.483709],[-106.828466,40.483709],[-106.828465,40.483709],[-106.828464,40.483709],[-106.828463,40.483709],[-106.828462,40.483708],[-106.828462,40.483708],[-106.828461,40.483708],[-106.82846,40.483707],[-106.828459,40.483707],[-106.828459,40.483707],[-106.828458,40.483706],[-106.828458,40.483706],[-106.828457,40.483705],[-106.828457,40.483704],[-106.828457,40.483704],[-106.828456,40.483703],[-106.828456,40.483702],[-106.828456,40.483702]]]}},{"id":"407","type":"Feature","properties":{"natural":null,"barrier":null,"highway":"crossing","amenity":null,"tourism":null,"base_elevation":101,"height":null,"material":null,"direction":null,"artwork_type":null,"name":null},"geometry":{"type":"Polygon","coordinates":[[[-106.828295,40.483729],[-106.828295,40.483729],[-106.828295,40.483728],[-106.828295,40.483727],[-106.828295,40.483727],[-106.828296,40.483726],[-106.828296,40.483725],[-106.828297,40.483725],[-106.828297,40.483724],[-106.828298,40.483724],[-106.828299,40.483724],[-106.828299,40.483723],[-106.8283,40.483723],[-106.828301,40.483723],[-106.828302,40.483722],[-106.828303,40.483722],[-106.828304,40.483722],[-106.828305,40.483722],[-106.828305,40.483722],[-106.828306,40.483723],[-106.828307,40.483723],[-106.828308,40.483723],[-106.828309,40.483724],[-106.828309,40.483724],[-106.82831,40.483724],[-106.828311,40.483725],[-106.828311,40.483725],[-106.828312,40.483726],[-106.828312,40.483727],[-106.828312,40.483727],[-106.828313,40.483728],[-106.828313,40.483729],[-106.828313,40.483729],[-106.828313,40.48373],[-106.828313,40.483731],[-106.828312,40.483731],[-106.828312,40.483732],[-106.828312,40.483732],[-106.828311,40.483733],[-106.828311,40.483734],[-106.82831,40.483734],[-106.828309,40.483734],[-106.828309,40.483735],[-106.828308,40.483735],[-106.828307,40.483736],[-106.828306,40.483736],[-106.828305,40.483736],[-106.828305,40.483736],[-106.828304,40.483736],[-106.828303,40.483736],[-106.828302,40.483736],[-106.828301,40.483736],[-106.8283,40.483736],[-106.828299,40.483735],[-106.828299,40.483735],[-106.828298,40.483734],[-106.828297,40.483734],[-106.828297,40.483734],[-106.828296,40.483733],[-106.828296,40.483732],[-106.828295,40.483732],[-106.828295,40.483731],[-106.828295,40.483731],[-106.828295,40.48373],[-106.828295,40.483729]]]}},{"id":"408","type":"Feature","properties":{"natural":null,"barrier":null,"highway":"crossing","amenity":null,"tourism":null,"base_elevation":100,"height":null,"material":null,"direction":null,"artwork_type":null,"name":null},"geometry":{"type":"Polygon","coordinates":[[[-106.8285,40.483852],[-106.8285,40.483852],[-106.8285,40.483851],[-106.8285,40.48385],[-106.828501,40.48385],[-106.828501,40.483849],[-106.828502,40.483848],[-106.828502,40.483848],[-106.828503,40.483847],[-106.828503,40.483847],[-106.828504,40.483847],[-106.828505,40.483846],[-106.828506,40.483846],[-106.828506,40.483846],[-106.828507,40.483845],[-106.828508,40.483845],[-106.828509,40.483845],[-106.82851,40.483845],[-106.828511,40.483845],[-106.828512,40.483846],[-106.828512,40.483846],[-106.828513,40.483846],[-106.828514,40.483847],[-106.828515,40.483847],[-106.828515,40.483847],[-106.828516,40.483848],[-106.828516,40.483848],[-106.828517,40.483849],[-106.828517,40.48385],[-106.828518,40.48385],[-106.828518,40.483851],[-106.828518,40.483852],[-106.828518,40.483852],[-106.828518,40.483853],[-106.828518,40.483854],[-106.828518,40.483854],[-106.828517,40.483855],[-106.828517,40.483855],[-106.828516,40.483856],[-106.828516,40.483857],[-106.828515,40.483857],[-106.828515,40.483857],[-106.828514,40.483858],[-106.828513,40.483858],[-106.828512,40.483859],[-106.828512,40.483859],[-106.828511,40.483859],[-106.82851,40.483859],[-106.828509,40.483859],[-106.828508,40.483859],[-106.828507,40.483859],[-106.828506,40.483859],[-106.828506,40.483859],[-106.828505,40.483858],[-106.828504,40.483858],[-106.828503,40.483857],[-106.828503,40.483857],[-106.828502,40.483857],[-106.828502,40.483856],[-106.828501,40.483855],[-106.828501,40.483855],[-106.8285,40.483854],[-106.8285,40.483854],[-106.8285,40.483853],[-106.8285,40.483852]]]}},{"id":"409","type":"Feature","properties":{"natural":null,"barrier":null,"highway":"crossing","amenity":null,"tourism":null,"base_elevation":126,"height":null,"material":null,"direction":null,"artwork_type":null,"name":null},"geometry":{"type":"Polygon","coordinates":[[[-106.817034,40.464468],[-106.817034,40.464468],[-106.817034,40.464467],[-106.817034,40.464466],[-106.817035,40.464466],[-106.817035,40.464465],[-106.817035,40.464465],[-106.817036,40.464464],[-106.817036,40.464464],[-106.817037,40.464463],[-106.817038,40.464463],[-106.817039,40.464462],[-106.817039,40.464462],[-106.81704,40.464462],[-106.817041,40.464462],[-106.817042,40.464462],[-106.817043,40.464462],[-106.817044,40.464462],[-106.817045,40.464462],[-106.817045,40.464462],[-106.817046,40.464462],[-106.817047,40.464462],[-106.817048,40.464463],[-106.817048,40.464463],[-106.817049,40.464464],[-106.81705,40.464464],[-106.81705,40.464465],[-106.817051,40.464465],[-106.817051,40.464466],[-106.817051,40.464466],[-106.817052,40.464467],[-106.817052,40.464468],[-106.817052,40.464468],[-106.817052,40.464469],[-106.817052,40.46447],[-106.817051,40.46447],[-106.817051,40.464471],[-106.817051,40.464472],[-106.81705,40.464472],[-106.81705,40.464473],[-106.817049,40.464473],[-106.817048,40.464474],[-106.817048,40.464474],[-106.817047,40.464474],[-106.817046,40.464475],[-106.817045,40.464475],[-106.817045,40.464475],[-106.817044,40.464475],[-106.817043,40.464475],[-106.817042,40.464475],[-106.817041,40.464475],[-106.81704,40.464475],[-106.817039,40.464475],[-106.817039,40.464474],[-106.817038,40.464474],[-106.817037,40.464474],[-106.817036,40.464473],[-106.817036,40.464473],[-106.817035,40.464472],[-106.817035,40.464472],[-106.817035,40.464471],[-106.817034,40.46447],[-106.817034,40.46447],[-106.817034,40.464469],[-106.817034,40.464468]]]}},{"id":"410","type":"Feature","properties":{"natural":null,"barrier":null,"highway":"crossing","amenity":null,"tourism":null,"base_elevation":111,"height":null,"material":null,"direction":null,"artwork_type":null,"name":null},"geometry":{"type":"Polygon","coordinates":[[[-106.873439,40.510669],[-106.873439,40.510669],[-106.873439,40.510668],[-106.873439,40.510667],[-106.873439,40.510667],[-106.87344,40.510666],[-106.87344,40.510666],[-106.873441,40.510665],[-106.873441,40.510665],[-106.873442,40.510664],[-106.873443,40.510664],[-106.873443,40.510663],[-106.873444,40.510663],[-106.873445,40.510663],[-106.873446,40.510663],[-106.873447,40.510663],[-106.873448,40.510663],[-106.873448,40.510663],[-106.873449,40.510663],[-106.87345,40.510663],[-106.873451,40.510663],[-106.873452,40.510663],[-106.873453,40.510664],[-106.873453,40.510664],[-106.873454,40.510665],[-106.873455,40.510665],[-106.873455,40.510666],[-106.873456,40.510666],[-106.873456,40.510667],[-106.873456,40.510667],[-106.873456,40.510668],[-106.873457,40.510669],[-106.873457,40.510669],[-106.873457,40.51067],[-106.873456,40.510671],[-106.873456,40.510671],[-106.873456,40.510672],[-106.873456,40.510673],[-106.873455,40.510673],[-106.873455,40.510674],[-106.873454,40.510674],[-106.873453,40.510675],[-106.873453,40.510675],[-106.873452,40.510675],[-106.873451,40.510676],[-106.87345,40.510676],[-106.873449,40.510676],[-106.873448,40.510676],[-106.873448,40.510676],[-106.873447,40.510676],[-106.873446,40.510676],[-106.873445,40.510676],[-106.873444,40.510676],[-106.873443,40.510675],[-106.873443,40.510675],[-106.873442,40.510675],[-106.873441,40.510674],[-106.873441,40.510674],[-106.87344,40.510673],[-106.87344,40.510673],[-106.873439,40.510672],[-106.873439,40.510671],[-106.873439,40.510671],[-106.873439,40.51067],[-106.873439,40.510669]]]}},{"id":"411","type":"Feature","properties":{"natural":null,"barrier":null,"highway":"crossing","amenity":null,"tourism":null,"base_elevation":107,"height":null,"material":null,"direction":null,"artwork_type":null,"name":null},"geometry":{"type":"Polygon","coordinates":[[[-106.87094,40.508076],[-106.87094,40.508076],[-106.87094,40.508075],[-106.87094,40.508074],[-106.87094,40.508074],[-106.870941,40.508073],[-106.870941,40.508073],[-106.870942,40.508072],[-106.870942,40.508071],[-106.870943,40.508071],[-106.870944,40.508071],[-106.870944,40.50807],[-106.870945,40.50807],[-106.870946,40.50807],[-106.870947,40.50807],[-106.870948,40.50807],[-106.870949,40.508069],[-106.87095,40.50807],[-106.87095,40.50807],[-106.870951,40.50807],[-106.870952,40.50807],[-106.870953,40.50807],[-106.870954,40.508071],[-106.870954,40.508071],[-106.870955,40.508071],[-106.870956,40.508072],[-106.870956,40.508073],[-106.870957,40.508073],[-106.870957,40.508074],[-106.870957,40.508074],[-106.870958,40.508075],[-106.870958,40.508076],[-106.870958,40.508076],[-106.870958,40.508077],[-106.870958,40.508078],[-106.870957,40.508078],[-106.870957,40.508079],[-106.870957,40.50808],[-106.870956,40.50808],[-106.870956,40.508081],[-106.870955,40.508081],[-106.870954,40.508082],[-106.870954,40.508082],[-106.870953,40.508082],[-106.870952,40.508083],[-106.870951,40.508083],[-106.87095,40.508083],[-106.87095,40.508083],[-106.870949,40.508083],[-106.870948,40.508083],[-106.870947,40.508083],[-106.870946,40.508083],[-106.870945,40.508083],[-106.870944,40.508082],[-106.870944,40.508082],[-106.870943,40.508082],[-106.870942,40.508081],[-106.870942,40.508081],[-106.870941,40.50808],[-106.870941,40.50808],[-106.87094,40.508079],[-106.87094,40.508078],[-106.87094,40.508078],[-106.87094,40.508077],[-106.87094,40.508076]]]}},{"id":"412","type":"Feature","properties":{"natural":null,"barrier":null,"highway":"crossing","amenity":null,"tourism":null,"base_elevation":93,"height":null,"material":null,"direction":null,"artwork_type":null,"name":null},"geometry":{"type":"Polygon","coordinates":[[[-106.872182,40.508184],[-106.872182,40.508183],[-106.872182,40.508183],[-106.872183,40.508182],[-106.872183,40.508181],[-106.872183,40.508181],[-106.872184,40.50818],[-106.872184,40.50818],[-106.872185,40.508179],[-106.872185,40.508179],[-106.872186,40.508178],[-106.872187,40.508178],[-106.872188,40.508178],[-106.872188,40.508177],[-106.872189,40.508177],[-106.87219,40.508177],[-106.872191,40.508177],[-106.872192,40.508177],[-106.872193,40.508177],[-106.872194,40.508177],[-106.872195,40.508178],[-106.872195,40.508178],[-106.872196,40.508178],[-106.872197,40.508179],[-106.872197,40.508179],[-106.872198,40.50818],[-106.872199,40.50818],[-106.872199,40.508181],[-106.872199,40.508181],[-106.8722,40.508182],[-106.8722,40.508183],[-106.8722,40.508183],[-106.8722,40.508184],[-106.8722,40.508185],[-106.8722,40.508185],[-106.8722,40.508186],[-106.872199,40.508187],[-106.872199,40.508187],[-106.872199,40.508188],[-106.872198,40.508188],[-106.872197,40.508189],[-106.872197,40.508189],[-106.872196,40.50819],[-106.872195,40.50819],[-106.872195,40.50819],[-106.872194,40.50819],[-106.872193,40.508191],[-106.872192,40.508191],[-106.872191,40.508191],[-106.87219,40.508191],[-106.872189,40.508191],[-106.872188,40.50819],[-106.872188,40.50819],[-106.872187,40.50819],[-106.872186,40.50819],[-106.872185,40.508189],[-106.872185,40.508189],[-106.872184,40.508188],[-106.872184,40.508188],[-106.872183,40.508187],[-106.872183,40.508187],[-106.872183,40.508186],[-106.872182,40.508185],[-106.872182,40.508185],[-106.872182,40.508184]]]}},{"id":"413","type":"Feature","properties":{"natural":null,"barrier":null,"highway":"crossing","amenity":null,"tourism":null,"base_elevation":76,"height":null,"material":null,"direction":null,"artwork_type":null,"name":null},"geometry":{"type":"Polygon","coordinates":[[[-106.856927,40.50154],[-106.856927,40.50154],[-106.856927,40.501539],[-106.856927,40.501538],[-106.856928,40.501538],[-106.856928,40.501537],[-106.856928,40.501537],[-106.856929,40.501536],[-106.85693,40.501535],[-106.85693,40.501535],[-106.856931,40.501535],[-106.856932,40.501534],[-106.856932,40.501534],[-106.856933,40.501534],[-106.856934,40.501534],[-106.856935,40.501534],[-106.856936,40.501533],[-106.856937,40.501534],[-106.856938,40.501534],[-106.856939,40.501534],[-106.856939,40.501534],[-106.85694,40.501534],[-106.856941,40.501535],[-106.856942,40.501535],[-106.856942,40.501535],[-106.856943,40.501536],[-106.856943,40.501537],[-106.856944,40.501537],[-106.856944,40.501538],[-106.856944,40.501538],[-106.856945,40.501539],[-106.856945,40.50154],[-106.856945,40.50154],[-106.856945,40.501541],[-106.856945,40.501542],[-106.856944,40.501542],[-106.856944,40.501543],[-106.856944,40.501544],[-106.856943,40.501544],[-106.856943,40.501545],[-106.856942,40.501545],[-106.856942,40.501546],[-106.856941,40.501546],[-106.85694,40.501546],[-106.856939,40.501547],[-106.856939,40.501547],[-106.856938,40.501547],[-106.856937,40.501547],[-106.856936,40.501547],[-106.856935,40.501547],[-106.856934,40.501547],[-106.856933,40.501547],[-106.856932,40.501547],[-106.856932,40.501546],[-106.856931,40.501546],[-106.85693,40.501546],[-106.85693,40.501545],[-106.856929,40.501545],[-106.856928,40.501544],[-106.856928,40.501544],[-106.856928,40.501543],[-106.856927,40.501542],[-106.856927,40.501542],[-106.856927,40.501541],[-106.856927,40.50154]]]}},{"id":"414","type":"Feature","properties":{"natural":null,"barrier":null,"highway":"crossing","amenity":null,"tourism":null,"base_elevation":74,"height":null,"material":null,"direction":null,"artwork_type":null,"name":null},"geometry":{"type":"Polygon","coordinates":[[[-106.85982,40.502176],[-106.85982,40.502176],[-106.85982,40.502175],[-106.859821,40.502174],[-106.859821,40.502174],[-106.859821,40.502173],[-106.859822,40.502173],[-106.859822,40.502172],[-106.859823,40.502171],[-106.859824,40.502171],[-106.859824,40.502171],[-106.859825,40.50217],[-106.859826,40.50217],[-106.859827,40.50217],[-106.859827,40.50217],[-106.859828,40.50217],[-106.859829,40.502169],[-106.85983,40.50217],[-106.859831,40.50217],[-106.859832,40.50217],[-106.859833,40.50217],[-106.859833,40.50217],[-106.859834,40.502171],[-106.859835,40.502171],[-106.859836,40.502171],[-106.859836,40.502172],[-106.859837,40.502173],[-106.859837,40.502173],[-106.859837,40.502174],[-106.859838,40.502174],[-106.859838,40.502175],[-106.859838,40.502176],[-106.859838,40.502176],[-106.859838,40.502177],[-106.859838,40.502178],[-106.859838,40.502178],[-106.859837,40.502179],[-106.859837,40.50218],[-106.859837,40.50218],[-106.859836,40.502181],[-106.859836,40.502181],[-106.859835,40.502182],[-106.859834,40.502182],[-106.859833,40.502182],[-106.859833,40.502183],[-106.859832,40.502183],[-106.859831,40.502183],[-106.85983,40.502183],[-106.859829,40.502183],[-106.859828,40.502183],[-106.859827,40.502183],[-106.859827,40.502183],[-106.859826,40.502183],[-106.859825,40.502182],[-106.859824,40.502182],[-106.859824,40.502182],[-106.859823,40.502181],[-106.859822,40.502181],[-106.859822,40.50218],[-106.859821,40.50218],[-106.859821,40.502179],[-106.859821,40.502178],[-106.85982,40.502178],[-106.85982,40.502177],[-106.85982,40.502176]]]}},{"id":"415","type":"Feature","properties":{"natural":null,"barrier":null,"highway":"crossing","amenity":null,"tourism":null,"base_elevation":73,"height":null,"material":null,"direction":null,"artwork_type":null,"name":null},"geometry":{"type":"Polygon","coordinates":[[[-106.859978,40.501508],[-106.859978,40.501508],[-106.859978,40.501507],[-106.859978,40.501506],[-106.859978,40.501506],[-106.859979,40.501505],[-106.859979,40.501505],[-106.85998,40.501504],[-106.85998,40.501503],[-106.859981,40.501503],[-106.859982,40.501503],[-106.859982,40.501502],[-106.859983,40.501502],[-106.859984,40.501502],[-106.859985,40.501502],[-106.859986,40.501502],[-106.859987,40.501501],[-106.859987,40.501502],[-106.859988,40.501502],[-106.859989,40.501502],[-106.85999,40.501502],[-106.859991,40.501502],[-106.859992,40.501503],[-106.859992,40.501503],[-106.859993,40.501503],[-106.859994,40.501504],[-106.859994,40.501505],[-106.859995,40.501505],[-106.859995,40.501506],[-106.859995,40.501506],[-106.859995,40.501507],[-106.859996,40.501508],[-106.859996,40.501508],[-106.859996,40.501509],[-106.859995,40.50151],[-106.859995,40.50151],[-106.859995,40.501511],[-106.859995,40.501512],[-106.859994,40.501512],[-106.859994,40.501513],[-106.859993,40.501513],[-106.859992,40.501514],[-106.859992,40.501514],[-106.859991,40.501514],[-106.85999,40.501515],[-106.859989,40.501515],[-106.859988,40.501515],[-106.859987,40.501515],[-106.859987,40.501515],[-106.859986,40.501515],[-106.859985,40.501515],[-106.859984,40.501515],[-106.859983,40.501515],[-106.859982,40.501514],[-106.859982,40.501514],[-106.859981,40.501514],[-106.85998,40.501513],[-106.85998,40.501513],[-106.859979,40.501512],[-106.859979,40.501512],[-106.859978,40.501511],[-106.859978,40.50151],[-106.859978,40.50151],[-106.859978,40.501509],[-106.859978,40.501508]]]}},{"id":"416","type":"Feature","properties":{"natural":null,"barrier":null,"highway":"crossing","amenity":null,"tourism":null,"base_elevation":76,"height":null,"material":null,"direction":null,"artwork_type":null,"name":null},"geometry":{"type":"Polygon","coordinates":[[[-106.855798,40.49997],[-106.855798,40.499969],[-106.855798,40.499969],[-106.855798,40.499968],[-106.855799,40.499967],[-106.855799,40.499967],[-106.855799,40.499966],[-106.8558,40.499966],[-106.8558,40.499965],[-106.855801,40.499965],[-106.855802,40.499964],[-106.855803,40.499964],[-106.855803,40.499964],[-106.855804,40.499964],[-106.855805,40.499963],[-106.855806,40.499963],[-106.855807,40.499963],[-106.855808,40.499963],[-106.855809,40.499963],[-106.855809,40.499964],[-106.85581,40.499964],[-106.855811,40.499964],[-106.855812,40.499964],[-106.855812,40.499965],[-106.855813,40.499965],[-106.855814,40.499966],[-106.855814,40.499966],[-106.855815,40.499967],[-106.855815,40.499967],[-106.855815,40.499968],[-106.855816,40.499969],[-106.855816,40.499969],[-106.855816,40.49997],[-106.855816,40.499971],[-106.855816,40.499971],[-106.855815,40.499972],[-106.855815,40.499973],[-106.855815,40.499973],[-106.855814,40.499974],[-106.855814,40.499974],[-106.855813,40.499975],[-106.855812,40.499975],[-106.855812,40.499976],[-106.855811,40.499976],[-106.85581,40.499976],[-106.855809,40.499977],[-106.855809,40.499977],[-106.855808,40.499977],[-106.855807,40.499977],[-106.855806,40.499977],[-106.855805,40.499977],[-106.855804,40.499977],[-106.855803,40.499976],[-106.855803,40.499976],[-106.855802,40.499976],[-106.855801,40.499975],[-106.8558,40.499975],[-106.8558,40.499974],[-106.855799,40.499974],[-106.855799,40.499973],[-106.855799,40.499973],[-106.855798,40.499972],[-106.855798,40.499971],[-106.855798,40.499971],[-106.855798,40.49997]]]}},{"id":"417","type":"Feature","properties":{"natural":null,"barrier":null,"highway":"crossing","amenity":null,"tourism":null,"base_elevation":76,"height":null,"material":null,"direction":null,"artwork_type":null,"name":null},"geometry":{"type":"Polygon","coordinates":[[[-106.856605,40.501296],[-106.856605,40.501295],[-106.856605,40.501295],[-106.856605,40.501294],[-106.856606,40.501293],[-106.856606,40.501293],[-106.856607,40.501292],[-106.856607,40.501292],[-106.856608,40.501291],[-106.856608,40.501291],[-106.856609,40.50129],[-106.85661,40.50129],[-106.856611,40.50129],[-106.856611,40.501289],[-106.856612,40.501289],[-106.856613,40.501289],[-106.856614,40.501289],[-106.856615,40.501289],[-106.856616,40.501289],[-106.856617,40.501289],[-106.856617,40.50129],[-106.856618,40.50129],[-106.856619,40.50129],[-106.85662,40.501291],[-106.85662,40.501291],[-106.856621,40.501292],[-106.856621,40.501292],[-106.856622,40.501293],[-106.856622,40.501293],[-106.856623,40.501294],[-106.856623,40.501295],[-106.856623,40.501295],[-106.856623,40.501296],[-106.856623,40.501297],[-106.856623,40.501297],[-106.856623,40.501298],[-106.856622,40.501299],[-106.856622,40.501299],[-106.856621,40.5013],[-106.856621,40.5013],[-106.85662,40.501301],[-106.85662,40.501301],[-106.856619,40.501302],[-106.856618,40.501302],[-106.856617,40.501302],[-106.856617,40.501302],[-106.856616,40.501303],[-106.856615,40.501303],[-106.856614,40.501303],[-106.856613,40.501303],[-106.856612,40.501303],[-106.856611,40.501302],[-106.856611,40.501302],[-106.85661,40.501302],[-106.856609,40.501302],[-106.856608,40.501301],[-106.856608,40.501301],[-106.856607,40.5013],[-106.856607,40.5013],[-106.856606,40.501299],[-106.856606,40.501299],[-106.856605,40.501298],[-106.856605,40.501297],[-106.856605,40.501297],[-106.856605,40.501296]]]}},{"id":"418","type":"Feature","properties":{"natural":null,"barrier":null,"highway":"crossing","amenity":null,"tourism":null,"base_elevation":75,"height":null,"material":null,"direction":null,"artwork_type":null,"name":null},"geometry":{"type":"Polygon","coordinates":[[[-106.856774,40.50034],[-106.856774,40.500339],[-106.856774,40.500338],[-106.856775,40.500338],[-106.856775,40.500337],[-106.856775,40.500336],[-106.856776,40.500336],[-106.856776,40.500335],[-106.856777,40.500335],[-106.856778,40.500334],[-106.856778,40.500334],[-106.856779,40.500334],[-106.85678,40.500333],[-106.856781,40.500333],[-106.856781,40.500333],[-106.856782,40.500333],[-106.856783,40.500333],[-106.856784,40.500333],[-106.856785,40.500333],[-106.856786,40.500333],[-106.856787,40.500333],[-106.856787,40.500334],[-106.856788,40.500334],[-106.856789,40.500334],[-106.85679,40.500335],[-106.85679,40.500335],[-106.856791,40.500336],[-106.856791,40.500336],[-106.856791,40.500337],[-106.856792,40.500338],[-106.856792,40.500338],[-106.856792,40.500339],[-106.856792,40.50034],[-106.856792,40.50034],[-106.856792,40.500341],[-106.856792,40.500342],[-106.856791,40.500342],[-106.856791,40.500343],[-106.856791,40.500343],[-106.85679,40.500344],[-106.85679,40.500344],[-106.856789,40.500345],[-106.856788,40.500345],[-106.856787,40.500346],[-106.856787,40.500346],[-106.856786,40.500346],[-106.856785,40.500346],[-106.856784,40.500346],[-106.856783,40.500346],[-106.856782,40.500346],[-106.856781,40.500346],[-106.856781,40.500346],[-106.85678,40.500346],[-106.856779,40.500346],[-106.856778,40.500345],[-106.856778,40.500345],[-106.856777,40.500344],[-106.856776,40.500344],[-106.856776,40.500343],[-106.856775,40.500343],[-106.856775,40.500342],[-106.856775,40.500342],[-106.856774,40.500341],[-106.856774,40.50034],[-106.856774,40.50034]]]}},{"id":"419","type":"Feature","properties":{"natural":null,"barrier":null,"highway":"crossing","amenity":null,"tourism":null,"base_elevation":76,"height":null,"material":null,"direction":null,"artwork_type":null,"name":null},"geometry":{"type":"Polygon","coordinates":[[[-106.85657,40.501249],[-106.85657,40.501248],[-106.85657,40.501248],[-106.856571,40.501247],[-106.856571,40.501246],[-106.856571,40.501246],[-106.856572,40.501245],[-106.856572,40.501245],[-106.856573,40.501244],[-106.856573,40.501244],[-106.856574,40.501243],[-106.856575,40.501243],[-106.856576,40.501243],[-106.856576,40.501242],[-106.856577,40.501242],[-106.856578,40.501242],[-106.856579,40.501242],[-106.85658,40.501242],[-106.856581,40.501242],[-106.856582,40.501242],[-106.856583,40.501243],[-106.856583,40.501243],[-106.856584,40.501243],[-106.856585,40.501244],[-106.856585,40.501244],[-106.856586,40.501245],[-106.856587,40.501245],[-106.856587,40.501246],[-106.856587,40.501246],[-106.856588,40.501247],[-106.856588,40.501248],[-106.856588,40.501248],[-106.856588,40.501249],[-106.856588,40.50125],[-106.856588,40.50125],[-106.856588,40.501251],[-106.856587,40.501252],[-106.856587,40.501252],[-106.856587,40.501253],[-106.856586,40.501253],[-106.856585,40.501254],[-106.856585,40.501254],[-106.856584,40.501255],[-106.856583,40.501255],[-106.856583,40.501255],[-106.856582,40.501256],[-106.856581,40.501256],[-106.85658,40.501256],[-106.856579,40.501256],[-106.856578,40.501256],[-106.856577,40.501256],[-106.856576,40.501256],[-106.856576,40.501255],[-106.856575,40.501255],[-106.856574,40.501255],[-106.856573,40.501254],[-106.856573,40.501254],[-106.856572,40.501253],[-106.856572,40.501253],[-106.856571,40.501252],[-106.856571,40.501252],[-106.856571,40.501251],[-106.85657,40.50125],[-106.85657,40.50125],[-106.85657,40.501249]]]}},{"id":"420","type":"Feature","properties":{"natural":null,"barrier":null,"highway":"crossing","amenity":null,"tourism":null,"base_elevation":76,"height":null,"material":null,"direction":null,"artwork_type":null,"name":null},"geometry":{"type":"Polygon","coordinates":[[[-106.856587,40.501308],[-106.856587,40.501307],[-106.856587,40.501306],[-106.856587,40.501306],[-106.856588,40.501305],[-106.856588,40.501304],[-106.856588,40.501304],[-106.856589,40.501303],[-106.85659,40.501303],[-106.85659,40.501302],[-106.856591,40.501302],[-106.856592,40.501302],[-106.856592,40.501301],[-106.856593,40.501301],[-106.856594,40.501301],[-106.856595,40.501301],[-106.856596,40.501301],[-106.856597,40.501301],[-106.856598,40.501301],[-106.856599,40.501301],[-106.856599,40.501301],[-106.8566,40.501302],[-106.856601,40.501302],[-106.856602,40.501302],[-106.856602,40.501303],[-106.856603,40.501303],[-106.856603,40.501304],[-106.856604,40.501304],[-106.856604,40.501305],[-106.856604,40.501306],[-106.856605,40.501306],[-106.856605,40.501307],[-106.856605,40.501308],[-106.856605,40.501308],[-106.856605,40.501309],[-106.856604,40.50131],[-106.856604,40.50131],[-106.856604,40.501311],[-106.856603,40.501311],[-106.856603,40.501312],[-106.856602,40.501313],[-106.856602,40.501313],[-106.856601,40.501313],[-106.8566,40.501314],[-106.856599,40.501314],[-106.856599,40.501314],[-106.856598,40.501314],[-106.856597,40.501314],[-106.856596,40.501315],[-106.856595,40.501314],[-106.856594,40.501314],[-106.856593,40.501314],[-106.856592,40.501314],[-106.856592,40.501314],[-106.856591,40.501313],[-106.85659,40.501313],[-106.85659,40.501313],[-106.856589,40.501312],[-106.856588,40.501311],[-106.856588,40.501311],[-106.856588,40.50131],[-106.856587,40.50131],[-106.856587,40.501309],[-106.856587,40.501308],[-106.856587,40.501308]]]}},{"id":"421","type":"Feature","properties":{"natural":null,"barrier":null,"highway":"crossing","amenity":null,"tourism":null,"base_elevation":75,"height":null,"material":null,"direction":null,"artwork_type":null,"name":null},"geometry":{"type":"Polygon","coordinates":[[[-106.856659,40.501268],[-106.856659,40.501267],[-106.856659,40.501267],[-106.85666,40.501266],[-106.85666,40.501265],[-106.85666,40.501265],[-106.856661,40.501264],[-106.856661,40.501264],[-106.856662,40.501263],[-106.856662,40.501263],[-106.856663,40.501262],[-106.856664,40.501262],[-106.856665,40.501262],[-106.856665,40.501261],[-106.856666,40.501261],[-106.856667,40.501261],[-106.856668,40.501261],[-106.856669,40.501261],[-106.85667,40.501261],[-106.856671,40.501261],[-106.856672,40.501262],[-106.856672,40.501262],[-106.856673,40.501262],[-106.856674,40.501263],[-106.856674,40.501263],[-106.856675,40.501264],[-106.856676,40.501264],[-106.856676,40.501265],[-106.856676,40.501265],[-106.856677,40.501266],[-106.856677,40.501267],[-106.856677,40.501267],[-106.856677,40.501268],[-106.856677,40.501269],[-106.856677,40.501269],[-106.856677,40.50127],[-106.856676,40.501271],[-106.856676,40.501271],[-106.856676,40.501272],[-106.856675,40.501272],[-106.856674,40.501273],[-106.856674,40.501273],[-106.856673,40.501274],[-106.856672,40.501274],[-106.856672,40.501274],[-106.856671,40.501274],[-106.85667,40.501275],[-106.856669,40.501275],[-106.856668,40.501275],[-106.856667,40.501275],[-106.856666,40.501275],[-106.856665,40.501274],[-106.856665,40.501274],[-106.856664,40.501274],[-106.856663,40.501274],[-106.856662,40.501273],[-106.856662,40.501273],[-106.856661,40.501272],[-106.856661,40.501272],[-106.85666,40.501271],[-106.85666,40.501271],[-106.85666,40.50127],[-106.856659,40.501269],[-106.856659,40.501269],[-106.856659,40.501268]]]}},{"id":"422","type":"Feature","properties":{"natural":null,"barrier":null,"highway":"crossing","amenity":null,"tourism":null,"base_elevation":77,"height":null,"material":null,"direction":null,"artwork_type":null,"name":null},"geometry":{"type":"Polygon","coordinates":[[[-106.854688,40.500088],[-106.854688,40.500087],[-106.854688,40.500086],[-106.854688,40.500086],[-106.854689,40.500085],[-106.854689,40.500085],[-106.85469,40.500084],[-106.85469,40.500083],[-106.854691,40.500083],[-106.854691,40.500083],[-106.854692,40.500082],[-106.854693,40.500082],[-106.854694,40.500081],[-106.854694,40.500081],[-106.854695,40.500081],[-106.854696,40.500081],[-106.854697,40.500081],[-106.854698,40.500081],[-106.854699,40.500081],[-106.8547,40.500081],[-106.8547,40.500081],[-106.854701,40.500082],[-106.854702,40.500082],[-106.854703,40.500083],[-106.854703,40.500083],[-106.854704,40.500083],[-106.854704,40.500084],[-106.854705,40.500085],[-106.854705,40.500085],[-106.854706,40.500086],[-106.854706,40.500086],[-106.854706,40.500087],[-106.854706,40.500088],[-106.854706,40.500088],[-106.854706,40.500089],[-106.854706,40.50009],[-106.854705,40.50009],[-106.854705,40.500091],[-106.854704,40.500092],[-106.854704,40.500092],[-106.854703,40.500093],[-106.854703,40.500093],[-106.854702,40.500093],[-106.854701,40.500094],[-106.8547,40.500094],[-106.8547,40.500094],[-106.854699,40.500094],[-106.854698,40.500095],[-106.854697,40.500095],[-106.854696,40.500095],[-106.854695,40.500094],[-106.854694,40.500094],[-106.854694,40.500094],[-106.854693,40.500094],[-106.854692,40.500093],[-106.854691,40.500093],[-106.854691,40.500093],[-106.85469,40.500092],[-106.85469,40.500092],[-106.854689,40.500091],[-106.854689,40.50009],[-106.854688,40.50009],[-106.854688,40.500089],[-106.854688,40.500088],[-106.854688,40.500088]]]}},{"id":"423","type":"Feature","properties":{"natural":null,"barrier":null,"highway":"crossing","amenity":null,"tourism":null,"base_elevation":77,"height":null,"material":null,"direction":null,"artwork_type":null,"name":null},"geometry":{"type":"Polygon","coordinates":[[[-106.8553,40.50143],[-106.8553,40.501429],[-106.8553,40.501428],[-106.8553,40.501428],[-106.855301,40.501427],[-106.855301,40.501427],[-106.855302,40.501426],[-106.855302,40.501425],[-106.855303,40.501425],[-106.855303,40.501425],[-106.855304,40.501424],[-106.855305,40.501424],[-106.855306,40.501423],[-106.855306,40.501423],[-106.855307,40.501423],[-106.855308,40.501423],[-106.855309,40.501423],[-106.85531,40.501423],[-106.855311,40.501423],[-106.855312,40.501423],[-106.855312,40.501423],[-106.855313,40.501424],[-106.855314,40.501424],[-106.855315,40.501425],[-106.855315,40.501425],[-106.855316,40.501425],[-106.855316,40.501426],[-106.855317,40.501427],[-106.855317,40.501427],[-106.855318,40.501428],[-106.855318,40.501428],[-106.855318,40.501429],[-106.855318,40.50143],[-106.855318,40.50143],[-106.855318,40.501431],[-106.855318,40.501432],[-106.855317,40.501432],[-106.855317,40.501433],[-106.855316,40.501434],[-106.855316,40.501434],[-106.855315,40.501435],[-106.855315,40.501435],[-106.855314,40.501435],[-106.855313,40.501436],[-106.855312,40.501436],[-106.855312,40.501436],[-106.855311,40.501436],[-106.85531,40.501437],[-106.855309,40.501437],[-106.855308,40.501437],[-106.855307,40.501436],[-106.855306,40.501436],[-106.855306,40.501436],[-106.855305,40.501436],[-106.855304,40.501435],[-106.855303,40.501435],[-106.855303,40.501435],[-106.855302,40.501434],[-106.855302,40.501434],[-106.855301,40.501433],[-106.855301,40.501432],[-106.8553,40.501432],[-106.8553,40.501431],[-106.8553,40.50143],[-106.8553,40.50143]]]}},{"id":"424","type":"Feature","properties":{"natural":null,"barrier":null,"highway":"crossing","amenity":null,"tourism":null,"base_elevation":83,"height":null,"material":null,"direction":null,"artwork_type":null,"name":null},"geometry":{"type":"Polygon","coordinates":[[[-106.855713,40.502911],[-106.855713,40.50291],[-106.855713,40.502909],[-106.855714,40.502909],[-106.855714,40.502908],[-106.855714,40.502908],[-106.855715,40.502907],[-106.855715,40.502906],[-106.855716,40.502906],[-106.855717,40.502906],[-106.855717,40.502905],[-106.855718,40.502905],[-106.855719,40.502904],[-106.85572,40.502904],[-106.855721,40.502904],[-106.855721,40.502904],[-106.855722,40.502904],[-106.855723,40.502904],[-106.855724,40.502904],[-106.855725,40.502904],[-106.855726,40.502904],[-106.855727,40.502905],[-106.855727,40.502905],[-106.855728,40.502906],[-106.855729,40.502906],[-106.855729,40.502906],[-106.85573,40.502907],[-106.85573,40.502908],[-106.855731,40.502908],[-106.855731,40.502909],[-106.855731,40.502909],[-106.855731,40.50291],[-106.855731,40.502911],[-106.855731,40.502911],[-106.855731,40.502912],[-106.855731,40.502913],[-106.855731,40.502913],[-106.85573,40.502914],[-106.85573,40.502915],[-106.855729,40.502915],[-106.855729,40.502916],[-106.855728,40.502916],[-106.855727,40.502916],[-106.855727,40.502917],[-106.855726,40.502917],[-106.855725,40.502917],[-106.855724,40.502917],[-106.855723,40.502918],[-106.855722,40.502918],[-106.855721,40.502918],[-106.855721,40.502917],[-106.85572,40.502917],[-106.855719,40.502917],[-106.855718,40.502917],[-106.855717,40.502916],[-106.855717,40.502916],[-106.855716,40.502916],[-106.855715,40.502915],[-106.855715,40.502915],[-106.855714,40.502914],[-106.855714,40.502913],[-106.855714,40.502913],[-106.855713,40.502912],[-106.855713,40.502911],[-106.855713,40.502911]]]}},{"id":"425","type":"Feature","properties":{"natural":null,"barrier":null,"highway":"crossing","amenity":null,"tourism":null,"base_elevation":82,"height":null,"material":null,"direction":null,"artwork_type":null,"name":null},"geometry":{"type":"Polygon","coordinates":[[[-106.856164,40.504123],[-106.856164,40.504122],[-106.856165,40.504121],[-106.856165,40.504121],[-106.856165,40.50412],[-106.856165,40.50412],[-106.856166,40.504119],[-106.856166,40.504118],[-106.856167,40.504118],[-106.856168,40.504118],[-106.856168,40.504117],[-106.856169,40.504117],[-106.85617,40.504116],[-106.856171,40.504116],[-106.856172,40.504116],[-106.856173,40.504116],[-106.856173,40.504116],[-106.856174,40.504116],[-106.856175,40.504116],[-106.856176,40.504116],[-106.856177,40.504116],[-106.856178,40.504117],[-106.856178,40.504117],[-106.856179,40.504118],[-106.85618,40.504118],[-106.85618,40.504118],[-106.856181,40.504119],[-106.856181,40.50412],[-106.856182,40.50412],[-106.856182,40.504121],[-106.856182,40.504121],[-106.856182,40.504122],[-106.856182,40.504123],[-106.856182,40.504123],[-106.856182,40.504124],[-106.856182,40.504125],[-106.856182,40.504125],[-106.856181,40.504126],[-106.856181,40.504127],[-106.85618,40.504127],[-106.85618,40.504128],[-106.856179,40.504128],[-106.856178,40.504128],[-106.856178,40.504129],[-106.856177,40.504129],[-106.856176,40.504129],[-106.856175,40.504129],[-106.856174,40.50413],[-106.856173,40.50413],[-106.856173,40.50413],[-106.856172,40.504129],[-106.856171,40.504129],[-106.85617,40.504129],[-106.856169,40.504129],[-106.856168,40.504128],[-106.856168,40.504128],[-106.856167,40.504128],[-106.856166,40.504127],[-106.856166,40.504127],[-106.856165,40.504126],[-106.856165,40.504125],[-106.856165,40.504125],[-106.856165,40.504124],[-106.856164,40.504123],[-106.856164,40.504123]]]}},{"id":"426","type":"Feature","properties":{"natural":null,"barrier":null,"highway":"crossing","amenity":null,"tourism":null,"base_elevation":83,"height":null,"material":null,"direction":null,"artwork_type":null,"name":null},"geometry":{"type":"Polygon","coordinates":[[[-106.856507,40.50535],[-106.856507,40.505349],[-106.856507,40.505349],[-106.856507,40.505348],[-106.856508,40.505347],[-106.856508,40.505347],[-106.856508,40.505346],[-106.856509,40.505346],[-106.85651,40.505345],[-106.85651,40.505345],[-106.856511,40.505344],[-106.856512,40.505344],[-106.856512,40.505344],[-106.856513,40.505343],[-106.856514,40.505343],[-106.856515,40.505343],[-106.856516,40.505343],[-106.856517,40.505343],[-106.856518,40.505343],[-106.856519,40.505343],[-106.856519,40.505344],[-106.85652,40.505344],[-106.856521,40.505344],[-106.856522,40.505345],[-106.856522,40.505345],[-106.856523,40.505346],[-106.856523,40.505346],[-106.856524,40.505347],[-106.856524,40.505347],[-106.856524,40.505348],[-106.856525,40.505349],[-106.856525,40.505349],[-106.856525,40.50535],[-106.856525,40.505351],[-106.856525,40.505351],[-106.856524,40.505352],[-106.856524,40.505353],[-106.856524,40.505353],[-106.856523,40.505354],[-106.856523,40.505354],[-106.856522,40.505355],[-106.856522,40.505355],[-106.856521,40.505356],[-106.85652,40.505356],[-106.856519,40.505356],[-106.856519,40.505356],[-106.856518,40.505357],[-106.856517,40.505357],[-106.856516,40.505357],[-106.856515,40.505357],[-106.856514,40.505357],[-106.856513,40.505356],[-106.856512,40.505356],[-106.856512,40.505356],[-106.856511,40.505356],[-106.85651,40.505355],[-106.85651,40.505355],[-106.856509,40.505354],[-106.856508,40.505354],[-106.856508,40.505353],[-106.856508,40.505353],[-106.856507,40.505352],[-106.856507,40.505351],[-106.856507,40.505351],[-106.856507,40.50535]]]}},{"id":"427","type":"Feature","properties":{"natural":null,"barrier":null,"highway":"crossing","amenity":null,"tourism":null,"base_elevation":91,"height":null,"material":null,"direction":null,"artwork_type":null,"name":null},"geometry":{"type":"Polygon","coordinates":[[[-106.857107,40.508494],[-106.857107,40.508493],[-106.857107,40.508493],[-106.857108,40.508492],[-106.857108,40.508491],[-106.857108,40.508491],[-106.857109,40.50849],[-106.857109,40.50849],[-106.85711,40.508489],[-106.857111,40.508489],[-106.857111,40.508488],[-106.857112,40.508488],[-106.857113,40.508488],[-106.857114,40.508487],[-106.857114,40.508487],[-106.857115,40.508487],[-106.857116,40.508487],[-106.857117,40.508487],[-106.857118,40.508487],[-106.857119,40.508487],[-106.85712,40.508488],[-106.85712,40.508488],[-106.857121,40.508488],[-106.857122,40.508489],[-106.857123,40.508489],[-106.857123,40.50849],[-106.857124,40.50849],[-106.857124,40.508491],[-106.857124,40.508491],[-106.857125,40.508492],[-106.857125,40.508493],[-106.857125,40.508493],[-106.857125,40.508494],[-106.857125,40.508495],[-106.857125,40.508495],[-106.857125,40.508496],[-106.857124,40.508497],[-106.857124,40.508497],[-106.857124,40.508498],[-106.857123,40.508498],[-106.857123,40.508499],[-106.857122,40.508499],[-106.857121,40.5085],[-106.85712,40.5085],[-106.85712,40.5085],[-106.857119,40.508501],[-106.857118,40.508501],[-106.857117,40.508501],[-106.857116,40.508501],[-106.857115,40.508501],[-106.857114,40.508501],[-106.857114,40.508501],[-106.857113,40.5085],[-106.857112,40.5085],[-106.857111,40.5085],[-106.857111,40.508499],[-106.85711,40.508499],[-106.857109,40.508498],[-106.857109,40.508498],[-106.857108,40.508497],[-106.857108,40.508497],[-106.857108,40.508496],[-106.857107,40.508495],[-106.857107,40.508495],[-106.857107,40.508494]]]}},{"id":"428","type":"Feature","properties":{"natural":null,"barrier":null,"highway":"crossing","amenity":null,"tourism":null,"base_elevation":109,"height":null,"material":null,"direction":null,"artwork_type":null,"name":null},"geometry":{"type":"Polygon","coordinates":[[[-106.847129,40.496127],[-106.847129,40.496127],[-106.847129,40.496126],[-106.847129,40.496125],[-106.84713,40.496125],[-106.84713,40.496124],[-106.84713,40.496123],[-106.847131,40.496123],[-106.847132,40.496122],[-106.847132,40.496122],[-106.847133,40.496122],[-106.847134,40.496121],[-106.847134,40.496121],[-106.847135,40.496121],[-106.847136,40.496121],[-106.847137,40.49612],[-106.847138,40.49612],[-106.847139,40.49612],[-106.84714,40.496121],[-106.847141,40.496121],[-106.847141,40.496121],[-106.847142,40.496121],[-106.847143,40.496122],[-106.847144,40.496122],[-106.847144,40.496122],[-106.847145,40.496123],[-106.847145,40.496123],[-106.847146,40.496124],[-106.847146,40.496125],[-106.847146,40.496125],[-106.847147,40.496126],[-106.847147,40.496127],[-106.847147,40.496127],[-106.847147,40.496128],[-106.847147,40.496129],[-106.847146,40.496129],[-106.847146,40.49613],[-106.847146,40.49613],[-106.847145,40.496131],[-106.847145,40.496132],[-106.847144,40.496132],[-106.847144,40.496132],[-106.847143,40.496133],[-106.847142,40.496133],[-106.847141,40.496134],[-106.847141,40.496134],[-106.84714,40.496134],[-106.847139,40.496134],[-106.847138,40.496134],[-106.847137,40.496134],[-106.847136,40.496134],[-106.847135,40.496134],[-106.847134,40.496134],[-106.847134,40.496133],[-106.847133,40.496133],[-106.847132,40.496132],[-106.847132,40.496132],[-106.847131,40.496132],[-106.84713,40.496131],[-106.84713,40.49613],[-106.84713,40.49613],[-106.847129,40.496129],[-106.847129,40.496129],[-106.847129,40.496128],[-106.847129,40.496127]]]}},{"id":"429","type":"Feature","properties":{"natural":null,"barrier":null,"highway":"crossing","amenity":null,"tourism":null,"base_elevation":109,"height":null,"material":null,"direction":null,"artwork_type":null,"name":null},"geometry":{"type":"Polygon","coordinates":[[[-106.812257,40.450973],[-106.812257,40.450972],[-106.812257,40.450972],[-106.812257,40.450971],[-106.812258,40.45097],[-106.812258,40.45097],[-106.812258,40.450969],[-106.812259,40.450969],[-106.81226,40.450968],[-106.81226,40.450968],[-106.812261,40.450967],[-106.812262,40.450967],[-106.812262,40.450967],[-106.812263,40.450966],[-106.812264,40.450966],[-106.812265,40.450966],[-106.812266,40.450966],[-106.812267,40.450966],[-106.812268,40.450966],[-106.812269,40.450966],[-106.812269,40.450967],[-106.81227,40.450967],[-106.812271,40.450967],[-106.812272,40.450968],[-106.812272,40.450968],[-106.812273,40.450969],[-106.812273,40.450969],[-106.812274,40.45097],[-106.812274,40.45097],[-106.812274,40.450971],[-106.812275,40.450972],[-106.812275,40.450972],[-106.812275,40.450973],[-106.812275,40.450974],[-106.812275,40.450974],[-106.812274,40.450975],[-106.812274,40.450976],[-106.812274,40.450976],[-106.812273,40.450977],[-106.812273,40.450977],[-106.812272,40.450978],[-106.812272,40.450978],[-106.812271,40.450979],[-106.81227,40.450979],[-106.812269,40.450979],[-106.812269,40.450979],[-106.812268,40.45098],[-106.812267,40.45098],[-106.812266,40.45098],[-106.812265,40.45098],[-106.812264,40.45098],[-106.812263,40.450979],[-106.812262,40.450979],[-106.812262,40.450979],[-106.812261,40.450979],[-106.81226,40.450978],[-106.81226,40.450978],[-106.812259,40.450977],[-106.812258,40.450977],[-106.812258,40.450976],[-106.812258,40.450976],[-106.812257,40.450975],[-106.812257,40.450974],[-106.812257,40.450974],[-106.812257,40.450973]]]}},{"id":"430","type":"Feature","properties":{"natural":null,"barrier":null,"highway":"crossing","amenity":null,"tourism":null,"base_elevation":208,"height":null,"material":null,"direction":null,"artwork_type":null,"name":null},"geometry":{"type":"Polygon","coordinates":[[[-106.801387,40.469489],[-106.801387,40.469488],[-106.801387,40.469488],[-106.801388,40.469487],[-106.801388,40.469486],[-106.801388,40.469486],[-106.801389,40.469485],[-106.801389,40.469485],[-106.80139,40.469484],[-106.801391,40.469484],[-106.801391,40.469483],[-106.801392,40.469483],[-106.801393,40.469483],[-106.801394,40.469482],[-106.801395,40.469482],[-106.801395,40.469482],[-106.801396,40.469482],[-106.801397,40.469482],[-106.801398,40.469482],[-106.801399,40.469482],[-106.8014,40.469483],[-106.801401,40.469483],[-106.801401,40.469483],[-106.801402,40.469484],[-106.801403,40.469484],[-106.801403,40.469485],[-106.801404,40.469485],[-106.801404,40.469486],[-106.801405,40.469486],[-106.801405,40.469487],[-106.801405,40.469488],[-106.801405,40.469488],[-106.801405,40.469489],[-106.801405,40.46949],[-106.801405,40.46949],[-106.801405,40.469491],[-106.801405,40.469492],[-106.801404,40.469492],[-106.801404,40.469493],[-106.801403,40.469493],[-106.801403,40.469494],[-106.801402,40.469494],[-106.801401,40.469495],[-106.801401,40.469495],[-106.8014,40.469495],[-106.801399,40.469496],[-106.801398,40.469496],[-106.801397,40.469496],[-106.801396,40.469496],[-106.801395,40.469496],[-106.801395,40.469496],[-106.801394,40.469496],[-106.801393,40.469495],[-106.801392,40.469495],[-106.801391,40.469495],[-106.801391,40.469494],[-106.80139,40.469494],[-106.801389,40.469493],[-106.801389,40.469493],[-106.801388,40.469492],[-106.801388,40.469492],[-106.801388,40.469491],[-106.801387,40.46949],[-106.801387,40.46949],[-106.801387,40.469489]]]}},{"id":"431","type":"Feature","properties":{"natural":null,"barrier":null,"highway":"crossing","amenity":null,"tourism":null,"base_elevation":218,"height":null,"material":null,"direction":null,"artwork_type":null,"name":null},"geometry":{"type":"Polygon","coordinates":[[[-106.801522,40.468388],[-106.801522,40.468387],[-106.801523,40.468386],[-106.801523,40.468386],[-106.801523,40.468385],[-106.801523,40.468384],[-106.801524,40.468384],[-106.801524,40.468383],[-106.801525,40.468383],[-106.801526,40.468382],[-106.801526,40.468382],[-106.801527,40.468382],[-106.801528,40.468381],[-106.801529,40.468381],[-106.80153,40.468381],[-106.801531,40.468381],[-106.801531,40.468381],[-106.801532,40.468381],[-106.801533,40.468381],[-106.801534,40.468381],[-106.801535,40.468381],[-106.801536,40.468382],[-106.801536,40.468382],[-106.801537,40.468382],[-106.801538,40.468383],[-106.801538,40.468383],[-106.801539,40.468384],[-106.801539,40.468384],[-106.80154,40.468385],[-106.80154,40.468386],[-106.80154,40.468386],[-106.80154,40.468387],[-106.80154,40.468388],[-106.80154,40.468388],[-106.80154,40.468389],[-106.80154,40.46839],[-106.80154,40.46839],[-106.801539,40.468391],[-106.801539,40.468391],[-106.801538,40.468392],[-106.801538,40.468392],[-106.801537,40.468393],[-106.801536,40.468393],[-106.801536,40.468394],[-106.801535,40.468394],[-106.801534,40.468394],[-106.801533,40.468394],[-106.801532,40.468394],[-106.801531,40.468394],[-106.801531,40.468394],[-106.80153,40.468394],[-106.801529,40.468394],[-106.801528,40.468394],[-106.801527,40.468394],[-106.801526,40.468393],[-106.801526,40.468393],[-106.801525,40.468392],[-106.801524,40.468392],[-106.801524,40.468391],[-106.801523,40.468391],[-106.801523,40.46839],[-106.801523,40.46839],[-106.801523,40.468389],[-106.801522,40.468388],[-106.801522,40.468388]]]}},{"id":"432","type":"Feature","properties":{"natural":null,"barrier":null,"highway":"crossing","amenity":null,"tourism":null,"base_elevation":78,"height":null,"material":null,"direction":null,"artwork_type":null,"name":null},"geometry":{"type":"Polygon","coordinates":[[[-106.853972,40.500116],[-106.853972,40.500116],[-106.853972,40.500115],[-106.853972,40.500114],[-106.853973,40.500114],[-106.853973,40.500113],[-106.853973,40.500112],[-106.853974,40.500112],[-106.853975,40.500111],[-106.853975,40.500111],[-106.853976,40.500111],[-106.853977,40.50011],[-106.853977,40.50011],[-106.853978,40.50011],[-106.853979,40.50011],[-106.85398,40.500109],[-106.853981,40.500109],[-106.853982,40.500109],[-106.853983,40.50011],[-106.853984,40.50011],[-106.853984,40.50011],[-106.853985,40.50011],[-106.853986,40.500111],[-106.853987,40.500111],[-106.853987,40.500111],[-106.853988,40.500112],[-106.853988,40.500112],[-106.853989,40.500113],[-106.853989,40.500114],[-106.853989,40.500114],[-106.85399,40.500115],[-106.85399,40.500116],[-106.85399,40.500116],[-106.85399,40.500117],[-106.85399,40.500118],[-106.853989,40.500118],[-106.853989,40.500119],[-106.853989,40.500119],[-106.853988,40.50012],[-106.853988,40.500121],[-106.853987,40.500121],[-106.853987,40.500121],[-106.853986,40.500122],[-106.853985,40.500122],[-106.853984,40.500123],[-106.853984,40.500123],[-106.853983,40.500123],[-106.853982,40.500123],[-106.853981,40.500123],[-106.85398,40.500123],[-106.853979,40.500123],[-106.853978,40.500123],[-106.853977,40.500123],[-106.853977,40.500122],[-106.853976,40.500122],[-106.853975,40.500121],[-106.853975,40.500121],[-106.853974,40.500121],[-106.853973,40.50012],[-106.853973,40.500119],[-106.853973,40.500119],[-106.853972,40.500118],[-106.853972,40.500118],[-106.853972,40.500117],[-106.853972,40.500116]]]}},{"id":"433","type":"Feature","properties":{"natural":null,"barrier":null,"highway":"crossing","amenity":null,"tourism":null,"base_elevation":85,"height":null,"material":null,"direction":null,"artwork_type":null,"name":null},"geometry":{"type":"Polygon","coordinates":[[[-106.87266,40.507311],[-106.87266,40.50731],[-106.87266,40.50731],[-106.87266,40.507309],[-106.872661,40.507308],[-106.872661,40.507308],[-106.872661,40.507307],[-106.872662,40.507307],[-106.872662,40.507306],[-106.872663,40.507306],[-106.872664,40.507305],[-106.872665,40.507305],[-106.872665,40.507305],[-106.872666,40.507304],[-106.872667,40.507304],[-106.872668,40.507304],[-106.872669,40.507304],[-106.87267,40.507304],[-106.872671,40.507304],[-106.872671,40.507304],[-106.872672,40.507305],[-106.872673,40.507305],[-106.872674,40.507305],[-106.872674,40.507306],[-106.872675,40.507306],[-106.872676,40.507307],[-106.872676,40.507307],[-106.872677,40.507308],[-106.872677,40.507308],[-106.872677,40.507309],[-106.872678,40.50731],[-106.872678,40.50731],[-106.872678,40.507311],[-106.872678,40.507312],[-106.872678,40.507312],[-106.872677,40.507313],[-106.872677,40.507314],[-106.872677,40.507314],[-106.872676,40.507315],[-106.872676,40.507315],[-106.872675,40.507316],[-106.872674,40.507316],[-106.872674,40.507317],[-106.872673,40.507317],[-106.872672,40.507317],[-106.872671,40.507317],[-106.872671,40.507318],[-106.87267,40.507318],[-106.872669,40.507318],[-106.872668,40.507318],[-106.872667,40.507318],[-106.872666,40.507317],[-106.872665,40.507317],[-106.872665,40.507317],[-106.872664,40.507317],[-106.872663,40.507316],[-106.872662,40.507316],[-106.872662,40.507315],[-106.872661,40.507315],[-106.872661,40.507314],[-106.872661,40.507314],[-106.87266,40.507313],[-106.87266,40.507312],[-106.87266,40.507312],[-106.87266,40.507311]]]}},{"id":"434","type":"Feature","properties":{"natural":null,"barrier":null,"highway":"crossing","amenity":null,"tourism":null,"base_elevation":91,"height":null,"material":null,"direction":null,"artwork_type":null,"name":null},"geometry":{"type":"Polygon","coordinates":[[[-106.872687,40.508283],[-106.872687,40.508282],[-106.872687,40.508282],[-106.872688,40.508281],[-106.872688,40.50828],[-106.872688,40.50828],[-106.872689,40.508279],[-106.872689,40.508279],[-106.87269,40.508278],[-106.87269,40.508278],[-106.872691,40.508277],[-106.872692,40.508277],[-106.872693,40.508277],[-106.872693,40.508276],[-106.872694,40.508276],[-106.872695,40.508276],[-106.872696,40.508276],[-106.872697,40.508276],[-106.872698,40.508276],[-106.872699,40.508276],[-106.8727,40.508277],[-106.8727,40.508277],[-106.872701,40.508277],[-106.872702,40.508278],[-106.872702,40.508278],[-106.872703,40.508279],[-106.872704,40.508279],[-106.872704,40.50828],[-106.872704,40.50828],[-106.872705,40.508281],[-106.872705,40.508282],[-106.872705,40.508282],[-106.872705,40.508283],[-106.872705,40.508284],[-106.872705,40.508284],[-106.872705,40.508285],[-106.872704,40.508286],[-106.872704,40.508286],[-106.872704,40.508287],[-106.872703,40.508287],[-106.872702,40.508288],[-106.872702,40.508288],[-106.872701,40.508289],[-106.8727,40.508289],[-106.8727,40.508289],[-106.872699,40.50829],[-106.872698,40.50829],[-106.872697,40.50829],[-106.872696,40.50829],[-106.872695,40.50829],[-106.872694,40.50829],[-106.872693,40.50829],[-106.872693,40.508289],[-106.872692,40.508289],[-106.872691,40.508289],[-106.87269,40.508288],[-106.87269,40.508288],[-106.872689,40.508287],[-106.872689,40.508287],[-106.872688,40.508286],[-106.872688,40.508286],[-106.872688,40.508285],[-106.872687,40.508284],[-106.872687,40.508284],[-106.872687,40.508283]]]}},{"id":"435","type":"Feature","properties":{"natural":null,"barrier":null,"highway":"crossing","amenity":null,"tourism":null,"base_elevation":98,"height":null,"material":null,"direction":null,"artwork_type":null,"name":null},"geometry":{"type":"Polygon","coordinates":[[[-106.871589,40.507868],[-106.871589,40.507867],[-106.871589,40.507866],[-106.87159,40.507866],[-106.87159,40.507865],[-106.87159,40.507865],[-106.871591,40.507864],[-106.871591,40.507863],[-106.871592,40.507863],[-106.871592,40.507863],[-106.871593,40.507862],[-106.871594,40.507862],[-106.871595,40.507861],[-106.871595,40.507861],[-106.871596,40.507861],[-106.871597,40.507861],[-106.871598,40.507861],[-106.871599,40.507861],[-106.8716,40.507861],[-106.871601,40.507861],[-106.871602,40.507861],[-106.871602,40.507862],[-106.871603,40.507862],[-106.871604,40.507863],[-106.871604,40.507863],[-106.871605,40.507863],[-106.871606,40.507864],[-106.871606,40.507865],[-106.871606,40.507865],[-106.871607,40.507866],[-106.871607,40.507866],[-106.871607,40.507867],[-106.871607,40.507868],[-106.871607,40.507868],[-106.871607,40.507869],[-106.871607,40.50787],[-106.871606,40.50787],[-106.871606,40.507871],[-106.871606,40.507872],[-106.871605,40.507872],[-106.871604,40.507873],[-106.871604,40.507873],[-106.871603,40.507873],[-106.871602,40.507874],[-106.871602,40.507874],[-106.871601,40.507874],[-106.8716,40.507874],[-106.871599,40.507875],[-106.871598,40.507875],[-106.871597,40.507875],[-106.871596,40.507874],[-106.871595,40.507874],[-106.871595,40.507874],[-106.871594,40.507874],[-106.871593,40.507873],[-106.871592,40.507873],[-106.871592,40.507873],[-106.871591,40.507872],[-106.871591,40.507872],[-106.87159,40.507871],[-106.87159,40.50787],[-106.87159,40.50787],[-106.871589,40.507869],[-106.871589,40.507868],[-106.871589,40.507868]]]}},{"id":"436","type":"Feature","properties":{"natural":null,"barrier":null,"highway":"crossing","amenity":null,"tourism":null,"base_elevation":93,"height":null,"material":null,"direction":null,"artwork_type":null,"name":null},"geometry":{"type":"Polygon","coordinates":[[[-106.871713,40.507218],[-106.871713,40.507218],[-106.871714,40.507217],[-106.871714,40.507216],[-106.871714,40.507216],[-106.871714,40.507215],[-106.871715,40.507214],[-106.871715,40.507214],[-106.871716,40.507213],[-106.871717,40.507213],[-106.871717,40.507213],[-106.871718,40.507212],[-106.871719,40.507212],[-106.87172,40.507212],[-106.871721,40.507212],[-106.871722,40.507211],[-106.871722,40.507211],[-106.871723,40.507211],[-106.871724,40.507212],[-106.871725,40.507212],[-106.871726,40.507212],[-106.871727,40.507212],[-106.871727,40.507213],[-106.871728,40.507213],[-106.871729,40.507213],[-106.871729,40.507214],[-106.87173,40.507214],[-106.87173,40.507215],[-106.871731,40.507216],[-106.871731,40.507216],[-106.871731,40.507217],[-106.871731,40.507218],[-106.871731,40.507218],[-106.871731,40.507219],[-106.871731,40.50722],[-106.871731,40.50722],[-106.871731,40.507221],[-106.87173,40.507221],[-106.87173,40.507222],[-106.871729,40.507223],[-106.871729,40.507223],[-106.871728,40.507223],[-106.871727,40.507224],[-106.871727,40.507224],[-106.871726,40.507225],[-106.871725,40.507225],[-106.871724,40.507225],[-106.871723,40.507225],[-106.871722,40.507225],[-106.871722,40.507225],[-106.871721,40.507225],[-106.87172,40.507225],[-106.871719,40.507225],[-106.871718,40.507224],[-106.871717,40.507224],[-106.871717,40.507223],[-106.871716,40.507223],[-106.871715,40.507223],[-106.871715,40.507222],[-106.871714,40.507221],[-106.871714,40.507221],[-106.871714,40.50722],[-106.871714,40.50722],[-106.871713,40.507219],[-106.871713,40.507218]]]}},{"id":"437","type":"Feature","properties":{"natural":null,"barrier":null,"highway":"crossing","amenity":null,"tourism":null,"base_elevation":74,"height":null,"material":null,"direction":null,"artwork_type":null,"name":null},"geometry":{"type":"Polygon","coordinates":[[[-106.860048,40.50218],[-106.860048,40.50218],[-106.860049,40.502179],[-106.860049,40.502178],[-106.860049,40.502178],[-106.860049,40.502177],[-106.86005,40.502177],[-106.86005,40.502176],[-106.860051,40.502176],[-106.860052,40.502175],[-106.860052,40.502175],[-106.860053,40.502174],[-106.860054,40.502174],[-106.860055,40.502174],[-106.860056,40.502174],[-106.860057,40.502174],[-106.860057,40.502174],[-106.860058,40.502174],[-106.860059,40.502174],[-106.86006,40.502174],[-106.860061,40.502174],[-106.860062,40.502174],[-106.860062,40.502175],[-106.860063,40.502175],[-106.860064,40.502176],[-106.860064,40.502176],[-106.860065,40.502177],[-106.860065,40.502177],[-106.860066,40.502178],[-106.860066,40.502178],[-106.860066,40.502179],[-106.860066,40.50218],[-106.860066,40.50218],[-106.860066,40.502181],[-106.860066,40.502182],[-106.860066,40.502182],[-106.860066,40.502183],[-106.860065,40.502184],[-106.860065,40.502184],[-106.860064,40.502185],[-106.860064,40.502185],[-106.860063,40.502186],[-106.860062,40.502186],[-106.860062,40.502186],[-106.860061,40.502187],[-106.86006,40.502187],[-106.860059,40.502187],[-106.860058,40.502187],[-106.860057,40.502187],[-106.860057,40.502187],[-106.860056,40.502187],[-106.860055,40.502187],[-106.860054,40.502187],[-106.860053,40.502186],[-106.860052,40.502186],[-106.860052,40.502186],[-106.860051,40.502185],[-106.86005,40.502185],[-106.86005,40.502184],[-106.860049,40.502184],[-106.860049,40.502183],[-106.860049,40.502182],[-106.860049,40.502182],[-106.860048,40.502181],[-106.860048,40.50218]]]}},{"id":"438","type":"Feature","properties":{"natural":null,"barrier":null,"highway":null,"amenity":"bench","tourism":null,"base_elevation":366,"height":null,"material":"wood","direction":"59","artwork_type":null,"name":null},"geometry":{"type":"Polygon","coordinates":[[[-106.773727,40.482882],[-106.773727,40.482881],[-106.773727,40.482881],[-106.773728,40.48288],[-106.773728,40.482879],[-106.773728,40.482879],[-106.773729,40.482878],[-106.773729,40.482878],[-106.77373,40.482877],[-106.77373,40.482877],[-106.773731,40.482876],[-106.773732,40.482876],[-106.773733,40.482876],[-106.773733,40.482875],[-106.773734,40.482875],[-106.773735,40.482875],[-106.773736,40.482875],[-106.773737,40.482875],[-106.773738,40.482875],[-106.773739,40.482875],[-106.77374,40.482876],[-106.77374,40.482876],[-106.773741,40.482876],[-106.773742,40.482877],[-106.773742,40.482877],[-106.773743,40.482878],[-106.773744,40.482878],[-106.773744,40.482879],[-106.773744,40.482879],[-106.773745,40.48288],[-106.773745,40.482881],[-106.773745,40.482881],[-106.773745,40.482882],[-106.773745,40.482883],[-106.773745,40.482883],[-106.773745,40.482884],[-106.773744,40.482885],[-106.773744,40.482885],[-106.773744,40.482886],[-106.773743,40.482886],[-106.773742,40.482887],[-106.773742,40.482887],[-106.773741,40.482888],[-106.77374,40.482888],[-106.77374,40.482888],[-106.773739,40.482888],[-106.773738,40.482889],[-106.773737,40.482889],[-106.773736,40.482889],[-106.773735,40.482889],[-106.773734,40.482889],[-106.773733,40.482888],[-106.773733,40.482888],[-106.773732,40.482888],[-106.773731,40.482888],[-106.77373,40.482887],[-106.77373,40.482887],[-106.773729,40.482886],[-106.773729,40.482886],[-106.773728,40.482885],[-106.773728,40.482885],[-106.773728,40.482884],[-106.773727,40.482883],[-106.773727,40.482883],[-106.773727,40.482882]]]}},{"id":"439","type":"Feature","properties":{"natural":null,"barrier":null,"highway":null,"amenity":"bench","tourism":null,"base_elevation":344,"height":null,"material":"stone","direction":"165","artwork_type":null,"name":null},"geometry":{"type":"Polygon","coordinates":[[[-106.773032,40.48244],[-106.773032,40.48244],[-106.773032,40.482439],[-106.773032,40.482438],[-106.773032,40.482438],[-106.773033,40.482437],[-106.773033,40.482436],[-106.773034,40.482436],[-106.773034,40.482435],[-106.773035,40.482435],[-106.773036,40.482435],[-106.773036,40.482434],[-106.773037,40.482434],[-106.773038,40.482434],[-106.773039,40.482433],[-106.77304,40.482433],[-106.773041,40.482433],[-106.773041,40.482433],[-106.773042,40.482433],[-106.773043,40.482434],[-106.773044,40.482434],[-106.773045,40.482434],[-106.773046,40.482435],[-106.773046,40.482435],[-106.773047,40.482435],[-106.773048,40.482436],[-106.773048,40.482436],[-106.773049,40.482437],[-106.773049,40.482438],[-106.773049,40.482438],[-106.773049,40.482439],[-106.77305,40.48244],[-106.77305,40.48244],[-106.77305,40.482441],[-106.773049,40.482442],[-106.773049,40.482442],[-106.773049,40.482443],[-106.773049,40.482443],[-106.773048,40.482444],[-106.773048,40.482445],[-106.773047,40.482445],[-106.773046,40.482445],[-106.773046,40.482446],[-106.773045,40.482446],[-106.773044,40.482447],[-106.773043,40.482447],[-106.773042,40.482447],[-106.773041,40.482447],[-106.773041,40.482447],[-106.77304,40.482447],[-106.773039,40.482447],[-106.773038,40.482447],[-106.773037,40.482447],[-106.773036,40.482446],[-106.773036,40.482446],[-106.773035,40.482445],[-106.773034,40.482445],[-106.773034,40.482445],[-106.773033,40.482444],[-106.773033,40.482443],[-106.773032,40.482443],[-106.773032,40.482442],[-106.773032,40.482442],[-106.773032,40.482441],[-106.773032,40.48244]]]}},{"id":"440","type":"Feature","properties":{"natural":null,"barrier":null,"highway":null,"amenity":"bench","tourism":null,"base_elevation":375,"height":null,"material":"wood","direction":"214","artwork_type":null,"name":null},"geometry":{"type":"Polygon","coordinates":[[[-106.774361,40.483182],[-106.774361,40.483181],[-106.774361,40.483181],[-106.774361,40.48318],[-106.774362,40.483179],[-106.774362,40.483179],[-106.774362,40.483178],[-106.774363,40.483178],[-106.774364,40.483177],[-106.774364,40.483177],[-106.774365,40.483176],[-106.774366,40.483176],[-106.774366,40.483176],[-106.774367,40.483176],[-106.774368,40.483175],[-106.774369,40.483175],[-106.77437,40.483175],[-106.774371,40.483175],[-106.774372,40.483175],[-106.774373,40.483176],[-106.774373,40.483176],[-106.774374,40.483176],[-106.774375,40.483176],[-106.774376,40.483177],[-106.774376,40.483177],[-106.774377,40.483178],[-106.774377,40.483178],[-106.774378,40.483179],[-106.774378,40.483179],[-106.774378,40.48318],[-106.774379,40.483181],[-106.774379,40.483181],[-106.774379,40.483182],[-106.774379,40.483183],[-106.774379,40.483183],[-106.774378,40.483184],[-106.774378,40.483185],[-106.774378,40.483185],[-106.774377,40.483186],[-106.774377,40.483186],[-106.774376,40.483187],[-106.774376,40.483187],[-106.774375,40.483188],[-106.774374,40.483188],[-106.774373,40.483188],[-106.774373,40.483189],[-106.774372,40.483189],[-106.774371,40.483189],[-106.77437,40.483189],[-106.774369,40.483189],[-106.774368,40.483189],[-106.774367,40.483189],[-106.774366,40.483188],[-106.774366,40.483188],[-106.774365,40.483188],[-106.774364,40.483187],[-106.774364,40.483187],[-106.774363,40.483186],[-106.774362,40.483186],[-106.774362,40.483185],[-106.774362,40.483185],[-106.774361,40.483184],[-106.774361,40.483183],[-106.774361,40.483183],[-106.774361,40.483182]]]}},{"id":"441","type":"Feature","properties":{"natural":null,"barrier":null,"highway":null,"amenity":"bicycle_parking","tourism":null,"base_elevation":354,"height":null,"material":null,"direction":null,"artwork_type":null,"name":null},"geometry":{"type":"Polygon","coordinates":[[[-106.777059,40.481691],[-106.777059,40.481691],[-106.777059,40.48169],[-106.777059,40.481689],[-106.777059,40.481689],[-106.77706,40.481688],[-106.77706,40.481688],[-106.777061,40.481687],[-106.777061,40.481687],[-106.777062,40.481686],[-106.777063,40.481686],[-106.777063,40.481685],[-106.777064,40.481685],[-106.777065,40.481685],[-106.777066,40.481685],[-106.777067,40.481685],[-106.777068,40.481685],[-106.777068,40.481685],[-106.777069,40.481685],[-106.77707,40.481685],[-106.777071,40.481685],[-106.777072,40.481685],[-106.777073,40.481686],[-106.777073,40.481686],[-106.777074,40.481687],[-106.777075,40.481687],[-106.777075,40.481688],[-106.777076,40.481688],[-106.777076,40.481689],[-106.777076,40.481689],[-106.777076,40.48169],[-106.777077,40.481691],[-106.777077,40.481691],[-106.777077,40.481692],[-106.777076,40.481693],[-106.777076,40.481693],[-106.777076,40.481694],[-106.777076,40.481695],[-106.777075,40.481695],[-106.777075,40.481696],[-106.777074,40.481696],[-106.777073,40.481697],[-106.777073,40.481697],[-106.777072,40.481697],[-106.777071,40.481698],[-106.77707,40.481698],[-106.777069,40.481698],[-106.777068,40.481698],[-106.777068,40.481698],[-106.777067,40.481698],[-106.777066,40.481698],[-106.777065,40.481698],[-106.777064,40.481698],[-106.777063,40.481697],[-106.777063,40.481697],[-106.777062,40.481697],[-106.777061,40.481696],[-106.777061,40.481696],[-106.77706,40.481695],[-106.77706,40.481695],[-106.777059,40.481694],[-106.777059,40.481693],[-106.777059,40.481693],[-106.777059,40.481692],[-106.777059,40.481691]]]}},{"id":"442","type":"Feature","properties":{"natural":null,"barrier":null,"highway":null,"amenity":"waste_basket","tourism":null,"base_elevation":352,"height":null,"material":null,"direction":null,"artwork_type":null,"name":null},"geometry":{"type":"Polygon","coordinates":[[[-106.776846,40.481699],[-106.776846,40.481699],[-106.776846,40.481698],[-106.776847,40.481697],[-106.776847,40.481697],[-106.776847,40.481696],[-106.776848,40.481696],[-106.776848,40.481695],[-106.776849,40.481694],[-106.776849,40.481694],[-106.77685,40.481694],[-106.776851,40.481693],[-106.776852,40.481693],[-106.776852,40.481693],[-106.776853,40.481693],[-106.776854,40.481693],[-106.776855,40.481692],[-106.776856,40.481693],[-106.776857,40.481693],[-106.776858,40.481693],[-106.776859,40.481693],[-106.776859,40.481693],[-106.77686,40.481694],[-106.776861,40.481694],[-106.776861,40.481694],[-106.776862,40.481695],[-106.776863,40.481696],[-106.776863,40.481696],[-106.776863,40.481697],[-106.776864,40.481697],[-106.776864,40.481698],[-106.776864,40.481699],[-106.776864,40.481699],[-106.776864,40.4817],[-106.776864,40.481701],[-106.776864,40.481701],[-106.776863,40.481702],[-106.776863,40.481703],[-106.776863,40.481703],[-106.776862,40.481704],[-106.776861,40.481704],[-106.776861,40.481705],[-106.77686,40.481705],[-106.776859,40.481705],[-106.776859,40.481706],[-106.776858,40.481706],[-106.776857,40.481706],[-106.776856,40.481706],[-106.776855,40.481706],[-106.776854,40.481706],[-106.776853,40.481706],[-106.776852,40.481706],[-106.776852,40.481706],[-106.776851,40.481705],[-106.77685,40.481705],[-106.776849,40.481705],[-106.776849,40.481704],[-106.776848,40.481704],[-106.776848,40.481703],[-106.776847,40.481703],[-106.776847,40.481702],[-106.776847,40.481701],[-106.776846,40.481701],[-106.776846,40.4817],[-106.776846,40.481699]]]}},{"id":"443","type":"Feature","properties":{"natural":null,"barrier":null,"highway":null,"amenity":"drinking_water","tourism":null,"base_elevation":354,"height":null,"material":null,"direction":null,"artwork_type":null,"name":null},"geometry":{"type":"Polygon","coordinates":[[[-106.777283,40.481641],[-106.777283,40.48164],[-106.777283,40.481639],[-106.777283,40.481639],[-106.777283,40.481638],[-106.777284,40.481637],[-106.777284,40.481637],[-106.777285,40.481636],[-106.777285,40.481636],[-106.777286,40.481635],[-106.777287,40.481635],[-106.777287,40.481635],[-106.777288,40.481634],[-106.777289,40.481634],[-106.77729,40.481634],[-106.777291,40.481634],[-106.777291,40.481634],[-106.777292,40.481634],[-106.777293,40.481634],[-106.777294,40.481634],[-106.777295,40.481634],[-106.777296,40.481635],[-106.777296,40.481635],[-106.777297,40.481635],[-106.777298,40.481636],[-106.777298,40.481636],[-106.777299,40.481637],[-106.777299,40.481637],[-106.7773,40.481638],[-106.7773,40.481639],[-106.7773,40.481639],[-106.7773,40.48164],[-106.7773,40.481641],[-106.7773,40.481641],[-106.7773,40.481642],[-106.7773,40.481643],[-106.7773,40.481643],[-106.777299,40.481644],[-106.777299,40.481644],[-106.777298,40.481645],[-106.777298,40.481646],[-106.777297,40.481646],[-106.777296,40.481646],[-106.777296,40.481647],[-106.777295,40.481647],[-106.777294,40.481647],[-106.777293,40.481647],[-106.777292,40.481647],[-106.777291,40.481648],[-106.777291,40.481647],[-106.77729,40.481647],[-106.777289,40.481647],[-106.777288,40.481647],[-106.777287,40.481647],[-106.777287,40.481646],[-106.777286,40.481646],[-106.777285,40.481646],[-106.777285,40.481645],[-106.777284,40.481644],[-106.777284,40.481644],[-106.777283,40.481643],[-106.777283,40.481643],[-106.777283,40.481642],[-106.777283,40.481641],[-106.777283,40.481641]]]}},{"id":"444","type":"Feature","properties":{"natural":null,"barrier":null,"highway":null,"amenity":"waste_basket","tourism":null,"base_elevation":354,"height":null,"material":null,"direction":null,"artwork_type":null,"name":null},"geometry":{"type":"Polygon","coordinates":[[[-106.77736,40.481597],[-106.77736,40.481597],[-106.777361,40.481596],[-106.777361,40.481595],[-106.777361,40.481595],[-106.777361,40.481594],[-106.777362,40.481593],[-106.777362,40.481593],[-106.777363,40.481592],[-106.777364,40.481592],[-106.777364,40.481592],[-106.777365,40.481591],[-106.777366,40.481591],[-106.777367,40.481591],[-106.777368,40.48159],[-106.777369,40.48159],[-106.777369,40.48159],[-106.77737,40.48159],[-106.777371,40.48159],[-106.777372,40.481591],[-106.777373,40.481591],[-106.777374,40.481591],[-106.777374,40.481592],[-106.777375,40.481592],[-106.777376,40.481592],[-106.777376,40.481593],[-106.777377,40.481593],[-106.777377,40.481594],[-106.777378,40.481595],[-106.777378,40.481595],[-106.777378,40.481596],[-106.777378,40.481597],[-106.777378,40.481597],[-106.777378,40.481598],[-106.777378,40.481599],[-106.777378,40.481599],[-106.777378,40.4816],[-106.777377,40.4816],[-106.777377,40.481601],[-106.777376,40.481602],[-106.777376,40.481602],[-106.777375,40.481602],[-106.777374,40.481603],[-106.777374,40.481603],[-106.777373,40.481604],[-106.777372,40.481604],[-106.777371,40.481604],[-106.77737,40.481604],[-106.777369,40.481604],[-106.777369,40.481604],[-106.777368,40.481604],[-106.777367,40.481604],[-106.777366,40.481604],[-106.777365,40.481603],[-106.777364,40.481603],[-106.777364,40.481602],[-106.777363,40.481602],[-106.777362,40.481602],[-106.777362,40.481601],[-106.777361,40.4816],[-106.777361,40.4816],[-106.777361,40.481599],[-106.777361,40.481599],[-106.77736,40.481598],[-106.77736,40.481597]]]}},{"id":"445","type":"Feature","properties":{"natural":null,"barrier":null,"highway":null,"amenity":"bench","tourism":null,"base_elevation":343,"height":null,"material":"wood","direction":"200","artwork_type":null,"name":null},"geometry":{"type":"Polygon","coordinates":[[[-106.779349,40.48177],[-106.779349,40.48177],[-106.779349,40.481769],[-106.779349,40.481768],[-106.779349,40.481768],[-106.77935,40.481767],[-106.77935,40.481767],[-106.779351,40.481766],[-106.779351,40.481765],[-106.779352,40.481765],[-106.779353,40.481765],[-106.779353,40.481764],[-106.779354,40.481764],[-106.779355,40.481764],[-106.779356,40.481764],[-106.779357,40.481764],[-106.779358,40.481763],[-106.779359,40.481764],[-106.779359,40.481764],[-106.77936,40.481764],[-106.779361,40.481764],[-106.779362,40.481764],[-106.779363,40.481765],[-106.779363,40.481765],[-106.779364,40.481765],[-106.779365,40.481766],[-106.779365,40.481767],[-106.779366,40.481767],[-106.779366,40.481768],[-106.779366,40.481768],[-106.779367,40.481769],[-106.779367,40.48177],[-106.779367,40.48177],[-106.779367,40.481771],[-106.779367,40.481772],[-106.779366,40.481772],[-106.779366,40.481773],[-106.779366,40.481774],[-106.779365,40.481774],[-106.779365,40.481775],[-106.779364,40.481775],[-106.779363,40.481776],[-106.779363,40.481776],[-106.779362,40.481776],[-106.779361,40.481777],[-106.77936,40.481777],[-106.779359,40.481777],[-106.779359,40.481777],[-106.779358,40.481777],[-106.779357,40.481777],[-106.779356,40.481777],[-106.779355,40.481777],[-106.779354,40.481777],[-106.779353,40.481776],[-106.779353,40.481776],[-106.779352,40.481776],[-106.779351,40.481775],[-106.779351,40.481775],[-106.77935,40.481774],[-106.77935,40.481774],[-106.779349,40.481773],[-106.779349,40.481772],[-106.779349,40.481772],[-106.779349,40.481771],[-106.779349,40.48177]]]}},{"id":"446","type":"Feature","properties":{"natural":null,"barrier":null,"highway":null,"amenity":"drinking_water","tourism":null,"base_elevation":352,"height":null,"material":null,"direction":null,"artwork_type":null,"name":null},"geometry":{"type":"Polygon","coordinates":[[[-106.776791,40.481727],[-106.776791,40.481726],[-106.776791,40.481726],[-106.776791,40.481725],[-106.776791,40.481724],[-106.776792,40.481724],[-106.776792,40.481723],[-106.776793,40.481723],[-106.776793,40.481722],[-106.776794,40.481722],[-106.776795,40.481721],[-106.776795,40.481721],[-106.776796,40.481721],[-106.776797,40.48172],[-106.776798,40.48172],[-106.776799,40.48172],[-106.7768,40.48172],[-106.776801,40.48172],[-106.776801,40.48172],[-106.776802,40.48172],[-106.776803,40.481721],[-106.776804,40.481721],[-106.776805,40.481721],[-106.776805,40.481722],[-106.776806,40.481722],[-106.776807,40.481723],[-106.776807,40.481723],[-106.776808,40.481724],[-106.776808,40.481724],[-106.776808,40.481725],[-106.776809,40.481726],[-106.776809,40.481726],[-106.776809,40.481727],[-106.776809,40.481728],[-106.776809,40.481728],[-106.776808,40.481729],[-106.776808,40.48173],[-106.776808,40.48173],[-106.776807,40.481731],[-106.776807,40.481731],[-106.776806,40.481732],[-106.776805,40.481732],[-106.776805,40.481733],[-106.776804,40.481733],[-106.776803,40.481733],[-106.776802,40.481733],[-106.776801,40.481734],[-106.776801,40.481734],[-106.7768,40.481734],[-106.776799,40.481734],[-106.776798,40.481734],[-106.776797,40.481733],[-106.776796,40.481733],[-106.776795,40.481733],[-106.776795,40.481733],[-106.776794,40.481732],[-106.776793,40.481732],[-106.776793,40.481731],[-106.776792,40.481731],[-106.776792,40.48173],[-106.776791,40.48173],[-106.776791,40.481729],[-106.776791,40.481728],[-106.776791,40.481728],[-106.776791,40.481727]]]}},{"id":"447","type":"Feature","properties":{"natural":null,"barrier":null,"highway":null,"amenity":"bench","tourism":null,"base_elevation":352,"height":null,"material":"wood","direction":null,"artwork_type":null,"name":null},"geometry":{"type":"Polygon","coordinates":[[[-106.776835,40.481735],[-106.776835,40.481734],[-106.776835,40.481733],[-106.776835,40.481733],[-106.776836,40.481732],[-106.776836,40.481731],[-106.776836,40.481731],[-106.776837,40.48173],[-106.776838,40.48173],[-106.776838,40.481729],[-106.776839,40.481729],[-106.77684,40.481728],[-106.77684,40.481728],[-106.776841,40.481728],[-106.776842,40.481728],[-106.776843,40.481728],[-106.776844,40.481728],[-106.776845,40.481728],[-106.776846,40.481728],[-106.776847,40.481728],[-106.776847,40.481728],[-106.776848,40.481728],[-106.776849,40.481729],[-106.77685,40.481729],[-106.77685,40.48173],[-106.776851,40.48173],[-106.776851,40.481731],[-106.776852,40.481731],[-106.776852,40.481732],[-106.776852,40.481733],[-106.776853,40.481733],[-106.776853,40.481734],[-106.776853,40.481735],[-106.776853,40.481735],[-106.776853,40.481736],[-106.776852,40.481736],[-106.776852,40.481737],[-106.776852,40.481738],[-106.776851,40.481738],[-106.776851,40.481739],[-106.77685,40.481739],[-106.77685,40.48174],[-106.776849,40.48174],[-106.776848,40.481741],[-106.776847,40.481741],[-106.776847,40.481741],[-106.776846,40.481741],[-106.776845,40.481741],[-106.776844,40.481741],[-106.776843,40.481741],[-106.776842,40.481741],[-106.776841,40.481741],[-106.77684,40.481741],[-106.77684,40.481741],[-106.776839,40.48174],[-106.776838,40.48174],[-106.776838,40.481739],[-106.776837,40.481739],[-106.776836,40.481738],[-106.776836,40.481738],[-106.776836,40.481737],[-106.776835,40.481736],[-106.776835,40.481736],[-106.776835,40.481735],[-106.776835,40.481735]]]}},{"id":"448","type":"Feature","properties":{"natural":null,"barrier":null,"highway":null,"amenity":"bench","tourism":null,"base_elevation":340,"height":null,"material":"wood","direction":null,"artwork_type":null,"name":null},"geometry":{"type":"Polygon","coordinates":[[[-106.774676,40.482134],[-106.774676,40.482133],[-106.774676,40.482132],[-106.774676,40.482132],[-106.774677,40.482131],[-106.774677,40.48213],[-106.774678,40.48213],[-106.774678,40.482129],[-106.774679,40.482129],[-106.774679,40.482128],[-106.77468,40.482128],[-106.774681,40.482128],[-106.774682,40.482127],[-106.774682,40.482127],[-106.774683,40.482127],[-106.774684,40.482127],[-106.774685,40.482127],[-106.774686,40.482127],[-106.774687,40.482127],[-106.774688,40.482127],[-106.774688,40.482127],[-106.774689,40.482128],[-106.77469,40.482128],[-106.774691,40.482128],[-106.774691,40.482129],[-106.774692,40.482129],[-106.774692,40.48213],[-106.774693,40.48213],[-106.774693,40.482131],[-106.774694,40.482132],[-106.774694,40.482132],[-106.774694,40.482133],[-106.774694,40.482134],[-106.774694,40.482134],[-106.774694,40.482135],[-106.774694,40.482136],[-106.774693,40.482136],[-106.774693,40.482137],[-106.774692,40.482137],[-106.774692,40.482138],[-106.774691,40.482139],[-106.774691,40.482139],[-106.77469,40.482139],[-106.774689,40.48214],[-106.774688,40.48214],[-106.774688,40.48214],[-106.774687,40.48214],[-106.774686,40.48214],[-106.774685,40.482141],[-106.774684,40.48214],[-106.774683,40.48214],[-106.774682,40.48214],[-106.774682,40.48214],[-106.774681,40.48214],[-106.77468,40.482139],[-106.774679,40.482139],[-106.774679,40.482139],[-106.774678,40.482138],[-106.774678,40.482137],[-106.774677,40.482137],[-106.774677,40.482136],[-106.774676,40.482136],[-106.774676,40.482135],[-106.774676,40.482134],[-106.774676,40.482134]]]}},{"id":"449","type":"Feature","properties":{"natural":null,"barrier":null,"highway":null,"amenity":"drinking_water","tourism":null,"base_elevation":347,"height":null,"material":null,"direction":null,"artwork_type":null,"name":null},"geometry":{"type":"Polygon","coordinates":[[[-106.774867,40.482207],[-106.774867,40.482206],[-106.774868,40.482205],[-106.774868,40.482205],[-106.774868,40.482204],[-106.774868,40.482203],[-106.774869,40.482203],[-106.774869,40.482202],[-106.77487,40.482202],[-106.774871,40.482201],[-106.774871,40.482201],[-106.774872,40.482201],[-106.774873,40.4822],[-106.774874,40.4822],[-106.774875,40.4822],[-106.774876,40.4822],[-106.774876,40.4822],[-106.774877,40.4822],[-106.774878,40.4822],[-106.774879,40.4822],[-106.77488,40.4822],[-106.774881,40.482201],[-106.774881,40.482201],[-106.774882,40.482201],[-106.774883,40.482202],[-106.774883,40.482202],[-106.774884,40.482203],[-106.774884,40.482203],[-106.774885,40.482204],[-106.774885,40.482205],[-106.774885,40.482205],[-106.774885,40.482206],[-106.774885,40.482207],[-106.774885,40.482207],[-106.774885,40.482208],[-106.774885,40.482209],[-106.774885,40.482209],[-106.774884,40.48221],[-106.774884,40.48221],[-106.774883,40.482211],[-106.774883,40.482211],[-106.774882,40.482212],[-106.774881,40.482212],[-106.774881,40.482213],[-106.77488,40.482213],[-106.774879,40.482213],[-106.774878,40.482213],[-106.774877,40.482213],[-106.774876,40.482213],[-106.774876,40.482213],[-106.774875,40.482213],[-106.774874,40.482213],[-106.774873,40.482213],[-106.774872,40.482213],[-106.774871,40.482212],[-106.774871,40.482212],[-106.77487,40.482211],[-106.774869,40.482211],[-106.774869,40.48221],[-106.774868,40.48221],[-106.774868,40.482209],[-106.774868,40.482209],[-106.774868,40.482208],[-106.774867,40.482207],[-106.774867,40.482207]]]}},{"id":"450","type":"Feature","properties":{"natural":null,"barrier":null,"highway":"bus_stop","amenity":null,"tourism":null,"base_elevation":105,"height":null,"material":null,"direction":null,"artwork_type":null,"name":"Holiday Inn"},"geometry":{"type":"Polygon","coordinates":[[[-106.815644,40.447204],[-106.815644,40.447203],[-106.815644,40.447202],[-106.815644,40.447202],[-106.815645,40.447201],[-106.815645,40.447201],[-106.815645,40.4472],[-106.815646,40.447199],[-106.815647,40.447199],[-106.815647,40.447199],[-106.815648,40.447198],[-106.815649,40.447198],[-106.815649,40.447197],[-106.81565,40.447197],[-106.815651,40.447197],[-106.815652,40.447197],[-106.815653,40.447197],[-106.815654,40.447197],[-106.815655,40.447197],[-106.815656,40.447197],[-106.815656,40.447197],[-106.815657,40.447198],[-106.815658,40.447198],[-106.815659,40.447199],[-106.815659,40.447199],[-106.81566,40.447199],[-106.81566,40.4472],[-106.815661,40.447201],[-106.815661,40.447201],[-106.815661,40.447202],[-106.815662,40.447202],[-106.815662,40.447203],[-106.815662,40.447204],[-106.815662,40.447204],[-106.815662,40.447205],[-106.815661,40.447206],[-106.815661,40.447206],[-106.815661,40.447207],[-106.81566,40.447208],[-106.81566,40.447208],[-106.815659,40.447209],[-106.815659,40.447209],[-106.815658,40.447209],[-106.815657,40.44721],[-106.815656,40.44721],[-106.815656,40.44721],[-106.815655,40.447211],[-106.815654,40.447211],[-106.815653,40.447211],[-106.815652,40.447211],[-106.815651,40.447211],[-106.81565,40.44721],[-106.815649,40.44721],[-106.815649,40.44721],[-106.815648,40.447209],[-106.815647,40.447209],[-106.815647,40.447209],[-106.815646,40.447208],[-106.815645,40.447208],[-106.815645,40.447207],[-106.815645,40.447206],[-106.815644,40.447206],[-106.815644,40.447205],[-106.815644,40.447204],[-106.815644,40.447204]]]}},{"id":"451","type":"Feature","properties":{"natural":null,"barrier":null,"highway":"bus_stop","amenity":null,"tourism":null,"base_elevation":105,"height":null,"material":null,"direction":null,"artwork_type":null,"name":"Homewood Suites"},"geometry":{"type":"Polygon","coordinates":[[[-106.815312,40.444754],[-106.815312,40.444754],[-106.815312,40.444753],[-106.815313,40.444752],[-106.815313,40.444752],[-106.815313,40.444751],[-106.815314,40.44475],[-106.815314,40.44475],[-106.815315,40.444749],[-106.815315,40.444749],[-106.815316,40.444749],[-106.815317,40.444748],[-106.815318,40.444748],[-106.815318,40.444748],[-106.815319,40.444747],[-106.81532,40.444747],[-106.815321,40.444747],[-106.815322,40.444747],[-106.815323,40.444747],[-106.815324,40.444748],[-106.815325,40.444748],[-106.815325,40.444748],[-106.815326,40.444749],[-106.815327,40.444749],[-106.815327,40.444749],[-106.815328,40.44475],[-106.815329,40.44475],[-106.815329,40.444751],[-106.815329,40.444752],[-106.81533,40.444752],[-106.81533,40.444753],[-106.81533,40.444754],[-106.81533,40.444754],[-106.81533,40.444755],[-106.81533,40.444756],[-106.81533,40.444756],[-106.815329,40.444757],[-106.815329,40.444757],[-106.815329,40.444758],[-106.815328,40.444759],[-106.815327,40.444759],[-106.815327,40.444759],[-106.815326,40.44476],[-106.815325,40.44476],[-106.815325,40.444761],[-106.815324,40.444761],[-106.815323,40.444761],[-106.815322,40.444761],[-106.815321,40.444761],[-106.81532,40.444761],[-106.815319,40.444761],[-106.815318,40.444761],[-106.815318,40.444761],[-106.815317,40.44476],[-106.815316,40.44476],[-106.815315,40.444759],[-106.815315,40.444759],[-106.815314,40.444759],[-106.815314,40.444758],[-106.815313,40.444757],[-106.815313,40.444757],[-106.815313,40.444756],[-106.815312,40.444756],[-106.815312,40.444755],[-106.815312,40.444754]]]}},{"id":"452","type":"Feature","properties":{"natural":null,"barrier":null,"highway":"bus_stop","amenity":null,"tourism":null,"base_elevation":105,"height":null,"material":null,"direction":null,"artwork_type":null,"name":"Majestic Circle"},"geometry":{"type":"Polygon","coordinates":[[[-106.816004,40.446211],[-106.816004,40.44621],[-106.816004,40.44621],[-106.816004,40.446209],[-106.816005,40.446208],[-106.816005,40.446208],[-106.816005,40.446207],[-106.816006,40.446207],[-106.816006,40.446206],[-106.816007,40.446206],[-106.816008,40.446205],[-106.816009,40.446205],[-106.816009,40.446205],[-106.81601,40.446205],[-106.816011,40.446204],[-106.816012,40.446204],[-106.816013,40.446204],[-106.816014,40.446204],[-106.816015,40.446204],[-106.816015,40.446205],[-106.816016,40.446205],[-106.816017,40.446205],[-106.816018,40.446205],[-106.816018,40.446206],[-106.816019,40.446206],[-106.81602,40.446207],[-106.81602,40.446207],[-106.816021,40.446208],[-106.816021,40.446208],[-106.816021,40.446209],[-106.816022,40.44621],[-106.816022,40.44621],[-106.816022,40.446211],[-106.816022,40.446212],[-106.816022,40.446212],[-106.816021,40.446213],[-106.816021,40.446214],[-106.816021,40.446214],[-106.81602,40.446215],[-106.81602,40.446215],[-106.816019,40.446216],[-106.816018,40.446216],[-106.816018,40.446217],[-106.816017,40.446217],[-106.816016,40.446217],[-106.816015,40.446218],[-106.816015,40.446218],[-106.816014,40.446218],[-106.816013,40.446218],[-106.816012,40.446218],[-106.816011,40.446218],[-106.81601,40.446218],[-106.816009,40.446217],[-106.816009,40.446217],[-106.816008,40.446217],[-106.816007,40.446216],[-106.816006,40.446216],[-106.816006,40.446215],[-106.816005,40.446215],[-106.816005,40.446214],[-106.816005,40.446214],[-106.816004,40.446213],[-106.816004,40.446212],[-106.816004,40.446212],[-106.816004,40.446211]]]}},{"id":"453","type":"Feature","properties":{"natural":null,"barrier":null,"highway":"bus_stop","amenity":null,"tourism":null,"base_elevation":104,"height":null,"material":null,"direction":null,"artwork_type":null,"name":"The Ponds"},"geometry":{"type":"Polygon","coordinates":[[[-106.817633,40.448762],[-106.817633,40.448761],[-106.817634,40.44876],[-106.817634,40.44876],[-106.817634,40.448759],[-106.817634,40.448758],[-106.817635,40.448758],[-106.817635,40.448757],[-106.817636,40.448757],[-106.817637,40.448756],[-106.817637,40.448756],[-106.817638,40.448755],[-106.817639,40.448755],[-106.81764,40.448755],[-106.817641,40.448755],[-106.817642,40.448755],[-106.817642,40.448755],[-106.817643,40.448755],[-106.817644,40.448755],[-106.817645,40.448755],[-106.817646,40.448755],[-106.817647,40.448755],[-106.817647,40.448756],[-106.817648,40.448756],[-106.817649,40.448757],[-106.817649,40.448757],[-106.81765,40.448758],[-106.81765,40.448758],[-106.817651,40.448759],[-106.817651,40.44876],[-106.817651,40.44876],[-106.817651,40.448761],[-106.817651,40.448762],[-106.817651,40.448762],[-106.817651,40.448763],[-106.817651,40.448763],[-106.817651,40.448764],[-106.81765,40.448765],[-106.81765,40.448765],[-106.817649,40.448766],[-106.817649,40.448766],[-106.817648,40.448767],[-106.817647,40.448767],[-106.817647,40.448768],[-106.817646,40.448768],[-106.817645,40.448768],[-106.817644,40.448768],[-106.817643,40.448768],[-106.817642,40.448768],[-106.817642,40.448768],[-106.817641,40.448768],[-106.81764,40.448768],[-106.817639,40.448768],[-106.817638,40.448768],[-106.817637,40.448767],[-106.817637,40.448767],[-106.817636,40.448766],[-106.817635,40.448766],[-106.817635,40.448765],[-106.817634,40.448765],[-106.817634,40.448764],[-106.817634,40.448763],[-106.817634,40.448763],[-106.817633,40.448762],[-106.817633,40.448762]]]}},{"id":"454","type":"Feature","properties":{"natural":null,"barrier":null,"highway":"bus_stop","amenity":null,"tourism":null,"base_elevation":103,"height":null,"material":null,"direction":null,"artwork_type":null,"name":"Highway 40 On Ramp"},"geometry":{"type":"Polygon","coordinates":[[[-106.822979,40.458729],[-106.822979,40.458728],[-106.822979,40.458728],[-106.82298,40.458727],[-106.82298,40.458726],[-106.82298,40.458726],[-106.822981,40.458725],[-106.822981,40.458725],[-106.822982,40.458724],[-106.822983,40.458724],[-106.822983,40.458723],[-106.822984,40.458723],[-106.822985,40.458723],[-106.822986,40.458723],[-106.822986,40.458722],[-106.822987,40.458722],[-106.822988,40.458722],[-106.822989,40.458722],[-106.82299,40.458722],[-106.822991,40.458723],[-106.822992,40.458723],[-106.822992,40.458723],[-106.822993,40.458723],[-106.822994,40.458724],[-106.822995,40.458724],[-106.822995,40.458725],[-106.822996,40.458725],[-106.822996,40.458726],[-106.822996,40.458726],[-106.822997,40.458727],[-106.822997,40.458728],[-106.822997,40.458728],[-106.822997,40.458729],[-106.822997,40.45873],[-106.822997,40.45873],[-106.822997,40.458731],[-106.822996,40.458732],[-106.822996,40.458732],[-106.822996,40.458733],[-106.822995,40.458733],[-106.822995,40.458734],[-106.822994,40.458734],[-106.822993,40.458735],[-106.822992,40.458735],[-106.822992,40.458735],[-106.822991,40.458736],[-106.82299,40.458736],[-106.822989,40.458736],[-106.822988,40.458736],[-106.822987,40.458736],[-106.822986,40.458736],[-106.822986,40.458736],[-106.822985,40.458735],[-106.822984,40.458735],[-106.822983,40.458735],[-106.822983,40.458734],[-106.822982,40.458734],[-106.822981,40.458733],[-106.822981,40.458733],[-106.82298,40.458732],[-106.82298,40.458732],[-106.82298,40.458731],[-106.822979,40.45873],[-106.822979,40.45873],[-106.822979,40.458729]]]}},{"id":"455","type":"Feature","properties":{"natural":null,"barrier":null,"highway":"bus_stop","amenity":null,"tourism":null,"base_elevation":119,"height":null,"material":null,"direction":null,"artwork_type":null,"name":"Steamboat Boulevard"},"geometry":{"type":"Polygon","coordinates":[[[-106.81392,40.459162],[-106.81392,40.459161],[-106.81392,40.45916],[-106.81392,40.45916],[-106.813921,40.459159],[-106.813921,40.459159],[-106.813921,40.459158],[-106.813922,40.459157],[-106.813923,40.459157],[-106.813923,40.459157],[-106.813924,40.459156],[-106.813925,40.459156],[-106.813925,40.459155],[-106.813926,40.459155],[-106.813927,40.459155],[-106.813928,40.459155],[-106.813929,40.459155],[-106.81393,40.459155],[-106.813931,40.459155],[-106.813932,40.459155],[-106.813932,40.459155],[-106.813933,40.459156],[-106.813934,40.459156],[-106.813935,40.459157],[-106.813935,40.459157],[-106.813936,40.459157],[-106.813936,40.459158],[-106.813937,40.459159],[-106.813937,40.459159],[-106.813937,40.45916],[-106.813938,40.45916],[-106.813938,40.459161],[-106.813938,40.459162],[-106.813938,40.459162],[-106.813938,40.459163],[-106.813937,40.459164],[-106.813937,40.459164],[-106.813937,40.459165],[-106.813936,40.459166],[-106.813936,40.459166],[-106.813935,40.459167],[-106.813935,40.459167],[-106.813934,40.459167],[-106.813933,40.459168],[-106.813932,40.459168],[-106.813932,40.459168],[-106.813931,40.459169],[-106.81393,40.459169],[-106.813929,40.459169],[-106.813928,40.459169],[-106.813927,40.459169],[-106.813926,40.459168],[-106.813925,40.459168],[-106.813925,40.459168],[-106.813924,40.459167],[-106.813923,40.459167],[-106.813923,40.459167],[-106.813922,40.459166],[-106.813921,40.459166],[-106.813921,40.459165],[-106.813921,40.459164],[-106.81392,40.459164],[-106.81392,40.459163],[-106.81392,40.459162],[-106.81392,40.459162]]]}},{"id":"456","type":"Feature","properties":{"natural":null,"barrier":null,"highway":"bus_stop","amenity":null,"tourism":null,"base_elevation":127,"height":null,"material":null,"direction":null,"artwork_type":null,"name":"Yampa Valley Medical Center"},"geometry":{"type":"Polygon","coordinates":[[[-106.814682,40.462869],[-106.814682,40.462868],[-106.814682,40.462868],[-106.814682,40.462867],[-106.814683,40.462866],[-106.814683,40.462866],[-106.814684,40.462865],[-106.814684,40.462865],[-106.814685,40.462864],[-106.814685,40.462864],[-106.814686,40.462863],[-106.814687,40.462863],[-106.814688,40.462863],[-106.814688,40.462862],[-106.814689,40.462862],[-106.81469,40.462862],[-106.814691,40.462862],[-106.814692,40.462862],[-106.814693,40.462862],[-106.814694,40.462862],[-106.814694,40.462863],[-106.814695,40.462863],[-106.814696,40.462863],[-106.814697,40.462864],[-106.814697,40.462864],[-106.814698,40.462865],[-106.814698,40.462865],[-106.814699,40.462866],[-106.814699,40.462866],[-106.8147,40.462867],[-106.8147,40.462868],[-106.8147,40.462868],[-106.8147,40.462869],[-106.8147,40.46287],[-106.8147,40.46287],[-106.8147,40.462871],[-106.814699,40.462872],[-106.814699,40.462872],[-106.814698,40.462873],[-106.814698,40.462873],[-106.814697,40.462874],[-106.814697,40.462874],[-106.814696,40.462875],[-106.814695,40.462875],[-106.814694,40.462875],[-106.814694,40.462876],[-106.814693,40.462876],[-106.814692,40.462876],[-106.814691,40.462876],[-106.81469,40.462876],[-106.814689,40.462876],[-106.814688,40.462876],[-106.814688,40.462875],[-106.814687,40.462875],[-106.814686,40.462875],[-106.814685,40.462874],[-106.814685,40.462874],[-106.814684,40.462873],[-106.814684,40.462873],[-106.814683,40.462872],[-106.814683,40.462872],[-106.814682,40.462871],[-106.814682,40.46287],[-106.814682,40.46287],[-106.814682,40.462869]]]}},{"id":"457","type":"Feature","properties":{"natural":null,"barrier":null,"highway":"bus_stop","amenity":null,"tourism":null,"base_elevation":135,"height":null,"material":null,"direction":null,"artwork_type":null,"name":"Lower Rockies"},"geometry":{"type":"Polygon","coordinates":[[[-106.810253,40.45968],[-106.810253,40.459679],[-106.810253,40.459679],[-106.810253,40.459678],[-106.810254,40.459677],[-106.810254,40.459677],[-106.810254,40.459676],[-106.810255,40.459676],[-106.810255,40.459675],[-106.810256,40.459675],[-106.810257,40.459674],[-106.810258,40.459674],[-106.810258,40.459674],[-106.810259,40.459674],[-106.81026,40.459673],[-106.810261,40.459673],[-106.810262,40.459673],[-106.810263,40.459673],[-106.810264,40.459673],[-106.810264,40.459674],[-106.810265,40.459674],[-106.810266,40.459674],[-106.810267,40.459674],[-106.810267,40.459675],[-106.810268,40.459675],[-106.810269,40.459676],[-106.810269,40.459676],[-106.81027,40.459677],[-106.81027,40.459677],[-106.81027,40.459678],[-106.810271,40.459679],[-106.810271,40.459679],[-106.810271,40.45968],[-106.810271,40.459681],[-106.810271,40.459681],[-106.81027,40.459682],[-106.81027,40.459683],[-106.81027,40.459683],[-106.810269,40.459684],[-106.810269,40.459684],[-106.810268,40.459685],[-106.810267,40.459685],[-106.810267,40.459686],[-106.810266,40.459686],[-106.810265,40.459686],[-106.810264,40.459687],[-106.810264,40.459687],[-106.810263,40.459687],[-106.810262,40.459687],[-106.810261,40.459687],[-106.81026,40.459687],[-106.810259,40.459687],[-106.810258,40.459686],[-106.810258,40.459686],[-106.810257,40.459686],[-106.810256,40.459685],[-106.810255,40.459685],[-106.810255,40.459684],[-106.810254,40.459684],[-106.810254,40.459683],[-106.810254,40.459683],[-106.810253,40.459682],[-106.810253,40.459681],[-106.810253,40.459681],[-106.810253,40.45968]]]}},{"id":"458","type":"Feature","properties":{"natural":null,"barrier":null,"highway":"bus_stop","amenity":null,"tourism":null,"base_elevation":142,"height":null,"material":null,"direction":null,"artwork_type":null,"name":"Upper Rockies"},"geometry":{"type":"Polygon","coordinates":[[[-106.808769,40.461079],[-106.808769,40.461078],[-106.808769,40.461078],[-106.808769,40.461077],[-106.808769,40.461076],[-106.80877,40.461076],[-106.80877,40.461075],[-106.808771,40.461075],[-106.808771,40.461074],[-106.808772,40.461074],[-106.808773,40.461073],[-106.808773,40.461073],[-106.808774,40.461073],[-106.808775,40.461072],[-106.808776,40.461072],[-106.808777,40.461072],[-106.808777,40.461072],[-106.808778,40.461072],[-106.808779,40.461072],[-106.80878,40.461072],[-106.808781,40.461073],[-106.808782,40.461073],[-106.808782,40.461073],[-106.808783,40.461074],[-106.808784,40.461074],[-106.808784,40.461075],[-106.808785,40.461075],[-106.808785,40.461076],[-106.808786,40.461076],[-106.808786,40.461077],[-106.808786,40.461078],[-106.808786,40.461078],[-106.808786,40.461079],[-106.808786,40.46108],[-106.808786,40.46108],[-106.808786,40.461081],[-106.808786,40.461082],[-106.808785,40.461082],[-106.808785,40.461083],[-106.808784,40.461083],[-106.808784,40.461084],[-106.808783,40.461084],[-106.808782,40.461085],[-106.808782,40.461085],[-106.808781,40.461085],[-106.80878,40.461086],[-106.808779,40.461086],[-106.808778,40.461086],[-106.808777,40.461086],[-106.808777,40.461086],[-106.808776,40.461086],[-106.808775,40.461086],[-106.808774,40.461085],[-106.808773,40.461085],[-106.808773,40.461085],[-106.808772,40.461084],[-106.808771,40.461084],[-106.808771,40.461083],[-106.80877,40.461083],[-106.80877,40.461082],[-106.808769,40.461082],[-106.808769,40.461081],[-106.808769,40.46108],[-106.808769,40.46108],[-106.808769,40.461079]]]}},{"id":"459","type":"Feature","properties":{"natural":null,"barrier":null,"highway":"bus_stop","amenity":null,"tourism":null,"base_elevation":148,"height":null,"material":null,"direction":null,"artwork_type":null,"name":"Moraine Townhomes"},"geometry":{"type":"Polygon","coordinates":[[[-106.80862,40.463286],[-106.80862,40.463286],[-106.80862,40.463285],[-106.80862,40.463284],[-106.80862,40.463284],[-106.808621,40.463283],[-106.808621,40.463283],[-106.808622,40.463282],[-106.808622,40.463282],[-106.808623,40.463281],[-106.808624,40.463281],[-106.808624,40.46328],[-106.808625,40.46328],[-106.808626,40.46328],[-106.808627,40.46328],[-106.808628,40.46328],[-106.808629,40.46328],[-106.808629,40.46328],[-106.80863,40.46328],[-106.808631,40.46328],[-106.808632,40.46328],[-106.808633,40.46328],[-106.808634,40.463281],[-106.808634,40.463281],[-106.808635,40.463282],[-106.808636,40.463282],[-106.808636,40.463283],[-106.808637,40.463283],[-106.808637,40.463284],[-106.808637,40.463284],[-106.808637,40.463285],[-106.808638,40.463286],[-106.808638,40.463286],[-106.808638,40.463287],[-106.808637,40.463288],[-106.808637,40.463288],[-106.808637,40.463289],[-106.808637,40.46329],[-106.808636,40.46329],[-106.808636,40.463291],[-106.808635,40.463291],[-106.808634,40.463292],[-106.808634,40.463292],[-106.808633,40.463292],[-106.808632,40.463293],[-106.808631,40.463293],[-106.80863,40.463293],[-106.808629,40.463293],[-106.808629,40.463293],[-106.808628,40.463293],[-106.808627,40.463293],[-106.808626,40.463293],[-106.808625,40.463293],[-106.808624,40.463292],[-106.808624,40.463292],[-106.808623,40.463292],[-106.808622,40.463291],[-106.808622,40.463291],[-106.808621,40.46329],[-106.808621,40.46329],[-106.80862,40.463289],[-106.80862,40.463288],[-106.80862,40.463288],[-106.80862,40.463287],[-106.80862,40.463286]]]}},{"id":"460","type":"Feature","properties":{"natural":null,"barrier":null,"highway":"bus_stop","amenity":null,"tourism":null,"base_elevation":128,"height":null,"material":null,"direction":null,"artwork_type":null,"name":"Steamboat Boulevard/Central Park"},"geometry":{"type":"Polygon","coordinates":[[[-106.812217,40.461527],[-106.812217,40.461526],[-106.812217,40.461525],[-106.812217,40.461525],[-106.812217,40.461524],[-106.812218,40.461524],[-106.812218,40.461523],[-106.812219,40.461522],[-106.812219,40.461522],[-106.81222,40.461522],[-106.812221,40.461521],[-106.812221,40.461521],[-106.812222,40.46152],[-106.812223,40.46152],[-106.812224,40.46152],[-106.812225,40.46152],[-106.812226,40.46152],[-106.812227,40.46152],[-106.812227,40.46152],[-106.812228,40.46152],[-106.812229,40.46152],[-106.81223,40.461521],[-106.812231,40.461521],[-106.812231,40.461522],[-106.812232,40.461522],[-106.812233,40.461522],[-106.812233,40.461523],[-106.812234,40.461524],[-106.812234,40.461524],[-106.812234,40.461525],[-106.812235,40.461525],[-106.812235,40.461526],[-106.812235,40.461527],[-106.812235,40.461527],[-106.812235,40.461528],[-106.812234,40.461529],[-106.812234,40.461529],[-106.812234,40.46153],[-106.812233,40.461531],[-106.812233,40.461531],[-106.812232,40.461532],[-106.812231,40.461532],[-106.812231,40.461532],[-106.81223,40.461533],[-106.812229,40.461533],[-106.812228,40.461533],[-106.812227,40.461534],[-106.812227,40.461534],[-106.812226,40.461534],[-106.812225,40.461534],[-106.812224,40.461534],[-106.812223,40.461533],[-106.812222,40.461533],[-106.812221,40.461533],[-106.812221,40.461532],[-106.81222,40.461532],[-106.812219,40.461532],[-106.812219,40.461531],[-106.812218,40.461531],[-106.812218,40.46153],[-106.812217,40.461529],[-106.812217,40.461529],[-106.812217,40.461528],[-106.812217,40.461527],[-106.812217,40.461527]]]}},{"id":"461","type":"Feature","properties":{"natural":null,"barrier":null,"highway":"bus_stop","amenity":null,"tourism":null,"base_elevation":126,"height":null,"material":null,"direction":null,"artwork_type":null,"name":"The Porches"},"geometry":{"type":"Polygon","coordinates":[[[-106.812644,40.460335],[-106.812644,40.460335],[-106.812644,40.460334],[-106.812644,40.460333],[-106.812644,40.460333],[-106.812645,40.460332],[-106.812645,40.460332],[-106.812646,40.460331],[-106.812646,40.46033],[-106.812647,40.46033],[-106.812648,40.46033],[-106.812648,40.460329],[-106.812649,40.460329],[-106.81265,40.460329],[-106.812651,40.460329],[-106.812652,40.460328],[-106.812653,40.460328],[-106.812653,40.460328],[-106.812654,40.460329],[-106.812655,40.460329],[-106.812656,40.460329],[-106.812657,40.460329],[-106.812658,40.46033],[-106.812658,40.46033],[-106.812659,40.46033],[-106.81266,40.460331],[-106.81266,40.460332],[-106.812661,40.460332],[-106.812661,40.460333],[-106.812661,40.460333],[-106.812661,40.460334],[-106.812662,40.460335],[-106.812662,40.460335],[-106.812662,40.460336],[-106.812661,40.460337],[-106.812661,40.460337],[-106.812661,40.460338],[-106.812661,40.460339],[-106.81266,40.460339],[-106.81266,40.46034],[-106.812659,40.46034],[-106.812658,40.460341],[-106.812658,40.460341],[-106.812657,40.460341],[-106.812656,40.460342],[-106.812655,40.460342],[-106.812654,40.460342],[-106.812653,40.460342],[-106.812653,40.460342],[-106.812652,40.460342],[-106.812651,40.460342],[-106.81265,40.460342],[-106.812649,40.460342],[-106.812648,40.460341],[-106.812648,40.460341],[-106.812647,40.460341],[-106.812646,40.46034],[-106.812646,40.46034],[-106.812645,40.460339],[-106.812645,40.460339],[-106.812644,40.460338],[-106.812644,40.460337],[-106.812644,40.460337],[-106.812644,40.460336],[-106.812644,40.460335]]]}},{"id":"462","type":"Feature","properties":{"natural":null,"barrier":null,"highway":"bus_stop","amenity":null,"tourism":null,"base_elevation":166,"height":null,"material":null,"direction":null,"artwork_type":null,"name":"Burgess Creek Road"},"geometry":{"type":"Polygon","coordinates":[[[-106.80646,40.459445],[-106.80646,40.459444],[-106.80646,40.459444],[-106.80646,40.459443],[-106.80646,40.459442],[-106.806461,40.459442],[-106.806461,40.459441],[-106.806462,40.459441],[-106.806462,40.45944],[-106.806463,40.45944],[-106.806464,40.459439],[-106.806464,40.459439],[-106.806465,40.459439],[-106.806466,40.459439],[-106.806467,40.459438],[-106.806468,40.459438],[-106.806468,40.459438],[-106.806469,40.459438],[-106.80647,40.459438],[-106.806471,40.459439],[-106.806472,40.459439],[-106.806473,40.459439],[-106.806473,40.459439],[-106.806474,40.45944],[-106.806475,40.45944],[-106.806475,40.459441],[-106.806476,40.459441],[-106.806476,40.459442],[-106.806477,40.459442],[-106.806477,40.459443],[-106.806477,40.459444],[-106.806477,40.459444],[-106.806477,40.459445],[-106.806477,40.459446],[-106.806477,40.459446],[-106.806477,40.459447],[-106.806477,40.459448],[-106.806476,40.459448],[-106.806476,40.459449],[-106.806475,40.459449],[-106.806475,40.45945],[-106.806474,40.45945],[-106.806473,40.459451],[-106.806473,40.459451],[-106.806472,40.459451],[-106.806471,40.459452],[-106.80647,40.459452],[-106.806469,40.459452],[-106.806468,40.459452],[-106.806468,40.459452],[-106.806467,40.459452],[-106.806466,40.459452],[-106.806465,40.459451],[-106.806464,40.459451],[-106.806464,40.459451],[-106.806463,40.45945],[-106.806462,40.45945],[-106.806462,40.459449],[-106.806461,40.459449],[-106.806461,40.459448],[-106.80646,40.459448],[-106.80646,40.459447],[-106.80646,40.459446],[-106.80646,40.459446],[-106.80646,40.459445]]]}},{"id":"463","type":"Feature","properties":{"natural":null,"barrier":null,"highway":"bus_stop","amenity":null,"tourism":null,"base_elevation":172,"height":null,"material":null,"direction":null,"artwork_type":null,"name":"Ski Times Square"},"geometry":{"type":"Polygon","coordinates":[[[-106.804476,40.460026],[-106.804476,40.460025],[-106.804476,40.460024],[-106.804476,40.460024],[-106.804476,40.460023],[-106.804477,40.460022],[-106.804477,40.460022],[-106.804478,40.460021],[-106.804478,40.460021],[-106.804479,40.46002],[-106.80448,40.46002],[-106.80448,40.46002],[-106.804481,40.460019],[-106.804482,40.460019],[-106.804483,40.460019],[-106.804484,40.460019],[-106.804485,40.460019],[-106.804486,40.460019],[-106.804486,40.460019],[-106.804487,40.460019],[-106.804488,40.460019],[-106.804489,40.46002],[-106.80449,40.46002],[-106.80449,40.46002],[-106.804491,40.460021],[-106.804492,40.460021],[-106.804492,40.460022],[-106.804493,40.460022],[-106.804493,40.460023],[-106.804493,40.460024],[-106.804494,40.460024],[-106.804494,40.460025],[-106.804494,40.460026],[-106.804494,40.460026],[-106.804494,40.460027],[-106.804493,40.460028],[-106.804493,40.460028],[-106.804493,40.460029],[-106.804492,40.460029],[-106.804492,40.46003],[-106.804491,40.460031],[-106.80449,40.460031],[-106.80449,40.460031],[-106.804489,40.460032],[-106.804488,40.460032],[-106.804487,40.460032],[-106.804486,40.460032],[-106.804486,40.460033],[-106.804485,40.460033],[-106.804484,40.460033],[-106.804483,40.460032],[-106.804482,40.460032],[-106.804481,40.460032],[-106.80448,40.460032],[-106.80448,40.460031],[-106.804479,40.460031],[-106.804478,40.460031],[-106.804478,40.46003],[-106.804477,40.460029],[-106.804477,40.460029],[-106.804476,40.460028],[-106.804476,40.460028],[-106.804476,40.460027],[-106.804476,40.460026],[-106.804476,40.460026]]]}},{"id":"464","type":"Feature","properties":{"natural":null,"barrier":null,"highway":"bus_stop","amenity":null,"tourism":null,"base_elevation":118,"height":null,"material":null,"direction":null,"artwork_type":null,"name":"Meadows Parking Lot"},"geometry":{"type":"Polygon","coordinates":[[[-106.814397,40.458864],[-106.814397,40.458864],[-106.814397,40.458863],[-106.814398,40.458863],[-106.814398,40.458862],[-106.814398,40.458861],[-106.814399,40.458861],[-106.814399,40.45886],[-106.8144,40.45886],[-106.814401,40.458859],[-106.814401,40.458859],[-106.814402,40.458858],[-106.814403,40.458858],[-106.814404,40.458858],[-106.814404,40.458858],[-106.814405,40.458858],[-106.814406,40.458858],[-106.814407,40.458858],[-106.814408,40.458858],[-106.814409,40.458858],[-106.81441,40.458858],[-106.81441,40.458858],[-106.814411,40.458859],[-106.814412,40.458859],[-106.814413,40.45886],[-106.814413,40.45886],[-106.814414,40.458861],[-106.814414,40.458861],[-106.814414,40.458862],[-106.814415,40.458863],[-106.814415,40.458863],[-106.814415,40.458864],[-106.814415,40.458864],[-106.814415,40.458865],[-106.814415,40.458866],[-106.814415,40.458866],[-106.814414,40.458867],[-106.814414,40.458868],[-106.814414,40.458868],[-106.814413,40.458869],[-106.814413,40.458869],[-106.814412,40.45887],[-106.814411,40.45887],[-106.81441,40.458871],[-106.81441,40.458871],[-106.814409,40.458871],[-106.814408,40.458871],[-106.814407,40.458871],[-106.814406,40.458871],[-106.814405,40.458871],[-106.814404,40.458871],[-106.814404,40.458871],[-106.814403,40.458871],[-106.814402,40.458871],[-106.814401,40.45887],[-106.814401,40.45887],[-106.8144,40.458869],[-106.814399,40.458869],[-106.814399,40.458868],[-106.814398,40.458868],[-106.814398,40.458867],[-106.814398,40.458866],[-106.814397,40.458866],[-106.814397,40.458865],[-106.814397,40.458864]]]}},{"id":"465","type":"Feature","properties":{"natural":null,"barrier":null,"highway":"bus_stop","amenity":null,"tourism":null,"base_elevation":111,"height":null,"material":null,"direction":null,"artwork_type":null,"name":"Wildhorse Marketplace"},"geometry":{"type":"Polygon","coordinates":[[[-106.819609,40.459317],[-106.819609,40.459317],[-106.819609,40.459316],[-106.819609,40.459316],[-106.81961,40.459315],[-106.81961,40.459314],[-106.81961,40.459314],[-106.819611,40.459313],[-106.819611,40.459313],[-106.819612,40.459312],[-106.819613,40.459312],[-106.819614,40.459311],[-106.819614,40.459311],[-106.819615,40.459311],[-106.819616,40.459311],[-106.819617,40.459311],[-106.819618,40.459311],[-106.819619,40.459311],[-106.81962,40.459311],[-106.81962,40.459311],[-106.819621,40.459311],[-106.819622,40.459311],[-106.819623,40.459312],[-106.819623,40.459312],[-106.819624,40.459313],[-106.819625,40.459313],[-106.819625,40.459314],[-106.819626,40.459314],[-106.819626,40.459315],[-106.819626,40.459316],[-106.819627,40.459316],[-106.819627,40.459317],[-106.819627,40.459317],[-106.819627,40.459318],[-106.819627,40.459319],[-106.819626,40.459319],[-106.819626,40.45932],[-106.819626,40.459321],[-106.819625,40.459321],[-106.819625,40.459322],[-106.819624,40.459322],[-106.819623,40.459323],[-106.819623,40.459323],[-106.819622,40.459324],[-106.819621,40.459324],[-106.81962,40.459324],[-106.81962,40.459324],[-106.819619,40.459324],[-106.819618,40.459324],[-106.819617,40.459324],[-106.819616,40.459324],[-106.819615,40.459324],[-106.819614,40.459324],[-106.819614,40.459324],[-106.819613,40.459323],[-106.819612,40.459323],[-106.819611,40.459322],[-106.819611,40.459322],[-106.81961,40.459321],[-106.81961,40.459321],[-106.81961,40.45932],[-106.819609,40.459319],[-106.819609,40.459319],[-106.819609,40.459318],[-106.819609,40.459317]]]}},{"id":"466","type":"Feature","properties":{"natural":null,"barrier":null,"highway":"crossing","amenity":null,"tourism":null,"base_elevation":112,"height":null,"material":null,"direction":null,"artwork_type":null,"name":null},"geometry":{"type":"Polygon","coordinates":[[[-106.812634,40.452358],[-106.812634,40.452357],[-106.812634,40.452356],[-106.812635,40.452356],[-106.812635,40.452355],[-106.812635,40.452355],[-106.812636,40.452354],[-106.812636,40.452353],[-106.812637,40.452353],[-106.812638,40.452353],[-106.812638,40.452352],[-106.812639,40.452352],[-106.81264,40.452351],[-106.812641,40.452351],[-106.812642,40.452351],[-106.812642,40.452351],[-106.812643,40.452351],[-106.812644,40.452351],[-106.812645,40.452351],[-106.812646,40.452351],[-106.812647,40.452351],[-106.812648,40.452352],[-106.812648,40.452352],[-106.812649,40.452353],[-106.81265,40.452353],[-106.81265,40.452353],[-106.812651,40.452354],[-106.812651,40.452355],[-106.812652,40.452355],[-106.812652,40.452356],[-106.812652,40.452356],[-106.812652,40.452357],[-106.812652,40.452358],[-106.812652,40.452358],[-106.812652,40.452359],[-106.812652,40.45236],[-106.812652,40.45236],[-106.812651,40.452361],[-106.812651,40.452362],[-106.81265,40.452362],[-106.81265,40.452363],[-106.812649,40.452363],[-106.812648,40.452363],[-106.812648,40.452364],[-106.812647,40.452364],[-106.812646,40.452364],[-106.812645,40.452365],[-106.812644,40.452365],[-106.812643,40.452365],[-106.812642,40.452365],[-106.812642,40.452365],[-106.812641,40.452364],[-106.81264,40.452364],[-106.812639,40.452364],[-106.812638,40.452363],[-106.812638,40.452363],[-106.812637,40.452363],[-106.812636,40.452362],[-106.812636,40.452362],[-106.812635,40.452361],[-106.812635,40.45236],[-106.812635,40.45236],[-106.812634,40.452359],[-106.812634,40.452358],[-106.812634,40.452358]]]}},{"id":"467","type":"Feature","properties":{"natural":null,"barrier":null,"highway":"crossing","amenity":null,"tourism":null,"base_elevation":75,"height":null,"material":null,"direction":null,"artwork_type":null,"name":null},"geometry":{"type":"Polygon","coordinates":[[[-106.861381,40.502753],[-106.861381,40.502752],[-106.861381,40.502751],[-106.861382,40.502751],[-106.861382,40.50275],[-106.861382,40.50275],[-106.861383,40.502749],[-106.861383,40.502748],[-106.861384,40.502748],[-106.861385,40.502748],[-106.861385,40.502747],[-106.861386,40.502747],[-106.861387,40.502746],[-106.861388,40.502746],[-106.861388,40.502746],[-106.861389,40.502746],[-106.86139,40.502746],[-106.861391,40.502746],[-106.861392,40.502746],[-106.861393,40.502746],[-106.861394,40.502746],[-106.861394,40.502747],[-106.861395,40.502747],[-106.861396,40.502748],[-106.861397,40.502748],[-106.861397,40.502748],[-106.861398,40.502749],[-106.861398,40.50275],[-106.861398,40.50275],[-106.861399,40.502751],[-106.861399,40.502751],[-106.861399,40.502752],[-106.861399,40.502753],[-106.861399,40.502753],[-106.861399,40.502754],[-106.861399,40.502755],[-106.861398,40.502755],[-106.861398,40.502756],[-106.861398,40.502757],[-106.861397,40.502757],[-106.861397,40.502758],[-106.861396,40.502758],[-106.861395,40.502758],[-106.861394,40.502759],[-106.861394,40.502759],[-106.861393,40.502759],[-106.861392,40.502759],[-106.861391,40.50276],[-106.86139,40.50276],[-106.861389,40.50276],[-106.861388,40.502759],[-106.861388,40.502759],[-106.861387,40.502759],[-106.861386,40.502759],[-106.861385,40.502758],[-106.861385,40.502758],[-106.861384,40.502758],[-106.861383,40.502757],[-106.861383,40.502757],[-106.861382,40.502756],[-106.861382,40.502755],[-106.861382,40.502755],[-106.861381,40.502754],[-106.861381,40.502753],[-106.861381,40.502753]]]}},{"id":"468","type":"Feature","properties":{"natural":null,"barrier":null,"highway":"crossing","amenity":null,"tourism":null,"base_elevation":77,"height":null,"material":null,"direction":null,"artwork_type":null,"name":null},"geometry":{"type":"Polygon","coordinates":[[[-106.855037,40.501035],[-106.855037,40.501035],[-106.855037,40.501034],[-106.855037,40.501033],[-106.855038,40.501033],[-106.855038,40.501032],[-106.855038,40.501032],[-106.855039,40.501031],[-106.855039,40.50103],[-106.85504,40.50103],[-106.855041,40.50103],[-106.855042,40.501029],[-106.855042,40.501029],[-106.855043,40.501029],[-106.855044,40.501029],[-106.855045,40.501029],[-106.855046,40.501028],[-106.855047,40.501029],[-106.855048,40.501029],[-106.855048,40.501029],[-106.855049,40.501029],[-106.85505,40.501029],[-106.855051,40.50103],[-106.855051,40.50103],[-106.855052,40.50103],[-106.855053,40.501031],[-106.855053,40.501032],[-106.855054,40.501032],[-106.855054,40.501033],[-106.855054,40.501033],[-106.855055,40.501034],[-106.855055,40.501035],[-106.855055,40.501035],[-106.855055,40.501036],[-106.855055,40.501037],[-106.855054,40.501037],[-106.855054,40.501038],[-106.855054,40.501039],[-106.855053,40.501039],[-106.855053,40.50104],[-106.855052,40.50104],[-106.855051,40.501041],[-106.855051,40.501041],[-106.85505,40.501041],[-106.855049,40.501042],[-106.855048,40.501042],[-106.855048,40.501042],[-106.855047,40.501042],[-106.855046,40.501042],[-106.855045,40.501042],[-106.855044,40.501042],[-106.855043,40.501042],[-106.855042,40.501042],[-106.855042,40.501041],[-106.855041,40.501041],[-106.85504,40.501041],[-106.855039,40.50104],[-106.855039,40.50104],[-106.855038,40.501039],[-106.855038,40.501039],[-106.855038,40.501038],[-106.855037,40.501037],[-106.855037,40.501037],[-106.855037,40.501036],[-106.855037,40.501035]]]}},{"id":"469","type":"Feature","properties":{"natural":null,"barrier":null,"highway":"crossing","amenity":null,"tourism":null,"base_elevation":126,"height":null,"material":null,"direction":null,"artwork_type":null,"name":null},"geometry":{"type":"Polygon","coordinates":[[[-106.819304,40.466552],[-106.819304,40.466551],[-106.819304,40.46655],[-106.819305,40.46655],[-106.819305,40.466549],[-106.819305,40.466549],[-106.819306,40.466548],[-106.819306,40.466547],[-106.819307,40.466547],[-106.819308,40.466547],[-106.819308,40.466546],[-106.819309,40.466546],[-106.81931,40.466545],[-106.819311,40.466545],[-106.819312,40.466545],[-106.819312,40.466545],[-106.819313,40.466545],[-106.819314,40.466545],[-106.819315,40.466545],[-106.819316,40.466545],[-106.819317,40.466545],[-106.819318,40.466546],[-106.819318,40.466546],[-106.819319,40.466547],[-106.81932,40.466547],[-106.81932,40.466547],[-106.819321,40.466548],[-106.819321,40.466549],[-106.819322,40.466549],[-106.819322,40.46655],[-106.819322,40.46655],[-106.819322,40.466551],[-106.819322,40.466552],[-106.819322,40.466552],[-106.819322,40.466553],[-106.819322,40.466554],[-106.819322,40.466554],[-106.819321,40.466555],[-106.819321,40.466556],[-106.81932,40.466556],[-106.81932,40.466557],[-106.819319,40.466557],[-106.819318,40.466557],[-106.819318,40.466558],[-106.819317,40.466558],[-106.819316,40.466558],[-106.819315,40.466559],[-106.819314,40.466559],[-106.819313,40.466559],[-106.819312,40.466559],[-106.819312,40.466559],[-106.819311,40.466558],[-106.81931,40.466558],[-106.819309,40.466558],[-106.819308,40.466557],[-106.819308,40.466557],[-106.819307,40.466557],[-106.819306,40.466556],[-106.819306,40.466556],[-106.819305,40.466555],[-106.819305,40.466554],[-106.819305,40.466554],[-106.819304,40.466553],[-106.819304,40.466552],[-106.819304,40.466552]]]}},{"id":"470","type":"Feature","properties":{"natural":null,"barrier":null,"highway":"crossing","amenity":null,"tourism":null,"base_elevation":119,"height":null,"material":null,"direction":null,"artwork_type":null,"name":null},"geometry":{"type":"Polygon","coordinates":[[[-106.814257,40.459094],[-106.814257,40.459093],[-106.814257,40.459092],[-106.814257,40.459092],[-106.814257,40.459091],[-106.814258,40.45909],[-106.814258,40.45909],[-106.814259,40.459089],[-106.814259,40.459089],[-106.81426,40.459088],[-106.814261,40.459088],[-106.814261,40.459087],[-106.814262,40.459087],[-106.814263,40.459087],[-106.814264,40.459087],[-106.814265,40.459087],[-106.814265,40.459087],[-106.814266,40.459087],[-106.814267,40.459087],[-106.814268,40.459087],[-106.814269,40.459087],[-106.81427,40.459087],[-106.81427,40.459088],[-106.814271,40.459088],[-106.814272,40.459089],[-106.814272,40.459089],[-106.814273,40.45909],[-106.814273,40.45909],[-106.814274,40.459091],[-106.814274,40.459092],[-106.814274,40.459092],[-106.814274,40.459093],[-106.814274,40.459094],[-106.814274,40.459094],[-106.814274,40.459095],[-106.814274,40.459095],[-106.814274,40.459096],[-106.814273,40.459097],[-106.814273,40.459097],[-106.814272,40.459098],[-106.814272,40.459098],[-106.814271,40.459099],[-106.81427,40.459099],[-106.81427,40.4591],[-106.814269,40.4591],[-106.814268,40.4591],[-106.814267,40.4591],[-106.814266,40.4591],[-106.814265,40.4591],[-106.814265,40.4591],[-106.814264,40.4591],[-106.814263,40.4591],[-106.814262,40.4591],[-106.814261,40.4591],[-106.814261,40.459099],[-106.81426,40.459099],[-106.814259,40.459098],[-106.814259,40.459098],[-106.814258,40.459097],[-106.814258,40.459097],[-106.814257,40.459096],[-106.814257,40.459095],[-106.814257,40.459095],[-106.814257,40.459094],[-106.814257,40.459094]]]}},{"id":"471","type":"Feature","properties":{"natural":null,"barrier":null,"highway":"crossing","amenity":null,"tourism":null,"base_elevation":149,"height":null,"material":null,"direction":null,"artwork_type":null,"name":null},"geometry":{"type":"Polygon","coordinates":[[[-106.807482,40.455029],[-106.807482,40.455029],[-106.807483,40.455028],[-106.807483,40.455027],[-106.807483,40.455027],[-106.807483,40.455026],[-106.807484,40.455026],[-106.807484,40.455025],[-106.807485,40.455025],[-106.807486,40.455024],[-106.807486,40.455024],[-106.807487,40.455023],[-106.807488,40.455023],[-106.807489,40.455023],[-106.80749,40.455023],[-106.807491,40.455023],[-106.807491,40.455023],[-106.807492,40.455023],[-106.807493,40.455023],[-106.807494,40.455023],[-106.807495,40.455023],[-106.807496,40.455023],[-106.807496,40.455024],[-106.807497,40.455024],[-106.807498,40.455025],[-106.807498,40.455025],[-106.807499,40.455026],[-106.807499,40.455026],[-106.8075,40.455027],[-106.8075,40.455027],[-106.8075,40.455028],[-106.8075,40.455029],[-106.8075,40.455029],[-106.8075,40.45503],[-106.8075,40.455031],[-106.8075,40.455031],[-106.8075,40.455032],[-106.807499,40.455033],[-106.807499,40.455033],[-106.807498,40.455034],[-106.807498,40.455034],[-106.807497,40.455035],[-106.807496,40.455035],[-106.807496,40.455035],[-106.807495,40.455036],[-106.807494,40.455036],[-106.807493,40.455036],[-106.807492,40.455036],[-106.807491,40.455036],[-106.807491,40.455036],[-106.80749,40.455036],[-106.807489,40.455036],[-106.807488,40.455036],[-106.807487,40.455035],[-106.807486,40.455035],[-106.807486,40.455035],[-106.807485,40.455034],[-106.807484,40.455034],[-106.807484,40.455033],[-106.807483,40.455033],[-106.807483,40.455032],[-106.807483,40.455031],[-106.807483,40.455031],[-106.807482,40.45503],[-106.807482,40.455029]]]}},{"id":"472","type":"Feature","properties":{"natural":null,"barrier":null,"highway":"crossing","amenity":null,"tourism":null,"base_elevation":145,"height":null,"material":null,"direction":null,"artwork_type":null,"name":null},"geometry":{"type":"Polygon","coordinates":[[[-106.806826,40.455143],[-106.806826,40.455142],[-106.806826,40.455142],[-106.806827,40.455141],[-106.806827,40.45514],[-106.806827,40.45514],[-106.806828,40.455139],[-106.806828,40.455139],[-106.806829,40.455138],[-106.80683,40.455138],[-106.80683,40.455137],[-106.806831,40.455137],[-106.806832,40.455137],[-106.806833,40.455136],[-106.806833,40.455136],[-106.806834,40.455136],[-106.806835,40.455136],[-106.806836,40.455136],[-106.806837,40.455136],[-106.806838,40.455136],[-106.806839,40.455137],[-106.806839,40.455137],[-106.80684,40.455137],[-106.806841,40.455138],[-106.806842,40.455138],[-106.806842,40.455139],[-106.806843,40.455139],[-106.806843,40.45514],[-106.806843,40.45514],[-106.806844,40.455141],[-106.806844,40.455142],[-106.806844,40.455142],[-106.806844,40.455143],[-106.806844,40.455144],[-106.806844,40.455144],[-106.806844,40.455145],[-106.806843,40.455146],[-106.806843,40.455146],[-106.806843,40.455147],[-106.806842,40.455147],[-106.806842,40.455148],[-106.806841,40.455148],[-106.80684,40.455149],[-106.806839,40.455149],[-106.806839,40.455149],[-106.806838,40.455149],[-106.806837,40.45515],[-106.806836,40.45515],[-106.806835,40.45515],[-106.806834,40.45515],[-106.806833,40.45515],[-106.806833,40.455149],[-106.806832,40.455149],[-106.806831,40.455149],[-106.80683,40.455149],[-106.80683,40.455148],[-106.806829,40.455148],[-106.806828,40.455147],[-106.806828,40.455147],[-106.806827,40.455146],[-106.806827,40.455146],[-106.806827,40.455145],[-106.806826,40.455144],[-106.806826,40.455144],[-106.806826,40.455143]]]}},{"id":"473","type":"Feature","properties":{"natural":null,"barrier":null,"highway":"crossing","amenity":null,"tourism":null,"base_elevation":102,"height":null,"material":null,"direction":null,"artwork_type":null,"name":null},"geometry":{"type":"Polygon","coordinates":[[[-106.846852,40.494784],[-106.846852,40.494783],[-106.846852,40.494782],[-106.846852,40.494782],[-106.846852,40.494781],[-106.846853,40.49478],[-106.846853,40.49478],[-106.846854,40.494779],[-106.846854,40.494779],[-106.846855,40.494778],[-106.846856,40.494778],[-106.846856,40.494778],[-106.846857,40.494777],[-106.846858,40.494777],[-106.846859,40.494777],[-106.84686,40.494777],[-106.846861,40.494777],[-106.846861,40.494777],[-106.846862,40.494777],[-106.846863,40.494777],[-106.846864,40.494777],[-106.846865,40.494778],[-106.846865,40.494778],[-106.846866,40.494778],[-106.846867,40.494779],[-106.846867,40.494779],[-106.846868,40.49478],[-106.846868,40.49478],[-106.846869,40.494781],[-106.846869,40.494782],[-106.846869,40.494782],[-106.846869,40.494783],[-106.846869,40.494784],[-106.846869,40.494784],[-106.846869,40.494785],[-106.846869,40.494786],[-106.846869,40.494786],[-106.846868,40.494787],[-106.846868,40.494787],[-106.846867,40.494788],[-106.846867,40.494788],[-106.846866,40.494789],[-106.846865,40.494789],[-106.846865,40.49479],[-106.846864,40.49479],[-106.846863,40.49479],[-106.846862,40.49479],[-106.846861,40.49479],[-106.846861,40.49479],[-106.84686,40.49479],[-106.846859,40.49479],[-106.846858,40.49479],[-106.846857,40.49479],[-106.846856,40.49479],[-106.846856,40.494789],[-106.846855,40.494789],[-106.846854,40.494788],[-106.846854,40.494788],[-106.846853,40.494787],[-106.846853,40.494787],[-106.846852,40.494786],[-106.846852,40.494786],[-106.846852,40.494785],[-106.846852,40.494784],[-106.846852,40.494784]]]}},{"id":"474","type":"Feature","properties":{"natural":null,"barrier":null,"highway":"crossing","amenity":null,"tourism":null,"base_elevation":106,"height":null,"material":null,"direction":null,"artwork_type":null,"name":null},"geometry":{"type":"Polygon","coordinates":[[[-106.847045,40.495429],[-106.847045,40.495428],[-106.847045,40.495427],[-106.847045,40.495427],[-106.847046,40.495426],[-106.847046,40.495425],[-106.847046,40.495425],[-106.847047,40.495424],[-106.847048,40.495424],[-106.847048,40.495423],[-106.847049,40.495423],[-106.84705,40.495423],[-106.84705,40.495422],[-106.847051,40.495422],[-106.847052,40.495422],[-106.847053,40.495422],[-106.847054,40.495422],[-106.847055,40.495422],[-106.847056,40.495422],[-106.847057,40.495422],[-106.847057,40.495422],[-106.847058,40.495423],[-106.847059,40.495423],[-106.84706,40.495423],[-106.84706,40.495424],[-106.847061,40.495424],[-106.847061,40.495425],[-106.847062,40.495425],[-106.847062,40.495426],[-106.847062,40.495427],[-106.847063,40.495427],[-106.847063,40.495428],[-106.847063,40.495429],[-106.847063,40.495429],[-106.847063,40.49543],[-106.847062,40.495431],[-106.847062,40.495431],[-106.847062,40.495432],[-106.847061,40.495432],[-106.847061,40.495433],[-106.84706,40.495433],[-106.84706,40.495434],[-106.847059,40.495434],[-106.847058,40.495435],[-106.847057,40.495435],[-106.847057,40.495435],[-106.847056,40.495435],[-106.847055,40.495435],[-106.847054,40.495435],[-106.847053,40.495435],[-106.847052,40.495435],[-106.847051,40.495435],[-106.84705,40.495435],[-106.84705,40.495435],[-106.847049,40.495434],[-106.847048,40.495434],[-106.847048,40.495433],[-106.847047,40.495433],[-106.847046,40.495432],[-106.847046,40.495432],[-106.847046,40.495431],[-106.847045,40.495431],[-106.847045,40.49543],[-106.847045,40.495429],[-106.847045,40.495429]]]}},{"id":"475","type":"Feature","properties":{"natural":null,"barrier":null,"highway":"crossing","amenity":null,"tourism":null,"base_elevation":137,"height":null,"material":null,"direction":null,"artwork_type":null,"name":null},"geometry":{"type":"Polygon","coordinates":[[[-106.849275,40.499381],[-106.849275,40.49938],[-106.849275,40.499379],[-106.849275,40.499379],[-106.849275,40.499378],[-106.849276,40.499377],[-106.849276,40.499377],[-106.849277,40.499376],[-106.849277,40.499376],[-106.849278,40.499375],[-106.849279,40.499375],[-106.849279,40.499374],[-106.84928,40.499374],[-106.849281,40.499374],[-106.849282,40.499374],[-106.849283,40.499374],[-106.849284,40.499374],[-106.849285,40.499374],[-106.849285,40.499374],[-106.849286,40.499374],[-106.849287,40.499374],[-106.849288,40.499374],[-106.849289,40.499375],[-106.849289,40.499375],[-106.84929,40.499376],[-106.849291,40.499376],[-106.849291,40.499377],[-106.849292,40.499377],[-106.849292,40.499378],[-106.849292,40.499379],[-106.849293,40.499379],[-106.849293,40.49938],[-106.849293,40.499381],[-106.849293,40.499381],[-106.849293,40.499382],[-106.849292,40.499382],[-106.849292,40.499383],[-106.849292,40.499384],[-106.849291,40.499384],[-106.849291,40.499385],[-106.84929,40.499385],[-106.849289,40.499386],[-106.849289,40.499386],[-106.849288,40.499387],[-106.849287,40.499387],[-106.849286,40.499387],[-106.849285,40.499387],[-106.849285,40.499387],[-106.849284,40.499387],[-106.849283,40.499387],[-106.849282,40.499387],[-106.849281,40.499387],[-106.84928,40.499387],[-106.849279,40.499387],[-106.849279,40.499386],[-106.849278,40.499386],[-106.849277,40.499385],[-106.849277,40.499385],[-106.849276,40.499384],[-106.849276,40.499384],[-106.849275,40.499383],[-106.849275,40.499382],[-106.849275,40.499382],[-106.849275,40.499381],[-106.849275,40.499381]]]}},{"id":"476","type":"Feature","properties":{"natural":null,"barrier":null,"highway":"crossing","amenity":null,"tourism":null,"base_elevation":137,"height":null,"material":null,"direction":null,"artwork_type":null,"name":null},"geometry":{"type":"Polygon","coordinates":[[[-106.849391,40.499462],[-106.849391,40.499461],[-106.849391,40.499461],[-106.849392,40.49946],[-106.849392,40.499459],[-106.849392,40.499459],[-106.849393,40.499458],[-106.849393,40.499458],[-106.849394,40.499457],[-106.849395,40.499457],[-106.849395,40.499456],[-106.849396,40.499456],[-106.849397,40.499456],[-106.849398,40.499455],[-106.849399,40.499455],[-106.849399,40.499455],[-106.8494,40.499455],[-106.849401,40.499455],[-106.849402,40.499455],[-106.849403,40.499455],[-106.849404,40.499456],[-106.849405,40.499456],[-106.849405,40.499456],[-106.849406,40.499457],[-106.849407,40.499457],[-106.849407,40.499458],[-106.849408,40.499458],[-106.849408,40.499459],[-106.849409,40.499459],[-106.849409,40.49946],[-106.849409,40.499461],[-106.849409,40.499461],[-106.849409,40.499462],[-106.849409,40.499463],[-106.849409,40.499463],[-106.849409,40.499464],[-106.849409,40.499465],[-106.849408,40.499465],[-106.849408,40.499466],[-106.849407,40.499466],[-106.849407,40.499467],[-106.849406,40.499467],[-106.849405,40.499468],[-106.849405,40.499468],[-106.849404,40.499468],[-106.849403,40.499468],[-106.849402,40.499469],[-106.849401,40.499469],[-106.8494,40.499469],[-106.849399,40.499469],[-106.849399,40.499469],[-106.849398,40.499468],[-106.849397,40.499468],[-106.849396,40.499468],[-106.849395,40.499468],[-106.849395,40.499467],[-106.849394,40.499467],[-106.849393,40.499466],[-106.849393,40.499466],[-106.849392,40.499465],[-106.849392,40.499465],[-106.849392,40.499464],[-106.849391,40.499463],[-106.849391,40.499463],[-106.849391,40.499462]]]}},{"id":"477","type":"Feature","properties":{"natural":null,"barrier":null,"highway":"crossing","amenity":null,"tourism":null,"base_elevation":137,"height":null,"material":null,"direction":null,"artwork_type":null,"name":null},"geometry":{"type":"Polygon","coordinates":[[[-106.84949,40.499388],[-106.84949,40.499388],[-106.84949,40.499387],[-106.84949,40.499386],[-106.84949,40.499386],[-106.849491,40.499385],[-106.849491,40.499384],[-106.849492,40.499384],[-106.849492,40.499383],[-106.849493,40.499383],[-106.849494,40.499383],[-106.849494,40.499382],[-106.849495,40.499382],[-106.849496,40.499382],[-106.849497,40.499382],[-106.849498,40.499381],[-106.849499,40.499381],[-106.849499,40.499381],[-106.8495,40.499382],[-106.849501,40.499382],[-106.849502,40.499382],[-106.849503,40.499382],[-106.849504,40.499383],[-106.849504,40.499383],[-106.849505,40.499383],[-106.849506,40.499384],[-106.849506,40.499384],[-106.849507,40.499385],[-106.849507,40.499386],[-106.849507,40.499386],[-106.849507,40.499387],[-106.849508,40.499388],[-106.849508,40.499388],[-106.849508,40.499389],[-106.849507,40.49939],[-106.849507,40.49939],[-106.849507,40.499391],[-106.849507,40.499391],[-106.849506,40.499392],[-106.849506,40.499393],[-106.849505,40.499393],[-106.849504,40.499393],[-106.849504,40.499394],[-106.849503,40.499394],[-106.849502,40.499395],[-106.849501,40.499395],[-106.8495,40.499395],[-106.849499,40.499395],[-106.849499,40.499395],[-106.849498,40.499395],[-106.849497,40.499395],[-106.849496,40.499395],[-106.849495,40.499395],[-106.849494,40.499394],[-106.849494,40.499394],[-106.849493,40.499393],[-106.849492,40.499393],[-106.849492,40.499393],[-106.849491,40.499392],[-106.849491,40.499391],[-106.84949,40.499391],[-106.84949,40.49939],[-106.84949,40.49939],[-106.84949,40.499389],[-106.84949,40.499388]]]}},{"id":"478","type":"Feature","properties":{"natural":null,"barrier":null,"highway":"crossing","amenity":null,"tourism":null,"base_elevation":137,"height":null,"material":null,"direction":null,"artwork_type":null,"name":null},"geometry":{"type":"Polygon","coordinates":[[[-106.849368,40.49931],[-106.849368,40.49931],[-106.849368,40.499309],[-106.849368,40.499308],[-106.849368,40.499308],[-106.849369,40.499307],[-106.849369,40.499307],[-106.84937,40.499306],[-106.84937,40.499305],[-106.849371,40.499305],[-106.849372,40.499305],[-106.849372,40.499304],[-106.849373,40.499304],[-106.849374,40.499304],[-106.849375,40.499304],[-106.849376,40.499304],[-106.849377,40.499303],[-106.849377,40.499304],[-106.849378,40.499304],[-106.849379,40.499304],[-106.84938,40.499304],[-106.849381,40.499304],[-106.849381,40.499305],[-106.849382,40.499305],[-106.849383,40.499305],[-106.849383,40.499306],[-106.849384,40.499307],[-106.849384,40.499307],[-106.849385,40.499308],[-106.849385,40.499308],[-106.849385,40.499309],[-106.849385,40.49931],[-106.849385,40.49931],[-106.849385,40.499311],[-106.849385,40.499312],[-106.849385,40.499312],[-106.849385,40.499313],[-106.849384,40.499314],[-106.849384,40.499314],[-106.849383,40.499315],[-106.849383,40.499315],[-106.849382,40.499316],[-106.849381,40.499316],[-106.849381,40.499316],[-106.84938,40.499317],[-106.849379,40.499317],[-106.849378,40.499317],[-106.849377,40.499317],[-106.849377,40.499317],[-106.849376,40.499317],[-106.849375,40.499317],[-106.849374,40.499317],[-106.849373,40.499317],[-106.849372,40.499316],[-106.849372,40.499316],[-106.849371,40.499316],[-106.84937,40.499315],[-106.84937,40.499315],[-106.849369,40.499314],[-106.849369,40.499314],[-106.849368,40.499313],[-106.849368,40.499312],[-106.849368,40.499312],[-106.849368,40.499311],[-106.849368,40.49931]]]}},{"id":"479","type":"Feature","properties":{"natural":null,"barrier":"fence","highway":null,"amenity":null,"tourism":null,"base_elevation":90,"height":null,"material":null,"direction":null,"artwork_type":null,"name":"Steamboat Substation"},"geometry":{"type":"Polygon","coordinates":[[[-106.852323,40.488344],[-106.852352,40.487571],[-106.850183,40.487544],[-106.850168,40.488319],[-106.852323,40.488344]]]}},{"id":"480","type":"Feature","properties":{"natural":null,"barrier":"fence","highway":null,"amenity":null,"tourism":null,"base_elevation":132,"height":null,"material":null,"direction":null,"artwork_type":null,"name":null},"geometry":{"type":"LineString","coordinates":[[-106.804254,40.45187],[-106.804252,40.452061],[-106.803835,40.452057],[-106.80384,40.451708],[-106.804257,40.451711],[-106.804255,40.451808]]}},{"id":"481","type":"Feature","properties":{"natural":null,"barrier":"fence","highway":null,"amenity":null,"tourism":null,"base_elevation":273,"height":null,"material":null,"direction":null,"artwork_type":null,"name":null},"geometry":{"type":"Polygon","coordinates":[[[-106.963375,40.302801],[-106.963489,40.302382],[-106.962927,40.302295],[-106.962831,40.302713],[-106.963375,40.302801]]]}},{"id":"482","type":"Feature","properties":{"natural":null,"barrier":"fence","highway":null,"amenity":null,"tourism":null,"base_elevation":268,"height":null,"material":null,"direction":null,"artwork_type":null,"name":null},"geometry":{"type":"Polygon","coordinates":[[[-106.962704,40.302669],[-106.962777,40.302395],[-106.962439,40.302343],[-106.962366,40.302617],[-106.962704,40.302669]]]}},{"id":"483","type":"Feature","properties":{"natural":null,"barrier":"fence","highway":null,"amenity":null,"tourism":null,"base_elevation":269,"height":null,"material":null,"direction":null,"artwork_type":null,"name":null},"geometry":{"type":"Polygon","coordinates":[[[-106.963222,40.303149],[-106.963264,40.302921],[-106.962921,40.302862],[-106.962867,40.303092],[-106.963222,40.303149]]]}},{"id":"484","type":"Feature","properties":{"natural":null,"barrier":"fence","highway":null,"amenity":null,"tourism":null,"base_elevation":122,"height":null,"material":null,"direction":null,"artwork_type":null,"name":"Foidel Creek Switching Station"},"geometry":{"type":"Polygon","coordinates":[[[-107.042595,40.370941],[-107.043229,40.370398],[-107.043218,40.37021],[-107.04214,40.369475],[-107.042118,40.369494],[-107.042079,40.369527],[-107.042052,40.369549],[-107.041986,40.369602],[-107.041989,40.369628],[-107.041974,40.369644],[-107.041983,40.369663],[-107.041377,40.370175],[-107.041397,40.370306],[-107.042306,40.370972],[-107.042595,40.370941]]]}},{"id":"485","type":"Feature","properties":{"natural":null,"barrier":"fence","highway":null,"amenity":null,"tourism":null,"base_elevation":352,"height":null,"material":null,"direction":null,"artwork_type":null,"name":null},"geometry":{"type":"Polygon","coordinates":[[[-106.955342,40.284369],[-106.955344,40.283997],[-106.954983,40.283995],[-106.954981,40.284368],[-106.955342,40.284369]]]}},{"id":"486","type":"Feature","properties":{"natural":null,"barrier":"fence","highway":null,"amenity":null,"tourism":null,"base_elevation":128,"height":null,"material":null,"direction":null,"artwork_type":null,"name":null},"geometry":{"type":"Polygon","coordinates":[[[-106.860606,40.520249],[-106.860716,40.5201],[-106.860369,40.519952],[-106.860259,40.520102],[-106.860606,40.520249]]]}},{"id":"487","type":"Feature","properties":{"natural":null,"barrier":"wall","highway":null,"amenity":null,"tourism":null,"base_elevation":78,"height":null,"material":null,"direction":null,"artwork_type":null,"name":null},"geometry":{"type":"LineString","coordinates":[[-106.857031,40.502864],[-106.856957,40.502863],[-106.85696,40.502748],[-106.857034,40.502749],[-106.857031,40.502864]]}},{"id":"488","type":"Feature","properties":{"natural":null,"barrier":"retaining_wall","highway":null,"amenity":null,"tourism":null,"base_elevation":111,"height":null,"material":null,"direction":null,"artwork_type":null,"name":null},"geometry":{"type":"LineString","coordinates":[[-106.855341,40.51287],[-106.85514,40.512968],[-106.854072,40.513039],[-106.853977,40.513011],[-106.853902,40.512955],[-106.853895,40.51259],[-106.853957,40.512524],[-106.85401,40.512511]]}},{"id":"489","type":"Feature","properties":{"natural":null,"barrier":"fence","highway":null,"amenity":null,"tourism":null,"base_elevation":78,"height":null,"material":null,"direction":null,"artwork_type":null,"name":null},"geometry":{"type":"LineString","coordinates":[[-106.88323,40.496064],[-106.883224,40.495903],[-106.882919,40.49591],[-106.882934,40.496292],[-106.883139,40.496288]]}},{"id":"490","type":"Feature","properties":{"natural":null,"barrier":"fence","highway":null,"amenity":null,"tourism":null,"base_elevation":83,"height":null,"material":null,"direction":null,"artwork_type":null,"name":null},"geometry":{"type":"LineString","coordinates":[[-106.846848,40.489484],[-106.846662,40.489711],[-106.847565,40.490119],[-106.847879,40.489709],[-106.847876,40.489126],[-106.846961,40.489117],[-106.84695,40.48936],[-106.846895,40.489427]]}},{"id":"491","type":"Feature","properties":{"natural":null,"barrier":"wall","highway":null,"amenity":null,"tourism":null,"base_elevation":86,"height":null,"material":null,"direction":null,"artwork_type":null,"name":null},"geometry":{"type":"LineString","coordinates":[[-106.836042,40.483917],[-106.836358,40.483723],[-106.836084,40.483464],[-106.836076,40.483469],[-106.835767,40.483658],[-106.836042,40.483917]]}},{"id":"492","type":"Feature","properties":{"natural":null,"barrier":"fence","highway":null,"amenity":null,"tourism":null,"base_elevation":110,"height":null,"material":null,"direction":null,"artwork_type":null,"name":null},"geometry":{"type":"LineString","coordinates":[[-106.836017,40.491294],[-106.835574,40.491284],[-106.835581,40.491119],[-106.836023,40.49113],[-106.836017,40.491294]]}},{"id":"493","type":"Feature","properties":{"natural":null,"barrier":"fence","highway":null,"amenity":null,"tourism":null,"base_elevation":142,"height":null,"material":null,"direction":null,"artwork_type":null,"name":null},"geometry":{"type":"LineString","coordinates":[[-106.820479,40.497537],[-106.820545,40.497897],[-106.820368,40.497907],[-106.820322,40.497878],[-106.820254,40.497593],[-106.820352,40.497573],[-106.820417,40.497549],[-106.820479,40.497537]]}},{"id":"494","type":"Feature","properties":{"natural":null,"barrier":"fence","highway":null,"amenity":null,"tourism":null,"base_elevation":208,"height":null,"material":null,"direction":null,"artwork_type":null,"name":null},"geometry":{"type":"LineString","coordinates":[[-106.81333,40.490089],[-106.813254,40.490094],[-106.81326,40.490158],[-106.813277,40.490185],[-106.813321,40.490205],[-106.813397,40.490222],[-106.813439,40.490218],[-106.813463,40.490193],[-106.813443,40.49017],[-106.81344,40.490142]]}},{"id":"495","type":"Feature","properties":{"natural":null,"barrier":"fence","highway":null,"amenity":null,"tourism":null,"base_elevation":130,"height":null,"material":null,"direction":null,"artwork_type":null,"name":null},"geometry":{"type":"LineString","coordinates":[[-106.819542,40.486907],[-106.819581,40.486955]]}},{"id":"496","type":"Feature","properties":{"natural":null,"barrier":"fence","highway":null,"amenity":null,"tourism":null,"base_elevation":211,"height":null,"material":null,"direction":null,"artwork_type":null,"name":null},"geometry":{"type":"LineString","coordinates":[[-106.813397,40.490222],[-106.813422,40.49027],[-106.813315,40.490331],[-106.813198,40.490381],[-106.812616,40.490487],[-106.812477,40.490492],[-106.812051,40.490592],[-106.812006,40.490598],[-106.811963,40.490594],[-106.811824,40.490554],[-106.811751,40.49062],[-106.81174,40.490758],[-106.811749,40.490851],[-106.811742,40.490906],[-106.811596,40.491041],[-106.811562,40.491097],[-106.811508,40.491132],[-106.811417,40.491169],[-106.811402,40.491202],[-106.811416,40.491284],[-106.811439,40.491315],[-106.811624,40.491401],[-106.811684,40.491438],[-106.811731,40.491442],[-106.811785,40.491426],[-106.812,40.491283],[-106.812086,40.491344],[-106.812118,40.491398],[-106.812165,40.491385],[-106.812207,40.49138]]}},{"id":"497","type":"Feature","properties":{"natural":null,"barrier":"fence","highway":null,"amenity":null,"tourism":null,"base_elevation":131,"height":null,"material":null,"direction":null,"artwork_type":null,"name":null},"geometry":{"type":"LineString","coordinates":[[-106.8216,40.492161],[-106.821752,40.492171],[-106.821808,40.491717],[-106.820932,40.491792]]}},{"id":"498","type":"Feature","properties":{"natural":null,"barrier":"fence","highway":null,"amenity":null,"tourism":null,"base_elevation":131,"height":null,"material":null,"direction":null,"artwork_type":null,"name":null},"geometry":{"type":"LineString","coordinates":[[-106.820902,40.491795],[-106.820952,40.492126],[-106.821113,40.492314],[-106.821232,40.492291],[-106.821238,40.492183]]}},{"id":"499","type":"Feature","properties":{"natural":null,"barrier":"fence","highway":null,"amenity":null,"tourism":null,"base_elevation":132,"height":null,"material":null,"direction":null,"artwork_type":null,"name":null},"geometry":{"type":"LineString","coordinates":[[-106.821471,40.492077],[-106.821467,40.492116],[-106.821599,40.492122],[-106.821626,40.491801],[-106.821494,40.491794],[-106.821474,40.492031]]}},{"id":"500","type":"Feature","properties":{"natural":null,"barrier":"retaining_wall","highway":null,"amenity":null,"tourism":null,"base_elevation":308,"height":null,"material":null,"direction":null,"artwork_type":null,"name":null},"geometry":{"type":"LineString","coordinates":[[-106.798992,40.4818],[-106.798994,40.481763],[-106.798962,40.481731],[-106.798969,40.481691],[-106.798987,40.481681],[-106.799021,40.481685],[-106.799067,40.481713],[-106.799087,40.481762],[-106.799142,40.481763],[-106.799181,40.48174],[-106.799188,40.481709],[-106.799174,40.481681],[-106.799123,40.481656]]}},{"id":"501","type":"Feature","properties":{"natural":null,"barrier":"retaining_wall","highway":null,"amenity":null,"tourism":null,"base_elevation":308,"height":null,"material":null,"direction":null,"artwork_type":null,"name":null},"geometry":{"type":"LineString","coordinates":[[-106.798938,40.481822],[-106.798918,40.481713]]}},{"id":"502","type":"Feature","properties":{"natural":null,"barrier":"retaining_wall","highway":null,"amenity":null,"tourism":null,"base_elevation":299,"height":null,"material":null,"direction":null,"artwork_type":null,"name":null},"geometry":{"type":"LineString","coordinates":[[-106.799618,40.482293],[-106.799603,40.482153],[-106.799607,40.482116],[-106.799627,40.482077]]}},{"id":"503","type":"Feature","properties":{"natural":null,"barrier":"retaining_wall","highway":null,"amenity":null,"tourism":null,"base_elevation":299,"height":null,"material":null,"direction":null,"artwork_type":null,"name":null},"geometry":{"type":"LineString","coordinates":[[-106.79956,40.48228],[-106.799555,40.48214],[-106.799572,40.482095],[-106.799608,40.482051]]}},{"id":"504","type":"Feature","properties":{"natural":null,"barrier":"retaining_wall","highway":null,"amenity":null,"tourism":null,"base_elevation":299,"height":null,"material":null,"direction":null,"artwork_type":null,"name":null},"geometry":{"type":"LineString","coordinates":[[-106.799501,40.482267],[-106.799507,40.482135],[-106.799535,40.482075],[-106.79958,40.482018],[-106.799623,40.481992]]}},{"id":"505","type":"Feature","properties":{"natural":null,"barrier":"retaining_wall","highway":null,"amenity":null,"tourism":null,"base_elevation":308,"height":null,"material":null,"direction":null,"artwork_type":null,"name":null},"geometry":{"type":"LineString","coordinates":[[-106.798975,40.482313],[-106.798972,40.482099],[-106.79896,40.481974],[-106.798938,40.4819],[-106.798896,40.481832],[-106.798885,40.481734]]}},{"id":"506","type":"Feature","properties":{"natural":null,"barrier":"retaining_wall","highway":null,"amenity":null,"tourism":null,"base_elevation":207,"height":null,"material":null,"direction":null,"artwork_type":null,"name":null},"geometry":{"type":"LineString","coordinates":[[-106.80621,40.48053],[-106.806203,40.480512],[-106.806184,40.480498],[-106.806241,40.480419],[-106.806296,40.48037],[-106.806366,40.480377]]}},{"id":"507","type":"Feature","properties":{"natural":null,"barrier":"retaining_wall","highway":null,"amenity":null,"tourism":null,"base_elevation":299,"height":null,"material":null,"direction":null,"artwork_type":null,"name":null},"geometry":{"type":"LineString","coordinates":[[-106.799403,40.482239],[-106.799436,40.482216],[-106.799454,40.482117],[-106.799486,40.482048],[-106.799522,40.481995],[-106.799559,40.481967],[-106.799589,40.481931]]}},{"id":"508","type":"Feature","properties":{"natural":null,"barrier":"retaining_wall","highway":null,"amenity":null,"tourism":null,"base_elevation":291,"height":null,"material":null,"direction":null,"artwork_type":null,"name":null},"geometry":{"type":"LineString","coordinates":[[-106.799711,40.482315],[-106.79969,40.482171],[-106.799692,40.482116],[-106.7997,40.482072],[-106.799718,40.482031],[-106.799718,40.481986],[-106.799709,40.481943],[-106.799679,40.481896]]}},{"id":"509","type":"Feature","properties":{"natural":null,"barrier":"fence","highway":null,"amenity":null,"tourism":null,"base_elevation":133,"height":null,"material":null,"direction":null,"artwork_type":null,"name":null},"geometry":{"type":"LineString","coordinates":[[-106.823822,40.469541],[-106.823392,40.469575],[-106.823347,40.469242],[-106.823778,40.469209],[-106.823822,40.469541]]}},{"id":"510","type":"Feature","properties":{"natural":null,"barrier":"fence","highway":null,"amenity":null,"tourism":null,"base_elevation":139,"height":null,"material":null,"direction":null,"artwork_type":null,"name":null},"geometry":{"type":"LineString","coordinates":[[-106.814625,40.468278],[-106.814567,40.468159],[-106.814291,40.468237],[-106.81435,40.468356],[-106.814625,40.468278]]}},{"id":"511","type":"Feature","properties":{"natural":null,"barrier":"fence","highway":null,"amenity":null,"tourism":null,"base_elevation":172,"height":null,"material":null,"direction":null,"artwork_type":null,"name":null},"geometry":{"type":"LineString","coordinates":[[-106.811053,40.474731],[-106.811058,40.474658],[-106.811048,40.474607],[-106.810796,40.474558],[-106.81032,40.474648],[-106.810291,40.474661],[-106.810282,40.474895],[-106.810815,40.475003],[-106.810846,40.474734]]}},{"id":"512","type":"Feature","properties":{"natural":null,"barrier":"fence","highway":null,"amenity":null,"tourism":null,"base_elevation":233,"height":null,"material":null,"direction":null,"artwork_type":null,"name":null},"geometry":{"type":"LineString","coordinates":[[-106.783734,40.475704],[-106.783605,40.47585],[-106.783304,40.476013],[-106.783298,40.476131],[-106.783402,40.47616],[-106.783434,40.476185],[-106.783456,40.476224],[-106.783465,40.476747],[-106.783836,40.476829],[-106.784288,40.477008],[-106.785132,40.476771],[-106.785588,40.476595],[-106.78606,40.476537],[-106.786198,40.476466],[-106.786311,40.476339],[-106.786362,40.476192],[-106.786287,40.475969],[-106.786131,40.475782],[-106.785681,40.475879],[-106.785158,40.475782],[-106.785087,40.475769],[-106.784689,40.475637],[-106.784679,40.475637],[-106.783734,40.475704]]}},{"id":"513","type":"Feature","properties":{"natural":null,"barrier":"fence","highway":null,"amenity":null,"tourism":null,"base_elevation":153,"height":null,"material":null,"direction":null,"artwork_type":null,"name":null},"geometry":{"type":"LineString","coordinates":[[-106.810045,40.467906],[-106.81025,40.467617],[-106.810064,40.467541],[-106.809859,40.46783],[-106.810045,40.467906]]}},{"id":"514","type":"Feature","properties":{"natural":null,"barrier":"fence","highway":null,"amenity":null,"tourism":null,"base_elevation":140,"height":null,"material":null,"direction":null,"artwork_type":null,"name":null},"geometry":{"type":"LineString","coordinates":[[-106.813215,40.465482],[-106.813249,40.465406],[-106.813262,40.465294],[-106.81345,40.465311],[-106.813535,40.465852],[-106.813264,40.46587],[-106.813279,40.465791],[-106.813243,40.465776]]}},{"id":"515","type":"Feature","properties":{"natural":null,"barrier":"wall","highway":null,"amenity":null,"tourism":null,"base_elevation":119,"height":null,"material":null,"direction":null,"artwork_type":null,"name":null},"geometry":{"type":"LineString","coordinates":[[-106.814596,40.459186],[-106.814683,40.459167],[-106.814658,40.4591],[-106.81457,40.45912],[-106.814596,40.459186]]}},{"id":"516","type":"Feature","properties":{"natural":null,"barrier":"fence","highway":null,"amenity":null,"tourism":null,"base_elevation":212,"height":null,"material":null,"direction":null,"artwork_type":null,"name":null},"geometry":{"type":"LineString","coordinates":[[-106.799577,40.463903],[-106.799758,40.463904],[-106.799756,40.464228],[-106.799369,40.464226],[-106.79937,40.464132],[-106.79898,40.46413],[-106.798982,40.463804],[-106.799386,40.463806]]}},{"id":"517","type":"Feature","properties":{"natural":null,"barrier":"fence","highway":null,"amenity":null,"tourism":null,"base_elevation":234,"height":null,"material":null,"direction":null,"artwork_type":null,"name":null},"geometry":{"type":"LineString","coordinates":[[-106.799084,40.465858],[-106.799063,40.465837],[-106.799058,40.465715],[-106.799076,40.465695],[-106.799459,40.465684],[-106.799488,40.465704],[-106.799494,40.465826],[-106.799467,40.465848],[-106.799084,40.465858]]}},{"id":"518","type":"Feature","properties":{"natural":null,"barrier":"fence","highway":null,"amenity":null,"tourism":null,"base_elevation":287,"height":null,"material":null,"direction":null,"artwork_type":null,"name":null},"geometry":{"type":"LineString","coordinates":[[-106.79025,40.465041],[-106.790082,40.465147],[-106.789803,40.46489],[-106.789971,40.464784],[-106.79025,40.465041]]}},{"id":"519","type":"Feature","properties":{"natural":null,"barrier":"retaining_wall","highway":null,"amenity":null,"tourism":null,"base_elevation":202,"height":null,"material":null,"direction":null,"artwork_type":null,"name":null},"geometry":{"type":"LineString","coordinates":[[-106.799054,40.462012],[-106.799219,40.461784],[-106.799163,40.461761]]}},{"id":"520","type":"Feature","properties":{"natural":null,"barrier":"fence","highway":null,"amenity":null,"tourism":null,"base_elevation":221,"height":null,"material":null,"direction":null,"artwork_type":null,"name":null},"geometry":{"type":"LineString","coordinates":[[-106.79619,40.462377],[-106.79617,40.462422],[-106.795935,40.462378],[-106.796053,40.462059],[-106.796285,40.462104],[-106.796246,40.462224]]}},{"id":"521","type":"Feature","properties":{"natural":null,"barrier":"fence","highway":null,"amenity":null,"tourism":null,"base_elevation":113,"height":null,"material":null,"direction":null,"artwork_type":null,"name":null},"geometry":{"type":"LineString","coordinates":[[-106.814746,40.456317],[-106.814607,40.456317],[-106.814566,40.456288],[-106.814526,40.456317],[-106.81438,40.456318],[-106.814344,40.456295],[-106.814343,40.456009],[-106.814379,40.455986],[-106.814524,40.455985],[-106.814565,40.456015],[-106.814606,40.455985],[-106.814743,40.455985],[-106.81478,40.456008],[-106.814782,40.456293],[-106.814746,40.456317]]}},{"id":"522","type":"Feature","properties":{"natural":null,"barrier":"fence","highway":null,"amenity":null,"tourism":null,"base_elevation":112,"height":null,"material":null,"direction":null,"artwork_type":null,"name":null},"geometry":{"type":"LineString","coordinates":[[-106.814977,40.455595],[-106.815125,40.455594],[-106.815166,40.455622],[-106.815207,40.455594],[-106.815338,40.455594],[-106.815374,40.455617],[-106.815375,40.455903],[-106.815339,40.455926],[-106.815208,40.455926],[-106.815167,40.455899],[-106.815126,40.455926],[-106.81498,40.455927],[-106.814943,40.455903],[-106.81494,40.455618],[-106.814977,40.455595]]}},{"id":"523","type":"Feature","properties":{"natural":null,"barrier":"fence","highway":null,"amenity":null,"tourism":null,"base_elevation":111,"height":null,"material":null,"direction":null,"artwork_type":null,"name":null},"geometry":{"type":"LineString","coordinates":[[-106.814976,40.455222],[-106.815124,40.455222],[-106.815165,40.455249],[-106.815206,40.455222],[-106.815337,40.455221],[-106.815373,40.455245],[-106.815374,40.45553],[-106.815338,40.455553],[-106.815207,40.455554],[-106.815166,40.455526],[-106.815125,40.455554],[-106.814979,40.455554],[-106.814942,40.455531],[-106.814939,40.455246],[-106.814976,40.455222]]}},{"id":"524","type":"Feature","properties":{"natural":null,"barrier":"fence","highway":null,"amenity":null,"tourism":null,"base_elevation":113,"height":null,"material":null,"direction":null,"artwork_type":null,"name":null},"geometry":{"type":"LineString","coordinates":[[-106.81487,40.455985],[-106.815018,40.455984],[-106.815059,40.456012],[-106.8151,40.455984],[-106.815231,40.455984],[-106.815267,40.456007],[-106.815268,40.456293],[-106.815232,40.456316],[-106.815101,40.456316],[-106.81506,40.456289],[-106.815019,40.456316],[-106.814873,40.456317],[-106.814836,40.456293],[-106.814833,40.456009],[-106.81487,40.455985]]}},{"id":"525","type":"Feature","properties":{"natural":null,"barrier":"retaining_wall","highway":null,"amenity":null,"tourism":null,"base_elevation":121,"height":null,"material":null,"direction":null,"artwork_type":null,"name":null},"geometry":{"type":"LineString","coordinates":[[-106.810838,40.454957],[-106.81094,40.454842],[-106.811004,40.454791],[-106.811078,40.454789],[-106.811154,40.454766],[-106.811196,40.453918],[-106.811187,40.453091]]}},{"id":"526","type":"Feature","properties":{"natural":null,"barrier":"fence","highway":null,"amenity":null,"tourism":null,"base_elevation":112,"height":null,"material":null,"direction":null,"artwork_type":null,"name":null},"geometry":{"type":"LineString","coordinates":[[-106.814523,40.455194],[-106.814564,40.455166],[-106.814695,40.455166],[-106.81473,40.455189],[-106.814731,40.455475],[-106.814696,40.455498],[-106.814565,40.455498],[-106.814524,40.45547],[-106.814523,40.455194]]}},{"id":"527","type":"Feature","properties":{"natural":null,"barrier":"fence","highway":null,"amenity":null,"tourism":null,"base_elevation":112,"height":null,"material":null,"direction":null,"artwork_type":null,"name":null},"geometry":{"type":"LineString","coordinates":[[-106.814523,40.455595],[-106.814564,40.455567],[-106.814695,40.455567],[-106.81473,40.45559],[-106.814731,40.455876],[-106.814696,40.455899],[-106.814565,40.455899],[-106.814524,40.455871],[-106.814523,40.455595]]}},{"id":"528","type":"Feature","properties":{"natural":null,"barrier":"fence","highway":null,"amenity":null,"tourism":null,"base_elevation":149,"height":null,"material":null,"direction":null,"artwork_type":null,"name":null},"geometry":{"type":"LineString","coordinates":[[-106.802581,40.455721],[-106.802516,40.455697],[-106.802465,40.455775]]}},{"id":"529","type":"Feature","properties":{"natural":null,"barrier":"retaining_wall","highway":null,"amenity":null,"tourism":null,"base_elevation":159,"height":null,"material":null,"direction":null,"artwork_type":null,"name":null},"geometry":{"type":"LineString","coordinates":[[-106.801392,40.455802],[-106.801329,40.455448],[-106.801095,40.455147],[-106.801067,40.455104],[-106.801076,40.455081],[-106.801061,40.455067],[-106.801032,40.455062],[-106.800849,40.454917],[-106.800771,40.454777]]}},{"id":"530","type":"Feature","properties":{"natural":null,"barrier":"retaining_wall","highway":null,"amenity":null,"tourism":null,"base_elevation":220,"height":null,"material":null,"direction":null,"artwork_type":null,"name":null},"geometry":{"type":"LineString","coordinates":[[-106.797201,40.455537],[-106.797195,40.455473],[-106.79722,40.455404],[-106.79726,40.455347],[-106.797285,40.455277],[-106.797292,40.455199],[-106.797275,40.455107],[-106.797248,40.455072],[-106.797215,40.455061],[-106.797185,40.455064],[-106.797166,40.455081]]}},{"id":"531","type":"Feature","properties":{"natural":null,"barrier":"retaining_wall","highway":null,"amenity":null,"tourism":null,"base_elevation":178,"height":null,"material":null,"direction":null,"artwork_type":null,"name":null},"geometry":{"type":"LineString","coordinates":[[-106.799324,40.455836],[-106.799307,40.455816],[-106.799264,40.455717],[-106.799289,40.455686],[-106.799314,40.45568]]}},{"id":"532","type":"Feature","properties":{"natural":null,"barrier":"retaining_wall","highway":null,"amenity":null,"tourism":null,"base_elevation":168,"height":null,"material":null,"direction":null,"artwork_type":null,"name":null},"geometry":{"type":"LineString","coordinates":[[-106.800246,40.455777],[-106.800301,40.455748],[-106.80034,40.455701],[-106.800366,40.455648],[-106.80038,40.4556],[-106.800376,40.455551]]}},{"id":"533","type":"Feature","properties":{"natural":null,"barrier":"retaining_wall","highway":null,"amenity":null,"tourism":null,"base_elevation":220,"height":null,"material":null,"direction":null,"artwork_type":null,"name":null},"geometry":{"type":"LineString","coordinates":[[-106.797168,40.455547],[-106.797146,40.455514],[-106.797147,40.455474],[-106.797178,40.45539],[-106.797222,40.455332],[-106.797246,40.455272],[-106.797256,40.45521]]}},{"id":"534","type":"Feature","properties":{"natural":null,"barrier":"retaining_wall","highway":null,"amenity":null,"tourism":null,"base_elevation":229,"height":null,"material":null,"direction":null,"artwork_type":null,"name":null},"geometry":{"type":"LineString","coordinates":[[-106.797033,40.454893],[-106.796932,40.45488],[-106.796839,40.454811],[-106.796769,40.454704],[-106.796744,40.454591],[-106.79675,40.454516],[-106.796762,40.454474]]}},{"id":"535","type":"Feature","properties":{"natural":null,"barrier":"retaining_wall","highway":null,"amenity":null,"tourism":null,"base_elevation":229,"height":null,"material":null,"direction":null,"artwork_type":null,"name":null},"geometry":{"type":"LineString","coordinates":[[-106.79716,40.454869],[-106.797065,40.454869],[-106.796986,40.454839],[-106.796921,40.454776],[-106.796859,40.454685],[-106.796842,40.454588],[-106.796853,40.454526],[-106.796877,40.454452]]}},{"id":"536","type":"Feature","properties":{"natural":null,"barrier":"retaining_wall","highway":null,"amenity":null,"tourism":null,"base_elevation":223,"height":null,"material":null,"direction":null,"artwork_type":null,"name":null},"geometry":{"type":"LineString","coordinates":[[-106.796784,40.457936],[-106.796837,40.457901],[-106.796871,40.457857],[-106.796882,40.457805],[-106.796871,40.457756],[-106.796839,40.457709],[-106.796782,40.457672],[-106.796712,40.457637]]}},{"id":"537","type":"Feature","properties":{"natural":null,"barrier":"retaining_wall","highway":null,"amenity":null,"tourism":null,"base_elevation":229,"height":null,"material":null,"direction":null,"artwork_type":null,"name":null},"geometry":{"type":"LineString","coordinates":[[-106.797114,40.454885],[-106.797049,40.454881],[-106.796968,40.454859],[-106.79688,40.454792],[-106.796818,40.454694],[-106.796801,40.454587],[-106.796804,40.45452],[-106.796823,40.454452]]}},{"id":"538","type":"Feature","properties":{"natural":null,"barrier":"fence","highway":null,"amenity":null,"tourism":null,"base_elevation":133,"height":null,"material":null,"direction":null,"artwork_type":null,"name":null},"geometry":{"type":"LineString","coordinates":[[-106.804704,40.4537],[-106.804478,40.453702],[-106.804475,40.453368],[-106.804701,40.453367],[-106.804704,40.4537]]}},{"id":"539","type":"Feature","properties":{"natural":null,"barrier":"fence","highway":null,"amenity":null,"tourism":null,"base_elevation":134,"height":null,"material":null,"direction":null,"artwork_type":null,"name":null},"geometry":{"type":"LineString","coordinates":[[-106.804798,40.454801],[-106.804565,40.454797],[-106.804574,40.454462],[-106.804807,40.454466],[-106.804798,40.454801]]}},{"id":"540","type":"Feature","properties":{"natural":null,"barrier":"fence","highway":null,"amenity":null,"tourism":null,"base_elevation":155,"height":null,"material":null,"direction":null,"artwork_type":null,"name":null},"geometry":{"type":"LineString","coordinates":[[-106.801415,40.453398],[-106.801318,40.453697],[-106.801095,40.453655],[-106.801192,40.453356],[-106.801239,40.453336],[-106.801386,40.453364],[-106.801415,40.453398]]}},{"id":"541","type":"Feature","properties":{"natural":null,"barrier":"fence","highway":null,"amenity":null,"tourism":null,"base_elevation":112,"height":null,"material":null,"direction":null,"artwork_type":null,"name":null},"geometry":{"type":"LineString","coordinates":[[-106.809889,40.449846],[-106.809862,40.449864],[-106.809831,40.449884],[-106.809879,40.449926],[-106.809944,40.449884],[-106.809916,40.44986]]}},{"id":"542","type":"Feature","properties":{"natural":null,"barrier":"fence","highway":null,"amenity":null,"tourism":null,"base_elevation":114,"height":null,"material":null,"direction":null,"artwork_type":null,"name":null},"geometry":{"type":"LineString","coordinates":[[-106.809854,40.450417],[-106.809806,40.450462],[-106.809863,40.450497],[-106.809893,40.450469],[-106.809917,40.450447],[-106.809884,40.450426]]}},{"id":"543","type":"Feature","properties":{"natural":null,"barrier":"fence","highway":null,"amenity":null,"tourism":null,"base_elevation":112,"height":null,"material":null,"direction":null,"artwork_type":null,"name":null},"geometry":{"type":"LineString","coordinates":[[-106.80905,40.44829],[-106.808795,40.448292],[-106.808798,40.448562],[-106.809054,40.44856]]}},{"id":"544","type":"Feature","properties":{"natural":null,"barrier":"fence","highway":null,"amenity":null,"tourism":null,"base_elevation":111,"height":null,"material":null,"direction":null,"artwork_type":null,"name":null},"geometry":{"type":"LineString","coordinates":[[-106.809866,40.448586],[-106.809055,40.448593],[-106.809054,40.44856],[-106.80905,40.44829],[-106.80905,40.448262],[-106.809861,40.448255],[-106.809866,40.448586]]}},{"id":"545","type":"Feature","properties":{"natural":null,"barrier":"fence","highway":null,"amenity":null,"tourism":null,"base_elevation":110,"height":null,"material":null,"direction":null,"artwork_type":null,"name":null},"geometry":{"type":"LineString","coordinates":[[-106.809861,40.448255],[-106.810004,40.448254],[-106.810312,40.448431],[-106.810146,40.448598],[-106.810085,40.44866],[-106.809983,40.448601],[-106.80997,40.448594],[-106.809956,40.448586],[-106.809866,40.448586]]}},{"id":"546","type":"Feature","properties":{"natural":null,"barrier":"fence","highway":null,"amenity":null,"tourism":null,"base_elevation":107,"height":null,"material":null,"direction":null,"artwork_type":null,"name":null},"geometry":{"type":"LineString","coordinates":[[-106.810267,40.445541],[-106.810338,40.445483],[-106.810553,40.445486],[-106.810553,40.445562],[-106.81049,40.445613],[-106.810374,40.445613]]}},{"id":"547","type":"Feature","properties":{"natural":null,"barrier":"fence","highway":null,"amenity":null,"tourism":null,"base_elevation":116,"height":null,"material":null,"direction":null,"artwork_type":null,"name":null},"geometry":{"type":"LineString","coordinates":[[-106.808136,40.44977],[-106.80843,40.449776],[-106.808432,40.44964],[-106.808434,40.44952],[-106.808388,40.449489],[-106.808217,40.449574],[-106.808104,40.449675],[-106.808136,40.44977]]}},{"id":"548","type":"Feature","properties":{"natural":null,"barrier":"fence","highway":null,"amenity":null,"tourism":null,"base_elevation":122,"height":null,"material":null,"direction":null,"artwork_type":null,"name":null},"geometry":{"type":"LineString","coordinates":[[-106.806425,40.450343],[-106.806379,40.450357],[-106.806336,40.450274]]}},{"id":"549","type":"Feature","properties":{"natural":null,"barrier":"fence","highway":null,"amenity":null,"tourism":null,"base_elevation":117,"height":null,"material":null,"direction":null,"artwork_type":null,"name":null},"geometry":{"type":"LineString","coordinates":[[-106.807365,40.447726],[-106.807326,40.447707],[-106.807341,40.447689],[-106.80738,40.447708],[-106.807365,40.447726]]}},{"id":"550","type":"Feature","properties":{"natural":null,"barrier":"fence","highway":null,"amenity":null,"tourism":null,"base_elevation":117,"height":null,"material":null,"direction":null,"artwork_type":null,"name":null},"geometry":{"type":"LineString","coordinates":[[-106.807387,40.447744],[-106.807366,40.44777],[-106.807282,40.44773],[-106.807336,40.447665],[-106.80742,40.447704],[-106.80741,40.447717]]}},{"id":"551","type":"Feature","properties":{"natural":null,"barrier":"fence","highway":null,"amenity":null,"tourism":null,"base_elevation":122,"height":null,"material":null,"direction":null,"artwork_type":null,"name":null},"geometry":{"type":"LineString","coordinates":[[-106.80634,40.45024],[-106.806331,40.450222],[-106.806339,40.45015],[-106.806459,40.450126],[-106.806504,40.450213],[-106.806461,40.450225],[-106.806509,40.450318],[-106.80647,40.45033]]}},{"id":"552","type":"Feature","properties":{"natural":null,"barrier":"fence","highway":null,"amenity":null,"tourism":null,"base_elevation":138,"height":null,"material":null,"direction":null,"artwork_type":null,"name":null},"geometry":{"type":"LineString","coordinates":[[-106.803302,40.450242],[-106.803159,40.45024],[-106.803138,40.450202],[-106.803145,40.449967],[-106.803169,40.449928],[-106.803312,40.44993],[-106.803336,40.44997],[-106.803329,40.450205],[-106.803302,40.450242]]}},{"id":"553","type":"Feature","properties":{"natural":null,"barrier":"fence","highway":null,"amenity":null,"tourism":null,"base_elevation":146,"height":null,"material":null,"direction":null,"artwork_type":null,"name":null},"geometry":{"type":"LineString","coordinates":[[-106.801665,40.449194],[-106.801729,40.449193],[-106.801728,40.449151],[-106.80171,40.449102],[-106.801683,40.44907],[-106.801635,40.449045],[-106.801575,40.449035],[-106.801529,40.449038],[-106.801477,40.449063],[-106.80145,40.449093],[-106.801439,40.449121],[-106.801444,40.449191]]}},{"id":"554","type":"Feature","properties":{"natural":null,"barrier":"retaining_wall","highway":null,"amenity":null,"tourism":null,"base_elevation":146,"height":null,"material":null,"direction":null,"artwork_type":null,"name":null},"geometry":{"type":"LineString","coordinates":[[-106.801864,40.443058],[-106.801859,40.443025],[-106.801863,40.443],[-106.801925,40.442952],[-106.801997,40.442908],[-106.802022,40.442902],[-106.802054,40.442899]]}},{"id":"555","type":"Feature","properties":{"natural":null,"barrier":"retaining_wall","highway":null,"amenity":null,"tourism":null,"base_elevation":150,"height":null,"material":null,"direction":null,"artwork_type":null,"name":null},"geometry":{"type":"LineString","coordinates":[[-106.801847,40.443012],[-106.801847,40.442986],[-106.801886,40.44295],[-106.801915,40.442937],[-106.801967,40.442898],[-106.801981,40.442891],[-106.802004,40.442889]]}},{"id":"556","type":"Feature","properties":{"natural":null,"barrier":"retaining_wall","highway":null,"amenity":null,"tourism":null,"base_elevation":161,"height":null,"material":null,"direction":null,"artwork_type":null,"name":null},"geometry":{"type":"LineString","coordinates":[[-106.799986,40.443106],[-106.799896,40.443076],[-106.799996,40.442905]]}},{"id":"557","type":"Feature","properties":{"natural":null,"barrier":"fence","highway":null,"amenity":null,"tourism":null,"base_elevation":100,"height":null,"material":null,"direction":null,"artwork_type":null,"name":null},"geometry":{"type":"LineString","coordinates":[[-106.827313,40.472811],[-106.827399,40.472812],[-106.827404,40.472571],[-106.827249,40.472569],[-106.827246,40.472737]]}},{"id":"558","type":"Feature","properties":{"natural":null,"barrier":"guard_rail","highway":null,"amenity":null,"tourism":null,"base_elevation":268,"height":null,"material":null,"direction":null,"artwork_type":null,"name":null},"geometry":{"type":"LineString","coordinates":[[-106.960989,40.302648],[-106.960957,40.302783],[-106.960962,40.303111],[-106.96098,40.303219],[-106.96106,40.303491],[-106.96134,40.304158],[-106.961736,40.305077],[-106.961827,40.305406],[-106.96186,40.305627],[-106.961882,40.30569]]}},{"id":"559","type":"Feature","properties":{"natural":null,"barrier":"guard_rail","highway":null,"amenity":null,"tourism":null,"base_elevation":228,"height":null,"material":null,"direction":null,"artwork_type":null,"name":null},"geometry":{"type":"LineString","coordinates":[[-106.958755,40.326375],[-106.958736,40.326487],[-106.958689,40.326907],[-106.958622,40.327308],[-106.95857,40.327589],[-106.958551,40.327683],[-106.958567,40.32772]]}},{"id":"560","type":"Feature","properties":{"natural":null,"barrier":"guard_rail","highway":null,"amenity":null,"tourism":null,"base_elevation":221,"height":null,"material":null,"direction":null,"artwork_type":null,"name":null},"geometry":{"type":"LineString","coordinates":[[-106.954291,40.333482],[-106.953998,40.33365],[-106.95268,40.334447],[-106.952411,40.334652],[-106.952183,40.334868],[-106.951938,40.335088],[-106.951445,40.335658],[-106.951234,40.335862],[-106.95103,40.336028],[-106.95077,40.336206],[-106.950408,40.336439],[-106.949415,40.337034],[-106.949195,40.337162]]}},{"id":"561","type":"Feature","properties":{"natural":null,"barrier":"guard_rail","highway":null,"amenity":null,"tourism":null,"base_elevation":281,"height":null,"material":null,"direction":null,"artwork_type":null,"name":null},"geometry":{"type":"LineString","coordinates":[[-106.964495,40.29048],[-106.964298,40.2908],[-106.963964,40.291254],[-106.963754,40.291675],[-106.963695,40.292158],[-106.963717,40.292563],[-106.963697,40.293046],[-106.9636,40.293423]]}},{"id":"562","type":"Feature","properties":{"natural":null,"barrier":"guard_rail","highway":null,"amenity":null,"tourism":null,"base_elevation":234,"height":null,"material":null,"direction":null,"artwork_type":null,"name":null},"geometry":{"type":"LineString","coordinates":[[-106.957078,40.330254],[-106.956865,40.330585],[-106.956718,40.330902],[-106.956584,40.331274],[-106.956541,40.331376]]}},{"id":"563","type":"Feature","properties":{"natural":null,"barrier":"guard_rail","highway":null,"amenity":null,"tourism":null,"base_elevation":228,"height":null,"material":null,"direction":null,"artwork_type":null,"name":null},"geometry":{"type":"LineString","coordinates":[[-106.95854,40.327804],[-106.958427,40.328244],[-106.958145,40.329086],[-106.957933,40.329411],[-106.957668,40.329689],[-106.957383,40.329906],[-106.957277,40.330017]]}},{"id":"564","type":"Feature","properties":{"natural":null,"barrier":"guard_rail","highway":null,"amenity":null,"tourism":null,"base_elevation":247,"height":null,"material":null,"direction":null,"artwork_type":null,"name":null},"geometry":{"type":"LineString","coordinates":[[-106.958972,40.315919],[-106.959044,40.31614],[-106.959102,40.316416],[-106.95914,40.316825],[-106.959136,40.317052],[-106.959113,40.317259],[-106.959041,40.31761],[-106.958998,40.317723],[-106.958999,40.317755]]}},{"id":"565","type":"Feature","properties":{"natural":null,"barrier":"guard_rail","highway":null,"amenity":null,"tourism":null,"base_elevation":287,"height":null,"material":null,"direction":null,"artwork_type":null,"name":null},"geometry":{"type":"LineString","coordinates":[[-106.967568,40.284891],[-106.967622,40.285018],[-106.967736,40.285251],[-106.967761,40.285521],[-106.967661,40.285795],[-106.967558,40.286024],[-106.966973,40.28708],[-106.966667,40.287317],[-106.966372,40.287501],[-106.965905,40.287657],[-106.96543,40.287764],[-106.96479,40.287898],[-106.964548,40.287968]]}},{"id":"566","type":"Feature","properties":{"natural":null,"barrier":"guard_rail","highway":null,"amenity":null,"tourism":null,"base_elevation":292,"height":null,"material":null,"direction":null,"artwork_type":null,"name":null},"geometry":{"type":"LineString","coordinates":[[-106.963459,40.289114],[-106.96355,40.289273],[-106.963765,40.289437],[-106.964124,40.289662],[-106.96441,40.289912]]}},{"id":"567","type":"Feature","properties":{"natural":null,"barrier":"retaining_wall","highway":null,"amenity":null,"tourism":null,"base_elevation":92,"height":null,"material":null,"direction":null,"artwork_type":null,"name":null},"geometry":{"type":"LineString","coordinates":[[-106.834864,40.481659],[-106.834555,40.481598],[-106.83431,40.481491]]}},{"id":"568","type":"Feature","properties":{"natural":null,"barrier":"fence","highway":null,"amenity":null,"tourism":null,"base_elevation":91,"height":null,"material":null,"direction":null,"artwork_type":null,"name":null},"geometry":{"type":"LineString","coordinates":[[-106.834846,40.481802],[-106.8349,40.481739],[-106.834946,40.481692],[-106.834971,40.481685],[-106.835084,40.481739]]}},{"id":"569","type":"Feature","properties":{"natural":null,"barrier":"fence","highway":null,"amenity":null,"tourism":null,"base_elevation":92,"height":null,"material":null,"direction":null,"artwork_type":null,"name":null},"geometry":{"type":"LineString","coordinates":[[-106.833053,40.481317],[-106.833168,40.48122]]}},{"id":"570","type":"Feature","properties":{"natural":null,"barrier":"fence","highway":null,"amenity":null,"tourism":null,"base_elevation":83,"height":null,"material":null,"direction":null,"artwork_type":null,"name":null},"geometry":{"type":"LineString","coordinates":[[-106.840857,40.488809],[-106.840895,40.488835],[-106.841031,40.488981],[-106.841173,40.489178]]}},{"id":"571","type":"Feature","properties":{"natural":null,"barrier":"fence","highway":null,"amenity":null,"tourism":null,"base_elevation":84,"height":null,"material":null,"direction":null,"artwork_type":null,"name":null},"geometry":{"type":"LineString","coordinates":[[-106.840589,40.488655],[-106.840815,40.488784]]}},{"id":"572","type":"Feature","properties":{"natural":null,"barrier":"fence","highway":null,"amenity":null,"tourism":null,"base_elevation":116,"height":null,"material":"wood","direction":null,"artwork_type":null,"name":null},"geometry":{"type":"LineString","coordinates":[[-106.808432,40.44964],[-106.808434,40.44952],[-106.808388,40.449489],[-106.808217,40.449574],[-106.808104,40.449675],[-106.808136,40.44977],[-106.80843,40.449776],[-106.808432,40.44964]]}},{"id":"573","type":"Feature","properties":{"natural":null,"barrier":"retaining_wall","highway":null,"amenity":null,"tourism":null,"base_elevation":102,"height":null,"material":null,"direction":null,"artwork_type":null,"name":null},"geometry":{"type":"LineString","coordinates":[[-106.827429,40.483321],[-106.827481,40.483357],[-106.827507,40.483396]]}},{"id":"574","type":"Feature","properties":{"natural":null,"barrier":"retaining_wall","highway":null,"amenity":null,"tourism":null,"base_elevation":102,"height":null,"material":null,"direction":null,"artwork_type":null,"name":null},"geometry":{"type":"LineString","coordinates":[[-106.827698,40.4833],[-106.827662,40.483277],[-106.827634,40.483259],[-106.827655,40.483222]]}},{"id":"575","type":"Feature","properties":{"natural":null,"barrier":"retaining_wall","highway":null,"amenity":null,"tourism":null,"base_elevation":103,"height":null,"material":null,"direction":null,"artwork_type":null,"name":null},"geometry":{"type":"LineString","coordinates":[[-106.82723,40.483273],[-106.827224,40.483224],[-106.827202,40.483217],[-106.827175,40.483208],[-106.827138,40.483235]]}},{"id":"576","type":"Feature","properties":{"natural":null,"barrier":"retaining_wall","highway":null,"amenity":null,"tourism":null,"base_elevation":103,"height":null,"material":null,"direction":null,"artwork_type":null,"name":null},"geometry":{"type":"LineString","coordinates":[[-106.827354,40.483095],[-106.827297,40.483073],[-106.827234,40.483029]]}},{"id":"577","type":"Feature","properties":{"natural":null,"barrier":"retaining_wall","highway":null,"amenity":null,"tourism":null,"base_elevation":97,"height":null,"material":null,"direction":null,"artwork_type":null,"name":null},"geometry":{"type":"LineString","coordinates":[[-106.82856,40.482788],[-106.828598,40.482745],[-106.828585,40.482735],[-106.82857,40.482724],[-106.828544,40.48274],[-106.828511,40.482745]]}},{"id":"578","type":"Feature","properties":{"natural":null,"barrier":"retaining_wall","highway":null,"amenity":null,"tourism":null,"base_elevation":105,"height":null,"material":null,"direction":null,"artwork_type":null,"name":null},"geometry":{"type":"LineString","coordinates":[[-106.825672,40.466557],[-106.825711,40.466543],[-106.8257,40.466482],[-106.825694,40.466445],[-106.825692,40.466427],[-106.825638,40.466404]]}},{"id":"579","type":"Feature","properties":{"natural":null,"barrier":"retaining_wall","highway":null,"amenity":null,"tourism":null,"base_elevation":104,"height":null,"material":null,"direction":null,"artwork_type":null,"name":null},"geometry":{"type":"LineString","coordinates":[[-106.826244,40.466724],[-106.826195,40.466671],[-106.826188,40.466615],[-106.826179,40.46656],[-106.826232,40.466526]]}},{"id":"580","type":"Feature","properties":{"natural":null,"barrier":"wall","highway":null,"amenity":null,"tourism":null,"base_elevation":134,"height":null,"material":null,"direction":null,"artwork_type":null,"name":null},"geometry":{"type":"LineString","coordinates":[[-106.806247,40.41926],[-106.806247,40.419342]]}},{"id":"581","type":"Feature","properties":{"natural":null,"barrier":"fence","highway":null,"amenity":null,"tourism":null,"base_elevation":132,"height":null,"material":null,"direction":null,"artwork_type":null,"name":null},"geometry":{"type":"LineString","coordinates":[[-106.806247,40.419342],[-106.806302,40.419436],[-106.806296,40.42001],[-106.804962,40.419992]]}},{"id":"582","type":"Feature","properties":{"natural":null,"barrier":"fence","highway":null,"amenity":null,"tourism":null,"base_elevation":144,"height":null,"material":null,"direction":null,"artwork_type":null,"name":null},"geometry":{"type":"LineString","coordinates":[[-106.804016,40.414136],[-106.805173,40.414163],[-106.805395,40.414181],[-106.805445,40.414196]]}},{"id":"583","type":"Feature","properties":{"natural":null,"barrier":"fence","highway":null,"amenity":null,"tourism":null,"base_elevation":135,"height":null,"material":null,"direction":null,"artwork_type":null,"name":null},"geometry":{"type":"LineString","coordinates":[[-106.805795,40.414198],[-106.806288,40.414203],[-106.80633,40.414236],[-106.806318,40.41811],[-106.806328,40.418858],[-106.806241,40.418997]]}},{"id":"584","type":"Feature","properties":{"natural":null,"barrier":"fence","highway":null,"amenity":null,"tourism":null,"base_elevation":144,"height":null,"material":null,"direction":null,"artwork_type":null,"name":null},"geometry":{"type":"LineString","coordinates":[[-106.805445,40.414196],[-106.805795,40.414198]]}},{"id":"585","type":"Feature","properties":{"natural":null,"barrier":"wall","highway":null,"amenity":null,"tourism":null,"base_elevation":134,"height":null,"material":null,"direction":null,"artwork_type":null,"name":null},"geometry":{"type":"LineString","coordinates":[[-106.806241,40.418997],[-106.806243,40.419129]]}},{"id":"586","type":"Feature","properties":{"natural":null,"barrier":"fence","highway":null,"amenity":null,"tourism":null,"base_elevation":144,"height":null,"material":null,"direction":null,"artwork_type":null,"name":null},"geometry":{"type":"LineString","coordinates":[[-106.805795,40.414198],[-106.805799,40.41412],[-106.805804,40.414015],[-106.805448,40.413986],[-106.805445,40.414196]]}},{"id":"587","type":"Feature","properties":{"natural":null,"barrier":"retaining_wall","highway":null,"amenity":null,"tourism":null,"base_elevation":102,"height":null,"material":null,"direction":null,"artwork_type":null,"name":null},"geometry":{"type":"LineString","coordinates":[[-106.825807,40.473526],[-106.825691,40.473536],[-106.825634,40.473585],[-106.825583,40.473667],[-106.825575,40.473739],[-106.825588,40.473837],[-106.825588,40.473911],[-106.825581,40.474043],[-106.825554,40.474087],[-106.825504,40.474121],[-106.825386,40.474206],[-106.825272,40.47428],[-106.825238,40.474371],[-106.825241,40.474482],[-106.825245,40.474546],[-106.825264,40.474591],[-106.8254,40.474703],[-106.825449,40.474744],[-106.825471,40.474832]]}},{"id":"588","type":"Feature","properties":{"natural":null,"barrier":"retaining_wall","highway":null,"amenity":null,"tourism":null,"base_elevation":102,"height":null,"material":null,"direction":null,"artwork_type":null,"name":null},"geometry":{"type":"LineString","coordinates":[[-106.825791,40.473488],[-106.825678,40.4735],[-106.825608,40.473555],[-106.825552,40.47364],[-106.825536,40.473726],[-106.825552,40.473831],[-106.825541,40.473955],[-106.825538,40.474042],[-106.825497,40.474093],[-106.825412,40.474138],[-106.825317,40.474201],[-106.825253,40.474257],[-106.825209,40.474336],[-106.825202,40.474411],[-106.825215,40.47453]]}},{"id":"589","type":"Feature","properties":{"natural":null,"barrier":"retaining_wall","highway":null,"amenity":null,"tourism":null,"base_elevation":102,"height":null,"material":null,"direction":null,"artwork_type":null,"name":null},"geometry":{"type":"LineString","coordinates":[[-106.82578,40.473467],[-106.825656,40.473473],[-106.825581,40.473533],[-106.825532,40.473627],[-106.825504,40.473724],[-106.825508,40.473821],[-106.825508,40.473904],[-106.825496,40.474003],[-106.825485,40.474028],[-106.82547,40.474062],[-106.825407,40.4741],[-106.825341,40.474125],[-106.825237,40.474225],[-106.825183,40.474314],[-106.825166,40.474426],[-106.825179,40.474487],[-106.825215,40.47453],[-106.825264,40.474591]]}},{"id":"590","type":"Feature","properties":{"natural":null,"barrier":"retaining_wall","highway":null,"amenity":null,"tourism":null,"base_elevation":103,"height":null,"material":null,"direction":null,"artwork_type":null,"name":null},"geometry":{"type":"LineString","coordinates":[[-106.825618,40.473433],[-106.825565,40.473488],[-106.825517,40.473566],[-106.825475,40.473646],[-106.825453,40.473752],[-106.825458,40.473836],[-106.825473,40.473914],[-106.825485,40.474028]]}},{"id":"591","type":"Feature","properties":{"natural":null,"barrier":"fence","highway":null,"amenity":null,"tourism":null,"base_elevation":71,"height":null,"material":null,"direction":null,"artwork_type":null,"name":null},"geometry":{"type":"LineString","coordinates":[[-106.860983,40.501483],[-106.860989,40.501422],[-106.861369,40.501444],[-106.861313,40.502488]]}},{"id":"592","type":"Feature","properties":{"natural":null,"barrier":"fence","highway":null,"amenity":null,"tourism":null,"base_elevation":72,"height":null,"material":null,"direction":null,"artwork_type":null,"name":null},"geometry":{"type":"LineString","coordinates":[[-106.860979,40.501593],[-106.860975,40.501571]]}},{"id":"593","type":"Feature","properties":{"natural":null,"barrier":"fence","highway":null,"amenity":null,"tourism":null,"base_elevation":75,"height":null,"material":null,"direction":null,"artwork_type":null,"name":null},"geometry":{"type":"LineString","coordinates":[[-106.861309,40.502567],[-106.861302,40.502695],[-106.860777,40.502682],[-106.860774,40.502557]]}},{"id":"594","type":"Feature","properties":{"natural":null,"barrier":"fence","highway":null,"amenity":null,"tourism":null,"base_elevation":91,"height":null,"material":null,"direction":null,"artwork_type":null,"name":null},"geometry":{"type":"Polygon","coordinates":[[[-106.832259,40.480363],[-106.831932,40.480472],[-106.831902,40.480404],[-106.83176,40.480452],[-106.831665,40.48041],[-106.831494,40.480121],[-106.831669,40.48006],[-106.831625,40.479994],[-106.832006,40.479863],[-106.832148,40.479905],[-106.832328,40.480214],[-106.832259,40.480363]]]}},{"id":"595","type":"Feature","properties":{"natural":null,"barrier":"fence","highway":null,"amenity":null,"tourism":null,"base_elevation":133,"height":null,"material":null,"direction":null,"artwork_type":null,"name":null},"geometry":{"type":"Polygon","coordinates":[[[-107.04978,40.356514],[-107.049846,40.35626],[-107.049625,40.356226],[-107.049554,40.35648],[-107.04978,40.356514]]]}},{"id":"596","type":"Feature","properties":{"natural":null,"barrier":"fence","highway":null,"amenity":null,"tourism":null,"base_elevation":133,"height":null,"material":null,"direction":null,"artwork_type":null,"name":null},"geometry":{"type":"Polygon","coordinates":[[[-107.049656,40.356798],[-107.04974,40.356682],[-107.049625,40.356625],[-107.049532,40.356739],[-107.049656,40.356798]]]}},{"id":"597","type":"Feature","properties":{"natural":null,"barrier":"fence","highway":null,"amenity":null,"tourism":null,"base_elevation":109,"height":null,"material":null,"direction":null,"artwork_type":null,"name":null},"geometry":{"type":"Polygon","coordinates":[[[-107.047335,40.378546],[-107.047569,40.3784],[-107.047295,40.378181],[-107.047053,40.378328],[-107.047104,40.37836],[-107.047059,40.378391],[-107.047084,40.378407],[-107.047026,40.378447],[-107.047141,40.378535],[-107.047251,40.378465],[-107.047335,40.378546]]]}},{"id":"598","type":"Feature","properties":{"natural":null,"barrier":"fence","highway":null,"amenity":null,"tourism":null,"base_elevation":54,"height":null,"material":null,"direction":null,"artwork_type":null,"name":null},"geometry":{"type":"Polygon","coordinates":[[[-106.985307,40.420191],[-106.985322,40.420065],[-106.98523,40.42006],[-106.985216,40.420181],[-106.985307,40.420191]]]}},{"id":"599","type":"Feature","properties":{"natural":null,"barrier":"fence","highway":null,"amenity":null,"tourism":null,"base_elevation":85,"height":null,"material":null,"direction":null,"artwork_type":null,"name":null},"geometry":{"type":"LineString","coordinates":[[-106.857848,40.505411],[-106.857749,40.504947],[-106.857001,40.505111],[-106.857112,40.505398],[-106.857848,40.505411]]}},{"id":"600","type":"Feature","properties":{"natural":null,"barrier":"fence","highway":null,"amenity":null,"tourism":null,"base_elevation":228,"height":null,"material":null,"direction":null,"artwork_type":null,"name":null},"geometry":{"type":"LineString","coordinates":[[-106.860543,40.481631],[-106.860679,40.481578],[-106.861167,40.481391],[-106.861074,40.480293],[-106.859624,40.480644],[-106.859728,40.481052],[-106.860543,40.481631]]}},{"id":"601","type":"Feature","properties":{"natural":null,"barrier":"fence","highway":null,"amenity":null,"tourism":null,"base_elevation":130,"height":null,"material":null,"direction":null,"artwork_type":null,"name":null},"geometry":{"type":"LineString","coordinates":[[-106.86357,40.517123],[-106.863421,40.517181],[-106.863158,40.517285],[-106.862822,40.516784],[-106.862985,40.516256],[-106.86465,40.515596],[-106.862788,40.512792]]}},{"id":"602","type":"Feature","properties":{"natural":null,"barrier":"fence","highway":null,"amenity":null,"tourism":null,"base_elevation":134,"height":null,"material":null,"direction":null,"artwork_type":null,"name":null},"geometry":{"type":"LineString","coordinates":[[-106.864778,40.518172],[-106.864724,40.518271],[-106.864824,40.518302],[-106.864838,40.518319],[-106.864857,40.518358],[-106.864617,40.518446],[-106.864544,40.518491],[-106.864493,40.518571],[-106.864397,40.518731],[-106.864004,40.519012]]}},{"id":"603","type":"Feature","properties":{"natural":null,"barrier":"fence","highway":null,"amenity":null,"tourism":null,"base_elevation":226,"height":"1","material":null,"direction":null,"artwork_type":null,"name":null},"geometry":{"type":"LineString","coordinates":[[-106.806226,40.5002],[-106.806167,40.500238],[-106.806089,40.500235]]}},{"id":"604","type":"Feature","properties":{"natural":null,"barrier":"wall","highway":null,"amenity":null,"tourism":null,"base_elevation":344,"height":".5","material":"stone","direction":null,"artwork_type":null,"name":null},"geometry":{"type":"LineString","coordinates":[[-106.773224,40.482393],[-106.7732,40.482391],[-106.773167,40.48238],[-106.773139,40.482368],[-106.773113,40.482363],[-106.773086,40.482367],[-106.773067,40.482372],[-106.773053,40.482388],[-106.773034,40.482387],[-106.773014,40.482392],[-106.773007,40.482402],[-106.773003,40.482417],[-106.77301,40.482429],[-106.773021,40.482441],[-106.77304,40.482441],[-106.773055,40.482434],[-106.773065,40.482422],[-106.773069,40.482417],[-106.773087,40.482422],[-106.773102,40.482422],[-106.77312,40.482415],[-106.773133,40.482403],[-106.773142,40.482399]]}},{"id":"605","type":"Feature","properties":{"natural":null,"barrier":"wall","highway":null,"amenity":null,"tourism":null,"base_elevation":338,"height":".5","material":"stone","direction":null,"artwork_type":null,"name":null},"geometry":{"type":"LineString","coordinates":[[-106.773881,40.482321],[-106.773885,40.482305],[-106.773914,40.482299],[-106.77394,40.482287],[-106.773959,40.482266],[-106.773953,40.482248],[-106.773934,40.482227],[-106.773908,40.482226],[-106.773879,40.482239],[-106.773874,40.482263],[-106.773867,40.482282],[-106.77385,40.482299],[-106.773846,40.482317]]}},{"id":"606","type":"Feature","properties":{"natural":null,"barrier":"wall","highway":null,"amenity":null,"tourism":null,"base_elevation":338,"height":".5","material":"stone","direction":null,"artwork_type":null,"name":null},"geometry":{"type":"LineString","coordinates":[[-106.774192,40.482181],[-106.77416,40.482135],[-106.77412,40.482138]]}},{"id":"607","type":"Feature","properties":{"natural":null,"barrier":"fence","highway":null,"amenity":null,"tourism":null,"base_elevation":104,"height":null,"material":null,"direction":null,"artwork_type":null,"name":null},"geometry":{"type":"LineString","coordinates":[[-106.818245,40.444574],[-106.818511,40.444555],[-106.818814,40.444543],[-106.818985,40.444529],[-106.819304,40.444509],[-106.819468,40.444495],[-106.819494,40.444491]]}},{"id":"608","type":"Feature","properties":{"natural":null,"barrier":"fence","highway":null,"amenity":null,"tourism":null,"base_elevation":86,"height":null,"material":null,"direction":null,"artwork_type":null,"name":null},"geometry":{"type":"LineString","coordinates":[[-106.85205,40.48916],[-106.851638,40.489206],[-106.851536,40.489127],[-106.851528,40.489098],[-106.851514,40.489049],[-106.851539,40.488659],[-106.852137,40.488659],[-106.85205,40.48916]]}},{"id":"609","type":"Feature","properties":{"natural":null,"barrier":"fence","highway":null,"amenity":null,"tourism":null,"base_elevation":85,"height":null,"material":null,"direction":null,"artwork_type":null,"name":null},"geometry":{"type":"LineString","coordinates":[[-106.850585,40.489106],[-106.850519,40.489087],[-106.850541,40.489043],[-106.850607,40.489062],[-106.850585,40.489106]]}},{"id":"610","type":"Feature","properties":{"natural":null,"barrier":"fence","highway":null,"amenity":null,"tourism":null,"base_elevation":82,"height":null,"material":null,"direction":null,"artwork_type":null,"name":null},"geometry":{"type":"LineString","coordinates":[[-106.850871,40.489693],[-106.850673,40.489683],[-106.850679,40.489608],[-106.850878,40.489618],[-106.850871,40.489693]]}}]}