{"type":"FeatureCollection","features":[{"id":"0","type":"Feature","properties":{"waterway":"unknown","natural":"water","base_elevation":1261},"geometry":{"type":"Polygon","coordinates":[[[-111.55713,45.214673],[-111.556968,45.214924],[-111.556547,45.215038],[-111.555933,45.214832],[-111.555124,45.214969],[-111.554607,45.214854],[-111.553928,45.214053],[-111.55312,45.213573],[-111.552959,45.213184],[-111.553089,45.212795],[-111.553768,45.21275],[-111.554447,45.212865],[-111.555352,45.213346],[-111.555902,45.213757],[-111.556225,45.213849],[-111.556969,45.214398],[-111.55713,45.214673]]]}},{"id":"1","type":"Feature","properties":{"waterway":"unknown","natural":"water","base_elevation":1426},"geometry":{"type":"Polygon","coordinates":[[[-111.519991,45.23456],[-111.5208,45.234675],[-111.521706,45.23463],[-111.522126,45.234836],[-111.522417,45.235133],[-111.522449,45.235408],[-111.52138,45.235887],[-111.521477,45.236093],[-111.522156,45.236071],[-111.522512,45.2363],[-111.522479,45.236803],[-111.522349,45.237031],[-111.52264,45.237329],[-111.522542,45.237557],[-111.522283,45.237511],[-111.521863,45.237282],[-111.521604,45.237465],[-111.521409,45.237785],[-111.521086,45.237716],[-111.520957,45.237487],[-111.519987,45.23696],[-111.520116,45.237303],[-111.519792,45.237372],[-111.518627,45.237096],[-111.517948,45.237141],[-111.517075,45.236569],[-111.517076,45.235974],[-111.516559,45.235494],[-111.5164,45.234236],[-111.516497,45.233893],[-111.517016,45.23362],[-111.51721,45.233414],[-111.517372,45.233414],[-111.517728,45.233643],[-111.518018,45.233918],[-111.51818,45.233964],[-111.518666,45.233872],[-111.519118,45.23401],[-111.519991,45.23456]]]}},{"id":"2","type":"Feature","properties":{"waterway":"unknown","natural":"water","base_elevation":1314},"geometry":{"type":"Polygon","coordinates":[[[-111.46355,45.28042],[-111.463765,45.280652],[-111.463763,45.280758],[-111.463499,45.281134],[-111.463149,45.281373],[-111.462991,45.281408],[-111.462832,45.281398],[-111.462696,45.281298],[-111.462562,45.281098],[-111.462583,45.281002],[-111.462452,45.280875],[-111.462543,45.280809],[-111.462516,45.280713],[-111.462404,45.280647],[-111.46234,45.280473],[-111.462377,45.280356],[-111.462659,45.280248],[-111.46307,45.280234],[-111.46355,45.28042]]]}},{"id":"3","type":"Feature","properties":{"waterway":"unknown","natural":"water","base_elevation":696},"geometry":{"type":"Polygon","coordinates":[[[-111.486103,45.303044],[-111.486401,45.303002],[-111.486629,45.302857],[-111.487059,45.303077],[-111.487249,45.303439],[-111.486965,45.303495],[-111.486809,45.303649],[-111.486633,45.303608],[-111.486499,45.303653],[-111.486249,45.303612],[-111.48617,45.303678],[-111.486257,45.30408],[-111.486068,45.304286],[-111.48564,45.304065],[-111.485682,45.303512],[-111.485897,45.303151],[-111.485673,45.302896],[-111.485425,45.30277],[-111.48546,45.30265],[-111.485715,45.302552],[-111.485985,45.302709],[-111.485963,45.30293],[-111.486103,45.303044]]]}},{"id":"4","type":"Feature","properties":{"waterway":"unknown","natural":"water","base_elevation":786},"geometry":{"type":"Polygon","coordinates":[[[-111.477234,45.304464],[-111.477558,45.30435],[-111.477882,45.304555],[-111.477721,45.305378],[-111.477528,45.305699],[-111.477204,45.305768],[-111.476847,45.305608],[-111.476813,45.304762],[-111.477234,45.304464]]]}},{"id":"5","type":"Feature","properties":{"waterway":"unknown","natural":"water","base_elevation":696},"geometry":{"type":"Polygon","coordinates":[[[-111.483973,45.304389],[-111.483907,45.304001],[-111.484328,45.303703],[-111.484717,45.303703],[-111.484944,45.304297],[-111.484719,45.304732],[-111.485109,45.305714],[-111.485433,45.305691],[-111.485758,45.305943],[-111.486082,45.306034],[-111.485727,45.30672],[-111.485435,45.306743],[-111.485013,45.306332],[-111.48456,45.306355],[-111.484397,45.306012],[-111.484103,45.304527],[-111.483973,45.304389]]]}},{"id":"6","type":"Feature","properties":{"waterway":"unknown","natural":"water","base_elevation":738},"geometry":{"type":"Polygon","coordinates":[[[-111.476655,45.310128],[-111.476647,45.310053],[-111.476745,45.309904],[-111.476966,45.309872],[-111.477052,45.309908],[-111.477054,45.310105],[-111.476952,45.310233],[-111.476901,45.310471],[-111.476655,45.310128]]]}},{"id":"7","type":"Feature","properties":{"waterway":"unknown","natural":"water","base_elevation":763},"geometry":{"type":"Polygon","coordinates":[[[-111.472575,45.310633],[-111.472235,45.31063],[-111.472082,45.310554],[-111.472014,45.310481],[-111.47195,45.310491],[-111.471936,45.310523],[-111.471825,45.31041],[-111.471843,45.310392],[-111.471911,45.310438],[-111.471955,45.310371],[-111.471919,45.310213],[-111.471999,45.310168],[-111.472081,45.310175],[-111.472104,45.310129],[-111.472325,45.310086],[-111.472379,45.310166],[-111.472465,45.310174],[-111.472476,45.310139],[-111.472617,45.310325],[-111.47266,45.310536],[-111.472575,45.310633]]]}},{"id":"8","type":"Feature","properties":{"waterway":"unknown","natural":"water","base_elevation":830},"geometry":{"type":"Polygon","coordinates":[[[-111.458501,45.310718],[-111.458384,45.310538],[-111.4584,45.310447],[-111.458454,45.310429],[-111.45853,45.310471],[-111.458584,45.31058],[-111.458551,45.310717],[-111.458501,45.310718]]]}},{"id":"9","type":"Feature","properties":{"waterway":"unknown","natural":"water","base_elevation":690},"geometry":{"type":"Polygon","coordinates":[[[-111.471976,45.315781],[-111.471672,45.31578],[-111.471589,45.315709],[-111.471653,45.315493],[-111.47162,45.315391],[-111.471522,45.315281],[-111.471514,45.31516],[-111.471402,45.315012],[-111.471408,45.314875],[-111.471502,45.314839],[-111.472011,45.315032],[-111.472216,45.315028],[-111.472314,45.315065],[-111.472345,45.315145],[-111.47231,45.315214],[-111.47232,45.31528],[-111.472655,45.315315],[-111.472652,45.315402],[-111.47256,45.315477],[-111.472229,45.315615],[-111.472169,45.315711],[-111.471976,45.315781]]]}},{"id":"10","type":"Feature","properties":{"waterway":"unknown","natural":"water","base_elevation":729},"geometry":{"type":"Polygon","coordinates":[[[-111.466427,45.315814],[-111.466605,45.315689],[-111.466796,45.3157],[-111.466744,45.315778],[-111.466627,45.315816],[-111.466427,45.315814]]]}},{"id":"11","type":"Feature","properties":{"waterway":"unknown","natural":"water","base_elevation":715},"geometry":{"type":"Polygon","coordinates":[[[-111.461543,45.317865],[-111.461212,45.317779],[-111.460945,45.317799],[-111.460906,45.317773],[-111.460954,45.317679],[-111.461125,45.31754],[-111.461167,45.317368],[-111.461254,45.317297],[-111.461226,45.317214],[-111.461247,45.317202],[-111.46148,45.317164],[-111.461635,45.317224],[-111.461771,45.317238],[-111.461925,45.317396],[-111.462079,45.317484],[-111.462105,45.317537],[-111.462098,45.317604],[-111.462008,45.317723],[-111.461714,45.317847],[-111.461543,45.317865]]]}},{"id":"12","type":"Feature","properties":{"waterway":"unknown","natural":"water","base_elevation":714},"geometry":{"type":"Polygon","coordinates":[[[-111.45363,45.317687],[-111.453534,45.317675],[-111.453557,45.317492],[-111.453788,45.317467],[-111.453927,45.317522],[-111.45394,45.317559],[-111.453888,45.317633],[-111.45363,45.317687]]]}},{"id":"13","type":"Feature","properties":{"waterway":"unknown","natural":"water","base_elevation":721},"geometry":{"type":"Polygon","coordinates":[[[-111.466419,45.318064],[-111.466664,45.317875],[-111.466682,45.317912],[-111.466566,45.31802],[-111.466505,45.318185],[-111.4664,45.318257],[-111.466327,45.318242],[-111.466322,45.318179],[-111.466419,45.318064]]]}},{"id":"14","type":"Feature","properties":{"waterway":"unknown","natural":"water","base_elevation":1285},"geometry":{"type":"Polygon","coordinates":[[[-111.470865,45.389384],[-111.470476,45.389567],[-111.468886,45.389683],[-111.468334,45.389478],[-111.467944,45.388884],[-111.467684,45.38861],[-111.468235,45.388312],[-111.469176,45.388357],[-111.470865,45.38927],[-111.470865,45.389384]]]}},{"id":"15","type":"Feature","properties":{"waterway":"unknown","natural":"water","base_elevation":1192},"geometry":{"type":"Polygon","coordinates":[[[-111.454561,45.390208],[-111.454872,45.390311],[-111.454762,45.390526],[-111.454224,45.391098],[-111.453808,45.391393],[-111.453662,45.391611],[-111.453567,45.391671],[-111.453332,45.391728],[-111.453136,45.391626],[-111.453056,45.391545],[-111.453166,45.391084],[-111.453182,45.390892],[-111.453263,45.390731],[-111.453767,45.390588],[-111.45433,45.390044],[-111.454507,45.389984],[-111.45463,45.3901],[-111.454561,45.390208]]]}},{"id":"16","type":"Feature","properties":{"waterway":"unknown","natural":"water","base_elevation":1275},"geometry":{"type":"Polygon","coordinates":[[[-111.469442,45.3919],[-111.468987,45.391878],[-111.468533,45.391787],[-111.468209,45.391901],[-111.467397,45.391833],[-111.46717,45.391628],[-111.467916,45.391513],[-111.468726,45.390758],[-111.469115,45.390735],[-111.469376,45.391443],[-111.469571,45.391809],[-111.469442,45.3919]]]}},{"id":"17","type":"Feature","properties":{"waterway":"unknown","natural":"water","base_elevation":1196},"geometry":{"type":"Polygon","coordinates":[[[-111.462506,45.39258],[-111.462247,45.392832],[-111.461598,45.392535],[-111.46111,45.392032],[-111.460947,45.391735],[-111.461012,45.391575],[-111.462472,45.391277],[-111.462861,45.391323],[-111.462959,45.391825],[-111.462506,45.392351],[-111.462506,45.39258]]]}},{"id":"18","type":"Feature","properties":{"waterway":"unknown","natural":"water","base_elevation":1307},"geometry":{"type":"Polygon","coordinates":[[[-111.488243,45.398354],[-111.487334,45.398172],[-111.487139,45.39792],[-111.487106,45.397715],[-111.487462,45.397577],[-111.488274,45.397828],[-111.488891,45.397873],[-111.488988,45.397941],[-111.488632,45.398239],[-111.488243,45.398354]]]}},{"id":"19","type":"Feature","properties":{"waterway":"unknown","natural":"water","base_elevation":1144},"geometry":{"type":"Polygon","coordinates":[[[-111.4629,45.400068],[-111.46277,45.400137],[-111.462445,45.399885],[-111.462315,45.399542],[-111.462767,45.398536],[-111.463384,45.398261],[-111.463741,45.398261],[-111.46439,45.398878],[-111.464553,45.398923],[-111.464553,45.399198],[-111.464359,45.399404],[-111.463256,45.399519],[-111.463029,45.399702],[-111.4629,45.400068]]]}},{"id":"20","type":"Feature","properties":{"waterway":"unknown","natural":"water","base_elevation":1351},"geometry":{"type":"Polygon","coordinates":[[[-111.50261,45.399808],[-111.502286,45.399579],[-111.502157,45.399213],[-111.501898,45.399121],[-111.501736,45.398847],[-111.503294,45.398643],[-111.503456,45.398871],[-111.503521,45.399123],[-111.503715,45.399466],[-111.503649,45.399695],[-111.503324,45.399969],[-111.502707,45.400037],[-111.50261,45.399808]]]}},{"id":"21","type":"Feature","properties":{"waterway":"unknown","natural":"water","base_elevation":1066},"geometry":{"type":"Polygon","coordinates":[[[-111.455896,45.399964],[-111.455714,45.399896],[-111.455703,45.399749],[-111.455907,45.399618],[-111.456127,45.39958],[-111.456369,45.399704],[-111.456422,45.399855],[-111.456374,45.399975],[-111.455896,45.399964]]]}},{"id":"22","type":"Feature","properties":{"waterway":"unknown","natural":"water","base_elevation":1207},"geometry":{"type":"Polygon","coordinates":[[[-111.497949,45.399647],[-111.49753,45.400859],[-111.496686,45.400997],[-111.49594,45.400929],[-111.495841,45.400518],[-111.496068,45.400152],[-111.496067,45.399763],[-111.49652,45.399351],[-111.49743,45.399579],[-111.497949,45.399647]]]}},{"id":"23","type":"Feature","properties":{"waterway":"unknown","natural":"water","base_elevation":1073},"geometry":{"type":"Polygon","coordinates":[[[-111.468502,45.412021],[-111.468242,45.411861],[-111.467981,45.411564],[-111.46824,45.410741],[-111.469148,45.410443],[-111.46918,45.410328],[-111.468985,45.409963],[-111.469309,45.409551],[-111.46999,45.409504],[-111.47038,45.409756],[-111.470576,45.410098],[-111.47048,45.411105],[-111.470189,45.411814],[-111.46993,45.411997],[-111.469248,45.41186],[-111.468502,45.412021]]]}},{"id":"24","type":"Feature","properties":{"waterway":"unknown","natural":"water","base_elevation":1162},"geometry":{"type":"Polygon","coordinates":[[[-111.512798,45.417514],[-111.512051,45.417994],[-111.511337,45.417764],[-111.511013,45.417558],[-111.511435,45.417307],[-111.511826,45.416713],[-111.512378,45.416919],[-111.512669,45.417194],[-111.512798,45.417514]]]}},{"id":"25","type":"Feature","properties":{"waterway":"unknown","natural":"water","base_elevation":1126},"geometry":{"type":"Polygon","coordinates":[[[-111.409723,45.156568],[-111.409691,45.156271],[-111.40982,45.156133],[-111.410143,45.156088],[-111.410854,45.156202],[-111.411242,45.156224],[-111.411791,45.156659],[-111.411759,45.156773],[-111.411242,45.156979],[-111.409982,45.156682],[-111.409723,45.156568]]]}},{"id":"26","type":"Feature","properties":{"waterway":"unknown","natural":"water","base_elevation":701},"geometry":{"type":"Polygon","coordinates":[[[-111.408338,45.240505],[-111.408671,45.240025],[-111.408668,45.239793],[-111.408711,45.239696],[-111.408832,45.23963],[-111.409207,45.239515],[-111.409441,45.23956],[-111.409593,45.239626],[-111.409653,45.239779],[-111.409623,45.239855],[-111.409258,45.240259],[-111.409073,45.240318],[-111.408995,45.240403],[-111.409019,45.240486],[-111.409135,45.240565],[-111.40969,45.240756],[-111.409669,45.24092],[-111.409591,45.240967],[-111.409628,45.241088],[-111.40939,45.241167],[-111.409366,45.241107],[-111.409197,45.241082],[-111.408987,45.241124],[-111.40891,45.241318],[-111.408759,45.241269],[-111.408564,45.241149],[-111.408293,45.240795],[-111.408282,45.240656],[-111.408338,45.240505]]]}},{"id":"27","type":"Feature","properties":{"waterway":"unknown","natural":"water","base_elevation":751},"geometry":{"type":"Polygon","coordinates":[[[-111.416326,45.24221],[-111.416458,45.242223],[-111.416531,45.242331],[-111.416458,45.242535],[-111.416354,45.242532],[-111.41623,45.242335],[-111.416326,45.24221]]]}},{"id":"28","type":"Feature","properties":{"waterway":"unknown","natural":"water","base_elevation":873},"geometry":{"type":"Polygon","coordinates":[[[-111.446288,45.254375],[-111.446216,45.2543],[-111.446067,45.254269],[-111.445976,45.2542],[-111.446,45.254073],[-111.446065,45.254015],[-111.44613,45.253982],[-111.44629,45.253993],[-111.446518,45.25415],[-111.446765,45.254239],[-111.446932,45.254237],[-111.446954,45.254268],[-111.446893,45.254312],[-111.446762,45.254263],[-111.446672,45.25428],[-111.446597,45.254419],[-111.446549,45.254448],[-111.44647,45.254449],[-111.446288,45.254375]]]}},{"id":"29","type":"Feature","properties":{"waterway":"unknown","natural":"water","base_elevation":874},"geometry":{"type":"Polygon","coordinates":[[[-111.422153,45.303375],[-111.421846,45.303128],[-111.421856,45.303052],[-111.422098,45.302998],[-111.422648,45.303044],[-111.422699,45.303121],[-111.423052,45.303316],[-111.423075,45.303379],[-111.423014,45.303524],[-111.422829,45.303644],[-111.422707,45.303678],[-111.422577,45.303653],[-111.422153,45.303375]]]}},{"id":"30","type":"Feature","properties":{"waterway":"unknown","natural":"water","base_elevation":844},"geometry":{"type":"Polygon","coordinates":[[[-111.423082,45.307106],[-111.422104,45.30715],[-111.421961,45.307059],[-111.421915,45.306869],[-111.421998,45.306599],[-111.422295,45.306248],[-111.422444,45.306225],[-111.422695,45.306278],[-111.423445,45.306646],[-111.423591,45.306841],[-111.423548,45.306948],[-111.423409,45.307027],[-111.423082,45.307106]]]}},{"id":"31","type":"Feature","properties":{"waterway":"unknown","natural":"water","base_elevation":854},"geometry":{"type":"Polygon","coordinates":[[[-111.419792,45.306018],[-111.420432,45.306055],[-111.420719,45.306129],[-111.420822,45.306221],[-111.420855,45.306353],[-111.420843,45.30671],[-111.420719,45.307272],[-111.420766,45.307334],[-111.420951,45.307369],[-111.42075,45.307393],[-111.420551,45.307597],[-111.420336,45.307709],[-111.420089,45.307776],[-111.419871,45.307796],[-111.419561,45.307745],[-111.419399,45.307613],[-111.419271,45.307406],[-111.419282,45.307122],[-111.419212,45.306943],[-111.419089,45.306752],[-111.418558,45.306274],[-111.417906,45.305934],[-111.417864,45.305863],[-111.417911,45.305758],[-111.418023,45.305709],[-111.418273,45.305742],[-111.418675,45.305858],[-111.4191,45.306028],[-111.419792,45.306018]]]}},{"id":"32","type":"Feature","properties":{"waterway":"unknown","natural":"water","base_elevation":899},"geometry":{"type":"Polygon","coordinates":[[[-111.409484,45.30713],[-111.410184,45.307242],[-111.410409,45.307377],[-111.410599,45.307572],[-111.410608,45.307629],[-111.410555,45.307725],[-111.410462,45.307791],[-111.410267,45.307777],[-111.410231,45.307823],[-111.410221,45.30789],[-111.410277,45.307958],[-111.410522,45.308113],[-111.410545,45.308227],[-111.410452,45.308504],[-111.4099,45.308885],[-111.409781,45.309113],[-111.409689,45.309136],[-111.409524,45.309099],[-111.409421,45.308839],[-111.409241,45.308676],[-111.408691,45.308395],[-111.408546,45.308211],[-111.408456,45.308034],[-111.408475,45.307936],[-111.408691,45.307942],[-111.408972,45.307897],[-111.409041,45.30786],[-111.409028,45.307783],[-111.408965,45.30773],[-111.408764,45.307663],[-111.408351,45.307614],[-111.408218,45.30763],[-111.40806,45.307586],[-111.407974,45.307479],[-111.407634,45.307393],[-111.407584,45.307312],[-111.407601,45.307212],[-111.407647,45.307163],[-111.408265,45.3071],[-111.409484,45.30713]]]}},{"id":"33","type":"Feature","properties":{"waterway":"unknown","natural":"water","base_elevation":860},"geometry":{"type":"Polygon","coordinates":[[[-111.416922,45.30879],[-111.416586,45.308747],[-111.416546,45.308671],[-111.416426,45.308639],[-111.41638,45.308537],[-111.416388,45.308458],[-111.41667,45.308364],[-111.416943,45.308443],[-111.417018,45.308681],[-111.416986,45.308767],[-111.416922,45.30879]]]}},{"id":"34","type":"Feature","properties":{"waterway":"unknown","natural":"water","base_elevation":916},"geometry":{"type":"Polygon","coordinates":[[[-111.405766,45.309207],[-111.405678,45.309079],[-111.405505,45.30897],[-111.405383,45.308826],[-111.40536,45.308642],[-111.405738,45.308556],[-111.405855,45.308576],[-111.40607,45.309003],[-111.406257,45.309108],[-111.406374,45.30923],[-111.406393,45.309444],[-111.406271,45.309634],[-111.405991,45.30967],[-111.405846,45.309611],[-111.40578,45.309536],[-111.405766,45.309207]]]}},{"id":"35","type":"Feature","properties":{"waterway":"unknown","natural":"water","base_elevation":835},"geometry":{"type":"Polygon","coordinates":[[[-111.453535,45.31099],[-111.452358,45.310918],[-111.451859,45.310582],[-111.451854,45.310484],[-111.452074,45.310231],[-111.452696,45.310163],[-111.45317,45.310175],[-111.453705,45.310295],[-111.454584,45.310359],[-111.454783,45.310499],[-111.454842,45.310661],[-111.454842,45.310771],[-111.454777,45.310895],[-111.454584,45.311009],[-111.453535,45.31099]]]}},{"id":"36","type":"Feature","properties":{"waterway":"unknown","natural":"water","base_elevation":721},"geometry":{"type":"Polygon","coordinates":[[[-111.439518,45.311787],[-111.439524,45.311232],[-111.44008,45.310479],[-111.440237,45.310437],[-111.440326,45.310445],[-111.440459,45.310513],[-111.440555,45.310733],[-111.44054,45.31111],[-111.440438,45.311382],[-111.440354,45.311515],[-111.440125,45.311748],[-111.440003,45.311838],[-111.439871,45.311875],[-111.439725,45.311876],[-111.439518,45.311787]]]}},{"id":"37","type":"Feature","properties":{"waterway":"unknown","natural":"water","base_elevation":1465},"geometry":{"type":"Polygon","coordinates":[[[-111.406471,45.358349],[-111.406017,45.357823],[-111.406146,45.357549],[-111.4066,45.357389],[-111.407736,45.357846],[-111.407963,45.358188],[-111.407833,45.35876],[-111.407217,45.358509],[-111.406698,45.358463],[-111.406471,45.358349]]]}},{"id":"38","type":"Feature","properties":{"waterway":"unknown","natural":"water","base_elevation":1256},"geometry":{"type":"Polygon","coordinates":[[[-111.419217,45.358894],[-111.419541,45.358916],[-111.419995,45.358825],[-111.420417,45.358893],[-111.420741,45.359007],[-111.421682,45.35919],[-111.421747,45.359441],[-111.421552,45.359899],[-111.421131,45.360036],[-111.420872,45.360448],[-111.420418,45.360493],[-111.420126,45.360585],[-111.419736,45.360288],[-111.418893,45.360243],[-111.418504,45.359854],[-111.418406,45.359168],[-111.419217,45.358894]]]}},{"id":"39","type":"Feature","properties":{"waterway":"unknown","natural":"water","base_elevation":1241},"geometry":{"type":"Polygon","coordinates":[[[-111.423254,45.36032],[-111.422994,45.36056],[-111.422034,45.360514],[-111.42231,45.360183],[-111.422798,45.359909],[-111.423189,45.360023],[-111.423319,45.360148],[-111.423254,45.36032]]]}},{"id":"40","type":"Feature","properties":{"waterway":"unknown","natural":"water","base_elevation":1352},"geometry":{"type":"Polygon","coordinates":[[[-111.41439,45.360886],[-111.414474,45.360958],[-111.414446,45.361148],[-111.414184,45.361207],[-111.413829,45.361509],[-111.413605,45.361509],[-111.413586,45.361293],[-111.413755,45.36126],[-111.413848,45.361174],[-111.413885,45.361004],[-111.414147,45.360879],[-111.41439,45.360886]]]}},{"id":"41","type":"Feature","properties":{"waterway":"unknown","natural":"water","base_elevation":1248},"geometry":{"type":"Polygon","coordinates":[[[-111.421326,45.360859],[-111.421975,45.361019],[-111.421619,45.361453],[-111.421294,45.361568],[-111.420483,45.361431],[-111.420516,45.361294],[-111.421326,45.360859]]]}},{"id":"42","type":"Feature","properties":{"waterway":"unknown","natural":"water","base_elevation":1230},"geometry":{"type":"Polygon","coordinates":[[[-111.423001,45.361627],[-111.422972,45.361482],[-111.423308,45.361284],[-111.423533,45.361228],[-111.423546,45.361064],[-111.423887,45.360821],[-111.424273,45.360908],[-111.424807,45.360798],[-111.424871,45.360887],[-111.425129,45.361049],[-111.425241,45.361164],[-111.425024,45.361275],[-111.424996,45.361475],[-111.425027,45.361598],[-111.425207,45.361818],[-111.425134,45.362029],[-111.424977,45.362092],[-111.424818,45.362115],[-111.42453,45.362077],[-111.424126,45.362231],[-111.422764,45.362365],[-111.42257,45.362359],[-111.422085,45.362207],[-111.422446,45.361976],[-111.422688,45.361769],[-111.422881,45.361739],[-111.423001,45.361627]]]}},{"id":"43","type":"Feature","properties":{"waterway":"unknown","natural":"water","base_elevation":1263},"geometry":{"type":"Polygon","coordinates":[[[-111.422239,45.366071],[-111.421395,45.365935],[-111.421168,45.365569],[-111.42107,45.365112],[-111.42094,45.364769],[-111.421102,45.364563],[-111.421589,45.364631],[-111.422173,45.364928],[-111.422497,45.364951],[-111.422595,45.365545],[-111.422757,45.365637],[-111.42266,45.365865],[-111.422239,45.366071]]]}},{"id":"44","type":"Feature","properties":{"waterway":"unknown","natural":"water","base_elevation":1104},"geometry":{"type":"Polygon","coordinates":[[[-111.425533,45.369934],[-111.425717,45.369954],[-111.425781,45.36987],[-111.425703,45.369532],[-111.425872,45.369437],[-111.425986,45.369526],[-111.425993,45.36978],[-111.425901,45.370103],[-111.425696,45.370083],[-111.42566,45.370297],[-111.425766,45.370541],[-111.425632,45.370541],[-111.425717,45.370606],[-111.425533,45.370626],[-111.425221,45.37079],[-111.425335,45.370884],[-111.425299,45.370969],[-111.425186,45.371043],[-111.425108,45.37077],[-111.425214,45.370715],[-111.425151,45.370546],[-111.425242,45.370387],[-111.425398,45.370332],[-111.425391,45.370039],[-111.425533,45.369934]]]}},{"id":"45","type":"Feature","properties":{"waterway":"unknown","natural":"water","base_elevation":1231},"geometry":{"type":"Polygon","coordinates":[[[-111.443497,45.377629],[-111.443043,45.377858],[-111.441324,45.377997],[-111.441162,45.377951],[-111.441453,45.377379],[-111.442231,45.37683],[-111.443204,45.376669],[-111.443756,45.376806],[-111.443886,45.377035],[-111.443497,45.377629]]]}},{"id":"46","type":"Feature","properties":{"waterway":"unknown","natural":"water","base_elevation":1133},"geometry":{"type":"Polygon","coordinates":[[[-111.437193,45.381711],[-111.437262,45.381647],[-111.437445,45.381617],[-111.437557,45.381444],[-111.437815,45.381568],[-111.437895,45.381508],[-111.437986,45.381628],[-111.437981,45.382024],[-111.437659,45.382491],[-111.437863,45.382615],[-111.437756,45.382755],[-111.4376,45.382762],[-111.437364,45.383195],[-111.437198,45.383098],[-111.43752,45.382743],[-111.437134,45.382608],[-111.437042,45.382363],[-111.437069,45.382031],[-111.437193,45.381711]]]}},{"id":"47","type":"Feature","properties":{"waterway":"unknown","natural":"water","base_elevation":1124},"geometry":{"type":"Polygon","coordinates":[[[-111.440041,45.382698],[-111.439934,45.382872],[-111.43937,45.383094],[-111.43877,45.383505],[-111.438544,45.383218],[-111.438652,45.382709],[-111.438877,45.382657],[-111.438968,45.382337],[-111.439134,45.382039],[-111.439569,45.382461],[-111.440041,45.382698]]]}},{"id":"48","type":"Feature","properties":{"waterway":"unknown","natural":"water","base_elevation":931},"geometry":{"type":"Polygon","coordinates":[[[-111.41982,45.382161],[-111.420005,45.382195],[-111.420276,45.382507],[-111.420313,45.382706],[-111.419758,45.383009],[-111.41961,45.383173],[-111.419216,45.38326],[-111.418945,45.383407],[-111.418439,45.383416],[-111.41839,45.383191],[-111.418476,45.382472],[-111.418945,45.382169],[-111.41945,45.382282],[-111.41982,45.382161]]]}},{"id":"49","type":"Feature","properties":{"waterway":"unknown","natural":"water","base_elevation":1144},"geometry":{"type":"Polygon","coordinates":[[[-111.450076,45.39651],[-111.450172,45.396213],[-111.450432,45.395847],[-111.451048,45.395732],[-111.451373,45.395915],[-111.451471,45.396349],[-111.450887,45.396944],[-111.450466,45.39699],[-111.450076,45.39651]]]}},{"id":"50","type":"Feature","properties":{"waterway":"unknown","natural":"water","base_elevation":1025},"geometry":{"type":"Polygon","coordinates":[[[-111.400829,45.222812],[-111.401515,45.223116],[-111.401621,45.22347],[-111.401352,45.224387],[-111.400255,45.224751],[-111.399894,45.224721],[-111.399094,45.223993],[-111.399236,45.223216],[-111.39937,45.223066],[-111.400553,45.222747],[-111.400829,45.222812]]]}},{"id":"51","type":"Feature","properties":{"waterway":"unknown","natural":"water","base_elevation":932},"geometry":{"type":"Polygon","coordinates":[[[-111.394935,45.225386],[-111.395024,45.225215],[-111.395327,45.225037],[-111.395533,45.224804],[-111.395668,45.224804],[-111.395827,45.224863],[-111.39592,45.225027],[-111.395841,45.225465],[-111.395906,45.225725],[-111.396173,45.22606],[-111.396196,45.226221],[-111.39614,45.226277],[-111.396042,45.226297],[-111.395762,45.226261],[-111.395453,45.225843],[-111.39529,45.2258],[-111.395131,45.22581],[-111.394977,45.225646],[-111.394935,45.225386]]]}},{"id":"52","type":"Feature","properties":{"waterway":"unknown","natural":"water","base_elevation":796},"geometry":{"type":"Polygon","coordinates":[[[-111.386184,45.232674],[-111.38583,45.232593],[-111.38573,45.23251],[-111.385674,45.232393],[-111.385803,45.232348],[-111.386077,45.232327],[-111.38635,45.23247],[-111.386693,45.23258],[-111.386774,45.232691],[-111.387053,45.232807],[-111.387147,45.23292],[-111.387128,45.233058],[-111.386972,45.233109],[-111.386878,45.233105],[-111.386731,45.233033],[-111.38664,45.232918],[-111.386237,45.232748],[-111.386184,45.232674]]]}},{"id":"53","type":"Feature","properties":{"waterway":"unknown","natural":"water","base_elevation":809},"geometry":{"type":"Polygon","coordinates":[[[-111.398434,45.236208],[-111.398648,45.23631],[-111.398731,45.236315],[-111.398774,45.236385],[-111.398739,45.236477],[-111.398752,45.236556],[-111.398691,45.236685],[-111.398505,45.236667],[-111.398219,45.236529],[-111.398091,45.236302],[-111.398113,45.236215],[-111.398246,45.236182],[-111.398434,45.236208]]]}},{"id":"54","type":"Feature","properties":{"waterway":"unknown","natural":"water","base_elevation":807},"geometry":{"type":"Polygon","coordinates":[[[-111.397575,45.23657],[-111.397654,45.236647],[-111.397451,45.236666],[-111.397463,45.236633],[-111.397575,45.23657]]]}},{"id":"55","type":"Feature","properties":{"waterway":"unknown","natural":"water","base_elevation":798},"geometry":{"type":"Polygon","coordinates":[[[-111.396426,45.236646],[-111.396396,45.23656],[-111.396436,45.236481],[-111.396507,45.236446],[-111.396847,45.23655],[-111.397197,45.236567],[-111.397254,45.236587],[-111.397278,45.236633],[-111.397154,45.236725],[-111.396818,45.236839],[-111.396426,45.236646]]]}},{"id":"56","type":"Feature","properties":{"waterway":"unknown","natural":"water","base_elevation":842},"geometry":{"type":"Polygon","coordinates":[[[-111.372893,45.251785],[-111.372768,45.251612],[-111.372738,45.251512],[-111.372785,45.251478],[-111.372903,45.251483],[-111.373322,45.251777],[-111.373368,45.251825],[-111.373361,45.252045],[-111.373176,45.252139],[-111.373085,45.251883],[-111.372893,45.251785]]]}},{"id":"57","type":"Feature","properties":{"waterway":"unknown","natural":"water","base_elevation":795},"geometry":{"type":"Polygon","coordinates":[[[-111.372449,45.257853],[-111.372193,45.257777],[-111.371854,45.257782],[-111.37142,45.257636],[-111.371623,45.257096],[-111.371857,45.256997],[-111.372652,45.257311],[-111.372874,45.257281],[-111.37337,45.257508],[-111.373644,45.257847],[-111.37353,45.257899],[-111.373284,45.257925],[-111.373123,45.257908],[-111.373046,45.257934],[-111.372449,45.257853]]]}},{"id":"58","type":"Feature","properties":{"waterway":"unknown","natural":"water","base_elevation":700},"geometry":{"type":"Polygon","coordinates":[[[-111.360248,45.257597],[-111.360797,45.257764],[-111.361093,45.257975],[-111.361416,45.258075],[-111.361509,45.258218],[-111.361472,45.25833],[-111.36089,45.258133],[-111.360605,45.257909],[-111.360435,45.257838],[-111.360295,45.25769],[-111.360248,45.257597]]]}},{"id":"59","type":"Feature","properties":{"waterway":"unknown","natural":"water","base_elevation":658},"geometry":{"type":"Polygon","coordinates":[[[-111.376914,45.283381],[-111.376495,45.283279],[-111.376444,45.283218],[-111.376479,45.283048],[-111.376597,45.282794],[-111.37671,45.282667],[-111.376836,45.282595],[-111.377101,45.282705],[-111.377152,45.282794],[-111.377101,45.282892],[-111.377021,45.283324],[-111.376914,45.283381]]]}},{"id":"60","type":"Feature","properties":{"waterway":"unknown","natural":"water","base_elevation":794},"geometry":{"type":"Polygon","coordinates":[[[-111.396359,45.289306],[-111.396228,45.289359],[-111.39622,45.289428],[-111.396135,45.289448],[-111.396131,45.289641],[-111.396203,45.289708],[-111.396212,45.289865],[-111.395895,45.290067],[-111.395763,45.29008],[-111.395592,45.289936],[-111.395345,45.289942],[-111.395143,45.290015],[-111.394924,45.290012],[-111.394553,45.289797],[-111.394526,45.289597],[-111.394621,45.289207],[-111.39473,45.28903],[-111.394787,45.288676],[-111.39477,45.288556],[-111.394747,45.288451],[-111.39443,45.28819],[-111.394278,45.288133],[-111.394227,45.288013],[-111.394343,45.28766],[-111.39465,45.287053],[-111.394704,45.287037],[-111.395237,45.287108],[-111.39554,45.287273],[-111.395551,45.287378],[-111.395764,45.287453],[-111.395858,45.287452],[-111.396148,45.287701],[-111.396154,45.287857],[-111.396203,45.28787],[-111.39623,45.287942],[-111.396264,45.288191],[-111.396535,45.288288],[-111.396557,45.288468],[-111.396517,45.288506],[-111.396496,45.28862],[-111.396531,45.288692],[-111.396552,45.288922],[-111.396512,45.289045],[-111.396435,45.289093],[-111.396359,45.289306]],[[-111.395942,45.28964],[-111.395987,45.289664],[-111.396101,45.289637],[-111.396108,45.289509],[-111.396077,45.289459],[-111.396018,45.289475],[-111.395936,45.289599],[-111.395942,45.28964]]]}},{"id":"61","type":"Feature","properties":{"waterway":"unknown","natural":"water","base_elevation":1036},"geometry":{"type":"Polygon","coordinates":[[[-111.395168,45.307671],[-111.395221,45.307499],[-111.39554,45.307287],[-111.395665,45.307239],[-111.395777,45.307245],[-111.395854,45.307332],[-111.396049,45.307605],[-111.396061,45.3077],[-111.396013,45.307808],[-111.395833,45.307892],[-111.395608,45.307892],[-111.39521,45.307767],[-111.395168,45.307671]]]}},{"id":"62","type":"Feature","properties":{"waterway":"unknown","natural":"water","base_elevation":1454},"geometry":{"type":"Polygon","coordinates":[[[-111.320271,45.321742],[-111.320243,45.321583],[-111.320667,45.321533],[-111.321956,45.32213],[-111.321743,45.322439],[-111.321304,45.322419],[-111.320936,45.322558],[-111.320398,45.322628],[-111.320271,45.322419],[-111.320682,45.32219],[-111.320469,45.321891],[-111.320271,45.321742]]]}},{"id":"63","type":"Feature","properties":{"waterway":"unknown","natural":"water","base_elevation":1492},"geometry":{"type":"Polygon","coordinates":[[[-111.316079,45.328668],[-111.316368,45.328565],[-111.316429,45.32864],[-111.316384,45.328654],[-111.316392,45.328814],[-111.316177,45.32884],[-111.315978,45.328954],[-111.315632,45.328991],[-111.315575,45.328891],[-111.315827,45.328823],[-111.316079,45.328668]]]}},{"id":"64","type":"Feature","properties":{"waterway":"unknown","natural":"water","base_elevation":1259},"geometry":{"type":"Polygon","coordinates":[[[-111.374348,45.34557],[-111.373713,45.345627],[-111.373603,45.345514],[-111.374052,45.345393],[-111.374576,45.345012],[-111.374823,45.344986],[-111.374971,45.345111],[-111.374841,45.34515],[-111.374878,45.345254],[-111.375125,45.345202],[-111.375433,45.345267],[-111.375457,45.345583],[-111.37555,45.345861],[-111.375685,45.346034],[-111.375507,45.34606],[-111.375414,45.346125],[-111.375907,45.346441],[-111.375944,45.346714],[-111.376135,45.346705],[-111.376363,45.346857],[-111.376413,45.346982],[-111.375587,45.34687],[-111.375045,45.346315],[-111.375057,45.346003],[-111.374903,45.345986],[-111.374798,45.3457],[-111.374348,45.34557]]]}},{"id":"65","type":"Feature","properties":{"waterway":"unknown","natural":"water","base_elevation":1443},"geometry":{"type":"Polygon","coordinates":[[[-111.381519,45.360956],[-111.381221,45.361016],[-111.381151,45.361215],[-111.380188,45.361563],[-111.38016,45.361682],[-111.379933,45.361463],[-111.38033,45.360936],[-111.380938,45.360498],[-111.381079,45.360554],[-111.381179,45.360648],[-111.381675,45.360658],[-111.381519,45.360956]]]}},{"id":"66","type":"Feature","properties":{"waterway":"unknown","natural":"water","base_elevation":1353},"geometry":{"type":"Polygon","coordinates":[[[-111.346666,45.366078],[-111.346536,45.365963],[-111.347088,45.365826],[-111.348644,45.366421],[-111.348741,45.36665],[-111.348612,45.366741],[-111.347282,45.366467],[-111.346666,45.366078]]]}},{"id":"67","type":"Feature","properties":{"waterway":"unknown","natural":"water","base_elevation":1309},"geometry":{"type":"Polygon","coordinates":[[[-111.37403,45.371038],[-111.374196,45.371046],[-111.374406,45.371168],[-111.374475,45.371398],[-111.374559,45.371426],[-111.374651,45.371383],[-111.374993,45.371387],[-111.375101,45.371618],[-111.374462,45.372323],[-111.373888,45.372796],[-111.373437,45.373118],[-111.372722,45.373292],[-111.372548,45.372872],[-111.372711,45.372414],[-111.373105,45.37189],[-111.373587,45.371386],[-111.373918,45.371068],[-111.37403,45.371038]]]}},{"id":"68","type":"Feature","properties":{"waterway":"unknown","natural":"water","base_elevation":1072},"geometry":{"type":"Polygon","coordinates":[[[-111.396992,45.372419],[-111.397703,45.372291],[-111.398364,45.372259],[-111.398693,45.372395],[-111.398918,45.372602],[-111.398762,45.372751],[-111.398661,45.373002],[-111.39837,45.373326],[-111.397851,45.374287],[-111.397797,45.374595],[-111.397892,45.374787],[-111.397753,45.37492],[-111.396872,45.373734],[-111.396775,45.373418],[-111.396877,45.372527],[-111.396992,45.372419]]]}},{"id":"69","type":"Feature","properties":{"waterway":"unknown","natural":"water","base_elevation":1441},"geometry":{"type":"Polygon","coordinates":[[[-111.380363,45.374986],[-111.379891,45.374372],[-111.379813,45.374106],[-111.379926,45.37355],[-111.380049,45.373422],[-111.380411,45.373356],[-111.38098,45.373484],[-111.381226,45.373729],[-111.381618,45.374381],[-111.381985,45.374692],[-111.38216,45.374882],[-111.382128,45.375042],[-111.382042,45.375159],[-111.381862,45.37521],[-111.381605,45.375229],[-111.381127,45.37508],[-111.380956,45.374899],[-111.380816,45.374876],[-111.380631,45.375052],[-111.380502,45.375056],[-111.380363,45.374986]]]}},{"id":"70","type":"Feature","properties":{"waterway":"unknown","natural":"water","base_elevation":1479},"geometry":{"type":"Polygon","coordinates":[[[-111.38062,45.377618],[-111.380534,45.37771],[-111.380339,45.377786],[-111.38003,45.377784],[-111.379821,45.377746],[-111.379555,45.377601],[-111.379255,45.377503],[-111.378826,45.377429],[-111.37874,45.377322],[-111.378767,45.377226],[-111.378847,45.377175],[-111.379453,45.377083],[-111.380103,45.377075],[-111.380293,45.377105],[-111.380416,45.377247],[-111.380443,45.377426],[-111.380575,45.377509],[-111.38062,45.377618]]]}},{"id":"71","type":"Feature","properties":{"waterway":"unknown","natural":"water","base_elevation":1209},"geometry":{"type":"Polygon","coordinates":[[[-111.33566,45.381393],[-111.335531,45.380684],[-111.335888,45.379998],[-111.33644,45.37977],[-111.336829,45.379816],[-111.336958,45.380204],[-111.335854,45.381347],[-111.33566,45.381393]]]}},{"id":"72","type":"Feature","properties":{"waterway":"unknown","natural":"water","base_elevation":1321},"geometry":{"type":"Polygon","coordinates":[[[-111.377675,45.390271],[-111.377804,45.390202],[-111.378324,45.390979],[-111.378518,45.391139],[-111.378291,45.391574],[-111.377869,45.391665],[-111.377577,45.391139],[-111.377675,45.390271]]]}},{"id":"73","type":"Feature","properties":{"waterway":"unknown","natural":"water","base_elevation":1235},"geometry":{"type":"Polygon","coordinates":[[[-111.367388,45.394546],[-111.36781,45.39434],[-111.367907,45.394226],[-111.368426,45.394226],[-111.368881,45.394295],[-111.36953,45.39402],[-111.370081,45.394089],[-111.370179,45.394912],[-111.369724,45.395758],[-111.369562,45.396238],[-111.368978,45.396558],[-111.368361,45.396764],[-111.367809,45.397724],[-111.367679,45.397793],[-111.367355,45.397747],[-111.366966,45.397244],[-111.366966,45.396672],[-111.36729,45.396055],[-111.367096,45.395209],[-111.367388,45.394797],[-111.367388,45.394546]]]}},{"id":"74","type":"Feature","properties":{"waterway":"unknown","natural":"water","base_elevation":1076},"geometry":{"type":"Polygon","coordinates":[[[-111.335193,45.400072],[-111.335322,45.400369],[-111.335095,45.400895],[-111.335095,45.40117],[-111.335549,45.401421],[-111.335613,45.401833],[-111.335289,45.401924],[-111.333926,45.401649],[-111.333667,45.401215],[-111.334056,45.400963],[-111.334381,45.400346],[-111.334836,45.400095],[-111.335193,45.400072]]]}},{"id":"75","type":"Feature","properties":{"waterway":"unknown","natural":"water","base_elevation":376},"geometry":{"type":"Polygon","coordinates":[[[-111.253606,45.244989],[-111.253811,45.245002],[-111.253881,45.245053],[-111.253902,45.245181],[-111.253818,45.245476],[-111.25373,45.245543],[-111.253417,45.245482],[-111.253545,45.245027],[-111.253606,45.244989]]]}},{"id":"76","type":"Feature","properties":{"waterway":"unknown","natural":"water","base_elevation":380},"geometry":{"type":"Polygon","coordinates":[[[-111.254292,45.245073],[-111.254569,45.245116],[-111.254643,45.245162],[-111.254502,45.245854],[-111.254031,45.245801],[-111.254192,45.245093],[-111.254292,45.245073]]]}},{"id":"77","type":"Feature","properties":{"waterway":"unknown","natural":"water","base_elevation":375},"geometry":{"type":"Polygon","coordinates":[[[-111.253337,45.245851],[-111.253363,45.245685],[-111.253428,45.245617],[-111.253734,45.24565],[-111.25376,45.245688],[-111.253741,45.245834],[-111.253636,45.245916],[-111.253449,45.245903],[-111.253337,45.245851]]]}},{"id":"78","type":"Feature","properties":{"waterway":"unknown","natural":"water","base_elevation":420},"geometry":{"type":"Polygon","coordinates":[[[-111.264302,45.252473],[-111.264089,45.252367],[-111.264093,45.252234],[-111.264197,45.252096],[-111.265131,45.251887],[-111.265587,45.252041],[-111.265528,45.252432],[-111.265381,45.252516],[-111.2651,45.252519],[-111.26474,45.25243],[-111.264302,45.252473]]]}},{"id":"79","type":"Feature","properties":{"waterway":"unknown","natural":"water","base_elevation":413},"geometry":{"type":"Polygon","coordinates":[[[-111.290451,45.268917],[-111.29037,45.26889],[-111.290342,45.268837],[-111.290255,45.268358],[-111.289428,45.267542],[-111.289248,45.267071],[-111.289351,45.266989],[-111.289758,45.266892],[-111.290006,45.266868],[-111.290357,45.267006],[-111.290409,45.267106],[-111.29041,45.267158],[-111.290352,45.267221],[-111.290377,45.26729],[-111.291237,45.268219],[-111.291249,45.268307],[-111.29122,45.268346],[-111.290977,45.268447],[-111.29091,45.268542],[-111.290925,45.268605],[-111.291085,45.26876],[-111.291082,45.268836],[-111.290998,45.268877],[-111.290451,45.268917]]]}},{"id":"80","type":"Feature","properties":{"waterway":"unknown","natural":"water","base_elevation":406},"geometry":{"type":"Polygon","coordinates":[[[-111.287529,45.268958],[-111.286377,45.268452],[-111.286044,45.268358],[-111.285601,45.268284],[-111.285553,45.268204],[-111.285532,45.267938],[-111.285589,45.267899],[-111.286596,45.267633],[-111.287497,45.267422],[-111.288361,45.267239],[-111.288872,45.267182],[-111.288971,45.267236],[-111.289061,45.267486],[-111.28922,45.267745],[-111.289836,45.268336],[-111.28998,45.26857],[-111.289959,45.268686],[-111.289802,45.268704],[-111.288904,45.268683],[-111.287938,45.268571],[-111.287846,45.268621],[-111.287614,45.268909],[-111.287529,45.268958]]]}},{"id":"81","type":"Feature","properties":{"waterway":"unknown","natural":"water","base_elevation":409},"geometry":{"type":"Polygon","coordinates":[[[-111.289631,45.26937],[-111.288925,45.269246],[-111.288844,45.269263],[-111.288405,45.269513],[-111.288251,45.269551],[-111.287791,45.269318],[-111.28773,45.269234],[-111.287695,45.269086],[-111.287974,45.268766],[-111.288089,45.268734],[-111.288899,45.268846],[-111.289548,45.268863],[-111.28972,45.268941],[-111.289823,45.269153],[-111.289788,45.269288],[-111.289631,45.26937]]]}},{"id":"82","type":"Feature","properties":{"waterway":"unknown","natural":"water","base_elevation":414},"geometry":{"type":"Polygon","coordinates":[[[-111.291397,45.269453],[-111.291419,45.269351],[-111.291669,45.269348],[-111.291659,45.269303],[-111.291548,45.269299],[-111.291485,45.26927],[-111.291475,45.269229],[-111.291721,45.269004],[-111.291777,45.268882],[-111.291894,45.268952],[-111.292005,45.268969],[-111.292338,45.268917],[-111.292603,45.268817],[-111.292726,45.26883],[-111.292788,45.268904],[-111.292806,45.268978],[-111.292775,45.269073],[-111.29267,45.269103],[-111.29264,45.269168],[-111.292646,45.269212],[-111.292719,45.269255],[-111.292726,45.269346],[-111.292529,45.269468],[-111.292564,45.269546],[-111.292674,45.269653],[-111.292665,45.269718],[-111.292763,45.269914],[-111.292677,45.270018],[-111.292504,45.270014],[-111.292563,45.270086],[-111.292202,45.270185],[-111.291577,45.269901],[-111.291397,45.269453]]]}},{"id":"83","type":"Feature","properties":{"waterway":"unknown","natural":"water","base_elevation":1297},"geometry":{"type":"Polygon","coordinates":[[[-111.274775,45.319693],[-111.274645,45.319601],[-111.275294,45.319145],[-111.275781,45.318962],[-111.276299,45.319008],[-111.276623,45.31942],[-111.276655,45.319649],[-111.276395,45.319831],[-111.274775,45.319693]]]}},{"id":"84","type":"Feature","properties":{"waterway":"unknown","natural":"water","base_elevation":1408},"geometry":{"type":"Polygon","coordinates":[[[-111.316265,45.323125],[-111.315854,45.323125],[-111.315401,45.322887],[-111.31584,45.322727],[-111.316194,45.322538],[-111.316378,45.322628],[-111.316265,45.323125]]]}},{"id":"85","type":"Feature","properties":{"waterway":"unknown","natural":"water","base_elevation":1309},"geometry":{"type":"Polygon","coordinates":[[[-111.310906,45.323446],[-111.310582,45.323103],[-111.31055,45.322897],[-111.310745,45.322623],[-111.311199,45.322417],[-111.311717,45.32244],[-111.311813,45.323606],[-111.311457,45.32372],[-111.310906,45.323446]]]}},{"id":"86","type":"Feature","properties":{"waterway":"unknown","natural":"water","base_elevation":1249},"geometry":{"type":"Polygon","coordinates":[[[-111.276096,45.32381],[-111.276095,45.324335],[-111.275771,45.324358],[-111.27522,45.324266],[-111.274993,45.324449],[-111.274669,45.324608],[-111.273696,45.324676],[-111.272886,45.324881],[-111.272627,45.324904],[-111.27253,45.324675],[-111.273017,45.32415],[-111.27386,45.323945],[-111.275254,45.323534],[-111.275611,45.323557],[-111.276096,45.32381]]]}},{"id":"87","type":"Feature","properties":{"waterway":"unknown","natural":"water","base_elevation":1254},"geometry":{"type":"Polygon","coordinates":[[[-111.301555,45.32506],[-111.301222,45.325329],[-111.301099,45.32513],[-111.301062,45.32487],[-111.301284,45.324723],[-111.301333,45.324887],[-111.301493,45.324939],[-111.301555,45.32506]]]}},{"id":"88","type":"Feature","properties":{"waterway":"unknown","natural":"water","base_elevation":1316},"geometry":{"type":"Polygon","coordinates":[[[-111.274629,45.329044],[-111.274241,45.328495],[-111.274144,45.328129],[-111.274436,45.327855],[-111.274955,45.327924],[-111.275764,45.328519],[-111.276477,45.328794],[-111.276897,45.329298],[-111.277512,45.329824],[-111.278224,45.330647],[-111.278191,45.331013],[-111.277445,45.331104],[-111.277186,45.330967],[-111.276571,45.33076],[-111.276214,45.33044],[-111.275891,45.329891],[-111.275179,45.32957],[-111.274629,45.329044]]]}},{"id":"89","type":"Feature","properties":{"waterway":"unknown","natural":"water","base_elevation":1328},"geometry":{"type":"Polygon","coordinates":[[[-111.30029,45.336654],[-111.300128,45.336357],[-111.300356,45.336083],[-111.300842,45.33622],[-111.301231,45.336289],[-111.301587,45.336792],[-111.301554,45.337158],[-111.301002,45.337409],[-111.300484,45.337386],[-111.300257,45.337226],[-111.30029,45.336654]]]}},{"id":"90","type":"Feature","properties":{"waterway":"unknown","natural":"water","base_elevation":1237},"geometry":{"type":"Polygon","coordinates":[[[-111.254995,45.340022],[-111.255224,45.339199],[-111.256003,45.338743],[-111.256456,45.338972],[-111.256812,45.339407],[-111.256518,45.34023],[-111.255903,45.339955],[-111.255254,45.340068],[-111.254995,45.340022]]]}},{"id":"91","type":"Feature","properties":{"waterway":"unknown","natural":"water","base_elevation":1333},"geometry":{"type":"Polygon","coordinates":[[[-111.275508,45.345369],[-111.275184,45.344935],[-111.275185,45.344615],[-111.275671,45.344455],[-111.276287,45.344684],[-111.276611,45.34505],[-111.276513,45.345416],[-111.276253,45.345599],[-111.275929,45.345598],[-111.275508,45.345369]]]}},{"id":"92","type":"Feature","properties":{"waterway":"unknown","natural":"water","base_elevation":1013},"geometry":{"type":"Polygon","coordinates":[[[-111.258201,45.357859],[-111.258298,45.357562],[-111.258786,45.35674],[-111.259111,45.356786],[-111.259467,45.356992],[-111.259563,45.357541],[-111.260049,45.357747],[-111.260665,45.357839],[-111.260535,45.358273],[-111.260405,45.358456],[-111.259723,45.358478],[-111.259528,45.358775],[-111.259236,45.358866],[-111.258621,45.358546],[-111.258201,45.357859]]]}},{"id":"93","type":"Feature","properties":{"waterway":"unknown","natural":"water","base_elevation":1093},"geometry":{"type":"Polygon","coordinates":[[[-111.264671,45.365937],[-111.265514,45.365869],[-111.265773,45.365983],[-111.265805,45.366349],[-111.265578,45.366692],[-111.265025,45.366966],[-111.264669,45.36692],[-111.26441,45.366737],[-111.263794,45.366484],[-111.263697,45.366233],[-111.264671,45.365937]]]}},{"id":"94","type":"Feature","properties":{"waterway":"unknown","natural":"water","base_elevation":695},"geometry":{"type":"Polygon","coordinates":[[[-111.247595,45.37539],[-111.247401,45.375962],[-111.247533,45.376854],[-111.247404,45.377425],[-111.246953,45.378615],[-111.246694,45.378798],[-111.246014,45.379416],[-111.246015,45.379987],[-111.245821,45.380376],[-111.245238,45.380697],[-111.244848,45.380629],[-111.244588,45.380012],[-111.244327,45.379555],[-111.244163,45.378869],[-111.243773,45.378138],[-111.243901,45.377497],[-111.243932,45.376674],[-111.244191,45.376331],[-111.244449,45.375737],[-111.244805,45.375393],[-111.245356,45.375073],[-111.245712,45.37466],[-111.246327,45.374248],[-111.246617,45.373334],[-111.247329,45.372395],[-111.24801,45.372349],[-111.248237,45.372554],[-111.248012,45.373195],[-111.248013,45.374041],[-111.247853,45.37459],[-111.247854,45.375024],[-111.247595,45.37539]]]}},{"id":"95","type":"Feature","properties":{"waterway":"unknown","natural":"water","base_elevation":1103},"geometry":{"type":"Polygon","coordinates":[[[-111.264293,45.376591],[-111.263514,45.376887],[-111.2628,45.376932],[-111.262509,45.376772],[-111.262574,45.376406],[-111.263223,45.376178],[-111.263742,45.376224],[-111.264067,45.376202],[-111.264294,45.376453],[-111.264293,45.376591]]]}},{"id":"96","type":"Feature","properties":{"waterway":"unknown","natural":"water","base_elevation":1255},"geometry":{"type":"Polygon","coordinates":[[[-111.311961,45.414466],[-111.312836,45.414259],[-111.312868,45.414327],[-111.313085,45.41452],[-111.313152,45.414699],[-111.313098,45.414795],[-111.312731,45.414999],[-111.312473,45.415078],[-111.312286,45.415098],[-111.312138,45.415044],[-111.312077,45.414825],[-111.311921,45.414628],[-111.311725,45.414609],[-111.311803,45.414522],[-111.311961,45.414466]],[[-111.312731,45.414432],[-111.312632,45.414391],[-111.312503,45.414407],[-111.312245,45.414504],[-111.312229,45.414541],[-111.312742,45.414487],[-111.312731,45.414432]]]}},{"id":"97","type":"Feature","properties":{"waterway":"stream","natural":null,"base_elevation":987},"geometry":{"type":"LineString","coordinates":[[-111.377869,45.391665],[-111.37774,45.391848],[-111.37735,45.392054],[-111.376961,45.392374],[-111.376766,45.39306],[-111.376117,45.393929],[-111.375793,45.394455],[-111.375598,45.394775],[-111.375014,45.395049],[-111.37443,45.396421],[-111.373716,45.396947],[-111.373067,45.397678],[-111.37284,45.398204],[-111.373002,45.398753],[-111.37284,45.398959],[-111.372904,45.399599],[-111.373359,45.400308]]}},{"id":"98","type":"Feature","properties":{"waterway":"stream","natural":null,"base_elevation":148},"geometry":{"type":"LineString","coordinates":[[-111.586544,45.436652],[-111.587421,45.436447],[-111.587745,45.436287],[-111.588655,45.435762],[-111.5895,45.435122],[-111.590409,45.434116],[-111.591287,45.431967],[-111.59119,45.431487],[-111.591028,45.431327],[-111.591126,45.430961],[-111.591418,45.430641],[-111.592035,45.430367],[-111.594276,45.429979],[-111.595542,45.429682],[-111.596484,45.428745],[-111.597621,45.42767],[-111.598823,45.427236],[-111.600804,45.426894],[-111.601713,45.426665],[-111.603889,45.425774],[-111.608597,45.422986],[-111.610156,45.421751],[-111.611325,45.42102],[-111.612104,45.420791],[-111.61402,45.420448],[-111.617688,45.420106],[-111.618727,45.420152],[-111.620675,45.419831],[-111.621714,45.419511],[-111.624019,45.41926],[-111.625804,45.41894],[-111.626356,45.418848],[-111.627071,45.418528],[-111.628499,45.41814],[-111.629343,45.41814],[-111.629927,45.4183],[-111.632817,45.418734],[-111.634927,45.418756],[-111.635966,45.418619],[-111.638433,45.417864],[-111.639114,45.416904],[-111.639536,45.416561],[-111.641484,45.415738],[-111.643236,45.414869],[-111.643918,45.414297],[-111.646579,45.41281]]}},{"id":"99","type":"Feature","properties":{"waterway":"stream","natural":null,"base_elevation":110},"geometry":{"type":"LineString","coordinates":[[-111.602095,45.361849],[-111.602387,45.362101],[-111.602743,45.362444],[-111.602776,45.362878],[-111.6031,45.363175],[-111.604365,45.363724],[-111.607024,45.364868],[-111.608191,45.365005],[-111.609229,45.365371],[-111.609521,45.365417],[-111.61004,45.365623],[-111.610364,45.365623],[-111.610721,45.365851],[-111.611467,45.365852],[-111.611661,45.366034],[-111.61231,45.366309],[-111.613543,45.366309],[-111.614094,45.366423],[-111.614905,45.367567],[-111.615071,45.367697],[-111.615488,45.368024],[-111.61698,45.368093],[-111.617272,45.368367],[-111.617759,45.368504],[-111.618537,45.369053],[-111.619153,45.369122],[-111.61951,45.36935],[-111.620224,45.36967],[-111.621132,45.369808],[-111.621391,45.369945],[-111.621748,45.370173],[-111.622267,45.370311],[-111.623013,45.370745],[-111.623824,45.370654],[-111.62444,45.370722],[-111.624732,45.371065],[-111.625316,45.371454],[-111.625803,45.371591],[-111.625965,45.371659],[-111.627035,45.371842],[-111.627587,45.372071],[-111.627976,45.372368],[-111.62856,45.37246],[-111.630506,45.373671],[-111.632226,45.374174],[-111.632842,45.374517],[-111.633069,45.374929],[-111.634562,45.375866],[-111.635081,45.375866],[-111.637124,45.376117],[-111.638422,45.376483],[-111.640109,45.377443],[-111.640434,45.377465],[-111.640758,45.377671],[-111.641018,45.377946],[-111.641375,45.377968],[-111.641796,45.378128],[-111.642251,45.378814],[-111.642478,45.378951],[-111.643029,45.37902],[-111.644197,45.378905],[-111.644554,45.379065],[-111.644976,45.379385],[-111.645787,45.380071],[-111.64728,45.380231],[-111.647377,45.380414],[-111.648318,45.380756],[-111.649356,45.380893],[-111.649973,45.381076],[-111.65166,45.380824],[-111.652309,45.381007],[-111.652665,45.380892],[-111.654255,45.380961],[-111.654937,45.381212],[-111.655683,45.381372],[-111.657727,45.381097]]}},{"id":"100","type":"Feature","properties":{"waterway":"stream","natural":null,"base_elevation":300},"geometry":{"type":"LineString","coordinates":[[-111.597909,45.169624],[-111.598005,45.170059]]}},{"id":"101","type":"Feature","properties":{"waterway":"stream","natural":null,"base_elevation":766},"geometry":{"type":"LineString","coordinates":[[-111.406363,45.339807],[-111.406947,45.339464],[-111.407271,45.338892],[-111.408534,45.337954],[-111.408794,45.337657],[-111.409506,45.336148],[-111.410024,45.335736],[-111.410931,45.334821],[-111.41145,45.33441],[-111.412811,45.333609],[-111.414237,45.33338],[-111.416247,45.333242],[-111.416797,45.332922],[-111.417057,45.332647],[-111.417736,45.331481],[-111.419486,45.330566],[-111.420166,45.329834],[-111.420717,45.329399],[-111.421495,45.329147],[-111.423342,45.328735],[-111.425578,45.328643],[-111.426486,45.328368],[-111.426842,45.32807]]}},{"id":"102","type":"Feature","properties":{"waterway":"stream","natural":null,"base_elevation":241},"geometry":{"type":"LineString","coordinates":[[-111.596726,45.332492],[-111.5988,45.334047],[-111.598929,45.334481],[-111.599026,45.335099]]}},{"id":"103","type":"Feature","properties":{"waterway":"stream","natural":null,"base_elevation":614},"geometry":{"type":"LineString","coordinates":[[-111.5461,45.281048],[-111.54691,45.280912],[-111.547492,45.281027],[-111.548172,45.281599],[-111.548916,45.282033],[-111.549434,45.28208],[-111.551732,45.283224],[-111.553027,45.283431]]}},{"id":"104","type":"Feature","properties":{"waterway":"stream","natural":null,"base_elevation":286},"geometry":{"type":"LineString","coordinates":[[-111.592062,45.324923],[-111.592289,45.325357]]}},{"id":"105","type":"Feature","properties":{"waterway":"stream","natural":null,"base_elevation":168},"geometry":{"type":"LineString","coordinates":[[-111.614643,45.378244],[-111.613443,45.378769],[-111.612307,45.378792],[-111.610231,45.379226],[-111.608901,45.379775],[-111.608025,45.379706],[-111.605884,45.380209],[-111.605235,45.380254],[-111.604651,45.380049],[-111.602315,45.379385],[-111.601731,45.379408],[-111.600985,45.379705],[-111.599752,45.37975],[-111.598876,45.379567],[-111.598455,45.37959],[-111.595664,45.380344],[-111.593004,45.380572],[-111.589273,45.379999]]}},{"id":"106","type":"Feature","properties":{"waterway":"stream","natural":null,"base_elevation":838},"geometry":{"type":"LineString","coordinates":[[-111.494229,45.157219],[-111.494584,45.15683],[-111.495262,45.156715],[-111.495908,45.156395],[-111.497684,45.155867],[-111.499429,45.155773],[-111.500785,45.155475],[-111.500842,45.155477],[-111.501811,45.15573],[-111.503201,45.155502],[-111.503784,45.155114],[-111.50414,45.154543],[-111.505013,45.15427],[-111.506372,45.153608],[-111.507535,45.153769],[-111.509698,45.154457],[-111.510377,45.154458],[-111.51183,45.154848]]}},{"id":"107","type":"Feature","properties":{"waterway":"stream","natural":null,"base_elevation":659},"geometry":{"type":"LineString","coordinates":[[-111.489443,45.30239],[-111.48931,45.303054],[-111.489146,45.304183],[-111.48919,45.304796],[-111.489126,45.305185],[-111.488932,45.305391]]}},{"id":"108","type":"Feature","properties":{"waterway":"stream","natural":null,"base_elevation":632},"geometry":{"type":"LineString","coordinates":[[-111.2628,45.376932],[-111.262735,45.377206],[-111.262052,45.377777],[-111.260104,45.378781],[-111.259325,45.378986],[-111.258935,45.37926],[-111.257993,45.37974],[-111.257214,45.379899],[-111.255524,45.38168],[-111.255133,45.382457],[-111.254967,45.383989],[-111.254512,45.384469],[-111.253927,45.38472],[-111.253212,45.385359],[-111.252496,45.386547],[-111.251096,45.388558],[-111.250803,45.388762],[-111.249378,45.389975],[-111.248503,45.390502],[-111.247986,45.391257],[-111.247532,45.391646],[-111.246917,45.39199],[-111.245913,45.392951],[-111.24533,45.393409],[-111.243319,45.394006],[-111.242573,45.394372],[-111.241084,45.395929],[-111.240695,45.396158],[-111.239592,45.396502],[-111.23745,45.396458],[-111.236639,45.396527],[-111.23638,45.396733],[-111.236023,45.396757],[-111.234136,45.395938],[-111.233814,45.395798]]}},{"id":"109","type":"Feature","properties":{"waterway":"stream","natural":null,"base_elevation":554},"geometry":{"type":"LineString","coordinates":[[-111.464342,45.18066],[-111.464794,45.180156],[-111.465051,45.17963],[-111.465083,45.178921],[-111.466244,45.17748],[-111.466792,45.176542],[-111.466695,45.176291],[-111.466984,45.17533],[-111.467207,45.173066],[-111.467336,45.172883],[-111.467496,45.172015],[-111.467818,45.171306],[-111.468658,45.171213],[-111.469466,45.171258],[-111.470727,45.171486],[-111.473346,45.171621],[-111.475448,45.172328],[-111.477193,45.172121],[-111.478422,45.172417],[-111.479198,45.172507],[-111.480298,45.172918],[-111.480848,45.173055],[-111.481527,45.173077],[-111.484404,45.173508],[-111.487378,45.173483],[-111.489966,45.174212],[-111.491907,45.175376],[-111.494656,45.175739],[-111.495077,45.175876],[-111.496176,45.176057],[-111.496629,45.176217],[-111.497243,45.176308],[-111.500799,45.17603],[-111.501606,45.175987],[-111.501705,45.176003],[-111.50445,45.176447],[-111.506712,45.176976],[-111.507293,45.17725],[-111.50933,45.177344],[-111.51101,45.177368],[-111.512434,45.177027],[-111.513501,45.176571],[-111.514181,45.175885],[-111.514505,45.175474],[-111.516317,45.174904],[-111.517384,45.174677],[-111.519616,45.173627],[-111.520166,45.173536],[-111.521523,45.173743],[-111.522364,45.173584],[-111.523076,45.173196],[-111.527021,45.172147],[-111.527159,45.172126],[-111.528217,45.171965],[-111.528667,45.171966],[-111.528832,45.171966],[-111.529055,45.172003],[-111.530221,45.172196],[-111.530964,45.172425],[-111.531449,45.172425],[-111.532035,45.172506],[-111.532612,45.172586]]}},{"id":"110","type":"Feature","properties":{"waterway":"stream","natural":null,"base_elevation":703},"geometry":{"type":"LineString","coordinates":[[-111.534583,45.293821],[-111.533451,45.292745],[-111.532708,45.291167],[-111.532809,45.288606],[-111.532842,45.288309],[-111.532359,45.286891],[-111.532198,45.285977],[-111.531488,45.284513],[-111.531489,45.284147],[-111.532561,45.282136],[-111.532724,45.281427],[-111.532369,45.280832]]}},{"id":"111","type":"Feature","properties":{"waterway":"stream","natural":null,"base_elevation":840},"geometry":{"type":"LineString","coordinates":[[-111.339842,45.386927],[-111.339938,45.387819],[-111.339451,45.388368],[-111.337796,45.389785],[-111.334841,45.391933],[-111.332555,45.393605],[-111.33075,45.394926],[-111.327958,45.397166],[-111.326691,45.398011],[-111.325977,45.398377],[-111.325457,45.398788],[-111.324808,45.39968],[-111.324515,45.400571]]}},{"id":"112","type":"Feature","properties":{"waterway":"river","natural":null,"base_elevation":361},"geometry":{"type":"LineString","coordinates":[[-111.201696,45.076835],[-111.202791,45.077041],[-111.203269,45.077131],[-111.204264,45.077207],[-111.204877,45.077526],[-111.205685,45.078006],[-111.20604,45.078417],[-111.206557,45.078783],[-111.207171,45.079468],[-111.207528,45.08036],[-111.207464,45.081091],[-111.207821,45.08212],[-111.207952,45.083766],[-111.20834,45.084338],[-111.20931,45.085023],[-111.210085,45.085891],[-111.21138,45.088017],[-111.212026,45.088725],[-111.212221,45.089228],[-111.212805,45.09156],[-111.213258,45.091994],[-111.21355,45.092771],[-111.213907,45.094142],[-111.214263,45.095057],[-111.214264,45.095605],[-111.214491,45.096474],[-111.2164,45.099079],[-111.217425,45.099937],[-111.21884,45.102114],[-111.219673,45.103088],[-111.21996,45.104175],[-111.221381,45.105927],[-111.221966,45.106888],[-111.221852,45.107479],[-111.221019,45.109302],[-111.221366,45.110711],[-111.222781,45.111741],[-111.222943,45.111947],[-111.223073,45.112289],[-111.223401,45.113372],[-111.222915,45.114073],[-111.223047,45.115007],[-111.223481,45.115615],[-111.223564,45.115924],[-111.223564,45.116336],[-111.223888,45.116884],[-111.224946,45.117899],[-111.225529,45.118478],[-111.226907,45.120326],[-111.226874,45.121001],[-111.227256,45.122163],[-111.22764,45.122963],[-111.228144,45.123376],[-111.228787,45.123793],[-111.22961,45.124563],[-111.230029,45.12593],[-111.230722,45.126541],[-111.232033,45.127238],[-111.232705,45.128212],[-111.234075,45.131141],[-111.23442,45.131949],[-111.23488,45.133293],[-111.2348,45.135002],[-111.235546,45.137257],[-111.236041,45.137841],[-111.236326,45.138566],[-111.236656,45.139897],[-111.237628,45.140651],[-111.239484,45.140912],[-111.240417,45.141324],[-111.241376,45.14262],[-111.242335,45.142942],[-111.242981,45.143726],[-111.243677,45.144966],[-111.244551,45.145445],[-111.245384,45.146004],[-111.245714,45.146915],[-111.245462,45.148531],[-111.245303,45.149537],[-111.244885,45.150544],[-111.244789,45.151001],[-111.245115,45.15267],[-111.244795,45.153905],[-111.244699,45.154591],[-111.244474,45.155026],[-111.244508,45.155712],[-111.244799,45.15594],[-111.245156,45.156854],[-111.245367,45.157104],[-111.245673,45.15726],[-111.246379,45.157666],[-111.247136,45.158178],[-111.247725,45.158707],[-111.248608,45.159964],[-111.248727,45.160943],[-111.248665,45.161851],[-111.248052,45.162655],[-111.247124,45.163129],[-111.245688,45.163804],[-111.244495,45.165155],[-111.243914,45.165498],[-111.243333,45.165773],[-111.242032,45.166722],[-111.241623,45.167467],[-111.241302,45.168588],[-111.241408,45.168973],[-111.241779,45.169421],[-111.242425,45.170048],[-111.243084,45.170619],[-111.243219,45.170916],[-111.243299,45.171235],[-111.243237,45.171616],[-111.243111,45.171974],[-111.24294,45.172212],[-111.242439,45.172621],[-111.24218,45.172948],[-111.242079,45.173299],[-111.242108,45.173778],[-111.242224,45.174285],[-111.242596,45.174995],[-111.242661,45.175465],[-111.242585,45.176037],[-111.242268,45.176984],[-111.242071,45.177672],[-111.24184,45.178106],[-111.241562,45.178418],[-111.241326,45.178596],[-111.240877,45.178858],[-111.240121,45.179267],[-111.239732,45.179561],[-111.239431,45.179927],[-111.239219,45.180595],[-111.239187,45.181193],[-111.239187,45.181846],[-111.239076,45.182361],[-111.238808,45.182787],[-111.238429,45.183229],[-111.238044,45.183538],[-111.236887,45.184262],[-111.236327,45.18461],[-111.236089,45.184832],[-111.235959,45.185248],[-111.235715,45.187868],[-111.235023,45.188947],[-111.234965,45.189423],[-111.235072,45.189766],[-111.235825,45.190428],[-111.236141,45.190634],[-111.236854,45.191228],[-111.237144,45.191615],[-111.23724,45.191872],[-111.237147,45.192302],[-111.236824,45.192783],[-111.236507,45.193393],[-111.236453,45.193503],[-111.236146,45.193964],[-111.236023,45.194083],[-111.2359,45.194202],[-111.235629,45.194412],[-111.235553,45.194632],[-111.235553,45.194848],[-111.235559,45.195159],[-111.235478,45.195437],[-111.235461,45.195695],[-111.235518,45.196098],[-111.235761,45.196358],[-111.236011,45.196442],[-111.236379,45.196533],[-111.236649,45.196743],[-111.236694,45.196978],[-111.236684,45.197666],[-111.23704,45.19836],[-111.23784,45.199595],[-111.238475,45.200428],[-111.238393,45.201309],[-111.238783,45.202018],[-111.239658,45.202749],[-111.240825,45.204211],[-111.24102,45.204691],[-111.241575,45.207388],[-111.241996,45.207799],[-111.243292,45.208621],[-111.243584,45.208941],[-111.244201,45.210198],[-111.244622,45.210609],[-111.24527,45.211088],[-111.246306,45.211339],[-111.246632,45.212596],[-111.246503,45.212825],[-111.245889,45.213123],[-111.245566,45.213512],[-111.245567,45.213717],[-111.245735,45.214546],[-111.245884,45.214732],[-111.24604,45.214813],[-111.246473,45.214979],[-111.246573,45.215057],[-111.246602,45.215138],[-111.246575,45.215261],[-111.246438,45.215455],[-111.246103,45.215857],[-111.245925,45.216141],[-111.245902,45.216275],[-111.245969,45.216533],[-111.246031,45.216904],[-111.246037,45.217167],[-111.245848,45.217815],[-111.2459,45.217986],[-111.246024,45.218191],[-111.246096,45.218404],[-111.24611,45.218582],[-111.246,45.218973],[-111.24596,45.219335],[-111.245974,45.219542],[-111.246082,45.219774],[-111.246761,45.220718],[-111.247078,45.221112],[-111.24722,45.221432],[-111.247286,45.221875],[-111.247405,45.22237],[-111.247633,45.222934],[-111.247888,45.223383],[-111.248219,45.223877],[-111.248505,45.224146],[-111.248747,45.224311],[-111.249229,45.224524],[-111.249385,45.224692],[-111.249463,45.224902],[-111.249468,45.225132],[-111.249367,45.226072],[-111.249339,45.226349],[-111.249301,45.226594],[-111.249322,45.227009],[-111.249432,45.227736],[-111.249413,45.227913],[-111.249311,45.22827],[-111.249132,45.228547],[-111.248959,45.228779],[-111.248567,45.229159],[-111.248435,45.229346],[-111.248279,45.229582],[-111.248097,45.229739],[-111.247848,45.22986],[-111.247599,45.229909],[-111.247209,45.22993],[-111.246657,45.230009],[-111.246443,45.230115],[-111.246341,45.230227],[-111.246217,45.23037],[-111.246117,45.230571],[-111.246078,45.230808],[-111.24609,45.231085],[-111.246191,45.231306],[-111.246354,45.231539],[-111.246611,45.23176],[-111.247167,45.232071],[-111.24758,45.232242],[-111.247985,45.23237],[-111.248139,45.232483],[-111.248196,45.23259],[-111.248198,45.232697],[-111.248212,45.232888],[-111.24816,45.233115],[-111.248067,45.233262],[-111.247603,45.233647],[-111.24745,45.233821],[-111.247419,45.234034],[-111.247455,45.234205],[-111.247536,45.234351],[-111.247942,45.234807],[-111.248067,45.235012],[-111.248081,45.23517],[-111.248054,45.235385],[-111.247919,45.235769],[-111.247762,45.236114],[-111.247553,45.237041],[-111.247431,45.237304],[-111.247255,45.237552],[-111.247046,45.237845],[-111.24701,45.238066],[-111.247074,45.23841],[-111.247154,45.238842],[-111.247292,45.239202],[-111.247418,45.239464],[-111.247727,45.23984],[-111.248156,45.240231],[-111.248522,45.240496],[-111.24903,45.240716],[-111.24943,45.240925],[-111.249539,45.241056],[-111.249564,45.2413],[-111.249467,45.241617],[-111.249275,45.241876],[-111.249023,45.242055],[-111.248749,45.242251],[-111.248578,45.242424],[-111.248493,45.24266],[-111.248476,45.242993],[-111.248323,45.243454],[-111.248038,45.244049],[-111.247907,45.244553],[-111.247938,45.244877],[-111.248115,45.24523],[-111.248163,45.245405],[-111.248109,45.245615],[-111.247866,45.246013],[-111.247769,45.246313],[-111.247847,45.246664],[-111.248001,45.246875],[-111.248422,45.247297],[-111.249072,45.247897],[-111.249586,45.248403],[-111.249887,45.248765],[-111.250098,45.249089],[-111.250135,45.249417],[-111.250111,45.249709],[-111.249938,45.25018],[-111.249892,45.25029],[-111.249782,45.250539],[-111.249651,45.251041],[-111.249644,45.251432],[-111.249676,45.251712],[-111.249877,45.252277],[-111.250144,45.253054],[-111.250113,45.253285],[-111.250054,45.25351],[-111.249848,45.253806],[-111.24942,45.254164],[-111.249186,45.254466],[-111.249012,45.254839],[-111.248925,45.255199],[-111.248993,45.255687],[-111.248937,45.256158],[-111.249018,45.256408],[-111.249127,45.256541],[-111.249313,45.256709],[-111.249874,45.257318],[-111.250146,45.257737],[-111.250414,45.258284],[-111.250398,45.258566],[-111.250343,45.258718],[-111.250122,45.258984],[-111.249874,45.259355],[-111.249825,45.259534],[-111.249902,45.259712],[-111.250316,45.260245],[-111.250882,45.261041],[-111.251488,45.261648],[-111.252425,45.262268],[-111.252506,45.262323],[-111.253103,45.262792],[-111.253275,45.262967],[-111.2533,45.263236],[-111.253199,45.263433],[-111.253044,45.263596],[-111.252968,45.263673],[-111.252938,45.26379],[-111.252937,45.263965],[-111.252936,45.264296],[-111.252822,45.26487],[-111.252753,45.265062],[-111.252632,45.265224],[-111.252462,45.265344]]}},{"id":"113","type":"Feature","properties":{"waterway":"stream","natural":null,"base_elevation":542},"geometry":{"type":"LineString","coordinates":[[-111.296605,45.166081],[-111.294763,45.166308],[-111.293922,45.166331],[-111.291078,45.166557],[-111.290496,45.166557],[-111.289849,45.166694],[-111.289008,45.167105],[-111.287586,45.167401],[-111.286584,45.167469],[-111.285614,45.167262],[-111.285065,45.167399],[-111.283642,45.167924],[-111.282995,45.167992],[-111.28209,45.167808],[-111.279602,45.167532],[-111.278988,45.167325],[-111.277761,45.166616],[-111.276211,45.166225],[-111.275758,45.165974],[-111.275404,45.165356],[-111.275083,45.163847],[-111.274794,45.163069],[-111.274246,45.162405],[-111.273504,45.161673],[-111.272956,45.160872],[-111.272892,45.160072],[-111.272958,45.15966],[-111.273411,45.159158],[-111.273896,45.158953],[-111.274253,45.15829],[-111.274577,45.15797],[-111.274674,45.157398],[-111.274289,45.155912]]}},{"id":"114","type":"Feature","properties":{"waterway":"stream","natural":null,"base_elevation":163},"geometry":{"type":"LineString","coordinates":[[-111.587974,45.382834],[-111.588558,45.383085],[-111.589077,45.383086],[-111.58979,45.383406],[-111.59018,45.38368],[-111.591802,45.383955],[-111.592288,45.383978],[-111.594948,45.385008],[-111.597446,45.385306],[-111.600074,45.385123],[-111.600658,45.385123],[-111.601145,45.385306],[-111.602962,45.385238],[-111.604779,45.38501],[-111.605266,45.384964],[-111.605493,45.384827],[-111.606012,45.384896],[-111.606693,45.385079],[-111.607504,45.385033],[-111.607861,45.385033],[-111.608543,45.38469],[-111.610781,45.383959],[-111.611852,45.383776],[-111.612761,45.383456],[-111.613961,45.383182],[-111.614675,45.383136],[-111.615486,45.382862],[-111.615973,45.382359],[-111.617011,45.382108]]}},{"id":"115","type":"Feature","properties":{"waterway":"stream","natural":null,"base_elevation":866},"geometry":{"type":"LineString","coordinates":[[-111.517555,45.23945],[-111.51791,45.240068],[-111.518459,45.240777],[-111.51904,45.241258],[-111.519394,45.24231],[-111.519685,45.24263],[-111.519943,45.243065],[-111.520072,45.243591],[-111.520556,45.244369],[-111.520975,45.245421],[-111.520974,45.245924],[-111.520713,45.246701],[-111.52042,45.247684],[-111.520549,45.248301],[-111.520871,45.249399],[-111.520837,45.249925],[-111.520763,45.252014],[-111.52021,45.253546],[-111.519204,45.254779],[-111.518944,45.255396],[-111.518683,45.256494],[-111.518292,45.257636],[-111.518226,45.258185],[-111.518322,45.258688],[-111.518192,45.259008],[-111.5179,45.259396],[-111.513588,45.26289],[-111.513554,45.263691],[-111.512579,45.265633],[-111.512383,45.266296],[-111.511344,45.267895],[-111.510955,45.268192],[-111.50901,45.26899],[-111.508297,45.269196],[-111.505932,45.270153],[-111.505284,45.270518],[-111.504505,45.271318]]}},{"id":"116","type":"Feature","properties":{"waterway":"stream","natural":null,"base_elevation":544},"geometry":{"type":"LineString","coordinates":[[-111.586552,45.27732],[-111.586487,45.277594],[-111.586907,45.279606],[-111.586841,45.280543],[-111.587262,45.281298],[-111.587131,45.283379],[-111.58781,45.285094],[-111.587938,45.28658],[-111.587743,45.287769],[-111.588001,45.290169],[-111.58826,45.290512],[-111.588745,45.290855],[-111.589069,45.291381],[-111.589166,45.291907],[-111.590396,45.293188]]}},{"id":"117","type":"Feature","properties":{"waterway":"stream","natural":null,"base_elevation":1020},"geometry":{"type":"LineString","coordinates":[[-111.510086,45.21978],[-111.509117,45.218888],[-111.50802,45.217332],[-111.507827,45.21676],[-111.507182,45.216142],[-111.506471,45.215753],[-111.505922,45.215043],[-111.505762,45.214563],[-111.506609,45.211363],[-111.507096,45.21054],[-111.506968,45.2099],[-111.506742,45.209671],[-111.505546,45.209373],[-111.504868,45.208617],[-111.504292,45.207717],[-111.503901,45.207107]]}},{"id":"118","type":"Feature","properties":{"waterway":"stream","natural":null,"base_elevation":1248},"geometry":{"type":"LineString","coordinates":[[-111.431278,45.279135],[-111.431122,45.27905]]}},{"id":"119","type":"Feature","properties":{"waterway":"stream","natural":null,"base_elevation":374},"geometry":{"type":"LineString","coordinates":[[-111.532612,45.172586],[-111.534423,45.172542],[-111.535586,45.172863],[-111.536006,45.173092],[-111.536361,45.173115],[-111.53717,45.172956],[-111.538592,45.173071],[-111.539238,45.1733],[-111.540078,45.173415],[-111.540498,45.173575],[-111.541435,45.173599],[-111.542599,45.173485],[-111.545607,45.172596],[-111.545638,45.172582],[-111.547547,45.171728],[-111.549649,45.171044],[-111.550717,45.170381],[-111.551396,45.169833],[-111.552334,45.169514],[-111.552604,45.169117],[-111.552974,45.168573],[-111.553167,45.168555],[-111.553389,45.168506],[-111.553556,45.16841],[-111.553821,45.168243],[-111.554012,45.168174],[-111.554103,45.168149],[-111.554259,45.168073],[-111.554462,45.167901],[-111.554559,45.167837],[-111.554672,45.167823],[-111.555277,45.167961],[-111.555762,45.167755],[-111.556086,45.167458],[-111.556442,45.166887],[-111.557509,45.166156],[-111.558221,45.165699],[-111.559806,45.165014],[-111.560679,45.164694],[-111.561228,45.164237],[-111.562522,45.163575],[-111.562878,45.163209],[-111.564301,45.162433]]}},{"id":"120","type":"Feature","properties":{"waterway":"stream","natural":null,"base_elevation":460},"geometry":{"type":"LineString","coordinates":[[-111.316246,45.299693],[-111.314853,45.299578],[-111.312391,45.299257],[-111.311355,45.298776],[-111.309898,45.297815],[-111.309315,45.297769],[-111.308765,45.297494],[-111.307955,45.297265],[-111.307177,45.297287],[-111.306724,45.29699],[-111.306628,45.296601],[-111.307049,45.296236],[-111.307406,45.29603],[-111.308152,45.29539],[-111.308735,45.295139],[-111.309221,45.294819],[-111.31013,45.293814],[-111.311038,45.292351],[-111.311331,45.291345],[-111.312337,45.289357],[-111.31318,45.288534],[-111.311821,45.287482],[-111.311628,45.286727],[-111.311985,45.285218],[-111.312051,45.284692],[-111.311825,45.283938],[-111.310759,45.281742],[-111.309659,45.280233],[-111.308885,45.278083],[-111.308368,45.277122],[-111.308207,45.275933],[-111.308596,45.27511],[-111.308662,45.274585],[-111.308631,45.273906],[-111.309376,45.272756],[-111.309615,45.271818],[-111.309158,45.271307],[-111.308196,45.270722],[-111.307528,45.270217],[-111.307263,45.269997],[-111.306936,45.269852],[-111.306622,45.269707]]}},{"id":"121","type":"Feature","properties":{"waterway":"stream","natural":null,"base_elevation":291},"geometry":{"type":"LineString","coordinates":[[-111.604253,45.313425],[-111.604933,45.314226],[-111.605095,45.3145],[-111.605678,45.314889],[-111.606326,45.315849],[-111.606714,45.31665],[-111.607524,45.31761],[-111.607524,45.317884],[-111.607945,45.318639],[-111.608107,45.319119],[-111.608075,45.319508],[-111.608399,45.319988],[-111.609565,45.320239],[-111.611088,45.320491],[-111.614588,45.320446],[-111.615172,45.320514]]}},{"id":"122","type":"Feature","properties":{"waterway":"stream","natural":null,"base_elevation":818},"geometry":{"type":"LineString","coordinates":[[-111.442183,45.253664],[-111.441633,45.253825],[-111.440661,45.253688],[-111.439139,45.253095],[-111.438298,45.252912],[-111.437035,45.252776],[-111.435611,45.253096],[-111.435028,45.253165],[-111.433572,45.252846],[-111.4315,45.252984]]}},{"id":"123","type":"Feature","properties":{"waterway":"river","natural":null,"base_elevation":354},"geometry":{"type":"LineString","coordinates":[[-111.252462,45.265344],[-111.251783,45.265651],[-111.250906,45.265894],[-111.250032,45.26613],[-111.249276,45.266279],[-111.248074,45.266483],[-111.246916,45.266993],[-111.245764,45.267338],[-111.245418,45.26752],[-111.244468,45.268007],[-111.243894,45.268854],[-111.24357,45.269567],[-111.243222,45.269979],[-111.242785,45.270598],[-111.242152,45.271278],[-111.24182,45.271439],[-111.24135,45.27171],[-111.241053,45.272007],[-111.240942,45.272269],[-111.240642,45.272839],[-111.240282,45.273261],[-111.239637,45.273815],[-111.239284,45.273817],[-111.238496,45.273899],[-111.237573,45.274285],[-111.237208,45.274602],[-111.2362,45.275036],[-111.235943,45.275138],[-111.235138,45.275459],[-111.23446,45.275718],[-111.233287,45.276217],[-111.232765,45.276551],[-111.231733,45.277009],[-111.229692,45.277645],[-111.227983,45.278117],[-111.227259,45.278502],[-111.226866,45.278811],[-111.225862,45.279508],[-111.225289,45.280056],[-111.225101,45.280468],[-111.224987,45.281113],[-111.22532,45.281533],[-111.225546,45.281713],[-111.225807,45.281889],[-111.22584,45.281974],[-111.225835,45.282073],[-111.225781,45.2822],[-111.225644,45.282412],[-111.225499,45.282693],[-111.225515,45.283028],[-111.225503,45.283241],[-111.225443,45.28346],[-111.225342,45.283565],[-111.224873,45.283954],[-111.224481,45.284137],[-111.224029,45.284284],[-111.223616,45.2844],[-111.223331,45.284556],[-111.223152,45.284817],[-111.222842,45.285371],[-111.222501,45.286123],[-111.222369,45.286428],[-111.222118,45.286794],[-111.221952,45.287072],[-111.221905,45.287183],[-111.221956,45.287363],[-111.222354,45.287737],[-111.22243,45.287945],[-111.222413,45.28822],[-111.222322,45.28845],[-111.222172,45.288715],[-111.221882,45.288892],[-111.221448,45.288956],[-111.220868,45.288896],[-111.22045,45.288854],[-111.219891,45.288845],[-111.21944,45.288883],[-111.219049,45.288928],[-111.218621,45.289057],[-111.218117,45.289496],[-111.217965,45.289684],[-111.217867,45.289879],[-111.217779,45.290143],[-111.217755,45.290473],[-111.21783,45.290711],[-111.218017,45.291191],[-111.218083,45.291481],[-111.218009,45.291743],[-111.217776,45.292211],[-111.217488,45.292653],[-111.217286,45.292889],[-111.216948,45.293193],[-111.216775,45.293405],[-111.21664,45.293656],[-111.21664,45.293975],[-111.216731,45.294272],[-111.216802,45.295031],[-111.216944,45.295347],[-111.217167,45.295663],[-111.217387,45.295991],[-111.217661,45.296469],[-111.217806,45.296951],[-111.217809,45.297187],[-111.217664,45.297393],[-111.217323,45.297624],[-111.216809,45.297859],[-111.216403,45.297945],[-111.216086,45.297981],[-111.215681,45.297975],[-111.215096,45.2979],[-111.214538,45.297833],[-111.213872,45.297724],[-111.213203,45.297572],[-111.212676,45.297491],[-111.212152,45.297455],[-111.211419,45.297465],[-111.210006,45.297515],[-111.209714,45.297511]]}},{"id":"124","type":"Feature","properties":{"waterway":"stream","natural":null,"base_elevation":531},"geometry":{"type":"LineString","coordinates":[[-111.44411,45.321225],[-111.444661,45.321316],[-111.445893,45.321819],[-111.446477,45.322321],[-111.447028,45.322549],[-111.44719,45.322755],[-111.44758,45.322915],[-111.447969,45.323303],[-111.449008,45.324972],[-111.449755,45.325634],[-111.450209,45.326206],[-111.45089,45.326548],[-111.451799,45.327188],[-111.453064,45.327896],[-111.453907,45.328124],[-111.454879,45.328192],[-111.455658,45.328603],[-111.45663,45.328785],[-111.457214,45.328739],[-111.458252,45.329607],[-111.458804,45.329903],[-111.459387,45.329972]]}},{"id":"125","type":"Feature","properties":{"waterway":"stream","natural":null,"base_elevation":533},"geometry":{"type":"LineString","coordinates":[[-111.429776,45.345514],[-111.430943,45.345216],[-111.431688,45.34501],[-111.432304,45.344552],[-111.4336,45.34382],[-111.434508,45.343728],[-111.43535,45.343271],[-111.435869,45.343156],[-111.437587,45.342972],[-111.439046,45.343246],[-111.440214,45.343634],[-111.441576,45.34393],[-111.443554,45.344089],[-111.446763,45.343676],[-111.450524,45.343673],[-111.452275,45.343832],[-111.453167,45.343755],[-111.453604,45.343717],[-111.454998,45.343396],[-111.455484,45.343144],[-111.457882,45.342639],[-111.458563,45.342639],[-111.459731,45.342889],[-111.462001,45.343345],[-111.463233,45.343481],[-111.464011,45.343412],[-111.46427,45.34348],[-111.465081,45.343434],[-111.46534,45.343136],[-111.466377,45.342884],[-111.469002,45.342082],[-111.470071,45.341532],[-111.471076,45.341623]]}},{"id":"126","type":"Feature","properties":{"waterway":"stream","natural":null,"base_elevation":757},"geometry":{"type":"LineString","coordinates":[[-111.412397,45.344835],[-111.412624,45.344515],[-111.414049,45.343143],[-111.414503,45.342479],[-111.41434,45.341999],[-111.414016,45.341771],[-111.413983,45.341542],[-111.415182,45.34065],[-111.415571,45.340536],[-111.415928,45.340718],[-111.417776,45.340603],[-111.418392,45.340352],[-111.41972,45.338797],[-111.420918,45.337401],[-111.421469,45.337012],[-111.422052,45.337127],[-111.422798,45.336852],[-111.424224,45.336668],[-111.424937,45.336417],[-111.425909,45.335433],[-111.426913,45.334815],[-111.427075,45.334564],[-111.427301,45.333649],[-111.427397,45.3323],[-111.429211,45.330744],[-111.429437,45.330447],[-111.429891,45.330241],[-111.430409,45.329715],[-111.431057,45.329486],[-111.43164,45.329554]]}},{"id":"127","type":"Feature","properties":{"waterway":"stream","natural":null,"base_elevation":526},"geometry":{"type":"LineString","coordinates":[[-111.385767,45.285418],[-111.383597,45.284847],[-111.382074,45.284001],[-111.381459,45.283772],[-111.379742,45.283658],[-111.378822,45.283225],[-111.378576,45.283109],[-111.378188,45.283018],[-111.37754,45.282995],[-111.377054,45.282812],[-111.375791,45.282058],[-111.375694,45.282012],[-111.374593,45.28176],[-111.374301,45.2816],[-111.373848,45.281463],[-111.372585,45.281577],[-111.372067,45.28144],[-111.371052,45.280577],[-111.370906,45.280453],[-111.370754,45.280395],[-111.370632,45.280298],[-111.370497,45.280208],[-111.370383,45.280045],[-111.370068,45.279917],[-111.369754,45.279735],[-111.369589,45.279698],[-111.369335,45.279699],[-111.368917,45.27979],[-111.368278,45.279771],[-111.364456,45.279382],[-111.36193,45.279359],[-111.360926,45.279359],[-111.358951,45.278924],[-111.35649,45.277689],[-111.354223,45.276843],[-111.35173,45.275539],[-111.350338,45.275402],[-111.349269,45.275218],[-111.348913,45.274875],[-111.347715,45.274464],[-111.345385,45.272794],[-111.345191,45.272268],[-111.344479,45.271491],[-111.342925,45.270438],[-111.340788,45.269752],[-111.340562,45.269477]]}},{"id":"128","type":"Feature","properties":{"waterway":"stream","natural":null,"base_elevation":725},"geometry":{"type":"LineString","coordinates":[[-111.379516,45.264356],[-111.37796,45.264018],[-111.376536,45.264087],[-111.375791,45.264155],[-111.375597,45.264201],[-111.374366,45.265047],[-111.373654,45.265321],[-111.371776,45.265596],[-111.368377,45.26587],[-111.366822,45.266053],[-111.364276,45.265854],[-111.364133,45.265884]]}},{"id":"129","type":"Feature","properties":{"waterway":"stream","natural":null,"base_elevation":909},"geometry":{"type":"LineString","coordinates":[[-111.468241,45.411861],[-111.466847,45.412617],[-111.464933,45.413372],[-111.464186,45.41351],[-111.4637,45.413762],[-111.462922,45.414357],[-111.462696,45.41502],[-111.462599,45.415523],[-111.462731,45.416735],[-111.462569,45.417078],[-111.461661,45.417856],[-111.461403,45.418862],[-111.460755,45.419709],[-111.460043,45.42131],[-111.458941,45.422568],[-111.457515,45.424215],[-111.457127,45.425084],[-111.456901,45.426159],[-111.456545,45.426868],[-111.455766,45.427509],[-111.454436,45.428127],[-111.453852,45.428608],[-111.452424,45.428974],[-111.451808,45.429455],[-111.45051,45.430073],[-111.44733,45.431927],[-111.44652,45.432911],[-111.444086,45.434375],[-111.443859,45.434696],[-111.442887,45.43648],[-111.442207,45.437966],[-111.441851,45.439109],[-111.442274,45.439772],[-111.442502,45.440184],[-111.44325,45.441052],[-111.44338,45.441509],[-111.443121,45.442127],[-111.442797,45.44247],[-111.44205,45.442813],[-111.440817,45.443843],[-111.440591,45.444895],[-111.440299,45.445055],[-111.439584,45.445124],[-111.43913,45.44501],[-111.438578,45.445101],[-111.438058,45.445308],[-111.436825,45.446337],[-111.435754,45.446818],[-111.434163,45.447733],[-111.433352,45.448488],[-111.433093,45.449174],[-111.433126,45.449563],[-111.433516,45.450363],[-111.433582,45.45066],[-111.432998,45.451415]]}},{"id":"130","type":"Feature","properties":{"waterway":"river","natural":null,"base_elevation":377},"geometry":{"type":"LineString","coordinates":[[-111.4315,45.252984],[-111.431111,45.252847],[-111.430884,45.252116],[-111.430269,45.251773],[-111.428812,45.251248],[-111.428552,45.250791],[-111.427584,45.249938],[-111.427227,45.249595],[-111.426126,45.248978],[-111.425414,45.248407],[-111.424863,45.248224],[-111.423503,45.247447],[-111.422694,45.246831],[-111.421366,45.246122],[-111.42088,45.245642],[-111.420136,45.245391],[-111.420103,45.245208],[-111.419423,45.244477],[-111.418451,45.243791],[-111.414858,45.243015],[-111.41379,45.24265],[-111.412518,45.242723],[-111.411369,45.242652],[-111.410686,45.242617],[-111.409749,45.242625],[-111.408808,45.242462],[-111.40734,45.241975],[-111.407025,45.242149],[-111.406796,45.242328],[-111.406574,45.242297],[-111.406086,45.242018],[-111.40543,45.242217],[-111.405146,45.241815],[-111.404828,45.241632],[-111.404451,45.241766],[-111.403954,45.241453],[-111.403296,45.241321],[-111.402782,45.24139],[-111.402412,45.241697],[-111.402038,45.242023],[-111.401646,45.242016],[-111.401314,45.241748],[-111.400997,45.241642],[-111.40067,45.241673],[-111.399993,45.241228],[-111.399262,45.241618],[-111.398625,45.241403],[-111.397866,45.241625],[-111.397284,45.241648],[-111.396313,45.24142],[-111.395762,45.241191],[-111.395212,45.241169],[-111.393982,45.241443],[-111.392267,45.241032],[-111.390875,45.241009],[-111.389549,45.241307],[-111.388448,45.240941],[-111.387024,45.241216],[-111.385568,45.240736],[-111.384565,45.240507],[-111.384208,45.240347],[-111.382622,45.239021],[-111.381781,45.238518],[-111.380584,45.238084],[-111.378674,45.237832],[-111.377703,45.237718],[-111.37738,45.23781],[-111.376894,45.237787],[-111.37602,45.238038],[-111.375794,45.238038],[-111.374985,45.238061],[-111.374046,45.238015],[-111.372817,45.238084],[-111.372428,45.238153],[-111.371781,45.238084],[-111.370357,45.238313],[-111.369807,45.238198],[-111.368739,45.237695],[-111.367283,45.237421],[-111.366603,45.237467],[-111.365848,45.238118],[-111.36529,45.238316],[-111.36495,45.238193],[-111.364895,45.237728],[-111.364426,45.237646],[-111.363748,45.238138],[-111.362726,45.237928],[-111.362006,45.238076],[-111.36129,45.238031],[-111.360355,45.238234],[-111.3594,45.238139],[-111.358035,45.238026],[-111.357597,45.237912],[-111.356894,45.23819],[-111.355989,45.238184],[-111.355237,45.238353],[-111.354579,45.238251],[-111.353579,45.238185],[-111.35274,45.237878],[-111.352452,45.237553],[-111.352076,45.237432],[-111.351567,45.237579],[-111.350875,45.237922],[-111.350649,45.23799],[-111.350002,45.23799],[-111.349225,45.23831],[-111.348383,45.238081],[-111.347627,45.238096],[-111.347294,45.238154],[-111.347217,45.238814],[-111.346906,45.238941],[-111.345859,45.238332],[-111.344274,45.238309],[-111.343982,45.238469],[-111.343497,45.238309],[-111.34285,45.238286],[-111.341976,45.238514],[-111.34162,45.238811],[-111.341004,45.239085],[-111.340486,45.239725],[-111.339936,45.239931],[-111.338997,45.240114],[-111.338531,45.240244],[-111.33862,45.24058],[-111.338743,45.240852],[-111.338479,45.240983],[-111.337933,45.241104],[-111.337532,45.240998],[-111.336731,45.240913],[-111.335242,45.241461],[-111.33466,45.24185],[-111.334206,45.241941],[-111.333947,45.242055],[-111.333364,45.242535],[-111.331228,45.243152],[-111.328832,45.244088],[-111.328282,45.244431],[-111.32757,45.244499],[-111.327376,45.244385],[-111.326793,45.24443],[-111.326469,45.244339],[-111.325887,45.244453],[-111.324657,45.243904],[-111.323492,45.244452],[-111.32239,45.245435],[-111.321516,45.245869],[-111.320188,45.246805],[-111.319411,45.247102],[-111.317694,45.24877],[-111.3163,45.250015],[-111.316124,45.250116],[-111.315908,45.250167],[-111.315641,45.250185],[-111.315177,45.250112],[-111.314665,45.250031],[-111.314475,45.250043],[-111.31432,45.250104],[-111.314149,45.250231],[-111.313877,45.250562],[-111.313749,45.250642],[-111.313241,45.250843],[-111.312754,45.251087],[-111.312185,45.25154],[-111.31157,45.251768],[-111.310241,45.252682],[-111.307749,45.252863],[-111.306647,45.253526],[-111.306277,45.253644],[-111.306053,45.25394],[-111.306022,45.254117],[-111.305852,45.25432],[-111.305534,45.254453],[-111.305093,45.254475],[-111.304461,45.254577],[-111.304307,45.254675],[-111.304334,45.254901],[-111.304483,45.255286],[-111.30454,45.255925],[-111.303794,45.257411],[-111.303243,45.257502],[-111.302174,45.257936],[-111.301732,45.258038],[-111.301503,45.258172],[-111.301568,45.258572],[-111.301625,45.259162],[-111.301476,45.259415],[-111.301192,45.259526],[-111.300885,45.259504],[-111.300425,45.2594],[-111.300137,45.25945],[-111.299938,45.259649],[-111.299745,45.259847],[-111.29954,45.259994],[-111.299342,45.260114],[-111.299142,45.260173],[-111.298974,45.260126],[-111.298755,45.259994],[-111.298588,45.259858],[-111.298393,45.259761],[-111.298197,45.259721],[-111.298043,45.259762],[-111.297965,45.259897],[-111.29783,45.260114],[-111.297671,45.260265],[-111.297282,45.260585],[-111.297172,45.260823],[-111.296956,45.260961],[-111.296696,45.261052],[-111.296317,45.261046],[-111.296218,45.261022],[-111.29622,45.260899],[-111.296136,45.260805],[-111.295944,45.260773],[-111.295789,45.260795],[-111.295712,45.260889],[-111.295656,45.261072],[-111.295504,45.261326],[-111.295347,45.261578],[-111.295295,45.261756],[-111.295103,45.261851],[-111.294949,45.261898],[-111.294848,45.261879],[-111.294527,45.261927],[-111.294302,45.261988],[-111.294127,45.262095],[-111.29393,45.262326],[-111.29364,45.262802],[-111.293527,45.263228],[-111.293244,45.263452],[-111.292974,45.26353],[-111.292254,45.263469],[-111.292066,45.263477],[-111.292014,45.263569],[-111.291995,45.264186],[-111.291965,45.264438],[-111.29165,45.26489],[-111.291658,45.265479],[-111.291422,45.265817],[-111.291276,45.2658],[-111.290799,45.265486],[-111.290347,45.265275],[-111.289862,45.265313],[-111.289475,45.265476],[-111.289129,45.265714],[-111.289005,45.265781],[-111.288325,45.265554],[-111.287923,45.265511],[-111.287602,45.265872],[-111.287326,45.266319],[-111.287228,45.266323],[-111.286883,45.266198],[-111.286548,45.265943],[-111.286258,45.265721],[-111.285958,45.265546],[-111.285518,45.265413],[-111.284544,45.265112],[-111.284184,45.265024],[-111.283974,45.26502],[-111.283768,45.265061],[-111.283596,45.265162],[-111.283484,45.265273],[-111.28327,45.265525],[-111.283211,45.265719],[-111.283251,45.2659],[-111.283223,45.266016],[-111.282904,45.266176],[-111.282585,45.266139],[-111.282148,45.26629],[-111.281783,45.266527],[-111.281367,45.266633],[-111.280781,45.266678],[-111.280063,45.266538],[-111.279757,45.266514],[-111.279389,45.266614],[-111.279026,45.266725],[-111.278754,45.266777],[-111.278447,45.266779],[-111.277914,45.266834],[-111.277578,45.266709],[-111.277284,45.266554],[-111.277041,45.266418],[-111.27673,45.2663],[-111.276246,45.266289],[-111.275716,45.266307],[-111.27476,45.266243],[-111.274282,45.266259],[-111.273821,45.266334],[-111.273301,45.266509],[-111.272829,45.266613],[-111.272678,45.266794],[-111.272595,45.266944]]}},{"id":"131","type":"Feature","properties":{"waterway":"stream","natural":null,"base_elevation":361},"geometry":{"type":"LineString","coordinates":[[-111.604222,45.309836],[-111.603995,45.310545]]}},{"id":"132","type":"Feature","properties":{"waterway":"stream","natural":null,"base_elevation":1011},"geometry":{"type":"LineString","coordinates":[[-111.319617,45.33063],[-111.320652,45.332825],[-111.321526,45.334014],[-111.322628,45.334266],[-111.323373,45.334861],[-111.324346,45.334999],[-111.324832,45.335182],[-111.325674,45.335845],[-111.326679,45.336257],[-111.327586,45.337012],[-111.32778,45.337378],[-111.327909,45.338727],[-111.327713,45.339504],[-111.328232,45.340076],[-111.329592,45.341197],[-111.330176,45.341174],[-111.330565,45.341517],[-111.331018,45.342775],[-111.331309,45.343301],[-111.331309,45.34369],[-111.331503,45.34401],[-111.332022,45.344399],[-111.332183,45.344696],[-111.332118,45.346114],[-111.331371,45.347416],[-111.33137,45.348422]]}},{"id":"133","type":"Feature","properties":{"waterway":"stream","natural":null,"base_elevation":364},"geometry":{"type":"LineString","coordinates":[[-111.524182,45.368849],[-111.524442,45.368392],[-111.525967,45.367753],[-111.526227,45.367456],[-111.527429,45.366543],[-111.528175,45.366406],[-111.528662,45.366201],[-111.529573,45.364807],[-111.530222,45.364145],[-111.532365,45.363049],[-111.532721,45.363049],[-111.537459,45.361292],[-111.538433,45.36111],[-111.539114,45.360745],[-111.541158,45.360129],[-111.541677,45.359924]]}},{"id":"134","type":"Feature","properties":{"waterway":"stream","natural":null,"base_elevation":1203},"geometry":{"type":"LineString","coordinates":[[-111.538809,45.222526],[-111.539068,45.222778],[-111.541171,45.222665],[-111.542692,45.222391],[-111.54389,45.221821],[-111.545119,45.221776],[-111.546381,45.221639]]}},{"id":"135","type":"Feature","properties":{"waterway":"stream","natural":null,"base_elevation":334},"geometry":{"type":"LineString","coordinates":[[-111.513958,45.339368],[-111.514253,45.339818],[-111.514502,45.339947],[-111.514942,45.339958],[-111.515142,45.340058],[-111.516257,45.340552],[-111.516411,45.340688],[-111.516411,45.340972],[-111.517109,45.341628],[-111.517389,45.341796],[-111.51816,45.341846],[-111.518509,45.342009],[-111.518843,45.342351],[-111.519081,45.342513],[-111.519715,45.342623],[-111.520107,45.342716],[-111.520325,45.342893],[-111.520545,45.343147],[-111.520897,45.343264],[-111.521601,45.34325],[-111.521914,45.343422],[-111.522308,45.343758],[-111.522363,45.34406],[-111.522542,45.34418],[-111.523162,45.344221],[-111.523695,45.344375],[-111.524156,45.344831],[-111.524622,45.344946],[-111.524633,45.345015],[-111.524537,45.345218],[-111.52455,45.345268],[-111.524617,45.345296],[-111.524981,45.345441],[-111.526053,45.345514],[-111.526791,45.34579],[-111.526873,45.345829],[-111.527064,45.345959],[-111.527449,45.346124]]}},{"id":"136","type":"Feature","properties":{"waterway":"stream","natural":null,"base_elevation":1048},"geometry":{"type":"LineString","coordinates":[[-111.536333,45.21283],[-111.53601,45.212509],[-111.535881,45.212189],[-111.535915,45.21148],[-111.535173,45.209788],[-111.533979,45.208049],[-111.533204,45.207637],[-111.53259,45.207042],[-111.531782,45.206607],[-111.531395,45.206173]]}},{"id":"137","type":"Feature","properties":{"waterway":"stream","natural":null,"base_elevation":757},"geometry":{"type":"LineString","coordinates":[[-111.520975,45.295295],[-111.520554,45.294906],[-111.520361,45.29438],[-111.519585,45.293373],[-111.519295,45.292779],[-111.518907,45.292435],[-111.518389,45.292138],[-111.517969,45.291657],[-111.517421,45.290445],[-111.516871,45.28969],[-111.516548,45.289598],[-111.515027,45.288636],[-111.514478,45.288156],[-111.513993,45.287652],[-111.513607,45.28612],[-111.514029,45.285412],[-111.513934,45.284405],[-111.514324,45.283903],[-111.514325,45.283491],[-111.514422,45.283331],[-111.514941,45.28308],[-111.515329,45.283104],[-111.516042,45.282899],[-111.516659,45.282327],[-111.517015,45.282053],[-111.517211,45.281482]]}},{"id":"138","type":"Feature","properties":{"waterway":"stream","natural":null,"base_elevation":739},"geometry":{"type":"LineString","coordinates":[[-111.404861,45.190523],[-111.404732,45.191094],[-111.404669,45.192535],[-111.404313,45.193495],[-111.403182,45.194661],[-111.402342,45.195279],[-111.40176,45.195508],[-111.400822,45.195348],[-111.399981,45.195577],[-111.399399,45.196057],[-111.398591,45.197086],[-111.398171,45.197818],[-111.398301,45.198595],[-111.397784,45.200059],[-111.397784,45.200493],[-111.397946,45.200973],[-111.39785,45.202254],[-111.397268,45.203511],[-111.397139,45.204197],[-111.397269,45.205089],[-111.397237,45.205798],[-111.396913,45.206598],[-111.395168,45.209045],[-111.394909,45.209822],[-111.394361,45.212978],[-111.393909,45.215241],[-111.393812,45.216499],[-111.393586,45.218899],[-111.393564,45.218962],[-111.392843,45.221003],[-111.391646,45.222787],[-111.390676,45.223793],[-111.389318,45.224479],[-111.388897,45.224822],[-111.388315,45.225508],[-111.387247,45.22608],[-111.386406,45.226308],[-111.384821,45.22704],[-111.384465,45.227383]]}},{"id":"139","type":"Feature","properties":{"waterway":"stream","natural":null,"base_elevation":195},"geometry":{"type":"LineString","coordinates":[[-111.596724,45.33503],[-111.596562,45.335327],[-111.596659,45.336218],[-111.596432,45.336744],[-111.595815,45.33743],[-111.595653,45.337841],[-111.595912,45.339762],[-111.596332,45.34118],[-111.599054,45.344404],[-111.599735,45.344953],[-111.601712,45.346188],[-111.602879,45.34676],[-111.6045,45.347377],[-111.606381,45.347218],[-111.608974,45.347515]]}},{"id":"140","type":"Feature","properties":{"waterway":"stream","natural":null,"base_elevation":425},"geometry":{"type":"LineString","coordinates":[[-111.580282,45.303084],[-111.581092,45.303268],[-111.582064,45.303177],[-111.58242,45.303291],[-111.582938,45.303634],[-111.583586,45.303817],[-111.584299,45.303909],[-111.585108,45.304229],[-111.586534,45.304093],[-111.587279,45.304344],[-111.587635,45.304367],[-111.588186,45.30455]]}},{"id":"141","type":"Feature","properties":{"waterway":"river","natural":null,"base_elevation":388},"geometry":{"type":"LineString","coordinates":[[-111.320601,45.26645],[-111.319777,45.266131],[-111.31913,45.266108],[-111.318781,45.266145],[-111.318109,45.265696],[-111.317746,45.265411],[-111.317379,45.26522],[-111.317099,45.265093],[-111.316622,45.264959],[-111.316421,45.264931],[-111.316298,45.264874],[-111.316182,45.264718],[-111.316058,45.264653],[-111.315811,45.264633],[-111.315478,45.264567],[-111.315196,45.264393],[-111.315047,45.264389],[-111.31476,45.264411],[-111.314607,45.26446],[-111.314515,45.264508],[-111.314331,45.264562],[-111.313784,45.264738],[-111.313579,45.264775],[-111.313305,45.264781],[-111.313227,45.264768],[-111.313173,45.264741],[-111.313166,45.264712],[-111.31322,45.264613],[-111.313267,45.264508],[-111.313259,45.264478],[-111.313211,45.264454],[-111.313097,45.264435],[-111.312757,45.264418],[-111.312466,45.264435],[-111.312185,45.264474],[-111.312077,45.264468],[-111.311982,45.264417],[-111.311277,45.264109],[-111.311176,45.264086],[-111.311071,45.26407],[-111.310926,45.264097],[-111.310856,45.264154],[-111.310811,45.264215],[-111.310802,45.264283],[-111.310841,45.264355],[-111.310881,45.264389],[-111.310913,45.264478],[-111.31089,45.264528],[-111.310826,45.264578],[-111.310731,45.264627],[-111.310459,45.264635],[-111.310299,45.264649],[-111.31013,45.26471],[-111.309947,45.264798],[-111.309787,45.264966],[-111.30972,45.265076],[-111.309652,45.265112],[-111.309577,45.265127],[-111.309533,45.265103],[-111.309515,45.265052],[-111.309498,45.264921],[-111.30946,45.26489],[-111.309383,45.264888],[-111.30928,45.264896],[-111.309168,45.264963],[-111.30907,45.265068],[-111.308939,45.265427],[-111.308848,45.265491],[-111.308707,45.265554],[-111.308454,45.26562],[-111.308069,45.265658],[-111.307713,45.265635],[-111.307381,45.265643],[-111.307255,45.265688],[-111.3071,45.265743],[-111.306991,45.265846],[-111.306951,45.265915],[-111.306821,45.265969],[-111.30671,45.266001],[-111.306223,45.266103],[-111.305993,45.266137],[-111.305673,45.266133],[-111.30546,45.266133],[-111.305389,45.266138],[-111.305347,45.266177],[-111.305359,45.266223],[-111.305398,45.266253],[-111.305402,45.266284],[-111.305365,45.266342],[-111.305287,45.266423],[-111.305133,45.26648],[-111.304994,45.266487],[-111.304856,45.266426],[-111.304639,45.266347],[-111.30452,45.266327],[-111.304382,45.266324],[-111.304201,45.266352],[-111.303995,45.266384],[-111.303929,45.266387],[-111.303859,45.266377],[-111.303775,45.266351],[-111.3037,45.266335],[-111.303653,45.266343],[-111.303589,45.266369],[-111.30351,45.266443],[-111.303445,45.266496],[-111.303353,45.266538],[-111.303226,45.266562],[-111.303127,45.266565],[-111.302662,45.26656],[-111.302301,45.266578],[-111.301807,45.266714],[-111.301392,45.266896],[-111.301283,45.267006],[-111.301124,45.267164],[-111.301024,45.267282],[-111.300826,45.267375],[-111.300677,45.267398],[-111.300389,45.267316],[-111.300111,45.267237],[-111.299759,45.267153],[-111.299388,45.267099],[-111.299137,45.266913],[-111.29911,45.266889],[-111.298974,45.266894],[-111.298832,45.267013],[-111.298653,45.267311],[-111.298534,45.267496],[-111.298285,45.267659],[-111.297974,45.267785],[-111.297444,45.267754],[-111.297133,45.267775],[-111.296778,45.267959],[-111.296495,45.268129],[-111.296304,45.268205],[-111.296155,45.268235],[-111.295997,45.268254],[-111.295967,45.268273],[-111.295948,45.268392],[-111.295884,45.268519],[-111.295746,45.268685],[-111.295591,45.268815],[-111.295069,45.269162],[-111.294926,45.269221],[-111.294666,45.269299],[-111.29429,45.269563],[-111.294175,45.269617],[-111.293956,45.269652],[-111.293795,45.269657],[-111.293582,45.269708],[-111.292898,45.269687],[-111.292674,45.269653],[-111.291995,45.269752],[-111.291717,45.269855],[-111.291577,45.269901],[-111.291511,45.269923],[-111.291418,45.269987],[-111.290458,45.270395],[-111.29013,45.270447],[-111.289743,45.270368],[-111.289232,45.270207],[-111.289047,45.270123],[-111.288941,45.270114],[-111.288802,45.270197],[-111.288692,45.270272],[-111.288517,45.270314],[-111.288285,45.270284],[-111.287941,45.270146],[-111.287712,45.270104],[-111.28757,45.270134],[-111.287414,45.270174],[-111.287265,45.270158],[-111.287149,45.270109],[-111.287093,45.270037],[-111.287073,45.269929],[-111.28703,45.269787],[-111.286987,45.269738],[-111.28689,45.26974],[-111.286695,45.269838],[-111.286516,45.269836],[-111.286374,45.269745],[-111.286344,45.269715],[-111.286311,45.269575],[-111.286278,45.269398],[-111.286059,45.269274],[-111.285718,45.269127],[-111.285609,45.269106],[-111.285376,45.269111],[-111.285201,45.269158],[-111.284919,45.269299],[-111.284754,45.269365],[-111.284628,45.269332],[-111.284343,45.269386],[-111.283975,45.269391],[-111.283809,45.269347],[-111.283551,45.269333],[-111.283262,45.269388],[-111.282892,45.269561],[-111.282815,45.269576],[-111.2827,45.269528],[-111.28265,45.269459],[-111.282551,45.269288],[-111.282379,45.269221],[-111.282244,45.269182],[-111.282087,45.269204],[-111.281858,45.269194],[-111.281607,45.269085],[-111.281369,45.268994],[-111.281216,45.268997],[-111.281071,45.26902],[-111.280861,45.269061],[-111.280527,45.269218],[-111.280156,45.269326],[-111.279946,45.269384],[-111.279733,45.269368],[-111.279613,45.269228],[-111.279423,45.26917],[-111.279128,45.269205],[-111.278994,45.269577],[-111.278896,45.26974],[-111.278756,45.26979],[-111.278575,45.269756],[-111.278005,45.269301],[-111.277773,45.269166],[-111.277594,45.269181],[-111.27741,45.26908],[-111.27729,45.268979],[-111.277306,45.268866],[-111.277293,45.268808],[-111.277045,45.268686],[-111.276746,45.268558],[-111.276466,45.268581],[-111.276278,45.268624],[-111.276301,45.268941],[-111.276178,45.269087],[-111.275965,45.269187],[-111.275665,45.269143],[-111.275299,45.268933],[-111.275042,45.26872],[-111.27476,45.268373],[-111.274365,45.26813]]}},{"id":"142","type":"Feature","properties":{"waterway":"stream","natural":null,"base_elevation":814},"geometry":{"type":"LineString","coordinates":[[-111.2582,45.357859],[-111.257357,45.357996],[-111.257097,45.358156],[-111.256772,45.358772],[-111.256284,45.359389],[-111.256153,45.359755],[-111.255861,45.360143],[-111.255406,45.360257],[-111.254724,45.360668],[-111.252647,45.361649],[-111.251965,45.361831],[-111.250777,45.362332],[-111.249935,45.362721],[-111.249255,45.363248]]}},{"id":"143","type":"Feature","properties":{"waterway":"stream","natural":null,"base_elevation":1228},"geometry":{"type":"LineString","coordinates":[[-111.272886,45.324881],[-111.272875,45.324899],[-111.272788,45.325041],[-111.27201,45.325406],[-111.27068,45.325817],[-111.269816,45.325854],[-111.269643,45.325861],[-111.268994,45.326067]]}},{"id":"144","type":"Feature","properties":{"waterway":"stream","natural":null,"base_elevation":716},"geometry":{"type":"LineString","coordinates":[[-111.436808,45.190327],[-111.434966,45.190991],[-111.433705,45.191746],[-111.43335,45.191883],[-111.431474,45.191907],[-111.429793,45.192045],[-111.428624,45.192304],[-111.427724,45.192503],[-111.427013,45.192801],[-111.425623,45.193648],[-111.424363,45.1947],[-111.422748,45.196347],[-111.422348,45.196979],[-111.421197,45.198794],[-111.420325,45.199983],[-111.419647,45.201195],[-111.418775,45.202453],[-111.417288,45.203917],[-111.416707,45.204786],[-111.416093,45.205724],[-111.415511,45.206661],[-111.414898,45.208308],[-111.413541,45.210686],[-111.413251,45.211715],[-111.412637,45.212767],[-111.412476,45.213339],[-111.411862,45.214688],[-111.411151,45.21542],[-111.410084,45.216906],[-111.408985,45.218073],[-111.408726,45.218599],[-111.407725,45.222143],[-111.407565,45.223881],[-111.407209,45.224544],[-111.407016,45.22603],[-111.407275,45.226647],[-111.407989,45.229642],[-111.407989,45.230351],[-111.408346,45.231608],[-111.408346,45.23234],[-111.408379,45.2333],[-111.40948,45.23442],[-111.409901,45.235083],[-111.410045,45.235437],[-111.410436,45.235818],[-111.410809,45.237415]]}},{"id":"145","type":"Feature","properties":{"waterway":"stream","natural":null,"base_elevation":453},"geometry":{"type":"LineString","coordinates":[[-111.471076,45.341623],[-111.471205,45.341371],[-111.471755,45.340502],[-111.472403,45.340181],[-111.474151,45.338877],[-111.474669,45.338213],[-111.47564,45.33732],[-111.477194,45.336565],[-111.477711,45.335535],[-111.478002,45.335261],[-111.479265,45.334368],[-111.479813,45.332904]]}},{"id":"146","type":"Feature","properties":{"waterway":"stream","natural":null,"base_elevation":1090},"geometry":{"type":"LineString","coordinates":[[-111.469665,45.154636],[-111.469244,45.153928],[-111.468112,45.153517],[-111.467078,45.153518],[-111.466528,45.153267],[-111.465009,45.152788],[-111.464492,45.15272],[-111.463716,45.1524],[-111.462842,45.151715],[-111.46268,45.151418],[-111.462777,45.151212],[-111.463422,45.150731],[-111.463647,45.150205],[-111.463938,45.149816],[-111.46397,45.149542],[-111.462805,45.148674],[-111.462254,45.147577],[-111.461478,45.147417],[-111.460573,45.146847],[-111.459635,45.146321],[-111.459247,45.145956],[-111.458794,45.14575],[-111.458309,45.145385],[-111.457564,45.143945],[-111.457401,45.143076],[-111.457464,45.142162],[-111.457657,45.141613],[-111.458496,45.140629],[-111.459099,45.14024],[-111.459626,45.139896],[-111.460626,45.139484],[-111.461208,45.139392],[-111.46292,45.139597],[-111.463308,45.139642],[-111.464115,45.139413],[-111.465665,45.13868],[-111.466311,45.138588],[-111.467603,45.138633],[-111.470219,45.137945],[-111.470735,45.137876],[-111.471284,45.137624],[-111.471736,45.137234],[-111.472317,45.137005],[-111.472834,45.136959],[-111.473415,45.136707],[-111.474028,45.136204],[-111.474447,45.135929]]}},{"id":"147","type":"Feature","properties":{"waterway":"stream","natural":null,"base_elevation":225},"geometry":{"type":"LineString","coordinates":[[-111.616891,45.306477],[-111.617831,45.306408],[-111.619062,45.306682],[-111.620261,45.3073],[-111.621168,45.307391],[-111.621719,45.307689],[-111.622658,45.307917],[-111.623339,45.308306],[-111.623922,45.308512],[-111.625283,45.308855],[-111.625801,45.3089],[-111.626093,45.308923],[-111.626968,45.308626],[-111.627616,45.308649],[-111.629106,45.308466],[-111.630208,45.308237],[-111.631083,45.308191],[-111.632411,45.308511],[-111.633902,45.30874],[-111.635003,45.308694],[-111.635813,45.30858],[-111.636526,45.308945],[-111.637563,45.308991],[-111.637887,45.308762],[-111.638632,45.308671],[-111.63941,45.308716],[-111.640123,45.309014],[-111.641063,45.309471],[-111.642326,45.310156],[-111.644854,45.311048],[-111.646118,45.31091],[-111.647252,45.311642],[-111.648386,45.31219],[-111.650493,45.31251],[-111.651692,45.312532],[-111.653344,45.312921],[-111.654317,45.312898],[-111.656034,45.313194],[-111.656942,45.313537],[-111.659697,45.314862],[-111.660636,45.314885],[-111.66122,45.315936],[-111.661966,45.316736],[-111.663198,45.317353],[-111.664527,45.317741],[-111.665532,45.317627],[-111.665693,45.317238],[-111.667184,45.317535],[-111.667897,45.317809],[-111.669939,45.31838],[-111.671139,45.318585],[-111.673278,45.319224],[-111.674088,45.319018],[-111.675677,45.319635],[-111.675871,45.32],[-111.676423,45.32064],[-111.677914,45.320708],[-111.678692,45.320891],[-111.679826,45.321462],[-111.680346,45.322445],[-111.681157,45.322924],[-111.681416,45.323313],[-111.682,45.323678],[-111.68226,45.323998],[-111.683362,45.324638],[-111.684141,45.325323],[-111.68453,45.326055],[-111.684661,45.326558],[-111.684855,45.326901],[-111.685634,45.32754],[-111.686996,45.327928],[-111.687066,45.327962],[-111.688163,45.328499]]}},{"id":"148","type":"Feature","properties":{"waterway":"stream","natural":null,"base_elevation":558},"geometry":{"type":"LineString","coordinates":[[-111.510685,45.305871],[-111.509486,45.305847],[-111.509032,45.306052],[-111.508545,45.306509],[-111.507766,45.307103],[-111.506826,45.307353],[-111.504913,45.308106],[-111.503745,45.308882],[-111.502641,45.310001],[-111.500803,45.311117],[-111.500544,45.311255],[-111.499249,45.311599],[-111.497987,45.312675],[-111.497307,45.31295],[-111.495786,45.313797],[-111.49475,45.314187],[-111.492547,45.314372],[-111.491737,45.314693],[-111.490279,45.314626]]}},{"id":"149","type":"Feature","properties":{"waterway":"stream","natural":null,"base_elevation":379},"geometry":{"type":"LineString","coordinates":[[-111.289338,45.398241],[-111.288102,45.399658],[-111.28755,45.400069],[-111.286153,45.400822],[-111.285503,45.401347],[-111.285243,45.401667],[-111.284301,45.40233],[-111.282156,45.40402],[-111.280857,45.404545],[-111.279915,45.405138],[-111.277477,45.406942],[-111.276795,45.407216],[-111.276145,45.407604],[-111.274652,45.407877],[-111.272735,45.40879],[-111.272474,45.409453],[-111.272084,45.409841],[-111.270882,45.410435],[-111.270394,45.410823],[-111.270361,45.411189],[-111.269354,45.411576],[-111.268542,45.411987],[-111.267238,45.414615],[-111.26675,45.415484],[-111.266327,45.416055]]}},{"id":"150","type":"Feature","properties":{"waterway":"stream","natural":null,"base_elevation":290},"geometry":{"type":"LineString","coordinates":[[-111.541677,45.359924],[-111.542522,45.358644],[-111.542977,45.358096],[-111.543239,45.356564],[-111.544117,45.354804],[-111.544961,45.354027],[-111.545955,45.353035]]}},{"id":"151","type":"Feature","properties":{"waterway":"stream","natural":null,"base_elevation":133},"geometry":{"type":"LineString","coordinates":[[-111.625803,45.379776],[-111.625349,45.379913],[-111.62496,45.37973],[-111.624538,45.379661],[-111.623337,45.379844],[-111.622591,45.380142]]}},{"id":"152","type":"Feature","properties":{"waterway":"stream","natural":null,"base_elevation":300},"geometry":{"type":"LineString","coordinates":[[-111.588463,45.328031],[-111.587685,45.327414],[-111.586583,45.326956],[-111.585871,45.326544],[-111.584153,45.326132],[-111.582339,45.325445],[-111.58208,45.325148],[-111.580038,45.324484],[-111.579293,45.324484],[-111.578839,45.324324],[-111.578418,45.323935],[-111.578224,45.322952],[-111.57829,45.322586],[-111.57816,45.322357],[-111.577383,45.321854],[-111.576508,45.321511],[-111.576217,45.321236],[-111.575115,45.320824],[-111.574014,45.320023],[-111.573625,45.319657],[-111.573042,45.319429],[-111.571195,45.319039],[-111.570191,45.318627],[-111.56977,45.318375],[-111.569057,45.318101],[-111.568377,45.317552],[-111.56692,45.316773],[-111.566401,45.317116],[-111.565979,45.317596]]}},{"id":"153","type":"Feature","properties":{"waterway":"stream","natural":null,"base_elevation":538},"geometry":{"type":"LineString","coordinates":[[-111.301987,45.204039],[-111.301437,45.204474],[-111.300951,45.204748],[-111.300239,45.205342],[-111.299915,45.205982],[-111.299849,45.206553],[-111.299848,45.207491],[-111.299815,45.208176],[-111.29962,45.208542],[-111.298649,45.20941],[-111.298325,45.209845],[-111.297063,45.210415],[-111.296512,45.210758],[-111.295412,45.211123],[-111.295056,45.211306],[-111.294441,45.211442],[-111.293341,45.211533],[-111.292921,45.211487],[-111.292274,45.211555],[-111.29127,45.211897],[-111.290799,45.211813],[-111.290448,45.211814],[-111.290174,45.211916]]}},{"id":"154","type":"Feature","properties":{"waterway":"stream","natural":null,"base_elevation":165},"geometry":{"type":"LineString","coordinates":[[-111.58035,45.382785],[-111.58103,45.383449],[-111.581355,45.383655],[-111.584566,45.384502],[-111.585312,45.384776],[-111.588296,45.386492],[-111.589269,45.386949],[-111.590534,45.387773],[-111.591313,45.388093],[-111.591897,45.388139],[-111.593811,45.38814],[-111.595271,45.388414],[-111.598937,45.388141],[-111.599716,45.388232],[-111.600495,45.387981],[-111.602636,45.38821],[-111.606757,45.387456],[-111.607926,45.387045],[-111.608834,45.386817],[-111.611397,45.38652],[-111.612144,45.386566],[-111.613701,45.38636],[-111.614058,45.386474],[-111.614642,45.386383],[-111.616264,45.385949],[-111.616719,45.385834],[-111.617919,45.385194],[-111.618471,45.38476]]}},{"id":"155","type":"Feature","properties":{"waterway":"stream","natural":null,"base_elevation":479},"geometry":{"type":"LineString","coordinates":[[-111.332426,45.26783],[-111.332333,45.267776],[-111.332201,45.267738],[-111.332029,45.267698],[-111.331887,45.267689],[-111.331706,45.267635],[-111.331437,45.267487],[-111.330944,45.267333],[-111.330674,45.267253],[-111.330579,45.267262],[-111.330454,45.267323],[-111.330212,45.267396],[-111.330131,45.26741],[-111.33002,45.267397],[-111.329938,45.267335],[-111.329857,45.267237],[-111.32979,45.26716],[-111.329643,45.267114],[-111.329507,45.267106],[-111.329226,45.267144],[-111.329036,45.267209],[-111.328938,45.267226],[-111.328851,45.267226],[-111.328769,45.267194],[-111.328725,45.267129],[-111.328712,45.267063],[-111.328636,45.266967],[-111.328502,45.266888],[-111.32835,45.266891],[-111.328274,45.266891],[-111.328195,45.266872],[-111.3281,45.266827],[-111.327936,45.266775],[-111.327754,45.266751],[-111.327652,45.266775],[-111.327534,45.266841],[-111.32751,45.266885],[-111.327414,45.26692],[-111.327264,45.26692],[-111.327103,45.26694],[-111.327029,45.266976],[-111.326973,45.267044],[-111.326956,45.267078],[-111.326922,45.267104],[-111.326862,45.267104],[-111.326811,45.267092],[-111.326547,45.266976],[-111.326113,45.266875],[-111.325883,45.266788],[-111.325829,45.266714],[-111.325829,45.266657],[-111.325873,45.266568],[-111.325883,45.266481],[-111.325851,45.266439],[-111.325762,45.266332],[-111.325736,45.266273],[-111.325758,45.266159],[-111.325782,45.26606],[-111.325748,45.266019],[-111.325677,45.265973],[-111.325537,45.265941],[-111.325454,45.265924],[-111.325211,45.265954],[-111.324325,45.265942],[-111.324244,45.265968],[-111.32406,45.266081],[-111.324025,45.266111],[-111.323952,45.266134],[-111.323844,45.266136],[-111.323672,45.26612],[-111.323599,45.266124],[-111.323565,45.266173],[-111.323562,45.266205],[-111.323567,45.266253],[-111.323568,45.266288],[-111.323558,45.26631],[-111.323513,45.266324],[-111.323443,45.266324],[-111.323391,45.266309],[-111.323332,45.266274],[-111.323284,45.266217],[-111.323215,45.266187],[-111.323171,45.266183],[-111.323139,45.2662],[-111.323097,45.266249],[-111.323085,45.266332],[-111.323065,45.266443],[-111.323035,45.266544],[-111.323006,45.266598],[-111.322947,45.266632],[-111.322882,45.266636],[-111.322767,45.266601],[-111.322641,45.266573],[-111.322382,45.266551],[-111.322232,45.266535],[-111.322043,45.266475],[-111.321997,45.266439],[-111.321985,45.26641],[-111.321985,45.266283],[-111.321992,45.266215],[-111.321967,45.266167],[-111.321934,45.266149],[-111.321852,45.266154],[-111.321772,45.266173],[-111.321665,45.266216],[-111.321554,45.266231],[-111.321291,45.266235],[-111.320884,45.266356],[-111.320693,45.266451],[-111.320601,45.26645]]}},{"id":"156","type":"Feature","properties":{"waterway":"stream","natural":null,"base_elevation":161},"geometry":{"type":"LineString","coordinates":[[-111.615172,45.320514],[-111.615755,45.320926],[-111.616695,45.321955],[-111.617602,45.322527],[-111.618671,45.323967],[-111.619093,45.324333],[-111.619449,45.324539],[-111.620195,45.325156],[-111.620616,45.325705],[-111.621394,45.326939],[-111.621653,45.327237],[-111.622593,45.327877],[-111.623403,45.328791],[-111.623889,45.329569],[-111.624278,45.329797],[-111.624894,45.32998],[-111.625154,45.33014],[-111.625348,45.330986],[-111.625218,45.331741],[-111.625056,45.332175],[-111.625154,45.333753],[-111.625445,45.335696],[-111.625802,45.336473],[-111.626158,45.337251],[-111.628785,45.339217],[-111.629498,45.340131],[-111.63047,45.340703],[-111.631313,45.341572],[-111.631865,45.34228],[-111.632902,45.342669],[-111.633291,45.342897],[-111.633713,45.343332],[-111.633972,45.344361],[-111.634297,45.344749],[-111.634426,45.345641],[-111.634653,45.34603],[-111.635464,45.346441]]}},{"id":"157","type":"Feature","properties":{"waterway":"stream","natural":null,"base_elevation":509},"geometry":{"type":"LineString","coordinates":[[-111.525101,45.38115],[-111.52627,45.380351],[-111.526692,45.37994],[-111.527309,45.379643],[-111.527731,45.379598],[-111.52851,45.379324],[-111.530102,45.378274],[-111.532018,45.376721],[-111.532375,45.376538],[-111.53442,45.375991],[-111.536368,45.375147],[-111.536628,45.374941],[-111.536757,45.37485],[-111.537731,45.374347],[-111.538446,45.373502],[-111.539615,45.372863],[-111.53994,45.372291],[-111.541045,45.371286],[-111.541727,45.370715],[-111.542052,45.370075]]}},{"id":"158","type":"Feature","properties":{"waterway":"stream","natural":null,"base_elevation":840},"geometry":{"type":"LineString","coordinates":[[-111.333666,45.401215],[-111.333147,45.401169],[-111.332563,45.401397],[-111.331946,45.401214],[-111.331525,45.400894],[-111.330941,45.400619],[-111.328961,45.40055],[-111.327436,45.400591],[-111.327306,45.400595],[-111.326884,45.400709],[-111.3263,45.400618],[-111.324515,45.400571]]}},{"id":"159","type":"Feature","properties":{"waterway":"stream","natural":null,"base_elevation":449},"geometry":{"type":"LineString","coordinates":[[-111.225376,45.155181],[-111.226314,45.155569],[-111.226476,45.155729],[-111.227187,45.15614],[-111.227608,45.156208],[-111.228643,45.157213],[-111.230874,45.157691],[-111.232491,45.158399],[-111.233751,45.15826],[-111.234333,45.158351],[-111.237468,45.158234],[-111.238631,45.158256],[-111.239084,45.158324],[-111.24254,45.157611],[-111.245156,45.156854]]}},{"id":"160","type":"Feature","properties":{"waterway":"stream","natural":null,"base_elevation":190},"geometry":{"type":"LineString","coordinates":[[-111.62201,45.310592],[-111.622302,45.310821],[-111.624732,45.31201],[-111.625801,45.31313],[-111.627648,45.314525],[-111.628718,45.315142],[-111.629884,45.315942],[-111.630824,45.316445],[-111.631667,45.317108],[-111.632153,45.317405],[-111.634519,45.319325],[-111.634876,45.319851],[-111.635329,45.320126],[-111.636658,45.320629],[-111.637145,45.321657],[-111.637955,45.322549],[-111.638506,45.322869],[-111.639154,45.32312],[-111.641423,45.323783],[-111.641812,45.324035],[-111.642169,45.324492],[-111.64259,45.324675],[-111.643109,45.32472],[-111.643822,45.324651],[-111.645378,45.325543],[-111.64661,45.326183],[-111.647517,45.326457],[-111.649592,45.327531],[-111.650856,45.327988],[-111.65157,45.328514],[-111.652283,45.328834],[-111.653191,45.329519],[-111.655071,45.330753],[-111.657762,45.33169],[-111.659481,45.332947],[-111.661751,45.334112],[-111.66321,45.334638],[-111.664183,45.334797],[-111.665122,45.334683],[-111.666225,45.334934],[-111.667165,45.335002],[-111.66817,45.335253],[-111.669143,45.335916],[-111.669856,45.336304],[-111.671316,45.336829],[-111.672515,45.336875],[-111.673066,45.336989],[-111.674719,45.336805]]}},{"id":"161","type":"Feature","properties":{"waterway":"stream","natural":null,"base_elevation":377},"geometry":{"type":"LineString","coordinates":[[-111.297805,45.235589],[-111.294762,45.236707],[-111.294406,45.23673],[-111.294017,45.23689],[-111.293401,45.237713],[-111.293336,45.238147],[-111.29353,45.238559],[-111.293529,45.238856],[-111.293334,45.239382],[-111.293204,45.240045],[-111.293235,45.240593],[-111.293073,45.240868],[-111.290708,45.242855],[-111.289929,45.244021],[-111.289184,45.244775],[-111.288536,45.245346],[-111.288567,45.245894],[-111.288048,45.246557],[-111.286655,45.247608],[-111.285296,45.247492],[-111.283935,45.248132],[-111.283385,45.248108],[-111.28196,45.248542],[-111.280697,45.249249],[-111.279952,45.249203],[-111.279401,45.249477],[-111.278268,45.249659],[-111.276779,45.24968],[-111.276196,45.249931],[-111.276063,45.250005],[-111.27535,45.25053],[-111.274411,45.250758],[-111.272824,45.250985],[-111.271359,45.251103],[-111.270299,45.251189],[-111.269749,45.251394],[-111.268873,45.252171],[-111.267934,45.252467],[-111.265441,45.252693],[-111.264178,45.252783],[-111.262139,45.252576],[-111.261233,45.252323],[-111.259583,45.251956],[-111.25858,45.251932],[-111.256119,45.252295],[-111.255731,45.252157],[-111.255181,45.252157],[-111.254144,45.252435]]}},{"id":"162","type":"Feature","properties":{"waterway":"stream","natural":null,"base_elevation":1000},"geometry":{"type":"LineString","coordinates":[[-111.381368,45.336953],[-111.382048,45.336884],[-111.381919,45.336519],[-111.380881,45.336016],[-111.380168,45.335787],[-111.379714,45.335787],[-111.379422,45.33597],[-111.379033,45.335924],[-111.378417,45.335719],[-111.376732,45.33357],[-111.375792,45.332655],[-111.375597,45.332472],[-111.375273,45.332015],[-111.374819,45.330323],[-111.374787,45.329843],[-111.375078,45.329134],[-111.375759,45.328242],[-111.375792,45.328174],[-111.376245,45.327305],[-111.376375,45.326825],[-111.37631,45.32655],[-111.375791,45.32591],[-111.375403,45.325407],[-111.372648,45.324653],[-111.371609,45.32476],[-111.371546,45.324767],[-111.370735,45.324653]]}},{"id":"163","type":"Feature","properties":{"waterway":"stream","natural":null,"base_elevation":362},"geometry":{"type":"LineString","coordinates":[[-111.252183,45.25295],[-111.252205,45.253259],[-111.25214,45.253856],[-111.25214,45.254838],[-111.252272,45.255228],[-111.252159,45.255692],[-111.252039,45.256049],[-111.251529,45.256284],[-111.250862,45.256387],[-111.250601,45.256383],[-111.250397,45.256355],[-111.250276,45.256309],[-111.25007,45.256206],[-111.249867,45.256174],[-111.249756,45.256195],[-111.249631,45.256257],[-111.249313,45.256709]]}},{"id":"164","type":"Feature","properties":{"waterway":"stream","natural":null,"base_elevation":267},"geometry":{"type":"LineString","coordinates":[[-111.564925,45.333897],[-111.566903,45.333464],[-111.568264,45.333441],[-111.571571,45.333077],[-111.572381,45.333215],[-111.573321,45.333192],[-111.573872,45.333284],[-111.574358,45.333513],[-111.575265,45.334108],[-111.575816,45.334291],[-111.576756,45.334406],[-111.578442,45.334452],[-111.579479,45.33459],[-111.580257,45.334567],[-111.581229,45.334887],[-111.58298,45.334797],[-111.583499,45.33466],[-111.584537,45.333928],[-111.585412,45.333517],[-111.588265,45.33345],[-111.589237,45.333358],[-111.590858,45.333588]]}},{"id":"165","type":"Feature","properties":{"waterway":"stream","natural":null,"base_elevation":775},"geometry":{"type":"LineString","coordinates":[[-111.520447,45.197018],[-111.521191,45.196584],[-111.524524,45.195284],[-111.525269,45.194758],[-111.526079,45.19373],[-111.526856,45.193136],[-111.527502,45.192867],[-111.528442,45.192475]]}},{"id":"166","type":"Feature","properties":{"waterway":"stream","natural":null,"base_elevation":345},"geometry":{"type":"LineString","coordinates":[[-111.584634,45.155605],[-111.584084,45.155673],[-111.582436,45.155421],[-111.581499,45.155512],[-111.579981,45.154963],[-111.578559,45.154985],[-111.577622,45.154551],[-111.575716,45.153978],[-111.574101,45.153337],[-111.573714,45.152811],[-111.570225,45.151689],[-111.569676,45.151666],[-111.569094,45.15178],[-111.568351,45.151757],[-111.566283,45.15107],[-111.565896,45.15075],[-111.561342,45.149055],[-111.5606,45.148346],[-111.559599,45.147751],[-111.559179,45.147408],[-111.558856,45.146951],[-111.558049,45.146516]]}},{"id":"167","type":"Feature","properties":{"waterway":"stream","natural":null,"base_elevation":370},"geometry":{"type":"LineString","coordinates":[[-111.597791,45.214689],[-111.598406,45.214369],[-111.598536,45.213889],[-111.59928,45.212975],[-111.599992,45.212609],[-111.600348,45.211946],[-111.601124,45.212037]]}},{"id":"168","type":"Feature","properties":{"waterway":"stream","natural":null,"base_elevation":284},"geometry":{"type":"LineString","coordinates":[[-111.598005,45.170059],[-111.598328,45.170722],[-111.599491,45.171751],[-111.600493,45.172117],[-111.600687,45.172437],[-111.601398,45.173146],[-111.602044,45.173283],[-111.602497,45.173444],[-111.603175,45.174221],[-111.604662,45.174679]]}},{"id":"169","type":"Feature","properties":{"waterway":"ditch","natural":null,"base_elevation":334},"geometry":{"type":"LineString","coordinates":[[-111.586638,45.154851],[-111.587769,45.153434],[-111.588222,45.152474],[-111.588838,45.150073],[-111.589032,45.149364],[-111.589195,45.147833]]}},{"id":"170","type":"Feature","properties":{"waterway":"ditch","natural":null,"base_elevation":186},"geometry":{"type":"LineString","coordinates":[[-111.593626,45.359201],[-111.593474,45.358694],[-111.591265,45.3578],[-111.589806,45.357228]]}},{"id":"171","type":"Feature","properties":{"waterway":"stream","natural":null,"base_elevation":480},"geometry":{"type":"LineString","coordinates":[[-111.536357,45.319292],[-111.53707,45.319544],[-111.538073,45.320208],[-111.538591,45.320962],[-111.538558,45.321328],[-111.538038,45.322334],[-111.537745,45.322608],[-111.537648,45.323065],[-111.537841,45.323408],[-111.537809,45.323683],[-111.537679,45.323957],[-111.537646,45.324208],[-111.537839,45.324734],[-111.538616,45.325329],[-111.538842,45.32645],[-111.539133,45.326633],[-111.539359,45.327022],[-111.539327,45.327228],[-111.538933,45.330497],[-111.539125,45.331983],[-111.539997,45.333927]]}},{"id":"172","type":"Feature","properties":{"waterway":"stream","natural":null,"base_elevation":1262},"geometry":{"type":"LineString","coordinates":[[-111.530128,45.421005],[-111.529122,45.421256],[-111.528308,45.422078],[-111.527886,45.422238],[-111.527367,45.422214],[-111.525937,45.422968],[-111.524636,45.423995],[-111.523174,45.424932],[-111.521744,45.425662],[-111.521465,45.426036],[-111.521386,45.426142]]}},{"id":"173","type":"Feature","properties":{"waterway":"stream","natural":null,"base_elevation":381},"geometry":{"type":"LineString","coordinates":[[-111.490394,45.359304],[-111.4904,45.358089],[-111.490853,45.357609],[-111.49095,45.35738],[-111.490786,45.356717],[-111.490785,45.356146],[-111.490946,45.355757],[-111.493183,45.355572],[-111.493475,45.355434],[-111.493669,45.355182],[-111.494285,45.355045],[-111.495874,45.354997],[-111.497786,45.354378],[-111.500798,45.353026],[-111.501219,45.352845],[-111.501803,45.352755],[-111.502842,45.352276],[-111.504529,45.351797],[-111.505568,45.351112],[-111.50612,45.350473],[-111.506769,45.350291],[-111.508326,45.349995],[-111.509398,45.349402],[-111.510598,45.349266],[-111.51209,45.348878],[-111.512868,45.348696],[-111.513484,45.34888],[-111.514522,45.348949],[-111.515203,45.348881],[-111.515949,45.348585],[-111.516403,45.348608],[-111.516889,45.348746],[-111.518769,45.348862],[-111.519288,45.348794]]}},{"id":"174","type":"Feature","properties":{"waterway":"stream","natural":null,"base_elevation":766},"geometry":{"type":"LineString","coordinates":[[-111.397669,45.324056],[-111.39916,45.324513],[-111.400651,45.325381],[-111.402953,45.326227],[-111.403828,45.326478],[-111.40506,45.326501],[-111.406324,45.326317],[-111.407426,45.326363],[-111.408236,45.326248],[-111.408949,45.326294],[-111.409857,45.326591],[-111.41057,45.326682],[-111.413616,45.325286],[-111.414912,45.324989],[-111.416014,45.325148],[-111.41744,45.324988],[-111.418153,45.325102],[-111.41932,45.325422],[-111.419904,45.325696],[-111.421784,45.326335],[-111.422562,45.326861],[-111.423178,45.327043],[-111.424021,45.3275],[-111.424929,45.327614],[-111.425383,45.3275],[-111.426291,45.327682],[-111.426842,45.32807]]}},{"id":"175","type":"Feature","properties":{"waterway":"stream","natural":null,"base_elevation":359},"geometry":{"type":"LineString","coordinates":[[-111.56594,45.203131],[-111.566296,45.202743],[-111.566459,45.202171],[-111.56646,45.201257],[-111.56659,45.200617],[-111.566558,45.200022],[-111.566785,45.199359],[-111.567335,45.199039],[-111.568015,45.198285],[-111.568856,45.197897],[-111.569633,45.19744],[-111.569924,45.197349],[-111.570312,45.197097],[-111.570959,45.196823],[-111.571348,45.19552],[-111.571252,45.194926],[-111.570993,45.194788],[-111.570832,45.194514],[-111.570735,45.193851],[-111.570962,45.193302],[-111.572418,45.192411],[-111.5741,45.191772],[-111.5752,45.190949],[-111.576947,45.190264],[-111.57727,45.190241],[-111.57837,45.189784],[-111.579049,45.189099],[-111.579955,45.188665],[-111.580408,45.18791],[-111.580732,45.187636],[-111.581412,45.186653],[-111.582576,45.185876]]}},{"id":"176","type":"Feature","properties":{"waterway":"stream","natural":null,"base_elevation":281},"geometry":{"type":"LineString","coordinates":[[-111.604662,45.174679],[-111.605405,45.175319]]}},{"id":"177","type":"Feature","properties":{"waterway":"stream","natural":null,"base_elevation":396},"geometry":{"type":"LineString","coordinates":[[-111.588186,45.30455],[-111.589255,45.304597],[-111.590195,45.304505],[-111.592009,45.304529],[-111.592625,45.304712],[-111.593402,45.304643],[-111.593985,45.304826]]}},{"id":"178","type":"Feature","properties":{"waterway":"stream","natural":null,"base_elevation":290},"geometry":{"type":"LineString","coordinates":[[-111.531986,45.347895],[-111.532153,45.348214],[-111.532832,45.348772],[-111.533556,45.349708],[-111.533791,45.349776],[-111.534323,45.349786],[-111.534807,45.350234],[-111.535937,45.35039],[-111.536401,45.350774],[-111.536733,45.350814],[-111.537087,45.350951],[-111.537241,45.351297],[-111.537925,45.351462],[-111.538624,45.35156],[-111.539271,45.351644],[-111.539607,45.352283],[-111.539889,45.352447],[-111.541169,45.352563],[-111.541279,45.352997],[-111.542244,45.353175],[-111.54343,45.353057],[-111.544898,45.352498],[-111.545327,45.352479],[-111.545611,45.352592],[-111.545955,45.353035]]}},{"id":"179","type":"Feature","properties":{"waterway":"stream","natural":null,"base_elevation":375},"geometry":{"type":"LineString","coordinates":[[-111.549868,45.176806],[-111.550912,45.176849],[-111.551549,45.176875],[-111.554427,45.176191],[-111.554848,45.175803],[-111.555818,45.17562],[-111.55682,45.175118],[-111.558115,45.17361],[-111.558277,45.173244],[-111.558213,45.172444],[-111.557923,45.171735],[-111.558345,45.17002],[-111.558799,45.169243],[-111.55867,45.168946],[-111.55977,45.167986],[-111.560191,45.167415],[-111.560676,45.166958],[-111.561194,45.166272],[-111.562003,45.165564],[-111.562197,45.164969],[-111.562488,45.164741],[-111.562715,45.164398],[-111.563135,45.164078],[-111.563556,45.164101],[-111.564235,45.163576],[-111.565011,45.163393],[-111.565755,45.162685]]}},{"id":"180","type":"Feature","properties":{"waterway":"stream","natural":null,"base_elevation":852},"geometry":{"type":"LineString","coordinates":[[-111.510453,45.197831],[-111.510873,45.197946],[-111.511681,45.197993],[-111.512814,45.197765],[-111.514753,45.19811],[-111.515465,45.198042],[-111.516014,45.198134]]}},{"id":"181","type":"Feature","properties":{"waterway":"stream","natural":null,"base_elevation":921},"geometry":{"type":"LineString","coordinates":[[-111.424977,45.362092],[-111.425031,45.362153],[-111.425803,45.362778],[-111.426907,45.363897],[-111.427232,45.364469],[-111.427622,45.36568],[-111.427688,45.366778],[-111.427463,45.368241],[-111.427885,45.369361],[-111.42873,45.370801],[-111.428698,45.371647],[-111.428829,45.372676],[-111.428635,45.373476],[-111.427599,45.37494],[-111.427598,45.374963],[-111.427016,45.376586],[-111.427083,45.378461],[-111.426824,45.379079],[-111.426305,45.379605],[-111.426144,45.380382],[-111.425722,45.380977],[-111.424717,45.381412]]}},{"id":"182","type":"Feature","properties":{"waterway":"stream","natural":null,"base_elevation":1020},"geometry":{"type":"LineString","coordinates":[[-111.488242,45.217381],[-111.488694,45.217197],[-111.489049,45.2169],[-111.489275,45.216259],[-111.49021,45.215161],[-111.490889,45.214657],[-111.492117,45.214085],[-111.492666,45.213695],[-111.493473,45.212917],[-111.49441,45.21239],[-111.495671,45.212],[-111.495994,45.212],[-111.497224,45.212341],[-111.498227,45.212409],[-111.498938,45.212248],[-111.500553,45.211286],[-111.500812,45.211103],[-111.501079,45.210854],[-111.501695,45.210352],[-111.502505,45.209735],[-111.502578,45.209172],[-111.502636,45.208729],[-111.50293,45.207587],[-111.503254,45.207313],[-111.503901,45.207107]]}},{"id":"183","type":"Feature","properties":{"waterway":"stream","natural":null,"base_elevation":533},"geometry":{"type":"LineString","coordinates":[[-111.568031,45.275254],[-111.567869,45.275551],[-111.567609,45.275757],[-111.567285,45.276443],[-111.566571,45.277677],[-111.566343,45.278934],[-111.566472,45.279597],[-111.567539,45.281404],[-111.5677,45.281999],[-111.567892,45.284491],[-111.568441,45.285703],[-111.568441,45.285954],[-111.568214,45.286526],[-111.56831,45.287098],[-111.568148,45.287555],[-111.568924,45.28863],[-111.5697,45.289933]]}},{"id":"184","type":"Feature","properties":{"waterway":"stream","natural":null,"base_elevation":229},"geometry":{"type":"LineString","coordinates":[[-111.614704,45.268706],[-111.614984,45.269076],[-111.615042,45.2698],[-111.615247,45.270307],[-111.61604,45.27124],[-111.616696,45.271876],[-111.617022,45.272726],[-111.617606,45.273256],[-111.618097,45.273401],[-111.618382,45.2734],[-111.619592,45.273789],[-111.620046,45.273777],[-111.62019,45.273933],[-111.620455,45.274013],[-111.620756,45.274183],[-111.621618,45.27423],[-111.622025,45.274175],[-111.622371,45.274274],[-111.622576,45.274247],[-111.623065,45.274453],[-111.6235,45.274434],[-111.623727,45.274588],[-111.624182,45.274628],[-111.624251,45.274744],[-111.62444,45.274605],[-111.624577,45.274633],[-111.624797,45.27456],[-111.624829,45.274579],[-111.624836,45.274644],[-111.624925,45.274683],[-111.62504,45.274631],[-111.625127,45.274537],[-111.625219,45.274539],[-111.625264,45.274577],[-111.625576,45.274516],[-111.625814,45.27454],[-111.625862,45.274519],[-111.625906,45.274472],[-111.626027,45.274483],[-111.626086,45.274539],[-111.626177,45.274636],[-111.626275,45.274644],[-111.626417,45.274597],[-111.626559,45.274655],[-111.626692,45.274645],[-111.626862,45.274789],[-111.626987,45.274781],[-111.627089,45.274834],[-111.627106,45.274921],[-111.627265,45.274868],[-111.627332,45.274884]]}},{"id":"185","type":"Feature","properties":{"waterway":"ditch","natural":null,"base_elevation":225},"geometry":{"type":"LineString","coordinates":[[-111.605405,45.175319],[-111.605599,45.175685],[-111.606278,45.176371],[-111.607247,45.176828],[-111.607603,45.177125],[-111.608153,45.177308],[-111.608444,45.17724],[-111.608896,45.177286],[-111.609769,45.177697],[-111.610189,45.17836],[-111.611062,45.178703],[-111.612129,45.178772],[-111.613583,45.179344],[-111.615781,45.180213],[-111.616654,45.18051],[-111.618173,45.18131],[-111.619854,45.182751],[-111.620242,45.182888],[-111.620566,45.182911],[-111.6216,45.183414],[-111.62173,45.18362],[-111.62257,45.183871],[-111.622796,45.184123],[-111.62312,45.184169],[-111.62367,45.184534],[-111.624154,45.184717],[-111.624736,45.184786],[-111.625351,45.185037],[-111.625803,45.185037],[-111.626062,45.185037],[-111.62687,45.185495],[-111.627452,45.185906],[-111.628487,45.186981],[-111.628875,45.187232],[-111.629522,45.187507],[-111.630071,45.187964],[-111.630718,45.188352],[-111.63088,45.188924],[-111.631527,45.189587],[-111.632044,45.190867],[-111.632367,45.191279],[-111.633402,45.191965],[-111.635148,45.192422],[-111.635472,45.192765],[-111.636216,45.193085],[-111.636636,45.193451],[-111.637057,45.194045],[-111.637089,45.194616],[-111.637704,45.195257],[-111.638092,45.195485]]}},{"id":"186","type":"Feature","properties":{"waterway":"stream","natural":null,"base_elevation":499},"geometry":{"type":"LineString","coordinates":[[-111.291189,45.397282],[-111.290117,45.398036],[-111.289338,45.398241]]}},{"id":"187","type":"Feature","properties":{"waterway":"stream","natural":null,"base_elevation":465},"geometry":{"type":"LineString","coordinates":[[-111.459387,45.329972],[-111.460684,45.330108],[-111.460879,45.330199],[-111.461559,45.330084],[-111.463472,45.330106],[-111.464022,45.32974],[-111.464864,45.32935],[-111.466063,45.329075],[-111.46697,45.328685],[-111.467424,45.328662],[-111.468428,45.328387],[-111.468979,45.328455],[-111.46979,45.328752],[-111.469953,45.329026],[-111.470602,45.32962],[-111.471023,45.329711],[-111.472514,45.329664],[-111.473973,45.330006],[-111.47592,45.331056],[-111.47631,45.331558],[-111.476862,45.331809]]}},{"id":"188","type":"Feature","properties":{"waterway":"stream","natural":null,"base_elevation":533},"geometry":{"type":"LineString","coordinates":[[-111.448515,45.369533],[-111.45007,45.367909],[-111.450296,45.367497],[-111.450296,45.367062],[-111.450425,45.366491],[-111.451299,45.365347],[-111.453016,45.363745],[-111.454344,45.362487],[-111.45577,45.361846],[-111.457488,45.361547],[-111.460537,45.361271],[-111.46112,45.361156],[-111.461995,45.360515],[-111.463096,45.359303],[-111.463384,45.357336],[-111.464063,45.355621],[-111.464645,45.355117],[-111.465553,45.354431],[-111.466103,45.354202],[-111.467465,45.353926],[-111.468307,45.353445],[-111.46944,45.352187],[-111.470185,45.351729],[-111.47122,45.349785],[-111.472223,45.348709],[-111.472708,45.347909],[-111.472642,45.347406],[-111.472512,45.347063],[-111.471992,45.346561],[-111.471376,45.346218],[-111.471114,45.344824],[-111.470886,45.344366],[-111.47085,45.342377],[-111.471076,45.341623]]}},{"id":"189","type":"Feature","properties":{"waterway":"stream","natural":null,"base_elevation":949},"geometry":{"type":"LineString","coordinates":[[-111.503901,45.207107],[-111.504775,45.206765],[-111.504938,45.206285],[-111.505359,45.205874],[-111.507046,45.20343],[-111.508083,45.202402],[-111.508765,45.201122],[-111.50925,45.200757],[-111.510027,45.200552]]}},{"id":"190","type":"Feature","properties":{"waterway":"stream","natural":null,"base_elevation":448},"geometry":{"type":"LineString","coordinates":[[-111.569556,45.305046],[-111.571825,45.30427],[-111.574417,45.303745],[-111.575551,45.303768],[-111.576944,45.303998],[-111.579212,45.30345],[-111.580282,45.303084]]}},{"id":"191","type":"Feature","properties":{"waterway":"stream","natural":null,"base_elevation":1036},"geometry":{"type":"LineString","coordinates":[[-111.372743,45.373283],[-111.370764,45.374929],[-111.369272,45.376164],[-111.36872,45.376392],[-111.367882,45.376653],[-111.367617,45.376735],[-111.367033,45.37701],[-111.365346,45.377101],[-111.362913,45.377604],[-111.362232,45.377992],[-111.361583,45.378198],[-111.360772,45.37861],[-111.358857,45.379295],[-111.358306,45.379638],[-111.357495,45.379775],[-111.357073,45.380004],[-111.356651,45.380049],[-111.355678,45.380552],[-111.354347,45.381078],[-111.352758,45.38142],[-111.351946,45.381512],[-111.348929,45.382403],[-111.347307,45.382357],[-111.347858,45.382471],[-111.347014,45.383134],[-111.345392,45.383134],[-111.344354,45.383293],[-111.343867,45.38359],[-111.343056,45.383796],[-111.342439,45.38407],[-111.341757,45.384984],[-111.341043,45.385716],[-111.340523,45.386036],[-111.339842,45.386927]]}},{"id":"192","type":"Feature","properties":{"waterway":"stream","natural":null,"base_elevation":338},"geometry":{"type":"LineString","coordinates":[[-111.579044,45.311223],[-111.579303,45.311635],[-111.579692,45.311818],[-111.581539,45.312002],[-111.58251,45.312596],[-111.584583,45.313695],[-111.585037,45.314129],[-111.584907,45.314563],[-111.584712,45.314906],[-111.585586,45.31669],[-111.585909,45.318108],[-111.586427,45.318542],[-111.58957,45.319709]]}},{"id":"193","type":"Feature","properties":{"waterway":"stream","natural":null,"base_elevation":491},"geometry":{"type":"LineString","coordinates":[[-111.271438,45.390087],[-111.272379,45.390408],[-111.273482,45.390454],[-111.275589,45.391622],[-111.278279,45.393271],[-111.280128,45.393981],[-111.281392,45.394851],[-111.282106,45.394966],[-111.283598,45.395539],[-111.284213,45.396042],[-111.285866,45.397758],[-111.28632,45.397964],[-111.287326,45.398057],[-111.288429,45.397852],[-111.288948,45.397966],[-111.289338,45.398241]]}},{"id":"194","type":"Feature","properties":{"waterway":"stream","natural":null,"base_elevation":1110},"geometry":{"type":"LineString","coordinates":[[-111.268994,45.326067],[-111.267603,45.324693],[-111.267054,45.323824],[-111.266893,45.323047],[-111.266991,45.322704],[-111.267673,45.321721],[-111.267707,45.321241],[-111.267597,45.321076],[-111.267448,45.320852],[-111.267254,45.320784],[-111.267177,45.320599],[-111.267093,45.320395]]}},{"id":"195","type":"Feature","properties":{"waterway":"stream","natural":null,"base_elevation":646},"geometry":{"type":"LineString","coordinates":[[-111.548807,45.266806],[-111.548515,45.267583],[-111.547898,45.268818],[-111.548057,45.270853],[-111.547797,45.271561],[-111.547699,45.272018],[-111.547114,45.27355],[-111.546757,45.274053],[-111.546271,45.274395],[-111.546141,45.274944],[-111.545492,45.275675],[-111.545394,45.276429],[-111.545166,45.277161],[-111.544874,45.277458],[-111.544841,45.278052],[-111.544905,45.278555],[-111.544904,45.279424],[-111.545324,45.280339],[-111.5461,45.281048]]}},{"id":"196","type":"Feature","properties":{"waterway":"stream","natural":null,"base_elevation":966},"geometry":{"type":"LineString","coordinates":[[-111.46277,45.400137],[-111.462803,45.400434],[-111.46144,45.400915],[-111.460987,45.401212],[-111.460436,45.401922],[-111.45995,45.402402],[-111.458458,45.402975],[-111.458036,45.402952],[-111.457646,45.402861],[-111.456867,45.402816],[-111.45466,45.402977],[-111.453232,45.402796],[-111.450894,45.403142]]}},{"id":"197","type":"Feature","properties":{"waterway":"stream","natural":null,"base_elevation":576},"geometry":{"type":"LineString","coordinates":[[-111.471717,45.375208],[-111.472203,45.374934],[-111.473207,45.374178],[-111.473758,45.373835],[-111.474374,45.373286],[-111.476124,45.372324],[-111.477161,45.372026],[-111.477453,45.371888],[-111.478036,45.371339],[-111.479429,45.370606],[-111.479817,45.370171],[-111.480206,45.369874],[-111.48173,45.369507],[-111.482313,45.369254],[-111.483351,45.369139],[-111.483773,45.369207],[-111.484292,45.369184],[-111.484551,45.369252],[-111.484973,45.369206],[-111.485751,45.368931],[-111.486302,45.368816],[-111.486659,45.368633],[-111.487728,45.367877],[-111.488603,45.367694],[-111.488991,45.367327],[-111.489639,45.366641],[-111.490125,45.366343],[-111.491,45.365999],[-111.491744,45.36545],[-111.49184,45.36481],[-111.491645,45.364375],[-111.491382,45.362524],[-111.491478,45.362249],[-111.491705,45.361975],[-111.491737,45.361655],[-111.491606,45.361266],[-111.491086,45.360695],[-111.490523,45.360177],[-111.490212,45.359771]]}},{"id":"198","type":"Feature","properties":{"waterway":"stream","natural":null,"base_elevation":544},"geometry":{"type":"LineString","coordinates":[[-111.576027,45.278047],[-111.576674,45.278139],[-111.577387,45.277956],[-111.578262,45.277591],[-111.579914,45.276974],[-111.580853,45.277226],[-111.582083,45.277912],[-111.582795,45.278484],[-111.583021,45.278827],[-111.583377,45.279925],[-111.583441,45.280885],[-111.583341,45.28372],[-111.583794,45.284795],[-111.583729,45.285732],[-111.583825,45.286556],[-111.584407,45.287813],[-111.584601,45.289071],[-111.584762,45.289962],[-111.58528,45.290557],[-111.587546,45.292136],[-111.588712,45.293096],[-111.589327,45.293256],[-111.590396,45.293188]]}},{"id":"199","type":"Feature","properties":{"waterway":"stream","natural":null,"base_elevation":499},"geometry":{"type":"LineString","coordinates":[[-111.313587,45.361858],[-111.313294,45.362429],[-111.312256,45.363138],[-111.311216,45.364692],[-111.310144,45.366474],[-111.309527,45.367274],[-111.309234,45.367937],[-111.30933,45.369309],[-111.309815,45.370224],[-111.309555,45.370521],[-111.309166,45.370521],[-111.308776,45.371001],[-111.308483,45.371686],[-111.308289,45.371732],[-111.308189,45.373355],[-111.30715,45.374932],[-111.306727,45.375641],[-111.30507,45.377675],[-111.304452,45.378886],[-111.302991,45.380303],[-111.301951,45.381079],[-111.301723,45.381925],[-111.300715,45.383502],[-111.30013,45.384553],[-111.299804,45.385376],[-111.298959,45.386793],[-111.297787,45.38933],[-111.297333,45.389376],[-111.296358,45.390175],[-111.295612,45.390563],[-111.295189,45.391409],[-111.294246,45.392757],[-111.293726,45.393351],[-111.293628,45.393694],[-111.29288,45.394768],[-111.292652,45.395317],[-111.292554,45.395911],[-111.292326,45.396551],[-111.292033,45.396803],[-111.291189,45.397282]]}},{"id":"200","type":"Feature","properties":{"waterway":"stream","natural":null,"base_elevation":508},"geometry":{"type":"LineString","coordinates":[[-111.373359,45.400308],[-111.374235,45.400582],[-111.375176,45.400925],[-111.375793,45.400902],[-111.375858,45.400925],[-111.377253,45.401725],[-111.378259,45.402091],[-111.379006,45.402662],[-111.379363,45.403966],[-111.380077,45.404812],[-111.381246,45.40568],[-111.382025,45.405978],[-111.382674,45.406092],[-111.38407,45.406412],[-111.385758,45.407143],[-111.386959,45.408012],[-111.388452,45.408446],[-111.390627,45.408697],[-111.391341,45.408949],[-111.392574,45.409269],[-111.393646,45.409726],[-111.395496,45.409817],[-111.395918,45.409954],[-111.396405,45.410205],[-111.397542,45.411143],[-111.39871,45.411737]]}},{"id":"201","type":"Feature","properties":{"waterway":"stream","natural":null,"base_elevation":461},"geometry":{"type":"LineString","coordinates":[[-111.471291,45.316556],[-111.47123,45.317433],[-111.471554,45.317799],[-111.471879,45.318027],[-111.472462,45.318164],[-111.472981,45.318369],[-111.473435,45.318666],[-111.473566,45.319054],[-111.474476,45.32086],[-111.474542,45.32134],[-111.474643,45.323672],[-111.474839,45.324312],[-111.474808,45.325547],[-111.474907,45.326049],[-111.475167,45.326484],[-111.475071,45.327353],[-111.475461,45.327901],[-111.475527,45.328381],[-111.475916,45.328861],[-111.476404,45.329844],[-111.4766,45.330621],[-111.476926,45.331352],[-111.476862,45.331809]]}},{"id":"202","type":"Feature","properties":{"waterway":"stream","natural":null,"base_elevation":441},"geometry":{"type":"LineString","coordinates":[[-111.59452,45.223011],[-111.59714,45.223491]]}},{"id":"203","type":"Feature","properties":{"waterway":"stream","natural":null,"base_elevation":930},"geometry":{"type":"LineString","coordinates":[[-111.520103,45.417247],[-111.52007,45.417635],[-111.519257,45.418412],[-111.519224,45.418732],[-111.519448,45.420287],[-111.519221,45.420515],[-111.518474,45.420743],[-111.517759,45.420766],[-111.516331,45.42065],[-111.515746,45.420764],[-111.515324,45.421038],[-111.513762,45.422819],[-111.513566,45.423665],[-111.513565,45.424008],[-111.513337,45.424511],[-111.511972,45.425241],[-111.510606,45.426131],[-111.509272,45.427639],[-111.508554,45.42799],[-111.508524,45.428004],[-111.507713,45.428026],[-111.503948,45.427108],[-111.501286,45.426853],[-111.500801,45.427125],[-111.500542,45.42724],[-111.500315,45.427423],[-111.500023,45.427514],[-111.499341,45.427515],[-111.498366,45.427013],[-111.496871,45.426581],[-111.496384,45.426513],[-111.495637,45.426582],[-111.494988,45.426537],[-111.493525,45.425647]]}},{"id":"204","type":"Feature","properties":{"waterway":"stream","natural":null,"base_elevation":720},"geometry":{"type":"LineString","coordinates":[[-111.301168,45.187074],[-111.300876,45.187668],[-111.300357,45.189085],[-111.299417,45.190959],[-111.299319,45.191782],[-111.299027,45.192422],[-111.29841,45.194366],[-111.298474,45.195097],[-111.298665,45.19587],[-111.298678,45.196151]]}},{"id":"205","type":"Feature","properties":{"waterway":"stream","natural":null,"base_elevation":785},"geometry":{"type":"LineString","coordinates":[[-111.322932,45.357153],[-111.32212,45.357632],[-111.321309,45.357975],[-111.319655,45.3585],[-111.318584,45.358957],[-111.317253,45.359985],[-111.315858,45.360762],[-111.315241,45.361264],[-111.314041,45.361584],[-111.313587,45.361858]]}},{"id":"206","type":"Feature","properties":{"waterway":"stream","natural":null,"base_elevation":646},"geometry":{"type":"LineString","coordinates":[[-111.532369,45.280832],[-111.533114,45.280398],[-111.534248,45.280354],[-111.534636,45.2804],[-111.535511,45.280126],[-111.536062,45.280149],[-111.537228,45.279762],[-111.537843,45.279899],[-111.539009,45.279763],[-111.540208,45.279764],[-111.54079,45.280016],[-111.541438,45.280062],[-111.544318,45.281116],[-111.54516,45.281231],[-111.545808,45.281231],[-111.5461,45.281048]]}},{"id":"207","type":"Feature","properties":{"waterway":"stream","natural":null,"base_elevation":913},"geometry":{"type":"LineString","coordinates":[[-111.335442,45.415596],[-111.335246,45.41626],[-111.334954,45.416602],[-111.334564,45.416877],[-111.333947,45.417013],[-111.333493,45.417219],[-111.332291,45.418293],[-111.331186,45.418819],[-111.329107,45.420304],[-111.328458,45.421127],[-111.328294,45.422544],[-111.328391,45.42323],[-111.328454,45.425128],[-111.328161,45.426294],[-111.32842,45.427551],[-111.328906,45.428077],[-111.329977,45.428878],[-111.331308,45.42977],[-111.331632,45.43009],[-111.332346,45.430594]]}},{"id":"208","type":"Feature","properties":{"waterway":"stream","natural":null,"base_elevation":703},"geometry":{"type":"LineString","coordinates":[[-111.436873,45.301764],[-111.436765,45.302916],[-111.436928,45.303487],[-111.436831,45.304036],[-111.436443,45.304425],[-111.436185,45.30518],[-111.435764,45.305774],[-111.435311,45.306117],[-111.434955,45.306758],[-111.434956,45.307284],[-111.435086,45.307947],[-111.435735,45.308678],[-111.436352,45.310004],[-111.436676,45.310346],[-111.437456,45.311809],[-111.437642,45.313065]]}},{"id":"209","type":"Feature","properties":{"waterway":"stream","natural":null,"base_elevation":291},"geometry":{"type":"LineString","coordinates":[[-111.617198,45.2344],[-111.615904,45.2344],[-111.614965,45.234217],[-111.614092,45.234194],[-111.613089,45.233668],[-111.612086,45.233028],[-111.611115,45.232891],[-111.610533,45.232731],[-111.609627,45.232136],[-111.608494,45.23177],[-111.607912,45.231496],[-111.606035,45.230878],[-111.604806,45.229849],[-111.603965,45.229483],[-111.602606,45.228454],[-111.601345,45.226556],[-111.599178,45.225024],[-111.597981,45.22436],[-111.597917,45.224155],[-111.597334,45.22388],[-111.59714,45.223491]]}},{"id":"210","type":"Feature","properties":{"waterway":"stream","natural":null,"base_elevation":926},"geometry":{"type":"LineString","coordinates":[[-111.450172,45.396213],[-111.449815,45.39603],[-111.448484,45.395574],[-111.4479,45.395277],[-111.446179,45.394775],[-111.445595,45.394821],[-111.445498,45.39521],[-111.445336,45.395393],[-111.445044,45.395508],[-111.444915,45.395782],[-111.445012,45.396079],[-111.445597,45.396605],[-111.445793,45.397405],[-111.44654,45.397839],[-111.447125,45.39857],[-111.447872,45.399004],[-111.448554,45.399621],[-111.44888,45.400352],[-111.449562,45.40106],[-111.44953,45.401221],[-111.449044,45.401655],[-111.447811,45.402022],[-111.44593,45.403029],[-111.445573,45.403372]]}},{"id":"211","type":"Feature","properties":{"waterway":"stream","natural":null,"base_elevation":118},"geometry":{"type":"LineString","coordinates":[[-111.617852,45.403576],[-111.619832,45.402844],[-111.620416,45.40273],[-111.621033,45.402959],[-111.62298,45.402822],[-111.625122,45.402547],[-111.625804,45.402936],[-111.626615,45.40337],[-111.627199,45.403576],[-111.627654,45.403873],[-111.628238,45.403965],[-111.628822,45.403919],[-111.631451,45.402936]]}},{"id":"212","type":"Feature","properties":{"waterway":"stream","natural":null,"base_elevation":688},"geometry":{"type":"LineString","coordinates":[[-111.310209,45.169268],[-111.309561,45.170479],[-111.309172,45.171919],[-111.309268,45.172423],[-111.309267,45.173337],[-111.308975,45.174549],[-111.30836,45.175394],[-111.307227,45.176011],[-111.306936,45.1764],[-111.306417,45.177954],[-111.3058,45.180126],[-111.305249,45.181086],[-111.305119,45.18184],[-111.305377,45.182755],[-111.306345,45.184127],[-111.306536,45.186917],[-111.306373,45.187923],[-111.306501,45.189043],[-111.306338,45.189592],[-111.305367,45.191009],[-111.305237,45.191512],[-111.305268,45.191992],[-111.305816,45.194096],[-111.305847,45.19469],[-111.305295,45.196908],[-111.304776,45.197959],[-111.304057,45.198873],[-111.303819,45.199148]]}},{"id":"213","type":"Feature","properties":{"waterway":"stream","natural":null,"base_elevation":1166},"geometry":{"type":"LineString","coordinates":[[-111.514798,45.407639],[-111.514765,45.407959],[-111.514406,45.408714],[-111.512977,45.409329],[-111.512489,45.409695],[-111.512196,45.410495],[-111.512194,45.411478],[-111.51242,45.412095],[-111.513229,45.412942],[-111.513391,45.413285],[-111.512055,45.415867],[-111.511826,45.416713]]}},{"id":"214","type":"Feature","properties":{"waterway":"ditch","natural":null,"base_elevation":142},"geometry":{"type":"LineString","coordinates":[[-111.622591,45.380142],[-111.620872,45.379044],[-111.618017,45.378015],[-111.61766,45.377947],[-111.616687,45.377101],[-111.616038,45.376598],[-111.614741,45.376346]]}},{"id":"215","type":"Feature","properties":{"waterway":"stream","natural":null,"base_elevation":809},"geometry":{"type":"LineString","coordinates":[[-111.35567,45.40241],[-111.355638,45.402661],[-111.3558,45.403233],[-111.356579,45.404033],[-111.357,45.404673],[-111.357163,45.405176],[-111.35739,45.405496],[-111.358688,45.406594],[-111.360278,45.407577],[-111.361706,45.409041],[-111.36242,45.409429],[-111.363685,45.411144],[-111.364464,45.411762],[-111.364886,45.412333],[-111.3656,45.414185],[-111.365957,45.415946],[-111.366281,45.416403],[-111.367418,45.417341],[-111.368002,45.418072],[-111.368878,45.419055],[-111.369138,45.419878],[-111.368878,45.420359],[-111.368326,45.420862],[-111.36719,45.421685],[-111.366248,45.422462],[-111.3643,45.423285],[-111.362611,45.423742],[-111.361832,45.424062],[-111.360208,45.425456],[-111.359689,45.426599]]}},{"id":"216","type":"Feature","properties":{"waterway":"stream","natural":null,"base_elevation":634},"geometry":{"type":"LineString","coordinates":[[-111.435641,45.316605],[-111.435823,45.316723],[-111.435808,45.316977],[-111.436133,45.317732],[-111.436295,45.317823],[-111.437916,45.317731],[-111.438305,45.317799],[-111.438596,45.317936],[-111.439212,45.317547],[-111.440136,45.317347]]}},{"id":"217","type":"Feature","properties":{"waterway":"ditch","natural":null,"base_elevation":188},"geometry":{"type":"LineString","coordinates":[[-111.597522,45.361437],[-111.597036,45.360842],[-111.594864,45.360156],[-111.59441,45.35995],[-111.594248,45.35979]]}},{"id":"218","type":"Feature","properties":{"waterway":"stream","natural":null,"base_elevation":760},"geometry":{"type":"LineString","coordinates":[[-111.559146,45.257805],[-111.560506,45.257508],[-111.561154,45.25712],[-111.561704,45.256777],[-111.562417,45.256526],[-111.562838,45.256137],[-111.563325,45.25536],[-111.564782,45.254447],[-111.565463,45.253601],[-111.566305,45.253099],[-111.566856,45.252847],[-111.568118,45.252459],[-111.56909,45.252345],[-111.570287,45.252598],[-111.570967,45.252529],[-111.571841,45.252255],[-111.573006,45.252256],[-111.573622,45.252027],[-111.574108,45.251593],[-111.574141,45.250473],[-111.574083,45.249937],[-111.574018,45.249868]]}},{"id":"219","type":"Feature","properties":{"waterway":"stream","natural":null,"base_elevation":487},"geometry":{"type":"LineString","coordinates":[[-111.445573,45.403372],[-111.445304,45.403358],[-111.444934,45.403267],[-111.444553,45.403007],[-111.443759,45.403109],[-111.443024,45.402928],[-111.442345,45.403065],[-111.442057,45.40304],[-111.441576,45.402853],[-111.44016,45.403064],[-111.438315,45.403058],[-111.437349,45.403247],[-111.436322,45.404239],[-111.436028,45.40428],[-111.435144,45.404096],[-111.433985,45.404668],[-111.433532,45.404682],[-111.431811,45.405422],[-111.429952,45.406483],[-111.429611,45.406876],[-111.428602,45.407181],[-111.427572,45.407825],[-111.427202,45.408269],[-111.427041,45.408619],[-111.426084,45.409308],[-111.425539,45.410001],[-111.424987,45.410133],[-111.424118,45.410852],[-111.423732,45.411256],[-111.422873,45.411474],[-111.421553,45.411988],[-111.420681,45.41218],[-111.420226,45.412399],[-111.419577,45.412949],[-111.418561,45.413418],[-111.417487,45.414272],[-111.416264,45.414899],[-111.414966,45.415334],[-111.414265,45.415172],[-111.413508,45.415389],[-111.412697,45.415605],[-111.411497,45.415479],[-111.409717,45.415301],[-111.408386,45.415415],[-111.406002,45.415631],[-111.404349,45.415549],[-111.402287,45.41591],[-111.401291,45.416204],[-111.40066,45.41624],[-111.40035,45.416207],[-111.399167,45.416081]]}},{"id":"220","type":"Feature","properties":{"waterway":"stream","natural":null,"base_elevation":236},"geometry":{"type":"LineString","coordinates":[[-111.605405,45.175319],[-111.606052,45.175273],[-111.606537,45.175342],[-111.607345,45.17525],[-111.608379,45.175594],[-111.609317,45.176462],[-111.609801,45.1766],[-111.61145,45.176714],[-111.612517,45.176943],[-111.613487,45.177309],[-111.614424,45.177858],[-111.615006,45.178064],[-111.616073,45.178132],[-111.617269,45.178658],[-111.618077,45.179481],[-111.619273,45.179824],[-111.620016,45.180259],[-111.620437,45.180396],[-111.622635,45.181448],[-111.623249,45.182225],[-111.623766,45.182431],[-111.625383,45.183025],[-111.625803,45.18314],[-111.627064,45.183483],[-111.627355,45.18362],[-111.62826,45.184466],[-111.62923,45.185106],[-111.630297,45.185266],[-111.631106,45.185632],[-111.631817,45.185814],[-111.632658,45.185906],[-111.633951,45.1857],[-111.636085,45.185814],[-111.638833,45.186225]]}},{"id":"221","type":"Feature","properties":{"waterway":"stream","natural":null,"base_elevation":576},"geometry":{"type":"LineString","coordinates":[[-111.456566,45.374009],[-111.457991,45.372499],[-111.458704,45.372018],[-111.459903,45.371468],[-111.461297,45.370621],[-111.461458,45.370324],[-111.461522,45.369752],[-111.46311,45.368608],[-111.463629,45.368447],[-111.464926,45.368355],[-111.46619,45.367942],[-111.468361,45.366683],[-111.468848,45.366477],[-111.470826,45.366498],[-111.471864,45.366635],[-111.473713,45.366747],[-111.474394,45.366701],[-111.475852,45.365808],[-111.477146,45.364001],[-111.478216,45.363611],[-111.480552,45.363746],[-111.481427,45.3637],[-111.482011,45.363768],[-111.483924,45.363309],[-111.484118,45.363423],[-111.485351,45.363604],[-111.486227,45.363443],[-111.486259,45.363238],[-111.487295,45.362459],[-111.487587,45.362368],[-111.487813,45.362162],[-111.487942,45.36175],[-111.488914,45.361017],[-111.489075,45.360377],[-111.490212,45.359771]]}},{"id":"222","type":"Feature","properties":{"waterway":"stream","natural":null,"base_elevation":339},"geometry":{"type":"LineString","coordinates":[[-111.586638,45.154851],[-111.585539,45.154759],[-111.584828,45.15405],[-111.583795,45.153524],[-111.582988,45.152746],[-111.582438,45.15254],[-111.581275,45.152403],[-111.580597,45.151785],[-111.579144,45.150664],[-111.578143,45.149338],[-111.577853,45.149132],[-111.575947,45.148331],[-111.574881,45.148147],[-111.574106,45.147827],[-111.573944,45.14769],[-111.572458,45.147483],[-111.571812,45.147254],[-111.57107,45.146797],[-111.569616,45.146453],[-111.568162,45.146407],[-111.566321,45.1462],[-111.565546,45.146017],[-111.564996,45.145742],[-111.564641,45.145422],[-111.564222,45.145193],[-111.562736,45.144735],[-111.562284,45.14446],[-111.561639,45.1435],[-111.561317,45.142813],[-111.561026,45.142608],[-111.559314,45.142149],[-111.557958,45.141668],[-111.557764,45.14144]]}},{"id":"223","type":"Feature","properties":{"waterway":"stream","natural":null,"base_elevation":274},"geometry":{"type":"LineString","coordinates":[[-111.576863,45.401532],[-111.577707,45.401189],[-111.580011,45.400733],[-111.580952,45.400733],[-111.5829,45.400208],[-111.584295,45.400231],[-111.585951,45.399866],[-111.587704,45.399295],[-111.588061,45.398724],[-111.588386,45.398518],[-111.589457,45.398518],[-111.591891,45.397513],[-111.592216,45.397124],[-111.59358,45.396233],[-111.594229,45.395959],[-111.595235,45.395365],[-111.596079,45.395182]]}},{"id":"224","type":"Feature","properties":{"waterway":"ditch","natural":null,"base_elevation":159},"geometry":{"type":"LineString","coordinates":[[-111.629921,45.358353],[-111.629402,45.359153],[-111.6295,45.359336],[-111.629143,45.360228],[-111.628786,45.360937],[-111.628592,45.361508],[-111.628883,45.361828],[-111.628916,45.363017],[-111.628657,45.363726],[-111.628657,45.364069],[-111.62843,45.364366],[-111.627878,45.364526],[-111.627554,45.3648],[-111.626094,45.364915],[-111.625803,45.365098],[-111.62564,45.365166],[-111.624538,45.366515],[-111.623727,45.366721],[-111.622332,45.366332],[-111.621067,45.365761],[-111.619121,45.364938],[-111.61737,45.364823],[-111.616721,45.364617],[-111.616073,45.364114],[-111.614159,45.363383],[-111.613024,45.363291],[-111.612635,45.363337],[-111.612473,45.36352],[-111.612375,45.364023],[-111.611694,45.364068],[-111.610819,45.363862],[-111.60991,45.363748],[-111.608808,45.363451],[-111.607348,45.363199],[-111.606894,45.36329],[-111.606311,45.36313],[-111.6055,45.362764],[-111.603166,45.361141],[-111.602517,45.360935],[-111.598853,45.359471],[-111.598302,45.359379],[-111.595513,45.358098],[-111.592076,45.356748],[-111.591136,45.356519],[-111.590066,45.35645],[-111.589255,45.356725],[-111.588639,45.357182]]}},{"id":"225","type":"Feature","properties":{"waterway":"stream","natural":null,"base_elevation":435},"geometry":{"type":"LineString","coordinates":[[-111.544725,45.132011],[-111.545339,45.132172],[-111.545662,45.132378],[-111.549568,45.134347],[-111.550212,45.135353],[-111.550309,45.135902],[-111.550179,45.136382],[-111.54992,45.136771],[-111.550048,45.137685],[-111.55037,45.138463],[-111.551883,45.142762],[-111.553106,45.146421],[-111.553944,45.14816],[-111.555493,45.149784],[-111.556009,45.150561],[-111.556331,45.151339],[-111.55633,45.152208],[-111.556652,45.15358],[-111.556845,45.154449],[-111.556618,45.154723]]}},{"id":"226","type":"Feature","properties":{"waterway":"stream","natural":null,"base_elevation":112},"geometry":{"type":"LineString","coordinates":[[-111.624829,45.354878],[-111.625543,45.354764],[-111.625802,45.354832],[-111.625964,45.354855],[-111.626516,45.354855],[-111.627067,45.35497],[-111.627716,45.354969],[-111.628072,45.355084],[-111.629305,45.354901],[-111.629791,45.354695],[-111.631347,45.354535],[-111.632482,45.354535],[-111.633779,45.354077],[-111.635141,45.353849],[-111.637735,45.35362],[-111.638967,45.353322],[-111.639713,45.353505],[-111.641724,45.354259],[-111.644059,45.355654],[-111.645843,45.356979],[-111.647757,45.358122],[-111.64899,45.359288],[-111.650223,45.360042],[-111.652785,45.361116],[-111.653726,45.362213],[-111.654018,45.36235],[-111.655348,45.362556],[-111.655997,45.362556],[-111.658527,45.363241],[-111.659273,45.363263],[-111.65963,45.363378],[-111.660278,45.363743],[-111.660765,45.364292],[-111.661187,45.364635],[-111.661803,45.364817],[-111.664075,45.366417],[-111.665016,45.36756],[-111.666671,45.368702],[-111.66719,45.368976],[-111.668099,45.369799],[-111.669365,45.370256],[-111.670338,45.370896],[-111.671604,45.371284],[-111.672188,45.371238],[-111.673257,45.37062],[-111.673581,45.369843],[-111.673841,45.369751],[-111.674294,45.369111],[-111.674488,45.36847],[-111.675558,45.367853]]}},{"id":"227","type":"Feature","properties":{"waterway":"stream","natural":null,"base_elevation":850},"geometry":{"type":"LineString","coordinates":[[-111.467289,45.265696],[-111.467223,45.264896],[-111.466898,45.263867],[-111.466476,45.263456],[-111.466314,45.263022],[-111.466215,45.26197],[-111.466473,45.261513],[-111.466343,45.261124],[-111.465177,45.260485],[-111.46469,45.259959],[-111.463587,45.258268],[-111.46323,45.257903],[-111.461902,45.257241],[-111.460088,45.256693],[-111.458922,45.256443],[-111.457724,45.256284],[-111.452577,45.256333],[-111.450926,45.256403],[-111.450052,45.256312],[-111.448854,45.255764],[-111.447947,45.255239],[-111.445745,45.254828],[-111.444644,45.25444],[-111.443187,45.254212],[-111.443025,45.254052],[-111.442183,45.253664]]}},{"id":"228","type":"Feature","properties":{"waterway":"stream","natural":null,"base_elevation":502},"geometry":{"type":"LineString","coordinates":[[-111.340562,45.269477],[-111.34,45.269173],[-111.339674,45.269113],[-111.339274,45.269012],[-111.339063,45.268943],[-111.338946,45.268915],[-111.338867,45.26894],[-111.338805,45.268928],[-111.338782,45.268849],[-111.338705,45.268747],[-111.338586,45.268704],[-111.338454,45.26869],[-111.338314,45.26872],[-111.338037,45.268825],[-111.337971,45.268839],[-111.337878,45.268821],[-111.337833,45.268773],[-111.337819,45.268698],[-111.337774,45.268611],[-111.337706,45.268566],[-111.337627,45.268555],[-111.337473,45.268571],[-111.33742,45.268559],[-111.337333,45.268524],[-111.337292,45.268464],[-111.337265,45.26838],[-111.337209,45.268333],[-111.337111,45.268285],[-111.337052,45.268274],[-111.337015,45.268276],[-111.336996,45.268292],[-111.336996,45.268353],[-111.337017,45.268404],[-111.33701,45.268443],[-111.336969,45.268488],[-111.33691,45.268517],[-111.336861,45.268541],[-111.336778,45.268538],[-111.336743,45.268512],[-111.336611,45.268363],[-111.336385,45.26828],[-111.336258,45.268262],[-111.335926,45.268364],[-111.335823,45.268387],[-111.335761,45.268384],[-111.335687,45.268345],[-111.33563,45.268274],[-111.33549,45.268048],[-111.335385,45.267972],[-111.334981,45.267875],[-111.334917,45.267876],[-111.334896,45.267911],[-111.334887,45.26797],[-111.334853,45.268],[-111.334776,45.268022],[-111.334566,45.268026],[-111.334458,45.268034],[-111.334046,45.26815],[-111.333674,45.268194],[-111.333223,45.26821],[-111.332971,45.268206],[-111.332906,45.268191],[-111.332826,45.268153],[-111.332745,45.268032],[-111.332671,45.267977],[-111.332561,45.267953],[-111.33248,45.267906],[-111.332426,45.26783]]}},{"id":"229","type":"Feature","properties":{"waterway":"stream","natural":null,"base_elevation":1312},"geometry":{"type":"LineString","coordinates":[[-111.376797,45.36256],[-111.377349,45.362995],[-111.378646,45.364664],[-111.378873,45.365281],[-111.378614,45.366104],[-111.377349,45.368505],[-111.37683,45.369785],[-111.376506,45.370334],[-111.375922,45.370814],[-111.375792,45.37086],[-111.375208,45.371111],[-111.374689,45.371523]]}},{"id":"230","type":"Feature","properties":{"waterway":"stream","natural":null,"base_elevation":682},"geometry":{"type":"LineString","coordinates":[[-111.498856,45.24867],[-111.497982,45.248671],[-111.497077,45.249198],[-111.496528,45.24993],[-111.496073,45.250488],[-111.495395,45.251517],[-111.494362,45.252639],[-111.493911,45.253668],[-111.493559,45.255543],[-111.491428,45.258266],[-111.490038,45.259617],[-111.489813,45.260143],[-111.489328,45.260669],[-111.488716,45.262064],[-111.488458,45.262773],[-111.488298,45.263711],[-111.488922,45.264934],[-111.489102,45.265039],[-111.489144,45.265063],[-111.489175,45.265098],[-111.48922,45.265147],[-111.489265,45.265184],[-111.489537,45.265412],[-111.489759,45.265607],[-111.490053,45.267093],[-111.490509,45.26819],[-111.490999,45.270156],[-111.491453,45.270979],[-111.491746,45.271321],[-111.491876,45.271641],[-111.491618,45.27203],[-111.491586,45.272396],[-111.491683,45.272602],[-111.492365,45.273195],[-111.493015,45.274658],[-111.493181,45.276258],[-111.492473,45.278774],[-111.492442,45.279094],[-111.492572,45.27946],[-111.493221,45.280054],[-111.493936,45.28115],[-111.494067,45.281928],[-111.49394,45.283139],[-111.493586,45.284146],[-111.492713,45.285084],[-111.492294,45.285862],[-111.491906,45.286159],[-111.491681,45.28712],[-111.491652,45.288698],[-111.491427,45.289818],[-111.490717,45.291213],[-111.490721,45.292905],[-111.490982,45.293865],[-111.490822,45.294734],[-111.49037,45.295558],[-111.490079,45.295764],[-111.489691,45.296245],[-111.489661,45.297251],[-111.489403,45.298028],[-111.488789,45.298921],[-111.488272,45.299378],[-111.488601,45.300744],[-111.488922,45.30131],[-111.4893,45.301696],[-111.489395,45.301911],[-111.489406,45.301936],[-111.489537,45.301973],[-111.48956,45.302025],[-111.489547,45.302064],[-111.489446,45.302081],[-111.489443,45.30239]]}},{"id":"231","type":"Feature","properties":{"waterway":"stream","natural":null,"base_elevation":700},"geometry":{"type":"LineString","coordinates":[[-111.432027,45.32681],[-111.432675,45.326719],[-111.433453,45.326467],[-111.433777,45.326444],[-111.435138,45.326489]]}},{"id":"232","type":"Feature","properties":{"waterway":"stream","natural":null,"base_elevation":168},"geometry":{"type":"LineString","coordinates":[[-111.605417,45.320422],[-111.606064,45.322045],[-111.606162,45.322571],[-111.607004,45.323234],[-111.60817,45.326001],[-111.608818,45.327007],[-111.609596,45.327327],[-111.609952,45.327922],[-111.610373,45.329362],[-111.611442,45.3319],[-111.612382,45.334575],[-111.612835,45.335604],[-111.613872,45.337364],[-111.614909,45.338439],[-111.615882,45.339902],[-111.616303,45.341114],[-111.6164,45.341594],[-111.617146,45.343103],[-111.617891,45.343949],[-111.621036,45.345619],[-111.621295,45.345664],[-111.621911,45.345619],[-111.622463,45.345756],[-111.623857,45.347059]]}},{"id":"233","type":"Feature","properties":{"waterway":"stream","natural":null,"base_elevation":298},"geometry":{"type":"LineString","coordinates":[[-111.598683,45.304805],[-111.598942,45.305033],[-111.600562,45.305422],[-111.601664,45.305949],[-111.602344,45.306086],[-111.60458,45.30572],[-111.605487,45.305812],[-111.606232,45.306155],[-111.607301,45.30611],[-111.607884,45.30595],[-111.609893,45.306202],[-111.614007,45.307117],[-111.615044,45.307437],[-111.621168,45.309929],[-111.62201,45.310592]]}},{"id":"234","type":"Feature","properties":{"waterway":"stream","natural":null,"base_elevation":797},"geometry":{"type":"LineString","coordinates":[[-111.399137,45.284813],[-111.398301,45.285464],[-111.397635,45.286048],[-111.396981,45.286736],[-111.396599,45.287135],[-111.396377,45.287331]]}},{"id":"235","type":"Feature","properties":{"waterway":"stream","natural":null,"base_elevation":970},"geometry":{"type":"LineString","coordinates":[[-111.456631,45.191732],[-111.456826,45.192349],[-111.456924,45.193286],[-111.456828,45.193606],[-111.457152,45.194109],[-111.457185,45.194521],[-111.457347,45.195147],[-111.457677,45.195988],[-111.458279,45.196502],[-111.458554,45.196834],[-111.45912,45.197306],[-111.459457,45.197668],[-111.460521,45.198428],[-111.461039,45.198633],[-111.461428,45.199182],[-111.461947,45.20021],[-111.462335,45.200416],[-111.46253,45.200667],[-111.462498,45.201193],[-111.462887,45.201627],[-111.463146,45.201764],[-111.463697,45.202313],[-111.46415,45.202769],[-111.464507,45.203478],[-111.464508,45.203821],[-111.46467,45.204324],[-111.46479,45.20451],[-111.465089,45.204974],[-111.465156,45.205078],[-111.46519,45.205535],[-111.465514,45.206381],[-111.465936,45.206861],[-111.466066,45.207661],[-111.466261,45.207866],[-111.466843,45.208117],[-111.466941,45.208323],[-111.466717,45.209832],[-111.466912,45.210358],[-111.466816,45.211044],[-111.466494,45.211982],[-111.466106,45.212371],[-111.465784,45.212897],[-111.465687,45.213309],[-111.464332,45.215527],[-111.463751,45.216099],[-111.462394,45.217449],[-111.461748,45.217862],[-111.461133,45.218045],[-111.460519,45.218411],[-111.460067,45.218457],[-111.458967,45.218824],[-111.458094,45.21871],[-111.457544,45.218756],[-111.457156,45.218871],[-111.4568,45.219306]]}},{"id":"236","type":"Feature","properties":{"waterway":"stream","natural":null,"base_elevation":803},"geometry":{"type":"LineString","coordinates":[[-111.520527,45.309767],[-111.519912,45.309629],[-111.519264,45.309652],[-111.518097,45.310017],[-111.517188,45.310656],[-111.516084,45.311798],[-111.515369,45.312712],[-111.514688,45.313351],[-111.51433,45.313923],[-111.513973,45.314197],[-111.513519,45.314379],[-111.51274,45.315041],[-111.51196,45.316252],[-111.510208,45.317348],[-111.509754,45.317508],[-111.509429,45.317759]]}},{"id":"237","type":"Feature","properties":{"waterway":"stream","natural":null,"base_elevation":930},"geometry":{"type":"LineString","coordinates":[[-111.511013,45.417558],[-111.510623,45.417627],[-111.509486,45.418151],[-111.508122,45.418493],[-111.507017,45.419017],[-111.506757,45.418994],[-111.504062,45.419243],[-111.502826,45.420591],[-111.50211,45.421321],[-111.500972,45.421823],[-111.50079,45.421935],[-111.499785,45.422622],[-111.499103,45.4226],[-111.498519,45.422761],[-111.498292,45.423058],[-111.497678,45.424362],[-111.497387,45.424682],[-111.496932,45.424866],[-111.494405,45.425445],[-111.493525,45.425647]]}},{"id":"238","type":"Feature","properties":{"waterway":"stream","natural":null,"base_elevation":196},"geometry":{"type":"LineString","coordinates":[[-111.565618,45.355218],[-111.565879,45.355078],[-111.566881,45.355141],[-111.567674,45.355551],[-111.569003,45.355784],[-111.569643,45.355404],[-111.569869,45.35539],[-111.570618,45.355613],[-111.571048,45.355374],[-111.571343,45.355128],[-111.571524,45.355134],[-111.572714,45.35542],[-111.573212,45.355361],[-111.573645,45.355547],[-111.574575,45.355274],[-111.575011,45.35557],[-111.575124,45.355586],[-111.576312,45.35536],[-111.576611,45.355426],[-111.577051,45.355889],[-111.577654,45.355843],[-111.577933,45.355985],[-111.578194,45.356012],[-111.578587,45.355839],[-111.579272,45.356047],[-111.58024,45.356333],[-111.581732,45.356265],[-111.581927,45.356333],[-111.582673,45.356151],[-111.583645,45.356174],[-111.584002,45.356288],[-111.584226,45.356277],[-111.58466,45.356228],[-111.586945,45.356302],[-111.587359,45.356459],[-111.588087,45.357227],[-111.588639,45.357182]]}},{"id":"239","type":"Feature","properties":{"waterway":"stream","natural":null,"base_elevation":1336},"geometry":{"type":"LineString","coordinates":[[-111.505516,45.239622],[-111.504771,45.239758],[-111.503996,45.239277],[-111.503219,45.239025],[-111.502735,45.238636],[-111.501247,45.238154],[-111.500807,45.237945],[-111.500224,45.237671],[-111.499738,45.237695],[-111.498929,45.237559],[-111.497376,45.23788],[-111.496632,45.238133],[-111.49605,45.238133],[-111.495434,45.237631],[-111.494657,45.237243],[-111.494365,45.237243],[-111.493718,45.237107],[-111.493168,45.237153]]}},{"id":"240","type":"Feature","properties":{"waterway":"stream","natural":null,"base_elevation":760},"geometry":{"type":"LineString","coordinates":[[-111.552027,45.255514],[-111.552642,45.255217],[-111.553064,45.254714],[-111.553486,45.253777],[-111.553519,45.252886],[-111.553261,45.252405],[-111.553553,45.25204],[-111.554201,45.251514],[-111.555334,45.251172],[-111.55637,45.251058],[-111.557827,45.250465],[-111.558417,45.249929],[-111.559064,45.249404],[-111.560489,45.248856],[-111.564276,45.248995],[-111.565053,45.24927],[-111.566768,45.249591],[-111.56748,45.249934],[-111.568379,45.250722],[-111.569026,45.251042],[-111.569544,45.250997],[-111.569965,45.251134],[-111.570321,45.251203],[-111.571615,45.251364],[-111.572198,45.251295],[-111.572846,45.250907],[-111.573591,45.25045],[-111.573953,45.249937],[-111.574018,45.249868]]}},{"id":"241","type":"Feature","properties":{"waterway":"stream","natural":null,"base_elevation":771},"geometry":{"type":"LineString","coordinates":[[-111.245441,45.292695],[-111.243628,45.293085],[-111.241717,45.293316],[-111.239775,45.294004],[-111.239192,45.294187],[-111.238642,45.294256],[-111.238059,45.294211],[-111.236113,45.293459],[-111.234752,45.292888],[-111.234103,45.292683],[-111.233228,45.292318],[-111.232904,45.292021],[-111.232191,45.291839],[-111.230798,45.291726],[-111.230053,45.291772],[-111.22934,45.291613],[-111.228044,45.2915],[-111.227525,45.291226],[-111.226811,45.290427],[-111.226356,45.289741],[-111.225967,45.289444],[-111.223795,45.2886],[-111.222413,45.28822]]}},{"id":"242","type":"Feature","properties":{"waterway":"stream","natural":null,"base_elevation":938},"geometry":{"type":"LineString","coordinates":[[-111.33137,45.348422],[-111.330688,45.34952],[-111.330461,45.349954],[-111.329228,45.350685],[-111.328061,45.350913],[-111.327542,45.351096],[-111.327055,45.351576],[-111.326989,45.352193],[-111.327151,45.353016],[-111.326599,45.353976],[-111.325009,45.35537]]}},{"id":"243","type":"Feature","properties":{"waterway":"ditch","natural":null,"base_elevation":273},"geometry":{"type":"LineString","coordinates":[[-111.610519,45.146945],[-111.610778,45.147243],[-111.611488,45.147631],[-111.613394,45.151404],[-111.614299,45.152982],[-111.614945,45.155131]]}},{"id":"244","type":"Feature","properties":{"waterway":"stream","natural":null,"base_elevation":349},"geometry":{"type":"LineString","coordinates":[[-111.559554,45.187672],[-111.559942,45.187741],[-111.561332,45.187719],[-111.563143,45.187239],[-111.563726,45.186988],[-111.565019,45.186737],[-111.565343,45.186555],[-111.565666,45.186052],[-111.567575,45.18523],[-111.567834,45.184955],[-111.567931,45.184635],[-111.568125,45.184384],[-111.569128,45.184041],[-111.57013,45.183905],[-111.571165,45.183334],[-111.571553,45.183242],[-111.572944,45.18306],[-111.574011,45.182603],[-111.576404,45.18201],[-111.577989,45.181187],[-111.578926,45.181188],[-111.580058,45.180959],[-111.580672,45.181257]]}},{"id":"245","type":"Feature","properties":{"waterway":"stream","natural":null,"base_elevation":703},"geometry":{"type":"LineString","coordinates":[[-111.517211,45.281482],[-111.51773,45.28114],[-111.519576,45.280776],[-111.523301,45.280642],[-111.526182,45.281262],[-111.527218,45.281445],[-111.528967,45.281355],[-111.530198,45.281036],[-111.530878,45.281083],[-111.531656,45.280855],[-111.532369,45.280832]]}},{"id":"246","type":"Feature","properties":{"waterway":"stream","natural":null,"base_elevation":384},"geometry":{"type":"LineString","coordinates":[[-111.239042,45.223424],[-111.239127,45.223422],[-111.239222,45.223383],[-111.23934,45.223318],[-111.239544,45.223153],[-111.239613,45.223111],[-111.239685,45.223096],[-111.239749,45.223118],[-111.239814,45.223194],[-111.239886,45.223257],[-111.239923,45.223332],[-111.240052,45.223713],[-111.240546,45.223819],[-111.241595,45.223804],[-111.243196,45.224649],[-111.24462,45.224899],[-111.245332,45.225195],[-111.246435,45.226269],[-111.247244,45.226428],[-111.247374,45.226725],[-111.247957,45.226953],[-111.247925,45.227296],[-111.248088,45.227799],[-111.248078,45.228188],[-111.248434,45.228499],[-111.248021,45.228445],[-111.247769,45.228971],[-111.247115,45.229319],[-111.247307,45.229569],[-111.247209,45.22993]]}},{"id":"247","type":"Feature","properties":{"waterway":"stream","natural":null,"base_elevation":318},"geometry":{"type":"LineString","coordinates":[[-111.527449,45.346124],[-111.527879,45.346182],[-111.528379,45.346068],[-111.528796,45.3462],[-111.528847,45.346494],[-111.528911,45.346572],[-111.529464,45.346666],[-111.5296,45.34679],[-111.530077,45.346977],[-111.530315,45.347249],[-111.531986,45.347895]]}},{"id":"248","type":"Feature","properties":{"waterway":"stream","natural":null,"base_elevation":925},"geometry":{"type":"LineString","coordinates":[[-111.325009,45.35537],[-111.324846,45.35569],[-111.324197,45.356284],[-111.322932,45.357153]]}},{"id":"249","type":"Feature","properties":{"waterway":"stream","natural":null,"base_elevation":247},"geometry":{"type":"LineString","coordinates":[[-111.607447,45.299803],[-111.609192,45.299572],[-111.609424,45.299585],[-111.609525,45.29955],[-111.609596,45.299565],[-111.609969,45.299518],[-111.610292,45.299409],[-111.610708,45.299429],[-111.610823,45.299358],[-111.611713,45.299404],[-111.613328,45.299011],[-111.613985,45.298733],[-111.614171,45.298749],[-111.614678,45.298493],[-111.614716,45.298375],[-111.614924,45.298349],[-111.615216,45.298188],[-111.616912,45.297688],[-111.617311,45.297706],[-111.617526,45.297585],[-111.617958,45.297512],[-111.618084,45.297556],[-111.618395,45.297502],[-111.618488,45.297401],[-111.619139,45.297337],[-111.62023,45.297159],[-111.620475,45.296922],[-111.620783,45.296927],[-111.620948,45.296861],[-111.621844,45.296342],[-111.622064,45.296307],[-111.622031,45.296221],[-111.622626,45.295948],[-111.622691,45.295802],[-111.623164,45.295593],[-111.623551,45.295045],[-111.624078,45.294712],[-111.624232,45.294607],[-111.624446,45.294357],[-111.625093,45.294006],[-111.625122,45.29387],[-111.62538,45.293905],[-111.626113,45.29366],[-111.626276,45.293653],[-111.62629,45.293588],[-111.626948,45.293245],[-111.626879,45.293183],[-111.626927,45.293119],[-111.626937,45.29306],[-111.627094,45.29301],[-111.627206,45.292946],[-111.627388,45.292914],[-111.62751,45.292859],[-111.627547,45.292912],[-111.627675,45.29288],[-111.627733,45.292958],[-111.627851,45.292905],[-111.627969,45.292932],[-111.627969,45.292878],[-111.628073,45.292837],[-111.628293,45.292839],[-111.628225,45.292769],[-111.628367,45.292702],[-111.628527,45.292719],[-111.62862,45.292616],[-111.628846,45.292603],[-111.629109,45.292674],[-111.629168,45.292623],[-111.629145,45.292561],[-111.629282,45.292532],[-111.629548,45.292566],[-111.629579,45.292502],[-111.629536,45.292452],[-111.629591,45.292375],[-111.629642,45.292364],[-111.629787,45.292456],[-111.629845,45.292436],[-111.629911,45.292471],[-111.629964,45.292379],[-111.630032,45.292422],[-111.630076,45.292343],[-111.630159,45.292407],[-111.630243,45.292418],[-111.630301,45.292354],[-111.630507,45.29235],[-111.630552,45.292238],[-111.630578,45.292206],[-111.630697,45.292234],[-111.630812,45.29222],[-111.631011,45.292142],[-111.631094,45.292048],[-111.631379,45.292133],[-111.63163,45.29212],[-111.631806,45.292062],[-111.631807,45.29203],[-111.631873,45.291988],[-111.631985,45.292054],[-111.632252,45.292055],[-111.632285,45.291963],[-111.632479,45.291998],[-111.632535,45.291979],[-111.632608,45.292003],[-111.632646,45.291976],[-111.632603,45.291933],[-111.632683,45.291935],[-111.632709,45.2919],[-111.6328,45.29189],[-111.632946,45.291822],[-111.633139,45.291858],[-111.633234,45.291831],[-111.63337,45.291873],[-111.633569,45.29182],[-111.633653,45.291833],[-111.633793,45.291815],[-111.633874,45.291756],[-111.633949,45.291757],[-111.634014,45.291798],[-111.634055,45.291875],[-111.634105,45.291919],[-111.634664,45.291801],[-111.634792,45.291827],[-111.634887,45.291755],[-111.635057,45.291741],[-111.635104,45.29171],[-111.63528,45.291723],[-111.635509,45.291636],[-111.635611,45.29166],[-111.635824,45.291629],[-111.635928,45.291562],[-111.636,45.291485],[-111.636109,45.29145],[-111.636142,45.291341],[-111.636201,45.291337],[-111.636239,45.291301],[-111.63642,45.291293],[-111.63662,45.291226],[-111.636638,45.291156],[-111.636775,45.291211],[-111.637013,45.291088],[-111.637133,45.290984],[-111.637276,45.290931],[-111.637389,45.290925],[-111.637418,45.290873],[-111.637492,45.290868],[-111.637597,45.29077],[-111.637712,45.290738],[-111.637743,45.290672],[-111.637954,45.290645],[-111.638054,45.290582],[-111.63821,45.290539],[-111.638203,45.2905],[-111.638309,45.290472],[-111.638354,45.290491],[-111.638397,45.290452],[-111.638549,45.290429],[-111.638634,45.290328],[-111.63863,45.290279],[-111.638698,45.290249],[-111.638745,45.290245],[-111.638802,45.290204],[-111.63918,45.290152],[-111.63924,45.290075],[-111.639317,45.290048],[-111.639358,45.290016],[-111.639426,45.290009],[-111.63949,45.289949],[-111.639458,45.289909],[-111.639562,45.289881],[-111.639605,45.289912],[-111.639664,45.289821],[-111.639661,45.289776],[-111.63982,45.289731],[-111.639865,45.289664],[-111.639932,45.289656],[-111.639948,45.289618],[-111.639924,45.289583],[-111.640012,45.28956],[-111.640089,45.289587],[-111.640209,45.289531],[-111.640197,45.289452],[-111.640265,45.28941],[-111.640297,45.289429],[-111.640299,45.289451],[-111.640338,45.289472],[-111.640369,45.289432],[-111.640385,45.289378],[-111.640477,45.289301],[-111.640543,45.289317],[-111.640611,45.289278],[-111.640647,45.289239],[-111.640747,45.289229],[-111.640815,45.289163],[-111.640866,45.28919],[-111.641,45.289163],[-111.641009,45.289093],[-111.641118,45.289091],[-111.641186,45.289123],[-111.641211,45.289067],[-111.641342,45.28909],[-111.641375,45.28904],[-111.641436,45.289014],[-111.641475,45.288966],[-111.641583,45.288964],[-111.641644,45.28891],[-111.641767,45.288888],[-111.641782,45.288855],[-111.641839,45.28885],[-111.64197,45.288791],[-111.641968,45.288757],[-111.641986,45.288704],[-111.642102,45.288688],[-111.642337,45.288486],[-111.642431,45.288451],[-111.642454,45.288403],[-111.642465,45.288317],[-111.642517,45.288312],[-111.642611,45.288202],[-111.642735,45.288114],[-111.642904,45.288027],[-111.643058,45.288015],[-111.643074,45.287941],[-111.643243,45.287911],[-111.643248,45.287875],[-111.643307,45.287868],[-111.643332,45.287838],[-111.643402,45.287827],[-111.643397,45.287785],[-111.643445,45.287763],[-111.64352,45.287787],[-111.643647,45.287781],[-111.644012,45.287528],[-111.644141,45.287266],[-111.64427,45.287219],[-111.64427,45.287139],[-111.644498,45.286961],[-111.644743,45.286897],[-111.645272,45.286513],[-111.645487,45.286038],[-111.645592,45.285991],[-111.645613,45.285857],[-111.645716,45.285882],[-111.64584,45.2859],[-111.64584,45.285831],[-111.646038,45.285719],[-111.646145,45.285555],[-111.646114,45.285497],[-111.64631,45.285475],[-111.64661,45.285333],[-111.646708,45.285362],[-111.647002,45.28525],[-111.647105,45.285144],[-111.647242,45.28512],[-111.647379,45.284988],[-111.647339,45.284874],[-111.647466,45.28481],[-111.647508,45.284723],[-111.647668,45.28473],[-111.647745,45.284643],[-111.647879,45.284632],[-111.647926,45.284487],[-111.648009,45.284436],[-111.648158,45.284211],[-111.648313,45.284149],[-111.648675,45.283622],[-111.648788,45.28356],[-111.6487,45.283328],[-111.648984,45.283255],[-111.649062,45.28319],[-111.649052,45.283085],[-111.649294,45.283011]]}},{"id":"250","type":"Feature","properties":{"waterway":"stream","natural":null,"base_elevation":301},"geometry":{"type":"LineString","coordinates":[[-111.583238,45.164567],[-111.583723,45.164567],[-111.584821,45.164979],[-111.586793,45.165048],[-111.587601,45.165072],[-111.588408,45.165209],[-111.590153,45.165827],[-111.591575,45.166902],[-111.592544,45.167565],[-111.593643,45.168023],[-111.595,45.168275],[-111.595808,45.168595],[-111.596454,45.168778],[-111.597327,45.169053],[-111.597909,45.169624]]}},{"id":"251","type":"Feature","properties":{"waterway":"stream","natural":null,"base_elevation":364},"geometry":{"type":"LineString","coordinates":[[-111.544161,45.369299],[-111.544032,45.369002],[-111.544455,45.368156],[-111.544521,45.367448],[-111.544717,45.366213],[-111.544394,45.365001],[-111.543813,45.363401],[-111.542971,45.362531],[-111.542486,45.361502],[-111.542261,45.360221],[-111.541677,45.359924]]}},{"id":"252","type":"Feature","properties":{"waterway":"stream","natural":null,"base_elevation":480},"geometry":{"type":"LineString","coordinates":[[-111.305655,45.219978],[-111.30407,45.219794],[-111.303812,45.219588],[-111.301095,45.218512],[-111.30061,45.218603],[-111.300448,45.218946],[-111.298863,45.218876],[-111.297504,45.219104],[-111.296048,45.219034],[-111.294624,45.219262],[-111.294268,45.219239],[-111.292651,45.218872],[-111.291681,45.218757],[-111.28974,45.218938],[-111.28618,45.219507],[-111.283462,45.219757],[-111.28288,45.219893],[-111.281228,45.220944],[-111.280775,45.221058],[-111.27809,45.22069],[-111.277961,45.22053],[-111.276378,45.219317],[-111.275152,45.217235],[-111.274797,45.216914],[-111.273989,45.216502],[-111.273634,45.216044],[-111.272826,45.215541]]}},{"id":"253","type":"Feature","properties":{"waterway":"stream","natural":null,"base_elevation":286},"geometry":{"type":"LineString","coordinates":[[-111.595241,45.258643],[-111.595273,45.258711],[-111.597733,45.259261],[-111.598283,45.259238],[-111.599546,45.258918],[-111.600712,45.25821],[-111.601165,45.25805],[-111.601586,45.258073],[-111.602363,45.257753],[-111.602914,45.257021],[-111.603399,45.256861],[-111.604889,45.256564],[-111.60531,45.256176],[-111.605763,45.25501],[-111.606152,45.254667],[-111.606831,45.254576],[-111.607932,45.254096],[-111.608612,45.25389],[-111.609939,45.253684],[-111.610943,45.253456],[-111.611655,45.253456],[-111.612335,45.253136],[-111.612982,45.252382],[-111.613792,45.251719],[-111.614957,45.25021],[-111.615578,45.249924],[-111.616387,45.24949],[-111.618815,45.249033]]}},{"id":"254","type":"Feature","properties":{"waterway":"stream","natural":null,"base_elevation":273},"geometry":{"type":"LineString","coordinates":[[-111.605425,45.295478],[-111.6063,45.294746],[-111.607143,45.294175],[-111.608147,45.293764],[-111.608568,45.293695],[-111.610253,45.293147],[-111.610771,45.293078],[-111.611808,45.292484],[-111.612585,45.291478],[-111.614011,45.290838],[-111.614626,45.290266],[-111.615436,45.289809],[-111.618027,45.287432],[-111.618837,45.286426],[-111.619485,45.2859]]}},{"id":"255","type":"Feature","properties":{"waterway":"stream","natural":null,"base_elevation":644},"geometry":{"type":"LineString","coordinates":[[-111.373885,45.199055],[-111.373367,45.199924],[-111.3734,45.200678],[-111.37382,45.201593],[-111.37382,45.20221],[-111.373497,45.202965],[-111.371815,45.204497],[-111.370877,45.205869],[-111.370392,45.20612],[-111.36968,45.206257],[-111.369357,45.206463],[-111.368419,45.207263],[-111.367254,45.207972],[-111.367125,45.2082],[-111.365054,45.209755],[-111.361852,45.212544],[-111.361107,45.212956],[-111.360752,45.213047],[-111.359037,45.214373],[-111.35784,45.215036],[-111.355413,45.217093],[-111.354895,45.218145],[-111.354571,45.2197],[-111.353082,45.221254],[-111.353146,45.223198],[-111.352855,45.224021],[-111.352887,45.224455],[-111.352369,45.225713],[-111.352174,45.226536],[-111.352233,45.227461],[-111.352271,45.228068],[-111.351785,45.228708]]}},{"id":"256","type":"Feature","properties":{"waterway":"stream","natural":null,"base_elevation":724},"geometry":{"type":"LineString","coordinates":[[-111.404991,45.320053],[-111.40551,45.320076],[-111.40632,45.320007],[-111.408134,45.319206],[-111.408782,45.318955],[-111.41063,45.318977],[-111.412639,45.319662],[-111.413774,45.319616],[-111.415265,45.320004],[-111.415816,45.320073],[-111.416918,45.319958],[-111.417307,45.319981],[-111.418538,45.319889],[-111.418992,45.320072],[-111.419834,45.320071],[-111.420418,45.32014],[-111.421617,45.32007],[-111.423724,45.320435],[-111.424016,45.320664],[-111.425054,45.32183],[-111.425573,45.322195],[-111.42687,45.323498],[-111.427163,45.324618],[-111.42739,45.325029],[-111.42872,45.325715],[-111.429498,45.32592],[-111.430049,45.325943],[-111.430956,45.326217],[-111.432027,45.32681]]}},{"id":"257","type":"Feature","properties":{"waterway":"stream","natural":null,"base_elevation":650},"geometry":{"type":"LineString","coordinates":[[-111.359657,45.300965],[-111.359139,45.30021],[-111.358459,45.29909],[-111.358362,45.298633],[-111.357261,45.297901],[-111.356645,45.297352],[-111.356063,45.296666],[-111.354087,45.294768],[-111.351917,45.293259],[-111.351432,45.291521],[-111.351076,45.291109],[-111.350461,45.289669],[-111.349231,45.287999],[-111.348487,45.286559],[-111.347224,45.285095],[-111.345508,45.284134],[-111.344473,45.282579],[-111.344182,45.281322],[-111.344312,45.281047],[-111.344442,45.279973],[-111.344411,45.279159]]}},{"id":"258","type":"Feature","properties":{"waterway":"stream","natural":null,"base_elevation":718},"geometry":{"type":"LineString","coordinates":[[-111.51183,45.154848],[-111.51361,45.153569],[-111.514386,45.153296],[-111.515291,45.153159],[-111.51626,45.153275],[-111.516421,45.153572],[-111.516777,45.153664],[-111.517035,45.153893],[-111.517325,45.154007],[-111.51781,45.154008],[-111.518198,45.153825],[-111.519104,45.15298],[-111.519105,45.152683],[-111.519462,45.152089]]}},{"id":"259","type":"Feature","properties":{"waterway":"stream","natural":null,"base_elevation":254},"geometry":{"type":"LineString","coordinates":[[-111.658332,45.24322],[-111.656422,45.243061],[-111.656066,45.243129],[-111.655257,45.243015],[-111.654513,45.243153],[-111.652959,45.243176],[-111.651211,45.242239],[-111.650629,45.241988],[-111.649658,45.241828],[-111.648298,45.241874],[-111.645806,45.241577],[-111.645062,45.241554],[-111.644318,45.24144],[-111.640304,45.239543],[-111.638912,45.238995],[-111.638362,45.238606],[-111.637974,45.238423],[-111.637391,45.2384],[-111.636097,45.238103],[-111.634867,45.237715],[-111.634446,45.237418],[-111.633799,45.237143],[-111.632116,45.236709],[-111.630951,45.236595],[-111.629398,45.236138],[-111.628524,45.236069],[-111.627068,45.236138],[-111.626518,45.236046],[-111.625806,45.236023],[-111.625385,45.236001],[-111.623994,45.235566],[-111.622796,45.235086],[-111.622311,45.235063],[-111.62147,45.23472],[-111.620661,45.23456],[-111.618104,45.234446],[-111.617198,45.2344]]}},{"id":"260","type":"Feature","properties":{"waterway":"stream","natural":null,"base_elevation":465},"geometry":{"type":"LineString","coordinates":[[-111.561642,45.230268],[-111.563875,45.230269],[-111.565396,45.229996],[-111.566722,45.229951],[-111.567629,45.229837],[-111.570185,45.229198],[-111.570833,45.228901],[-111.571415,45.228741],[-111.573939,45.228537],[-111.575719,45.228423],[-111.576916,45.228126],[-111.578373,45.227167],[-111.579311,45.226915],[-111.580476,45.226779],[-111.582774,45.226162],[-111.583971,45.22566],[-111.585072,45.224837],[-111.585622,45.224563],[-111.58614,45.224426],[-111.586722,45.22438],[-111.58766,45.224586],[-111.589828,45.224221],[-111.590831,45.223878],[-111.591543,45.223604],[-111.59452,45.223011]]}},{"id":"261","type":"Feature","properties":{"waterway":"stream","natural":null,"base_elevation":364},"geometry":{"type":"LineString","coordinates":[[-111.593985,45.304826],[-111.594212,45.30533],[-111.594989,45.305604],[-111.595929,45.305559],[-111.596577,45.305673],[-111.59821,45.30595],[-111.601436,45.306497],[-111.604579,45.306429],[-111.604838,45.306566],[-111.604611,45.307069],[-111.604223,45.307275],[-111.604222,45.307618],[-111.604319,45.308075],[-111.604222,45.309836]]}},{"id":"262","type":"Feature","properties":{"waterway":"stream","natural":null,"base_elevation":705},"geometry":{"type":"LineString","coordinates":[[-111.571792,45.20542],[-111.572342,45.205718],[-111.573215,45.205878],[-111.573635,45.205833],[-111.57412,45.20613],[-111.57564,45.206337],[-111.576514,45.2062]]}},{"id":"263","type":"Feature","properties":{"waterway":"stream","natural":null,"base_elevation":1215},"geometry":{"type":"LineString","coordinates":[[-111.488988,45.397941],[-111.489702,45.397689],[-111.490155,45.397369],[-111.490967,45.397505],[-111.491259,45.397665],[-111.491779,45.397756],[-111.4922,45.397641],[-111.49285,45.397755],[-111.493695,45.398714],[-111.494021,45.398965],[-111.494832,45.399284],[-111.495222,45.399512],[-111.496067,45.399763]]}},{"id":"264","type":"Feature","properties":{"waterway":"stream","natural":null,"base_elevation":254},"geometry":{"type":"LineString","coordinates":[[-111.59714,45.223491],[-111.598338,45.223583],[-111.599793,45.223881],[-111.601993,45.224658],[-111.605584,45.225071],[-111.60691,45.225414],[-111.608043,45.225482],[-111.60869,45.225437],[-111.610599,45.225711],[-111.61351,45.226398],[-111.614934,45.226901],[-111.616778,45.22745],[-111.617361,45.22745],[-111.62312,45.228684],[-111.624446,45.229187],[-111.625255,45.229142],[-111.625805,45.229484],[-111.626711,45.230056],[-111.627423,45.230353],[-111.628329,45.230536],[-111.629624,45.231016],[-111.63218,45.231839],[-111.633733,45.232502],[-111.63561,45.232959],[-111.638619,45.233325],[-111.639105,45.233644],[-111.639364,45.233942],[-111.639785,45.234193],[-111.640464,45.234353],[-111.642794,45.235199],[-111.644154,45.235427],[-111.645319,45.235495],[-111.646063,45.23577],[-111.646678,45.236204],[-111.647811,45.23689],[-111.648944,45.237278],[-111.64985,45.237392],[-111.650529,45.237369],[-111.651759,45.237506],[-111.656517,45.238808],[-111.658361,45.238533]]}},{"id":"265","type":"Feature","properties":{"waterway":"stream","natural":null,"base_elevation":161},"geometry":{"type":"LineString","coordinates":[[-111.589806,45.357228],[-111.590131,45.356999],[-111.591557,45.357251],[-111.5936,45.358189],[-111.594767,45.358212],[-111.595383,45.358875],[-111.595772,45.359561],[-111.59681,45.359562],[-111.59788,45.359859],[-111.59989,45.360591],[-111.600409,45.36066],[-111.601414,45.361483],[-111.602095,45.361849]]}},{"id":"266","type":"Feature","properties":{"waterway":"stream","natural":null,"base_elevation":554},"geometry":{"type":"LineString","coordinates":[[-111.523357,45.178752],[-111.523583,45.178638],[-111.523908,45.178066],[-111.524328,45.17777],[-111.525072,45.177519],[-111.526431,45.177131],[-111.526948,45.177086],[-111.52821,45.176401],[-111.528825,45.17615],[-111.52931,45.175807],[-111.530151,45.175465],[-111.532061,45.173752],[-111.532385,45.173592],[-111.532644,45.173249],[-111.532618,45.172716],[-111.532612,45.172586]]}},{"id":"267","type":"Feature","properties":{"waterway":"stream","natural":null,"base_elevation":347},"geometry":{"type":"LineString","coordinates":[[-111.590396,45.293188],[-111.591821,45.293394],[-111.592631,45.293074],[-111.59357,45.293258],[-111.594186,45.293281],[-111.594672,45.293464],[-111.595158,45.29351],[-111.595741,45.29367],[-111.596518,45.294196],[-111.59791,45.295339],[-111.599529,45.296254],[-111.600533,45.296483],[-111.601376,45.296529],[-111.601635,45.296666],[-111.603028,45.296964],[-111.603611,45.297261],[-111.604712,45.298084],[-111.605694,45.298932],[-111.606885,45.299694],[-111.607447,45.299803]]}},{"id":"268","type":"Feature","properties":{"waterway":"stream","natural":null,"base_elevation":1000},"geometry":{"type":"LineString","coordinates":[[-111.379197,45.350969],[-111.378483,45.350077],[-111.377316,45.349048],[-111.376213,45.347516],[-111.375792,45.34683],[-111.3755,45.346396],[-111.375046,45.346099],[-111.374398,45.34603],[-111.37362,45.346167],[-111.371771,45.34571],[-111.369988,45.344612],[-111.369185,45.344011],[-111.36733,45.342623],[-111.366908,45.342395],[-111.366292,45.341274],[-111.365676,45.340954],[-111.36545,45.340725],[-111.365512,45.340506],[-111.365547,45.340382],[-111.366747,45.338942],[-111.367039,45.338096],[-111.366974,45.337022],[-111.36652,45.335878],[-111.366527,45.335787],[-111.366553,45.335421],[-111.366164,45.334164],[-111.365743,45.333272],[-111.365581,45.332426],[-111.364738,45.331214],[-111.364771,45.330963],[-111.364998,45.330665],[-111.364641,45.328951],[-111.364868,45.328287],[-111.365452,45.327647],[-111.366068,45.327442],[-111.366813,45.327442],[-111.367235,45.327327],[-111.367656,45.327053],[-111.367915,45.326596],[-111.368855,45.326001],[-111.369536,45.32543],[-111.370508,45.325156],[-111.370735,45.324653]]}},{"id":"269","type":"Feature","properties":{"waterway":"stream","natural":null,"base_elevation":273},"geometry":{"type":"LineString","coordinates":[[-111.596685,45.158626],[-111.597784,45.158192],[-111.598496,45.157667],[-111.599239,45.157621],[-111.600499,45.157324],[-111.601663,45.157233],[-111.60386,45.156936],[-111.604636,45.156685],[-111.605314,45.156365],[-111.60609,45.156273],[-111.60748,45.155885],[-111.608352,45.155519],[-111.610905,45.155245],[-111.612489,45.155108],[-111.613006,45.154994],[-111.61404,45.155017],[-111.614945,45.155131]]}},{"id":"270","type":"Feature","properties":{"waterway":"stream","natural":null,"base_elevation":838},"geometry":{"type":"LineString","coordinates":[[-111.505068,45.158865],[-111.505295,45.15866],[-111.505683,45.158523],[-111.506525,45.157632],[-111.507883,45.157222],[-111.509241,45.156743],[-111.509662,45.156309],[-111.50989,45.155624],[-111.51086,45.155213],[-111.511248,45.155213],[-111.51183,45.154848]]}},{"id":"271","type":"Feature","properties":{"waterway":"stream","natural":null,"base_elevation":265},"geometry":{"type":"LineString","coordinates":[[-111.54844,45.353108],[-111.548862,45.352869],[-111.549983,45.353251],[-111.552624,45.35271],[-111.553988,45.353255],[-111.554454,45.3532],[-111.55486,45.352738],[-111.555629,45.3531],[-111.55561,45.353829],[-111.555904,45.353989],[-111.556169,45.353931],[-111.556909,45.353589],[-111.557326,45.353634],[-111.557993,45.35412],[-111.557815,45.354423],[-111.557878,45.354663],[-111.558318,45.354777],[-111.558744,45.354678],[-111.560017,45.354788],[-111.560825,45.355053],[-111.561673,45.354758],[-111.562496,45.355012],[-111.563711,45.354959],[-111.564721,45.355393],[-111.565618,45.355218]]}},{"id":"272","type":"Feature","properties":{"waterway":"stream","natural":null,"base_elevation":693},"geometry":{"type":"LineString","coordinates":[[-111.410809,45.237415],[-111.410227,45.237918],[-111.409418,45.23833],[-111.408609,45.238948],[-111.407865,45.239862],[-111.407315,45.240045],[-111.406571,45.240366],[-111.406474,45.240549],[-111.406442,45.241006],[-111.406313,45.241349],[-111.406086,45.242018]]}},{"id":"273","type":"Feature","properties":{"waterway":"stream","natural":null,"base_elevation":374},"geometry":{"type":"LineString","coordinates":[[-111.564301,45.162433],[-111.565755,45.162685]]}},{"id":"274","type":"Feature","properties":{"waterway":"stream","natural":null,"base_elevation":645},"geometry":{"type":"LineString","coordinates":[[-111.416875,45.393281],[-111.415675,45.394242],[-111.413499,45.395054],[-111.413469,45.395065],[-111.41243,45.395477],[-111.412323,45.395579]]}},{"id":"275","type":"Feature","properties":{"waterway":"stream","natural":null,"base_elevation":612},"geometry":{"type":"LineString","coordinates":[[-111.565934,45.241725],[-111.566517,45.241566],[-111.568103,45.241543],[-111.5715,45.241842],[-111.572892,45.241843],[-111.575449,45.242187],[-111.577649,45.242919],[-111.579945,45.244155],[-111.580787,45.244315],[-111.581855,45.24427],[-111.583312,45.243653],[-111.583862,45.243608],[-111.584347,45.243814],[-111.585092,45.244271]]}},{"id":"276","type":"Feature","properties":{"waterway":"stream","natural":null,"base_elevation":447},"geometry":{"type":"LineString","coordinates":[[-111.5697,45.289933],[-111.570089,45.290185],[-111.570833,45.291077],[-111.571415,45.291672],[-111.572224,45.292701],[-111.574005,45.294028],[-111.57517,45.295286],[-111.576043,45.296681],[-111.576594,45.297138],[-111.576755,45.297504],[-111.576236,45.298396],[-111.576268,45.298716],[-111.57656,45.298967],[-111.577304,45.299311],[-111.577563,45.299585],[-111.577886,45.300614],[-111.578793,45.301163],[-111.579991,45.302284],[-111.580282,45.303084]]}},{"id":"277","type":"Feature","properties":{"waterway":"stream","natural":null,"base_elevation":710},"geometry":{"type":"LineString","coordinates":[[-111.463765,45.280652],[-111.463944,45.280755],[-111.464133,45.280828],[-111.464566,45.280951],[-111.464983,45.281588],[-111.46547,45.282457],[-111.465711,45.283433],[-111.467319,45.283896],[-111.467838,45.284512],[-111.469135,45.285243],[-111.470044,45.2865],[-111.471342,45.288396],[-111.472803,45.290041],[-111.473776,45.290589],[-111.475656,45.291594],[-111.476207,45.292073],[-111.476793,45.293262],[-111.477021,45.294336],[-111.476505,45.295503],[-111.476377,45.296326],[-111.477124,45.297194],[-111.477902,45.297833],[-111.478518,45.298153],[-111.4803,45.298334],[-111.480657,45.298585],[-111.481987,45.299293],[-111.483186,45.299497],[-111.483543,45.299657],[-111.48554,45.300944]]}},{"id":"278","type":"Feature","properties":{"waterway":"stream","natural":null,"base_elevation":939},"geometry":{"type":"LineString","coordinates":[[-111.44931,45.181997],[-111.448955,45.181768],[-111.447823,45.181609],[-111.447046,45.181152],[-111.446206,45.18097],[-111.4453,45.180993],[-111.444945,45.180925],[-111.444233,45.180468],[-111.442228,45.179921],[-111.441879,45.179876],[-111.441743,45.179875],[-111.440869,45.179441],[-111.439738,45.179465],[-111.438897,45.179282],[-111.437183,45.17846],[-111.436083,45.178095],[-111.435566,45.177844],[-111.434531,45.177181],[-111.432816,45.176359],[-111.42913,45.175035],[-111.426253,45.174464],[-111.424345,45.173916],[-111.423827,45.173688],[-111.423375,45.173368],[-111.422825,45.173094],[-111.421596,45.172317],[-111.42082,45.172089],[-111.420076,45.172066],[-111.419559,45.171883],[-111.418847,45.171358],[-111.418233,45.170878],[-111.417942,45.170261],[-111.418168,45.169963],[-111.418424,45.169793],[-111.418685,45.16962],[-111.418651,45.168774],[-111.418781,45.168431],[-111.418359,45.166739],[-111.417776,45.165322],[-111.417776,45.165002],[-111.418389,45.164156],[-111.41813,45.162784],[-111.418194,45.162418],[-111.418646,45.161435],[-111.419227,45.160543],[-111.419937,45.158965],[-111.419936,45.157982],[-111.420452,45.15693],[-111.421421,45.156038],[-111.421914,45.15576],[-111.422842,45.155237],[-111.423391,45.154482],[-111.423519,45.153728],[-111.423745,45.153179],[-111.424617,45.152081]]}},{"id":"279","type":"Feature","properties":{"waterway":"stream","natural":null,"base_elevation":453},"geometry":{"type":"LineString","coordinates":[[-111.476862,45.331809],[-111.477738,45.332357],[-111.479813,45.332904]]}},{"id":"280","type":"Feature","properties":{"waterway":"stream","natural":null,"base_elevation":874},"geometry":{"type":"LineString","coordinates":[[-111.495939,45.400929],[-111.495745,45.401272],[-111.495681,45.401593],[-111.495813,45.402278],[-111.495133,45.403354],[-111.494973,45.404085],[-111.493678,45.405893],[-111.49342,45.406785],[-111.49375,45.408979],[-111.493362,45.410077],[-111.493364,45.410969],[-111.493562,45.412432],[-111.493888,45.412866],[-111.495611,45.414053],[-111.496488,45.414349],[-111.498891,45.414827],[-111.499314,45.415101],[-111.499542,45.415649],[-111.499187,45.416541],[-111.497274,45.417618],[-111.496853,45.418053],[-111.49562,45.418626],[-111.494323,45.419381],[-111.493674,45.419565],[-111.493221,45.420046],[-111.49306,45.420572],[-111.492574,45.421075],[-111.491797,45.422036],[-111.491344,45.42318],[-111.491184,45.42335],[-111.490971,45.423576],[-111.490826,45.423729],[-111.490112,45.424073],[-111.489301,45.424302],[-111.48862,45.424646],[-111.487842,45.425241]]}},{"id":"281","type":"Feature","properties":{"waterway":"stream","natural":null,"base_elevation":1011},"geometry":{"type":"LineString","coordinates":[[-111.366712,45.356913],[-111.366096,45.356958],[-111.365771,45.356867],[-111.364961,45.356067],[-111.364474,45.355861],[-111.363469,45.355815],[-111.363015,45.355701],[-111.362302,45.355746],[-111.361977,45.355861],[-111.361523,45.355792],[-111.360356,45.355472],[-111.359221,45.355654],[-111.358151,45.35538],[-111.357145,45.355471],[-111.355621,45.355677],[-111.353449,45.355219],[-111.352476,45.355082],[-111.351017,45.354807],[-111.350336,45.354258],[-111.348812,45.353458],[-111.34797,45.352269],[-111.346932,45.3514],[-111.345863,45.350759],[-111.344858,45.349799],[-111.34408,45.349364],[-111.34207,45.348929],[-111.341681,45.348769],[-111.341292,45.3487],[-111.341,45.348517],[-111.339638,45.348265],[-111.338471,45.348402],[-111.337758,45.348287],[-111.336915,45.347944],[-111.333186,45.348469],[-111.33244,45.348514],[-111.332148,45.348446],[-111.33137,45.348422]]}},{"id":"282","type":"Feature","properties":{"waterway":"stream","natural":null,"base_elevation":533},"geometry":{"type":"LineString","coordinates":[[-111.452354,45.354006],[-111.452256,45.353777],[-111.45271,45.353457],[-111.453423,45.353137],[-111.453877,45.35309],[-111.454881,45.352747],[-111.455854,45.352586],[-111.456373,45.35254],[-111.456697,45.352677],[-111.458415,45.352447],[-111.459777,45.352057],[-111.460748,45.351279],[-111.461591,45.35089],[-111.462498,45.350341],[-111.463113,45.349677],[-111.4635,45.348579],[-111.463824,45.347847],[-111.464147,45.347596],[-111.465119,45.347206],[-111.466414,45.345925],[-111.466933,45.34565],[-111.467678,45.345489],[-111.469816,45.344047],[-111.470107,45.343658],[-111.470623,45.342103],[-111.471076,45.341623]]}},{"id":"283","type":"Feature","properties":{"waterway":"stream","natural":null,"base_elevation":465},"geometry":{"type":"LineString","coordinates":[[-111.399167,45.416081],[-111.398745,45.416675],[-111.398389,45.418344],[-111.398032,45.419122],[-111.396961,45.420197]]}},{"id":"284","type":"Feature","properties":{"waterway":"stream","natural":null,"base_elevation":558},"geometry":{"type":"LineString","coordinates":[[-111.490039,45.307973],[-111.489943,45.308842],[-111.490268,45.309162],[-111.490366,45.309436],[-111.48972,45.310763],[-111.489918,45.312477],[-111.490147,45.313712],[-111.490213,45.314306],[-111.490279,45.314626]]}},{"id":"285","type":"Feature","properties":{"waterway":"stream","natural":null,"base_elevation":274},"geometry":{"type":"LineString","coordinates":[[-111.573984,45.390785],[-111.576449,45.391197],[-111.578558,45.391884],[-111.579791,45.39225],[-111.582711,45.392732],[-111.583684,45.393052],[-111.584527,45.393464],[-111.585696,45.39367],[-111.587058,45.393488],[-111.589168,45.393511],[-111.589589,45.39358],[-111.59092,45.394152],[-111.591147,45.394472],[-111.591828,45.394929],[-111.592866,45.395318],[-111.593385,45.395433],[-111.594034,45.395342],[-111.595397,45.394748],[-111.595819,45.394816],[-111.596079,45.395182]]}},{"id":"286","type":"Feature","properties":{"waterway":"stream","natural":null,"base_elevation":209},"geometry":{"type":"LineString","coordinates":[[-111.596079,45.395182],[-111.596922,45.395159],[-111.59994,45.395915],[-111.601725,45.395846],[-111.603704,45.395709],[-111.606625,45.396007]]}},{"id":"287","type":"Feature","properties":{"waterway":"stream","natural":null,"base_elevation":1255},"geometry":{"type":"LineString","coordinates":[[-111.420872,45.360448],[-111.421261,45.360722],[-111.421326,45.360859]]}},{"id":"288","type":"Feature","properties":{"waterway":"stream","natural":null,"base_elevation":704},"geometry":{"type":"LineString","coordinates":[[-111.465758,45.300427],[-111.465499,45.300496],[-111.465014,45.301388],[-111.464367,45.301846],[-111.464271,45.302349],[-111.464498,45.302669],[-111.465633,45.303217],[-111.466087,45.303399],[-111.466801,45.304039],[-111.46758,45.30493],[-111.467905,45.305593],[-111.468683,45.306004],[-111.469007,45.30614],[-111.469948,45.307054],[-111.470564,45.307374],[-111.472801,45.307829],[-111.473352,45.307783],[-111.473806,45.307943],[-111.474065,45.308354],[-111.474423,45.308719],[-111.47627,45.309221],[-111.47721,45.309449],[-111.477632,45.309654],[-111.478798,45.309699],[-111.479187,45.309515],[-111.479997,45.309332],[-111.482231,45.308301],[-111.48317,45.308186],[-111.483494,45.307934],[-111.483719,45.307316],[-111.484075,45.306813],[-111.48456,45.306355]]}},{"id":"289","type":"Feature","properties":{"waterway":"stream","natural":null,"base_elevation":533},"geometry":{"type":"LineString","coordinates":[[-111.553027,45.283431],[-111.554323,45.2835],[-111.55497,45.283729],[-111.556006,45.284301],[-111.556912,45.284508],[-111.558564,45.285058],[-111.561056,45.286179],[-111.562221,45.286889],[-111.563031,45.287163],[-111.563938,45.28721],[-111.564391,45.287393],[-111.565653,45.288034],[-111.566268,45.288606],[-111.566851,45.288834],[-111.567369,45.28888],[-111.568243,45.289338],[-111.5697,45.289933]]}},{"id":"290","type":"Feature","properties":{"waterway":"stream","natural":null,"base_elevation":961},"geometry":{"type":"LineString","coordinates":[[-111.374338,45.157762],[-111.373045,45.157328],[-111.372528,45.157076],[-111.370266,45.155384],[-111.369393,45.155293],[-111.368585,45.15479],[-111.367358,45.154035],[-111.366421,45.153418],[-111.365871,45.152892],[-111.365484,45.152709],[-111.364159,45.152366],[-111.362769,45.15216],[-111.360863,45.151565],[-111.360088,45.151176],[-111.359118,45.150993],[-111.358569,45.15081],[-111.356792,45.149118],[-111.354466,45.148203],[-111.353885,45.148066],[-111.352819,45.147265],[-111.352302,45.146854],[-111.351914,45.146648],[-111.351591,45.146648],[-111.351171,45.146533],[-111.350525,45.14603],[-111.349589,45.144521],[-111.348491,45.14324],[-111.347878,45.142189],[-111.347264,45.141731],[-111.346812,45.141639],[-111.346198,45.141205],[-111.345197,45.140587],[-111.344551,45.140084],[-111.343194,45.139695],[-111.340287,45.139168],[-111.339997,45.139008],[-111.338834,45.138756],[-111.337962,45.138093],[-111.336444,45.137338],[-111.334733,45.136651],[-111.333796,45.136125],[-111.333118,45.135896],[-111.332569,45.135599]]}},{"id":"291","type":"Feature","properties":{"waterway":"stream","natural":null,"base_elevation":339},"geometry":{"type":"LineString","coordinates":[[-111.519288,45.348794],[-111.519678,45.348588],[-111.521106,45.347561],[-111.522015,45.347242],[-111.523247,45.34722],[-111.524155,45.347221],[-111.525355,45.34665],[-111.526134,45.346331],[-111.526783,45.34624],[-111.527449,45.346124]]}},{"id":"292","type":"Feature","properties":{"waterway":"stream","natural":null,"base_elevation":202},"geometry":{"type":"LineString","coordinates":[[-111.604253,45.313425],[-111.603539,45.31594],[-111.603117,45.316489],[-111.603117,45.317906],[-111.602889,45.31969],[-111.602857,45.32049],[-111.60344,45.321633],[-111.603828,45.322182],[-111.604573,45.32376],[-111.604638,45.324903],[-111.604929,45.325886],[-111.605544,45.327052],[-111.605674,45.328195],[-111.606483,45.331648],[-111.606839,45.332677],[-111.606839,45.333157],[-111.607001,45.333705],[-111.607357,45.334277],[-111.60794,45.336655],[-111.608491,45.337547],[-111.609074,45.338919],[-111.609884,45.340519],[-111.609754,45.341434],[-111.610013,45.3418],[-111.610273,45.34244]]}},{"id":"293","type":"Feature","properties":{"waterway":"stream","natural":null,"base_elevation":400},"geometry":{"type":"LineString","coordinates":[[-111.494097,45.334432],[-111.494639,45.334505],[-111.495424,45.33437],[-111.495662,45.334311],[-111.496269,45.334333],[-111.496441,45.334265],[-111.496832,45.333779],[-111.496921,45.333741],[-111.497588,45.333889],[-111.498192,45.334212],[-111.498889,45.334116],[-111.499431,45.334363],[-111.499946,45.33444],[-111.500462,45.334389],[-111.500927,45.334381],[-111.501705,45.334305],[-111.502284,45.334232],[-111.503386,45.333886],[-111.503485,45.333887],[-111.503578,45.333953],[-111.503617,45.334381],[-111.503778,45.334513],[-111.504057,45.334582],[-111.50433,45.334573],[-111.504599,45.334482],[-111.505291,45.334244],[-111.506296,45.334129],[-111.506874,45.334247],[-111.50758,45.334516],[-111.508043,45.334682],[-111.508448,45.335127],[-111.508598,45.335453],[-111.509612,45.335704],[-111.510239,45.335838],[-111.510549,45.336136],[-111.51102,45.336758],[-111.511478,45.33719],[-111.511912,45.33757],[-111.511936,45.337907],[-111.513084,45.338683],[-111.513544,45.338972],[-111.513958,45.339368]]}},{"id":"294","type":"Feature","properties":{"waterway":"stream","natural":null,"base_elevation":887},"geometry":{"type":"LineString","coordinates":[[-111.486411,45.191066],[-111.490227,45.191634],[-111.490939,45.19161],[-111.492457,45.19106],[-111.49388,45.191287],[-111.494786,45.191561],[-111.496858,45.192747],[-111.497733,45.193432],[-111.498995,45.193705],[-111.500063,45.194367],[-111.500646,45.194938],[-111.500808,45.195007],[-111.501855,45.195719],[-111.502534,45.195925],[-111.503536,45.195835],[-111.50441,45.195653],[-111.505121,45.195677],[-111.506026,45.196135],[-111.506414,45.196204],[-111.508321,45.196732],[-111.509387,45.19735],[-111.510453,45.197831]]}},{"id":"295","type":"Feature","properties":{"waterway":"stream","natural":null,"base_elevation":378},"geometry":{"type":"LineString","coordinates":[[-111.593985,45.304826],[-111.5958,45.305124],[-111.597808,45.305033],[-111.598683,45.304805]]}},{"id":"296","type":"Feature","properties":{"waterway":"stream","natural":null,"base_elevation":1214},"geometry":{"type":"LineString","coordinates":[[-111.46717,45.391628],[-111.466683,45.391606],[-111.464831,45.390418],[-111.464182,45.390464],[-111.463307,45.390808],[-111.462861,45.391323]]}},{"id":"297","type":"Feature","properties":{"waterway":"stream","natural":null,"base_elevation":809},"geometry":{"type":"LineString","coordinates":[[-111.351058,45.41176],[-111.351123,45.412537],[-111.351836,45.413978],[-111.351511,45.415258],[-111.35125,45.417636],[-111.35099,45.418024],[-111.351185,45.418893],[-111.350989,45.419968],[-111.351054,45.420448],[-111.351346,45.421065],[-111.352125,45.422003],[-111.353424,45.422392],[-111.353975,45.422666],[-111.355046,45.423444],[-111.357059,45.423878],[-111.357741,45.424153],[-111.358163,45.424564],[-111.35891,45.425616],[-111.359689,45.426599]]}},{"id":"298","type":"Feature","properties":{"waterway":"stream","natural":null,"base_elevation":696},"geometry":{"type":"LineString","coordinates":[[-111.441162,45.377951],[-111.440578,45.378066],[-111.440546,45.378317],[-111.440254,45.378615],[-111.439995,45.378706],[-111.439898,45.378912],[-111.439931,45.379438],[-111.439706,45.381221],[-111.439252,45.381907],[-111.438994,45.382639],[-111.439221,45.382891],[-111.439902,45.383027],[-111.44026,45.383187],[-111.440584,45.383484],[-111.440747,45.384193],[-111.441105,45.38449],[-111.44117,45.384833],[-111.440748,45.385176],[-111.439452,45.385954],[-111.434166,45.388586],[-111.432544,45.389113],[-111.431603,45.389319],[-111.428878,45.390143],[-111.428165,45.39099],[-111.427743,45.391219],[-111.426413,45.391585],[-111.424694,45.391723],[-111.424142,45.391632],[-111.42252,45.391633],[-111.420995,45.391862],[-111.418886,45.39248],[-111.418302,45.392777],[-111.416875,45.393281]]}},{"id":"299","type":"Feature","properties":{"waterway":"stream","natural":null,"base_elevation":949},"geometry":{"type":"LineString","coordinates":[[-111.51519,45.223741],[-111.515288,45.223238],[-111.515547,45.222872],[-111.516681,45.222324],[-111.517815,45.221342],[-111.519077,45.220841],[-111.519628,45.220498],[-111.520764,45.218487],[-111.520603,45.218007],[-111.520151,45.217366],[-111.520381,45.215789],[-111.520318,45.214851],[-111.519736,45.214371],[-111.519446,45.21389],[-111.519641,45.213204],[-111.519513,45.212473],[-111.518868,45.211672],[-111.518351,45.211374],[-111.517931,45.210894],[-111.51609,45.209589],[-111.513246,45.208443],[-111.512567,45.208419],[-111.511435,45.208121],[-111.51076,45.205994],[-111.509954,45.204941],[-111.509372,45.204369],[-111.509431,45.204108],[-111.509478,45.2039],[-111.509568,45.203501],[-111.509564,45.203482],[-111.509312,45.202083],[-111.510027,45.200552]]}},{"id":"300","type":"Feature","properties":{"waterway":"stream","natural":null,"base_elevation":580},"geometry":{"type":"LineString","coordinates":[[-111.559273,45.401226],[-111.559889,45.401363],[-111.561641,45.401616],[-111.563913,45.401663],[-111.564757,45.401595],[-111.56638,45.401801],[-111.567288,45.40171],[-111.56784,45.401528],[-111.568522,45.401414],[-111.573163,45.401759],[-111.574169,45.401302],[-111.576863,45.401532]]}},{"id":"301","type":"Feature","properties":{"waterway":"stream","natural":null,"base_elevation":453},"geometry":{"type":"LineString","coordinates":[[-111.396961,45.420197],[-111.396182,45.420928],[-111.395338,45.422414],[-111.394982,45.424907],[-111.395177,45.425387]]}},{"id":"302","type":"Feature","properties":{"waterway":"stream","natural":null,"base_elevation":374},"geometry":{"type":"LineString","coordinates":[[-111.556809,45.157215],[-111.557197,45.157398],[-111.558068,45.158542],[-111.558746,45.158977],[-111.559553,45.159778],[-111.561491,45.160922],[-111.562782,45.161997],[-111.563364,45.162226],[-111.564301,45.162433]]}},{"id":"303","type":"Feature","properties":{"waterway":"stream","natural":null,"base_elevation":921},"geometry":{"type":"LineString","coordinates":[[-111.421395,45.365935],[-111.421298,45.366392],[-111.421331,45.366643],[-111.421493,45.366872],[-111.421461,45.367444],[-111.421818,45.367809],[-111.42224,45.368038],[-111.422629,45.368083],[-111.42344,45.367969],[-111.423862,45.368083],[-111.424186,45.368311],[-111.424933,45.36838],[-111.425517,45.368631],[-111.426458,45.369545],[-111.426849,45.370848],[-111.426817,45.371351],[-111.426655,45.37206],[-111.42672,45.372403],[-111.426366,45.374689],[-111.426106,45.374872],[-111.425912,45.374941],[-111.425523,45.375078],[-111.425231,45.375353],[-111.425005,45.376633],[-111.424941,45.377479],[-111.424358,45.379034],[-111.424132,45.379812],[-111.42423,45.380749],[-111.424717,45.381412]]}},{"id":"304","type":"Feature","properties":{"waterway":"stream","natural":null,"base_elevation":192},"geometry":{"type":"LineString","coordinates":[[-111.574651,45.369545],[-111.576468,45.369112],[-111.57796,45.369021],[-111.580166,45.368359],[-111.581009,45.368336],[-111.581983,45.367856],[-111.582989,45.367194],[-111.583638,45.366554],[-111.583541,45.365616],[-111.583833,45.365205],[-111.585521,45.36452],[-111.58617,45.364085],[-111.587273,45.363491],[-111.588279,45.362371],[-111.588765,45.362006],[-111.589252,45.361434],[-111.589642,45.360703],[-111.590193,45.360566],[-111.591232,45.359812],[-111.592983,45.359675],[-111.594248,45.35979]]}},{"id":"305","type":"Feature","properties":{"waterway":"ditch","natural":null,"base_elevation":247},"geometry":{"type":"LineString","coordinates":[[-111.596547,45.178678],[-111.596805,45.178838],[-111.597484,45.179753],[-111.598194,45.180873],[-111.598356,45.181674],[-111.598549,45.182154],[-111.599099,45.182771],[-111.600165,45.183755],[-111.601006,45.184441],[-111.602137,45.185859],[-111.603138,45.186933],[-111.60427,45.188237],[-111.604819,45.189014],[-111.605142,45.189426],[-111.605207,45.189769],[-111.605563,45.190203],[-111.606435,45.190569],[-111.607211,45.191164],[-111.608795,45.192787],[-111.609668,45.193839],[-111.611414,45.194845]]}},{"id":"306","type":"Feature","properties":{"waterway":"stream","natural":null,"base_elevation":611},"geometry":{"type":"LineString","coordinates":[[-111.311241,45.201027],[-111.310949,45.201461],[-111.310205,45.201827],[-111.308199,45.202351],[-111.305773,45.202761],[-111.303443,45.203652],[-111.302699,45.203674],[-111.301987,45.204039]]}},{"id":"307","type":"Feature","properties":{"waterway":"stream","natural":null,"base_elevation":298},"geometry":{"type":"LineString","coordinates":[[-111.604222,45.309836],[-111.605323,45.30979],[-111.607073,45.309585],[-111.608661,45.309585],[-111.609957,45.309448],[-111.610994,45.309677],[-111.612711,45.310294],[-111.614558,45.310432],[-111.616048,45.310317],[-111.61864,45.310478],[-111.61958,45.310638],[-111.621427,45.310638],[-111.62201,45.310592]]}},{"id":"308","type":"Feature","properties":{"waterway":"stream","natural":null,"base_elevation":246},"geometry":{"type":"LineString","coordinates":[[-111.592289,45.325357],[-111.592386,45.325769],[-111.59326,45.326729],[-111.594426,45.328924],[-111.595722,45.331005],[-111.596078,45.331668],[-111.596109,45.33352],[-111.596724,45.33503]]}},{"id":"309","type":"Feature","properties":{"waterway":"stream","natural":null,"base_elevation":209},"geometry":{"type":"LineString","coordinates":[[-111.570423,45.382027],[-111.571493,45.382644],[-111.572498,45.382874],[-111.573309,45.382943],[-111.573796,45.383171],[-111.575189,45.384887],[-111.575838,45.385459],[-111.576583,45.385962],[-111.577945,45.387037],[-111.579113,45.38754],[-111.580898,45.387564],[-111.581514,45.38745],[-111.582001,45.387153],[-111.582423,45.387039],[-111.583072,45.387153],[-111.586023,45.389281],[-111.586834,45.389669],[-111.587385,45.389852],[-111.589332,45.39079],[-111.591213,45.391523],[-111.593452,45.392506],[-111.59462,45.392895],[-111.595982,45.393947],[-111.596793,45.394108],[-111.602829,45.394109],[-111.603997,45.394201],[-111.604873,45.394498],[-111.605392,45.394864],[-111.606625,45.396007]]}},{"id":"310","type":"Feature","properties":{"waterway":"stream","natural":null,"base_elevation":190},"geometry":{"type":"LineString","coordinates":[[-111.588639,45.357182],[-111.589806,45.357228]]}},{"id":"311","type":"Feature","properties":{"waterway":"stream","natural":null,"base_elevation":487},"geometry":{"type":"LineString","coordinates":[[-111.39871,45.411737],[-111.398451,45.412926],[-111.398452,45.413543],[-111.398679,45.413954],[-111.398777,45.41496],[-111.399167,45.416081]]}},{"id":"312","type":"Feature","properties":{"waterway":"stream","natural":null,"base_elevation":567},"geometry":{"type":"LineString","coordinates":[[-111.299598,45.176281],[-111.299209,45.177012],[-111.298529,45.177675],[-111.297235,45.178337],[-111.296167,45.179136],[-111.295423,45.179936],[-111.295293,45.18037],[-111.293998,45.181924],[-111.293057,45.183821],[-111.292472,45.185764],[-111.292407,45.186588],[-111.291984,45.187845],[-111.291723,45.189514],[-111.291818,45.190886],[-111.292139,45.192555],[-111.292429,45.193264],[-111.292814,45.195596],[-111.29304,45.195894],[-111.293201,45.196671],[-111.29323,45.198409],[-111.293456,45.199004],[-111.293519,45.199895],[-111.293421,45.20065],[-111.292967,45.201884],[-111.292706,45.202959],[-111.292155,45.20385],[-111.290311,45.20474],[-111.289694,45.205837],[-111.289176,45.206294],[-111.288624,45.207528],[-111.288591,45.208077],[-111.288817,45.208855]]}},{"id":"313","type":"Feature","properties":{"waterway":"ditch","natural":null,"base_elevation":173},"geometry":{"type":"LineString","coordinates":[[-111.624829,45.354878],[-111.621327,45.35282],[-111.619836,45.352317],[-111.617793,45.351426],[-111.614681,45.349573],[-111.612249,45.348727],[-111.609785,45.347721],[-111.608974,45.347515]]}},{"id":"314","type":"Feature","properties":{"waterway":"stream","natural":null,"base_elevation":286},"geometry":{"type":"LineString","coordinates":[[-111.545955,45.353035],[-111.546453,45.35305],[-111.547402,45.352741],[-111.547685,45.3528],[-111.548098,45.353125],[-111.54844,45.353108]]}},{"id":"315","type":"Feature","properties":{"waterway":"stream","natural":null,"base_elevation":593},"geometry":{"type":"LineString","coordinates":[[-111.440136,45.317347],[-111.440555,45.317631],[-111.440687,45.318274],[-111.44058,45.318731],[-111.440613,45.319599],[-111.44103,45.320358],[-111.441225,45.32061],[-111.441549,45.320815],[-111.442716,45.320975],[-111.44411,45.321225]]}},{"id":"316","type":"Feature","properties":{"waterway":"stream","natural":null,"base_elevation":822},"geometry":{"type":"LineString","coordinates":[[-111.505814,45.18923],[-111.507687,45.190489],[-111.509237,45.191314],[-111.509883,45.191497],[-111.511304,45.192345],[-111.51282,45.194175],[-111.513176,45.194427],[-111.514599,45.194337],[-111.515019,45.194383],[-111.515504,45.194681],[-111.516246,45.195368],[-111.518411,45.196353],[-111.519865,45.196697],[-111.520447,45.197018]]}},{"id":"317","type":"Feature","properties":{"waterway":"stream","natural":null,"base_elevation":286},"geometry":{"type":"LineString","coordinates":[[-111.585092,45.244271],[-111.585674,45.244226],[-111.586095,45.244271],[-111.586548,45.244111],[-111.587455,45.24354],[-111.588652,45.242992],[-111.590239,45.241689],[-111.590692,45.241506],[-111.592278,45.240958],[-111.59435,45.240593],[-111.596,45.240525],[-111.596518,45.240639],[-111.597165,45.240913],[-111.599009,45.242126],[-111.599656,45.242309],[-111.60108,45.242218],[-111.602019,45.242012],[-111.604284,45.241921],[-111.605288,45.241647],[-111.606485,45.24167],[-111.607359,45.241898],[-111.608297,45.242287],[-111.609624,45.243202],[-111.611274,45.244254],[-111.612828,45.244666],[-111.613637,45.245009],[-111.614381,45.24542],[-111.614931,45.245946],[-111.615579,45.246769],[-111.615935,45.247569],[-111.616646,45.248324],[-111.617391,45.248736],[-111.618168,45.24885],[-111.618815,45.249033]]}},{"id":"318","type":"Feature","properties":{"waterway":"stream","natural":null,"base_elevation":111},"geometry":{"type":"LineString","coordinates":[[-111.614741,45.376346],[-111.615584,45.378632],[-111.616298,45.379433],[-111.617206,45.380004],[-111.617433,45.380279],[-111.618179,45.382131],[-111.618179,45.382656],[-111.618471,45.383388],[-111.618795,45.383617],[-111.619639,45.383754],[-111.62152,45.384943],[-111.622851,45.386017],[-111.623597,45.386543],[-111.625544,45.387046],[-111.625803,45.387138],[-111.627458,45.387869],[-111.627912,45.388258],[-111.628302,45.388464],[-111.629794,45.388875],[-111.630476,45.389104],[-111.632358,45.390224],[-111.632909,45.390704],[-111.634142,45.391047],[-111.636674,45.392578],[-111.637226,45.393081],[-111.638524,45.394018],[-111.639238,45.39507],[-111.63992,45.396373],[-111.640115,45.397471],[-111.640504,45.397676],[-111.640797,45.398248],[-111.640894,45.398888],[-111.641024,45.399665],[-111.641317,45.399985],[-111.641641,45.401174],[-111.642356,45.401768],[-111.644238,45.403254],[-111.644855,45.403963],[-111.645083,45.404854],[-111.645732,45.406295],[-111.645766,45.408032],[-111.645441,45.408467],[-111.645506,45.408832],[-111.645993,45.409381],[-111.646221,45.410661],[-111.646676,45.411187]]}},{"id":"319","type":"Feature","properties":{"waterway":"stream","natural":null,"base_elevation":349},"geometry":{"type":"LineString","coordinates":[[-111.563787,45.190006],[-111.563594,45.189549],[-111.563691,45.189297],[-111.564015,45.188795],[-111.564112,45.188429],[-111.564759,45.188086],[-111.566344,45.187744],[-111.567087,45.187813],[-111.567831,45.187699],[-111.569544,45.18802],[-111.57032,45.187975],[-111.571129,45.187472],[-111.571906,45.186489],[-111.572521,45.186078],[-111.573395,45.184821],[-111.573912,45.184501],[-111.574624,45.184204],[-111.575271,45.183747],[-111.575853,45.183587],[-111.576112,45.183427],[-111.576306,45.183176],[-111.576888,45.182879],[-111.577761,45.18265],[-111.578505,45.182102],[-111.580672,45.181257]]}},{"id":"320","type":"Feature","properties":{"waterway":"ditch","natural":null,"base_elevation":244},"geometry":{"type":"LineString","coordinates":[[-111.611414,45.194845],[-111.612287,45.195051]]}},{"id":"321","type":"Feature","properties":{"waterway":"stream","natural":null,"base_elevation":240},"geometry":{"type":"LineString","coordinates":[[-111.618815,45.249033],[-111.619527,45.249124],[-111.620919,45.249444],[-111.622408,45.249925],[-111.622628,45.250004],[-111.623761,45.25037],[-111.625639,45.250599],[-111.6258,45.250645],[-111.627969,45.25117],[-111.629491,45.251376],[-111.630365,45.251148],[-111.631465,45.251193],[-111.633019,45.25149],[-111.634346,45.251993],[-111.635123,45.252107],[-111.63645,45.251787],[-111.637486,45.252039],[-111.637842,45.25229],[-111.63836,45.252313],[-111.640399,45.252793],[-111.641144,45.252907],[-111.6426,45.252838],[-111.643345,45.252861],[-111.643863,45.252747],[-111.64438,45.252426],[-111.644996,45.252495],[-111.645578,45.252403],[-111.646128,45.252586],[-111.646582,45.25286],[-111.646905,45.252883],[-111.648524,45.252586],[-111.649268,45.25254],[-111.649851,45.252242],[-111.650659,45.25103],[-111.65108,45.250939],[-111.65231,45.250321],[-111.652995,45.249921],[-111.653287,45.24976],[-111.653966,45.249532],[-111.654484,45.249463],[-111.656847,45.249508],[-111.657235,45.249622],[-111.657721,45.249919],[-111.657877,45.250023],[-111.658201,45.250068],[-111.658881,45.250457]]}},{"id":"322","type":"Feature","properties":{"waterway":"stream","natural":null,"base_elevation":300},"geometry":{"type":"LineString","coordinates":[[-111.562471,45.1815],[-111.562891,45.180883],[-111.562989,45.180449],[-111.563798,45.1799],[-111.565577,45.178507],[-111.567259,45.177753],[-111.571786,45.176498],[-111.57421,45.176361],[-111.575503,45.176431],[-111.575665,45.176499],[-111.578413,45.176615],[-111.579092,45.176546],[-111.581387,45.176662],[-111.582227,45.176479],[-111.582712,45.176525],[-111.586494,45.177509],[-111.588304,45.177738],[-111.590275,45.178082],[-111.591245,45.178425],[-111.592118,45.178517],[-111.592312,45.178974]]}},{"id":"323","type":"Feature","properties":{"waterway":"stream","natural":null,"base_elevation":1089},"geometry":{"type":"LineString","coordinates":[[-111.456714,45.159425],[-111.456098,45.158305],[-111.456,45.157665],[-111.455514,45.156888],[-111.45477,45.156179],[-111.453831,45.154831],[-111.452861,45.15458],[-111.452473,45.15426],[-111.452149,45.153666],[-111.452246,45.153232],[-111.452633,45.152614],[-111.452758,45.149756],[-111.452563,45.149116],[-111.45211,45.148567],[-111.451754,45.148247],[-111.450783,45.146968],[-111.450686,45.146716],[-111.450749,45.145825],[-111.450652,45.145253],[-111.450101,45.144613],[-111.449422,45.144179],[-111.44897,45.144042],[-111.447612,45.143243],[-111.446222,45.142786],[-111.445834,45.142695],[-111.444219,45.142719],[-111.443702,45.142651],[-111.442894,45.142446],[-111.441568,45.141326],[-111.441244,45.140549],[-111.44134,45.14],[-111.441275,45.139566],[-111.440208,45.138103],[-111.439495,45.136571],[-111.439398,45.136274],[-111.439623,45.135337],[-111.440526,45.133827],[-111.440534,45.133602],[-111.440557,45.132913],[-111.440135,45.131244]]}},{"id":"324","type":"Feature","properties":{"waterway":"stream","natural":null,"base_elevation":350},"geometry":{"type":"LineString","coordinates":[[-111.603995,45.310545],[-111.604091,45.311756],[-111.603897,45.312602],[-111.604253,45.313425]]}},{"id":"325","type":"Feature","properties":{"waterway":"stream","natural":null,"base_elevation":785},"geometry":{"type":"LineString","coordinates":[[-111.300484,45.337386],[-111.298279,45.337842],[-111.297792,45.338116],[-111.296884,45.338458],[-111.296203,45.338549],[-111.295716,45.339235],[-111.29471,45.339874],[-111.294481,45.341155],[-111.294543,45.343007],[-111.295059,45.345179],[-111.29684,45.347078],[-111.297423,45.347284],[-111.297909,45.347696],[-111.298168,45.348039],[-111.29956,45.349115],[-111.300111,45.349961],[-111.299688,45.350647],[-111.298974,45.351149],[-111.298811,45.351583],[-111.298908,45.352246],[-111.299037,45.352544],[-111.300235,45.354008],[-111.301208,45.354237],[-111.301661,45.354397],[-111.30244,45.354307],[-111.303218,45.35417],[-111.303801,45.354467],[-111.305617,45.354377],[-111.306331,45.354469],[-111.306914,45.354652],[-111.307206,45.354904],[-111.30753,45.35543],[-111.309344,45.356666],[-111.309765,45.357146],[-111.310316,45.357398],[-111.310737,45.358015],[-111.312163,45.358862],[-111.312876,45.35948],[-111.312973,45.359823],[-111.313069,45.360669],[-111.313587,45.361858]]}},{"id":"326","type":"Feature","properties":{"waterway":"stream","natural":null,"base_elevation":1074},"geometry":{"type":"LineString","coordinates":[[-111.381079,45.360554],[-111.381127,45.360506],[-111.381208,45.360482],[-111.381302,45.36047],[-111.381381,45.360432],[-111.381465,45.360318],[-111.381538,45.36021],[-111.38169,45.360107],[-111.382008,45.359885],[-111.382163,45.359727],[-111.382559,45.35956],[-111.382797,45.359313],[-111.383343,45.358964],[-111.383592,45.358765],[-111.383724,45.358643],[-111.383847,45.358537],[-111.384035,45.358346],[-111.384166,45.358211],[-111.384279,45.358092],[-111.384358,45.35803],[-111.385075,45.357855],[-111.38606,45.357647],[-111.386958,45.357413],[-111.387591,45.357379],[-111.387886,45.357502],[-111.388211,45.357662],[-111.388267,45.357792],[-111.388452,45.357966],[-111.388662,45.358122],[-111.388809,45.358239],[-111.388989,45.358316],[-111.389147,45.358518],[-111.389386,45.358657],[-111.389474,45.358755],[-111.389662,45.358966],[-111.389745,45.359023],[-111.389895,45.359117],[-111.390027,45.359211],[-111.390121,45.35953],[-111.390223,45.359754],[-111.390331,45.359864],[-111.390585,45.359924],[-111.390711,45.360027],[-111.390882,45.359984],[-111.391094,45.359967],[-111.391422,45.360022],[-111.391585,45.360067],[-111.391618,45.360116],[-111.391703,45.360248],[-111.3918,45.360423],[-111.391915,45.360499],[-111.391998,45.360515],[-111.392057,45.360553],[-111.392071,45.360585],[-111.392264,45.360791],[-111.392352,45.360845],[-111.392296,45.360968],[-111.392205,45.360957],[-111.392069,45.360935],[-111.391912,45.360947],[-111.391935,45.361049],[-111.392101,45.361063],[-111.392256,45.361068],[-111.392355,45.361151],[-111.392232,45.361192],[-111.392085,45.361273],[-111.392138,45.361341],[-111.392203,45.361347],[-111.392433,45.361345],[-111.392465,45.361465],[-111.392559,45.361912],[-111.392878,45.362313],[-111.393146,45.362528],[-111.393481,45.363054],[-111.39343,45.363222],[-111.393628,45.363495],[-111.39386,45.363861],[-111.394383,45.364275],[-111.394431,45.364276],[-111.394843,45.364283],[-111.394981,45.364477],[-111.395069,45.364511],[-111.395238,45.364475],[-111.395381,45.364434],[-111.395592,45.364481],[-111.395716,45.364573],[-111.395804,45.364671],[-111.395807,45.36479],[-111.395834,45.364914],[-111.395745,45.364988],[-111.395595,45.365061],[-111.39556,45.365121],[-111.395362,45.36521],[-111.395206,45.365289],[-111.395034,45.365355],[-111.394938,45.365434],[-111.394807,45.365557],[-111.39478,45.36566],[-111.394865,45.365969],[-111.395058,45.366171],[-111.395241,45.366537],[-111.395059,45.366788],[-111.394823,45.367489],[-111.394908,45.367645],[-111.395034,45.367814],[-111.39515,45.36789],[-111.395201,45.36798],[-111.395273,45.368334],[-111.395536,45.368775],[-111.395759,45.368966],[-111.39604,45.369086],[-111.396027,45.369339],[-111.395783,45.369493],[-111.395989,45.369702],[-111.396185,45.370049],[-111.396314,45.370266],[-111.396507,45.370415],[-111.396931,45.370694],[-111.397161,45.370927],[-111.397542,45.371202],[-111.398084,45.371489],[-111.398293,45.371587],[-111.398237,45.371735],[-111.398175,45.371888],[-111.398237,45.371977],[-111.398344,45.372033],[-111.398433,45.37206],[-111.398417,45.372161],[-111.398363,45.372227],[-111.398364,45.372259]]}},{"id":"327","type":"Feature","properties":{"waterway":"stream","natural":null,"base_elevation":580},"geometry":{"type":"LineString","coordinates":[[-111.55754,45.411605],[-111.559133,45.410142],[-111.55949,45.409502],[-111.560108,45.408908],[-111.561439,45.408223],[-111.564297,45.407402],[-111.567121,45.406351],[-111.568063,45.405894],[-111.569005,45.405643],[-111.569848,45.405575],[-111.570141,45.405392],[-111.570368,45.40505],[-111.57183,45.403907],[-111.572479,45.403633],[-111.573226,45.403519],[-111.573745,45.403291],[-111.574395,45.402514],[-111.575759,45.402011],[-111.576473,45.401851],[-111.576863,45.401532]]}},{"id":"328","type":"Feature","properties":{"waterway":"stream","natural":null,"base_elevation":400},"geometry":{"type":"LineString","coordinates":[[-111.52829,45.317822],[-111.527965,45.318188],[-111.527673,45.318393],[-111.527511,45.318736],[-111.527639,45.319308],[-111.527638,45.319971],[-111.527475,45.320588],[-111.525753,45.322896],[-111.52533,45.323924],[-111.524682,45.324129],[-111.523383,45.325546],[-111.522993,45.3263],[-111.520687,45.32863],[-111.519516,45.330641],[-111.519321,45.331258],[-111.519999,45.332859],[-111.519964,45.333979],[-111.519736,45.334596],[-111.519086,45.335304],[-111.518599,45.336013],[-111.51756,45.336972],[-111.516099,45.337839],[-111.515645,45.337839],[-111.515288,45.338044],[-111.515158,45.338364],[-111.514509,45.338661],[-111.513958,45.339368]]}},{"id":"329","type":"Feature","properties":{"waterway":"stream","natural":null,"base_elevation":285},"geometry":{"type":"LineString","coordinates":[[-111.608727,45.304989],[-111.609666,45.304921],[-111.610833,45.304738],[-111.611513,45.304441],[-111.612745,45.304304],[-111.61349,45.304419],[-111.61404,45.304327],[-111.61511,45.304259],[-111.616341,45.304556],[-111.617053,45.304602],[-111.618414,45.304305],[-111.619127,45.304373],[-111.62052,45.304762],[-111.621363,45.304831],[-111.622237,45.305036],[-111.623015,45.304922],[-111.623792,45.305105],[-111.625801,45.305059],[-111.627162,45.304991],[-111.628069,45.304739],[-111.629365,45.304602],[-111.630434,45.304602],[-111.631212,45.304853],[-111.633901,45.304762],[-111.636493,45.304556],[-111.637594,45.304533],[-111.638372,45.304853],[-111.64051,45.305035],[-111.641677,45.304829],[-111.64239,45.305012],[-111.644755,45.305263],[-111.646342,45.305446],[-111.648189,45.306131],[-111.64955,45.306566],[-111.65062,45.306542],[-111.652499,45.306908]]}},{"id":"330","type":"Feature","properties":{"waterway":"stream","natural":null,"base_elevation":590},"geometry":{"type":"LineString","coordinates":[[-111.380063,45.212956],[-111.379966,45.213528],[-111.379708,45.216683],[-111.377443,45.219404],[-111.376246,45.220204],[-111.375955,45.220662],[-111.375793,45.220982],[-111.375179,45.222216],[-111.375179,45.223725],[-111.375014,45.224153],[-111.374985,45.224228],[-111.373658,45.225417],[-111.371199,45.228321],[-111.370131,45.229121],[-111.369678,45.229739],[-111.369419,45.23047],[-111.36874,45.231339],[-111.367801,45.233328],[-111.367219,45.235363],[-111.367251,45.235637],[-111.366862,45.236575],[-111.366603,45.237467]]}},{"id":"331","type":"Feature","properties":{"waterway":"stream","natural":null,"base_elevation":1017},"geometry":{"type":"LineString","coordinates":[[-111.522125,45.304167],[-111.521542,45.304212],[-111.520796,45.304417],[-111.519174,45.305422],[-111.517553,45.305969],[-111.515349,45.306607],[-111.514895,45.306584],[-111.514248,45.3064],[-111.512952,45.306422],[-111.512466,45.306284],[-111.512013,45.305987],[-111.5113,45.305849],[-111.510685,45.305871]]}},{"id":"332","type":"Feature","properties":{"waterway":"stream","natural":null,"base_elevation":111},"geometry":{"type":"LineString","coordinates":[[-111.618339,45.399483],[-111.619313,45.398798],[-111.6198,45.398729],[-111.620481,45.398843],[-111.621844,45.398912],[-111.6247,45.399141],[-111.625447,45.399369],[-111.625804,45.399529],[-111.62655,45.399849],[-111.627264,45.400261],[-111.627654,45.400672],[-111.62853,45.40129],[-111.629114,45.401998],[-111.629374,45.402181],[-111.630315,45.402387],[-111.631451,45.402936]]}},{"id":"333","type":"Feature","properties":{"waterway":"stream","natural":null,"base_elevation":783},"geometry":{"type":"LineString","coordinates":[[-111.370735,45.324653],[-111.369666,45.323166],[-111.369504,45.322572],[-111.369083,45.322138],[-111.368856,45.321452],[-111.369245,45.320834],[-111.369485,45.319914],[-111.369537,45.319714],[-111.369375,45.318068],[-111.369245,45.317748],[-111.368727,45.317268],[-111.368468,45.316307],[-111.368403,45.315964],[-111.368111,45.31553],[-111.367528,45.315004],[-111.365325,45.313975],[-111.362083,45.312215],[-111.361113,45.311688],[-111.359881,45.311345],[-111.359321,45.311155],[-111.357322,45.310476],[-111.356252,45.310201],[-111.355378,45.309538],[-111.353596,45.308966],[-111.352753,45.308943],[-111.352206,45.30888],[-111.35149,45.308669],[-111.351004,45.308463],[-111.350064,45.308257],[-111.349784,45.308331],[-111.349546,45.308394],[-111.348963,45.308256],[-111.347926,45.307616],[-111.346857,45.307136],[-111.346371,45.307204],[-111.34595,45.306952],[-111.344688,45.304643],[-111.343327,45.303659]]}},{"id":"334","type":"Feature","properties":{"waterway":"stream","natural":null,"base_elevation":346},"geometry":{"type":"LineString","coordinates":[[-111.598683,45.304805],[-111.600433,45.304462],[-111.600854,45.304554],[-111.601567,45.304371],[-111.602247,45.30444],[-111.603187,45.304943],[-111.604385,45.304783],[-111.605779,45.304646],[-111.606977,45.305081],[-111.608727,45.304989]]}},{"id":"335","type":"Feature","properties":{"waterway":"stream","natural":null,"base_elevation":286},"geometry":{"type":"LineString","coordinates":[[-111.587721,45.321789],[-111.586878,45.322338],[-111.585938,45.322566],[-111.584868,45.323297],[-111.587558,45.32403],[-111.589729,45.324808],[-111.590636,45.325037],[-111.591641,45.325357],[-111.592289,45.325357]]}},{"id":"336","type":"Feature","properties":{"waterway":"stream","natural":null,"base_elevation":554},"geometry":{"type":"LineString","coordinates":[[-111.35282,45.229279],[-111.352594,45.229371],[-111.351946,45.229805],[-111.350813,45.231474],[-111.349842,45.232686],[-111.349454,45.233417],[-111.349389,45.234012],[-111.349356,45.235178],[-111.348999,45.236366],[-111.349161,45.237235],[-111.348383,45.238081]]}},{"id":"337","type":"Feature","properties":{"waterway":"stream","natural":null,"base_elevation":475},"geometry":{"type":"LineString","coordinates":[[-111.268279,45.173009],[-111.266499,45.174356],[-111.265722,45.174699],[-111.264072,45.175589],[-111.263586,45.176091],[-111.261675,45.177781],[-111.260444,45.179175],[-111.258858,45.180522],[-111.258273,45.181596],[-111.256134,45.184155],[-111.255875,45.184703],[-111.255129,45.185594],[-111.254352,45.186142],[-111.252896,45.186758],[-111.252019,45.187098],[-111.25145,45.187319],[-111.250782,45.187578],[-111.250491,45.187692],[-111.248716,45.189226],[-111.24723,45.189822],[-111.244808,45.191403],[-111.24358,45.191427],[-111.242805,45.191839],[-111.240673,45.192916],[-111.239961,45.192985],[-111.238812,45.192751],[-111.238506,45.192689],[-111.238085,45.192667],[-111.237722,45.192679]]}},{"id":"338","type":"Feature","properties":{"waterway":"ditch","natural":null,"base_elevation":289},"geometry":{"type":"LineString","coordinates":[[-111.596547,45.178678],[-111.595545,45.177718],[-111.594673,45.176391],[-111.594189,45.175156],[-111.593122,45.174196],[-111.591119,45.171909],[-111.590764,45.17136],[-111.588568,45.169119],[-111.586016,45.16706],[-111.585628,45.166854],[-111.585143,45.166305],[-111.583851,45.165505],[-111.583334,45.16507],[-111.583238,45.164567]]}},{"id":"339","type":"Feature","properties":{"waterway":"ditch","natural":null,"base_elevation":275},"geometry":{"type":"LineString","coordinates":[[-111.624058,45.217961],[-111.617167,45.217755],[-111.615647,45.217915],[-111.613544,45.21867],[-111.612574,45.219241],[-111.60937,45.220658],[-111.608367,45.221207],[-111.607818,45.221275],[-111.606265,45.221321],[-111.605488,45.221527],[-111.604453,45.221732],[-111.601994,45.222189],[-111.60002,45.222555],[-111.59905,45.222737],[-111.598532,45.222897],[-111.597917,45.222851]]}},{"id":"340","type":"Feature","properties":{"waterway":"stream","natural":null,"base_elevation":757},"geometry":{"type":"LineString","coordinates":[[-111.504505,45.271318],[-111.504083,45.271889],[-111.503466,45.272369],[-111.502914,45.273191],[-111.502588,45.27438],[-111.502619,45.274951],[-111.502746,45.276003],[-111.503101,45.276392],[-111.504298,45.277262],[-111.504491,45.277651],[-111.50504,45.27836],[-111.505331,45.278589],[-111.50546,45.278887],[-111.506656,45.280123],[-111.507011,45.280832],[-111.507366,45.281038],[-111.508497,45.281199],[-111.510247,45.281795],[-111.511187,45.281591],[-111.511868,45.281157],[-111.514491,45.280954],[-111.514847,45.281091],[-111.515204,45.281046],[-111.515916,45.281069],[-111.516531,45.281413],[-111.517211,45.281482]]}},{"id":"341","type":"Feature","properties":{"waterway":"stream","natural":null,"base_elevation":492},"geometry":{"type":"LineString","coordinates":[[-111.555004,45.388534],[-111.55468,45.38794],[-111.554227,45.386842],[-111.553287,45.386041],[-111.552866,45.385538],[-111.552542,45.385378],[-111.550791,45.384919],[-111.550175,45.38469],[-111.549656,45.384256],[-111.548717,45.382929],[-111.548005,45.381191],[-111.547358,45.379956],[-111.54697,45.378858],[-111.546614,45.378492],[-111.545706,45.37808],[-111.544766,45.377782],[-111.54441,45.376982],[-111.544282,45.375518],[-111.544251,45.374947],[-111.544284,45.374604],[-111.543962,45.372774],[-111.543931,45.371677],[-111.544388,45.369711],[-111.544161,45.369299]]}},{"id":"342","type":"Feature","properties":{"waterway":"stream","natural":null,"base_elevation":1268},"geometry":{"type":"LineString","coordinates":[[-111.517948,45.237141],[-111.517494,45.237644],[-111.517396,45.238056],[-111.517361,45.239267],[-111.517555,45.23945]]}},{"id":"343","type":"Feature","properties":{"waterway":"stream","natural":null,"base_elevation":762},"geometry":{"type":"LineString","coordinates":[[-111.544961,45.400668],[-111.547201,45.400395],[-111.547752,45.400441],[-111.549765,45.400305],[-111.550447,45.400123],[-111.551517,45.400101],[-111.55314,45.400148],[-111.555022,45.400377],[-111.555606,45.400561],[-111.559273,45.401226]]}},{"id":"344","type":"Feature","properties":{"waterway":"stream","natural":null,"base_elevation":164},"geometry":{"type":"LineString","coordinates":[[-111.587372,45.410018],[-111.587632,45.409515],[-111.589905,45.408029],[-111.590685,45.406978],[-111.591594,45.406406],[-111.592308,45.406087],[-111.594159,45.405218],[-111.594483,45.405127],[-111.595944,45.405059],[-111.597567,45.405128],[-111.599092,45.405037],[-111.600001,45.405151],[-111.600455,45.405288],[-111.601137,45.405357],[-111.601754,45.405266],[-111.602078,45.405129],[-111.602955,45.404443],[-111.604643,45.403757],[-111.606168,45.403483],[-111.606785,45.403209],[-111.607921,45.403072],[-111.610388,45.402592],[-111.611816,45.402524],[-111.612335,45.402432],[-111.613568,45.402364],[-111.615418,45.402776],[-111.616911,45.403484],[-111.617852,45.403576]]}},{"id":"345","type":"Feature","properties":{"waterway":"stream","natural":null,"base_elevation":925},"geometry":{"type":"LineString","coordinates":[[-111.346536,45.365963],[-111.346115,45.365872],[-111.34472,45.365917],[-111.343552,45.365597],[-111.342417,45.364956],[-111.341737,45.364293],[-111.340375,45.363813],[-111.33937,45.363012],[-111.338948,45.362898],[-111.336613,45.362988],[-111.334375,45.362919],[-111.332981,45.362233],[-111.332592,45.362027],[-111.332009,45.361066],[-111.331555,45.360609],[-111.329578,45.359671],[-111.328994,45.359282],[-111.328313,45.359098],[-111.327471,45.358481],[-111.325363,45.357657],[-111.324196,45.357428],[-111.323872,45.35745],[-111.32358,45.35729],[-111.322932,45.357153]]}},{"id":"346","type":"Feature","properties":{"waterway":"stream","natural":null,"base_elevation":289},"geometry":{"type":"LineString","coordinates":[[-111.592312,45.178974],[-111.59257,45.178837],[-111.592991,45.178746],[-111.59396,45.178883],[-111.596547,45.178678]]}},{"id":"347","type":"Feature","properties":{"waterway":"stream","natural":null,"base_elevation":645},"geometry":{"type":"LineString","coordinates":[[-111.397753,45.37492],[-111.39766,45.37508],[-111.397623,45.375219],[-111.397722,45.375387],[-111.39791,45.375564],[-111.398087,45.375723],[-111.398261,45.375928],[-111.398411,45.376022],[-111.39861,45.376197],[-111.3988,45.376356],[-111.398929,45.376421],[-111.399061,45.376435],[-111.399182,45.376442],[-111.400286,45.377067],[-111.400877,45.377265],[-111.401552,45.377555],[-111.401973,45.378356],[-111.402427,45.378676],[-111.404179,45.379613],[-111.405218,45.380481],[-111.406061,45.38106],[-111.406452,45.381784],[-111.406776,45.382333],[-111.407138,45.382873],[-111.407266,45.383325],[-111.407412,45.383916],[-111.407661,45.384415],[-111.409201,45.385848],[-111.409489,45.385936],[-111.409838,45.386018],[-111.410407,45.38695],[-111.410487,45.388029],[-111.410789,45.388887],[-111.411093,45.389179],[-111.411527,45.389533],[-111.411769,45.389952],[-111.411785,45.390554],[-111.411967,45.390946],[-111.412177,45.391142],[-111.4123,45.391466],[-111.412203,45.391718],[-111.412107,45.391944],[-111.412154,45.392187],[-111.41237,45.392407],[-111.412347,45.393389],[-111.412182,45.394062],[-111.412193,45.394476],[-111.412153,45.39459],[-111.412107,45.394785],[-111.412112,45.395131],[-111.412257,45.395406],[-111.412323,45.395579]]}},{"id":"348","type":"Feature","properties":{"waterway":"stream","natural":null,"base_elevation":394},"geometry":{"type":"LineString","coordinates":[[-111.272826,45.215541],[-111.271888,45.215837],[-111.270787,45.216088],[-111.269492,45.21691],[-111.267903,45.218943],[-111.267417,45.219194],[-111.266931,45.219628],[-111.266509,45.220131],[-111.26502,45.220861],[-111.264469,45.221363],[-111.263238,45.22214],[-111.261911,45.222276],[-111.259386,45.222982],[-111.258123,45.223964],[-111.256924,45.22458],[-111.255921,45.224739],[-111.253234,45.225582],[-111.251717,45.225974],[-111.251604,45.226071],[-111.251391,45.226163],[-111.251246,45.226186],[-111.251028,45.226199]]}},{"id":"349","type":"Feature","properties":{"waterway":"stream","natural":null,"base_elevation":1019},"geometry":{"type":"LineString","coordinates":[[-111.276253,45.345599],[-111.276511,45.346033],[-111.276607,45.347016],[-111.276995,45.347474],[-111.277092,45.347909],[-111.276637,45.348754],[-111.274917,45.349576],[-111.274528,45.34953],[-111.273912,45.3493],[-111.273555,45.349346],[-111.272646,45.349894],[-111.272451,45.350145],[-111.271673,45.350327],[-111.269498,45.3514],[-111.268882,45.351537],[-111.268297,45.352131],[-111.266411,45.354918],[-111.265891,45.355215],[-111.26547,45.355306],[-111.264302,45.35535],[-111.26362,45.355921],[-111.263101,45.356218],[-111.262061,45.35704],[-111.261833,45.357451],[-111.261411,45.357748],[-111.260665,45.357839]]}},{"id":"350","type":"Feature","properties":{"waterway":"ditch","natural":null,"base_elevation":244},"geometry":{"type":"LineString","coordinates":[[-111.612287,45.195051],[-111.612319,45.1956],[-111.612546,45.195783],[-111.612449,45.196103],[-111.61206,45.196377],[-111.611187,45.19672],[-111.610573,45.197475],[-111.610249,45.198161],[-111.610281,45.199029],[-111.609667,45.20015],[-111.609214,45.20079],[-111.608178,45.201773],[-111.607305,45.20319],[-111.60682,45.203464],[-111.605234,45.205339],[-111.604716,45.206802],[-111.60436,45.207785],[-111.603486,45.209294],[-111.602095,45.211055],[-111.601771,45.211603],[-111.601124,45.212037]]}},{"id":"351","type":"Feature","properties":{"waterway":"river","natural":null,"base_elevation":358},"geometry":{"type":"LineString","coordinates":[[-111.274236,45.267895],[-111.274069,45.267655],[-111.273656,45.267582],[-111.273272,45.267535],[-111.273069,45.267312],[-111.272899,45.267132],[-111.272595,45.266944],[-111.272286,45.267263],[-111.272078,45.26736],[-111.271892,45.267357],[-111.271816,45.267333],[-111.271553,45.267194],[-111.271248,45.26711],[-111.270151,45.266927],[-111.269909,45.266907],[-111.269666,45.266927],[-111.269468,45.266914],[-111.269159,45.26677],[-111.268558,45.266656],[-111.268214,45.266525],[-111.267775,45.266265],[-111.267206,45.266098],[-111.266676,45.266093],[-111.266195,45.266168],[-111.265568,45.266104],[-111.264153,45.265929],[-111.263384,45.265799],[-111.262903,45.265638],[-111.262509,45.265626],[-111.260979,45.265817],[-111.260582,45.265831],[-111.259427,45.265611],[-111.257787,45.265551],[-111.257421,45.26558],[-111.256974,45.265875],[-111.256723,45.265996],[-111.256398,45.266106],[-111.256126,45.266161],[-111.255859,45.266188],[-111.255668,45.266165],[-111.255036,45.26603],[-111.254515,45.265851],[-111.253633,45.265502],[-111.253314,45.265444],[-111.25264,45.265399],[-111.252462,45.265344]]}},{"id":"352","type":"Feature","properties":{"waterway":"stream","natural":null,"base_elevation":1110},"geometry":{"type":"LineString","coordinates":[[-111.274645,45.319601],[-111.273835,45.319601],[-111.27257,45.320034],[-111.272214,45.320056],[-111.271436,45.319941],[-111.270885,45.320032],[-111.270431,45.320283],[-111.26975,45.320443],[-111.26907,45.320351],[-111.268486,45.320373],[-111.268162,45.320327],[-111.26787,45.320373],[-111.267093,45.320395]]}},{"id":"353","type":"Feature","properties":{"waterway":"stream","natural":null,"base_elevation":648},"geometry":{"type":"LineString","coordinates":[[-111.372138,45.211242],[-111.370456,45.212911],[-111.370229,45.213551],[-111.368288,45.216249],[-111.366962,45.217529],[-111.366282,45.217941],[-111.365732,45.218146],[-111.365215,45.218238],[-111.364212,45.218581],[-111.362691,45.219792],[-111.360814,45.221004],[-111.359714,45.222261],[-111.357805,45.223793],[-111.356899,45.224684],[-111.356575,45.225347],[-111.355998,45.22716],[-111.355927,45.227382],[-111.355409,45.228045],[-111.354309,45.2288],[-111.35282,45.229279]]}},{"id":"354","type":"Feature","properties":{"waterway":"stream","natural":null,"base_elevation":667},"geometry":{"type":"LineString","coordinates":[[-111.340676,45.192259],[-111.340094,45.192602],[-111.339446,45.193379],[-111.338961,45.193814],[-111.337473,45.194522],[-111.335403,45.195001],[-111.333689,45.195047],[-111.333269,45.194932],[-111.332525,45.194909],[-111.331555,45.195206],[-111.330294,45.195457],[-111.327771,45.195799],[-111.327318,45.195982],[-111.32596,45.196027],[-111.325475,45.196209],[-111.324148,45.196918],[-111.32266,45.197649],[-111.320299,45.198494],[-111.31894,45.198767],[-111.316223,45.199017],[-111.315835,45.199154],[-111.315091,45.199657],[-111.312179,45.200913],[-111.311241,45.201027]]}},{"id":"355","type":"Feature","properties":{"waterway":"stream","natural":null,"base_elevation":872},"geometry":{"type":"LineString","coordinates":[[-111.4568,45.219306],[-111.456445,45.219443],[-111.455377,45.219398],[-111.454051,45.219491],[-111.452628,45.219606],[-111.451205,45.21995],[-111.450752,45.220293],[-111.449297,45.220911],[-111.447938,45.221118],[-111.447551,45.22137],[-111.446806,45.221073],[-111.446483,45.221073],[-111.444963,45.22144],[-111.443539,45.221624],[-111.441857,45.221945],[-111.440369,45.221923]]}},{"id":"356","type":"Feature","properties":{"waterway":"stream","natural":null,"base_elevation":944},"geometry":{"type":"LineString","coordinates":[[-111.401795,45.34605],[-111.401211,45.344815],[-111.400076,45.343512],[-111.399394,45.341729],[-111.398875,45.340723],[-111.397383,45.339009],[-111.39589,45.335099],[-111.395533,45.333682],[-111.394625,45.331899],[-111.394236,45.33135],[-111.393328,45.330824],[-111.392615,45.330642],[-111.39161,45.330024],[-111.391188,45.32991],[-111.390086,45.329865],[-111.389847,45.329613],[-111.389899,45.329398],[-111.389625,45.329164],[-111.389397,45.329036],[-111.38935,45.328864],[-111.389499,45.328864],[-111.389548,45.328813],[-111.389495,45.328434],[-111.389274,45.328162],[-111.389352,45.327907],[-111.389182,45.327715],[-111.389065,45.32745],[-111.388641,45.327331],[-111.388315,45.327171],[-111.387902,45.326266],[-111.388471,45.325928],[-111.388648,45.325288],[-111.388659,45.3244],[-111.389371,45.323669],[-111.390473,45.32328],[-111.39057,45.322914],[-111.391348,45.322022],[-111.392255,45.32065],[-111.392125,45.319667],[-111.391768,45.319027],[-111.391217,45.318456],[-111.389824,45.318204],[-111.389338,45.317747],[-111.388109,45.316966],[-111.387901,45.316668],[-111.387798,45.316028],[-111.387744,45.31555],[-111.38801,45.315101],[-111.387846,45.314569],[-111.387826,45.313857],[-111.388073,45.313037],[-111.388105,45.312626],[-111.38829,45.312369],[-111.388025,45.312155],[-111.388169,45.311871],[-111.388234,45.31146],[-111.387975,45.311162],[-111.38723,45.310957],[-111.387021,45.310303],[-111.387098,45.309908],[-111.386639,45.309721],[-111.386811,45.309508],[-111.387267,45.308988],[-111.386984,45.308778],[-111.387088,45.308709],[-111.387242,45.308725],[-111.387207,45.308482],[-111.387046,45.30859],[-111.386894,45.308565],[-111.386931,45.308481],[-111.387113,45.308165],[-111.387009,45.308],[-111.386917,45.308083],[-111.386779,45.307938],[-111.386454,45.30798],[-111.386354,45.307893],[-111.386515,45.30772],[-111.386166,45.307669],[-111.385946,45.307645],[-111.38585,45.307606],[-111.385694,45.307503],[-111.385469,45.307411],[-111.385341,45.307261],[-111.385395,45.307052],[-111.385373,45.307013],[-111.385206,45.306998],[-111.385041,45.306875],[-111.385029,45.306808]]}},{"id":"357","type":"Feature","properties":{"waterway":"stream","natural":null,"base_elevation":611},"geometry":{"type":"LineString","coordinates":[[-111.301688,45.202675],[-111.301822,45.202979],[-111.301987,45.204039]]}},{"id":"358","type":"Feature","properties":{"waterway":"ditch","natural":null,"base_elevation":271},"geometry":{"type":"LineString","coordinates":[[-111.61685,45.159521],[-111.616334,45.157875],[-111.6153,45.155748],[-111.614945,45.155131]]}},{"id":"359","type":"Feature","properties":{"waterway":"stream","natural":null,"base_elevation":142},"geometry":{"type":"LineString","coordinates":[[-111.606625,45.396007],[-111.607144,45.396327],[-111.607825,45.397082],[-111.608279,45.397951],[-111.608474,45.398111],[-111.609253,45.398294],[-111.609967,45.399003],[-111.610518,45.399026],[-111.61279,45.39962],[-111.614413,45.399415],[-111.615127,45.39946],[-111.617431,45.3993],[-111.618339,45.399483]]}},{"id":"360","type":"Feature","properties":{"waterway":"stream","natural":null,"base_elevation":644},"geometry":{"type":"LineString","coordinates":[[-111.382807,45.177174],[-111.382225,45.178157],[-111.381256,45.178957],[-111.377118,45.181427],[-111.376471,45.18161],[-111.375792,45.18193],[-111.375372,45.182136],[-111.374855,45.18257],[-111.373723,45.183256],[-111.372883,45.18417],[-111.372301,45.185222],[-111.371686,45.186045],[-111.370975,45.186823],[-111.369908,45.18728],[-111.369552,45.187303],[-111.369002,45.187714],[-111.368356,45.189063],[-111.367612,45.189955],[-111.366351,45.190755],[-111.364475,45.192287],[-111.363052,45.193133],[-111.362567,45.193659],[-111.362082,45.194001],[-111.361435,45.194276],[-111.360853,45.194801],[-111.359947,45.195899],[-111.359591,45.196539],[-111.359203,45.196882],[-111.358524,45.197248],[-111.357392,45.197933],[-111.356357,45.199031],[-111.355612,45.20038],[-111.354221,45.201637],[-111.353121,45.202826],[-111.352118,45.2047],[-111.351374,45.205592],[-111.350824,45.206323],[-111.350564,45.208038],[-111.349787,45.210256],[-111.350078,45.210896],[-111.350174,45.211879],[-111.349494,45.214188],[-111.34917,45.21524],[-111.348975,45.217526],[-111.349266,45.21883],[-111.349718,45.220293],[-111.349685,45.221208],[-111.349846,45.222374],[-111.350105,45.222991],[-111.350137,45.223586],[-111.350524,45.225529],[-111.350362,45.226695],[-111.350556,45.227175],[-111.350556,45.227884],[-111.35075,45.228319],[-111.351073,45.228525],[-111.351785,45.228708]]}},{"id":"361","type":"Feature","properties":{"waterway":"stream","natural":null,"base_elevation":809},"geometry":{"type":"LineString","coordinates":[[-111.427717,45.292929],[-111.427092,45.292909],[-111.42613,45.292907],[-111.425514,45.293044],[-111.424251,45.293548],[-111.422308,45.2938],[-111.422165,45.293831],[-111.421045,45.294075],[-111.418097,45.294282],[-111.416543,45.294511],[-111.415797,45.294466],[-111.414501,45.2941],[-111.41327,45.294123],[-111.412817,45.294032],[-111.409675,45.294833],[-111.407149,45.294971],[-111.405367,45.294629],[-111.404492,45.294195],[-111.404103,45.29392],[-111.403552,45.293669],[-111.402872,45.293532],[-111.401871,45.293309],[-111.401729,45.293273],[-111.401353,45.293179],[-111.400911,45.292941],[-111.40013,45.292695],[-111.399418,45.292485],[-111.398988,45.292384],[-111.398093,45.292132]]}},{"id":"362","type":"Feature","properties":{"waterway":"stream","natural":null,"base_elevation":669},"geometry":{"type":"LineString","coordinates":[[-111.429151,45.311106],[-111.429489,45.311629],[-111.429569,45.311873],[-111.43,45.312117],[-111.430457,45.312381],[-111.430655,45.312707],[-111.430717,45.313505],[-111.430742,45.313745],[-111.430488,45.313879],[-111.430294,45.313971],[-111.430232,45.314069],[-111.430439,45.314506],[-111.430398,45.314703],[-111.430864,45.315016],[-111.430813,45.315636],[-111.431115,45.315789],[-111.431777,45.316352],[-111.432067,45.31636],[-111.432226,45.316315],[-111.432561,45.316471],[-111.432664,45.316567],[-111.432908,45.316606],[-111.433138,45.316524],[-111.433307,45.316455],[-111.4339,45.316472],[-111.43431,45.31637],[-111.434415,45.316283],[-111.434436,45.316226],[-111.434517,45.316201],[-111.434715,45.316256],[-111.435104,45.316434],[-111.435193,45.316507],[-111.435641,45.316605]]}},{"id":"363","type":"Feature","properties":{"waterway":"stream","natural":null,"base_elevation":875},"geometry":{"type":"LineString","coordinates":[[-111.493168,45.237153],[-111.492197,45.237246],[-111.491712,45.237498],[-111.491165,45.239076],[-111.491102,45.239625],[-111.490326,45.240266],[-111.489908,45.241249],[-111.489455,45.241722],[-111.488754,45.241895],[-111.486407,45.242278],[-111.485282,45.242648],[-111.485024,45.242969],[-111.484767,45.244181],[-111.484643,45.244351],[-111.484283,45.244844],[-111.483702,45.245348],[-111.483153,45.245874],[-111.482376,45.246149],[-111.479757,45.247592],[-111.478626,45.248439],[-111.478013,45.249354],[-111.47769,45.249926],[-111.47746,45.250186],[-111.475391,45.251285],[-111.474905,45.251423],[-111.47413,45.251972],[-111.470053,45.25337],[-111.467691,45.253784],[-111.46727,45.253487],[-111.466266,45.253053],[-111.462963,45.252576],[-111.461474,45.25244],[-111.460793,45.251983],[-111.460502,45.251869],[-111.459984,45.251801],[-111.459271,45.251412],[-111.458138,45.251276],[-111.457264,45.251368],[-111.456099,45.251735],[-111.455484,45.251735],[-111.453122,45.252034],[-111.452183,45.251783],[-111.450791,45.25167],[-111.450402,45.251716],[-111.449949,45.251899],[-111.449173,45.252085]]}},{"id":"364","type":"Feature","properties":{"waterway":"stream","natural":null,"base_elevation":593},"geometry":{"type":"LineString","coordinates":[[-111.435138,45.326489],[-111.436239,45.325757],[-111.436725,45.325528],[-111.438829,45.323446],[-111.43993,45.322234],[-111.440383,45.321959],[-111.440837,45.321799],[-111.443009,45.321866],[-111.443753,45.321545],[-111.44411,45.321225]]}},{"id":"365","type":"Feature","properties":{"waterway":"stream","natural":null,"base_elevation":971},"geometry":{"type":"LineString","coordinates":[[-111.49328,45.228876],[-111.4926,45.22874],[-111.492115,45.228763],[-111.491662,45.228924],[-111.490788,45.22881],[-111.489074,45.229201],[-111.488201,45.229224],[-111.487166,45.229568],[-111.484708,45.230074],[-111.484061,45.230303],[-111.483511,45.230372],[-111.482572,45.230076],[-111.481472,45.23026],[-111.479434,45.230285],[-111.478592,45.230171],[-111.477492,45.230126],[-111.476856,45.230062],[-111.476505,45.229976],[-111.476326,45.229933],[-111.475898,45.229751],[-111.475095,45.228551],[-111.474673,45.228003],[-111.473831,45.227317],[-111.47273,45.226587],[-111.471887,45.225741],[-111.470624,45.224919],[-111.469101,45.223869],[-111.468485,45.223023],[-111.467903,45.222795],[-111.465959,45.221516],[-111.46379,45.220764],[-111.462593,45.220559],[-111.461299,45.220537],[-111.460943,45.220354],[-111.460425,45.219897],[-111.459389,45.219578],[-111.458677,45.219556],[-111.458127,45.219282],[-111.457609,45.219214],[-111.4568,45.219306]]}},{"id":"366","type":"Feature","properties":{"waterway":"stream","natural":null,"base_elevation":588},"geometry":{"type":"LineString","coordinates":[[-111.256548,45.403882],[-111.254924,45.404269],[-111.252911,45.404541],[-111.252327,45.404426],[-111.251873,45.404449],[-111.25145,45.4047],[-111.250964,45.404676],[-111.250774,45.404652],[-111.249281,45.404882],[-111.247854,45.405387],[-111.246135,45.406075],[-111.245195,45.406647],[-111.243509,45.407426],[-111.242991,45.407793],[-111.242149,45.409005],[-111.241242,45.409829],[-111.238973,45.411501],[-111.237935,45.411867],[-111.236963,45.412486],[-111.234562,45.413448],[-111.233297,45.41393],[-111.231449,45.41496],[-111.231312,45.415006]]}},{"id":"367","type":"Feature","properties":{"waterway":"stream","natural":null,"base_elevation":659},"geometry":{"type":"LineString","coordinates":[[-111.487249,45.303439],[-111.487719,45.303578],[-111.487815,45.303824],[-111.487875,45.303929],[-111.488607,45.305162],[-111.488932,45.305391]]}},{"id":"368","type":"Feature","properties":{"waterway":"stream","natural":null,"base_elevation":719},"geometry":{"type":"LineString","coordinates":[[-111.249255,45.363248],[-111.249257,45.363911],[-111.249355,45.364322],[-111.249519,45.365328],[-111.249197,45.366472],[-111.249393,45.366952],[-111.24988,45.367477],[-111.249914,45.367843],[-111.249722,45.369283],[-111.249464,45.369947],[-111.248817,45.370473],[-111.248429,45.370977],[-111.248397,45.371205]]}},{"id":"369","type":"Feature","properties":{"waterway":"stream","natural":null,"base_elevation":148},"geometry":{"type":"LineString","coordinates":[[-111.618013,45.41615],[-111.618825,45.415945],[-111.619701,45.415808],[-111.620838,45.415442],[-111.623175,45.41535],[-111.623467,45.415236],[-111.624506,45.414687],[-111.625123,45.414619],[-111.625804,45.414344],[-111.626421,45.414024],[-111.627557,45.413018],[-111.628563,45.412973],[-111.62905,45.41327]]}},{"id":"370","type":"Feature","properties":{"waterway":"stream","natural":null,"base_elevation":700},"geometry":{"type":"LineString","coordinates":[[-111.43164,45.329554],[-111.431672,45.329028],[-111.431769,45.328846],[-111.432061,45.328662],[-111.432255,45.328228],[-111.43462,45.326969],[-111.435138,45.326489]]}},{"id":"371","type":"Feature","properties":{"waterway":"stream","natural":null,"base_elevation":614},"geometry":{"type":"LineString","coordinates":[[-111.574018,45.249868],[-111.574212,45.249663],[-111.575119,45.249069],[-111.575443,45.249],[-111.575734,45.249092],[-111.576122,45.249069],[-111.576964,45.248749],[-111.578227,45.24843],[-111.579004,45.247973],[-111.580655,45.247379],[-111.581821,45.246465],[-111.582825,45.245939],[-111.583181,45.245619],[-111.583764,45.244682],[-111.585092,45.244271]]}},{"id":"372","type":"Feature","properties":{"waterway":"stream","natural":null,"base_elevation":499},"geometry":{"type":"LineString","coordinates":[[-111.324515,45.400571],[-111.322891,45.401874],[-111.321982,45.402102],[-111.318152,45.402511],[-111.317275,45.40274],[-111.316658,45.403082],[-111.315555,45.403173],[-111.314483,45.403424],[-111.312894,45.402737],[-111.31218,45.402645],[-111.308414,45.403169],[-111.307019,45.403168],[-111.306337,45.403008],[-111.305397,45.402573],[-111.302867,45.4012],[-111.301181,45.399987],[-111.299657,45.398934],[-111.298165,45.398156],[-111.29651,45.397697],[-111.293753,45.397261],[-111.293006,45.397352],[-111.29226,45.397191],[-111.291189,45.397282]]}},{"id":"373","type":"Feature","properties":{"waterway":"stream","natural":null,"base_elevation":783},"geometry":{"type":"LineString","coordinates":[[-111.33907,45.323915],[-111.339719,45.322361],[-111.340952,45.321355],[-111.342216,45.320144],[-111.342735,45.319321],[-111.343838,45.318315],[-111.344648,45.317195],[-111.345038,45.316326],[-111.344617,45.314794],[-111.344067,45.314223],[-111.343581,45.314223],[-111.34235,45.313742],[-111.341993,45.313513],[-111.341378,45.313536],[-111.340956,45.313467],[-111.340697,45.313079],[-111.340342,45.311707],[-111.339921,45.310312],[-111.339889,45.309969],[-111.340181,45.309191],[-111.341057,45.308323],[-111.34177,45.306974],[-111.342775,45.306151],[-111.342873,45.3059],[-111.343003,45.304094],[-111.343327,45.303659]]}},{"id":"374","type":"Feature","properties":{"waterway":"stream","natural":null,"base_elevation":611},"geometry":{"type":"LineString","coordinates":[[-111.487262,45.306481],[-111.487635,45.306598],[-111.489261,45.307745],[-111.490039,45.307973]]}},{"id":"375","type":"Feature","properties":{"waterway":"stream","natural":null,"base_elevation":419},"geometry":{"type":"LineString","coordinates":[[-111.556618,45.154723],[-111.556908,45.155226],[-111.556843,45.156072],[-111.556745,45.156689],[-111.556809,45.157215]]}},{"id":"376","type":"Feature","properties":{"waterway":"stream","natural":null,"base_elevation":859},"geometry":{"type":"LineString","coordinates":[[-111.342158,45.201726],[-111.341996,45.202846],[-111.34151,45.20392],[-111.341639,45.204629],[-111.34138,45.205361],[-111.341541,45.20591],[-111.341346,45.207967],[-111.340731,45.209156],[-111.339339,45.210825],[-111.33785,45.21199],[-111.337203,45.212242],[-111.337009,45.212493],[-111.337041,45.212653],[-111.336782,45.213499],[-111.336091,45.214216]]}},{"id":"377","type":"Feature","properties":{"waterway":"ditch","natural":null,"base_elevation":111},"geometry":{"type":"LineString","coordinates":[[-111.602095,45.361849],[-111.602549,45.361964],[-111.602906,45.362261],[-111.604138,45.362924],[-111.605111,45.363221],[-111.60631,45.363747],[-111.607413,45.363839],[-111.608321,45.364091],[-111.610494,45.364503],[-111.611889,45.364663],[-111.613024,45.365029],[-111.614743,45.365349],[-111.615716,45.365143],[-111.615975,45.365326],[-111.617305,45.365761],[-111.617759,45.365829],[-111.618667,45.366149],[-111.619737,45.366332],[-111.620062,45.366584],[-111.621262,45.367064],[-111.621683,45.367407],[-111.622527,45.367658],[-111.623565,45.368161],[-111.62483,45.368504],[-111.625803,45.368962],[-111.626906,45.369487],[-111.627781,45.369739],[-111.629371,45.370699],[-111.629792,45.370768],[-111.630246,45.370539],[-111.630311,45.370356],[-111.630636,45.370265],[-111.631512,45.370127],[-111.632452,45.370402],[-111.632939,45.370676],[-111.634658,45.371133],[-111.635339,45.37143],[-111.635696,45.371224],[-111.635858,45.370996],[-111.635858,45.370401],[-111.636215,45.370196],[-111.636636,45.368847],[-111.636571,45.367703],[-111.637122,45.366583],[-111.637835,45.365326],[-111.638257,45.36496],[-111.638646,45.364914],[-111.638451,45.364525]]}},{"id":"378","type":"Feature","properties":{"waterway":"stream","natural":null,"base_elevation":288},"geometry":{"type":"LineString","coordinates":[[-111.580672,45.181257],[-111.580963,45.181303],[-111.58148,45.181143],[-111.581836,45.181097],[-111.583259,45.180595],[-111.588625,45.180779],[-111.589853,45.181191],[-111.591179,45.18126],[-111.593216,45.180964],[-111.594024,45.181032],[-111.594347,45.18101],[-111.594897,45.180621],[-111.5948,45.180324],[-111.594671,45.180278],[-111.593863,45.180324],[-111.593507,45.180255],[-111.593087,45.180026],[-111.592861,45.17982],[-111.592441,45.17966],[-111.592344,45.1795],[-111.592312,45.178974]]}},{"id":"379","type":"Feature","properties":{"waterway":"ditch","natural":null,"base_elevation":113},"geometry":{"type":"LineString","coordinates":[[-111.677631,45.399402],[-111.676658,45.399334],[-111.675976,45.399197],[-111.675456,45.3989],[-111.673639,45.398878],[-111.672535,45.398536],[-111.669418,45.396754],[-111.668055,45.396274],[-111.667601,45.395954],[-111.666335,45.395612],[-111.665913,45.395612],[-111.661271,45.394173],[-111.660849,45.394082],[-111.659973,45.394037],[-111.658902,45.393557],[-111.658448,45.393237],[-111.658383,45.392963],[-111.658577,45.392688],[-111.658966,45.392528],[-111.660913,45.392024],[-111.661399,45.391704],[-111.662145,45.390721],[-111.662469,45.390149],[-111.661787,45.388572],[-111.662565,45.387748],[-111.662857,45.387154],[-111.662889,45.386857],[-111.662499,45.385988],[-111.662044,45.385394],[-111.66133,45.384982],[-111.659773,45.38496],[-111.658864,45.384755],[-111.657761,45.384938],[-111.654323,45.385991],[-111.653284,45.386105],[-111.650072,45.386037],[-111.649164,45.386106],[-111.645141,45.385924],[-111.64235,45.385856],[-111.639884,45.384988],[-111.637483,45.38389],[-111.635861,45.383205],[-111.635342,45.382953],[-111.634173,45.381993],[-111.632032,45.381079],[-111.629469,45.379204],[-111.628917,45.378861],[-111.628236,45.378907],[-111.627912,45.379456],[-111.627003,45.379684],[-111.626127,45.379684],[-111.625803,45.379776]]}},{"id":"380","type":"Feature","properties":{"waterway":"stream","natural":null,"base_elevation":234},"geometry":{"type":"LineString","coordinates":[[-111.619485,45.2859],[-111.620327,45.285008],[-111.620781,45.284437],[-111.622789,45.282768],[-111.623922,45.282379],[-111.625574,45.280984],[-111.625801,45.280641],[-111.626028,45.280276],[-111.626254,45.279635],[-111.626125,45.279452]]}},{"id":"381","type":"Feature","properties":{"waterway":"stream","natural":null,"base_elevation":161},"geometry":{"type":"LineString","coordinates":[[-111.623857,45.347059],[-111.625024,45.34683],[-111.62564,45.346556],[-111.625802,45.346533],[-111.627067,45.34635],[-111.627845,45.34603],[-111.629012,45.345916],[-111.629758,45.345938],[-111.630471,45.346098],[-111.631411,45.345915],[-111.63193,45.34571],[-111.632773,45.346236],[-111.633551,45.346418],[-111.634783,45.346555],[-111.635464,45.346441]]}},{"id":"382","type":"Feature","properties":{"waterway":"stream","natural":null,"base_elevation":762},"geometry":{"type":"LineString","coordinates":[[-111.543545,45.415437],[-111.543611,45.414385],[-111.544683,45.413906],[-111.545268,45.41354],[-111.545723,45.413015],[-111.546081,45.412375],[-111.546796,45.411324],[-111.547578,45.409724],[-111.547903,45.409381],[-111.548488,45.40897],[-111.549267,45.40865],[-111.549852,45.408148],[-111.55073,45.406479],[-111.55125,45.406114],[-111.552127,45.405771],[-111.552971,45.405337],[-111.554432,45.404881],[-111.555082,45.404516],[-111.555732,45.403899],[-111.555927,45.403579],[-111.558136,45.402117],[-111.559273,45.401226]]}},{"id":"383","type":"Feature","properties":{"waterway":"stream","natural":null,"base_elevation":142},"geometry":{"type":"LineString","coordinates":[[-111.573276,45.420323],[-111.574185,45.419935],[-111.574542,45.41989],[-111.574965,45.419593],[-111.575323,45.418655],[-111.575388,45.417512],[-111.575259,45.417398],[-111.575194,45.417101],[-111.575292,45.416163],[-111.57604,45.415249],[-111.576981,45.414884],[-111.578085,45.41445],[-111.578216,45.414061],[-111.577989,45.413146],[-111.5776,45.412232],[-111.577893,45.411317],[-111.578706,45.410129],[-111.57929,45.409489],[-111.580362,45.40862],[-111.581174,45.408232],[-111.581823,45.408072],[-111.583999,45.406518],[-111.585135,45.40629],[-111.585914,45.406039],[-111.588609,45.405354],[-111.58955,45.405331],[-111.591758,45.404417],[-111.596172,45.403115],[-111.597114,45.40307],[-111.597568,45.402796],[-111.601463,45.40099],[-111.602372,45.40083],[-111.604741,45.400717],[-111.606591,45.400511],[-111.608733,45.400512],[-111.610843,45.40026],[-111.612043,45.40026],[-111.613666,45.400078],[-111.617139,45.400009],[-111.617853,45.399849],[-111.618339,45.399483]]}},{"id":"384","type":"Feature","properties":{"waterway":"stream","natural":null,"base_elevation":834},"geometry":{"type":"LineString","coordinates":[[-111.54129,45.229821],[-111.542261,45.22973],[-111.542973,45.229731],[-111.543717,45.229937],[-111.544396,45.230235],[-111.54543,45.230784],[-111.545915,45.231288],[-111.546043,45.232408],[-111.546204,45.23282],[-111.546753,45.233598],[-111.547271,45.233804],[-111.547432,45.234421],[-111.547399,45.23481],[-111.547107,45.235335],[-111.546815,45.236067],[-111.546037,45.236981],[-111.545874,45.237621],[-111.546359,45.238536],[-111.547781,45.23968],[-111.548913,45.240001],[-111.549593,45.239841],[-111.550467,45.239819],[-111.552733,45.239477],[-111.553445,45.239203],[-111.554999,45.238221],[-111.55636,45.237056],[-111.556619,45.236713],[-111.556912,45.235753],[-111.557787,45.23429],[-111.558306,45.23285],[-111.558792,45.232485],[-111.559667,45.231388],[-111.560023,45.231068],[-111.56093,45.230588],[-111.561642,45.230268]]}},{"id":"385","type":"Feature","properties":{"waterway":"stream","natural":null,"base_elevation":966},"geometry":{"type":"LineString","coordinates":[[-111.455997,45.397075],[-111.455647,45.397529],[-111.45553,45.398008],[-111.454872,45.399019],[-111.453812,45.399732],[-111.453461,45.400145],[-111.453027,45.40074],[-111.452458,45.401283],[-111.451907,45.401798],[-111.451659,45.402021],[-111.451814,45.402518],[-111.4516,45.402819],[-111.450894,45.403142]]}},{"id":"386","type":"Feature","properties":{"waterway":"stream","natural":null,"base_elevation":580},"geometry":{"type":"LineString","coordinates":[[-111.244848,45.380629],[-111.244804,45.380772],[-111.244623,45.381361],[-111.244624,45.381772],[-111.245112,45.382778],[-111.245113,45.383189],[-111.2445,45.384425],[-111.244144,45.384905],[-111.243236,45.385592],[-111.242426,45.385913],[-111.241849,45.386729],[-111.241617,45.387057],[-111.240451,45.387995],[-111.239867,45.388202],[-111.239479,45.388705],[-111.239286,45.3893],[-111.239385,45.390237],[-111.239322,45.391129],[-111.238547,45.39305],[-111.238255,45.393439],[-111.237348,45.394035],[-111.235078,45.39486],[-111.234495,45.395409],[-111.233814,45.395798]]}},{"id":"387","type":"Feature","properties":{"waterway":"stream","natural":null,"base_elevation":1059},"geometry":{"type":"LineString","coordinates":[[-111.243184,45.329119],[-111.242697,45.328868],[-111.242048,45.328206],[-111.240457,45.327178],[-111.239452,45.326951],[-111.238803,45.326677],[-111.237021,45.326679],[-111.23634,45.326565],[-111.23488,45.326064],[-111.233486,45.32547],[-111.232901,45.325037],[-111.230921,45.323324],[-111.230499,45.322821],[-111.22998,45.32273],[-111.229007,45.322205],[-111.227806,45.321383],[-111.226477,45.32095],[-111.225699,45.320905],[-111.224889,45.321066],[-111.223301,45.321136],[-111.222588,45.321411],[-111.221843,45.321594],[-111.220288,45.32171],[-111.218181,45.32178],[-111.217727,45.32162],[-111.21682,45.32153],[-111.216107,45.321553],[-111.215459,45.321714],[-111.214454,45.32176]]}},{"id":"388","type":"Feature","properties":{"waterway":"stream","natural":null,"base_elevation":719},"geometry":{"type":"LineString","coordinates":[[-111.263697,45.366233],[-111.263275,45.366278],[-111.262561,45.366506],[-111.261068,45.367168],[-111.259964,45.367875],[-111.259704,45.368241],[-111.25928,45.369155],[-111.25876,45.369589],[-111.258273,45.369771],[-111.256975,45.369976],[-111.256424,45.369815],[-111.255906,45.369563],[-111.255322,45.369563],[-111.25331,45.369858],[-111.251007,45.369878],[-111.250794,45.369945],[-111.250373,45.370129],[-111.249694,45.370952],[-111.248397,45.371205]]}},{"id":"389","type":"Feature","properties":{"waterway":"stream","natural":null,"base_elevation":440},"geometry":{"type":"LineString","coordinates":[[-111.48942,45.334432],[-111.489949,45.334445],[-111.490222,45.334632],[-111.49067,45.334712],[-111.491227,45.33466],[-111.491908,45.334516],[-111.4924,45.334241],[-111.492875,45.334065],[-111.493314,45.3341],[-111.494097,45.334432]]}},{"id":"390","type":"Feature","properties":{"waterway":"stream","natural":null,"base_elevation":419},"geometry":{"type":"LineString","coordinates":[[-111.523409,45.149349],[-111.524022,45.149258],[-111.525121,45.149304],[-111.526156,45.148688],[-111.527837,45.148278],[-111.529226,45.148165],[-111.530228,45.148486],[-111.532101,45.148876],[-111.534137,45.148855],[-111.537431,45.149543],[-111.538626,45.149795],[-111.540048,45.150025],[-111.54092,45.150414],[-111.541081,45.150803],[-111.542952,45.152771],[-111.544114,45.15348],[-111.5456,45.15403],[-111.546117,45.153985],[-111.546698,45.154122],[-111.548636,45.15529],[-111.549314,45.155496],[-111.550574,45.15565],[-111.550759,45.155647],[-111.551016,45.155524],[-111.551479,45.155132],[-111.552158,45.155086],[-111.553095,45.15527],[-111.553612,45.155453],[-111.554128,45.155773],[-111.555324,45.156117],[-111.555647,45.156323],[-111.556163,45.156964],[-111.556809,45.157215]]}},{"id":"391","type":"Feature","properties":{"waterway":"ditch","natural":null,"base_elevation":129},"geometry":{"type":"LineString","coordinates":[[-111.622591,45.380142],[-111.623857,45.380668],[-111.625803,45.382108],[-111.626711,45.382794],[-111.63067,45.385148],[-111.632844,45.386017],[-111.634142,45.386932],[-111.63505,45.387457],[-111.639366,45.389629],[-111.640405,45.390452],[-111.641671,45.391343],[-111.644137,45.392143],[-111.645922,45.392577],[-111.647415,45.393194],[-111.648453,45.393559],[-111.6492,45.393354],[-111.649589,45.393399],[-111.650076,45.393308],[-111.651244,45.393399],[-111.652737,45.393627],[-111.654717,45.394175],[-111.659552,45.394928],[-111.659974,45.395088],[-111.660688,45.395522],[-111.660786,45.39582],[-111.660559,45.395934],[-111.660559,45.396323],[-111.660754,45.396848],[-111.661014,45.397077],[-111.660819,45.397397],[-111.660884,45.39758],[-111.661209,45.397854],[-111.662053,45.398311]]}},{"id":"392","type":"Feature","properties":{"waterway":"stream","natural":null,"base_elevation":739},"geometry":{"type":"LineString","coordinates":[[-111.332546,45.167197],[-111.332028,45.167517],[-111.330734,45.168934],[-111.32999,45.169826],[-111.328826,45.170603],[-111.327661,45.171723],[-111.327467,45.172157],[-111.326237,45.173826],[-111.32546,45.17506],[-111.325136,45.176249],[-111.324683,45.177049],[-111.323648,45.177803],[-111.323292,45.17826],[-111.323258,45.179426],[-111.323128,45.180798],[-111.32248,45.182307],[-111.322415,45.182947],[-111.321928,45.184684],[-111.321928,45.185164],[-111.321701,45.185827],[-111.320956,45.186444],[-111.320568,45.186879],[-111.319467,45.188684],[-111.318917,45.189393],[-111.318851,45.190673],[-111.318624,45.191519],[-111.318267,45.192113],[-111.318008,45.192616],[-111.31804,45.192982]]}},{"id":"393","type":"Feature","properties":{"waterway":"stream","natural":null,"base_elevation":455},"geometry":{"type":"LineString","coordinates":[[-111.274289,45.155912],[-111.27374,45.155843],[-111.272867,45.156048],[-111.272123,45.156367],[-111.270506,45.157486],[-111.269536,45.157645],[-111.267628,45.158375],[-111.266787,45.158877],[-111.265946,45.159105],[-111.263941,45.159675],[-111.26184,45.16013],[-111.258574,45.160973],[-111.257538,45.161795],[-111.256212,45.162388],[-111.255597,45.162799],[-111.25537,45.163165],[-111.25414,45.164009],[-111.253783,45.164398],[-111.25294,45.165631],[-111.251679,45.166133],[-111.251129,45.166498],[-111.250801,45.166611],[-111.249929,45.166978],[-111.248346,45.167323],[-111.246794,45.16705],[-111.24576,45.167421],[-111.245391,45.167515]]}},{"id":"394","type":"Feature","properties":{"waterway":"stream","natural":null,"base_elevation":984},"geometry":{"type":"LineString","coordinates":[[-111.4943,45.160397],[-111.495304,45.161014],[-111.49663,45.161653],[-111.497147,45.161629],[-111.497859,45.161834],[-111.498894,45.162267],[-111.499048,45.162289],[-111.499831,45.162404],[-111.500703,45.162128],[-111.5008,45.162082],[-111.502406,45.161648],[-111.502477,45.161629],[-111.50374,45.16051],[-111.504161,45.160008],[-111.504324,45.159391],[-111.504583,45.159025],[-111.505068,45.158865]]}},{"id":"395","type":"Feature","properties":{"waterway":"stream","natural":null,"base_elevation":996},"geometry":{"type":"LineString","coordinates":[[-111.502698,45.253139],[-111.501336,45.254395],[-111.501266,45.256567],[-111.50136,45.258259],[-111.501066,45.259448],[-111.501162,45.259814],[-111.501549,45.260569],[-111.50158,45.261346]]}},{"id":"396","type":"Feature","properties":{"waterway":"stream","natural":null,"base_elevation":1275},"geometry":{"type":"LineString","coordinates":[[-111.468886,45.389683],[-111.469082,45.390392],[-111.468726,45.390758]]}},{"id":"397","type":"Feature","properties":{"waterway":"stream","natural":null,"base_elevation":542},"geometry":{"type":"LineString","coordinates":[[-111.309572,45.13273],[-111.309119,45.133141],[-111.308376,45.133507],[-111.307341,45.134284],[-111.306952,45.135244],[-111.304882,45.13746],[-111.304009,45.138008],[-111.303362,45.138648],[-111.302393,45.139082],[-111.30097,45.140316],[-111.29932,45.141481],[-111.298738,45.142006],[-111.297671,45.142874],[-111.297024,45.143171],[-111.296507,45.143331],[-111.296119,45.143605],[-111.295244,45.145274],[-111.294532,45.146073],[-111.293853,45.146393],[-111.291333,45.146871],[-111.290298,45.147465],[-111.286383,45.150915],[-111.285769,45.151188],[-111.285284,45.151302],[-111.283473,45.152078],[-111.282211,45.153106],[-111.281726,45.153266],[-111.281338,45.153494],[-111.280626,45.15418],[-111.279785,45.154682],[-111.27833,45.155092],[-111.277231,45.155137],[-111.276778,45.155411],[-111.275485,45.156004],[-111.274289,45.155912]]}},{"id":"398","type":"Feature","properties":{"waterway":"stream","natural":null,"base_elevation":164},"geometry":{"type":"LineString","coordinates":[[-111.57681,45.425355],[-111.579344,45.424098],[-111.580059,45.423664],[-111.580449,45.423207],[-111.581553,45.422773],[-111.583533,45.422568],[-111.584312,45.422728],[-111.584929,45.422728],[-111.586325,45.422363],[-111.586813,45.422089],[-111.587755,45.420672],[-111.58795,45.420237],[-111.590094,45.418729],[-111.591523,45.418089],[-111.592269,45.417861],[-111.595224,45.41649],[-111.59753,45.415187],[-111.598341,45.414547],[-111.60016,45.413222],[-111.600745,45.412582],[-111.601491,45.411987],[-111.602076,45.410799],[-111.602109,45.410181],[-111.602271,45.409816],[-111.602758,45.409473],[-111.603408,45.408718],[-111.603441,45.407095],[-111.60409,45.406501],[-111.605291,45.405838],[-111.605648,45.405564],[-111.608732,45.404901],[-111.610192,45.404741],[-111.613957,45.403987],[-111.615029,45.403873],[-111.616846,45.403896],[-111.617625,45.403713],[-111.617852,45.403576]]}},{"id":"399","type":"Feature","properties":{"waterway":"stream","natural":null,"base_elevation":379},"geometry":{"type":"LineString","coordinates":[[-111.31055,45.322897],[-111.309708,45.322165],[-111.309547,45.321181],[-111.309288,45.320861],[-111.307733,45.320426],[-111.30702,45.320471],[-111.306534,45.320585],[-111.305853,45.320928],[-111.305302,45.320859],[-111.304492,45.320675],[-111.302936,45.320789],[-111.30219,45.321154],[-111.300926,45.321039],[-111.300408,45.320856],[-111.29947,45.319643],[-111.298952,45.319323],[-111.298434,45.319162],[-111.29798,45.318911],[-111.297074,45.318133],[-111.296621,45.317812],[-111.29633,45.316692],[-111.295942,45.316486],[-111.295781,45.315617],[-111.295522,45.315434],[-111.295133,45.315342],[-111.294486,45.314816],[-111.293872,45.313398],[-111.293354,45.313146],[-111.293031,45.312345],[-111.292353,45.311179],[-111.29229,45.309898],[-111.292355,45.309624],[-111.292226,45.309098],[-111.292421,45.308412],[-111.292326,45.307383],[-111.292391,45.30704],[-111.292037,45.305348],[-111.292007,45.303999],[-111.291683,45.303542],[-111.291036,45.303016],[-111.290745,45.302672],[-111.290616,45.302261],[-111.291233,45.301324],[-111.291299,45.300592],[-111.290943,45.300066],[-111.290911,45.299677],[-111.29075,45.299334],[-111.290394,45.299082],[-111.289519,45.299013],[-111.28884,45.298052],[-111.288518,45.297],[-111.288876,45.296223],[-111.288877,45.295309],[-111.288586,45.294691],[-111.288295,45.294417],[-111.28713,45.293959],[-111.28632,45.293729],[-111.285705,45.29366],[-111.285058,45.29334],[-111.28467,45.292768],[-111.283764,45.292035],[-111.282631,45.291691],[-111.281433,45.291142],[-111.280267,45.290844],[-111.279232,45.290477],[-111.278261,45.289836],[-111.277387,45.289355],[-111.276966,45.28924],[-111.275349,45.287776],[-111.273925,45.287317],[-111.272726,45.287453],[-111.271981,45.287361],[-111.271133,45.286748],[-111.270918,45.286635],[-111.270543,45.28651],[-111.270275,45.28636],[-111.269964,45.285895],[-111.269685,45.285624],[-111.268976,45.285288],[-111.26873,45.284997],[-111.268242,45.284099],[-111.267925,45.283699],[-111.267164,45.283058],[-111.266321,45.282446],[-111.26574,45.282325],[-111.264834,45.282027],[-111.264637,45.281796],[-111.264406,45.281668],[-111.263923,45.281321],[-111.26343,45.28094],[-111.262732,45.280555],[-111.262174,45.280222],[-111.261654,45.279668],[-111.261214,45.279199],[-111.260007,45.27855],[-111.259321,45.278222],[-111.259342,45.278022],[-111.258602,45.277803],[-111.257872,45.277501],[-111.257373,45.277225],[-111.256445,45.27687],[-111.255764,45.276723],[-111.255286,45.276848],[-111.255083,45.276829],[-111.254782,45.276682],[-111.254235,45.276308],[-111.253811,45.276202],[-111.253479,45.27607],[-111.252996,45.275738],[-111.252996,45.275485],[-111.252819,45.275247],[-111.252256,45.275017],[-111.251596,45.274832],[-111.25114,45.274587],[-111.25063,45.274432],[-111.250223,45.274568],[-111.250024,45.274538],[-111.249681,45.274405],[-111.248559,45.274277],[-111.24709,45.274266],[-111.246451,45.274254],[-111.246038,45.274149],[-111.245733,45.274001],[-111.245137,45.273699],[-111.244477,45.27342],[-111.243372,45.273111],[-111.242015,45.272669],[-111.240942,45.272269]]}},{"id":"400","type":"Feature","properties":{"waterway":"stream","natural":null,"base_elevation":168},"geometry":{"type":"LineString","coordinates":[[-111.617372,45.34763],[-111.618247,45.347905],[-111.619804,45.348156],[-111.621555,45.347882],[-111.621976,45.347722],[-111.622463,45.347333],[-111.623857,45.347059]]}},{"id":"401","type":"Feature","properties":{"waterway":"stream","natural":null,"base_elevation":491},"geometry":{"type":"LineString","coordinates":[[-111.495238,45.391693],[-111.495237,45.391328],[-111.49595,45.390595],[-111.496565,45.390206],[-111.497278,45.389428],[-111.497958,45.388832],[-111.498443,45.388009],[-111.498507,45.387574],[-111.499315,45.386453],[-111.49938,45.386179],[-111.499994,45.385446],[-111.499961,45.385058],[-111.499831,45.384715],[-111.500025,45.384486],[-111.500511,45.384143],[-111.500672,45.383754],[-111.500802,45.383685],[-111.501543,45.383208],[-111.501998,45.3825],[-111.502227,45.381746],[-111.502098,45.381517],[-111.502035,45.380465],[-111.501617,45.378681],[-111.501814,45.377767],[-111.50227,45.376899],[-111.502855,45.376351],[-111.503409,45.375277],[-111.503993,45.374934],[-111.504351,45.374752],[-111.505943,45.37313],[-111.506658,45.372742],[-111.507502,45.372446],[-111.508347,45.371509],[-111.508609,45.370481],[-111.508741,45.369544],[-111.508322,45.367965],[-111.507741,45.366525],[-111.507223,45.365998],[-111.506901,45.36522],[-111.505476,45.364236],[-111.504925,45.36403],[-111.503791,45.36316],[-111.503145,45.362084],[-111.503211,45.361741],[-111.504154,45.360211],[-111.504285,45.359753],[-111.504319,45.359068],[-111.504774,45.358451],[-111.506105,45.357903],[-111.507081,45.356624],[-111.507535,45.35619],[-111.508547,45.355526],[-111.508565,45.355515]]}},{"id":"402","type":"Feature","properties":{"waterway":"stream","natural":null,"base_elevation":442},"geometry":{"type":"LineString","coordinates":[[-111.479813,45.332904],[-111.480105,45.332881],[-111.481727,45.333164],[-111.483283,45.33372],[-111.483953,45.334172],[-111.484468,45.334211],[-111.484742,45.334391],[-111.485154,45.334259],[-111.485428,45.334369],[-111.485799,45.334437],[-111.486157,45.33443],[-111.486441,45.334497],[-111.486669,45.334365],[-111.487056,45.334615],[-111.487338,45.33465],[-111.487463,45.334455],[-111.487572,45.334462],[-111.487616,45.334514],[-111.487663,45.334594],[-111.487915,45.334536],[-111.487915,45.334389],[-111.487855,45.334255],[-111.488024,45.334147],[-111.488144,45.334171],[-111.488421,45.334345],[-111.48863,45.334475],[-111.488772,45.334542],[-111.489077,45.334518],[-111.48942,45.334432]]}},{"id":"403","type":"Feature","properties":{"waterway":"stream","natural":null,"base_elevation":759},"geometry":{"type":"LineString","coordinates":[[-111.418852,45.348354],[-111.419531,45.34705],[-111.421152,45.345746],[-111.422999,45.344602],[-111.424716,45.34339],[-111.424715,45.341835],[-111.42507,45.340966],[-111.426075,45.3398],[-111.427078,45.338107],[-111.427434,45.33765],[-111.428179,45.337124],[-111.428374,45.336804],[-111.429052,45.334631],[-111.429797,45.333236],[-111.430995,45.332001],[-111.431835,45.329897],[-111.43164,45.329554]]}},{"id":"404","type":"Feature","properties":{"waterway":"stream","natural":null,"base_elevation":508},"geometry":{"type":"LineString","coordinates":[[-111.412323,45.395579],[-111.411392,45.396186],[-111.410971,45.396781],[-111.409868,45.398062],[-111.408895,45.398771],[-111.406919,45.399693],[-111.406689,45.3998],[-111.405846,45.400555],[-111.405262,45.400898],[-111.404743,45.401424],[-111.403899,45.403025],[-111.401986,45.404946],[-111.401337,45.405815],[-111.400266,45.406912],[-111.399358,45.408193],[-111.398969,45.409382],[-111.39897,45.410502],[-111.399197,45.410799],[-111.39871,45.411737]]}},{"id":"405","type":"Feature","properties":{"waterway":"ditch","natural":null,"base_elevation":289},"geometry":{"type":"LineString","coordinates":[[-111.596547,45.178678],[-111.596773,45.177946],[-111.596838,45.176849],[-111.597518,45.175592],[-111.597583,45.174883],[-111.597874,45.174426],[-111.597874,45.173763],[-111.598166,45.173168],[-111.597778,45.172459],[-111.597487,45.171728],[-111.597746,45.170767],[-111.597811,45.17031],[-111.598005,45.170059]]}},{"id":"406","type":"Feature","properties":{"waterway":"stream","natural":null,"base_elevation":824},"geometry":{"type":"LineString","coordinates":[[-111.516014,45.198134],[-111.516726,45.198043],[-111.517082,45.197838],[-111.518215,45.197427],[-111.519735,45.197314],[-111.520447,45.197018]]}},{"id":"407","type":"Feature","properties":{"waterway":"stream","natural":null,"base_elevation":190},"geometry":{"type":"LineString","coordinates":[[-111.577401,45.377891],[-111.580613,45.378144],[-111.581197,45.377802],[-111.581749,45.376681],[-111.582236,45.376064],[-111.582626,45.375333],[-111.582659,45.374944],[-111.58279,45.373527],[-111.583083,45.372086],[-111.583181,45.371103],[-111.584317,45.369801],[-111.584966,45.369275],[-111.585745,45.368841],[-111.587789,45.367973],[-111.589411,45.367219],[-111.590352,45.366442],[-111.592266,45.365002],[-111.59298,45.364728],[-111.594959,45.363768],[-111.595413,45.363379],[-111.595738,45.362419],[-111.596063,45.362031],[-111.597522,45.361437]]}},{"id":"408","type":"Feature","properties":{"waterway":"stream","natural":null,"base_elevation":220},"geometry":{"type":"LineString","coordinates":[[-111.612287,45.195051],[-111.613289,45.195326],[-111.616652,45.195783],[-111.617137,45.195943],[-111.61801,45.196469],[-111.619595,45.196423],[-111.621083,45.196606],[-111.621729,45.196858],[-111.622085,45.197247],[-111.622926,45.197338],[-111.623346,45.19759],[-111.624349,45.197955],[-111.625804,45.198824],[-111.627389,45.199762],[-111.627777,45.200265],[-111.63017,45.201682],[-111.630526,45.202116],[-111.631625,45.202734],[-111.63224,45.203374],[-111.632984,45.203739],[-111.633631,45.203945],[-111.634536,45.204059],[-111.635248,45.204219],[-111.636542,45.204357],[-111.636962,45.204517],[-111.637286,45.204768],[-111.637706,45.204928],[-111.638191,45.204745]]}},{"id":"409","type":"Feature","properties":{"waterway":"stream","natural":null,"base_elevation":178},"geometry":{"type":"LineString","coordinates":[[-111.610273,45.34244],[-111.610759,45.342897],[-111.612833,45.344338],[-111.614681,45.345344],[-111.616789,45.346098],[-111.617437,45.347082],[-111.617372,45.34763]]}},{"id":"410","type":"Feature","properties":{"waterway":"stream","natural":null,"base_elevation":508},"geometry":{"type":"LineString","coordinates":[[-111.528442,45.192475],[-111.529058,45.191309],[-111.530386,45.190235],[-111.530872,45.18923],[-111.531067,45.18891],[-111.531488,45.188636],[-111.53299,45.188],[-111.533415,45.187821],[-111.534238,45.187472],[-111.535079,45.186993],[-111.535855,45.186856],[-111.537311,45.186354],[-111.539025,45.186127],[-111.539413,45.185967],[-111.540903,45.184207],[-111.542555,45.182197],[-111.542911,45.182037],[-111.543428,45.181626],[-111.544208,45.179157],[-111.544596,45.178723],[-111.544694,45.178448],[-111.545502,45.177969],[-111.546247,45.176986],[-111.547088,45.176827],[-111.547864,45.17685],[-111.548543,45.176736],[-111.549868,45.176806]]}},{"id":"411","type":"Feature","properties":{"waterway":"stream","natural":null,"base_elevation":1330},"geometry":{"type":"LineString","coordinates":[[-111.381535,45.38172],[-111.381308,45.382017],[-111.381308,45.384578],[-111.381503,45.384852],[-111.381081,45.386018],[-111.380822,45.386247],[-111.38014,45.38659],[-111.379232,45.387115],[-111.378842,45.387687],[-111.377869,45.388533],[-111.377545,45.388945],[-111.377382,45.389333],[-111.377804,45.390202]]}},{"id":"412","type":"Feature","properties":{"waterway":"ditch","natural":null,"base_elevation":170},"geometry":{"type":"LineString","coordinates":[[-111.624829,45.354878],[-111.625802,45.355473],[-111.626937,45.356181],[-111.627651,45.356821],[-111.629921,45.358353]]}},{"id":"413","type":"Feature","properties":{"waterway":"stream","natural":null,"base_elevation":241},"geometry":{"type":"LineString","coordinates":[[-111.596724,45.33503],[-111.599026,45.335099]]}},{"id":"414","type":"Feature","properties":{"waterway":"stream","natural":null,"base_elevation":833},"geometry":{"type":"LineString","coordinates":[[-111.454249,45.294788],[-111.454737,45.296434],[-111.45516,45.297371],[-111.455517,45.297737],[-111.455647,45.298286],[-111.456395,45.300571],[-111.45685,45.300937],[-111.457077,45.301325],[-111.457435,45.302354],[-111.457435,45.302788],[-111.457082,45.304526],[-111.45689,45.306195],[-111.457183,45.307201],[-111.457022,45.307979],[-111.456278,45.309328],[-111.45615,45.310014]]}},{"id":"415","type":"Feature","properties":{"waterway":"stream","natural":null,"base_elevation":919},"geometry":{"type":"LineString","coordinates":[[-111.533133,45.409759],[-111.534401,45.408731],[-111.53557,45.408206],[-111.53609,45.407681],[-111.536676,45.406606],[-111.537099,45.406241],[-111.537651,45.405601],[-111.537976,45.405373],[-111.538561,45.40519],[-111.541192,45.403523],[-111.541614,45.403364],[-111.544116,45.401719],[-111.544961,45.400668]]}},{"id":"416","type":"Feature","properties":{"waterway":"stream","natural":null,"base_elevation":366},"geometry":{"type":"LineString","coordinates":[[-111.249651,45.251041],[-111.250048,45.251266],[-111.250456,45.251575],[-111.250793,45.251739],[-111.251175,45.251545],[-111.25154,45.251553],[-111.251851,45.251689],[-111.252033,45.251998],[-111.252183,45.25295]]}},{"id":"417","type":"Feature","properties":{"waterway":"stream","natural":null,"base_elevation":644},"geometry":{"type":"LineString","coordinates":[[-111.351785,45.228708],[-111.352465,45.228936],[-111.35282,45.229279]]}},{"id":"418","type":"Feature","properties":{"waterway":"stream","natural":null,"base_elevation":273},"geometry":{"type":"LineString","coordinates":[[-111.597271,45.277803],[-111.597497,45.278123],[-111.59876,45.279404],[-111.600508,45.280319],[-111.603973,45.280456],[-111.606402,45.28048],[-111.607536,45.280114],[-111.607957,45.279954],[-111.609252,45.279794],[-111.611163,45.280206],[-111.612458,45.280732],[-111.612879,45.281098],[-111.613365,45.282081],[-111.61398,45.282698],[-111.614433,45.28343],[-111.615145,45.284093],[-111.615469,45.284505],[-111.615793,45.284756],[-111.618028,45.285602],[-111.61874,45.285923],[-111.619485,45.2859]]}},{"id":"419","type":"Feature","properties":{"waterway":"stream","natural":null,"base_elevation":254},"geometry":{"type":"LineString","coordinates":[[-111.614945,45.155131],[-111.615462,45.154971],[-111.616819,45.1552],[-111.617497,45.154948],[-111.618014,45.154903],[-111.618531,45.155085],[-111.619081,45.155131],[-111.62005,45.154834],[-111.621375,45.154171],[-111.622571,45.15408],[-111.623605,45.153897],[-111.625608,45.153188],[-111.625802,45.153119],[-111.626384,45.152982],[-111.628161,45.152822],[-111.629195,45.152548],[-111.630197,45.152479]]}},{"id":"420","type":"Feature","properties":{"waterway":"stream","natural":null,"base_elevation":484},"geometry":{"type":"LineString","coordinates":[[-111.303358,45.167938],[-111.302226,45.168417],[-111.301482,45.169102],[-111.299833,45.16981],[-111.299186,45.170198],[-111.297794,45.171318],[-111.296242,45.172117],[-111.295271,45.172437],[-111.293881,45.172641],[-111.293331,45.172847],[-111.290711,45.174537],[-111.28987,45.174902],[-111.287379,45.175563],[-111.286732,45.176066],[-111.285309,45.176796],[-111.28269,45.177206],[-111.281752,45.177114],[-111.280912,45.176884],[-111.280654,45.176587],[-111.280137,45.176381],[-111.280234,45.176106],[-111.279588,45.176129],[-111.277357,45.176447],[-111.276095,45.176857],[-111.27506,45.177565],[-111.273376,45.178844],[-111.272794,45.179141],[-111.271337,45.180168],[-111.269621,45.181744],[-111.267838,45.184167],[-111.265894,45.186222],[-111.263724,45.188187],[-111.263302,45.189078],[-111.261262,45.190745],[-111.260323,45.191362],[-111.259255,45.191726],[-111.258738,45.191611],[-111.258188,45.191611],[-111.255892,45.192043],[-111.253562,45.192932],[-111.251652,45.193616],[-111.250796,45.193751],[-111.247563,45.194326],[-111.247207,45.194121],[-111.245557,45.193803],[-111.243681,45.193576],[-111.243164,45.193576],[-111.241677,45.193967],[-111.240449,45.194151],[-111.237898,45.194405],[-111.237464,45.194377]]}},{"id":"421","type":"Feature","properties":{"waterway":"stream","natural":null,"base_elevation":724},"geometry":{"type":"LineString","coordinates":[[-111.426842,45.32807],[-111.427425,45.327979],[-111.427846,45.327704],[-111.428689,45.327315],[-111.42898,45.327315],[-111.429402,45.327132],[-111.429531,45.326995],[-111.429985,45.326903],[-111.430989,45.326788],[-111.431443,45.326879],[-111.432027,45.32681]]}},{"id":"422","type":"Feature","properties":{"waterway":"ditch","natural":null,"base_elevation":370},"geometry":{"type":"LineString","coordinates":[[-111.601124,45.212037],[-111.599635,45.215695],[-111.599505,45.216038],[-111.599182,45.216221],[-111.598405,45.217798],[-111.597207,45.218621],[-111.596463,45.219513],[-111.596592,45.21997],[-111.597401,45.220611],[-111.598079,45.22164],[-111.598144,45.222143],[-111.597917,45.222851]]}},{"id":"423","type":"Feature","properties":{"waterway":"stream","natural":null,"base_elevation":492},"geometry":{"type":"LineString","coordinates":[[-111.343327,45.303659],[-111.342485,45.303019],[-111.341935,45.302859],[-111.341482,45.302173],[-111.341061,45.301144],[-111.340835,45.300412],[-111.339572,45.299383],[-111.338213,45.296753],[-111.336874,45.29408],[-111.336609,45.293651],[-111.336567,45.293194],[-111.336478,45.292858],[-111.336417,45.292764],[-111.336185,45.292426],[-111.33545,45.291376],[-111.335331,45.2912],[-111.335014,45.29054],[-111.334737,45.290011],[-111.333602,45.289017],[-111.333279,45.288704],[-111.332732,45.288008],[-111.332519,45.28755],[-111.331579,45.286738],[-111.330972,45.286001],[-111.330625,45.285655],[-111.33013,45.285158],[-111.329815,45.284225],[-111.329535,45.283289],[-111.329426,45.282916],[-111.32901,45.282565],[-111.328511,45.282095],[-111.328121,45.281542],[-111.328177,45.280862],[-111.328185,45.280269],[-111.327731,45.279373],[-111.327554,45.278719],[-111.327022,45.277574],[-111.326883,45.277381],[-111.3263,45.276885],[-111.326172,45.27686],[-111.325934,45.276859],[-111.325801,45.276834],[-111.325728,45.276761],[-111.325689,45.276604],[-111.325597,45.276295],[-111.325489,45.276022],[-111.325361,45.275784],[-111.325415,45.275677],[-111.325417,45.275583],[-111.325236,45.27541],[-111.324676,45.274958],[-111.324381,45.274501],[-111.323579,45.273786],[-111.323047,45.273361],[-111.322471,45.272916],[-111.322438,45.272603],[-111.322288,45.272484],[-111.321676,45.272206],[-111.321331,45.271946],[-111.321274,45.271706],[-111.320866,45.271222],[-111.320907,45.269561],[-111.320767,45.269028],[-111.320806,45.26813]]}},{"id":"424","type":"Feature","properties":{"waterway":"stream","natural":null,"base_elevation":335},"geometry":{"type":"LineString","coordinates":[[-111.565755,45.162685],[-111.56611,45.162502],[-111.568179,45.162389],[-111.568987,45.162458],[-111.570312,45.162435],[-111.572186,45.162528],[-111.57238,45.162642],[-111.572833,45.162688],[-111.573867,45.162689],[-111.574222,45.162826],[-111.577971,45.163331],[-111.578488,45.163491],[-111.578907,45.163765],[-111.580588,45.163812],[-111.581525,45.164338],[-111.58188,45.164681],[-111.582365,45.164567],[-111.583238,45.164567]]}},{"id":"425","type":"Feature","properties":{"waterway":"stream","natural":null,"base_elevation":508},"geometry":{"type":"LineString","coordinates":[[-111.548241,45.209569],[-111.546529,45.207898],[-111.546336,45.207144],[-111.546693,45.206024],[-111.546565,45.205338],[-111.545403,45.203279],[-111.545016,45.202867],[-111.544337,45.202844],[-111.543949,45.202707],[-111.543755,45.202501],[-111.543626,45.201929],[-111.544015,45.20122],[-111.544955,45.200261],[-111.545537,45.20001],[-111.545925,45.199781],[-111.546055,45.19937],[-111.546735,45.198593],[-111.547675,45.197359],[-111.548194,45.196056],[-111.54868,45.195713],[-111.548973,45.193862],[-111.549232,45.19329],[-111.549912,45.192765],[-111.550754,45.191874],[-111.551045,45.191759],[-111.551159,45.191656],[-111.551499,45.191348],[-111.553051,45.191189],[-111.552955,45.190457],[-111.5526,45.189886],[-111.552503,45.189245],[-111.552245,45.188788],[-111.552765,45.186799],[-111.552734,45.186067],[-111.552476,45.185656],[-111.551249,45.184214],[-111.551088,45.183437],[-111.550411,45.182339],[-111.550315,45.181242],[-111.549573,45.180258],[-111.549186,45.179274],[-111.548961,45.178543],[-111.54893,45.177537],[-111.549813,45.176849],[-111.549868,45.176806]]}},{"id":"426","type":"Feature","properties":{"waterway":"stream","natural":null,"base_elevation":844},"geometry":{"type":"LineString","coordinates":[[-111.410501,45.268311],[-111.410728,45.268791],[-111.410437,45.2695],[-111.40937,45.271192],[-111.409143,45.272107],[-111.408658,45.272953],[-111.408497,45.273616],[-111.407914,45.274531],[-111.407753,45.274965],[-111.407688,45.27556],[-111.407236,45.276726],[-111.405423,45.278533],[-111.404434,45.279614],[-111.403571,45.280611],[-111.402791,45.281504]]}},{"id":"427","type":"Feature","properties":{"waterway":"stream","natural":null,"base_elevation":434},"geometry":{"type":"LineString","coordinates":[[-111.597917,45.222851],[-111.595491,45.222691],[-111.594811,45.222782],[-111.59452,45.223011]]}},{"id":"428","type":"Feature","properties":{"waterway":"stream","natural":null,"base_elevation":228},"geometry":{"type":"LineString","coordinates":[[-111.626125,45.279452],[-111.626967,45.278149],[-111.627906,45.277235],[-111.628418,45.276834],[-111.628715,45.276648],[-111.628853,45.276387],[-111.629239,45.276251],[-111.629881,45.27616],[-111.630516,45.275992],[-111.630866,45.275973],[-111.631255,45.275846],[-111.631647,45.275815],[-111.632199,45.275857],[-111.632487,45.275737],[-111.632565,45.275635],[-111.632904,45.275423],[-111.633028,45.275397]]}},{"id":"429","type":"Feature","properties":{"waterway":"stream","natural":null,"base_elevation":432},"geometry":{"type":"LineString","coordinates":[[-111.509429,45.317759],[-111.508359,45.318261],[-111.507579,45.319175],[-111.506929,45.320043],[-111.505988,45.320796],[-111.50495,45.321184],[-111.503977,45.321709],[-111.500796,45.322823],[-111.500667,45.322846],[-111.497657,45.324816],[-111.497107,45.325251],[-111.494582,45.326648],[-111.493448,45.327061],[-111.49238,45.327702],[-111.492089,45.328228],[-111.491961,45.32864],[-111.492708,45.329668],[-111.493196,45.330239],[-111.493458,45.331748],[-111.493753,45.333371],[-111.493722,45.333759],[-111.494097,45.334432]]}},{"id":"430","type":"Feature","properties":{"waterway":"stream","natural":null,"base_elevation":1028},"geometry":{"type":"LineString","coordinates":[[-111.391017,45.171525],[-111.391502,45.171297],[-111.391663,45.171022],[-111.391404,45.169833],[-111.390951,45.16933],[-111.389594,45.16837],[-111.389044,45.168165],[-111.388301,45.167982],[-111.387687,45.167959],[-111.386684,45.167662],[-111.384519,45.167479],[-111.383355,45.167068],[-111.381998,45.166885],[-111.381448,45.166725],[-111.378571,45.164827],[-111.377505,45.16357],[-111.376923,45.162084],[-111.375792,45.160003],[-111.374887,45.15838],[-111.374338,45.157762]]}},{"id":"431","type":"Feature","properties":{"waterway":"stream","natural":null,"base_elevation":920},"geometry":{"type":"LineString","coordinates":[[-111.312128,45.419816],[-111.311998,45.420387],[-111.311511,45.420661],[-111.309854,45.420958],[-111.30901,45.421392],[-111.308555,45.421872],[-111.308196,45.422854],[-111.307967,45.424478],[-111.308486,45.425552],[-111.308517,45.426673],[-111.309003,45.427588],[-111.309522,45.428114],[-111.309813,45.428571],[-111.311955,45.429921],[-111.312377,45.430059],[-111.313124,45.430128],[-111.314032,45.430494],[-111.314649,45.430609],[-111.316825,45.43093],[-111.317377,45.430839],[-111.317831,45.430862],[-111.318221,45.431022],[-111.319097,45.431137],[-111.319909,45.43132],[-111.320493,45.431366],[-111.321662,45.431641],[-111.323285,45.432396],[-111.32387,45.432534],[-111.324422,45.432465],[-111.325363,45.432443],[-111.32585,45.432626],[-111.32637,45.432649],[-111.327474,45.432512],[-111.32939,45.432399],[-111.330299,45.43217],[-111.330754,45.431873],[-111.331827,45.430822],[-111.332346,45.430594]]}},{"id":"432","type":"Feature","properties":{"waterway":"stream","natural":null,"base_elevation":987},"geometry":{"type":"LineString","coordinates":[[-111.367679,45.397793],[-111.367809,45.39809],[-111.368069,45.398387],[-111.368977,45.399027],[-111.370503,45.39921],[-111.371087,45.399439],[-111.371606,45.39985],[-111.372742,45.400285],[-111.373359,45.400308]]}},{"id":"433","type":"Feature","properties":{"waterway":"stream","natural":null,"base_elevation":346},"geometry":{"type":"LineString","coordinates":[[-111.266327,45.416055],[-111.265936,45.416535],[-111.265124,45.416991],[-111.26483,45.417654],[-111.264699,45.418294],[-111.264341,45.418728],[-111.263886,45.418933],[-111.262294,45.419435],[-111.261742,45.4198],[-111.260994,45.420462],[-111.260213,45.421056],[-111.259173,45.421649],[-111.257842,45.421648],[-111.257419,45.421968],[-111.256996,45.422493],[-111.255338,45.42352],[-111.254524,45.424663],[-111.254004,45.425028],[-111.252865,45.426147],[-111.252635,45.427564],[-111.251527,45.429415],[-111.250909,45.42978],[-111.250797,45.429893],[-111.249922,45.430763],[-111.24882,45.431473],[-111.24762,45.432389],[-111.247395,45.433166],[-111.246941,45.433555],[-111.245741,45.434311],[-111.245353,45.434975],[-111.245321,45.435455],[-111.245095,45.435821],[-111.244252,45.436485],[-111.243636,45.437308],[-111.242828,45.438818],[-111.242247,45.440556],[-111.242281,45.44154],[-111.242511,45.442454],[-111.24261,45.443368],[-111.242157,45.444443],[-111.241509,45.445061],[-111.241097,45.445774],[-111.241155,45.446708],[-111.240994,45.447257],[-111.240111,45.447459],[-111.239542,45.447756],[-111.239032,45.448001],[-111.238689,45.448193],[-111.237868,45.448381],[-111.237339,45.448636],[-111.237249,45.448626]]}},{"id":"434","type":"Feature","properties":{"waterway":"stream","natural":null,"base_elevation":273},"geometry":{"type":"LineString","coordinates":[[-111.561641,45.372625],[-111.561935,45.370568],[-111.562358,45.369539],[-111.562035,45.368533],[-111.56223,45.368122],[-111.562621,45.366293],[-111.563173,45.365813],[-111.5634,45.365242],[-111.563498,45.36467],[-111.563337,45.363778],[-111.563631,45.362201],[-111.563437,45.361469],[-111.563828,45.359915],[-111.56399,45.35948],[-111.56464,45.358635],[-111.565355,45.357126],[-111.565193,45.35676],[-111.565618,45.355218]]}},{"id":"435","type":"Feature","properties":{"waterway":"stream","natural":null,"base_elevation":935},"geometry":{"type":"LineString","coordinates":[[-111.48262,45.238147],[-111.480936,45.237783],[-111.480256,45.237417],[-111.479706,45.237486],[-111.477926,45.237191],[-111.477635,45.237305],[-111.477052,45.237283],[-111.475564,45.237559],[-111.474982,45.237788],[-111.474173,45.237926],[-111.47372,45.238132],[-111.472202,45.239459],[-111.471847,45.240123],[-111.47091,45.241061],[-111.468875,45.243486],[-111.467937,45.243944],[-111.466903,45.244654],[-111.46658,45.245157],[-111.465998,45.245386],[-111.465675,45.245661],[-111.464801,45.246119],[-111.464089,45.246211],[-111.463993,45.246325],[-111.462764,45.247035],[-111.462345,45.248041],[-111.461537,45.249002],[-111.460987,45.249209],[-111.460534,45.249666],[-111.460146,45.249918],[-111.459917,45.250063]]}},{"id":"436","type":"Feature","properties":{"waterway":"stream","natural":null,"base_elevation":726},"geometry":{"type":"LineString","coordinates":[[-111.516679,45.188394],[-111.517036,45.187892],[-111.517005,45.187114],[-111.516909,45.186748],[-111.517137,45.18588],[-111.517364,45.185377],[-111.516947,45.183799],[-111.517174,45.183113],[-111.516982,45.182221],[-111.517598,45.18149],[-111.519185,45.179823],[-111.519508,45.179617],[-111.520867,45.179367],[-111.521837,45.179185],[-111.523357,45.178752]]}},{"id":"437","type":"Feature","properties":{"waterway":"stream","natural":null,"base_elevation":351},"geometry":{"type":"LineString","coordinates":[[-111.569107,45.267596],[-111.569527,45.268579],[-111.569072,45.26963],[-111.569105,45.269905],[-111.569363,45.270202],[-111.570172,45.270705],[-111.571241,45.270934],[-111.571564,45.27114],[-111.573086,45.271781],[-111.573733,45.271965],[-111.575028,45.272011],[-111.575741,45.271851],[-111.576939,45.271257],[-111.577457,45.271257],[-111.578105,45.271029],[-111.579304,45.269978],[-111.57966,45.269909],[-111.581117,45.269818],[-111.581668,45.26991],[-111.582607,45.26975],[-111.583158,45.269522],[-111.584226,45.269248],[-111.585425,45.2687],[-111.585846,45.268357],[-111.58753,45.268312],[-111.588048,45.268152],[-111.588469,45.268266],[-111.589408,45.268107],[-111.590314,45.267833],[-111.590638,45.267627],[-111.590962,45.267078],[-111.591966,45.266827],[-111.592387,45.266896],[-111.592808,45.267102],[-111.594005,45.268108],[-111.594912,45.268428],[-111.596045,45.268337],[-111.597469,45.268795],[-111.597923,45.268726],[-111.599833,45.268864],[-111.601064,45.268453],[-111.601646,45.268338],[-111.602585,45.268384],[-111.604334,45.267539],[-111.604885,45.267447],[-111.605856,45.267493],[-111.607202,45.267819],[-111.608313,45.267752],[-111.609306,45.267752],[-111.610622,45.267668],[-111.611236,45.267798],[-111.612252,45.268553],[-111.612684,45.268528],[-111.613324,45.268754],[-111.61395,45.268729],[-111.614704,45.268706]]}},{"id":"438","type":"Feature","properties":{"waterway":"stream","natural":null,"base_elevation":1245},"geometry":{"type":"LineString","coordinates":[[-111.421294,45.361568],[-111.421197,45.361979],[-111.421392,45.362231],[-111.422085,45.362207]]}},{"id":"439","type":"Feature","properties":{"waterway":"stream","natural":null,"base_elevation":792},"geometry":{"type":"LineString","coordinates":[[-111.394445,45.287446],[-111.393842,45.287313]]}},{"id":"440","type":"Feature","properties":{"waterway":"stream","natural":null,"base_elevation":174},"geometry":{"type":"LineString","coordinates":[[-111.615172,45.320514],[-111.615949,45.320583],[-111.616824,45.320469],[-111.618348,45.320423],[-111.619514,45.320492],[-111.620454,45.320469],[-111.621394,45.320629],[-111.622334,45.321018],[-111.624667,45.322184],[-111.625283,45.322733],[-111.625802,45.323258],[-111.627066,45.324562],[-111.627941,45.325065],[-111.629918,45.325545],[-111.630501,45.326459],[-111.631117,45.327053],[-111.631506,45.327534],[-111.6329,45.328654],[-111.63384,45.329568],[-111.635267,45.330345],[-111.636952,45.330688],[-111.63786,45.330962],[-111.638378,45.331534],[-111.638962,45.332471],[-111.63987,45.333294],[-111.64068,45.333797],[-111.641686,45.334209],[-111.643404,45.334688],[-111.644182,45.33526],[-111.645284,45.3359],[-111.64603,45.336197],[-111.646711,45.33654],[-111.647619,45.33766],[-111.6495,45.3391],[-111.650862,45.340654],[-111.651219,45.340608],[-111.65164,45.340928],[-111.651835,45.34134],[-111.653164,45.341545]]}},{"id":"441","type":"Feature","properties":{"waterway":"stream","natural":null,"base_elevation":818},"geometry":{"type":"LineString","coordinates":[[-111.429478,45.271253],[-111.429219,45.270888],[-111.429282,45.26995],[-111.42925,45.269539],[-111.428666,45.269127],[-111.428472,45.268853],[-111.428051,45.268693],[-111.427305,45.267825],[-111.426883,45.266339],[-111.427173,45.265173],[-111.426978,45.264487],[-111.426654,45.263778],[-111.426491,45.262704],[-111.427008,45.261606],[-111.428495,45.259136],[-111.429173,45.257307],[-111.42956,45.255569],[-111.430077,45.254905],[-111.430174,45.254585],[-111.430206,45.254059],[-111.430756,45.25383],[-111.431177,45.253442],[-111.4315,45.252984]]}},{"id":"442","type":"Feature","properties":{"waterway":"stream","natural":null,"base_elevation":575},"geometry":{"type":"LineString","coordinates":[[-111.517062,45.377188],[-111.517614,45.37696],[-111.519563,45.375796],[-111.520017,45.375659],[-111.520407,45.375408],[-111.5207,45.374928],[-111.521025,45.374471],[-111.521612,45.372894],[-111.521937,45.372185],[-111.52236,45.371683],[-111.522718,45.370974],[-111.523433,45.370403],[-111.523986,45.369512],[-111.524181,45.369101],[-111.524182,45.368849]]}},{"id":"443","type":"Feature","properties":{"waterway":"ditch","natural":null,"base_elevation":361},"geometry":{"type":"LineString","coordinates":[[-111.588186,45.30455],[-111.588834,45.305054],[-111.589352,45.305214],[-111.590129,45.30558],[-111.590842,45.305603],[-111.592397,45.305878],[-111.594017,45.305833],[-111.594665,45.306153],[-111.595799,45.306222],[-111.5969,45.306428],[-111.597354,45.306382],[-111.599589,45.306703],[-111.600594,45.307114],[-111.601371,45.307732],[-111.603314,45.310179],[-111.603995,45.310545]]}},{"id":"444","type":"Feature","properties":{"waterway":"stream","natural":null,"base_elevation":917},"geometry":{"type":"LineString","coordinates":[[-111.526555,45.309178],[-111.5261,45.309658],[-111.525612,45.310915],[-111.5259,45.313087],[-111.526353,45.313453],[-111.527227,45.313957],[-111.527583,45.314323],[-111.527743,45.315261],[-111.52839,45.316153],[-111.528616,45.316611],[-111.52868,45.317205],[-111.52829,45.317822]]}},{"id":"445","type":"Feature","properties":{"waterway":"stream","natural":null,"base_elevation":859},"geometry":{"type":"LineString","coordinates":[[-111.50158,45.261346],[-111.502485,45.261987],[-111.502678,45.262513],[-111.503319,45.265418],[-111.503027,45.265921],[-111.502508,45.266446],[-111.502668,45.266903],[-111.502895,45.267224],[-111.502894,45.267544],[-111.502308,45.268732],[-111.502953,45.269922],[-111.503696,45.270723],[-111.504505,45.271318]]}},{"id":"446","type":"Feature","properties":{"waterway":"ditch","natural":null,"base_elevation":247},"geometry":{"type":"LineString","coordinates":[[-111.611414,45.194845],[-111.611252,45.19512],[-111.610606,45.195257],[-111.609538,45.196926],[-111.600936,45.19633],[-111.593982,45.199118],[-111.593142,45.199072],[-111.592074,45.199277],[-111.591654,45.199643],[-111.591168,45.200123],[-111.590101,45.200214],[-111.589389,45.200557],[-111.588904,45.201311],[-111.588418,45.201631],[-111.587577,45.201814],[-111.586413,45.202637],[-111.584731,45.203253],[-111.583437,45.203573],[-111.582919,45.20371],[-111.581593,45.204281],[-111.579846,45.204761],[-111.578875,45.205355],[-111.578422,45.205583],[-111.578163,45.205926],[-111.577128,45.206246],[-111.576514,45.2062]]}},{"id":"447","type":"Feature","properties":{"waterway":"stream","natural":null,"base_elevation":252},"geometry":{"type":"LineString","coordinates":[[-111.582576,45.185876],[-111.582964,45.18567],[-111.583288,45.185602],[-111.584452,45.184756],[-111.584517,45.184574],[-111.584937,45.184368],[-111.58594,45.184117],[-111.587265,45.18398],[-111.588753,45.183249],[-111.590596,45.182952],[-111.591825,45.182541],[-111.592859,45.182495],[-111.593474,45.18261],[-111.594185,45.18245],[-111.594896,45.182473],[-111.59551,45.182679],[-111.595963,45.182999],[-111.596156,45.183342],[-111.597094,45.183685],[-111.597417,45.184028],[-111.59774,45.185103],[-111.598095,45.185698],[-111.59858,45.185949],[-111.598709,45.186109],[-111.599646,45.188053],[-111.599872,45.188236],[-111.600454,45.189036],[-111.601133,45.189517],[-111.602297,45.190866],[-111.604689,45.192009],[-111.605626,45.192261]]}},{"id":"448","type":"Feature","properties":{"waterway":"ditch","natural":null,"base_elevation":164},"geometry":{"type":"LineString","coordinates":[[-111.614741,45.376346],[-111.614579,45.375889],[-111.613379,45.375203],[-111.612989,45.374928],[-111.612665,45.374631],[-111.611011,45.373831],[-111.610395,45.373305],[-111.6102,45.37287],[-111.610136,45.372093],[-111.609876,45.371796],[-111.609227,45.371544],[-111.608741,45.37095],[-111.607898,45.370538],[-111.607671,45.369852],[-111.607379,45.369578],[-111.605985,45.367794],[-111.605563,45.367497],[-111.604915,45.367222],[-111.603585,45.366262],[-111.603553,45.366033],[-111.603034,45.365713],[-111.603099,45.365393],[-111.602094,45.364867],[-111.601575,45.364821],[-111.601121,45.364684],[-111.600246,45.363701],[-111.59856,45.362877],[-111.598235,45.36258],[-111.597522,45.361437]]}},{"id":"449","type":"Feature","properties":{"waterway":"stream","natural":null,"base_elevation":457},"geometry":{"type":"LineString","coordinates":[[-111.5603,45.21504],[-111.560979,45.215086],[-111.561335,45.215247],[-111.561949,45.215224],[-111.563858,45.214654],[-111.564926,45.214403],[-111.565282,45.214471],[-111.565735,45.214449],[-111.566447,45.214243],[-111.567321,45.213604],[-111.56771,45.213032],[-111.569748,45.211867],[-111.57046,45.211593],[-111.571205,45.211159],[-111.573243,45.210543],[-111.573599,45.210108],[-111.574376,45.209697],[-111.575346,45.209332],[-111.577353,45.208395],[-111.577903,45.207709],[-111.578777,45.207115],[-111.581397,45.206247],[-111.582465,45.206042],[-111.58392,45.205608],[-111.58557,45.205494],[-111.586346,45.205632],[-111.587349,45.205152],[-111.589548,45.205038]]}},{"id":"450","type":"Feature","properties":{"waterway":"stream","natural":null,"base_elevation":742},"geometry":{"type":"LineString","coordinates":[[-111.354683,45.177104],[-111.353778,45.176601],[-111.352937,45.176486],[-111.352032,45.1766],[-111.349575,45.17724],[-111.346956,45.177514],[-111.346633,45.177651],[-111.34563,45.178428],[-111.344595,45.178999],[-111.342882,45.179845],[-111.3412,45.180302],[-111.339131,45.180667],[-111.338161,45.18133],[-111.337449,45.18213],[-111.336931,45.182472],[-111.335411,45.183661],[-111.334829,45.183843],[-111.333988,45.183843],[-111.332274,45.185192],[-111.331141,45.186334],[-111.330203,45.187249],[-111.329459,45.187683],[-111.327842,45.188208],[-111.326451,45.188756],[-111.32451,45.190127],[-111.323313,45.191201],[-111.322342,45.191544],[-111.319819,45.192732],[-111.31859,45.192845],[-111.31804,45.192982]]}},{"id":"451","type":"Feature","properties":{"waterway":"stream","natural":null,"base_elevation":739},"geometry":{"type":"LineString","coordinates":[[-111.385044,45.209892],[-111.385659,45.210075],[-111.385917,45.210418],[-111.386209,45.21131],[-111.386112,45.211675],[-111.385968,45.212131],[-111.385336,45.213207],[-111.38359,45.219449],[-111.382587,45.221119],[-111.382396,45.222025],[-111.382361,45.222193],[-111.382458,45.222536],[-111.382426,45.223039],[-111.383235,45.225394],[-111.384465,45.227383]]}},{"id":"452","type":"Feature","properties":{"waterway":"stream","natural":null,"base_elevation":609},"geometry":{"type":"LineString","coordinates":[[-111.384465,45.227383],[-111.384174,45.22768],[-111.3822,45.228961],[-111.379418,45.230859],[-111.378868,45.231796],[-111.377735,45.234517],[-111.376894,45.23566],[-111.376118,45.236301],[-111.375794,45.236758],[-111.374985,45.238061]]}},{"id":"453","type":"Feature","properties":{"waterway":"stream","natural":null,"base_elevation":379},"geometry":{"type":"LineString","coordinates":[[-111.291241,45.42769],[-111.290657,45.427644],[-111.290171,45.427232],[-111.289944,45.426432],[-111.290109,45.42506],[-111.289948,45.424146],[-111.289365,45.423185],[-111.287549,45.421949],[-111.286382,45.420782],[-111.28583,45.420576],[-111.285311,45.420484],[-111.284824,45.420118],[-111.284533,45.419637],[-111.284275,45.418311],[-111.284244,45.417374],[-111.283174,45.416527],[-111.280612,45.414993],[-111.278861,45.414123],[-111.277952,45.41403],[-111.277693,45.413779],[-111.277141,45.413527],[-111.276005,45.413434],[-111.274252,45.413799],[-111.273277,45.414255],[-111.27292,45.414186],[-111.272141,45.414185],[-111.271004,45.414733],[-111.270516,45.415007],[-111.269412,45.415235],[-111.26899,45.41544],[-111.268178,45.415348],[-111.267626,45.415759],[-111.266327,45.416055]]}},{"id":"454","type":"Feature","properties":{"waterway":"ditch","natural":null,"base_elevation":337},"geometry":{"type":"LineString","coordinates":[[-111.584791,45.162007],[-111.583984,45.160886],[-111.585438,45.159949],[-111.585569,45.158715],[-111.585569,45.157914],[-111.585795,45.157686],[-111.586249,45.156269],[-111.586378,45.156063],[-111.586411,45.155331],[-111.58667,45.15508],[-111.586638,45.154851]]}},{"id":"455","type":"Feature","properties":{"waterway":"ditch","natural":null,"base_elevation":332},"geometry":{"type":"LineString","coordinates":[[-111.596735,45.314521],[-111.595276,45.315253],[-111.594725,45.315344],[-111.594271,45.315344],[-111.593266,45.315961],[-111.592683,45.316669],[-111.591807,45.317606],[-111.591062,45.318018],[-111.59064,45.318406],[-111.590478,45.318795],[-111.58957,45.319709]]}},{"id":"456","type":"Feature","properties":{"waterway":"stream","natural":null,"base_elevation":287},"geometry":{"type":"LineString","coordinates":[[-111.58957,45.319709],[-111.590283,45.320052],[-111.591449,45.320464],[-111.592291,45.320762],[-111.593003,45.3225],[-111.592938,45.322957],[-111.592062,45.324923]]}},{"id":"457","type":"Feature","properties":{"waterway":"stream","natural":null,"base_elevation":736},"geometry":{"type":"LineString","coordinates":[[-111.36744,45.251397],[-111.367569,45.251763],[-111.367181,45.252174],[-111.365594,45.252654],[-111.364817,45.252792],[-111.364753,45.253203],[-111.363555,45.253726],[-111.363391,45.253853],[-111.363223,45.254048]]}},{"id":"458","type":"Feature","properties":{"waterway":"stream","natural":null,"base_elevation":1129},"geometry":{"type":"LineString","coordinates":[[-111.484338,45.222941],[-111.484111,45.222506],[-111.48411,45.222057],[-111.484108,45.221135],[-111.484301,45.220426],[-111.484591,45.219648],[-111.485462,45.218916],[-111.486594,45.218411],[-111.487401,45.217747],[-111.488242,45.217381]]}},{"id":"459","type":"Feature","properties":{"waterway":"stream","natural":null,"base_elevation":318},"geometry":{"type":"LineString","coordinates":[[-111.539997,45.333927],[-111.539867,45.334613],[-111.540417,45.335231],[-111.540416,45.335459],[-111.53967,45.336144],[-111.539313,45.33635],[-111.538793,45.33715],[-111.538111,45.337698],[-111.537721,45.338795],[-111.537331,45.339138],[-111.536228,45.339823],[-111.535676,45.340051],[-111.535319,45.340371],[-111.535059,45.341102],[-111.53509,45.341628],[-111.534765,45.342337],[-111.533758,45.343776],[-111.533179,45.344433],[-111.53327,45.345123],[-111.532497,45.346282],[-111.532264,45.346861],[-111.532138,45.34737],[-111.531986,45.347895]]}},{"id":"460","type":"Feature","properties":{"waterway":"stream","natural":null,"base_elevation":926},"geometry":{"type":"LineString","coordinates":[[-111.450894,45.403142],[-111.450117,45.403255],[-111.448837,45.403497],[-111.4483,45.403599],[-111.446774,45.4036],[-111.445573,45.403372]]}},{"id":"461","type":"Feature","properties":{"waterway":"stream","natural":null,"base_elevation":1228},"geometry":{"type":"LineString","coordinates":[[-111.274629,45.329044],[-111.274142,45.329021],[-111.273203,45.328631],[-111.271778,45.328241],[-111.271389,45.328081],[-111.271131,45.32728],[-111.271067,45.32696],[-111.270743,45.326777],[-111.270063,45.326571],[-111.269267,45.326196],[-111.268994,45.326067]]}},{"id":"462","type":"Feature","properties":{"waterway":"stream","natural":null,"base_elevation":1036},"geometry":{"type":"LineString","coordinates":[[-111.33566,45.381393],[-111.335432,45.381896],[-111.335497,45.382239],[-111.335821,45.382628],[-111.336242,45.383405],[-111.337118,45.383954],[-111.338156,45.384206],[-111.338577,45.385029],[-111.338826,45.385309],[-111.338902,45.385395],[-111.339081,45.385881],[-111.339209,45.386226],[-111.33929,45.386447],[-111.339842,45.386927]]}},{"id":"463","type":"Feature","properties":{"waterway":"stream","natural":null,"base_elevation":741},"geometry":{"type":"LineString","coordinates":[[-111.248988,45.300076],[-111.247825,45.301517],[-111.246918,45.301861],[-111.245104,45.301978],[-111.244554,45.302093],[-111.243841,45.302322],[-111.243193,45.302117],[-111.242122,45.301409],[-111.239853,45.300703],[-111.238103,45.300293],[-111.235802,45.300021],[-111.235187,45.30009],[-111.234701,45.300022],[-111.233599,45.300114],[-111.232174,45.300047],[-111.230684,45.300209],[-111.229712,45.30037]]}},{"id":"464","type":"Feature","properties":{"waterway":"stream","natural":null,"base_elevation":1034},"geometry":{"type":"LineString","coordinates":[[-111.540274,45.25658],[-111.538524,45.257928],[-111.538232,45.258431],[-111.538068,45.259665],[-111.537388,45.260145],[-111.53729,45.260488],[-111.536966,45.260899],[-111.536512,45.261127],[-111.536026,45.261904],[-111.535927,45.262613],[-111.536087,45.263939],[-111.535663,45.266065]]}},{"id":"465","type":"Feature","properties":{"waterway":"stream","natural":null,"base_elevation":547},"geometry":{"type":"LineString","coordinates":[[-111.541544,45.295906],[-111.545041,45.297189],[-111.546531,45.297465],[-111.547794,45.297808],[-111.548636,45.297878],[-111.549024,45.298175],[-111.55019,45.298427],[-111.550708,45.298908],[-111.551128,45.29916],[-111.552294,45.29948],[-111.553493,45.299207],[-111.553817,45.29923],[-111.554432,45.299528],[-111.55508,45.300008],[-111.555987,45.299871],[-111.55874,45.300262],[-111.560425,45.300308],[-111.561073,45.300103],[-111.561624,45.300149],[-111.562207,45.300332],[-111.563469,45.301453],[-111.564343,45.301728],[-111.566417,45.301798],[-111.566708,45.301889],[-111.56755,45.302484],[-111.567841,45.302919],[-111.568455,45.304199],[-111.569103,45.304497],[-111.569556,45.305046]]}},{"id":"466","type":"Feature","properties":{"waterway":"stream","natural":null,"base_elevation":202},"geometry":{"type":"LineString","coordinates":[[-111.599026,45.335099],[-111.59948,45.33535],[-111.600387,45.336105],[-111.601943,45.337157],[-111.603239,45.337477],[-111.604536,45.338323],[-111.605119,45.338804],[-111.606902,45.340153],[-111.607355,45.34061],[-111.607841,45.340885],[-111.608036,45.341205],[-111.608846,45.341959],[-111.610273,45.34244]]}},{"id":"467","type":"Feature","properties":{"waterway":"stream","natural":null,"base_elevation":442},"geometry":{"type":"LineString","coordinates":[[-111.490279,45.314626],[-111.488372,45.317029],[-111.487401,45.317876],[-111.487111,45.318608],[-111.487114,45.320002],[-111.48705,45.32046],[-111.486791,45.320826],[-111.486631,45.32174],[-111.486763,45.323089],[-111.487448,45.324918],[-111.488459,45.328232],[-111.488688,45.329375],[-111.489143,45.330083],[-111.489211,45.331272],[-111.489051,45.332438],[-111.489508,45.334015],[-111.48942,45.334432]]}},{"id":"468","type":"Feature","properties":{"waterway":"stream","natural":null,"base_elevation":480},"geometry":{"type":"LineString","coordinates":[[-111.290174,45.211916],[-111.289947,45.211969],[-111.289617,45.211987],[-111.289378,45.212094],[-111.289319,45.212178],[-111.289354,45.212221],[-111.289416,45.212267],[-111.28941,45.212333],[-111.289355,45.212385],[-111.288426,45.212823],[-111.288074,45.212964],[-111.287772,45.212942],[-111.287506,45.213037],[-111.287142,45.212958],[-111.286287,45.213083],[-111.283576,45.213851],[-111.283412,45.213859],[-111.283316,45.213949],[-111.283284,45.213959],[-111.28325,45.213947],[-111.283216,45.213901],[-111.283194,45.213871],[-111.283146,45.213853],[-111.283094,45.213859],[-111.283058,45.213875],[-111.283038,45.213906],[-111.283039,45.213952],[-111.283055,45.213995],[-111.283087,45.21402],[-111.283135,45.214044],[-111.283145,45.214058],[-111.283134,45.214074],[-111.283061,45.214108],[-111.282565,45.214337],[-111.281627,45.214565],[-111.280462,45.214473],[-111.27852,45.21534],[-111.27742,45.215499],[-111.275576,45.215315],[-111.273247,45.215313],[-111.272826,45.215541]]}},{"id":"469","type":"Feature","properties":{"waterway":"stream","natural":null,"base_elevation":939},"geometry":{"type":"LineString","coordinates":[[-111.453879,45.166646],[-111.452662,45.166161],[-111.451803,45.166105],[-111.450275,45.165257],[-111.447834,45.164987],[-111.447704,45.164897],[-111.446937,45.164369],[-111.44654,45.164096],[-111.445247,45.164005],[-111.44363,45.163549],[-111.442305,45.163161],[-111.440299,45.16179],[-111.439943,45.161265],[-111.439394,45.161128],[-111.438262,45.160648],[-111.436451,45.159209],[-111.435028,45.158729],[-111.433703,45.158639],[-111.433154,45.158479],[-111.432474,45.157816],[-111.432215,45.157245],[-111.431924,45.157016],[-111.430664,45.156994],[-111.428498,45.155737],[-111.428239,45.155509],[-111.427883,45.154869],[-111.426978,45.154458],[-111.426589,45.153452],[-111.425748,45.152972],[-111.424908,45.152241],[-111.424617,45.152081]]}},{"id":"470","type":"Feature","properties":{"waterway":"stream","natural":null,"base_elevation":319},"geometry":{"type":"LineString","coordinates":[[-111.608727,45.304989],[-111.609537,45.305127],[-111.609861,45.305264],[-111.61093,45.305424],[-111.611837,45.305447],[-111.613198,45.305996],[-111.613846,45.306019],[-111.614494,45.305813],[-111.615952,45.306088],[-111.616891,45.306477]]}},{"id":"471","type":"Feature","properties":{"waterway":"stream","natural":null,"base_elevation":919},"geometry":{"type":"LineString","coordinates":[[-111.514199,45.398539],[-111.515303,45.39806],[-111.515986,45.397466],[-111.515857,45.397009],[-111.516215,45.396141],[-111.516735,45.395821],[-111.517449,45.395547],[-111.517936,45.395571],[-111.51865,45.395823],[-111.519265,45.396258],[-111.519232,45.396646],[-111.519751,45.397013],[-111.520238,45.39699],[-111.520465,45.396785],[-111.522023,45.396626],[-111.522381,45.39594],[-111.522706,45.395644],[-111.523097,45.395072],[-111.524558,45.394525],[-111.526571,45.394092],[-111.527674,45.394207],[-111.531048,45.394919],[-111.531664,45.39492],[-111.532216,45.394691],[-111.53306,45.394784],[-111.534584,45.395608],[-111.535589,45.396363],[-111.536626,45.396775],[-111.537664,45.396936],[-111.539578,45.397578],[-111.539967,45.397852],[-111.540194,45.398218],[-111.540713,45.398539],[-111.541199,45.398745],[-111.542268,45.400072],[-111.543176,45.400461],[-111.543825,45.400576],[-111.544961,45.400668]]}},{"id":"472","type":"Feature","properties":{"waterway":"stream","natural":null,"base_elevation":716},"geometry":{"type":"LineString","coordinates":[[-111.440369,45.221923],[-111.439625,45.221923],[-111.438849,45.222084],[-111.438364,45.222358],[-111.437038,45.223411],[-111.43665,45.223548],[-111.436036,45.223892],[-111.43471,45.224189],[-111.430345,45.226798],[-111.428049,45.227965],[-111.42669,45.228332],[-111.425655,45.228835],[-111.423359,45.230528],[-111.422616,45.231192],[-111.421257,45.232153],[-111.419769,45.232953],[-111.419381,45.233068],[-111.41854,45.233388],[-111.416858,45.234578],[-111.416082,45.234784],[-111.414691,45.235585],[-111.414044,45.236408],[-111.413171,45.237026],[-111.410809,45.237415]]}},{"id":"473","type":"Feature","properties":{"waterway":"stream","natural":null,"base_elevation":480},"geometry":{"type":"LineString","coordinates":[[-111.54181,45.313649],[-111.542328,45.313695],[-111.542684,45.313855],[-111.543267,45.314519],[-111.543394,45.316028],[-111.543491,45.316393],[-111.544494,45.317172],[-111.545367,45.318658],[-111.545917,45.319322],[-111.546176,45.319756],[-111.546823,45.320397],[-111.547955,45.322364],[-111.548019,45.322707],[-111.547856,45.323804],[-111.547692,45.325244],[-111.546912,45.326158],[-111.546198,45.327255],[-111.545514,45.329473],[-111.544605,45.330387],[-111.543795,45.330546],[-111.542011,45.331368],[-111.541783,45.331734],[-111.541134,45.332327],[-111.540582,45.333333],[-111.539997,45.333927]]}},{"id":"474","type":"Feature","properties":{"waterway":"stream","natural":null,"base_elevation":558},"geometry":{"type":"LineString","coordinates":[[-111.535187,45.300543],[-111.535511,45.300772],[-111.536547,45.30123],[-111.538586,45.302695],[-111.540172,45.30345],[-111.541436,45.303566],[-111.541857,45.303497],[-111.542245,45.303795],[-111.543768,45.304139],[-111.54448,45.30446],[-111.545419,45.304643],[-111.546164,45.305169],[-111.546874,45.306702],[-111.548169,45.307731],[-111.548395,45.308006],[-111.548976,45.309538],[-111.54943,45.309996],[-111.549817,45.310728],[-111.550659,45.311414],[-111.551209,45.311735],[-111.553153,45.311804],[-111.553899,45.311713],[-111.554353,45.311531],[-111.555066,45.310982],[-111.55565,45.310914],[-111.556686,45.311189],[-111.558274,45.311396],[-111.558987,45.311213],[-111.559959,45.31078],[-111.560575,45.310643],[-111.561386,45.310232],[-111.562423,45.309501],[-111.563007,45.309272],[-111.563493,45.309181],[-111.564336,45.30877],[-111.566184,45.307605],[-111.566282,45.307193],[-111.567417,45.306119],[-111.568292,45.305571],[-111.569556,45.305046]]}},{"id":"475","type":"Feature","properties":{"waterway":"stream","natural":null,"base_elevation":509},"geometry":{"type":"LineString","coordinates":[[-111.519357,45.381534],[-111.520982,45.380209],[-111.521989,45.379456],[-111.523387,45.377948],[-111.524135,45.376874],[-111.525499,45.375778],[-111.526148,45.375596],[-111.527641,45.3753],[-111.52816,45.375186],[-111.529231,45.375095],[-111.529815,45.374936],[-111.530205,45.374845],[-111.531535,45.374777],[-111.532639,45.374184],[-111.533288,45.374001],[-111.534066,45.373956],[-111.53491,45.373568],[-111.536048,45.372357],[-111.536763,45.371512],[-111.537672,45.370849],[-111.538418,45.370484],[-111.539392,45.370188],[-111.540398,45.370028],[-111.540981,45.37012],[-111.541436,45.370029],[-111.542052,45.370075]]}},{"id":"476","type":"Feature","properties":{"waterway":"stream","natural":null,"base_elevation":435},"geometry":{"type":"LineString","coordinates":[[-111.530966,45.131407],[-111.531159,45.132276],[-111.531707,45.132688],[-111.532288,45.132894],[-111.532675,45.133169],[-111.533482,45.133466],[-111.534063,45.133627],[-111.534419,45.13381],[-111.534741,45.134108],[-111.535903,45.134726],[-111.536322,45.135046],[-111.537322,45.13619],[-111.540066,45.137153],[-111.540841,45.137725],[-111.541389,45.138685],[-111.54255,45.140035],[-111.546519,45.143376],[-111.547455,45.14388],[-111.548553,45.144223],[-111.552265,45.147175],[-111.553071,45.148228],[-111.553264,45.148959],[-111.554329,45.150423],[-111.554619,45.151361],[-111.555426,45.15191],[-111.555457,45.152916],[-111.556005,45.154014],[-111.556618,45.154723]]}},{"id":"477","type":"Feature","properties":{"waterway":"stream","natural":null,"base_elevation":1270},"geometry":{"type":"LineString","coordinates":[[-111.407833,45.35876],[-111.410299,45.359743],[-111.411369,45.360291],[-111.412116,45.36132],[-111.413024,45.361822],[-111.413511,45.361845],[-111.415165,45.361547],[-111.416202,45.361547],[-111.416689,45.361409],[-111.418893,45.360243]]}},{"id":"478","type":"Feature","properties":{"waterway":"stream","natural":null,"base_elevation":492},"geometry":{"type":"LineString","coordinates":[[-111.542052,45.370075],[-111.544161,45.369299]]}},{"id":"479","type":"Feature","properties":{"waterway":"stream","natural":null,"base_elevation":749},"geometry":{"type":"LineString","coordinates":[[-111.417306,45.309271],[-111.417963,45.309387],[-111.418546,45.309679],[-111.41877,45.309741],[-111.419485,45.310224],[-111.420028,45.310754],[-111.420645,45.311172],[-111.421966,45.311588],[-111.422971,45.311976],[-111.423967,45.312568],[-111.424176,45.313064],[-111.423946,45.313327],[-111.424335,45.314857],[-111.424649,45.315461],[-111.424854,45.316251],[-111.425261,45.316733],[-111.425787,45.316753],[-111.426109,45.31671],[-111.426381,45.316743],[-111.426576,45.316902],[-111.426827,45.31704],[-111.42752,45.317308]]}},{"id":"480","type":"Feature","properties":{"waterway":"stream","natural":null,"base_elevation":611},"geometry":{"type":"LineString","coordinates":[[-111.488932,45.305391],[-111.489289,45.305825],[-111.489905,45.30619],[-111.490068,45.306464],[-111.490039,45.307973]]}},{"id":"481","type":"Feature","properties":{"waterway":"stream","natural":null,"base_elevation":814},"geometry":{"type":"LineString","coordinates":[[-111.256518,45.34023],[-111.257456,45.34158],[-111.258071,45.341946],[-111.258265,45.342358],[-111.258036,45.343387],[-111.257093,45.344437],[-111.2568,45.345146],[-111.256053,45.345922],[-111.255468,45.346448],[-111.25511,45.347248],[-111.254069,45.348572],[-111.253516,45.349486],[-111.252348,45.349782],[-111.250952,45.350535],[-111.250784,45.350648],[-111.248292,45.352892],[-111.24771,45.353853],[-111.247033,45.355339],[-111.246127,45.356529],[-111.246162,45.357627],[-111.246617,45.358198],[-111.246848,45.35973],[-111.24844,45.361397],[-111.248668,45.361717],[-111.24893,45.362768],[-111.249255,45.363248]]}},{"id":"482","type":"Feature","properties":{"waterway":"stream","natural":null,"base_elevation":834},"geometry":{"type":"LineString","coordinates":[[-111.546381,45.221639],[-111.547578,45.22164],[-111.549034,45.221938],[-111.549777,45.222396],[-111.550295,45.222374],[-111.551071,45.222489],[-111.551653,45.222923],[-111.552331,45.22393],[-111.553397,45.225211],[-111.554723,45.225897],[-111.55524,45.226081],[-111.557731,45.226585],[-111.558831,45.226997],[-111.559833,45.227524],[-111.561159,45.228553],[-111.561126,45.229011],[-111.561642,45.230268]]}},{"id":"483","type":"Feature","properties":{"waterway":"stream","natural":null,"base_elevation":703},"geometry":{"type":"LineString","coordinates":[[-111.535663,45.266065],[-111.535273,45.266819],[-111.535337,45.267117],[-111.535369,45.267757],[-111.535174,45.268214],[-111.535108,45.268511],[-111.534816,45.268945],[-111.533909,45.269379],[-111.533811,45.270042],[-111.534262,45.271368],[-111.534422,45.272466],[-111.534292,45.272992],[-111.533124,45.274203],[-111.532864,45.274888],[-111.532798,45.275574],[-111.532571,45.275848],[-111.532182,45.276031],[-111.531793,45.276419],[-111.531273,45.277173],[-111.530689,45.278042],[-111.530688,45.278773],[-111.531237,45.27962],[-111.532369,45.280832]]}},{"id":"484","type":"Feature","properties":{"waterway":"stream","natural":null,"base_elevation":1028},"geometry":{"type":"LineString","coordinates":[[-111.393539,45.175183],[-111.394832,45.175069],[-111.39564,45.17452],[-111.395834,45.174062],[-111.395187,45.172782],[-111.394831,45.172394],[-111.394572,45.171776],[-111.394572,45.17141],[-111.394055,45.170496],[-111.392309,45.169399],[-111.391468,45.168393],[-111.391404,45.168073],[-111.391403,45.16709],[-111.39053,45.165535],[-111.389754,45.163477],[-111.389528,45.163134],[-111.38914,45.162814],[-111.388202,45.162586],[-111.387297,45.16174],[-111.387071,45.161466],[-111.385196,45.160803],[-111.384098,45.160643],[-111.382514,45.160048],[-111.380736,45.159866],[-111.379023,45.158905],[-111.37618,45.157854],[-111.375792,45.157831],[-111.374338,45.157762]]}},{"id":"485","type":"Feature","properties":{"waterway":"stream","natural":null,"base_elevation":168},"geometry":{"type":"LineString","coordinates":[[-111.694308,45.34386],[-111.693853,45.343105],[-111.693657,45.342031],[-111.693689,45.341688],[-111.693235,45.341117],[-111.692554,45.340957],[-111.692035,45.340523],[-111.690996,45.339289],[-111.690412,45.338969],[-111.690055,45.338649],[-111.689568,45.338421],[-111.688984,45.337941],[-111.688691,45.336981],[-111.687718,45.336044],[-111.687101,45.335473],[-111.686582,45.335359],[-111.685447,45.334811],[-111.685123,45.334811],[-111.68467,45.335017],[-111.684021,45.334949],[-111.683535,45.334766],[-111.683145,45.334263],[-111.682497,45.333989],[-111.681816,45.33399],[-111.68094,45.333647],[-111.680032,45.333213],[-111.678346,45.332734],[-111.677698,45.332414],[-111.677049,45.331706],[-111.676691,45.330677],[-111.674485,45.328803],[-111.673609,45.327706],[-111.671858,45.326244],[-111.669394,45.325056],[-111.668908,45.324896],[-111.668324,45.324919],[-111.668,45.325148],[-111.667514,45.325262],[-111.666833,45.325011],[-111.666217,45.324554],[-111.665277,45.3238],[-111.664466,45.323777],[-111.662068,45.323298],[-111.661744,45.323138],[-111.661193,45.323024],[-111.660285,45.322498],[-111.658826,45.321447],[-111.655422,45.319688],[-111.654676,45.319231],[-111.653347,45.318705],[-111.651727,45.318408],[-111.651014,45.318157],[-111.649944,45.318203],[-111.64881,45.317471],[-111.64761,45.316397],[-111.646995,45.316009],[-111.646055,45.315666],[-111.644402,45.315552],[-111.642619,45.314683],[-111.641485,45.314066],[-111.640513,45.313746],[-111.639605,45.313655],[-111.637013,45.313106],[-111.636592,45.312992],[-111.635749,45.312969],[-111.634226,45.312398],[-111.633773,45.312307],[-111.633254,45.31249],[-111.631504,45.312032],[-111.630467,45.311598],[-111.628685,45.310478],[-111.627616,45.310226],[-111.625801,45.309883],[-111.625024,45.309723],[-111.624084,45.309449],[-111.623501,45.309518],[-111.621395,45.308992],[-111.619807,45.30826],[-111.617118,45.306819],[-111.616891,45.306477]]}},{"id":"486","type":"Feature","properties":{"waterway":"stream","natural":null,"base_elevation":522},"geometry":{"type":"LineString","coordinates":[[-111.34393,45.267946],[-111.341404,45.268723],[-111.340562,45.269477]]}},{"id":"487","type":"Feature","properties":{"waterway":"stream","natural":null,"base_elevation":777},"geometry":{"type":"LineString","coordinates":[[-111.531395,45.206173],[-111.530846,45.205738],[-111.530427,45.204823],[-111.530622,45.204183],[-111.530623,45.203154],[-111.53014,45.201942],[-111.530045,45.20105],[-111.529496,45.200158],[-111.529238,45.199929],[-111.528465,45.19803],[-111.527593,45.19739],[-111.527302,45.197069],[-111.52695,45.195377],[-111.527015,45.195057],[-111.527371,45.194783],[-111.528633,45.194258],[-111.528827,45.194053],[-111.529022,45.193458],[-111.528797,45.193115],[-111.528603,45.193001],[-111.528442,45.192475]]}},{"id":"488","type":"Feature","properties":{"waterway":"stream","natural":null,"base_elevation":709},"geometry":{"type":"LineString","coordinates":[[-111.248397,45.371205],[-111.248235,45.371549],[-111.24801,45.372349]]}},{"id":"489","type":"Feature","properties":{"waterway":"stream","natural":null,"base_elevation":696},"geometry":{"type":"LineString","coordinates":[[-111.424717,45.381412],[-111.423583,45.382967],[-111.422027,45.384408],[-111.421443,45.384934],[-111.420245,45.387335],[-111.419888,45.388341],[-111.419305,45.389165],[-111.418949,45.390011],[-111.418917,45.390788],[-111.418204,45.391886],[-111.417361,45.392641],[-111.416875,45.393281]]}},{"id":"490","type":"Feature","properties":{"waterway":"stream","natural":null,"base_elevation":667},"geometry":{"type":"LineString","coordinates":[[-111.31804,45.192982],[-111.31749,45.193348],[-111.316617,45.193644],[-111.31597,45.194101],[-111.314901,45.195221],[-111.314026,45.197347],[-111.313151,45.198856],[-111.312018,45.199861],[-111.311435,45.200478],[-111.311241,45.201027]]}},{"id":"491","type":"Feature","properties":{"waterway":"ditch","natural":null,"base_elevation":334},"geometry":{"type":"LineString","coordinates":[[-111.58957,45.319709],[-111.589245,45.320166],[-111.588143,45.321126],[-111.587721,45.321789]]}},{"id":"492","type":"Feature","properties":{"waterway":"stream","natural":null,"base_elevation":452},"geometry":{"type":"LineString","coordinates":[[-111.396961,45.420197],[-111.397221,45.420288],[-111.397578,45.420654],[-111.397643,45.420974],[-111.397513,45.421431],[-111.396767,45.42214],[-111.39654,45.422391],[-111.396345,45.422986],[-111.395794,45.425089],[-111.395599,45.425364],[-111.395177,45.425387]]}},{"id":"493","type":"Feature","properties":{"waterway":"stream","natural":null,"base_elevation":610},"geometry":{"type":"LineString","coordinates":[[-111.559554,45.268916],[-111.558387,45.269579],[-111.557674,45.270356],[-111.556735,45.27063],[-111.556346,45.271132],[-111.556214,45.27255],[-111.555467,45.27511],[-111.554493,45.276573],[-111.553489,45.277258],[-111.55297,45.277761],[-111.552872,45.278401],[-111.552515,45.279109],[-111.552189,45.280344],[-111.552221,45.280938],[-111.55277,45.282127],[-111.552704,45.282699],[-111.553027,45.283431]]}},{"id":"494","type":"Feature","properties":{"waterway":"stream","natural":null,"base_elevation":852},"geometry":{"type":"LineString","coordinates":[[-111.510027,45.200552],[-111.510674,45.200415],[-111.512227,45.199914],[-111.513297,45.198863],[-111.51417,45.198635],[-111.514688,45.198636],[-111.515626,45.198522],[-111.516014,45.198134]]}},{"id":"495","type":"Feature","properties":{"waterway":"stream","natural":null,"base_elevation":399},"geometry":{"type":"LineString","coordinates":[[-111.580257,45.216879],[-111.580969,45.216627],[-111.581196,45.216399],[-111.582846,45.215988],[-111.583493,45.215965],[-111.584075,45.216034],[-111.584722,45.215943],[-111.585369,45.215509],[-111.587602,45.21448],[-111.588152,45.214069],[-111.591679,45.213201],[-111.592196,45.213156],[-111.592584,45.213247],[-111.593101,45.213705],[-111.593522,45.214185],[-111.594201,45.214528],[-111.594977,45.214688],[-111.597791,45.214689]]}},{"id":"496","type":"Feature","properties":{"waterway":"stream","natural":null,"base_elevation":282},"geometry":{"type":"LineString","coordinates":[[-111.585287,45.192919],[-111.586193,45.192782],[-111.586193,45.192576],[-111.586872,45.192485],[-111.587422,45.192348],[-111.588004,45.191868],[-111.589104,45.191617],[-111.59085,45.191846],[-111.59224,45.192464],[-111.593015,45.192784],[-111.594503,45.192876],[-111.595182,45.192762],[-111.595538,45.192785],[-111.596314,45.193059],[-111.597348,45.193243],[-111.598932,45.194203],[-111.599805,45.194546]]}},{"id":"497","type":"Feature","properties":{"waterway":"stream","natural":null,"base_elevation":179},"geometry":{"type":"LineString","coordinates":[[-111.608974,45.347515],[-111.609655,45.347218],[-111.610174,45.347127],[-111.611698,45.34731],[-111.613222,45.347173],[-111.613708,45.347173],[-111.614584,45.34731],[-111.615297,45.34763],[-111.61614,45.347493],[-111.617372,45.34763]]}},{"id":"498","type":"Feature","properties":{"waterway":"stream","natural":null,"base_elevation":872},"geometry":{"type":"LineString","coordinates":[[-111.441997,45.203059],[-111.442127,45.203653],[-111.442418,45.203996],[-111.443004,45.207197],[-111.442941,45.208112],[-111.442974,45.2093],[-111.442878,45.209735],[-111.442491,45.210558],[-111.441845,45.211244],[-111.441264,45.212297],[-111.441038,45.213371],[-111.440683,45.213989],[-111.440007,45.21607],[-111.439135,45.218174],[-111.439104,45.219431],[-111.4393,45.2203],[-111.440271,45.220963],[-111.440369,45.221923]]}},{"id":"499","type":"Feature","properties":{"waterway":"stream","natural":null,"base_elevation":287},"geometry":{"type":"LineString","coordinates":[[-111.592062,45.324923],[-111.59109,45.324031],[-111.590054,45.322773],[-111.589439,45.322201],[-111.588499,45.321835],[-111.587721,45.321789]]}},{"id":"500","type":"Feature","properties":{"waterway":"stream","natural":null,"base_elevation":284},"geometry":{"type":"LineString","coordinates":[[-111.597909,45.169624],[-111.598393,45.169944],[-111.599524,45.170402],[-111.600268,45.170997],[-111.601237,45.171271],[-111.601851,45.17166],[-111.602109,45.172003],[-111.602562,45.172483],[-111.602691,45.172918],[-111.603693,45.173512],[-111.604339,45.174107],[-111.604662,45.174679]]}},{"id":"501","type":"Feature","properties":{"waterway":"stream","natural":null,"base_elevation":741},"geometry":{"type":"LineString","coordinates":[[-111.267093,45.320395],[-111.266737,45.320051],[-111.265961,45.31909],[-111.264342,45.31822],[-111.263694,45.318174],[-111.260745,45.318193],[-111.259675,45.318398],[-111.25867,45.318466],[-111.257308,45.318922],[-111.255591,45.31892],[-111.255072,45.319011],[-111.253225,45.318917],[-111.251798,45.319213],[-111.250779,45.319142],[-111.250736,45.319138],[-111.250099,45.319074],[-111.249694,45.319052],[-111.248867,45.319007],[-111.246663,45.31885],[-111.24582,45.318576],[-111.245073,45.318142],[-111.244716,45.317503],[-111.244487,45.316611],[-111.244129,45.316109],[-111.242993,45.315104],[-111.242746,45.3147],[-111.2427,45.314624],[-111.242635,45.31419],[-111.242407,45.313801],[-111.24192,45.313367],[-111.241197,45.312462],[-111.241173,45.312431],[-111.240816,45.312179],[-111.238902,45.311267],[-111.238885,45.311261],[-111.236957,45.310537],[-111.236112,45.309509],[-111.235512,45.30913],[-111.235288,45.308988],[-111.234523,45.308505],[-111.234003,45.307842],[-111.233679,45.307682],[-111.233354,45.307385],[-111.232964,45.306723],[-111.232476,45.305626],[-111.232603,45.304482],[-111.232278,45.303682],[-111.232178,45.302402],[-111.232047,45.301785],[-111.231431,45.301283],[-111.23101,45.301169],[-111.229712,45.30037]]}},{"id":"502","type":"Feature","properties":{"waterway":"stream","natural":null,"base_elevation":938},"geometry":{"type":"LineString","coordinates":[[-111.343525,45.355628],[-111.342779,45.355674],[-111.342131,45.355537],[-111.341321,45.355033],[-111.34051,45.354804],[-111.339634,45.355101],[-111.338986,45.354964],[-111.337948,45.354598],[-111.336846,45.354506],[-111.334867,45.354665],[-111.333992,45.354962],[-111.333667,45.355259],[-111.332954,45.355602],[-111.33156,45.355121],[-111.330068,45.354984],[-111.329289,45.355075],[-111.328576,45.355326],[-111.328187,45.355394],[-111.327765,45.355257],[-111.326663,45.354639],[-111.326014,45.355096],[-111.325009,45.35537]]}},{"id":"503","type":"Feature","properties":{"waterway":"stream","natural":null,"base_elevation":742},"geometry":{"type":"LineString","coordinates":[[-111.393842,45.287313],[-111.39268,45.287242],[-111.392481,45.287181],[-111.392078,45.287139],[-111.391226,45.286928],[-111.390269,45.286744],[-111.389715,45.286449],[-111.388358,45.285898],[-111.386544,45.285418],[-111.385767,45.285418]]}},{"id":"504","type":"Feature","properties":{"waterway":"river","natural":null,"base_elevation":354},"geometry":{"type":"LineString","coordinates":[[-111.24357,45.269567],[-111.24344,45.270126],[-111.243032,45.270757],[-111.242806,45.271202],[-111.242152,45.271278]]}},{"id":"505","type":"Feature","properties":{"waterway":"river","natural":null,"base_elevation":354},"geometry":{"type":"LineString","coordinates":[[-111.251783,45.265651],[-111.250692,45.265622],[-111.24993,45.265637],[-111.249608,45.265682],[-111.248932,45.266113],[-111.248074,45.266483]]}},{"id":"506","type":"Feature","properties":{"waterway":"stream","natural":null,"base_elevation":743},"geometry":{"type":"LineString","coordinates":[[-111.451698,45.287002],[-111.451633,45.287306],[-111.45162,45.287626],[-111.451537,45.288304],[-111.451385,45.288508],[-111.451381,45.288747],[-111.45133,45.288999],[-111.451399,45.289177],[-111.451542,45.289354],[-111.451638,45.28948],[-111.451744,45.289616],[-111.451712,45.28982],[-111.451578,45.289923],[-111.451592,45.289997],[-111.451532,45.290159],[-111.451376,45.290327],[-111.451046,45.290534],[-111.450844,45.290744],[-111.450687,45.291089],[-111.450591,45.291164],[-111.450467,45.291367],[-111.450425,45.291493],[-111.450453,45.291687],[-111.450494,45.292094],[-111.450393,45.292563],[-111.450196,45.292744],[-111.450122,45.292854],[-111.449957,45.293096],[-111.44987,45.293287],[-111.449833,45.293513],[-111.449594,45.293797],[-111.4493,45.294556],[-111.449075,45.295545],[-111.44913,45.29593],[-111.449394,45.29643],[-111.449633,45.296732],[-111.449888,45.296873],[-111.450323,45.29701],[-111.450813,45.297336],[-111.451168,45.297795],[-111.4513,45.298011],[-111.451331,45.298177],[-111.451244,45.2983],[-111.451312,45.298572],[-111.45124,45.298774],[-111.451347,45.298889],[-111.451623,45.299436],[-111.451878,45.299851],[-111.452053,45.300101],[-111.452017,45.300191],[-111.451906,45.300286],[-111.45193,45.300395],[-111.452229,45.300813],[-111.452257,45.300996],[-111.452129,45.301335],[-111.452031,45.301692],[-111.452049,45.301888],[-111.451898,45.30215],[-111.451655,45.302357],[-111.451147,45.302603],[-111.451029,45.302667],[-111.450851,45.303389],[-111.45085,45.303903],[-111.450861,45.304388],[-111.450714,45.304798],[-111.450505,45.305148],[-111.449891,45.30588],[-111.448531,45.306681],[-111.447268,45.307162],[-111.445779,45.308146],[-111.445132,45.309015],[-111.443999,45.309885],[-111.443092,45.310091],[-111.441925,45.310115],[-111.441083,45.310298],[-111.44051,45.310589]]}},{"id":"507","type":"Feature","properties":{"waterway":"stream","natural":null,"base_elevation":839},"geometry":{"type":"LineString","coordinates":[[-111.385066,45.306568],[-111.385481,45.306124],[-111.384928,45.305172],[-111.384928,45.303961],[-111.384377,45.302932],[-111.383372,45.301194],[-111.383405,45.300486],[-111.384992,45.297902],[-111.385153,45.297284],[-111.38518,45.295371],[-111.384902,45.294496],[-111.385158,45.293613]]}},{"id":"508","type":"Feature","properties":{"waterway":"stream","natural":null,"base_elevation":944},"geometry":{"type":"LineString","coordinates":[[-111.385029,45.306808],[-111.385066,45.306568]]}},{"id":"509","type":"Feature","properties":{"waterway":"stream","natural":null,"base_elevation":801},"geometry":{"type":"LineString","coordinates":[[-111.385144,45.293247],[-111.385399,45.291966],[-111.386554,45.291288],[-111.386913,45.290865],[-111.386924,45.290247]]}},{"id":"510","type":"Feature","properties":{"waterway":"stream","natural":null,"base_elevation":832},"geometry":{"type":"LineString","coordinates":[[-111.385158,45.293613],[-111.385144,45.293247]]}},{"id":"511","type":"Feature","properties":{"waterway":"stream","natural":null,"base_elevation":742},"geometry":{"type":"LineString","coordinates":[[-111.387061,45.289588],[-111.387207,45.288825],[-111.386659,45.28764],[-111.385994,45.286973],[-111.386026,45.286127],[-111.385767,45.285418]]}},{"id":"512","type":"Feature","properties":{"waterway":"stream","natural":null,"base_elevation":791},"geometry":{"type":"LineString","coordinates":[[-111.386924,45.290247],[-111.387061,45.289588]]}},{"id":"513","type":"Feature","properties":{"waterway":"stream","natural":null,"base_elevation":434},"geometry":{"type":"LineString","coordinates":[[-111.306467,45.269627],[-111.306267,45.269537],[-111.305672,45.269301],[-111.304952,45.269067],[-111.304589,45.268912],[-111.304052,45.268655],[-111.303942,45.268294],[-111.303717,45.267908],[-111.303427,45.267607],[-111.302723,45.267029],[-111.302662,45.26656]]}},{"id":"514","type":"Feature","properties":{"waterway":"stream","natural":null,"base_elevation":459},"geometry":{"type":"LineString","coordinates":[[-111.306622,45.269707],[-111.306467,45.269627]]}},{"id":"515","type":"Feature","properties":{"waterway":"stream","natural":null,"base_elevation":483},"geometry":{"type":"LineString","coordinates":[[-111.32089,45.267827],[-111.320883,45.267363],[-111.320898,45.267176]]}},{"id":"516","type":"Feature","properties":{"waterway":"stream","natural":null,"base_elevation":490},"geometry":{"type":"LineString","coordinates":[[-111.320806,45.26813],[-111.32089,45.267827]]}},{"id":"517","type":"Feature","properties":{"waterway":"stream","natural":null,"base_elevation":479},"geometry":{"type":"LineString","coordinates":[[-111.320888,45.267064],[-111.320601,45.26645]]}},{"id":"518","type":"Feature","properties":{"waterway":"stream","natural":null,"base_elevation":483},"geometry":{"type":"LineString","coordinates":[[-111.320898,45.267176],[-111.320888,45.267064]]}},{"id":"519","type":"Feature","properties":{"waterway":"river","natural":null,"base_elevation":385},"geometry":{"type":"LineString","coordinates":[[-111.274365,45.26813],[-111.274236,45.267895]]}},{"id":"520","type":"Feature","properties":{"waterway":"stream","natural":null,"base_elevation":674},"geometry":{"type":"LineString","coordinates":[[-111.363055,45.254287],[-111.362976,45.254377],[-111.36286,45.254515],[-111.362516,45.254713],[-111.362001,45.255009],[-111.361806,45.255238],[-111.361418,45.255489],[-111.36022,45.2559],[-111.359087,45.256472],[-111.358601,45.257341],[-111.357909,45.257684]]}},{"id":"521","type":"Feature","properties":{"waterway":"stream","natural":null,"base_elevation":735},"geometry":{"type":"LineString","coordinates":[[-111.363223,45.254048],[-111.363055,45.254287]]}},{"id":"522","type":"Feature","properties":{"waterway":"stream","natural":null,"base_elevation":545},"geometry":{"type":"LineString","coordinates":[[-111.353543,45.260867],[-111.352805,45.261409],[-111.351671,45.262232],[-111.350149,45.263672],[-111.348853,45.264427],[-111.347979,45.265089],[-111.346684,45.265638],[-111.346003,45.265843],[-111.345259,45.265889],[-111.34474,45.266598],[-111.344157,45.26726],[-111.344133,45.267334]]}},{"id":"523","type":"Feature","properties":{"waterway":"stream","natural":null,"base_elevation":625},"geometry":{"type":"LineString","coordinates":[[-111.353666,45.260657],[-111.353543,45.260867]]}},{"id":"524","type":"Feature","properties":{"waterway":"stream","natural":null,"base_elevation":625},"geometry":{"type":"LineString","coordinates":[[-111.357687,45.257849],[-111.356626,45.258621],[-111.355784,45.259284],[-111.35491,45.259626],[-111.353822,45.260499],[-111.353666,45.260657]]}},{"id":"525","type":"Feature","properties":{"waterway":"stream","natural":null,"base_elevation":674},"geometry":{"type":"LineString","coordinates":[[-111.357909,45.257684],[-111.357687,45.257849]]}},{"id":"526","type":"Feature","properties":{"waterway":"stream","natural":null,"base_elevation":798},"geometry":{"type":"LineString","coordinates":[[-111.39791,45.292062],[-111.397474,45.29183],[-111.39716,45.291681],[-111.396808,45.291461],[-111.396585,45.291235],[-111.39626,45.290484],[-111.395895,45.290067]]}},{"id":"527","type":"Feature","properties":{"waterway":"stream","natural":null,"base_elevation":809},"geometry":{"type":"LineString","coordinates":[[-111.398093,45.292132],[-111.39791,45.292062]]}},{"id":"528","type":"Feature","properties":{"waterway":"stream","natural":null,"base_elevation":500},"geometry":{"type":"LineString","coordinates":[[-111.344252,45.27897],[-111.343471,45.277938],[-111.343083,45.277389],[-111.342436,45.276726],[-111.340267,45.275147],[-111.338616,45.274118],[-111.335087,45.272882],[-111.333145,45.272013],[-111.332497,45.271875],[-111.332239,45.271464],[-111.332045,45.270869],[-111.331949,45.26968],[-111.331787,45.269406],[-111.332426,45.26783]]}},{"id":"529","type":"Feature","properties":{"waterway":"stream","natural":null,"base_elevation":648},"geometry":{"type":"LineString","coordinates":[[-111.344411,45.279159],[-111.344252,45.27897]]}},{"id":"530","type":"Feature","properties":{"waterway":"stream","natural":null,"base_elevation":1248},"geometry":{"type":"LineString","coordinates":[[-111.431122,45.27905],[-111.430984,45.278989]]}},{"id":"531","type":"Feature","properties":{"waterway":"stream","natural":null,"base_elevation":869},"geometry":{"type":"LineString","coordinates":[[-111.430984,45.278989],[-111.430845,45.27897],[-111.430621,45.278989],[-111.430285,45.278996],[-111.429738,45.278929],[-111.429207,45.278887],[-111.428352,45.278822],[-111.427542,45.279119],[-111.426765,45.279531],[-111.426345,45.279623],[-111.424725,45.279646],[-111.423042,45.280059],[-111.422167,45.280379],[-111.419772,45.281363],[-111.418056,45.28173],[-111.41676,45.281639],[-111.415011,45.281891],[-111.413943,45.28212],[-111.412388,45.282143],[-111.411287,45.282258],[-111.410866,45.282441],[-111.410251,45.28267],[-111.409765,45.282624],[-111.407757,45.281893],[-111.406623,45.281802],[-111.406003,45.281984],[-111.40468,45.282374]]}},{"id":"532","type":"Feature","properties":{"waterway":"stream","natural":null,"base_elevation":859},"geometry":{"type":"LineString","coordinates":[[-111.336091,45.214216],[-111.335842,45.214334]]}},{"id":"533","type":"Feature","properties":{"waterway":"stream","natural":null,"base_elevation":572},"geometry":{"type":"LineString","coordinates":[[-111.335842,45.214334],[-111.335576,45.214563],[-111.334928,45.21508],[-111.334459,45.215352],[-111.334036,45.216089],[-111.333686,45.216548],[-111.333397,45.217356],[-111.333414,45.217865],[-111.332411,45.218413],[-111.332087,45.219351],[-111.331924,45.2207],[-111.331633,45.221271],[-111.331308,45.222254],[-111.330109,45.22486],[-111.328555,45.226986],[-111.328198,45.227877],[-111.328198,45.228403],[-111.327776,45.228975],[-111.327452,45.230164],[-111.32648,45.231032],[-111.326254,45.231421],[-111.326188,45.232655],[-111.326737,45.23405],[-111.32698,45.235541]]}},{"id":"534","type":"Feature","properties":{"waterway":"stream","natural":null,"base_elevation":623},"geometry":{"type":"LineString","coordinates":[[-111.302433,45.201373],[-111.301892,45.201966]]}},{"id":"535","type":"Feature","properties":{"waterway":"stream","natural":null,"base_elevation":645},"geometry":{"type":"LineString","coordinates":[[-111.302483,45.201229],[-111.302433,45.201373]]}},{"id":"536","type":"Feature","properties":{"waterway":"stream","natural":null,"base_elevation":623},"geometry":{"type":"LineString","coordinates":[[-111.301892,45.201966],[-111.301804,45.202052]]}},{"id":"537","type":"Feature","properties":{"waterway":"stream","natural":null,"base_elevation":614},"geometry":{"type":"LineString","coordinates":[[-111.301804,45.202052],[-111.301688,45.202675]]}},{"id":"538","type":"Feature","properties":{"waterway":"stream","natural":null,"base_elevation":618},"geometry":{"type":"LineString","coordinates":[[-111.298646,45.196279],[-111.298922,45.19855],[-111.299051,45.199145],[-111.299309,45.199716],[-111.300508,45.201668],[-111.300669,45.202105],[-111.300807,45.202323],[-111.300946,45.202379]]}},{"id":"539","type":"Feature","properties":{"waterway":"stream","natural":null,"base_elevation":720},"geometry":{"type":"LineString","coordinates":[[-111.298678,45.196151],[-111.298646,45.196279]]}},{"id":"540","type":"Feature","properties":{"waterway":"stream","natural":null,"base_elevation":645},"geometry":{"type":"LineString","coordinates":[[-111.303663,45.199306],[-111.303237,45.199673],[-111.30307,45.200091],[-111.302868,45.200373],[-111.302773,45.200547],[-111.302772,45.200732],[-111.30275,45.200907],[-111.302635,45.201078],[-111.302483,45.201229]]}},{"id":"541","type":"Feature","properties":{"waterway":"stream","natural":null,"base_elevation":684},"geometry":{"type":"LineString","coordinates":[[-111.303819,45.199148],[-111.303663,45.199306]]}},{"id":"542","type":"Feature","properties":{"waterway":"stream","natural":null,"base_elevation":614},"geometry":{"type":"LineString","coordinates":[[-111.301087,45.202435],[-111.301688,45.202675]]}},{"id":"543","type":"Feature","properties":{"waterway":"stream","natural":null,"base_elevation":618},"geometry":{"type":"LineString","coordinates":[[-111.300946,45.202379],[-111.301087,45.202435]]}},{"id":"544","type":"Feature","properties":{"waterway":"stream","natural":null,"base_elevation":534},"geometry":{"type":"LineString","coordinates":[[-111.288928,45.20899],[-111.28943,45.209678],[-111.289674,45.210059],[-111.289874,45.210375],[-111.289952,45.210779],[-111.290115,45.211063],[-111.290128,45.21148],[-111.290195,45.211827],[-111.290174,45.211916]]}},{"id":"545","type":"Feature","properties":{"waterway":"stream","natural":null,"base_elevation":567},"geometry":{"type":"LineString","coordinates":[[-111.288817,45.208855],[-111.288928,45.20899]]}},{"id":"546","type":"Feature","properties":{"waterway":"stream","natural":null,"base_elevation":483},"geometry":{"type":"LineString","coordinates":[[-111.327281,45.239875],[-111.32725,45.240269],[-111.327282,45.240452],[-111.327152,45.240795],[-111.327086,45.241733],[-111.326469,45.244339]]}},{"id":"547","type":"Feature","properties":{"waterway":"stream","natural":null,"base_elevation":569},"geometry":{"type":"LineString","coordinates":[[-111.32698,45.235541],[-111.327081,45.235777]]}},{"id":"548","type":"Feature","properties":{"waterway":"stream","natural":null,"base_elevation":551},"geometry":{"type":"LineString","coordinates":[[-111.36401,45.265909],[-111.363954,45.265921],[-111.361286,45.266281],[-111.359699,45.266509],[-111.358048,45.266532],[-111.355587,45.26644],[-111.354357,45.266531],[-111.353515,45.266668],[-111.352511,45.266988],[-111.349273,45.267628],[-111.347913,45.268016],[-111.346909,45.268084],[-111.345614,45.268313],[-111.344804,45.268267],[-111.34393,45.267946]]}},{"id":"549","type":"Feature","properties":{"waterway":"stream","natural":null,"base_elevation":733},"geometry":{"type":"LineString","coordinates":[[-111.364133,45.265884],[-111.36401,45.265909]]}},{"id":"550","type":"Feature","properties":{"waterway":"stream","natural":null,"base_elevation":545},"geometry":{"type":"LineString","coordinates":[[-111.344104,45.267423],[-111.34393,45.267946]]}},{"id":"551","type":"Feature","properties":{"waterway":"stream","natural":null,"base_elevation":545},"geometry":{"type":"LineString","coordinates":[[-111.344133,45.267334],[-111.344104,45.267423]]}},{"id":"552","type":"Feature","properties":{"waterway":"stream","natural":null,"base_elevation":390},"geometry":{"type":"LineString","coordinates":[[-111.250684,45.226199],[-111.250294,45.226173],[-111.249929,45.226196],[-111.249726,45.22623],[-111.249339,45.226349]]}},{"id":"553","type":"Feature","properties":{"waterway":"stream","natural":null,"base_elevation":393},"geometry":{"type":"LineString","coordinates":[[-111.251028,45.226199],[-111.250684,45.226199]]}},{"id":"554","type":"Feature","properties":{"waterway":"stream","natural":null,"base_elevation":439},"geometry":{"type":"LineString","coordinates":[[-111.245042,45.167436],[-111.244338,45.167395],[-111.243142,45.167374],[-111.24227,45.167489],[-111.241623,45.167467]]}},{"id":"555","type":"Feature","properties":{"waterway":"stream","natural":null,"base_elevation":450},"geometry":{"type":"LineString","coordinates":[[-111.245391,45.167515],[-111.245042,45.167436]]}},{"id":"556","type":"Feature","properties":{"waterway":"stream","natural":null,"base_elevation":1092},"geometry":{"type":"LineString","coordinates":[[-111.470313,45.194848],[-111.470227,45.195182],[-111.469962,45.195564],[-111.469774,45.195666],[-111.469544,45.195833],[-111.469527,45.195972],[-111.469565,45.196146],[-111.469522,45.196252],[-111.469061,45.19663],[-111.46897,45.196713],[-111.468712,45.196679],[-111.468546,45.196721],[-111.468235,45.196974],[-111.468025,45.197318],[-111.467838,45.197522],[-111.467843,45.197666],[-111.467811,45.197813],[-111.46758,45.197893],[-111.466985,45.198116],[-111.466679,45.198331],[-111.466255,45.198426],[-111.46589,45.198607],[-111.465724,45.198637],[-111.465477,45.198959],[-111.465418,45.199269],[-111.465459,45.199418],[-111.465324,45.199613],[-111.465226,45.19972],[-111.464721,45.200285],[-111.464458,45.200637],[-111.464405,45.200788],[-111.464405,45.201231],[-111.464415,45.201363],[-111.464801,45.201884],[-111.464855,45.202172],[-111.464893,45.202508],[-111.465107,45.202973],[-111.465123,45.203589],[-111.465043,45.203835],[-111.464887,45.204092],[-111.464925,45.204368],[-111.46479,45.20451]]}},{"id":"557","type":"Feature","properties":{"waterway":"stream","natural":null,"base_elevation":826},"geometry":{"type":"LineString","coordinates":[[-111.492946,45.172133],[-111.493123,45.172163],[-111.493375,45.172197],[-111.494145,45.172292],[-111.494638,45.172375],[-111.495057,45.17247],[-111.495379,45.17261],[-111.495529,45.172691],[-111.495775,45.172676],[-111.495998,45.172644],[-111.496173,45.172655],[-111.496307,45.172716],[-111.496559,45.172878],[-111.496961,45.172999],[-111.49753,45.173305],[-111.497739,45.173351],[-111.498302,45.173483],[-111.498527,45.173646],[-111.498957,45.173808],[-111.49915,45.173899],[-111.499649,45.174323],[-111.499874,45.174569],[-111.499981,45.174852],[-111.500196,45.174977],[-111.500555,45.175004],[-111.500732,45.175102],[-111.501226,45.175563],[-111.501705,45.176003]]}},{"id":"558","type":"Feature","properties":{"waterway":"stream","natural":null,"base_elevation":963},"geometry":{"type":"LineString","coordinates":[[-111.48495,45.171848],[-111.485744,45.171948],[-111.486517,45.172018],[-111.486855,45.172061],[-111.487174,45.172146],[-111.487925,45.172381],[-111.488603,45.172602],[-111.489049,45.172729],[-111.489529,45.172829],[-111.490341,45.172878],[-111.490645,45.172867],[-111.491087,45.17277],[-111.491607,45.172657],[-111.491887,45.172611],[-111.492294,45.172528],[-111.492683,45.172458],[-111.49286,45.172375],[-111.492911,45.17229],[-111.49293,45.172211],[-111.492946,45.172133]]}},{"id":"559","type":"Feature","properties":{"waterway":"stream","natural":null,"base_elevation":963},"geometry":{"type":"LineString","coordinates":[[-111.484534,45.166277],[-111.484789,45.166436],[-111.484993,45.166606],[-111.485133,45.166753],[-111.485355,45.166897],[-111.485626,45.167054],[-111.485819,45.16715],[-111.486031,45.167224],[-111.4862,45.1673],[-111.486318,45.167413],[-111.486431,45.16761],[-111.486643,45.168105],[-111.486718,45.168465],[-111.486876,45.168962],[-111.48712,45.169382],[-111.487434,45.169764],[-111.487595,45.170134],[-111.487729,45.170293],[-111.487914,45.170375],[-111.48796,45.170475],[-111.487984,45.170567],[-111.488054,45.17074],[-111.488112,45.170811],[-111.488638,45.171104],[-111.489097,45.171426],[-111.489515,45.171721],[-111.489786,45.171874],[-111.490054,45.171954],[-111.490395,45.171995],[-111.49065,45.171984],[-111.490881,45.171878],[-111.491052,45.171757],[-111.49121,45.171677],[-111.491353,45.171672],[-111.4915,45.171681],[-111.492018,45.171774],[-111.49234,45.171848],[-111.492466,45.171938],[-111.492715,45.17208],[-111.492946,45.172133]]}},{"id":"560","type":"Feature","properties":{"waterway":"stream","natural":null,"base_elevation":1131},"geometry":{"type":"LineString","coordinates":[[-111.465209,45.166513],[-111.465188,45.166729],[-111.464952,45.16713],[-111.465,45.167512],[-111.464995,45.167875],[-111.465075,45.168102],[-111.465048,45.168283],[-111.465027,45.168434],[-111.465247,45.169051],[-111.465225,45.169781],[-111.465333,45.170008],[-111.465435,45.170223],[-111.465542,45.170333],[-111.465713,45.170405],[-111.466046,45.170424],[-111.466271,45.170454],[-111.466459,45.170564],[-111.466829,45.171036],[-111.467038,45.171157],[-111.467237,45.171225],[-111.467473,45.171225],[-111.467704,45.171267],[-111.467818,45.171306]]}},{"id":"561","type":"Feature","properties":{"waterway":"stream","natural":null,"base_elevation":1147},"geometry":{"type":"LineString","coordinates":[[-111.451559,45.164779],[-111.451361,45.164883],[-111.450953,45.165087],[-111.450647,45.16518],[-111.450275,45.165257]]}},{"id":"562","type":"Feature","properties":{"waterway":"stream","natural":null,"base_elevation":1177},"geometry":{"type":"LineString","coordinates":[[-111.45422,45.164889],[-111.453571,45.164715],[-111.452939,45.164545],[-111.452782,45.16456],[-111.452399,45.16463],[-111.452212,45.164686],[-111.452007,45.164749],[-111.451707,45.164754],[-111.451559,45.164779]]}},{"id":"563","type":"Feature","properties":{"waterway":"stream","natural":null,"base_elevation":1177},"geometry":{"type":"LineString","coordinates":[[-111.453056,45.163378],[-111.452713,45.163673],[-111.452517,45.163979],[-111.452275,45.164151],[-111.452,45.164321],[-111.451812,45.164405],[-111.451664,45.164526],[-111.4516,45.164648],[-111.451559,45.164779]]}},{"id":"564","type":"Feature","properties":{"waterway":"stream","natural":null,"base_elevation":1319},"geometry":{"type":"LineString","coordinates":[[-111.380049,45.373422],[-111.379636,45.373233],[-111.379116,45.372977],[-111.378783,45.372751],[-111.37822,45.372476],[-111.377683,45.37234],[-111.377404,45.372224],[-111.377289,45.372143],[-111.377241,45.372028],[-111.377173,45.371963],[-111.377174,45.371839],[-111.377163,45.371734],[-111.377069,45.371671],[-111.376921,45.371639],[-111.376774,45.371468],[-111.376551,45.371368],[-111.376377,45.371336],[-111.376079,45.371364],[-111.375929,45.371436],[-111.375765,45.371436],[-111.375578,45.3715],[-111.37543,45.371598],[-111.375218,45.371619],[-111.375101,45.371618]]}},{"id":"565","type":"Feature","properties":{"waterway":"stream","natural":null,"base_elevation":645},"geometry":{"type":"LineString","coordinates":[[-111.411659,45.395233],[-111.412323,45.395579]]}},{"id":"566","type":"Feature","properties":{"waterway":"stream","natural":null,"base_elevation":1088},"geometry":{"type":"LineString","coordinates":[[-111.453567,45.391671],[-111.453595,45.391975],[-111.453595,45.3924],[-111.453595,45.392777],[-111.453633,45.393033],[-111.453858,45.393289],[-111.454035,45.393459],[-111.454019,45.393952],[-111.453981,45.394401],[-111.453928,45.394676],[-111.454121,45.39492],[-111.454314,45.395015],[-111.454405,45.395342],[-111.454609,45.395651],[-111.454866,45.395866],[-111.455049,45.395936],[-111.455285,45.396035],[-111.455639,45.396035],[-111.455913,45.396167],[-111.456068,45.396326],[-111.456146,45.396848]]}},{"id":"567","type":"Feature","properties":{"waterway":"stream","natural":null,"base_elevation":1088},"geometry":{"type":"LineString","coordinates":[[-111.460947,45.391735],[-111.460105,45.391837],[-111.459834,45.392106],[-111.459619,45.392543],[-111.459472,45.392766],[-111.459416,45.392905],[-111.459298,45.393082],[-111.459094,45.393293],[-111.459002,45.393376],[-111.458941,45.393489],[-111.458799,45.393643],[-111.458439,45.393805],[-111.458155,45.394291],[-111.457832,45.394621],[-111.456445,45.396388],[-111.456146,45.396848],[-111.455997,45.397075]]}},{"id":"568","type":"Feature","properties":{"waterway":"stream","natural":null,"base_elevation":525},"geometry":{"type":"LineString","coordinates":[[-111.460192,45.32629],[-111.460389,45.32773],[-111.459742,45.328965],[-111.459387,45.329972]]}},{"id":"569","type":"Feature","properties":{"waterway":"stream","natural":null,"base_elevation":523},"geometry":{"type":"LineString","coordinates":[[-111.327081,45.235777],[-111.327364,45.236676],[-111.327087,45.237937],[-111.327389,45.238986],[-111.327292,45.239733]]}},{"id":"570","type":"Feature","properties":{"waterway":"stream","natural":null,"base_elevation":523},"geometry":{"type":"LineString","coordinates":[[-111.327292,45.239733],[-111.327281,45.239875]]}},{"id":"571","type":"Feature","properties":{"waterway":"stream","natural":null,"base_elevation":1089},"geometry":{"type":"LineString","coordinates":[[-111.389862,45.208722],[-111.389918,45.208792]]}},{"id":"572","type":"Feature","properties":{"waterway":"stream","natural":null,"base_elevation":685},"geometry":{"type":"LineString","coordinates":[[-111.485877,45.30643],[-111.487001,45.306399],[-111.487179,45.306455]]}},{"id":"573","type":"Feature","properties":{"waterway":"stream","natural":null,"base_elevation":685},"geometry":{"type":"LineString","coordinates":[[-111.487179,45.306455],[-111.487262,45.306481]]}},{"id":"574","type":"Feature","properties":{"waterway":"stream","natural":null,"base_elevation":573},"geometry":{"type":"LineString","coordinates":[[-111.490212,45.359771],[-111.490393,45.3595],[-111.490394,45.359413]]}},{"id":"575","type":"Feature","properties":{"waterway":"stream","natural":null,"base_elevation":571},"geometry":{"type":"LineString","coordinates":[[-111.490394,45.359413],[-111.490394,45.359304]]}},{"id":"576","type":"Feature","properties":{"waterway":"ditch","natural":null,"base_elevation":190},"geometry":{"type":"LineString","coordinates":[[-111.594248,45.35979],[-111.593666,45.359334],[-111.593661,45.359318]]}},{"id":"577","type":"Feature","properties":{"waterway":"ditch","natural":null,"base_elevation":190},"geometry":{"type":"LineString","coordinates":[[-111.593661,45.359318],[-111.593626,45.359201]]}},{"id":"578","type":"Feature","properties":{"waterway":"stream","natural":null,"base_elevation":381},"geometry":{"type":"LineString","coordinates":[[-111.508678,45.355441],[-111.508857,45.355324],[-111.509227,45.354219],[-111.510375,45.353693],[-111.512177,45.353817],[-111.512859,45.353635],[-111.513864,45.353499],[-111.516136,45.352586],[-111.516591,45.352198],[-111.517371,45.35133],[-111.519124,45.349868],[-111.519287,45.349365],[-111.519288,45.348794]]}},{"id":"579","type":"Feature","properties":{"waterway":"stream","natural":null,"base_elevation":491},"geometry":{"type":"LineString","coordinates":[[-111.508565,45.355515],[-111.508678,45.355441]]}},{"id":"580","type":"Feature","properties":{"waterway":"stream","natural":null,"base_elevation":1091},"geometry":{"type":"LineString","coordinates":[[-111.471698,45.203089],[-111.471451,45.203099],[-111.471204,45.203099],[-111.470977,45.203095],[-111.470847,45.203122],[-111.470667,45.203178],[-111.470577,45.203207],[-111.470185,45.203314],[-111.46997,45.203314],[-111.469347,45.203253],[-111.468965,45.203391],[-111.468414,45.203606],[-111.466908,45.203916],[-111.465973,45.204266],[-111.465861,45.204451],[-111.465602,45.204791],[-111.465187,45.20485],[-111.465089,45.204974]]}},{"id":"581","type":"Feature","properties":{"waterway":"stream","natural":null,"base_elevation":1182},"geometry":{"type":"LineString","coordinates":[[-111.471999,45.206323],[-111.471787,45.206385],[-111.471548,45.206432],[-111.471394,45.206439],[-111.471117,45.206453],[-111.470902,45.206425],[-111.470607,45.206368],[-111.46989,45.206216]]}},{"id":"582","type":"Feature","properties":{"waterway":"stream","natural":null,"base_elevation":1268},"geometry":{"type":"LineString","coordinates":[[-111.490408,45.242816],[-111.490122,45.242933],[-111.490052,45.243023],[-111.489811,45.24307],[-111.489606,45.243137],[-111.489526,45.243227],[-111.489394,45.24335],[-111.489309,45.243372],[-111.489076,45.243413],[-111.488946,45.24351],[-111.488881,45.243597],[-111.488813,45.243651],[-111.4888,45.243724],[-111.488794,45.243757],[-111.488789,45.243783]]}},{"id":"583","type":"Feature","properties":{"waterway":"stream","natural":null,"base_elevation":1191},"geometry":{"type":"LineString","coordinates":[[-111.490539,45.243606],[-111.490337,45.243599],[-111.490173,45.243651],[-111.490025,45.243664],[-111.4898,45.243698],[-111.489676,45.243713],[-111.489444,45.243717],[-111.489258,45.243767],[-111.489102,45.243801],[-111.489009,45.243802],[-111.488973,45.243803],[-111.488861,45.243797],[-111.488789,45.243783],[-111.48822,45.2438],[-111.488017,45.243814],[-111.487535,45.243931],[-111.487381,45.24402],[-111.487139,45.244089],[-111.486639,45.244072],[-111.485857,45.244109],[-111.485369,45.244144],[-111.485057,45.244222],[-111.484643,45.244351]]}},{"id":"584","type":"Feature","properties":{"waterway":"stream","natural":null,"base_elevation":1022},"geometry":{"type":"LineString","coordinates":[[-111.484255,45.264409],[-111.484323,45.264446],[-111.484398,45.264485],[-111.48445,45.264513],[-111.484498,45.264511],[-111.484581,45.264505],[-111.484661,45.26452],[-111.484672,45.264561],[-111.484753,45.26456],[-111.484836,45.264539],[-111.484908,45.264549],[-111.484959,45.264557],[-111.485088,45.26458],[-111.485211,45.2646],[-111.485527,45.264586],[-111.485873,45.264622],[-111.48611,45.264658],[-111.486338,45.264693],[-111.48656,45.26475],[-111.486882,45.264807],[-111.48712,45.264862],[-111.487308,45.264896],[-111.487527,45.26493],[-111.487683,45.264969],[-111.487863,45.265038],[-111.487935,45.265038],[-111.488031,45.265038],[-111.488292,45.265042],[-111.488609,45.265111],[-111.488739,45.265186],[-111.488797,45.265203],[-111.488822,45.265212],[-111.488842,45.26522],[-111.488906,45.265237],[-111.488978,45.265233],[-111.489049,45.265208],[-111.489134,45.265183],[-111.489184,45.26518],[-111.489265,45.265184]]}},{"id":"585","type":"Feature","properties":{"waterway":"stream","natural":null,"base_elevation":1075},"geometry":{"type":"LineString","coordinates":[[-111.48458,45.264395],[-111.484628,45.264409],[-111.484697,45.264453],[-111.484731,45.264475],[-111.484851,45.264503],[-111.484908,45.264549]]}},{"id":"586","type":"Feature","properties":{"waterway":"stream","natural":null,"base_elevation":842},"geometry":{"type":"LineString","coordinates":[[-111.387705,45.260382],[-111.387931,45.261022],[-111.387802,45.261502],[-111.387478,45.261777],[-111.386896,45.261868],[-111.384306,45.263355],[-111.383529,45.264132],[-111.382622,45.264658],[-111.382266,45.26475],[-111.380129,45.264407],[-111.379657,45.264382]]}},{"id":"587","type":"Feature","properties":{"waterway":"stream","natural":null,"base_elevation":842},"geometry":{"type":"LineString","coordinates":[[-111.379657,45.264382],[-111.379516,45.264356]]}},{"id":"588","type":"Feature","properties":{"waterway":"stream","natural":null,"base_elevation":853},"geometry":{"type":"LineString","coordinates":[[-111.420951,45.307369],[-111.421701,45.307471]]}},{"id":"589","type":"Feature","properties":{"waterway":"stream","natural":null,"base_elevation":851},"geometry":{"type":"LineString","coordinates":[[-111.421701,45.307471],[-111.422009,45.307504]]}},{"id":"590","type":"Feature","properties":{"waterway":"stream","natural":null,"base_elevation":811},"geometry":{"type":"LineString","coordinates":[[-111.422009,45.307504],[-111.422449,45.307564],[-111.423194,45.307586],[-111.423713,45.3077],[-111.425196,45.308173]]}},{"id":"591","type":"Feature","properties":{"waterway":"stream","natural":null,"base_elevation":811},"geometry":{"type":"LineString","coordinates":[[-111.425196,45.308173],[-111.425373,45.30823]]}},{"id":"592","type":"Feature","properties":{"waterway":"stream","natural":null,"base_elevation":776},"geometry":{"type":"LineString","coordinates":[[-111.425373,45.30823],[-111.425755,45.308706],[-111.425913,45.309193],[-111.426295,45.310048],[-111.426548,45.310143],[-111.427085,45.310214],[-111.427881,45.310315],[-111.428116,45.310396],[-111.428634,45.310938]]}},{"id":"593","type":"Feature","properties":{"waterway":"stream","natural":null,"base_elevation":774},"geometry":{"type":"LineString","coordinates":[[-111.428634,45.310938],[-111.429151,45.311106]]}},{"id":"594","type":"Feature","properties":{"waterway":"stream","natural":null,"base_elevation":877},"geometry":{"type":"LineString","coordinates":[[-111.437202,45.287574],[-111.438077,45.288214],[-111.438662,45.289311],[-111.438792,45.28986],[-111.438728,45.290523],[-111.438892,45.291169],[-111.438957,45.292329],[-111.438732,45.293838],[-111.438351,45.295418],[-111.438248,45.29585],[-111.437764,45.298045],[-111.437023,45.301109],[-111.436889,45.301567]]}},{"id":"595","type":"Feature","properties":{"waterway":"stream","natural":null,"base_elevation":877},"geometry":{"type":"LineString","coordinates":[[-111.436889,45.301567],[-111.436873,45.301764]]}},{"id":"596","type":"Feature","properties":{"waterway":"stream","natural":null,"base_elevation":634},"geometry":{"type":"LineString","coordinates":[[-111.437571,45.31328],[-111.437134,45.314324],[-111.437103,45.315056],[-111.437265,45.315422],[-111.438498,45.316907],[-111.439017,45.317341],[-111.439424,45.317246],[-111.440136,45.317347]]}},{"id":"597","type":"Feature","properties":{"waterway":"stream","natural":null,"base_elevation":699},"geometry":{"type":"LineString","coordinates":[[-111.437642,45.313065],[-111.437571,45.31328]]}},{"id":"598","type":"Feature","properties":{"waterway":"stream","natural":null,"base_elevation":857},"geometry":{"type":"LineString","coordinates":[[-111.410462,45.307791],[-111.410724,45.307822],[-111.410969,45.307865],[-111.411121,45.307954],[-111.411229,45.307975],[-111.411406,45.308132],[-111.411507,45.308259],[-111.412654,45.308655],[-111.413565,45.308746],[-111.415095,45.309121],[-111.417067,45.309213]]}},{"id":"599","type":"Feature","properties":{"waterway":"stream","natural":null,"base_elevation":856},"geometry":{"type":"LineString","coordinates":[[-111.417067,45.309213],[-111.417306,45.309271]]}},{"id":"600","type":"Feature","properties":{"waterway":"stream","natural":null,"base_elevation":669},"geometry":{"type":"LineString","coordinates":[[-111.427626,45.317341],[-111.428072,45.317415],[-111.428784,45.317307],[-111.429109,45.317356],[-111.429436,45.317533],[-111.42961,45.317554],[-111.429936,45.317513],[-111.430158,45.317414],[-111.430815,45.31736],[-111.431366,45.317276],[-111.431804,45.317328],[-111.431956,45.317339],[-111.432143,45.317436],[-111.433089,45.317119],[-111.433946,45.316828],[-111.434543,45.316607],[-111.435289,45.316694],[-111.435641,45.316605]]}},{"id":"601","type":"Feature","properties":{"waterway":"stream","natural":null,"base_elevation":749},"geometry":{"type":"LineString","coordinates":[[-111.42752,45.317308],[-111.427626,45.317341]]}},{"id":"602","type":"Feature","properties":{"waterway":"stream","natural":null,"base_elevation":368},"geometry":{"type":"LineString","coordinates":[[-111.25278,45.252792],[-111.252183,45.25295]]}},{"id":"603","type":"Feature","properties":{"waterway":"stream","natural":null,"base_elevation":369},"geometry":{"type":"LineString","coordinates":[[-111.253209,45.252679],[-111.25278,45.252792]]}},{"id":"604","type":"Feature","properties":{"waterway":"stream","natural":null,"base_elevation":372},"geometry":{"type":"LineString","coordinates":[[-111.253897,45.252496],[-111.253209,45.252679]]}},{"id":"605","type":"Feature","properties":{"waterway":"stream","natural":null,"base_elevation":375},"geometry":{"type":"LineString","coordinates":[[-111.254144,45.252435],[-111.253897,45.252496]]}},{"id":"606","type":"Feature","properties":{"waterway":"river","natural":null,"base_elevation":359},"geometry":{"type":"LineString","coordinates":[[-111.252425,45.262268],[-111.252403,45.262863],[-111.252323,45.263582],[-111.252501,45.263833],[-111.252937,45.263965]]}},{"id":"607","type":"Feature","properties":{"waterway":"stream","natural":null,"base_elevation":849},"geometry":{"type":"LineString","coordinates":[[-111.448807,45.252068],[-111.447554,45.252106],[-111.447134,45.252152],[-111.446519,45.25245],[-111.445451,45.252771],[-111.444772,45.25316],[-111.443445,45.253206],[-111.443024,45.253161],[-111.442571,45.253321],[-111.442183,45.253664]]}},{"id":"608","type":"Feature","properties":{"waterway":"stream","natural":null,"base_elevation":872},"geometry":{"type":"LineString","coordinates":[[-111.449173,45.252085],[-111.448807,45.252068]]}}]}