{"type":"FeatureCollection","features":[{"id":"('way', 5532925)","type":"Feature","properties":{"aerialway":null,"piste:type":"nordic","piste:difficulty":"intermediate","name":"Fs 166D","base_elevation":1058},"geometry":{"type":"LineString","coordinates":[[-111.368396,45.30197],[-111.368813,45.301803],[-111.36909,45.3017],[-111.369347,45.301554],[-111.369722,45.301359],[-111.37019,45.301136],[-111.370451,45.301064],[-111.370754,45.300984],[-111.371023,45.300952],[-111.371327,45.300951],[-111.371825,45.300939],[-111.372173,45.300967],[-111.372585,45.301011],[-111.372769,45.300972],[-111.373045,45.300916],[-111.373235,45.300867]]}},{"id":"('way', 5552348)","type":"Feature","properties":{"aerialway":null,"piste:type":"nordic","piste:difficulty":"intermediate","name":"Fs 575","base_elevation":856},"geometry":{"type":"LineString","coordinates":[[-111.342152,45.288352],[-111.342195,45.288312],[-111.342425,45.288302],[-111.342866,45.288353],[-111.343265,45.288406],[-111.343459,45.288445],[-111.34379,45.28856],[-111.344061,45.288624],[-111.344273,45.288804],[-111.344474,45.289007],[-111.344652,45.289226],[-111.344983,45.289704],[-111.345202,45.289999],[-111.345396,45.290213],[-111.345568,45.290383],[-111.345762,45.290543],[-111.345979,45.290702],[-111.346259,45.290884],[-111.346379,45.291094],[-111.346588,45.291386],[-111.346868,45.291624],[-111.347501,45.291962],[-111.347817,45.292116],[-111.348049,45.292307],[-111.348229,45.292592],[-111.348657,45.293317],[-111.348842,45.293611],[-111.348975,45.293868],[-111.349084,45.294066],[-111.349335,45.294376],[-111.349543,45.294727],[-111.349692,45.294892],[-111.350089,45.295143],[-111.350303,45.295285],[-111.3505,45.29546],[-111.350679,45.295839],[-111.35079,45.29601],[-111.35123,45.29651],[-111.351529,45.296864],[-111.351747,45.297105],[-111.351995,45.297337],[-111.352164,45.297507],[-111.352253,45.297634],[-111.352297,45.297744],[-111.352346,45.297882],[-111.35242,45.297952],[-111.35258,45.298073],[-111.352788,45.298146],[-111.353162,45.298299],[-111.353467,45.298353],[-111.353787,45.298398],[-111.354214,45.298379],[-111.354583,45.298372],[-111.354891,45.298347],[-111.355436,45.29817],[-111.355942,45.298043],[-111.35613,45.298016],[-111.35632,45.298042],[-111.356448,45.298109],[-111.356752,45.298359],[-111.356818,45.298398]]}},{"id":"('way', 5560495)","type":"Feature","properties":{"aerialway":null,"piste:type":"nordic","piste:difficulty":"intermediate","name":"Fs 166B","base_elevation":1018},"geometry":{"type":"LineString","coordinates":[[-111.368396,45.30197],[-111.368179,45.302188],[-111.368097,45.302298],[-111.367904,45.302446],[-111.367642,45.302771],[-111.367518,45.302958],[-111.367418,45.303161],[-111.367244,45.303352],[-111.366974,45.303562],[-111.366347,45.303941],[-111.366149,45.304035],[-111.365724,45.304107],[-111.365399,45.304232],[-111.365151,45.30428],[-111.364865,45.304128],[-111.364709,45.304078],[-111.364434,45.304101],[-111.364212,45.304183],[-111.363846,45.304265],[-111.363491,45.304407],[-111.363192,45.304434],[-111.362654,45.304375],[-111.362284,45.304286],[-111.362065,45.304252],[-111.361658,45.304207],[-111.361084,45.304181],[-111.360554,45.304213],[-111.360272,45.3042],[-111.359915,45.304155],[-111.359495,45.304103],[-111.359241,45.304003],[-111.358983,45.303858],[-111.358619,45.303597],[-111.358436,45.303475],[-111.358243,45.303313],[-111.357959,45.303038],[-111.357748,45.302697],[-111.357561,45.302441],[-111.357331,45.30222],[-111.357075,45.302002],[-111.356858,45.301853],[-111.356592,45.301693],[-111.356038,45.301329],[-111.355695,45.301161]]}},{"id":"('way', 5759657)","type":"Feature","properties":{"aerialway":"chair_lift","piste:type":null,"piste:difficulty":null,"name":"Ramcharger 8 - High Speed","base_elevation":829},"geometry":{"type":"LineString","coordinates":[[-111.401192,45.282929],[-111.401007,45.282572],[-111.400912,45.282374],[-111.400411,45.281446],[-111.400077,45.280837],[-111.399698,45.280124],[-111.39914,45.279091],[-111.398697,45.278251],[-111.398188,45.277301],[-111.397748,45.276484],[-111.397361,45.275763],[-111.396929,45.274965],[-111.396428,45.274015],[-111.396117,45.273435],[-111.39559,45.272474],[-111.395278,45.271901]]}},{"id":"('way', 5760329)","type":"Feature","properties":{"aerialway":"chair_lift","piste:type":null,"piste:difficulty":null,"name":"Thunder Wolf","base_elevation":656},"geometry":{"type":"LineString","coordinates":[[-111.376043,45.280867],[-111.376239,45.280779],[-111.376751,45.28056],[-111.3779,45.280056],[-111.379201,45.27949],[-111.380115,45.279105],[-111.381454,45.278526],[-111.3826,45.278032],[-111.384041,45.277397],[-111.384751,45.277079],[-111.386188,45.276455],[-111.386407,45.276359],[-111.387224,45.276004],[-111.388532,45.275438],[-111.389473,45.275008],[-111.390243,45.27468],[-111.391658,45.27406],[-111.392003,45.273914],[-111.392534,45.273689],[-111.393763,45.273145],[-111.394495,45.272808]]}},{"id":"('way', 188386457)","type":"Feature","properties":{"aerialway":"chair_lift","piste:type":null,"piste:difficulty":null,"name":"Shedhorn 4 - High Speed","base_elevation":1010},"geometry":{"type":"LineString","coordinates":[[-111.436998,45.261061],[-111.43733,45.261629],[-111.437662,45.262194],[-111.43818,45.263076],[-111.438617,45.263821],[-111.438828,45.264181],[-111.439031,45.264526],[-111.439743,45.26574],[-111.440362,45.266794],[-111.441177,45.268184],[-111.441795,45.269237],[-111.442193,45.269914],[-111.442228,45.269974],[-111.442664,45.270716],[-111.44308,45.271426],[-111.44311,45.271475],[-111.443756,45.272577],[-111.443777,45.272612],[-111.443804,45.272659],[-111.443882,45.27279]]}},{"id":"('way', 188386458)","type":"Feature","properties":{"aerialway":"chair_lift","piste:type":null,"piste:difficulty":null,"name":"Lone Moose Triple","base_elevation":616},"geometry":{"type":"LineString","coordinates":[[-111.367518,45.279801],[-111.367803,45.27954],[-111.368289,45.279097],[-111.368843,45.278591],[-111.369373,45.278107],[-111.369979,45.277554],[-111.370562,45.277021],[-111.371165,45.276471],[-111.372319,45.275418],[-111.373031,45.274767],[-111.373713,45.274144],[-111.374464,45.273458],[-111.375086,45.272891],[-111.375487,45.272525],[-111.376161,45.271909],[-111.376608,45.271501],[-111.376895,45.27124]]}},{"id":"('way', 188386460)","type":"Feature","properties":{"aerialway":"chair_lift","piste:type":null,"piste:difficulty":null,"name":"Dakota 3","base_elevation":1144},"geometry":{"type":"LineString","coordinates":[[-111.454335,45.262209],[-111.454307,45.262574],[-111.454287,45.262822],[-111.454253,45.263268],[-111.454203,45.263912],[-111.454178,45.264237],[-111.454131,45.264842],[-111.454093,45.265328],[-111.45404,45.266007],[-111.453984,45.266732],[-111.453924,45.267503],[-111.453888,45.267961],[-111.453832,45.268689],[-111.453786,45.269276],[-111.453745,45.269801],[-111.453699,45.270408],[-111.453687,45.270561],[-111.453678,45.270674],[-111.45367,45.270787]]}},{"id":"('way', 188393406)","type":"Feature","properties":{"aerialway":"chair_lift","piste:type":null,"piste:difficulty":null,"name":"Southern Comfort","base_elevation":839},"geometry":{"type":"LineString","coordinates":[[-111.378579,45.26501],[-111.378692,45.265042],[-111.37929,45.265206],[-111.380254,45.265471],[-111.381046,45.265689],[-111.382018,45.265957],[-111.382733,45.266153],[-111.383972,45.266494],[-111.385528,45.266922],[-111.3861,45.26708],[-111.387345,45.267422],[-111.388526,45.267747],[-111.389731,45.268079],[-111.390693,45.268343],[-111.391492,45.268563],[-111.392432,45.268822],[-111.393611,45.269146],[-111.394426,45.269371],[-111.394891,45.269498],[-111.395502,45.269666],[-111.396939,45.270062],[-111.39773,45.270279],[-111.398732,45.270567]]}},{"id":"('way', 209633065)","type":"Feature","properties":{"aerialway":"chair_lift","piste:type":null,"piste:difficulty":null,"name":"Challenger 3","base_elevation":980},"geometry":{"type":"LineString","coordinates":[[-111.419038,45.288121],[-111.419641,45.287994],[-111.420063,45.287904],[-111.420931,45.287721],[-111.422095,45.287474],[-111.423163,45.287248],[-111.424362,45.286995],[-111.425769,45.286697],[-111.425912,45.286667],[-111.427175,45.2864],[-111.427625,45.286304],[-111.428732,45.28607],[-111.429746,45.285856],[-111.430455,45.285706],[-111.431031,45.285584],[-111.432502,45.285273],[-111.434247,45.284903],[-111.434351,45.284881],[-111.434593,45.28483]]}},{"id":"('way', 209633066)","type":"Feature","properties":{"aerialway":"chair_lift","piste:type":null,"piste:difficulty":null,"name":"Derringer 4","base_elevation":714},"geometry":{"type":"LineString","coordinates":[[-111.436825,45.312185],[-111.43645,45.311842],[-111.435751,45.311202],[-111.435108,45.310612],[-111.43429,45.309864],[-111.433496,45.309136],[-111.432806,45.308508],[-111.431918,45.307707],[-111.431272,45.307096]]}},{"id":"('way', 209633068)","type":"Feature","properties":{"aerialway":"chair_lift","piste:type":null,"piste:difficulty":null,"name":"Headwaters 2","base_elevation":1256},"geometry":{"type":"LineString","coordinates":[[-111.436915,45.287726],[-111.436662,45.287174],[-111.436318,45.286421],[-111.435851,45.285399],[-111.435527,45.28469],[-111.435445,45.284512]]}},{"id":"('way', 209633069)","type":"Feature","properties":{"aerialway":"chair_lift","piste:type":null,"piste:difficulty":null,"name":"Iron Horse 4","base_elevation":963},"geometry":{"type":"LineString","coordinates":[[-111.421953,45.294339],[-111.422432,45.29415],[-111.423427,45.293757],[-111.424313,45.293408],[-111.425484,45.292946],[-111.426301,45.292624],[-111.427628,45.292101],[-111.428512,45.291752],[-111.429043,45.291542],[-111.430373,45.291018],[-111.430864,45.290824],[-111.431719,45.290487],[-111.43242,45.290211]]}},{"id":"('way', 209633070)","type":"Feature","properties":{"aerialway":"chair_lift","piste:type":null,"piste:difficulty":null,"name":"Lone Tree 4","base_elevation":1130},"geometry":{"type":"LineString","coordinates":[[-111.439859,45.29126],[-111.440412,45.290954],[-111.440966,45.290647],[-111.442345,45.289885],[-111.44351,45.289241],[-111.444151,45.288886],[-111.444602,45.288637]]}},{"id":"('way', 209633075)","type":"Feature","properties":{"aerialway":"chair_lift","piste:type":null,"piste:difficulty":null,"name":"Pony Express 3","base_elevation":919},"geometry":{"type":"LineString","coordinates":[[-111.416535,45.294331],[-111.417144,45.294343],[-111.418019,45.294362],[-111.418847,45.294379],[-111.42004,45.294403],[-111.421166,45.294426],[-111.422351,45.294451],[-111.423391,45.294472],[-111.424358,45.294492],[-111.425571,45.294517],[-111.426949,45.294545],[-111.42807,45.294568],[-111.428238,45.294571]]}},{"id":"('way', 257003834)","type":"Feature","properties":{"aerialway":"magic_carpet","piste:type":null,"piste:difficulty":null,"name":null,"base_elevation":849},"geometry":{"type":"LineString","coordinates":[[-111.403137,45.28437],[-111.405019,45.284235]]}},{"id":"('way', 257003835)","type":"Feature","properties":{"aerialway":"magic_carpet","piste:type":null,"piste:difficulty":null,"name":null,"base_elevation":835},"geometry":{"type":"LineString","coordinates":[[-111.402045,45.28389],[-111.403219,45.284587]]}},{"id":"('way', 257003836)","type":"Feature","properties":{"aerialway":"chair_lift","piste:type":null,"piste:difficulty":null,"name":"White Otter 2","base_elevation":835},"geometry":{"type":"LineString","coordinates":[[-111.404619,45.294286],[-111.404776,45.293554],[-111.405035,45.292352],[-111.405271,45.291258],[-111.405379,45.290757],[-111.405565,45.289895],[-111.405674,45.289396],[-111.405815,45.288711],[-111.40599,45.287897],[-111.406043,45.28765]]}},{"id":"('way', 257003837)","type":"Feature","properties":{"aerialway":"chair_lift","piste:type":null,"piste:difficulty":null,"name":"Cascade 3","base_elevation":853},"geometry":{"type":"LineString","coordinates":[[-111.405429,45.294683],[-111.405172,45.295006],[-111.404628,45.295689],[-111.404312,45.296086],[-111.403892,45.296613],[-111.403728,45.296819],[-111.403341,45.297306],[-111.402831,45.297945],[-111.402584,45.298256],[-111.402082,45.298902],[-111.401528,45.299562],[-111.401081,45.300131],[-111.40048,45.300895],[-111.39992,45.301608],[-111.399463,45.302239],[-111.399283,45.302487]]}},{"id":"('way', 257003838)","type":"Feature","properties":{"aerialway":"chair_lift","piste:type":null,"piste:difficulty":null,"name":"Little Thunder 2","base_elevation":976},"geometry":{"type":"LineString","coordinates":[[-111.398973,45.302409],[-111.398757,45.302264],[-111.398525,45.302106],[-111.397814,45.301625],[-111.397428,45.301363],[-111.397163,45.301184],[-111.396829,45.300958],[-111.396529,45.300754],[-111.396374,45.300649]]}},{"id":"('way', 257005476)","type":"Feature","properties":{"aerialway":"chair_lift","piste:type":null,"piste:difficulty":null,"name":"Sacajawea 3","base_elevation":817},"geometry":{"type":"LineString","coordinates":[[-111.376856,45.264245],[-111.377378,45.264064],[-111.378569,45.263638],[-111.379514,45.2633],[-111.380707,45.262873],[-111.381945,45.26243],[-111.383135,45.262004],[-111.384284,45.261593],[-111.385519,45.261151],[-111.385634,45.26111],[-111.385761,45.261064]]}},{"id":"('way', 257005477)","type":"Feature","properties":{"aerialway":"chair_lift","piste:type":null,"piste:difficulty":null,"name":"Lewis and Clark 4 - High Speed","base_elevation":764},"geometry":{"type":"LineString","coordinates":[[-111.369639,45.260849],[-111.370061,45.260843],[-111.370961,45.26085],[-111.37212,45.260851],[-111.37294,45.260852],[-111.374482,45.260853],[-111.37597,45.260855],[-111.377328,45.260856],[-111.378733,45.260857],[-111.380298,45.260859],[-111.381947,45.26086],[-111.383507,45.260862],[-111.384841,45.260863],[-111.385423,45.260864],[-111.385729,45.260864]]}},{"id":"('way', 257005478)","type":"Feature","properties":{"aerialway":"chair_lift","piste:type":null,"piste:difficulty":null,"name":"Cabin 3","base_elevation":732},"geometry":{"type":"LineString","coordinates":[[-111.363643,45.261212],[-111.364177,45.261194],[-111.365144,45.261162],[-111.366516,45.261116],[-111.367625,45.261078],[-111.36874,45.261041],[-111.369541,45.261014],[-111.369968,45.261]]}},{"id":"('way', 260317109)","type":"Feature","properties":{"aerialway":null,"piste:type":"downhill","piste:difficulty":"intermediate","name":"Crazy Horse","base_elevation":838},"geometry":{"type":"LineString","coordinates":[[-111.432884,45.278869],[-111.432137,45.27882],[-111.431442,45.27878],[-111.430847,45.278675],[-111.428873,45.278494],[-111.426598,45.279264],[-111.42526,45.279543],[-111.424554,45.279668],[-111.424223,45.279784],[-111.424002,45.279904],[-111.423144,45.280487],[-111.422286,45.280826],[-111.42177,45.28103],[-111.421175,45.281162],[-111.420323,45.281278],[-111.418745,45.281438],[-111.417393,45.281604],[-111.415741,45.281966],[-111.413788,45.282419],[-111.411385,45.282736],[-111.410771,45.282751],[-111.410108,45.28273],[-111.409572,45.282595],[-111.409084,45.282391],[-111.408411,45.281992],[-111.407973,45.281815],[-111.407214,45.28194],[-111.40613,45.2822],[-111.405605,45.282212],[-111.405031,45.282223],[-111.404425,45.282374],[-111.403641,45.282544],[-111.402299,45.28271]]}},{"id":"('way', 260318289)","type":"Feature","properties":{"aerialway":null,"piste:type":"downhill","piste:difficulty":"advanced","name":"Buffalo Jump","base_elevation":1013},"geometry":{"type":"LineString","coordinates":[[-111.426604,45.276489],[-111.426234,45.276942],[-111.425889,45.277495],[-111.42547,45.278362],[-111.424324,45.278813],[-111.422944,45.279004],[-111.421107,45.279707],[-111.420158,45.280123],[-111.419833,45.28031],[-111.419406,45.280556],[-111.418918,45.281051],[-111.418795,45.2812],[-111.418745,45.281438]]}},{"id":"('way', 260318290)","type":"Feature","properties":{"aerialway":null,"piste:type":"downhill","piste:difficulty":"intermediate","name":"Calamity Jane","base_elevation":1086},"geometry":{"type":"LineString","coordinates":[[-111.432028,45.275709],[-111.431349,45.276038],[-111.430252,45.276134],[-111.428354,45.276298],[-111.427627,45.276376],[-111.427249,45.276418],[-111.426604,45.276489],[-111.425998,45.276641],[-111.425914,45.276663],[-111.424891,45.276741],[-111.424312,45.276871],[-111.423178,45.277469],[-111.422118,45.277695],[-111.421255,45.277668],[-111.420134,45.278059]]}},{"id":"('way', 260318291)","type":"Feature","properties":{"aerialway":null,"piste:type":"downhill","piste:difficulty":"intermediate","name":"Calamity Jane","base_elevation":906},"geometry":{"type":"LineString","coordinates":[[-111.420134,45.278059],[-111.41937,45.278076],[-111.418359,45.278163],[-111.416855,45.277998],[-111.416424,45.278137],[-111.415561,45.2787],[-111.414723,45.279065],[-111.414196,45.279225],[-111.414008,45.279282],[-111.413244,45.279446],[-111.412566,45.279212],[-111.411938,45.279125],[-111.411112,45.27929],[-111.409695,45.27955],[-111.408721,45.280045],[-111.407748,45.28014]]}},{"id":"('way', 260318292)","type":"Feature","properties":{"aerialway":null,"piste:type":"downhill","piste:difficulty":"intermediate","name":"Huntley Hollow","base_elevation":872},"geometry":{"type":"LineString","coordinates":[[-111.413244,45.279446],[-111.412616,45.279733],[-111.412037,45.280235],[-111.411494,45.280582],[-111.411446,45.28061],[-111.410644,45.281068],[-111.410151,45.281215],[-111.409276,45.281172],[-111.408536,45.281025],[-111.407132,45.280929],[-111.406712,45.280999],[-111.406429,45.281337],[-111.405973,45.281718],[-111.405031,45.282223]]}},{"id":"('way', 260318293)","type":"Feature","properties":{"aerialway":null,"piste:type":"downhill","piste:difficulty":"intermediate","name":"Lobo","base_elevation":937},"geometry":{"type":"LineString","coordinates":[[-111.428354,45.276298],[-111.42759,45.276134],[-111.427196,45.276024],[-111.426592,45.275856],[-111.426197,45.275795],[-111.426021,45.275791],[-111.42547,45.275778],[-111.42462,45.275561],[-111.423079,45.275752],[-111.422192,45.275674],[-111.4207,45.275908],[-111.419715,45.276142],[-111.418532,45.276394],[-111.416411,45.276647],[-111.414514,45.277086],[-111.413056,45.277245],[-111.411513,45.277245],[-111.409757,45.277165]]}},{"id":"('way', 260318294)","type":"Feature","properties":{"aerialway":null,"piste:type":"downhill","piste:difficulty":"intermediate","name":"Lobo Meadows","base_elevation":1128},"geometry":{"type":"LineString","coordinates":[[-111.43213,45.275343],[-111.432036,45.275399],[-111.431909,45.275458],[-111.431763,45.275491],[-111.431602,45.27548],[-111.431283,45.275302],[-111.430961,45.275205],[-111.430425,45.275137],[-111.429761,45.275173],[-111.428741,45.275233],[-111.427977,45.275153],[-111.42734,45.275093],[-111.425995,45.274765],[-111.425315,45.274665],[-111.424039,45.274534],[-111.422921,45.274239],[-111.422569,45.274207],[-111.422059,45.274515],[-111.421451,45.275183],[-111.420728,45.275681],[-111.4207,45.275908]]}},{"id":"('way', 260318295)","type":"Feature","properties":{"aerialway":null,"piste:type":"downhill","piste:difficulty":"advanced","name":"Stump Farm","base_elevation":1014},"geometry":{"type":"LineString","coordinates":[[-111.422059,45.274515],[-111.421351,45.274396],[-111.420488,45.274147],[-111.419851,45.274107],[-111.41927,45.273888],[-111.418411,45.273662],[-111.41726,45.273489],[-111.416598,45.273238],[-111.415845,45.272882]]}},{"id":"('way', 260318296)","type":"Feature","properties":{"aerialway":null,"piste:type":"downhill","piste:difficulty":"intermediate","name":"Chuck's Run","base_elevation":1100},"geometry":{"type":"LineString","coordinates":[[-111.425315,45.274665],[-111.424974,45.274144],[-111.424432,45.273671],[-111.424096,45.272711],[-111.423293,45.271975],[-111.422128,45.271386],[-111.421835,45.271239],[-111.421289,45.270677]]}},{"id":"('way', 260318297)","type":"Feature","properties":{"aerialway":null,"piste:type":"downhill","piste:difficulty":"intermediate","name":"Skittles Road","base_elevation":896},"geometry":{"type":"LineString","coordinates":[[-111.418109,45.270028],[-111.418056,45.270083],[-111.417986,45.270125],[-111.417724,45.270212],[-111.41757,45.270287],[-111.417216,45.270536],[-111.417092,45.270645],[-111.41702,45.270775],[-111.416768,45.271591],[-111.416737,45.27167],[-111.41669,45.271764],[-111.416619,45.271832],[-111.416441,45.271935],[-111.416319,45.271985],[-111.416163,45.272055],[-111.416088,45.272142],[-111.415845,45.272882],[-111.415226,45.272863],[-111.414055,45.273389],[-111.41308,45.274019],[-111.41264,45.274431],[-111.412039,45.274763],[-111.410917,45.275449],[-111.410315,45.276044],[-111.409757,45.277165],[-111.409567,45.277463],[-111.408575,45.277681],[-111.407632,45.278161],[-111.407274,45.278768],[-111.407177,45.27926],[-111.407388,45.279592],[-111.407827,45.279775],[-111.407748,45.28014]]}},{"id":"('way', 260321760)","type":"Feature","properties":{"aerialway":null,"piste:type":"downhill","piste:difficulty":"easy","name":"Jay Walk","base_elevation":1272},"geometry":{"type":"LineString","coordinates":[[-111.432084,45.275474],[-111.432028,45.275709],[-111.431784,45.276242],[-111.431681,45.276441],[-111.431686,45.27654],[-111.43176,45.276672],[-111.431844,45.276744],[-111.431975,45.276847],[-111.432293,45.276992],[-111.43257,45.277059],[-111.432825,45.277068],[-111.4331,45.277086],[-111.433324,45.277121],[-111.43343,45.277185],[-111.433453,45.277277],[-111.433422,45.277361],[-111.433218,45.277583],[-111.433222,45.277908],[-111.433165,45.278101],[-111.433093,45.278289],[-111.432996,45.278516],[-111.432884,45.278869]]}},{"id":"('way', 260321761)","type":"Feature","properties":{"aerialway":null,"piste:type":"downhill","piste:difficulty":"advanced","name":"Rice Bowl","base_elevation":1197},"geometry":{"type":"LineString","coordinates":[[-111.428512,45.276693],[-111.428772,45.277651],[-111.428837,45.278018],[-111.428829,45.278281],[-111.428873,45.278494]]}},{"id":"('way', 260321763)","type":"Feature","properties":{"aerialway":null,"piste:type":"downhill","piste:difficulty":"intermediate","name":"Marmot Meadows","base_elevation":932},"geometry":{"type":"LineString","coordinates":[[-111.41542,45.283882],[-111.414691,45.283595],[-111.413661,45.283474],[-111.412588,45.283203],[-111.411385,45.282736]]}},{"id":"('way', 260323391)","type":"Feature","properties":{"aerialway":null,"piste:type":"downhill","piste:difficulty":"easy","name":"Mr. K","base_elevation":838},"geometry":{"type":"LineString","coordinates":[[-111.432351,45.279325],[-111.431561,45.279628],[-111.431021,45.27988],[-111.430397,45.280271],[-111.430082,45.280393],[-111.429607,45.280566],[-111.427401,45.280902],[-111.425084,45.28173],[-111.424206,45.282164],[-111.421834,45.282702],[-111.42019,45.282926],[-111.419536,45.283163],[-111.419063,45.283256],[-111.418135,45.283439],[-111.416865,45.283715],[-111.41542,45.283882],[-111.414777,45.284053],[-111.414119,45.284227],[-111.413657,45.284407],[-111.411373,45.284385],[-111.409356,45.284122],[-111.407849,45.283706],[-111.406826,45.28372],[-111.406274,45.283728],[-111.40491,45.28336],[-111.403995,45.282952],[-111.403336,45.28276],[-111.402903,45.282736],[-111.402299,45.28271]]}},{"id":"('way', 260351289)","type":"Feature","properties":{"aerialway":null,"piste:type":"downhill","piste:difficulty":"easy","name":null,"base_elevation":984},"geometry":{"type":"LineString","coordinates":[[-111.416243,45.284363],[-111.416102,45.284542],[-111.415913,45.284781],[-111.415819,45.284975],[-111.415775,45.285172],[-111.415758,45.285209],[-111.415607,45.285778],[-111.415206,45.286175]]}},{"id":"('way', 260351290)","type":"Feature","properties":{"aerialway":null,"piste:type":"downhill","piste:difficulty":"easy","name":"Lone Wolf","base_elevation":916},"geometry":{"type":"LineString","coordinates":[[-111.417742,45.285252],[-111.416876,45.285203],[-111.416764,45.285201],[-111.41663,45.285194],[-111.415758,45.285209],[-111.415464,45.285217],[-111.414792,45.285214],[-111.414052,45.285119],[-111.413796,45.285086],[-111.413292,45.28502],[-111.413116,45.284997],[-111.412841,45.285006],[-111.412265,45.285023],[-111.410904,45.285197],[-111.409933,45.285336],[-111.408942,45.285398],[-111.408464,45.285312]]}},{"id":"('way', 260351292)","type":"Feature","properties":{"aerialway":null,"piste:type":"downhill","piste:difficulty":"intermediate","name":"Chet's Knob","base_elevation":834},"geometry":{"type":"LineString","coordinates":[[-111.40944,45.286482],[-111.409067,45.28598],[-111.408907,45.285658],[-111.408784,45.285517],[-111.408464,45.285312],[-111.408202,45.285248],[-111.407877,45.285222],[-111.4075,45.285251],[-111.40684,45.285306],[-111.406031,45.285345],[-111.405335,45.285312],[-111.404249,45.285205],[-111.403471,45.285376],[-111.403206,45.285477],[-111.403045,45.285573],[-111.402932,45.285901],[-111.402874,45.286103],[-111.402809,45.286174],[-111.402681,45.286256],[-111.402454,45.286326]]}},{"id":"('way', 260351294)","type":"Feature","properties":{"aerialway":null,"piste:type":"downhill","piste:difficulty":"advanced","name":"Turkey Traverse","base_elevation":1435},"geometry":{"type":"LineString","coordinates":[[-111.443773,45.280148],[-111.443407,45.280009],[-111.443239,45.279558],[-111.443159,45.279176],[-111.443147,45.278965],[-111.44306,45.278739],[-111.44293,45.278545],[-111.442805,45.278382],[-111.442689,45.278164],[-111.442527,45.27801],[-111.44229,45.277819],[-111.441621,45.277484],[-111.440942,45.277182],[-111.440561,45.277026],[-111.439993,45.276806],[-111.439722,45.276713]]}},{"id":"('way', 260351299)","type":"Feature","properties":{"aerialway":null,"piste:type":"downhill","piste:difficulty":"intermediate","name":"Silver Knife","base_elevation":832},"geometry":{"type":"LineString","coordinates":[[-111.393452,45.278854],[-111.393501,45.279381],[-111.393621,45.279916],[-111.393819,45.280169],[-111.395419,45.281875],[-111.396184,45.282493],[-111.397171,45.28322],[-111.397927,45.283733],[-111.398082,45.283778],[-111.398222,45.28379],[-111.398392,45.283788]]}},{"id":"('way', 260351302)","type":"Feature","properties":{"aerialway":null,"piste:type":"downhill","piste:difficulty":"advanced","name":"Blackfoot","base_elevation":823},"geometry":{"type":"LineString","coordinates":[[-111.393501,45.279381],[-111.394233,45.279896],[-111.395062,45.280399],[-111.395745,45.280777],[-111.39646,45.281269],[-111.397111,45.281852],[-111.397631,45.282413],[-111.398184,45.282905],[-111.398786,45.283054],[-111.399418,45.283358]]}},{"id":"('way', 260351304)","type":"Feature","properties":{"aerialway":null,"piste:type":"downhill","piste:difficulty":"intermediate","name":"Tippy's Tumble","base_elevation":922},"geometry":{"type":"LineString","coordinates":[[-111.393452,45.278854],[-111.3942,45.279289],[-111.395501,45.279884],[-111.397781,45.280861]]}},{"id":"('way', 260351306)","type":"Feature","properties":{"aerialway":null,"piste:type":"downhill","piste:difficulty":"intermediate","name":"Old Tippy's","base_elevation":827},"geometry":{"type":"LineString","coordinates":[[-111.397781,45.280861],[-111.397974,45.281021],[-111.398363,45.281555],[-111.399095,45.282264],[-111.399794,45.282676],[-111.40038,45.282931]]}},{"id":"('way', 260351308)","type":"Feature","properties":{"aerialway":null,"piste:type":"downhill","piste:difficulty":"intermediate","name":"Ambush","base_elevation":829},"geometry":{"type":"LineString","coordinates":[[-111.395604,45.27436],[-111.395956,45.274712],[-111.396525,45.275776],[-111.39703,45.276589],[-111.397534,45.277389],[-111.3982,45.278076],[-111.399257,45.278637],[-111.400636,45.279938],[-111.401051,45.280432],[-111.40135,45.280788],[-111.401483,45.281133],[-111.401632,45.281589],[-111.401762,45.281952],[-111.401759,45.282379],[-111.401702,45.282507],[-111.401421,45.283359]]}},{"id":"('way', 260351310)","type":"Feature","properties":{"aerialway":null,"piste:type":"downhill","piste:difficulty":"intermediate","name":"Ambush Meadows","base_elevation":980},"geometry":{"type":"LineString","coordinates":[[-111.394403,45.275405],[-111.394802,45.275856],[-111.395243,45.276435],[-111.395403,45.276646],[-111.39553,45.276846],[-111.39568,45.27708],[-111.396509,45.277424],[-111.39729,45.277733],[-111.3982,45.278076]]}},{"id":"('way', 260351311)","type":"Feature","properties":{"aerialway":null,"piste:type":"downhill","piste:difficulty":"advanced","name":"Ambush Glades","base_elevation":875},"geometry":{"type":"LineString","coordinates":[[-111.39568,45.27708],[-111.395257,45.27763],[-111.395192,45.278168],[-111.395631,45.278602],[-111.396233,45.278831],[-111.396948,45.279117],[-111.397469,45.279461],[-111.397973,45.279701],[-111.398591,45.279976],[-111.399501,45.280296],[-111.401051,45.280432]]}},{"id":"('way', 260351315)","type":"Feature","properties":{"aerialway":null,"piste:type":"downhill","piste:difficulty":"intermediate","name":"Hangman's","base_elevation":852},"geometry":{"type":"LineString","coordinates":[[-111.395738,45.272262],[-111.395972,45.272331],[-111.396558,45.272606],[-111.396979,45.272751],[-111.39729,45.272858],[-111.397778,45.273087],[-111.398168,45.273533],[-111.398607,45.274094],[-111.399745,45.274723],[-111.400217,45.275204],[-111.400461,45.275982],[-111.40103,45.276657],[-111.401258,45.276894],[-111.401615,45.277264],[-111.402559,45.27787],[-111.402856,45.278249],[-111.403359,45.279004],[-111.403518,45.279678],[-111.403567,45.280124]]}},{"id":"('way', 260351317)","type":"Feature","properties":{"aerialway":null,"piste:type":"downhill","piste:difficulty":"advanced","name":"Spotted Elk","base_elevation":901},"geometry":{"type":"LineString","coordinates":[[-111.396212,45.273363],[-111.396458,45.273431],[-111.396574,45.273471],[-111.396951,45.273583],[-111.397616,45.274221],[-111.397942,45.274789],[-111.398367,45.275227],[-111.398664,45.275725],[-111.398834,45.276303],[-111.399216,45.276622],[-111.399981,45.27722],[-111.400731,45.277807],[-111.401186,45.278025],[-111.401441,45.278091],[-111.401831,45.278166],[-111.402372,45.278193],[-111.402856,45.278249]]}},{"id":"('way', 260354681)","type":"Feature","properties":{"aerialway":null,"piste:type":"downhill","piste:difficulty":"intermediate","name":"Safari","base_elevation":873},"geometry":{"type":"LineString","coordinates":[[-111.39729,45.272858],[-111.397785,45.272685],[-111.398004,45.272643],[-111.398439,45.272592],[-111.399289,45.27254],[-111.399942,45.272384],[-111.400657,45.272028],[-111.401264,45.271966],[-111.401814,45.272079],[-111.40274,45.272735],[-111.402851,45.272956],[-111.40287,45.273048],[-111.402897,45.273344],[-111.402715,45.273893],[-111.402481,45.274396],[-111.402346,45.274777],[-111.402407,45.275168],[-111.403048,45.275957],[-111.40348,45.27646],[-111.4038,45.276937],[-111.403812,45.277552],[-111.40348,45.278316],[-111.403359,45.279004]]}},{"id":"('way', 260354682)","type":"Feature","properties":{"aerialway":null,"piste:type":"downhill","piste:difficulty":"intermediate","name":"Congo","base_elevation":984},"geometry":{"type":"LineString","coordinates":[[-111.399289,45.27254],[-111.399662,45.2729],[-111.400295,45.27339],[-111.400917,45.273806],[-111.401454,45.27413],[-111.402065,45.274493],[-111.402346,45.274777]]}},{"id":"('way', 260354683)","type":"Feature","properties":{"aerialway":null,"piste:type":"downhill","piste:difficulty":"easy","name":"Pacifier","base_elevation":829},"geometry":{"type":"LineString","coordinates":[[-111.395818,45.272003],[-111.396011,45.272188],[-111.396207,45.27225],[-111.396915,45.272258],[-111.397478,45.272234],[-111.397819,45.272212],[-111.398525,45.27222],[-111.399201,45.272122],[-111.399769,45.271888],[-111.400295,45.271593],[-111.400821,45.271337],[-111.40111,45.271125],[-111.401518,45.270793],[-111.402197,45.270301],[-111.402291,45.270234],[-111.403052,45.270053],[-111.404361,45.269849],[-111.405895,45.269607],[-111.406625,45.269487],[-111.407626,45.269088],[-111.407837,45.269003],[-111.407859,45.269147],[-111.407644,45.269509],[-111.407365,45.269955],[-111.406947,45.27068],[-111.406453,45.27111],[-111.406067,45.271601],[-111.405702,45.271956],[-111.405263,45.272537],[-111.40522,45.272824],[-111.40537,45.273141],[-111.405434,45.273519],[-111.405359,45.274228],[-111.405295,45.274689],[-111.405434,45.27524],[-111.405466,45.275904],[-111.40538,45.276192],[-111.405263,45.276584],[-111.404919,45.27706],[-111.404747,45.277558],[-111.404533,45.278064],[-111.404265,45.27869],[-111.404115,45.279136],[-111.403911,45.279596],[-111.403709,45.279905],[-111.403656,45.279986],[-111.403567,45.280124],[-111.403224,45.280562],[-111.403213,45.280577],[-111.402965,45.280903],[-111.402731,45.281212],[-111.402593,45.28139],[-111.402226,45.281868],[-111.402043,45.282206],[-111.40184,45.282578],[-111.40169,45.282751],[-111.401325,45.283181]]}},{"id":"('way', 260354684)","type":"Feature","properties":{"aerialway":null,"piste:type":"downhill","piste:difficulty":"advanced","name":"Upper Africa","base_elevation":1116},"geometry":{"type":"LineString","coordinates":[[-111.398847,45.270544],[-111.399029,45.270491],[-111.399641,45.270514],[-111.400145,45.270649],[-111.400628,45.270899],[-111.401061,45.271102],[-111.40111,45.271125]]}},{"id":"('way', 260354685)","type":"Feature","properties":{"aerialway":null,"piste:type":"downhill","piste:difficulty":"intermediate","name":"Africa","base_elevation":960},"geometry":{"type":"LineString","coordinates":[[-111.40111,45.271125],[-111.401658,45.271321],[-111.402462,45.271623],[-111.403342,45.272122],[-111.403921,45.272477],[-111.404812,45.272786],[-111.405184,45.273023],[-111.40537,45.273141]]}},{"id":"('way', 260354686)","type":"Feature","properties":{"aerialway":"platter","piste:type":null,"piste:difficulty":null,"name":"Bear Back Poma","base_elevation":807},"geometry":{"type":"LineString","coordinates":[[-111.395103,45.285613],[-111.39716,45.283797]]}},{"id":"('way', 260354688)","type":"Feature","properties":{"aerialway":null,"piste:type":"downhill","piste:difficulty":"advanced","name":"Blue Room","base_elevation":851},"geometry":{"type":"LineString","coordinates":[[-111.393621,45.279916],[-111.393199,45.28029],[-111.393404,45.280954],[-111.393725,45.281484],[-111.394242,45.281995],[-111.394292,45.28242],[-111.394427,45.282784],[-111.394587,45.283088],[-111.394896,45.28327],[-111.395339,45.283495],[-111.395666,45.283844]]}},{"id":"('way', 260354689)","type":"Feature","properties":{"aerialway":null,"piste:type":"downhill","piste:difficulty":"advanced","name":"Colter's Hell","base_elevation":872},"geometry":{"type":"LineString","coordinates":[[-111.392394,45.28004],[-111.392691,45.280498],[-111.392751,45.280885],[-111.392603,45.281518],[-111.39248,45.282082],[-111.392505,45.282628],[-111.392616,45.283183],[-111.392566,45.283479],[-111.392337,45.283649]]}},{"id":"('way', 260354690)","type":"Feature","properties":{"aerialway":null,"piste:type":"downhill","piste:difficulty":"advanced","name":"Mine Shaft","base_elevation":858},"geometry":{"type":"LineString","coordinates":[[-111.39248,45.282082],[-111.391955,45.282687],[-111.39179,45.283077],[-111.391444,45.283327],[-111.390983,45.283316],[-111.390599,45.283222],[-111.390267,45.28323]]}},{"id":"('way', 260354692)","type":"Feature","properties":{"aerialway":null,"piste:type":"downhill","piste:difficulty":"intermediate","name":"Low Dog","base_elevation":653},"geometry":{"type":"LineString","coordinates":[[-111.390267,45.28323],[-111.390097,45.283275],[-111.389988,45.283312],[-111.389299,45.283561],[-111.389159,45.283602],[-111.388981,45.283655],[-111.38848,45.283749],[-111.38826,45.283676],[-111.387772,45.283513],[-111.387609,45.28348],[-111.387265,45.283411],[-111.386946,45.283348],[-111.386809,45.283327],[-111.38649,45.283279],[-111.385726,45.28333],[-111.385369,45.283356],[-111.38442,45.283461],[-111.38426,45.283478],[-111.383779,45.28353],[-111.382855,45.283677],[-111.382128,45.28366],[-111.381511,45.283626],[-111.38039,45.283365],[-111.379527,45.283313],[-111.378822,45.283225],[-111.37827,45.283122],[-111.377826,45.282758],[-111.377605,45.282533],[-111.376939,45.281917],[-111.376496,45.281501],[-111.376089,45.281206],[-111.376043,45.280867]]}},{"id":"('way', 260354693)","type":"Feature","properties":{"aerialway":null,"piste:type":"downhill","piste:difficulty":"intermediate","name":"Elk Park Ridge","base_elevation":656},"geometry":{"type":"LineString","coordinates":[[-111.393385,45.276807],[-111.392887,45.277087],[-111.391913,45.277546],[-111.390249,45.278154],[-111.388339,45.278787],[-111.387189,45.279259],[-111.386802,45.279418],[-111.386503,45.279541],[-111.386112,45.279687],[-111.384556,45.280269],[-111.383533,45.280833],[-111.382263,45.281258],[-111.3806,45.28131],[-111.378985,45.281301],[-111.37758,45.281128],[-111.376043,45.280867]]}},{"id":"('way', 260354694)","type":"Feature","properties":{"aerialway":null,"piste:type":"downhill","piste:difficulty":"advanced","name":"Mad Wolf","base_elevation":942},"geometry":{"type":"LineString","coordinates":[[-111.393173,45.274571],[-111.392332,45.275135],[-111.390866,45.275743],[-111.389559,45.276194],[-111.387871,45.276723],[-111.3874,45.276873]]}},{"id":"('way', 260354695)","type":"Feature","properties":{"aerialway":null,"piste:type":"downhill","piste:difficulty":"advanced","name":"Wolf Den","base_elevation":975},"geometry":{"type":"LineString","coordinates":[[-111.393768,45.275705],[-111.3925,45.276328],[-111.391213,45.276834],[-111.390052,45.277139],[-111.38845,45.277564]]}},{"id":"('way', 260354696)","type":"Feature","properties":{"aerialway":null,"piste:type":"downhill","piste:difficulty":"intermediate","name":"Madison Avenue","base_elevation":718},"geometry":{"type":"LineString","coordinates":[[-111.390249,45.278154],[-111.388668,45.277635],[-111.38845,45.277564],[-111.3874,45.276873],[-111.387021,45.276629],[-111.386674,45.276512],[-111.38584,45.277006],[-111.385117,45.277412],[-111.384482,45.277729],[-111.383711,45.277802],[-111.382676,45.27772],[-111.381659,45.277729],[-111.380794,45.277979],[-111.379463,45.278287]]}},{"id":"('way', 260354697)","type":"Feature","properties":{"aerialway":null,"piste:type":"downhill","piste:difficulty":"advanced","name":"Crazy Raven","base_elevation":991},"geometry":{"type":"LineString","coordinates":[[-111.3943,45.272673],[-111.393766,45.272749],[-111.393347,45.272851],[-111.392702,45.273028],[-111.39163,45.273297],[-111.390619,45.273566],[-111.389658,45.274086],[-111.388968,45.274702],[-111.388484,45.275074],[-111.38819,45.275607]]}},{"id":"('way', 260354698)","type":"Feature","properties":{"aerialway":null,"piste:type":"downhill","piste:difficulty":"intermediate","name":"Big Horn","base_elevation":656},"geometry":{"type":"LineString","coordinates":[[-111.3943,45.272673],[-111.393649,45.272649],[-111.393427,45.27263],[-111.392168,45.272509],[-111.391029,45.272404],[-111.390225,45.272088],[-111.389639,45.271828],[-111.388526,45.271129],[-111.387423,45.270708],[-111.386116,45.270182],[-111.385783,45.270051],[-111.383912,45.27009],[-111.382809,45.270471],[-111.381894,45.271076],[-111.381754,45.271368],[-111.381502,45.271891],[-111.381184,45.273035],[-111.380848,45.274402],[-111.380814,45.27452],[-111.380793,45.27459],[-111.380749,45.274743],[-111.380531,45.275493],[-111.380138,45.276295],[-111.379933,45.277136],[-111.379746,45.277649],[-111.379463,45.278287],[-111.379372,45.27849],[-111.379046,45.278836],[-111.378567,45.279342],[-111.378017,45.279726],[-111.37725,45.280261],[-111.376043,45.280867]]}},{"id":"('way', 260354701)","type":"Feature","properties":{"aerialway":null,"piste:type":"downhill","piste:difficulty":"advanced","name":"Bear's Lair","base_elevation":792},"geometry":{"type":"LineString","coordinates":[[-111.390225,45.272088],[-111.388824,45.271957],[-111.38761,45.272351],[-111.386396,45.272417],[-111.384958,45.27268],[-111.383856,45.2731],[-111.382847,45.273587],[-111.380814,45.27452]]}},{"id":"('way', 260354702)","type":"Feature","properties":{"aerialway":null,"piste:type":"downhill","piste:difficulty":"expert","name":"Snake Pit","base_elevation":990},"geometry":{"type":"LineString","coordinates":[[-111.391029,45.272404],[-111.389609,45.272653],[-111.388227,45.27293],[-111.387517,45.273337],[-111.386972,45.273771],[-111.386807,45.273902],[-111.386566,45.274074],[-111.386418,45.274127],[-111.38636,45.274142],[-111.386138,45.274176]]}},{"id":"('way', 260354703)","type":"Feature","properties":{"aerialway":null,"piste:type":"downhill","piste:difficulty":"advanced","name":"Everett's Anger","base_elevation":732},"geometry":{"type":"LineString","coordinates":[[-111.386674,45.276512],[-111.386407,45.276359],[-111.385863,45.276057],[-111.385351,45.276011],[-111.384652,45.276049],[-111.383858,45.276314],[-111.382849,45.276661],[-111.382012,45.276842],[-111.3811,45.277061],[-111.379933,45.277136]]}},{"id":"('way', 260463287)","type":"Feature","properties":{"aerialway":null,"piste:type":"downhill","piste:difficulty":"easy","name":"Little Calf","base_elevation":619},"geometry":{"type":"LineString","coordinates":[[-111.377,45.270941],[-111.37667,45.271216],[-111.376217,45.271574],[-111.375622,45.272063],[-111.375042,45.272481],[-111.374733,45.272687],[-111.373867,45.272601],[-111.372833,45.272252],[-111.371545,45.272322],[-111.370172,45.2727],[-111.369195,45.273368],[-111.368218,45.273547],[-111.367241,45.273647],[-111.366689,45.273677],[-111.36608,45.273746],[-111.365075,45.274005],[-111.363589,45.273936],[-111.361819,45.274344],[-111.359795,45.274563],[-111.358662,45.274394],[-111.358337,45.274673],[-111.360163,45.27545],[-111.361692,45.275958],[-111.362088,45.276137],[-111.362909,45.276755],[-111.364381,45.277213],[-111.365967,45.277721],[-111.366675,45.278],[-111.36726,45.27869],[-111.367736,45.279051],[-111.368133,45.279294]]}},{"id":"('way', 260463290)","type":"Feature","properties":{"aerialway":null,"piste:type":"downhill","piste:difficulty":"easy","name":"Lone Moose Access","base_elevation":621},"geometry":{"type":"LineString","coordinates":[[-111.376089,45.281206],[-111.375585,45.281183],[-111.375073,45.280943],[-111.373853,45.280594],[-111.373159,45.280507],[-111.371692,45.280513],[-111.371022,45.28019],[-111.37014,45.279629],[-111.369352,45.279423],[-111.368547,45.27929]]}},{"id":"('way', 260463293)","type":"Feature","properties":{"aerialway":null,"piste:type":"downhill","piste:difficulty":"easy","name":"Little Dogie","base_elevation":831},"geometry":{"type":"LineString","coordinates":[[-111.376134,45.269457],[-111.375829,45.269371],[-111.375592,45.269334],[-111.375348,45.269338],[-111.375048,45.269351],[-111.374732,45.269423],[-111.373904,45.269684],[-111.373222,45.269921],[-111.372587,45.270368],[-111.372213,45.270585],[-111.371503,45.270493],[-111.370812,45.271084],[-111.370102,45.271386],[-111.369159,45.271939],[-111.368197,45.272175],[-111.367713,45.272478],[-111.367608,45.272543],[-111.366917,45.273069],[-111.366686,45.273257],[-111.36608,45.273746]]}},{"id":"('way', 260463296)","type":"Feature","properties":{"aerialway":null,"piste:type":"downhill","piste:difficulty":"advanced","name":"Grizzly","base_elevation":641},"geometry":{"type":"LineString","coordinates":[[-111.366686,45.273257],[-111.366689,45.273677],[-111.366695,45.274413],[-111.366759,45.275387],[-111.366749,45.276217],[-111.366266,45.276814],[-111.366427,45.277372],[-111.366675,45.278]]}},{"id":"('way', 260463299)","type":"Feature","properties":{"aerialway":null,"piste:type":"downhill","piste:difficulty":"advanced","name":"Bobcat","base_elevation":619},"geometry":{"type":"LineString","coordinates":[[-111.374733,45.272687],[-111.374248,45.273311],[-111.374216,45.273824],[-111.374387,45.274851],[-111.374441,45.275749],[-111.374248,45.276285],[-111.373755,45.276731],[-111.372918,45.277282],[-111.372682,45.277886],[-111.372059,45.278256],[-111.371319,45.278588],[-111.370117,45.278799],[-111.368841,45.278965],[-111.368133,45.279294]]}},{"id":"('way', 260463301)","type":"Feature","properties":{"aerialway":null,"piste:type":"downhill","piste:difficulty":"advanced","name":"Lone Moose","base_elevation":624},"geometry":{"type":"LineString","coordinates":[[-111.374216,45.273824],[-111.373486,45.274451],[-111.371727,45.276119],[-111.369388,45.278218],[-111.368841,45.278739],[-111.368841,45.278965]]}},{"id":"('way', 260463303)","type":"Feature","properties":{"aerialway":null,"piste:type":"downhill","piste:difficulty":"intermediate","name":"El Dorado","base_elevation":839},"geometry":{"type":"LineString","coordinates":[[-111.398815,45.27059],[-111.398756,45.270636],[-111.398667,45.270666],[-111.398569,45.270678],[-111.398466,45.270682],[-111.398308,45.270685],[-111.397692,45.270393],[-111.394967,45.269683],[-111.393637,45.269306],[-111.392778,45.26923],[-111.391341,45.268822],[-111.39016,45.26849],[-111.38662,45.267539],[-111.385182,45.267237],[-111.383165,45.266814],[-111.380869,45.2663],[-111.379453,45.265681],[-111.378579,45.26501]]}},{"id":"('way', 260463306)","type":"Feature","properties":{"aerialway":null,"piste:type":"downhill","piste:difficulty":"intermediate","name":"Freemont's Forest","base_elevation":936},"geometry":{"type":"LineString","coordinates":[[-111.393637,45.269306],[-111.393186,45.268777],[-111.391512,45.268324],[-111.389731,45.267811],[-111.388551,45.267478],[-111.387097,45.267088],[-111.386099,45.266793],[-111.38462,45.26642],[-111.383165,45.266814]]}},{"id":"('way', 260463308)","type":"Feature","properties":{"aerialway":null,"piste:type":"downhill","piste:difficulty":"easy","name":"Deep South","base_elevation":839},"geometry":{"type":"LineString","coordinates":[[-111.398815,45.27059],[-111.398847,45.270544],[-111.398748,45.270373],[-111.398835,45.270236],[-111.398882,45.270045],[-111.398826,45.269533],[-111.398751,45.269375],[-111.398452,45.269027],[-111.398247,45.268685],[-111.398247,45.268225],[-111.398377,45.267534],[-111.398377,45.267252],[-111.398106,45.267009],[-111.397527,45.266805],[-111.39678,45.26643],[-111.396435,45.266082],[-111.39622,45.265523],[-111.395809,45.265003],[-111.395155,45.264491],[-111.394221,45.263912],[-111.393166,45.263222],[-111.392288,45.262696],[-111.391232,45.262197],[-111.39013,45.262006],[-111.389028,45.261809],[-111.388626,45.261868],[-111.388472,45.261966],[-111.38815,45.26217],[-111.387618,45.262617],[-111.387039,45.26309],[-111.386646,45.263374],[-111.386301,45.263623],[-111.385703,45.26409],[-111.384909,45.264458],[-111.384087,45.264747],[-111.383209,45.265003],[-111.382294,45.26503],[-111.381546,45.265001],[-111.380313,45.26499],[-111.379613,45.264964],[-111.378579,45.26501]]}},{"id":"('way', 260463310)","type":"Feature","properties":{"aerialway":null,"piste:type":"downhill","piste:difficulty":"easy","name":"Sacajawea","base_elevation":931},"geometry":{"type":"LineString","coordinates":[[-111.398247,45.268685],[-111.397643,45.268453],[-111.396946,45.268143],[-111.396087,45.267758],[-111.395368,45.267403],[-111.39513,45.267221],[-111.394714,45.266905],[-111.393705,45.266474],[-111.392954,45.266142],[-111.392332,45.266014],[-111.391131,45.265727],[-111.390004,45.265334],[-111.389478,45.26513],[-111.389006,45.264873],[-111.38818,45.264473],[-111.387182,45.264194],[-111.386464,45.264065],[-111.385703,45.26409]]}},{"id":"('way', 260463312)","type":"Feature","properties":{"aerialway":null,"piste:type":"downhill","piste:difficulty":"intermediate","name":"Ponderosa","base_elevation":971},"geometry":{"type":"LineString","coordinates":[[-111.395196,45.271746],[-111.394328,45.271254],[-111.393083,45.270793],[-111.391109,45.270129],[-111.389779,45.269585],[-111.388888,45.269472],[-111.38773,45.269215],[-111.38685,45.268845],[-111.386174,45.268196],[-111.385182,45.267237]]}},{"id":"('way', 260463313)","type":"Feature","properties":{"aerialway":null,"piste:type":"downhill","piste:difficulty":"intermediate","name":"Big Horn Cut-Off","base_elevation":1127},"geometry":{"type":"LineString","coordinates":[[-111.393083,45.270793],[-111.392557,45.270997],[-111.392043,45.271216],[-111.391388,45.271435],[-111.390787,45.271699],[-111.39039,45.27176],[-111.389639,45.271828]]}},{"id":"('way', 260463314)","type":"Feature","properties":{"aerialway":null,"piste:type":"downhill","piste:difficulty":"easy","name":"Little Ewe","base_elevation":890},"geometry":{"type":"LineString","coordinates":[[-111.385783,45.270051],[-111.385176,45.269449],[-111.384826,45.269286],[-111.384318,45.269049],[-111.383835,45.268755],[-111.382934,45.268128],[-111.382054,45.26726],[-111.381839,45.267077],[-111.380869,45.2663]]}},{"id":"('way', 260467401)","type":"Feature","properties":{"aerialway":null,"piste:type":"downhill","piste:difficulty":"intermediate","name":"Fast Lane","base_elevation":1100},"geometry":{"type":"LineString","coordinates":[[-111.43546,45.288469],[-111.435239,45.288642],[-111.43444,45.289315],[-111.433904,45.28949],[-111.43371,45.28948],[-111.433314,45.289373],[-111.432832,45.289341],[-111.432689,45.289352],[-111.43232,45.289413],[-111.431713,45.289584],[-111.431029,45.289793],[-111.430751,45.289879],[-111.430579,45.289933],[-111.43042,45.289982],[-111.429881,45.29007],[-111.429222,45.29013],[-111.428731,45.289997],[-111.428368,45.28982],[-111.428,45.28971],[-111.42753,45.289423],[-111.42707,45.28899],[-111.426592,45.288607],[-111.426458,45.2885],[-111.42587,45.287989],[-111.425691,45.287838]]}},{"id":"('way', 260467404)","type":"Feature","properties":{"aerialway":null,"piste:type":"downhill","piste:difficulty":"advanced","name":"Bad Dog","base_elevation":974},"geometry":{"type":"LineString","coordinates":[[-111.428,45.28971],[-111.427445,45.290017],[-111.427048,45.290424],[-111.42693,45.290877],[-111.426823,45.291239],[-111.426426,45.291624],[-111.425825,45.291964],[-111.425267,45.292273],[-111.424773,45.292746],[-111.424457,45.292933],[-111.424164,45.293068],[-111.423593,45.293205]]}},{"id":"('way', 260467405)","type":"Feature","properties":{"aerialway":null,"piste:type":"downhill","piste:difficulty":"advanced","name":"Iron Maiden","base_elevation":1033},"geometry":{"type":"LineString","coordinates":[[-111.432409,45.290047],[-111.431103,45.290628],[-111.430986,45.290681],[-111.430606,45.290835],[-111.429194,45.291405],[-111.428561,45.291662],[-111.427606,45.292032],[-111.426769,45.292372]]}},{"id":"('way', 260467406)","type":"Feature","properties":{"aerialway":null,"piste:type":"downhill","piste:difficulty":"advanced","name":"Bad Dog Gully","base_elevation":1033},"geometry":{"type":"LineString","coordinates":[[-111.428368,45.28982],[-111.428228,45.290122],[-111.427949,45.290371],[-111.427586,45.290704],[-111.427463,45.290848],[-111.427384,45.290987],[-111.427325,45.291305],[-111.427278,45.291541],[-111.427005,45.291987],[-111.426769,45.292372]]}},{"id":"('way', 260467407)","type":"Feature","properties":{"aerialway":null,"piste:type":"downhill","piste:difficulty":"easy","name":"Lazy Jack","base_elevation":1129},"geometry":{"type":"LineString","coordinates":[[-111.43546,45.288469],[-111.435665,45.288318],[-111.435768,45.28825],[-111.435909,45.2882],[-111.436346,45.288176],[-111.436678,45.288172],[-111.436702,45.288172],[-111.436826,45.288179],[-111.436913,45.288204],[-111.436939,45.288235],[-111.436949,45.288279],[-111.436938,45.288322],[-111.43684,45.288433],[-111.436638,45.288582],[-111.436563,45.288658],[-111.436507,45.288741],[-111.436466,45.288831],[-111.436444,45.28892],[-111.436376,45.289363],[-111.436006,45.289727],[-111.43576,45.289937],[-111.435452,45.290162],[-111.435207,45.290364],[-111.43511,45.290399],[-111.435025,45.290415],[-111.43461,45.290422],[-111.434403,45.29048],[-111.433924,45.290667],[-111.433801,45.290708],[-111.433705,45.290717],[-111.433569,45.290703],[-111.433299,45.290653],[-111.433167,45.290646],[-111.433035,45.290671],[-111.432638,45.290808],[-111.432138,45.290907],[-111.431996,45.290928],[-111.431855,45.290949],[-111.431722,45.290959],[-111.431606,45.29094],[-111.431358,45.290837],[-111.431252,45.29076],[-111.431103,45.290628],[-111.430833,45.290453],[-111.430671,45.290354],[-111.430563,45.290255],[-111.43049,45.290188],[-111.430437,45.290167],[-111.430376,45.29016],[-111.430333,45.290171],[-111.430297,45.290194],[-111.430279,45.290219],[-111.430268,45.290248],[-111.430268,45.290284],[-111.43032,45.290402],[-111.430386,45.290525],[-111.430606,45.290835],[-111.430728,45.291007],[-111.431246,45.291503],[-111.43124,45.291626],[-111.4312,45.291692],[-111.431131,45.29175],[-111.43099,45.291826],[-111.430891,45.291937],[-111.43085,45.292025],[-111.430829,45.292064],[-111.430827,45.292112],[-111.430844,45.292164],[-111.4309,45.292228],[-111.431045,45.292331],[-111.431145,45.292386],[-111.4312,45.292406],[-111.431282,45.292438],[-111.431352,45.292453],[-111.431402,45.292468],[-111.43147,45.292502],[-111.431564,45.292571]]}},{"id":"('way', 260467408)","type":"Feature","properties":{"aerialway":null,"piste:type":"downhill","piste:difficulty":"easy","name":"Cinnabar","base_elevation":782},"geometry":{"type":"LineString","coordinates":[[-111.431443,45.293052],[-111.431544,45.293131],[-111.431876,45.293391],[-111.43238,45.293783],[-111.432435,45.293936],[-111.432515,45.294161],[-111.432552,45.294266],[-111.432488,45.294855],[-111.432456,45.29513],[-111.432457,45.295524],[-111.432097,45.295865],[-111.431846,45.296006],[-111.431451,45.296136],[-111.430974,45.296444],[-111.43061,45.29667],[-111.430037,45.296947],[-111.429615,45.297182],[-111.429827,45.297632],[-111.429934,45.298228],[-111.430031,45.298711],[-111.430104,45.298816],[-111.430224,45.298915],[-111.430372,45.299052],[-111.430545,45.299315],[-111.430632,45.299421],[-111.430705,45.299523],[-111.430846,45.299723],[-111.430871,45.299996],[-111.430868,45.300062],[-111.430975,45.300794],[-111.430707,45.301073],[-111.430417,45.301481],[-111.429999,45.302077],[-111.429924,45.302447],[-111.4299,45.302654],[-111.429849,45.303118],[-111.429939,45.303499],[-111.430118,45.303878],[-111.430271,45.304139],[-111.430384,45.304335],[-111.430514,45.30456],[-111.430632,45.304929],[-111.430793,45.305805],[-111.430776,45.306213],[-111.430683,45.306367],[-111.430198,45.306554],[-111.430106,45.30674],[-111.429988,45.307397],[-111.430117,45.307653],[-111.430342,45.30788],[-111.430814,45.308076],[-111.431074,45.308159],[-111.43118,45.308262],[-111.431211,45.3084],[-111.431179,45.308672],[-111.43134,45.308936],[-111.431608,45.309162],[-111.431856,45.30944],[-111.43197,45.309612],[-111.432069,45.309711],[-111.432352,45.309993]]}},{"id":"('way', 261246270)","type":"Feature","properties":{"aerialway":null,"piste:type":"downhill","piste:difficulty":"advanced","name":"Moonlight","base_elevation":1142},"geometry":{"type":"LineString","coordinates":[[-111.434593,45.28483],[-111.43422,45.285165],[-111.433684,45.285611],[-111.433358,45.28592],[-111.432513,45.286526],[-111.43242,45.286601],[-111.431927,45.286995],[-111.431541,45.287338],[-111.431179,45.287659],[-111.430318,45.288414],[-111.42983,45.289043],[-111.429212,45.289615],[-111.428731,45.289997]]}},{"id":"('way', 261246271)","type":"Feature","properties":{"aerialway":null,"piste:type":"downhill","piste:difficulty":"advanced","name":"Midnight","base_elevation":1216},"geometry":{"type":"LineString","coordinates":[[-111.433876,45.284878],[-111.433684,45.285611],[-111.433662,45.285954],[-111.4337,45.286412],[-111.43383,45.286618],[-111.43396,45.286869],[-111.433911,45.287121],[-111.433857,45.287166],[-111.433619,45.287361],[-111.433179,45.287636],[-111.432871,45.287968],[-111.432525,45.28822],[-111.432448,45.288277],[-111.432188,45.288597],[-111.432041,45.288849],[-111.431976,45.289181],[-111.431713,45.289584]]}},{"id":"('way', 261246272)","type":"Feature","properties":{"aerialway":null,"piste:type":"downhill","piste:difficulty":"expert","name":"Big Rock Tongue","base_elevation":1100},"geometry":{"type":"LineString","coordinates":[[-111.43242,45.286601],[-111.430678,45.286505],[-111.429586,45.286606],[-111.428252,45.286847],[-111.42726,45.287087],[-111.426398,45.287464],[-111.425691,45.287838]]}},{"id":"('way', 261246273)","type":"Feature","properties":{"aerialway":null,"piste:type":"downhill","piste:difficulty":"advanced","name":"St. Alphonse Trees","base_elevation":1182},"geometry":{"type":"LineString","coordinates":[[-111.43122,45.285356],[-111.430152,45.285052],[-111.429358,45.284834],[-111.426833,45.284227]]}},{"id":"('way', 261246274)","type":"Feature","properties":{"aerialway":null,"piste:type":"downhill","piste:difficulty":"advanced","name":"17 Green","base_elevation":1130},"geometry":{"type":"LineString","coordinates":[[-111.432283,45.284754],[-111.43122,45.285356],[-111.430074,45.285624],[-111.429235,45.28577],[-111.428404,45.285937],[-111.427421,45.286109],[-111.426746,45.286216],[-111.426237,45.286316],[-111.425699,45.286455]]}},{"id":"('way', 261246275)","type":"Feature","properties":{"aerialway":null,"piste:type":"downhill","piste:difficulty":"advanced","name":"Highway","base_elevation":1205},"geometry":{"type":"LineString","coordinates":[[-111.434593,45.28483],[-111.434605,45.284763],[-111.434614,45.284651],[-111.434582,45.284599],[-111.434511,45.284559],[-111.434399,45.284536],[-111.434246,45.284543],[-111.434104,45.284601],[-111.434008,45.284697],[-111.433942,45.284799],[-111.433876,45.284878],[-111.433704,45.284894],[-111.433545,45.284868],[-111.433428,45.284822],[-111.433245,45.284782],[-111.433109,45.284777],[-111.432981,45.284779],[-111.432841,45.284782],[-111.432716,45.284787],[-111.432487,45.284777],[-111.432283,45.284754],[-111.432105,45.284724],[-111.431758,45.28467],[-111.431618,45.284652],[-111.431369,45.284619],[-111.430916,45.284481],[-111.430302,45.284217],[-111.429925,45.284041],[-111.42958,45.283824],[-111.429205,45.283562],[-111.428916,45.28334],[-111.428685,45.283141]]}},{"id":"('way', 261246276)","type":"Feature","properties":{"aerialway":null,"piste:type":"downhill","piste:difficulty":"advanced","name":"LRT Traverse","base_elevation":1404},"geometry":{"type":"LineString","coordinates":[[-111.433224,45.283597],[-111.433319,45.283364],[-111.433448,45.283087],[-111.433654,45.282867],[-111.434035,45.282677],[-111.434858,45.282256],[-111.435973,45.281699]]}},{"id":"('way', 261246279)","type":"Feature","properties":{"aerialway":null,"piste:type":"downhill","piste:difficulty":"advanced","name":"Country Club","base_elevation":1418},"geometry":{"type":"LineString","coordinates":[[-111.434582,45.284599],[-111.43472,45.284439],[-111.434709,45.284253],[-111.434539,45.284077],[-111.434268,45.283943],[-111.433224,45.283597]]}},{"id":"('way', 261246280)","type":"Feature","properties":{"aerialway":null,"piste:type":"downhill","piste:difficulty":"intermediate","name":"Morningstar","base_elevation":1275},"geometry":{"type":"LineString","coordinates":[[-111.443773,45.280148],[-111.443928,45.28025],[-111.444014,45.280325],[-111.443984,45.280416],[-111.443786,45.280515],[-111.443595,45.28058],[-111.443207,45.280724],[-111.44272,45.280867],[-111.442049,45.281062],[-111.441701,45.281289],[-111.441092,45.28145],[-111.440426,45.281499],[-111.43982,45.28143],[-111.438608,45.281238],[-111.437683,45.281165],[-111.437364,45.281123],[-111.437051,45.28111],[-111.436751,45.281097],[-111.436096,45.281002],[-111.435659,45.280887],[-111.435375,45.280786],[-111.434533,45.280525],[-111.434236,45.280353],[-111.434104,45.280227],[-111.433269,45.279038],[-111.433249,45.278931],[-111.433354,45.278793],[-111.433464,45.278723],[-111.433653,45.27868]]}},{"id":"('way', 261246281)","type":"Feature","properties":{"aerialway":null,"piste:type":"downhill","piste:difficulty":"advanced","name":"Dead Top","base_elevation":1224},"geometry":{"type":"LineString","coordinates":[[-111.435659,45.280887],[-111.435407,45.281082],[-111.435129,45.281275],[-111.434717,45.281472],[-111.434299,45.281628],[-111.434165,45.28166],[-111.43349,45.281823],[-111.432866,45.282004],[-111.432473,45.282055],[-111.432059,45.282068],[-111.431199,45.281959],[-111.430078,45.282014]]}},{"id":"('way', 261246282)","type":"Feature","properties":{"aerialway":null,"piste:type":"downhill","piste:difficulty":"advanced","name":"Gun Mount","base_elevation":1220},"geometry":{"type":"LineString","coordinates":[[-111.434236,45.280353],[-111.433718,45.280348],[-111.433331,45.280438],[-111.432566,45.280679],[-111.431925,45.280869],[-111.431182,45.281321],[-111.430912,45.28144],[-111.430433,45.281604]]}},{"id":"('way', 261246283)","type":"Feature","properties":{"aerialway":null,"piste:type":"downhill","piste:difficulty":"extreme","name":"Big Couloir","base_elevation":1529},"geometry":{"type":"LineString","coordinates":[[-111.450919,45.279188],[-111.450624,45.27915],[-111.45044,45.27916],[-111.450256,45.27919],[-111.44998,45.279195],[-111.449746,45.27918],[-111.449527,45.27915],[-111.449321,45.279125],[-111.449045,45.279125],[-111.448826,45.2792],[-111.448621,45.27931],[-111.448415,45.279404],[-111.448217,45.279474],[-111.448033,45.279514],[-111.447771,45.279554],[-111.447545,45.279599],[-111.447339,45.279629],[-111.446964,45.279728],[-111.446582,45.279922],[-111.446299,45.280147],[-111.445887,45.280343],[-111.445023,45.280429],[-111.443987,45.280396]]}},{"id":"('way', 261246284)","type":"Feature","properties":{"aerialway":null,"piste:type":"downhill","piste:difficulty":"advanced","name":"Yeti Traverse","base_elevation":1828},"geometry":{"type":"LineString","coordinates":[[-111.45056,45.278283],[-111.45054,45.278197],[-111.450517,45.278151],[-111.450364,45.278035],[-111.450277,45.277979],[-111.450261,45.277941],[-111.450273,45.277914],[-111.450298,45.277899],[-111.450463,45.277845],[-111.450674,45.277789],[-111.450696,45.277771],[-111.450706,45.277757],[-111.450701,45.27775],[-111.45068,45.277742],[-111.450087,45.277696],[-111.45005,45.277684],[-111.450053,45.27766],[-111.450111,45.277638],[-111.450192,45.277622],[-111.450666,45.277498],[-111.450867,45.277439],[-111.451077,45.2774],[-111.451288,45.277353],[-111.451474,45.277309],[-111.452163,45.27712],[-111.452251,45.277096],[-111.452267,45.27707],[-111.452233,45.277057],[-111.451904,45.277064],[-111.451247,45.277041],[-111.4509,45.277005],[-111.450463,45.27698],[-111.450307,45.276978],[-111.450278,45.276967],[-111.45031,45.27695],[-111.450486,45.276907],[-111.450773,45.27688],[-111.450881,45.27686],[-111.451233,45.276798],[-111.451556,45.27675],[-111.451615,45.27674],[-111.451613,45.276709],[-111.451545,45.276638],[-111.45148,45.276592],[-111.451417,45.276578],[-111.451282,45.276549],[-111.451008,45.276521],[-111.450856,45.276518],[-111.450767,45.276508],[-111.450554,45.27649],[-111.450429,45.276485],[-111.450259,45.27651],[-111.449934,45.276601],[-111.449821,45.276639],[-111.449718,45.27669],[-111.449467,45.276785],[-111.44919,45.276876],[-111.449081,45.276921],[-111.448917,45.277021],[-111.448661,45.277129],[-111.448579,45.277142],[-111.448435,45.277158],[-111.448306,45.277178],[-111.448148,45.277241],[-111.44803,45.277334],[-111.447909,45.277463],[-111.447857,45.277538]]}},{"id":"('way', 261246285)","type":"Feature","properties":{"aerialway":null,"piste:type":"downhill","piste:difficulty":"extreme","name":"Otter Slide","base_elevation":1868},"geometry":{"type":"LineString","coordinates":[[-111.45005,45.277684],[-111.449998,45.277688],[-111.44981,45.277683],[-111.449681,45.277646],[-111.449528,45.277587],[-111.449346,45.277481],[-111.448917,45.277021]]}},{"id":"('way', 261246287)","type":"Feature","properties":{"aerialway":null,"piste:type":"downhill","piste:difficulty":"expert","name":"The Gullies Traverse","base_elevation":1696},"geometry":{"type":"LineString","coordinates":[[-111.446897,45.277151],[-111.446443,45.277269],[-111.446297,45.277339],[-111.446189,45.277417],[-111.446149,45.277476],[-111.446122,45.277532],[-111.446108,45.277647],[-111.446102,45.277692],[-111.446084,45.277848],[-111.44614,45.278024],[-111.446202,45.278189],[-111.446346,45.278428]]}},{"id":"('way', 261246288)","type":"Feature","properties":{"aerialway":null,"piste:type":"downhill","piste:difficulty":"expert","name":"Marx","base_elevation":1478},"geometry":{"type":"LineString","coordinates":[[-111.448956,45.277539],[-111.448604,45.277512],[-111.448485,45.277529],[-111.448355,45.27759],[-111.448272,45.277681],[-111.448227,45.277698],[-111.448153,45.277688],[-111.447857,45.277538],[-111.446897,45.277151],[-111.446572,45.276971],[-111.44621,45.276777],[-111.445669,45.276443],[-111.445213,45.276125],[-111.44487,45.275877],[-111.444595,45.275596],[-111.444412,45.275395],[-111.444067,45.274911],[-111.443759,45.274479],[-111.443312,45.273953],[-111.442963,45.273747],[-111.442301,45.273601]]}},{"id":"('way', 261246290)","type":"Feature","properties":{"aerialway":null,"piste:type":"downhill","piste:difficulty":"expert","name":"1st Gully","base_elevation":1511},"geometry":{"type":"LineString","coordinates":[[-111.446346,45.278428],[-111.445677,45.278619],[-111.445382,45.278684],[-111.445055,45.278771],[-111.444734,45.278884],[-111.444291,45.278979],[-111.443159,45.279176]]}},{"id":"('way', 261246291)","type":"Feature","properties":{"aerialway":null,"piste:type":"downhill","piste:difficulty":"expert","name":"2nd Gully","base_elevation":1515},"geometry":{"type":"LineString","coordinates":[[-111.44614,45.278024],[-111.445851,45.278131],[-111.445449,45.278244],[-111.44509,45.278353],[-111.444655,45.27847],[-111.444253,45.278527],[-111.444129,45.278538],[-111.44306,45.278739]]}},{"id":"('way', 261246292)","type":"Feature","properties":{"aerialway":null,"piste:type":"downhill","piste:difficulty":"expert","name":"3rd Gully","base_elevation":1520},"geometry":{"type":"LineString","coordinates":[[-111.446102,45.277692],[-111.445835,45.27778],[-111.445519,45.277881],[-111.445503,45.277893],[-111.445025,45.278066],[-111.445036,45.278066],[-111.444521,45.278225],[-111.444473,45.278229],[-111.444076,45.278334],[-111.443883,45.278365],[-111.44293,45.278545]]}},{"id":"('way', 261246293)","type":"Feature","properties":{"aerialway":null,"piste:type":"downhill","piste:difficulty":"extreme","name":"4th Gully","base_elevation":1498},"geometry":{"type":"LineString","coordinates":[[-111.44539,45.277508],[-111.445041,45.277625],[-111.444735,45.277712],[-111.444408,45.277817],[-111.444076,45.277927],[-111.443834,45.278021],[-111.442805,45.278382]]}},{"id":"('way', 261246294)","type":"Feature","properties":{"aerialway":null,"piste:type":"downhill","piste:difficulty":"extreme","name":"5th Gully","base_elevation":1504},"geometry":{"type":"LineString","coordinates":[[-111.444958,45.277328],[-111.444776,45.277381],[-111.443825,45.277773],[-111.443537,45.277887],[-111.442689,45.278164]]}},{"id":"('way', 261246295)","type":"Feature","properties":{"aerialway":null,"piste:type":"downhill","piste:difficulty":"extreme","name":"6th Gully","base_elevation":1513},"geometry":{"type":"LineString","coordinates":[[-111.444627,45.277092],[-111.443757,45.277439],[-111.443444,45.277576],[-111.443056,45.277756],[-111.442527,45.27801]]}},{"id":"('way', 261246297)","type":"Feature","properties":{"aerialway":null,"piste:type":"downhill","piste:difficulty":"advanced","name":"Dakota Gully","base_elevation":1217},"geometry":{"type":"LineString","coordinates":[[-111.455188,45.270641],[-111.45515,45.270414],[-111.455101,45.270215],[-111.455058,45.269946],[-111.455101,45.269672],[-111.455143,45.269408],[-111.455143,45.269258],[-111.4552,45.268904],[-111.455221,45.268655],[-111.455242,45.268486],[-111.45527,45.268247],[-111.455341,45.267933],[-111.455426,45.267644],[-111.455504,45.26739],[-111.455582,45.267101],[-111.455638,45.266782],[-111.455709,45.266603],[-111.455815,45.266224],[-111.455815,45.266204],[-111.455837,45.265965],[-111.455893,45.265696],[-111.455992,45.265457],[-111.456106,45.265158],[-111.456148,45.264969],[-111.456176,45.264789],[-111.456155,45.264711]]}},{"id":"('way', 261246299)","type":"Feature","properties":{"aerialway":null,"piste:type":"downhill","piste:difficulty":"intermediate","name":"Hippy Highway","base_elevation":1010},"geometry":{"type":"LineString","coordinates":[[-111.454699,45.263958],[-111.454367,45.263842],[-111.453996,45.263644],[-111.453734,45.263559],[-111.45343,45.263395],[-111.453069,45.26321],[-111.452673,45.263051],[-111.452438,45.262954],[-111.452333,45.262911],[-111.451929,45.262792],[-111.45154,45.262682],[-111.451414,45.262634],[-111.451278,45.262583],[-111.450903,45.262418],[-111.450457,45.262229],[-111.449976,45.262114],[-111.449678,45.262049],[-111.449339,45.261995],[-111.448971,45.261965],[-111.44856,45.261935],[-111.448093,45.26197],[-111.447852,45.261985],[-111.447463,45.262044],[-111.447074,45.262044],[-111.446684,45.262029],[-111.44638,45.261995],[-111.446153,45.26199],[-111.445849,45.261965],[-111.445587,45.261965],[-111.445361,45.261995],[-111.445056,45.262089],[-111.444745,45.262174],[-111.44449,45.262154],[-111.444348,45.262049],[-111.444285,45.26194],[-111.444221,45.261825],[-111.444157,45.261701],[-111.443959,45.261631],[-111.443697,45.261601],[-111.443394,45.261587],[-111.443088,45.261631],[-111.442834,45.261601],[-111.442621,45.261651],[-111.442508,45.261755],[-111.442395,45.26186],[-111.442206,45.262023],[-111.442119,45.262072],[-111.442061,45.262091],[-111.441991,45.262112],[-111.441906,45.262104],[-111.441814,45.262065],[-111.441735,45.262012],[-111.441712,45.261949],[-111.441716,45.261902],[-111.441756,45.261837],[-111.44182,45.26173],[-111.441859,45.261643],[-111.441882,45.261539],[-111.441892,45.261484],[-111.441884,45.26139],[-111.441856,45.261288],[-111.441778,45.261236],[-111.441701,45.261186],[-111.441576,45.261147],[-111.441404,45.261148],[-111.441184,45.261153],[-111.440922,45.261217],[-111.440753,45.261312],[-111.440533,45.261427],[-111.440384,45.261521],[-111.440222,45.261661],[-111.44008,45.261785],[-111.439896,45.261975],[-111.43967,45.262144],[-111.439493,45.262159],[-111.439252,45.262144],[-111.439046,45.262137],[-111.438792,45.262119],[-111.438388,45.262139],[-111.438155,45.262064],[-111.437843,45.261885],[-111.43761,45.261686],[-111.437468,45.261476],[-111.437397,45.261322],[-111.437313,45.261167],[-111.437163,45.261069],[-111.437066,45.261049],[-111.436998,45.261061]]}},{"id":"('way', 261250403)","type":"Feature","properties":{"aerialway":null,"piste:type":"downhill","piste:difficulty":"intermediate","name":"Dakota Road","base_elevation":1141},"geometry":{"type":"LineString","coordinates":[[-111.453932,45.264879],[-111.453536,45.264705],[-111.453303,45.264481],[-111.453168,45.264316],[-111.452878,45.264127],[-111.452602,45.263913],[-111.452468,45.263829],[-111.452227,45.263678],[-111.451795,45.26339],[-111.451292,45.26312],[-111.450917,45.262936],[-111.450849,45.262912],[-111.450478,45.262777],[-111.450188,45.262727],[-111.449898,45.262652],[-111.449643,45.262528],[-111.449367,45.262398],[-111.449048,45.262279],[-111.448836,45.262214],[-111.448546,45.262194],[-111.448241,45.262199],[-111.447951,45.262199],[-111.447668,45.262204],[-111.447435,45.262194],[-111.447208,45.262229],[-111.446918,45.262274],[-111.446684,45.262239],[-111.446458,45.262144],[-111.446153,45.26199]]}},{"id":"('way', 261250405)","type":"Feature","properties":{"aerialway":null,"piste:type":"downhill","piste:difficulty":"advanced","name":"Screaming Left","base_elevation":1325},"geometry":{"type":"LineString","coordinates":[[-111.451859,45.270743],[-111.451554,45.270708],[-111.451291,45.270633],[-111.451099,45.270473],[-111.450564,45.269715],[-111.450433,45.269574],[-111.450035,45.269228],[-111.448518,45.268153],[-111.448398,45.26812],[-111.448278,45.268115],[-111.448169,45.268141],[-111.448097,45.268187],[-111.447937,45.268353],[-111.447615,45.268845],[-111.447519,45.268909],[-111.447464,45.268942],[-111.447317,45.268962],[-111.447237,45.268954],[-111.445702,45.268978]]}},{"id":"('way', 261250407)","type":"Feature","properties":{"aerialway":null,"piste:type":"downhill","piste:difficulty":"intermediate","name":"Sunlight","base_elevation":1109},"geometry":{"type":"LineString","coordinates":[[-111.445407,45.267965],[-111.445379,45.26735],[-111.445381,45.267298],[-111.445385,45.267147],[-111.445348,45.266942],[-111.445261,45.266812],[-111.445101,45.266573],[-111.444958,45.266359],[-111.4446,45.265924],[-111.44408,45.2655],[-111.443917,45.265123],[-111.44388,45.264955],[-111.443787,45.264527],[-111.443738,45.264024],[-111.443673,45.263566],[-111.443657,45.263131],[-111.443689,45.262776],[-111.443722,45.262261],[-111.443705,45.261884],[-111.443697,45.261601]]}},{"id":"('way', 261250408)","type":"Feature","properties":{"aerialway":null,"piste:type":"downhill","piste:difficulty":"intermediate","name":"Upper Sunlight","base_elevation":1286},"geometry":{"type":"LineString","coordinates":[[-111.443946,45.272923],[-111.444185,45.272753],[-111.444319,45.272691],[-111.444565,45.27263],[-111.444922,45.272552],[-111.445128,45.27252],[-111.445438,45.272466],[-111.445603,45.272414],[-111.445936,45.272291],[-111.446196,45.272195],[-111.446405,45.272102],[-111.446677,45.271982],[-111.446724,45.27189],[-111.446718,45.271801],[-111.446657,45.27141],[-111.446408,45.270499],[-111.446154,45.269869],[-111.446021,45.269542],[-111.445756,45.269134],[-111.445702,45.268978],[-111.445582,45.268706],[-111.445478,45.268346],[-111.445407,45.267965]]}},{"id":"('way', 261250409)","type":"Feature","properties":{"aerialway":null,"piste:type":"downhill","piste:difficulty":"intermediate","name":"Duck Walk","base_elevation":1344},"geometry":{"type":"LineString","coordinates":[[-111.443882,45.27279],[-111.443946,45.272923],[-111.443789,45.273027],[-111.443618,45.273124],[-111.44355,45.273167],[-111.44342,45.273222],[-111.443234,45.273275],[-111.442937,45.273349],[-111.44276,45.273408],[-111.442611,45.273462],[-111.442482,45.273524],[-111.442301,45.273601],[-111.44221,45.27363],[-111.442057,45.273653],[-111.441729,45.273713],[-111.441443,45.273767],[-111.441274,45.273809],[-111.44113,45.27385],[-111.440981,45.273897],[-111.440878,45.273919],[-111.440716,45.273937],[-111.44041,45.273973],[-111.440124,45.273995],[-111.440005,45.274007],[-111.439787,45.274029],[-111.439541,45.274041],[-111.439253,45.274049],[-111.439057,45.274043],[-111.438864,45.274018],[-111.438655,45.273978],[-111.438378,45.273906],[-111.438271,45.273862],[-111.437937,45.273723],[-111.437568,45.273569],[-111.437373,45.273501],[-111.43684,45.273285],[-111.43651,45.273159],[-111.436147,45.273043],[-111.435871,45.272916],[-111.435768,45.272881],[-111.435684,45.272878],[-111.43561,45.272879],[-111.435511,45.272903],[-111.435333,45.272994],[-111.43505,45.273167],[-111.434786,45.27328],[-111.434497,45.273388],[-111.434225,45.273473],[-111.433935,45.273569],[-111.433567,45.273709],[-111.433254,45.273854],[-111.432902,45.27404],[-111.43281,45.274097],[-111.432692,45.274254],[-111.432577,45.274406],[-111.432499,45.274525],[-111.432445,45.274631],[-111.43237,45.274752],[-111.432306,45.27493],[-111.432235,45.275075],[-111.432184,45.275187],[-111.43213,45.275343],[-111.432084,45.275474]]}},{"id":"('way', 261250410)","type":"Feature","properties":{"aerialway":null,"piste:type":"downhill","piste:difficulty":"intermediate","name":"Skittles Road","base_elevation":1035},"geometry":{"type":"LineString","coordinates":[[-111.445582,45.268706],[-111.444846,45.268716],[-111.444717,45.26873],[-111.444583,45.268788],[-111.44439,45.268827],[-111.444265,45.268816],[-111.444135,45.268774],[-111.443955,45.268684],[-111.443805,45.268589],[-111.443685,45.268488],[-111.443556,45.268286],[-111.443435,45.268151],[-111.443263,45.268003],[-111.443085,45.267893],[-111.442778,45.267823],[-111.44255,45.267798],[-111.442464,45.267805],[-111.442353,45.267838],[-111.44221,45.267882],[-111.441904,45.267996],[-111.441776,45.268024],[-111.441581,45.268058],[-111.441385,45.268085],[-111.441095,45.268128],[-111.440866,45.268148],[-111.440682,45.268163],[-111.440516,45.26816],[-111.440232,45.268134],[-111.43996,45.268097],[-111.439853,45.268077],[-111.439708,45.268029],[-111.43955,45.267967],[-111.439415,45.267877],[-111.439269,45.267758],[-111.439193,45.267716],[-111.439079,45.267682],[-111.439,45.267676],[-111.438668,45.267737],[-111.438251,45.267806],[-111.437703,45.267881],[-111.437365,45.267931],[-111.437063,45.26798],[-111.436846,45.268021],[-111.436715,45.268053],[-111.43647,45.268121],[-111.436262,45.268191],[-111.436019,45.268276],[-111.43582,45.268361],[-111.435579,45.268473],[-111.435335,45.268592],[-111.435163,45.268655],[-111.434844,45.268748],[-111.434496,45.268851],[-111.434423,45.268876],[-111.434383,45.26889],[-111.434291,45.26894],[-111.434027,45.269154],[-111.433846,45.269315],[-111.433737,45.269399],[-111.433455,45.269622],[-111.433233,45.269814],[-111.433134,45.26988],[-111.43302,45.269941],[-111.432902,45.269978],[-111.43276,45.270032],[-111.432528,45.270163],[-111.432311,45.270295],[-111.432153,45.270375],[-111.431635,45.270582],[-111.431533,45.27063],[-111.431218,45.270819],[-111.431105,45.270915],[-111.430914,45.271069],[-111.430658,45.271284],[-111.43055,45.271357],[-111.430445,45.271423],[-111.430294,45.271496],[-111.430211,45.271537],[-111.430015,45.271631],[-111.42989,45.271677],[-111.429772,45.271701],[-111.429653,45.271692],[-111.429556,45.271669],[-111.429423,45.27162],[-111.429211,45.27153],[-111.428856,45.271342],[-111.428737,45.271282],[-111.428659,45.271251],[-111.42855,45.271223],[-111.428418,45.271201],[-111.428141,45.271174],[-111.427978,45.271158],[-111.427781,45.271126],[-111.427634,45.271096],[-111.427316,45.271057],[-111.427127,45.271022],[-111.426952,45.270961],[-111.426782,45.270874],[-111.426479,45.270707],[-111.426307,45.270623],[-111.426069,45.270545],[-111.425667,45.270398],[-111.425452,45.270317],[-111.425255,45.270274],[-111.425122,45.270271],[-111.424948,45.270281],[-111.424745,45.270321],[-111.42456,45.270372],[-111.424315,45.270455],[-111.424111,45.270545],[-111.423725,45.270665],[-111.423435,45.270703],[-111.423231,45.270627],[-111.423049,45.270582],[-111.422716,45.270597],[-111.422469,45.270688],[-111.422233,45.270786],[-111.421965,45.270801],[-111.421665,45.270771],[-111.421289,45.270677],[-111.421137,45.270552],[-111.420956,45.27032],[-111.420569,45.269931],[-111.42038,45.269747],[-111.42018,45.269587],[-111.420016,45.26945],[-111.419881,45.26937],[-111.419726,45.269269],[-111.419641,45.269225],[-111.419573,45.2692],[-111.419474,45.269179],[-111.419252,45.269145],[-111.419169,45.269122],[-111.419106,45.269098],[-111.419059,45.26906],[-111.418971,45.268957],[-111.418829,45.268852],[-111.418745,45.268768],[-111.418625,45.268542],[-111.41849,45.268383],[-111.41846,45.268357],[-111.418403,45.26834],[-111.418348,45.268337],[-111.418279,45.26834],[-111.41824,45.268366],[-111.418206,45.268591],[-111.418197,45.268839],[-111.418224,45.268997],[-111.418356,45.269306],[-111.41838,45.269404],[-111.418367,45.269496],[-111.418283,45.269669],[-111.418109,45.270028]]}},{"id":"('way', 261250411)","type":"Feature","properties":{"aerialway":null,"piste:type":"downhill","piste:difficulty":"intermediate","name":"Cow Flats","base_elevation":1010},"geometry":{"type":"LineString","coordinates":[[-111.427249,45.276418],[-111.427237,45.276178],[-111.427196,45.276024],[-111.427188,45.275796],[-111.427274,45.275475],[-111.42734,45.275093],[-111.427348,45.274703],[-111.427447,45.274278],[-111.427447,45.273914],[-111.427903,45.273289],[-111.428155,45.272995],[-111.428506,45.272715],[-111.428814,45.272551],[-111.429116,45.272438],[-111.429478,45.272351],[-111.429745,45.272221],[-111.42993,45.272068],[-111.429966,45.272039],[-111.430127,45.271872],[-111.430325,45.271637],[-111.43038,45.271581],[-111.43042,45.271498],[-111.430445,45.271423],[-111.430639,45.271031],[-111.430956,45.270722],[-111.43108,45.270605],[-111.431163,45.270506],[-111.431211,45.270422],[-111.431226,45.270333],[-111.431205,45.270242],[-111.431132,45.270122],[-111.431042,45.26997],[-111.431007,45.269859],[-111.430985,45.269713],[-111.431022,45.269599],[-111.43108,45.269536],[-111.431193,45.269458],[-111.431403,45.269334],[-111.431834,45.269213],[-111.43213,45.269031],[-111.432196,45.268956],[-111.432315,45.268823],[-111.432563,45.268597],[-111.432697,45.268476],[-111.432918,45.268094],[-111.433128,45.267799],[-111.433374,45.267461],[-111.43346,45.26719],[-111.433498,45.267071],[-111.433732,45.266689],[-111.433941,45.266411],[-111.434015,45.266221],[-111.434069,45.266022],[-111.434102,45.2659],[-111.434397,45.265614],[-111.434829,45.265275],[-111.435211,45.264972],[-111.435334,45.264633],[-111.435445,45.264347],[-111.435507,45.264278],[-111.435913,45.263844],[-111.435991,45.263688],[-111.43616,45.263349],[-111.436357,45.263046],[-111.436468,45.262742],[-111.436468,45.262335],[-111.436489,45.262281],[-111.436579,45.262048],[-111.436751,45.261519],[-111.436884,45.261108],[-111.436998,45.261061]]}},{"id":"('way', 261250414)","type":"Feature","properties":{"aerialway":null,"piste:type":"downhill","piste:difficulty":"advanced","name":"Yellow Mule","base_elevation":1065},"geometry":{"type":"LineString","coordinates":[[-111.44355,45.273167],[-111.443226,45.272816],[-111.443,45.272697],[-111.442941,45.272648],[-111.442751,45.272447],[-111.442585,45.272346],[-111.442208,45.27218],[-111.441781,45.271966],[-111.441617,45.271842],[-111.441497,45.271734],[-111.441398,45.271613],[-111.441314,45.271416],[-111.441246,45.271229],[-111.441151,45.270991],[-111.440936,45.270756],[-111.440672,45.270584],[-111.440411,45.27043],[-111.4401,45.270191],[-111.439954,45.270055],[-111.439894,45.269942],[-111.439832,45.269629],[-111.439771,45.269265],[-111.439721,45.268901],[-111.439684,45.268528],[-111.439721,45.268268],[-111.439708,45.268029],[-111.439611,45.267713],[-111.439475,45.267461],[-111.439228,45.267209],[-111.43892,45.267045],[-111.438526,45.266863],[-111.438255,45.266672],[-111.43791,45.266368],[-111.43775,45.266169],[-111.43765,45.265999],[-111.437552,45.265804],[-111.437294,45.265509],[-111.436973,45.265189],[-111.436653,45.264946],[-111.436489,45.264735],[-111.436383,45.264508],[-111.436246,45.264178],[-111.435991,45.263688]]}},{"id":"('way', 261250416)","type":"Feature","properties":{"aerialway":null,"piste:type":"downhill","piste:difficulty":"advanced","name":"Larkspur","base_elevation":1171},"geometry":{"type":"LineString","coordinates":[[-111.444185,45.272753],[-111.443559,45.2723],[-111.443426,45.272156],[-111.442134,45.270001],[-111.442103,45.269893],[-111.442125,45.269716],[-111.442177,45.269484],[-111.442292,45.269135],[-111.442368,45.268797],[-111.442334,45.268415],[-111.44226,45.268146],[-111.44221,45.267882],[-111.442112,45.267669],[-111.441952,45.2674],[-111.441804,45.267123],[-111.441632,45.266845],[-111.441324,45.266464],[-111.441114,45.266177],[-111.440917,45.265917],[-111.440855,45.265674],[-111.44072,45.265362],[-111.440484,45.265184],[-111.440387,45.26511],[-111.440017,45.264963],[-111.439558,45.264777]]}},{"id":"('way', 261250421)","type":"Feature","properties":{"aerialway":null,"piste:type":"downhill","piste:difficulty":"advanced","name":"Paradise","base_elevation":1213},"geometry":{"type":"LineString","coordinates":[[-111.43281,45.274097],[-111.432368,45.273889],[-111.431808,45.27364],[-111.431135,45.273377],[-111.430649,45.273101],[-111.430182,45.272759],[-111.42984,45.272427],[-111.429745,45.272221]]}},{"id":"('way', 261271486)","type":"Feature","properties":{"aerialway":null,"piste:type":"downhill","piste:difficulty":"advanced","name":"Runaway","base_elevation":1002},"geometry":{"type":"LineString","coordinates":[[-111.435239,45.288642],[-111.435338,45.28941],[-111.435452,45.290162],[-111.435861,45.290535],[-111.436055,45.29102],[-111.43607,45.291273],[-111.436107,45.291588],[-111.436014,45.291943],[-111.436014,45.292311],[-111.436051,45.292732],[-111.436107,45.293086],[-111.436251,45.293404],[-111.436265,45.293459],[-111.436201,45.29373],[-111.436163,45.294098],[-111.436033,45.294532],[-111.435827,45.295491],[-111.43579,45.295885],[-111.435696,45.296227],[-111.43558,45.296555]]}},{"id":"('way', 261271487)","type":"Feature","properties":{"aerialway":null,"piste:type":"downhill","piste:difficulty":"intermediate","name":"Park Avenue","base_elevation":982},"geometry":{"type":"LineString","coordinates":[[-111.43366,45.295163],[-111.433922,45.29553],[-111.434295,45.295898],[-111.434557,45.296069],[-111.434968,45.296188],[-111.435267,45.296293],[-111.43558,45.296555],[-111.435567,45.296686],[-111.435387,45.297305],[-111.435358,45.297503]]}},{"id":"('way', 261271488)","type":"Feature","properties":{"aerialway":null,"piste:type":"downhill","piste:difficulty":"advanced","name":"Elkhorn","base_elevation":1000},"geometry":{"type":"LineString","coordinates":[[-111.433569,45.290703],[-111.433418,45.291076],[-111.43338,45.291246],[-111.433378,45.291397],[-111.433444,45.291509],[-111.433642,45.291628],[-111.433728,45.29175],[-111.433754,45.291785],[-111.433791,45.291996],[-111.433799,45.292059],[-111.43381,45.292153],[-111.434165,45.292298],[-111.434445,45.292495],[-111.43452,45.292797],[-111.434501,45.293191],[-111.434464,45.293573],[-111.434273,45.294064],[-111.434238,45.294144],[-111.43409,45.294571],[-111.433877,45.294864],[-111.43366,45.295163],[-111.433492,45.295544],[-111.433219,45.295781],[-111.433081,45.296095],[-111.433066,45.296281],[-111.433044,45.296542],[-111.432894,45.29691],[-111.432843,45.297208],[-111.432814,45.297434],[-111.432864,45.297854]]}},{"id":"('way', 261271489)","type":"Feature","properties":{"aerialway":null,"piste:type":"downhill","piste:difficulty":"intermediate","name":"Elkhorn","base_elevation":764},"geometry":{"type":"LineString","coordinates":[[-111.432864,45.297854],[-111.432951,45.298172],[-111.433029,45.298282],[-111.433225,45.298445],[-111.433496,45.298651],[-111.43366,45.298896],[-111.433717,45.299187],[-111.433772,45.299653],[-111.433851,45.299907],[-111.433863,45.300146],[-111.433856,45.300516],[-111.433885,45.300786],[-111.434015,45.301286],[-111.434165,45.301588],[-111.434239,45.301732],[-111.434251,45.301914],[-111.434258,45.302022],[-111.434109,45.3026],[-111.433828,45.303257],[-111.433754,45.303493],[-111.433772,45.304097],[-111.43338,45.304583],[-111.433418,45.305175],[-111.433586,45.306252],[-111.433828,45.306896],[-111.434109,45.307211],[-111.434404,45.307818],[-111.434549,45.307965],[-111.434968,45.308183],[-111.435846,45.308591]]}},{"id":"('way', 261271490)","type":"Feature","properties":{"aerialway":null,"piste:type":"downhill","piste:difficulty":"advanced","name":"Snakebite","base_elevation":1095},"geometry":{"type":"LineString","coordinates":[[-111.43381,45.292153],[-111.433803,45.292261],[-111.433791,45.292469],[-111.433716,45.292784],[-111.433511,45.293086],[-111.433323,45.293361],[-111.433151,45.293538],[-111.432876,45.29373],[-111.432435,45.293936]]}},{"id":"('way', 261271491)","type":"Feature","properties":{"aerialway":null,"piste:type":"downhill","piste:difficulty":"intermediate","name":"Stillwater Traverse","base_elevation":1126},"geometry":{"type":"LineString","coordinates":[[-111.436913,45.288204],[-111.437104,45.288191],[-111.437227,45.288155],[-111.437272,45.288118],[-111.437355,45.288022],[-111.43743,45.287912],[-111.437529,45.287693],[-111.437561,45.287605],[-111.437673,45.287508],[-111.43777,45.287477],[-111.437888,45.287444],[-111.438049,45.287426],[-111.438205,45.2874],[-111.438479,45.287366],[-111.438614,45.287348],[-111.438764,45.287362],[-111.439185,45.287454],[-111.439342,45.28747],[-111.439563,45.287497],[-111.439732,45.287514],[-111.439836,45.287524],[-111.440035,45.287591],[-111.440138,45.287712],[-111.440162,45.287833],[-111.440174,45.287932],[-111.440211,45.288076],[-111.440387,45.288278],[-111.440567,45.288393],[-111.440657,45.28845],[-111.440756,45.28859],[-111.440753,45.28871],[-111.440749,45.288879],[-111.440711,45.289048],[-111.440574,45.289331],[-111.440435,45.289523],[-111.440111,45.289863],[-111.439784,45.290322],[-111.439684,45.290448],[-111.439661,45.290535],[-111.439676,45.290624],[-111.439723,45.290715],[-111.439824,45.290809],[-111.439918,45.290951],[-111.43991,45.291047],[-111.439862,45.291135],[-111.439734,45.291241],[-111.43973,45.291262],[-111.439766,45.291297],[-111.439796,45.291298],[-111.439859,45.29126]]}},{"id":"('way', 261271492)","type":"Feature","properties":{"aerialway":null,"piste:type":"downhill","piste:difficulty":"advanced","name":"Highline","base_elevation":1155},"geometry":{"type":"LineString","coordinates":[[-111.43546,45.288469],[-111.435566,45.288513],[-111.435602,45.288541],[-111.435663,45.288628],[-111.435736,45.288697],[-111.435866,45.288759],[-111.436004,45.288788],[-111.436466,45.288831],[-111.436833,45.288896],[-111.437453,45.289049],[-111.438069,45.289205],[-111.438439,45.289292],[-111.438803,45.289448],[-111.439079,45.289603]]}},{"id":"('way', 261271493)","type":"Feature","properties":{"aerialway":null,"piste:type":"downhill","piste:difficulty":"advanced","name":"Ram's Glade","base_elevation":1132},"geometry":{"type":"LineString","coordinates":[[-111.436376,45.289363],[-111.436719,45.289815],[-111.437084,45.290015],[-111.437465,45.290234],[-111.437875,45.290383],[-111.438157,45.290509],[-111.438484,45.290594],[-111.438865,45.290619],[-111.439034,45.290666],[-111.439265,45.290704],[-111.439508,45.290745]]}},{"id":"('way', 261271889)","type":"Feature","properties":{"aerialway":null,"piste:type":"downhill","piste:difficulty":"intermediate","name":"Meriwether","base_elevation":721},"geometry":{"type":"LineString","coordinates":[[-111.438614,45.287348],[-111.438594,45.287578],[-111.438661,45.287899],[-111.438836,45.288309],[-111.438924,45.288566],[-111.438941,45.289008],[-111.438924,45.289265],[-111.438959,45.289408],[-111.439079,45.289603],[-111.439236,45.28982],[-111.4393,45.289907],[-111.439458,45.290136],[-111.439684,45.290448],[-111.439508,45.290745],[-111.43946,45.290896],[-111.43944,45.29104],[-111.439444,45.291147],[-111.43947,45.291392],[-111.439501,45.291598],[-111.43953,45.291885],[-111.439542,45.292075],[-111.439546,45.292141],[-111.439622,45.292549],[-111.439589,45.292828],[-111.439504,45.293175],[-111.439418,45.293447],[-111.4393,45.293794],[-111.439214,45.294104],[-111.439106,45.294459],[-111.438946,45.294934],[-111.438935,45.29541],[-111.43887,45.295915],[-111.438978,45.29621],[-111.439192,45.296662],[-111.439236,45.296847],[-111.439347,45.297013],[-111.439471,45.2971],[-111.439879,45.297387],[-111.440308,45.297628],[-111.440448,45.297855],[-111.440421,45.298111],[-111.440415,45.298164],[-111.440393,45.298455],[-111.440319,45.298527],[-111.440147,45.29876],[-111.439922,45.299055],[-111.439697,45.299319],[-111.439654,45.299621],[-111.43975,45.2999],[-111.439911,45.300119],[-111.440061,45.300368],[-111.439954,45.300556],[-111.439782,45.300783],[-111.439707,45.300941],[-111.439613,45.301052],[-111.439546,45.30113],[-111.439453,45.301214],[-111.439344,45.301313],[-111.439278,45.301372],[-111.439224,45.301688],[-111.439332,45.301968],[-111.439345,45.302356],[-111.439274,45.302514],[-111.439235,45.302602],[-111.439042,45.302964],[-111.438806,45.303273],[-111.438645,45.303449],[-111.43851,45.303551],[-111.438249,45.3037],[-111.438044,45.303915],[-111.437819,45.304239],[-111.437551,45.304541],[-111.437261,45.304873],[-111.436961,45.30519],[-111.436735,45.305492],[-111.436539,45.305762],[-111.43636,45.305927],[-111.436005,45.306176],[-111.43578,45.306354],[-111.435699,45.30648],[-111.435652,45.306684],[-111.435586,45.307233],[-111.435566,45.307454],[-111.435616,45.307751],[-111.435593,45.307896],[-111.435508,45.308135],[-111.435551,45.308323],[-111.435846,45.308591],[-111.436028,45.308759],[-111.436212,45.30901],[-111.436295,45.309204],[-111.436435,45.3094],[-111.436727,45.309784],[-111.436779,45.309843],[-111.436931,45.310077],[-111.436936,45.310195],[-111.437057,45.310506],[-111.437181,45.310823],[-111.437358,45.31109],[-111.43746,45.311411],[-111.437465,45.311641],[-111.43737,45.312031]]}},{"id":"('way', 261280956)","type":"Feature","properties":{"aerialway":null,"piste:type":"downhill","piste:difficulty":"expert","name":"Lone Tree","base_elevation":1130},"geometry":{"type":"LineString","coordinates":[[-111.444602,45.288637],[-111.444479,45.288904],[-111.444242,45.289035],[-111.444011,45.289158],[-111.443604,45.289356],[-111.443142,45.289603],[-111.442711,45.289837],[-111.442319,45.290036],[-111.442082,45.290153],[-111.441515,45.290433],[-111.441316,45.290551],[-111.440902,45.290795],[-111.440816,45.290844],[-111.440631,45.290951],[-111.44036,45.291098],[-111.440076,45.291246],[-111.439928,45.291315],[-111.439859,45.29126]]}},{"id":"('way', 261280958)","type":"Feature","properties":{"aerialway":null,"piste:type":"downhill","piste:difficulty":"extreme","name":"Obsidian","base_elevation":1175},"geometry":{"type":"LineString","coordinates":[[-111.443745,45.287921],[-111.443133,45.288422],[-111.442971,45.28854],[-111.442688,45.28871],[-111.442368,45.288874],[-111.441986,45.289065],[-111.441004,45.289568]]}},{"id":"('way', 261280959)","type":"Feature","properties":{"aerialway":null,"piste:type":"downhill","piste:difficulty":"intermediate","name":"Horseshoe","base_elevation":711},"geometry":{"type":"LineString","coordinates":[[-111.444602,45.288637],[-111.44477,45.288595],[-111.444818,45.288583],[-111.445046,45.288577],[-111.445241,45.288589],[-111.44546,45.288623],[-111.445794,45.28868],[-111.446087,45.28868],[-111.446255,45.288643],[-111.446444,45.2886],[-111.446645,45.288581],[-111.446794,45.288566],[-111.447038,45.288606],[-111.447218,45.288654],[-111.44743,45.288779],[-111.447737,45.289012],[-111.447954,45.289319],[-111.448205,45.289442],[-111.448458,45.289578],[-111.449093,45.289814],[-111.449803,45.290235],[-111.450363,45.290682],[-111.450886,45.290879],[-111.451054,45.291181],[-111.451316,45.291457],[-111.451577,45.291891],[-111.451577,45.292285],[-111.451559,45.29266],[-111.451557,45.292871],[-111.451527,45.293074],[-111.451511,45.293194],[-111.45144,45.293354],[-111.451363,45.293529],[-111.451148,45.293991],[-111.451007,45.294333],[-111.451045,45.294477],[-111.451162,45.294602],[-111.451336,45.294726],[-111.45178,45.294892],[-111.452072,45.295043],[-111.452282,45.295231],[-111.452493,45.295767],[-111.452703,45.296323],[-111.452724,45.296507],[-111.452851,45.296781],[-111.453053,45.296989],[-111.453632,45.29741],[-111.454163,45.29787],[-111.454444,45.298216],[-111.454734,45.298737],[-111.455108,45.299433],[-111.4555,45.300038],[-111.455603,45.300209],[-111.455663,45.300462],[-111.455612,45.300655],[-111.455392,45.301003],[-111.455071,45.301496],[-111.454208,45.302405],[-111.454226,45.302743],[-111.454204,45.302939],[-111.454081,45.303204],[-111.453819,45.303585],[-111.45367,45.303966],[-111.453474,45.304552],[-111.453333,45.305044],[-111.453077,45.305496],[-111.452717,45.306029],[-111.452455,45.306305],[-111.452437,45.306646],[-111.45257,45.307049],[-111.452549,45.307225],[-111.452446,45.307366],[-111.452138,45.307446],[-111.451577,45.30729],[-111.45126,45.307172],[-111.450914,45.307108],[-111.450737,45.307172],[-111.450625,45.307343],[-111.450513,45.307658],[-111.450182,45.307713],[-111.449785,45.307723],[-111.449382,45.30782],[-111.449148,45.308042],[-111.449021,45.30829],[-111.448837,45.308681],[-111.448695,45.308858],[-111.448398,45.308977],[-111.448002,45.308938],[-111.447704,45.308778],[-111.447606,45.308754],[-111.447535,45.308737],[-111.447497,45.308727],[-111.447417,45.308727],[-111.447152,45.308858],[-111.446968,45.308977],[-111.446756,45.309127],[-111.446487,45.309236],[-111.446105,45.309371],[-111.445886,45.309375],[-111.445661,45.309397],[-111.445439,45.309475],[-111.44519,45.309656],[-111.444967,45.309854],[-111.444769,45.309913],[-111.444528,45.309934],[-111.444232,45.30991],[-111.443669,45.309912],[-111.443321,45.309946],[-111.443027,45.309967],[-111.442716,45.309976],[-111.442424,45.309993],[-111.442098,45.310192],[-111.441886,45.310371],[-111.441659,45.310541],[-111.441475,45.31071],[-111.441305,45.310869],[-111.441221,45.311019],[-111.441121,45.311158],[-111.440937,45.311347],[-111.440739,45.311486],[-111.440499,45.311705],[-111.440244,45.311895],[-111.439904,45.312024],[-111.439603,45.312147],[-111.439265,45.312282],[-111.438929,45.312315],[-111.438822,45.312295],[-111.438526,45.312238],[-111.438262,45.312157],[-111.438102,45.312099],[-111.438006,45.312064],[-111.43795,45.312048],[-111.437816,45.312011],[-111.43757,45.311989],[-111.43737,45.312031],[-111.43721,45.312187],[-111.437148,45.312219],[-111.437072,45.312222]]}},{"id":"('way', 261306934)","type":"Feature","properties":{"aerialway":null,"piste:type":"downhill","piste:difficulty":"intermediate","name":"Lookout Ridge","base_elevation":755},"geometry":{"type":"LineString","coordinates":[[-111.447218,45.288654],[-111.447158,45.288935],[-111.447061,45.289152],[-111.4468,45.289518],[-111.446661,45.289874],[-111.446638,45.290079],[-111.446605,45.290365],[-111.446475,45.290593],[-111.446153,45.290905],[-111.446146,45.290966],[-111.446134,45.291063],[-111.44602,45.291429],[-111.445982,45.291517],[-111.445922,45.291657],[-111.445825,45.291978],[-111.445825,45.292241],[-111.445828,45.292315],[-111.44583,45.292366],[-111.445836,45.292471],[-111.445841,45.292584],[-111.446004,45.293133],[-111.44615,45.293705],[-111.446296,45.29422],[-111.446573,45.294632],[-111.446686,45.295147],[-111.4468,45.295714],[-111.446947,45.296245],[-111.447028,45.296554],[-111.447093,45.297229],[-111.447112,45.297397],[-111.447134,45.297594],[-111.447142,45.297663],[-111.447402,45.298201],[-111.447532,45.298632],[-111.447785,45.299441],[-111.448053,45.299974],[-111.448144,45.300354],[-111.44838,45.300981],[-111.448287,45.301333],[-111.448174,45.301701],[-111.447922,45.302124],[-111.447846,45.30254],[-111.447825,45.302639],[-111.44763,45.303554],[-111.447581,45.30392],[-111.447369,45.304195],[-111.447061,45.304618],[-111.4468,45.305121],[-111.446556,45.305613],[-111.446068,45.306104],[-111.445629,45.30639],[-111.445239,45.306631],[-111.445207,45.306905],[-111.444898,45.307145],[-111.444605,45.307271],[-111.444426,45.307603],[-111.444426,45.307957],[-111.444328,45.308323],[-111.444003,45.308575],[-111.443646,45.308735],[-111.443406,45.308809],[-111.443215,45.309112],[-111.443007,45.309404],[-111.442914,45.30961],[-111.442424,45.309993]]}},{"id":"('way', 261306938)","type":"Feature","properties":{"aerialway":null,"piste:type":"downhill","piste:difficulty":"advanced","name":"Broken promise","base_elevation":895},"geometry":{"type":"LineString","coordinates":[[-111.447846,45.30254],[-111.44803,45.302717],[-111.448349,45.30319],[-111.448621,45.303705],[-111.448704,45.303938],[-111.448732,45.304173],[-111.448842,45.304772],[-111.448805,45.304924],[-111.448714,45.305047],[-111.448522,45.305283],[-111.44835,45.305456],[-111.448181,45.30556],[-111.447992,45.305647],[-111.447741,45.305642],[-111.447536,45.30556],[-111.447347,45.305565],[-111.447203,45.305631],[-111.44692,45.305658],[-111.446556,45.305613]]}},{"id":"('way', 261306940)","type":"Feature","properties":{"aerialway":null,"piste:type":"downhill","piste:difficulty":"advanced","name":"Double Jack","base_elevation":844},"geometry":{"type":"LineString","coordinates":[[-111.447027,45.298811],[-111.447049,45.299285],[-111.447035,45.299584],[-111.446908,45.300251],[-111.446752,45.300868],[-111.446497,45.301336],[-111.446087,45.301804],[-111.445563,45.302153],[-111.444982,45.302432],[-111.444572,45.302681],[-111.444133,45.302989],[-111.443737,45.303268],[-111.443723,45.303417],[-111.443921,45.303706],[-111.443993,45.303944],[-111.443995,45.304187],[-111.444062,45.304353],[-111.444013,45.304816],[-111.44397,45.305177],[-111.443949,45.305568],[-111.443935,45.305907],[-111.444045,45.306193],[-111.444317,45.306454],[-111.444459,45.306733]]}},{"id":"('way', 261306941)","type":"Feature","properties":{"aerialway":null,"piste:type":"downhill","piste:difficulty":"advanced","name":"Single Jack","base_elevation":822},"geometry":{"type":"LineString","coordinates":[[-111.447785,45.299441],[-111.447672,45.299853],[-111.447517,45.30049],[-111.447318,45.301107],[-111.447134,45.301665],[-111.446865,45.302342],[-111.446582,45.302929],[-111.446625,45.303268],[-111.446696,45.303547],[-111.446639,45.303786],[-111.446285,45.304055],[-111.445903,45.304483],[-111.44552,45.304941],[-111.445152,45.305459],[-111.444799,45.305877],[-111.444572,45.306365],[-111.444459,45.306733],[-111.444459,45.307072],[-111.444426,45.307603]]}},{"id":"('way', 261320240)","type":"Feature","properties":{"aerialway":null,"piste:type":"downhill","piste:difficulty":"intermediate","name":"Powder River","base_elevation":1129},"geometry":{"type":"LineString","coordinates":[[-111.43265,45.290321],[-111.432321,45.290652],[-111.432211,45.290798],[-111.432138,45.290907],[-111.431961,45.291148],[-111.43184,45.29145],[-111.431737,45.291805],[-111.431662,45.292041],[-111.431564,45.292571]]}},{"id":"('way', 261320241)","type":"Feature","properties":{"aerialway":null,"piste:type":"downhill","piste:difficulty":"intermediate","name":"Powder River","base_elevation":960},"geometry":{"type":"LineString","coordinates":[[-111.428547,45.294981],[-111.428076,45.295004],[-111.427861,45.295013],[-111.42774,45.295018],[-111.427329,45.295044],[-111.426469,45.295063],[-111.426074,45.29508],[-111.425703,45.295096],[-111.42505,45.295123],[-111.424368,45.295175],[-111.423649,45.295248],[-111.423266,45.295248],[-111.423189,45.29522],[-111.422967,45.295142],[-111.422668,45.294985],[-111.422472,45.294794],[-111.422308,45.294705],[-111.422069,45.294636],[-111.421738,45.294514],[-111.421648,45.294421],[-111.421801,45.294394],[-111.421953,45.294339]]}},{"id":"('way', 261320242)","type":"Feature","properties":{"aerialway":null,"piste:type":"downhill","piste:difficulty":"intermediate","name":"Riffle","base_elevation":970},"geometry":{"type":"LineString","coordinates":[[-111.425703,45.295096],[-111.425254,45.294873],[-111.42507,45.294679],[-111.424798,45.294386],[-111.424675,45.294242],[-111.424316,45.294033],[-111.424151,45.293936],[-111.423947,45.293793],[-111.423565,45.293568],[-111.423476,45.293504],[-111.423298,45.29342],[-111.423074,45.293382],[-111.422984,45.293385]]}},{"id":"('way', 261320243)","type":"Feature","properties":{"aerialway":null,"piste:type":"downhill","piste:difficulty":"easy","name":"Twin Tunnels","base_elevation":922},"geometry":{"type":"LineString","coordinates":[[-111.418549,45.289822],[-111.418432,45.289845],[-111.418341,45.289858],[-111.418073,45.289874],[-111.417845,45.28989],[-111.417708,45.289897],[-111.417611,45.28992],[-111.417546,45.289953],[-111.417497,45.289994],[-111.4174,45.290124],[-111.417167,45.290349],[-111.417035,45.290482],[-111.416914,45.290594],[-111.416521,45.290981],[-111.416375,45.29114],[-111.416274,45.291252],[-111.416245,45.291292],[-111.41622,45.291329],[-111.41608,45.291572],[-111.416049,45.291632],[-111.415967,45.291796],[-111.415832,45.29202],[-111.415747,45.292319],[-111.415769,45.292558],[-111.415946,45.292762],[-111.416107,45.292894],[-111.416198,45.292985],[-111.416286,45.293041],[-111.416392,45.293096],[-111.416774,45.29321],[-111.417071,45.293355],[-111.417213,45.293519],[-111.417234,45.293678],[-111.417227,45.293863],[-111.417227,45.294027],[-111.41722,45.294226],[-111.417269,45.294455]]}},{"id":"('way', 261320244)","type":"Feature","properties":{"aerialway":null,"piste:type":"downhill","piste:difficulty":"easy","name":"Diamond Hitch","base_elevation":925},"geometry":{"type":"LineString","coordinates":[[-111.420059,45.291177],[-111.41968,45.291368],[-111.419175,45.291545],[-111.418716,45.291771],[-111.418454,45.291965],[-111.418207,45.29225],[-111.418025,45.292457],[-111.417847,45.29271],[-111.417665,45.292993],[-111.417408,45.293315],[-111.417213,45.293519]]}},{"id":"('way', 261320490)","type":"Feature","properties":{"aerialway":null,"piste:type":"downhill","piste:difficulty":"easy","name":"Gambler","base_elevation":997},"geometry":{"type":"LineString","coordinates":[[-111.429009,45.296551],[-111.42883,45.296625],[-111.428591,45.296697],[-111.427999,45.296768],[-111.427772,45.296774],[-111.427447,45.296728],[-111.427179,45.296705],[-111.426884,45.296705],[-111.426567,45.296671],[-111.426293,45.296641],[-111.426063,45.296592],[-111.425773,45.296596],[-111.425473,45.296622],[-111.425269,45.29666],[-111.42492,45.296728],[-111.424706,45.296769],[-111.424475,45.296773],[-111.424309,45.296735],[-111.424158,45.296667],[-111.424046,45.296584],[-111.423944,45.296479],[-111.423853,45.296358],[-111.42374,45.296215],[-111.423611,45.296064],[-111.423525,45.295901],[-111.423466,45.295762],[-111.423407,45.295611],[-111.423305,45.295448],[-111.423236,45.295305],[-111.423189,45.29522]]}},{"id":"('way', 261320491)","type":"Feature","properties":{"aerialway":null,"piste:type":"downhill","piste:difficulty":"easy","name":"Bootlegger","base_elevation":987},"geometry":{"type":"LineString","coordinates":[[-111.424523,45.298486],[-111.42436,45.298507],[-111.424184,45.298503],[-111.423806,45.298363],[-111.423654,45.298291],[-111.423537,45.298189],[-111.423429,45.298058],[-111.423383,45.297969],[-111.423327,45.29768],[-111.423284,45.297513],[-111.42325,45.297418],[-111.423203,45.297325],[-111.423045,45.297102],[-111.422905,45.296896],[-111.422843,45.296781],[-111.422778,45.296642],[-111.422732,45.296473],[-111.422721,45.29641],[-111.422693,45.296287],[-111.422632,45.296156],[-111.422596,45.296063],[-111.422582,45.295993],[-111.422571,45.295803],[-111.422572,45.295687],[-111.422646,45.295475],[-111.422699,45.295313],[-111.422715,45.295142],[-111.422668,45.294985]]}},{"id":"('way', 261320492)","type":"Feature","properties":{"aerialway":null,"piste:type":"downhill","piste:difficulty":"easy","name":"Drover","base_elevation":926},"geometry":{"type":"LineString","coordinates":[[-111.424702,45.298911],[-111.424744,45.298987],[-111.424811,45.299035],[-111.425044,45.299129],[-111.425291,45.299272],[-111.425451,45.299385],[-111.425568,45.299563],[-111.425654,45.299701],[-111.425802,45.299788],[-111.426049,45.299836],[-111.426252,45.299875],[-111.426412,45.299875],[-111.426579,45.299823],[-111.426708,45.299766],[-111.426819,45.299762],[-111.426948,45.299775],[-111.427096,45.29981],[-111.427189,45.299871],[-111.427363,45.299971],[-111.42752,45.300169],[-111.427694,45.300438],[-111.427947,45.300716],[-111.428119,45.300915],[-111.428329,45.301102],[-111.428507,45.301206],[-111.428779,45.301388],[-111.428994,45.301535],[-111.429185,45.301665],[-111.429339,45.301821],[-111.429382,45.301986],[-111.429389,45.30212],[-111.429407,45.302224],[-111.429536,45.302302],[-111.429703,45.302424],[-111.4299,45.302654]]}},{"id":"('way', 261320493)","type":"Feature","properties":{"aerialway":null,"piste:type":"downhill","piste:difficulty":"easy","name":"Smithy","base_elevation":899},"geometry":{"type":"LineString","coordinates":[[-111.422377,45.298901],[-111.422358,45.298991],[-111.422327,45.29916],[-111.422265,45.299442],[-111.422339,45.299541],[-111.422583,45.299731],[-111.422791,45.299832],[-111.422996,45.299888],[-111.423213,45.299947],[-111.423319,45.300011],[-111.423603,45.300251],[-111.423823,45.300504],[-111.424468,45.301315],[-111.424514,45.30144],[-111.424422,45.301557],[-111.424151,45.301769],[-111.423856,45.30198],[-111.423813,45.302052],[-111.423793,45.302113],[-111.423802,45.302201],[-111.423804,45.302313],[-111.423787,45.302419],[-111.423729,45.302554],[-111.423715,45.302668],[-111.423731,45.302813]]}},{"id":"('way', 282577246)","type":"Feature","properties":{"aerialway":"chair_lift","piste:type":null,"piste:difficulty":null,"name":"Mountain","base_elevation":1375},"geometry":{"type":"LineString","coordinates":[[-111.445524,45.231749],[-111.447326,45.231821],[-111.44855,45.231872],[-111.450003,45.231936],[-111.450575,45.231966]]}},{"id":"('way', 282577247)","type":"Feature","properties":{"aerialway":"chair_lift","piste:type":null,"piste:difficulty":null,"name":"Lodge (High-Speed Bubble Quad)","base_elevation":725},"geometry":{"type":"LineString","coordinates":[[-111.41156,45.241295],[-111.412312,45.241103],[-111.413337,45.240841],[-111.414755,45.240478],[-111.416038,45.24015],[-111.41742,45.239797],[-111.418127,45.239616],[-111.419734,45.239178],[-111.420731,45.23892],[-111.422519,45.238457],[-111.424078,45.238053],[-111.425016,45.23781],[-111.425974,45.237562],[-111.427445,45.237181],[-111.428872,45.236812],[-111.430755,45.236324],[-111.432314,45.23592],[-111.433224,45.235684],[-111.434632,45.23532],[-111.436502,45.234836],[-111.438101,45.234421],[-111.439918,45.233951],[-111.441873,45.233444],[-111.443385,45.233053],[-111.445649,45.232474],[-111.445933,45.232406],[-111.446409,45.232287]]}},{"id":"('way', 282577249)","type":"Feature","properties":{"aerialway":"chair_lift","piste:type":null,"piste:difficulty":null,"name":"River Crossing","base_elevation":803},"geometry":{"type":"LineString","coordinates":[[-111.431838,45.252308],[-111.431715,45.252347],[-111.43083,45.25263],[-111.430108,45.252861],[-111.429756,45.252973]]}},{"id":"('way', 282577250)","type":"Feature","properties":{"aerialway":"chair_lift","piste:type":null,"piste:difficulty":null,"name":"American Spirit","base_elevation":809},"geometry":{"type":"LineString","coordinates":[[-111.432268,45.252083],[-111.432775,45.251497],[-111.433344,45.250841],[-111.434075,45.249998],[-111.435054,45.248869],[-111.435697,45.248128],[-111.436071,45.247696],[-111.437137,45.246468],[-111.43748,45.246072],[-111.438211,45.245229],[-111.438446,45.244959],[-111.438543,45.244841],[-111.438937,45.244392],[-111.440047,45.243111],[-111.440628,45.242442],[-111.441248,45.241727],[-111.442221,45.240605],[-111.442803,45.239934],[-111.443109,45.239581],[-111.443168,45.239513]]}},{"id":"('way', 282577251)","type":"Feature","properties":{"aerialway":"chair_lift","piste:type":null,"piste:difficulty":null,"name":"Meadow","base_elevation":971},"geometry":{"type":"LineString","coordinates":[[-111.389052,45.260934],[-111.389448,45.260935],[-111.390792,45.260938],[-111.391696,45.260941],[-111.392792,45.260944],[-111.394528,45.260948],[-111.396147,45.260952],[-111.397663,45.260956],[-111.398973,45.26096],[-111.400084,45.260962],[-111.400727,45.260964],[-111.402746,45.260969],[-111.40422,45.260973],[-111.405697,45.260977],[-111.407189,45.260981],[-111.408635,45.260985],[-111.409945,45.260988],[-111.410218,45.260989],[-111.411366,45.260992],[-111.412398,45.260994]]}},{"id":"('way', 282577252)","type":"Feature","properties":{"aerialway":"chair_lift","piste:type":null,"piste:difficulty":null,"name":"Andesite Ridge","base_elevation":831},"geometry":{"type":"LineString","coordinates":[[-111.429778,45.25323],[-111.428924,45.253619],[-111.428147,45.253972],[-111.426709,45.254625],[-111.425715,45.255077],[-111.424372,45.255686],[-111.423756,45.255966],[-111.422734,45.25643],[-111.421247,45.257105],[-111.420145,45.257606],[-111.418856,45.258191],[-111.417219,45.258934],[-111.416188,45.259402],[-111.414831,45.260018],[-111.41415,45.260328],[-111.413377,45.260678],[-111.412783,45.260948]]}},{"id":"('way', 282577253)","type":"Feature","properties":{"aerialway":"chair_lift","piste:type":null,"piste:difficulty":null,"name":"Lake","base_elevation":877},"geometry":{"type":"LineString","coordinates":[[-111.45072,45.250873],[-111.450704,45.250804],[-111.450587,45.250299],[-111.450467,45.249778],[-111.450209,45.248664],[-111.449937,45.247487],[-111.449763,45.246735],[-111.449652,45.246253],[-111.449441,45.245344],[-111.449083,45.243795],[-111.448826,45.242685],[-111.44847,45.241143],[-111.448263,45.240247],[-111.447976,45.239007],[-111.447831,45.238382],[-111.447503,45.236963],[-111.447039,45.235036],[-111.446843,45.234156],[-111.446703,45.233533],[-111.446577,45.232969],[-111.446493,45.232592]]}},{"id":"('way', 282577254)","type":"Feature","properties":{"aerialway":"chair_lift","piste:type":null,"piste:difficulty":null,"name":"Pine Ridge","base_elevation":969},"geometry":{"type":"LineString","coordinates":[[-111.427095,45.258082],[-111.42702,45.258465],[-111.426905,45.25905],[-111.426798,45.259599],[-111.426605,45.260582],[-111.426435,45.261447],[-111.426243,45.262428],[-111.425953,45.263903],[-111.425742,45.264982],[-111.425672,45.265337],[-111.425577,45.26582],[-111.425384,45.266806],[-111.42529,45.267286],[-111.425124,45.26813],[-111.424965,45.26894],[-111.424832,45.269619],[-111.424767,45.269951]]}},{"id":"('way', 282577377)","type":"Feature","properties":{"aerialway":"platter","piste:type":null,"piste:difficulty":null,"name":"Fandango","base_elevation":1205},"geometry":{"type":"LineString","coordinates":[[-111.407539,45.261219],[-111.407303,45.261446],[-111.406846,45.261886],[-111.406383,45.262331],[-111.405913,45.262784],[-111.405444,45.263235],[-111.404977,45.263685],[-111.404509,45.264135],[-111.403578,45.265031],[-111.403355,45.265245]]}},{"id":"('way', 282577378)","type":"Feature","properties":{"aerialway":"chair_lift","piste:type":null,"piste:difficulty":null,"name":"Hideaway","base_elevation":1088},"geometry":{"type":"LineString","coordinates":[[-111.396491,45.261284],[-111.39682,45.261619],[-111.397528,45.262341],[-111.398256,45.263082],[-111.399074,45.263916],[-111.399884,45.264742],[-111.400706,45.265579],[-111.40156,45.266449]]}},{"id":"('way', 282577465)","type":"Feature","properties":{"aerialway":"platter","piste:type":null,"piste:difficulty":null,"name":"Cow Flats","base_elevation":1113},"geometry":{"type":"LineString","coordinates":[[-111.429235,45.268125],[-111.429546,45.268125],[-111.430105,45.268126],[-111.430932,45.268127],[-111.431655,45.268128],[-111.432185,45.268128],[-111.432436,45.268129],[-111.432781,45.268129]]}},{"id":"('way', 371292554)","type":"Feature","properties":{"aerialway":null,"piste:type":"nordic","piste:difficulty":"easy","name":"Mountain View","base_elevation":771},"geometry":{"type":"LineString","coordinates":[[-111.348506,45.289907],[-111.3479,45.289696],[-111.347364,45.289399],[-111.346951,45.289013],[-111.346664,45.288671],[-111.346406,45.288416],[-111.346138,45.288229],[-111.34591,45.287998],[-111.345564,45.287709],[-111.345148,45.28745],[-111.344928,45.287361],[-111.344392,45.287245],[-111.343743,45.287126],[-111.343059,45.286956],[-111.342158,45.286437],[-111.341511,45.28611],[-111.340945,45.285793],[-111.340264,45.285521],[-111.339703,45.285407],[-111.339382,45.285367],[-111.338859,45.285371],[-111.338657,45.285512],[-111.33851,45.285682],[-111.338436,45.285862]]}},{"id":"('way', 371293011)","type":"Feature","properties":{"aerialway":null,"piste:type":"nordic","piste:difficulty":"intermediate","name":"Ridge Fork Road","base_elevation":771},"geometry":{"type":"LineString","coordinates":[[-111.338436,45.285862],[-111.338779,45.285551],[-111.338921,45.285502],[-111.339045,45.285498],[-111.339172,45.285506],[-111.339345,45.285547],[-111.339547,45.285618],[-111.339971,45.285811],[-111.340103,45.285913],[-111.340148,45.285974],[-111.340161,45.286043],[-111.340134,45.286119],[-111.340076,45.2862],[-111.33999,45.286251],[-111.339776,45.286351],[-111.339623,45.286473],[-111.339485,45.286625],[-111.339225,45.287065],[-111.339125,45.287209],[-111.338953,45.287389],[-111.338803,45.287532],[-111.338668,45.287608],[-111.338516,45.287681],[-111.338443,45.287723],[-111.338388,45.28778],[-111.338354,45.287842],[-111.338361,45.287903],[-111.338395,45.287954],[-111.338455,45.288],[-111.338518,45.288029],[-111.338615,45.288044],[-111.338687,45.288039],[-111.338767,45.288029],[-111.338841,45.288001],[-111.338914,45.28795],[-111.339045,45.287824],[-111.339171,45.287721],[-111.33941,45.287585],[-111.339651,45.28748],[-111.340051,45.287326],[-111.340439,45.287177],[-111.340646,45.287064],[-111.340853,45.287021],[-111.34106,45.287021],[-111.341206,45.28703],[-111.341769,45.287164],[-111.341879,45.287208],[-111.341951,45.287275],[-111.34199,45.287341],[-111.341986,45.287398],[-111.341962,45.287442],[-111.341899,45.287486],[-111.341809,45.287525],[-111.341657,45.287548],[-111.341402,45.287569],[-111.341289,45.287591],[-111.341198,45.287637],[-111.341137,45.287711],[-111.341073,45.28786],[-111.34093,45.288174],[-111.340845,45.288324],[-111.34077,45.288415],[-111.340547,45.288596],[-111.340474,45.288688],[-111.340425,45.288749],[-111.34041,45.288799],[-111.340437,45.288858],[-111.340433,45.288926],[-111.340493,45.28896],[-111.34056,45.288981],[-111.340641,45.288989],[-111.340748,45.288977],[-111.340831,45.288965],[-111.340946,45.288927],[-111.341101,45.288819],[-111.341322,45.288671],[-111.341476,45.28856],[-111.341629,45.288487],[-111.341782,45.288425],[-111.341905,45.288389],[-111.34201,45.288368],[-111.342152,45.288352]]}},{"id":"('way', 371293012)","type":"Feature","properties":{"aerialway":null,"piste:type":"nordic","piste:difficulty":"intermediate","name":"Ridge Fork Road","base_elevation":716},"geometry":{"type":"LineString","coordinates":[[-111.334113,45.28472],[-111.33467,45.285047],[-111.335203,45.285443],[-111.335524,45.28568],[-111.335773,45.285852],[-111.336195,45.286014],[-111.33664,45.286078],[-111.33676,45.286168],[-111.336733,45.286335],[-111.336587,45.286384],[-111.336354,45.286416],[-111.336168,45.28643],[-111.336044,45.286471],[-111.336002,45.286581],[-111.336007,45.286668],[-111.336136,45.286796],[-111.336456,45.287098],[-111.336766,45.287318],[-111.336911,45.287416],[-111.337065,45.287393],[-111.337214,45.28735],[-111.337336,45.287134],[-111.337652,45.286757],[-111.337984,45.286402],[-111.338187,45.286195],[-111.338273,45.286117],[-111.338436,45.285862]]}},{"id":"('way', 371293030)","type":"Feature","properties":{"aerialway":null,"piste:type":"nordic","piste:difficulty":"intermediate","name":"Fs 575","base_elevation":934},"geometry":{"type":"LineString","coordinates":[[-111.356818,45.298398],[-111.357102,45.298655],[-111.357231,45.298755],[-111.357615,45.299017],[-111.357877,45.299247],[-111.358153,45.299498],[-111.358284,45.29966],[-111.358453,45.299852],[-111.35858,45.30005],[-111.358669,45.300245],[-111.358766,45.30039],[-111.358916,45.300487],[-111.359111,45.300581],[-111.359404,45.300779],[-111.359878,45.300973],[-111.360108,45.300999],[-111.360629,45.301173]]}},{"id":"('way', 371293066)","type":"Feature","properties":{"aerialway":null,"piste:type":"nordic","piste:difficulty":"intermediate","name":"Ridge Fork Road","base_elevation":864},"geometry":{"type":"LineString","coordinates":[[-111.355695,45.301161],[-111.355559,45.301143],[-111.355402,45.301113],[-111.355127,45.301093],[-111.354867,45.301075],[-111.354411,45.301067],[-111.353782,45.300979],[-111.353691,45.300948],[-111.353611,45.300902],[-111.353432,45.300835],[-111.353273,45.300731],[-111.353142,45.300612],[-111.352917,45.300483],[-111.352728,45.300401],[-111.352478,45.300348],[-111.352237,45.300315],[-111.351887,45.300326],[-111.351616,45.300347],[-111.351207,45.30047],[-111.351042,45.300442],[-111.35086,45.300347],[-111.350495,45.300073],[-111.350211,45.299822],[-111.349886,45.299505],[-111.349585,45.29916],[-111.349129,45.298709],[-111.348886,45.298417],[-111.348703,45.298184],[-111.348584,45.29798],[-111.348394,45.297766],[-111.348185,45.297558],[-111.347976,45.297328],[-111.347798,45.297112],[-111.347592,45.296898],[-111.347221,45.296372],[-111.346922,45.295905],[-111.346629,45.295597],[-111.346511,45.29542],[-111.346412,45.295115],[-111.346357,45.294891],[-111.346355,45.294572],[-111.346341,45.294339],[-111.346258,45.294068],[-111.346123,45.293773],[-111.345942,45.293482],[-111.345433,45.292906],[-111.345135,45.292598],[-111.344886,45.29221],[-111.344721,45.291859],[-111.34462,45.291521],[-111.344328,45.290751],[-111.344171,45.290323],[-111.344106,45.290132],[-111.344077,45.28993],[-111.344147,45.289746],[-111.344155,45.289618],[-111.344099,45.289302],[-111.344046,45.289114],[-111.343976,45.288973],[-111.34387,45.28885],[-111.343732,45.288747],[-111.343514,45.288675],[-111.343154,45.288568],[-111.342641,45.288431],[-111.342395,45.288379],[-111.342152,45.288352]]}},{"id":"('way', 371293166)","type":"Feature","properties":{"aerialway":null,"piste:type":"nordic","piste:difficulty":"intermediate","name":"Fs 575","base_elevation":912},"geometry":{"type":"LineString","coordinates":[[-111.360629,45.301173],[-111.36065,45.300997],[-111.360609,45.300821],[-111.360516,45.300644],[-111.360372,45.300428],[-111.360306,45.300269],[-111.360289,45.299994],[-111.36029,45.29978],[-111.360325,45.299549],[-111.360382,45.299467],[-111.360441,45.299401],[-111.360534,45.299366],[-111.360708,45.299338],[-111.361043,45.299276],[-111.361338,45.299196],[-111.36148,45.29913],[-111.361518,45.299079],[-111.361477,45.298902],[-111.361347,45.298752],[-111.360968,45.298339],[-111.360843,45.298213],[-111.360807,45.29813],[-111.360776,45.298008],[-111.36073,45.297795],[-111.360706,45.297559],[-111.360684,45.297228],[-111.360689,45.296808],[-111.360753,45.29662],[-111.360818,45.29634],[-111.360919,45.296202],[-111.36101,45.296153],[-111.36112,45.296143],[-111.361295,45.296157],[-111.361478,45.296194],[-111.361779,45.296252],[-111.361969,45.29623],[-111.362082,45.296188],[-111.362145,45.296062],[-111.362144,45.29596],[-111.36201,45.295587],[-111.361869,45.295096],[-111.361777,45.294903],[-111.361531,45.294552],[-111.361519,45.294302],[-111.361504,45.293915],[-111.361466,45.293584],[-111.36146,45.293292],[-111.361495,45.293186],[-111.361521,45.293057],[-111.361439,45.292912],[-111.361383,45.29282]]}},{"id":"('way', 371293238)","type":"Feature","properties":{"aerialway":null,"piste:type":"nordic","piste:difficulty":"advanced","name":"Siberia","base_elevation":963},"geometry":{"type":"LineString","coordinates":[[-111.365769,45.303146],[-111.365549,45.303143],[-111.365635,45.302631],[-111.365506,45.302471],[-111.365109,45.30269],[-111.364599,45.302822],[-111.364289,45.30285],[-111.363355,45.302763],[-111.362567,45.302495],[-111.362599,45.302358],[-111.362846,45.302193],[-111.362357,45.301977],[-111.362035,45.301724],[-111.361773,45.301616],[-111.36136,45.301495],[-111.361016,45.301373],[-111.36085,45.301287],[-111.360629,45.301173]]}},{"id":"('way', 371293334)","type":"Feature","properties":{"aerialway":null,"piste:type":"nordic","piste:difficulty":"intermediate","name":"Old Toby Road","base_elevation":1027},"geometry":{"type":"LineString","coordinates":[[-111.365269,45.300614],[-111.365236,45.300735],[-111.365155,45.300897],[-111.365138,45.300969],[-111.365152,45.301082],[-111.365245,45.301179],[-111.365371,45.301251],[-111.365611,45.301297],[-111.366063,45.301398],[-111.366453,45.301533],[-111.366677,45.301624],[-111.366836,45.301668],[-111.367079,45.301704],[-111.367317,45.301711],[-111.367587,45.301661],[-111.367816,45.301644],[-111.368001,45.301639],[-111.368121,45.301692],[-111.368239,45.3018],[-111.368396,45.30197]]}},{"id":"('way', 371293516)","type":"Feature","properties":{"aerialway":null,"piste:type":"nordic","piste:difficulty":"intermediate","name":"Summit","base_elevation":1002},"geometry":{"type":"LineString","coordinates":[[-111.365269,45.300614],[-111.36512,45.300435],[-111.364986,45.300362],[-111.364782,45.300348],[-111.364224,45.300567],[-111.363983,45.300799],[-111.363951,45.301042],[-111.364085,45.301233],[-111.364385,45.301397],[-111.365345,45.301657],[-111.366225,45.302152],[-111.366279,45.302529],[-111.366166,45.302665],[-111.365984,45.302921],[-111.365769,45.303146]]}},{"id":"('way', 371293553)","type":"Feature","properties":{"aerialway":null,"piste:type":"nordic","piste:difficulty":"advanced","name":"Summit","base_elevation":912},"geometry":{"type":"LineString","coordinates":[[-111.373235,45.300867],[-111.373563,45.300796],[-111.373814,45.300801],[-111.373993,45.30089],[-111.374159,45.301037],[-111.374438,45.301135],[-111.374737,45.301102],[-111.375037,45.300823],[-111.375275,45.300735],[-111.375483,45.30057],[-111.375815,45.299895],[-111.376058,45.299709],[-111.376219,45.299585],[-111.376299,45.299422],[-111.376657,45.299106],[-111.377045,45.298913],[-111.377301,45.298657],[-111.377356,45.29803],[-111.377269,45.29765],[-111.377281,45.297324],[-111.377071,45.296937],[-111.376792,45.296899],[-111.376616,45.297056],[-111.376486,45.29734],[-111.376412,45.297724],[-111.376228,45.298091],[-111.375731,45.298336],[-111.375445,45.298672],[-111.375198,45.298959],[-111.374957,45.298884],[-111.375017,45.298569],[-111.375032,45.298182],[-111.375123,45.297638],[-111.375151,45.297317],[-111.37493,45.296771],[-111.374667,45.29614],[-111.37442,45.295684],[-111.374195,45.295167],[-111.373934,45.295098],[-111.373782,45.295227],[-111.373397,45.295917],[-111.373374,45.296148],[-111.373503,45.296518],[-111.372983,45.296925],[-111.372961,45.297137],[-111.372689,45.297177],[-111.37243,45.297072],[-111.372153,45.29712],[-111.371953,45.297208],[-111.370966,45.296816],[-111.370268,45.296672],[-111.369765,45.296498],[-111.36926,45.29628],[-111.368478,45.296475],[-111.368301,45.296607],[-111.368064,45.296555],[-111.367807,45.296268],[-111.367684,45.296064],[-111.367228,45.295671],[-111.36668,45.295042],[-111.36652,45.294785],[-111.366284,45.294498],[-111.36586,45.294004],[-111.365334,45.293547],[-111.364834,45.293042],[-111.364416,45.292612],[-111.364192,45.292532],[-111.363708,45.292578],[-111.363454,45.292683],[-111.363073,45.292898],[-111.362826,45.292985],[-111.36232,45.293098],[-111.362031,45.293087],[-111.36185,45.292952],[-111.361701,45.292915]]}},{"id":"('way', 371293557)","type":"Feature","properties":{"aerialway":null,"piste:type":"nordic","piste:difficulty":"intermediate","name":"Mountain View","base_elevation":737},"geometry":{"type":"LineString","coordinates":[[-111.348506,45.289907],[-111.348542,45.289725],[-111.348092,45.289547],[-111.347879,45.28935],[-111.347519,45.288931],[-111.347325,45.288755],[-111.347085,45.288418],[-111.347063,45.288222],[-111.346788,45.287645],[-111.346264,45.287044],[-111.345941,45.286513],[-111.345426,45.286143],[-111.345157,45.285864],[-111.344696,45.285736],[-111.344042,45.285532],[-111.343989,45.285289],[-111.343216,45.284864],[-111.342808,45.284467]]}},{"id":"('way', 371293611)","type":"Feature","properties":{"aerialway":null,"piste:type":"nordic","piste:difficulty":"intermediate","name":"Mountain View","base_elevation":691},"geometry":{"type":"LineString","coordinates":[[-111.33897,45.282037],[-111.338482,45.281971],[-111.337822,45.281903],[-111.337591,45.281831],[-111.337445,45.28167],[-111.337502,45.281506],[-111.337894,45.281372],[-111.337991,45.281236],[-111.337985,45.281127],[-111.338024,45.281039],[-111.338157,45.280966]]}},{"id":"('way', 371293712)","type":"Feature","properties":{"aerialway":null,"piste:type":"nordic","piste:difficulty":"intermediate","name":"Boomerang","base_elevation":750},"geometry":{"type":"LineString","coordinates":[[-111.360106,45.290948],[-111.360265,45.290845],[-111.360812,45.290588],[-111.361123,45.290203],[-111.36152,45.290098],[-111.361864,45.289984],[-111.361992,45.289833],[-111.361799,45.289486],[-111.361359,45.288928],[-111.36093,45.288528],[-111.360619,45.287992],[-111.36049,45.287486],[-111.360297,45.286633],[-111.36036,45.286332],[-111.360714,45.285728],[-111.360618,45.28529],[-111.360211,45.285033],[-111.359363,45.284958],[-111.357926,45.284942],[-111.356755,45.284943],[-111.356027,45.285274],[-111.355576,45.285418],[-111.355221,45.285668],[-111.355094,45.285946],[-111.355212,45.286384],[-111.355168,45.286747],[-111.355103,45.287343],[-111.354622,45.28812],[-111.35431,45.288218],[-111.353687,45.288242],[-111.353387,45.288068],[-111.353354,45.287706],[-111.353558,45.287283],[-111.353561,45.28686],[-111.353405,45.286672],[-111.353133,45.286712],[-111.352523,45.287085],[-111.352369,45.287448],[-111.351986,45.287702],[-111.351864,45.288078],[-111.351618,45.288388],[-111.351392,45.288309],[-111.351171,45.288044]]}},{"id":"('way', 371293727)","type":"Feature","properties":{"aerialway":null,"piste:type":"nordic","piste:difficulty":"easy","name":"Boomerang","base_elevation":730},"geometry":{"type":"LineString","coordinates":[[-111.348419,45.287238],[-111.348109,45.287188],[-111.347931,45.287049],[-111.347798,45.286622],[-111.347443,45.286121],[-111.346724,45.286007],[-111.345951,45.285728],[-111.345501,45.285641],[-111.345223,45.285689],[-111.344558,45.285561],[-111.343989,45.285289]]}},{"id":"('way', 371293772)","type":"Feature","properties":{"aerialway":null,"piste:type":"nordic","piste:difficulty":"intermediate","name":"Ridge Run","base_elevation":691},"geometry":{"type":"LineString","coordinates":[[-111.35056,45.288544],[-111.350137,45.288003],[-111.349771,45.287336],[-111.349342,45.286853],[-111.349267,45.28649],[-111.348795,45.286053],[-111.348608,45.285591],[-111.347915,45.284936],[-111.347074,45.284368],[-111.346166,45.283864]]}},{"id":"('way', 371293773)","type":"Feature","properties":{"aerialway":null,"piste:type":"nordic","piste:difficulty":"intermediate","name":"Ridge Run","base_elevation":678},"geometry":{"type":"LineString","coordinates":[[-111.346166,45.283864],[-111.345899,45.283655],[-111.345695,45.283406],[-111.345647,45.28301],[-111.345394,45.28261]]}},{"id":"('way', 371294393)","type":"Feature","properties":{"aerialway":null,"piste:type":"nordic","piste:difficulty":"intermediate","name":"Dutch's Detour","base_elevation":678},"geometry":{"type":"LineString","coordinates":[[-111.351171,45.288044],[-111.35106,45.2879],[-111.350867,45.287603],[-111.350673,45.287059],[-111.350427,45.286644],[-111.349863,45.285343],[-111.349589,45.285],[-111.349386,45.28455],[-111.349381,45.284027],[-111.349247,45.283881],[-111.348995,45.283911],[-111.348874,45.284213],[-111.348612,45.284377],[-111.348077,45.284428],[-111.347664,45.28418],[-111.347583,45.283957],[-111.347625,45.283614],[-111.347549,45.283436],[-111.347066,45.283219],[-111.346575,45.282742],[-111.346468,45.282372],[-111.346218,45.282196],[-111.34602,45.282186],[-111.345808,45.2823],[-111.345649,45.282461],[-111.345394,45.28261]]}},{"id":"('way', 371294396)","type":"Feature","properties":{"aerialway":null,"piste:type":"nordic","piste:difficulty":"easy","name":"Dutch's Detour","base_elevation":683},"geometry":{"type":"LineString","coordinates":[[-111.341056,45.280103],[-111.340646,45.280253],[-111.339741,45.280623],[-111.338696,45.280922],[-111.338157,45.280966]]}},{"id":"('way', 371294513)","type":"Feature","properties":{"aerialway":null,"piste:type":"nordic","piste:difficulty":"advanced","name":"Schnap's Schuss","base_elevation":662},"geometry":{"type":"LineString","coordinates":[[-111.345394,45.28261],[-111.345153,45.282232],[-111.344869,45.281806],[-111.344435,45.281564],[-111.343975,45.28136],[-111.343642,45.280743],[-111.343206,45.280384],[-111.34297,45.280294],[-111.342734,45.280313],[-111.342502,45.280404],[-111.342221,45.280411],[-111.341988,45.280449],[-111.341765,45.280386]]}},{"id":"('way', 371294537)","type":"Feature","properties":{"aerialway":null,"piste:type":"nordic","piste:difficulty":"intermediate","name":"Sluice Box","base_elevation":637},"geometry":{"type":"LineString","coordinates":[[-111.341056,45.280103],[-111.340979,45.280059],[-111.340834,45.279984],[-111.340564,45.280052],[-111.340301,45.280094],[-111.339787,45.280227],[-111.33954,45.280128],[-111.3393,45.280001],[-111.339022,45.280029],[-111.33855,45.280164],[-111.338232,45.280309],[-111.337992,45.280371],[-111.337638,45.280285],[-111.336992,45.280056],[-111.33681,45.279947],[-111.336606,45.278768],[-111.336302,45.27852],[-111.335974,45.278639],[-111.335731,45.279067],[-111.335707,45.279418],[-111.33553,45.279638],[-111.334708,45.279677],[-111.33451,45.279639],[-111.334328,45.279508],[-111.334425,45.279246],[-111.334431,45.278879],[-111.334631,45.2785],[-111.334858,45.278136],[-111.334988,45.277914],[-111.335184,45.277699],[-111.335224,45.277515],[-111.335106,45.277383],[-111.334854,45.277247],[-111.334525,45.277305],[-111.334333,45.277238],[-111.334231,45.277098]]}},{"id":"('way', 371294612)","type":"Feature","properties":{"aerialway":null,"piste:type":"nordic","piste:difficulty":"intermediate","name":"Sluice Box","base_elevation":608},"geometry":{"type":"LineString","coordinates":[[-111.341056,45.280103],[-111.341095,45.280043],[-111.341132,45.279869],[-111.34106,45.279654],[-111.340929,45.279487],[-111.340698,45.27952],[-111.340285,45.27976],[-111.340044,45.279846],[-111.3398,45.279771],[-111.339608,45.279631],[-111.339614,45.279451],[-111.339942,45.279148],[-111.34,45.278959],[-111.339969,45.278763],[-111.339752,45.27862],[-111.339312,45.278501],[-111.339047,45.278548],[-111.338866,45.278707],[-111.338781,45.278896],[-111.338349,45.279097],[-111.338064,45.279084],[-111.337975,45.278895],[-111.337895,45.278612],[-111.33793,45.278385],[-111.338361,45.277892],[-111.338611,45.277352],[-111.338942,45.277091],[-111.339085,45.276893],[-111.338915,45.276544],[-111.338406,45.276416],[-111.338092,45.27645],[-111.337402,45.276612],[-111.337096,45.276774],[-111.336047,45.277023],[-111.335836,45.277049],[-111.33561,45.276989],[-111.335221,45.276733],[-111.33471,45.276809],[-111.334231,45.277098],[-111.333668,45.277227],[-111.333398,45.277186],[-111.33318,45.277053],[-111.332923,45.276779],[-111.332692,45.276623],[-111.332341,45.276575],[-111.331512,45.276362],[-111.330542,45.276158],[-111.32996,45.276113],[-111.329665,45.276168]]}},{"id":"('way', 371294637)","type":"Feature","properties":{"aerialway":null,"piste:type":"nordic","piste:difficulty":"intermediate","name":"Walkin' Jim's Way","base_elevation":712},"geometry":{"type":"LineString","coordinates":[[-111.33897,45.282037],[-111.339089,45.282207],[-111.339017,45.28255],[-111.339231,45.282692],[-111.339468,45.2827],[-111.339634,45.282864],[-111.339481,45.283025],[-111.339253,45.283122],[-111.338888,45.283168],[-111.338671,45.28317],[-111.33826,45.283017],[-111.337681,45.28299],[-111.337458,45.283058],[-111.337254,45.283191],[-111.337097,45.283345],[-111.336804,45.283434],[-111.336605,45.283549],[-111.336496,45.283734],[-111.33635,45.284255],[-111.336404,45.284634],[-111.33634,45.285019],[-111.336275,45.285227],[-111.33619,45.285393],[-111.335954,45.285451],[-111.335618,45.285365],[-111.335077,45.285119],[-111.334801,45.284979]]}},{"id":"('way', 371294638)","type":"Feature","properties":{"aerialway":null,"piste:type":"nordic","piste:difficulty":"intermediate","name":"Walkin' Jim's Way","base_elevation":716},"geometry":{"type":"LineString","coordinates":[[-111.334801,45.284979],[-111.334583,45.284855],[-111.334362,45.284779],[-111.334113,45.28472]]}},{"id":"('way', 371294726)","type":"Feature","properties":{"aerialway":null,"piste:type":"nordic","piste:difficulty":"easy","name":"Walkin' Jim's Way","base_elevation":805},"geometry":{"type":"LineString","coordinates":[[-111.355636,45.310023],[-111.355641,45.309881],[-111.355534,45.30971],[-111.355341,45.309494],[-111.355201,45.309347],[-111.354949,45.309306],[-111.354509,45.309068],[-111.354043,45.308921],[-111.353828,45.308847],[-111.353624,45.308706],[-111.352981,45.308442],[-111.352465,45.308259],[-111.352165,45.30818],[-111.351835,45.308204],[-111.351609,45.308197],[-111.351422,45.308157],[-111.35113,45.308152],[-111.350977,45.308006],[-111.350845,45.307844],[-111.350419,45.307604],[-111.350167,45.307597],[-111.349969,45.30746],[-111.34983,45.307298],[-111.349635,45.307176],[-111.349455,45.307034],[-111.349402,45.306952],[-111.349344,45.306857],[-111.349118,45.306734],[-111.348871,45.306729],[-111.348678,45.306576],[-111.348517,45.306416],[-111.348378,45.306276],[-111.347986,45.306061],[-111.347804,45.305728],[-111.347618,45.305591],[-111.347436,45.305516],[-111.347284,45.305399],[-111.347018,45.305216],[-111.346934,45.30506]]}},{"id":"('way', 371294817)","type":"Feature","properties":{"aerialway":null,"piste:type":"nordic","piste:difficulty":"easy","name":"Walkin' Jim's Way","base_elevation":745},"geometry":{"type":"LineString","coordinates":[[-111.346973,45.305446],[-111.346884,45.305352],[-111.346685,45.305246],[-111.34657,45.305073],[-111.346468,45.304718],[-111.346401,45.304525],[-111.346213,45.304342],[-111.346071,45.304228],[-111.345977,45.304073],[-111.345808,45.303958],[-111.345543,45.303839],[-111.345355,45.303726],[-111.345111,45.303658],[-111.344901,45.30356],[-111.344743,45.303399],[-111.344711,45.303214],[-111.344776,45.303039],[-111.344706,45.302937],[-111.344647,45.302873],[-111.344413,45.302928],[-111.344143,45.303005],[-111.343965,45.302878],[-111.344027,45.302697],[-111.344051,45.302522],[-111.343949,45.302331],[-111.343805,45.302169],[-111.343563,45.302118],[-111.343332,45.302218],[-111.343075,45.302217],[-111.3429,45.302079],[-111.342785,45.301873],[-111.342723,45.301716],[-111.342523,45.301564],[-111.342305,45.301492],[-111.342161,45.301324],[-111.342126,45.301143],[-111.342249,45.300771],[-111.3422,45.300594],[-111.342238,45.300396],[-111.342072,45.300262],[-111.341897,45.300041],[-111.341624,45.299628],[-111.340995,45.299074]]}},{"id":"('way', 371294843)","type":"Feature","properties":{"aerialway":null,"piste:type":"nordic","piste:difficulty":"intermediate","name":"Antler Ridge","base_elevation":516},"geometry":{"type":"LineString","coordinates":[[-111.343726,45.276073],[-111.343025,45.27593],[-111.342632,45.275736],[-111.341817,45.275457],[-111.341307,45.275188],[-111.34098,45.274905],[-111.340647,45.274679],[-111.339945,45.274246],[-111.339435,45.273886],[-111.339156,45.273595],[-111.33878,45.273441],[-111.338088,45.273316],[-111.337348,45.273142],[-111.336839,45.272917],[-111.336061,45.272468],[-111.335342,45.272089],[-111.334521,45.271806],[-111.333824,45.27167],[-111.333153,45.271501],[-111.332703,45.271301],[-111.332499,45.271021],[-111.332547,45.270564],[-111.33259,45.270104],[-111.33259,45.26956],[-111.332595,45.269153],[-111.332638,45.268775],[-111.332671,45.268507]]}},{"id":"('way', 371294853)","type":"Feature","properties":{"aerialway":null,"piste:type":"nordic","piste:difficulty":"easy","name":"Fs 2697","base_elevation":536},"geometry":{"type":"LineString","coordinates":[[-111.368547,45.27929],[-111.368227,45.279261],[-111.367837,45.279233],[-111.367505,45.27919],[-111.367466,45.279188],[-111.366821,45.279156],[-111.366634,45.279139],[-111.366573,45.27913],[-111.365933,45.279005],[-111.365544,45.278897],[-111.364375,45.278665],[-111.36405,45.278623],[-111.363789,45.2786],[-111.363652,45.278598],[-111.363579,45.278601],[-111.362963,45.27866],[-111.362698,45.278659],[-111.362468,45.27865],[-111.362137,45.278629],[-111.361902,45.278632],[-111.361644,45.278664],[-111.361433,45.278698],[-111.361325,45.278704],[-111.361183,45.278694],[-111.36111,45.278682],[-111.361038,45.278664],[-111.359946,45.278326],[-111.35973,45.278241],[-111.359135,45.27798],[-111.358654,45.277756],[-111.357976,45.277365],[-111.357921,45.2773],[-111.357857,45.277246],[-111.357711,45.277155],[-111.35738,45.277028],[-111.356972,45.276889],[-111.356476,45.276712],[-111.355629,45.276369],[-111.35543,45.2763],[-111.355215,45.276244],[-111.355007,45.276204],[-111.354931,45.276182],[-111.3547,45.276087],[-111.353932,45.275728],[-111.353301,45.275336],[-111.353245,45.275279],[-111.353094,45.275147],[-111.352999,45.275084],[-111.352654,45.274961],[-111.352343,45.274885],[-111.349353,45.27423],[-111.349122,45.274165],[-111.348941,45.274108],[-111.348179,45.273828],[-111.34801,45.273757],[-111.347856,45.273678],[-111.347752,45.273617],[-111.347418,45.273405],[-111.347165,45.273231],[-111.347022,45.273124],[-111.346867,45.272981],[-111.346687,45.272791],[-111.346537,45.272607],[-111.346504,45.272556],[-111.346472,45.272489],[-111.346447,45.27239],[-111.346427,45.272189],[-111.346401,45.272052],[-111.346349,45.271924],[-111.346287,45.271827],[-111.346254,45.271786],[-111.346157,45.271713],[-111.346064,45.271671],[-111.346029,45.271646],[-111.345934,45.271563],[-111.345792,45.27141],[-111.345709,45.271295],[-111.345648,45.271183],[-111.345566,45.27106],[-111.345404,45.270845],[-111.34518,45.270584],[-111.345103,45.270519],[-111.345051,45.270481],[-111.344882,45.270383],[-111.344827,45.270357],[-111.34433,45.270155],[-111.344035,45.270014],[-111.343874,45.269921],[-111.343684,45.269786],[-111.343044,45.269264],[-111.342981,45.269195],[-111.342861,45.268963]]}},{"id":"('way', 371294855)","type":"Feature","properties":{"aerialway":null,"piste:type":"downhill","piste:difficulty":"easy","name":"Lone Moose Access","base_elevation":616},"geometry":{"type":"LineString","coordinates":[[-111.368547,45.27929],[-111.368133,45.279294],[-111.368178,45.279552],[-111.368196,45.279837],[-111.368178,45.279925],[-111.368105,45.279976],[-111.368025,45.279995],[-111.367662,45.28],[-111.367558,45.279994],[-111.3675,45.279974],[-111.367453,45.279944],[-111.367445,45.279906],[-111.367456,45.279876],[-111.367518,45.279801]]}},{"id":"('way', 371294866)","type":"Feature","properties":{"aerialway":null,"piste:type":"nordic","piste:difficulty":"intermediate","name":"Beaver Slide","base_elevation":507},"geometry":{"type":"LineString","coordinates":[[-111.342861,45.268963],[-111.342654,45.268986],[-111.342268,45.269153],[-111.341956,45.269266],[-111.341956,45.26911],[-111.342053,45.268945],[-111.342203,45.268745],[-111.342144,45.268586],[-111.341913,45.26842],[-111.341683,45.268352],[-111.341447,45.268337],[-111.341184,45.26854],[-111.340792,45.26867],[-111.340497,45.268723],[-111.340089,45.268691],[-111.339778,45.268613],[-111.339698,45.268465],[-111.339612,45.26831],[-111.339403,45.268276],[-111.339054,45.268253],[-111.33862,45.268145],[-111.338105,45.26805],[-111.337488,45.268057],[-111.337069,45.26802],[-111.336522,45.267906],[-111.335999,45.267804]]}},{"id":"('way', 371294907)","type":"Feature","properties":{"aerialway":null,"piste:type":"nordic","piste:difficulty":"easy","name":"Beaver Slide","base_elevation":487},"geometry":{"type":"LineString","coordinates":[[-111.332595,45.269153],[-111.332477,45.269273],[-111.332359,45.269465],[-111.332236,45.26961],[-111.332349,45.269088],[-111.33229,45.268873],[-111.332375,45.268484],[-111.332424,45.268159],[-111.332284,45.268],[-111.33171,45.268039],[-111.331437,45.267759],[-111.331104,45.267706],[-111.330745,45.267805],[-111.330139,45.267691],[-111.329884,45.267438],[-111.329648,45.267278],[-111.329583,45.267071],[-111.329417,45.266964],[-111.329312,45.266943],[-111.329111,45.266903],[-111.328797,45.266709],[-111.328655,45.266655],[-111.328178,45.266604],[-111.327979,45.266498],[-111.32773,45.266405],[-111.327494,45.266332],[-111.327261,45.266225]]}},{"id":"('way', 371294923)","type":"Feature","properties":{"aerialway":null,"piste:type":"nordic","piste:difficulty":"advanced","name":"Beaver Slide","base_elevation":487},"geometry":{"type":"LineString","coordinates":[[-111.33043,45.266372],[-111.330342,45.266295],[-111.330242,45.266232],[-111.33016,45.266156],[-111.329973,45.266062],[-111.329601,45.265933],[-111.32929,45.265838],[-111.328544,45.265697],[-111.328013,45.26571],[-111.327926,45.265743],[-111.327769,45.265808],[-111.327569,45.265943],[-111.32742,45.26605],[-111.327261,45.266225]]}},{"id":"('way', 371295028)","type":"Feature","properties":{"aerialway":null,"piste:type":"nordic","piste:difficulty":"intermediate","name":"Andesite","base_elevation":502},"geometry":{"type":"LineString","coordinates":[[-111.33043,45.266372],[-111.330656,45.266454],[-111.33094,45.266515],[-111.33119,45.266515],[-111.331461,45.266467],[-111.331909,45.26646],[-111.332236,45.26643],[-111.332252,45.266241],[-111.332247,45.266056],[-111.332461,45.265916],[-111.332719,45.265861],[-111.333105,45.265879],[-111.333937,45.266091],[-111.334408,45.266124],[-111.335015,45.266086],[-111.335202,45.265969],[-111.335707,45.265962],[-111.336206,45.265898],[-111.336844,45.265539],[-111.336898,45.26535],[-111.337273,45.265131],[-111.337777,45.264935],[-111.337847,45.264762],[-111.337665,45.264627],[-111.337598,45.264272],[-111.336941,45.263924],[-111.336683,45.263991],[-111.336495,45.264116],[-111.336275,45.264116],[-111.335787,45.263916],[-111.335567,45.263904],[-111.334966,45.263515],[-111.334543,45.26332],[-111.334344,45.263161],[-111.334017,45.262625],[-111.333926,45.262462],[-111.333491,45.262319],[-111.333395,45.262118],[-111.333481,45.261787],[-111.333271,45.261631],[-111.33325,45.261446],[-111.333373,45.261261],[-111.333534,45.260936],[-111.333411,45.260162],[-111.333288,45.26002],[-111.332724,45.259973],[-111.332617,45.259615],[-111.332343,45.259505],[-111.332016,45.259268],[-111.331372,45.259596],[-111.330814,45.260056],[-111.330273,45.260026],[-111.329666,45.260132],[-111.328739,45.260303],[-111.328411,45.260249],[-111.327853,45.260313],[-111.327263,45.260381],[-111.326882,45.260526],[-111.326362,45.26054],[-111.325836,45.260434],[-111.325316,45.26],[-111.325096,45.25992],[-111.324822,45.259894],[-111.32456,45.259909],[-111.32435,45.260026],[-111.324232,45.260162],[-111.323986,45.260288],[-111.323717,45.260256],[-111.323245,45.260124],[-111.322542,45.2598],[-111.322306,45.259841],[-111.322156,45.260075],[-111.322086,45.260374],[-111.322199,45.260751],[-111.322028,45.260895],[-111.32177,45.260876],[-111.320955,45.260884],[-111.320676,45.260955],[-111.320402,45.261228],[-111.319544,45.261726],[-111.319292,45.261801],[-111.319023,45.261799],[-111.318723,45.261726],[-111.318477,45.261663]]}},{"id":"('way', 371295059)","type":"Feature","properties":{"aerialway":null,"piste:type":"nordic","piste:difficulty":"easy","name":"Tree Farm","base_elevation":465},"geometry":{"type":"LineString","coordinates":[[-111.316695,45.263425],[-111.31647,45.263546],[-111.316207,45.263628],[-111.316127,45.263806],[-111.316143,45.263961],[-111.316261,45.264097],[-111.316534,45.264202],[-111.316722,45.264361],[-111.317001,45.264429],[-111.317237,45.264479],[-111.317371,45.264803],[-111.317339,45.265033],[-111.317237,45.265192],[-111.317194,45.265343],[-111.317527,45.265569],[-111.317902,45.265822],[-111.318246,45.265914],[-111.318449,45.266041],[-111.318734,45.266087],[-111.31905,45.266052],[-111.319227,45.265984],[-111.319463,45.265954],[-111.319769,45.266015],[-111.320096,45.26632],[-111.320246,45.266471],[-111.320252,45.266597],[-111.320381,45.266956],[-111.320547,45.267177],[-111.320718,45.267362],[-111.320847,45.267462],[-111.321073,45.267488],[-111.32129,45.267587]]}},{"id":"('way', 371295101)","type":"Feature","properties":{"aerialway":null,"piste:type":"nordic","piste:difficulty":"easy","name":"Tree Farm","base_elevation":481},"geometry":{"type":"LineString","coordinates":[[-111.327261,45.266225],[-111.327204,45.266267],[-111.327033,45.266275],[-111.326732,45.266241],[-111.32655,45.266109],[-111.326249,45.265962],[-111.325723,45.265852],[-111.32501,45.265599],[-111.324635,45.265359],[-111.324425,45.26529],[-111.323669,45.265135],[-111.323267,45.26497],[-111.322907,45.264928]]}},{"id":"('way', 371295342)","type":"Feature","properties":{"aerialway":null,"piste:type":"nordic","piste:difficulty":"intermediate","name":"North Fork","base_elevation":668},"geometry":{"type":"LineString","coordinates":[[-111.337438,45.292226],[-111.337351,45.292054],[-111.337114,45.291973],[-111.336964,45.291822],[-111.336806,45.291475],[-111.336535,45.291449],[-111.336411,45.291507],[-111.336106,45.291645],[-111.335873,45.291575],[-111.335601,45.291243],[-111.335361,45.291156],[-111.335097,45.291179],[-111.334873,45.291009],[-111.334461,45.290854],[-111.334225,45.290692],[-111.333946,45.290212],[-111.333904,45.290014],[-111.333705,45.289854],[-111.333475,45.289837],[-111.33333,45.289686],[-111.333228,45.289347],[-111.33312,45.289129],[-111.332922,45.289043],[-111.332745,45.288873],[-111.332676,45.288701],[-111.332503,45.288563],[-111.332424,45.288384],[-111.332246,45.288246]]}},{"id":"('way', 371295353)","type":"Feature","properties":{"aerialway":null,"piste:type":"nordic","piste:difficulty":"intermediate","name":"North Fork","base_elevation":608},"geometry":{"type":"LineString","coordinates":[[-111.332246,45.288246],[-111.33202,45.288152],[-111.331801,45.287805],[-111.33164,45.287688],[-111.331576,45.287486],[-111.331366,45.287291],[-111.331131,45.287018],[-111.330953,45.286733],[-111.33065,45.28635],[-111.330476,45.286216],[-111.330012,45.285995],[-111.329774,45.285744],[-111.329553,45.2855],[-111.329274,45.285004],[-111.32914,45.284755],[-111.329312,45.284317],[-111.32914,45.283966],[-111.329011,45.283543],[-111.328502,45.283417],[-111.328539,45.283241]]}},{"id":"('way', 371295393)","type":"Feature","properties":{"aerialway":null,"piste:type":"nordic","piste:difficulty":"intermediate","name":"North Fork","base_elevation":583},"geometry":{"type":"LineString","coordinates":[[-111.328539,45.283241],[-111.328658,45.283142],[-111.328791,45.283032],[-111.328952,45.282874],[-111.328937,45.282745],[-111.328846,45.282632],[-111.328653,45.282527],[-111.328539,45.282398],[-111.328673,45.281892],[-111.328394,45.281364],[-111.328505,45.281003],[-111.328449,45.280785],[-111.328448,45.280337],[-111.32846,45.280127]]}},{"id":"('way', 371295425)","type":"Feature","properties":{"aerialway":null,"piste:type":"nordic","piste:difficulty":"easy","name":"Ranch Loop","base_elevation":572},"geometry":{"type":"LineString","coordinates":[[-111.327636,45.27952],[-111.327767,45.27962],[-111.327888,45.279751],[-111.327783,45.27989],[-111.327472,45.279741],[-111.327128,45.279454],[-111.32677,45.279326],[-111.326527,45.279156],[-111.32619,45.278892],[-111.325905,45.278597],[-111.325246,45.278408],[-111.324918,45.278299],[-111.324511,45.278054],[-111.323942,45.277627],[-111.323566,45.277438],[-111.323243,45.277293],[-111.322936,45.277133]]}},{"id":"('way', 371295428)","type":"Feature","properties":{"aerialway":null,"piste:type":"nordic","piste:difficulty":"intermediate","name":"Joy's Loop","base_elevation":562},"geometry":{"type":"LineString","coordinates":[[-111.320887,45.275404],[-111.320745,45.275279],[-111.320557,45.275196],[-111.320252,45.275136],[-111.319881,45.275233]]}},{"id":"('way', 371295692)","type":"Feature","properties":{"aerialway":null,"piste:type":"nordic","piste:difficulty":"intermediate","name":"Joy's Loop","base_elevation":562},"geometry":{"type":"LineString","coordinates":[[-111.32008,45.276376],[-111.320008,45.276364],[-111.319836,45.276327],[-111.319698,45.276234],[-111.319554,45.275947],[-111.319388,45.275626],[-111.319409,45.27549],[-111.319581,45.275339],[-111.319881,45.275233]]}},{"id":"('way', 371295750)","type":"Feature","properties":{"aerialway":null,"piste:type":"nordic","piste:difficulty":"intermediate","name":"Ranch Loop","base_elevation":508},"geometry":{"type":"LineString","coordinates":[[-111.320439,45.276407],[-111.320388,45.276558],[-111.320429,45.27691],[-111.320404,45.277116],[-111.320162,45.277207],[-111.319862,45.277079],[-111.319699,45.276997],[-111.319411,45.276935],[-111.319079,45.276871],[-111.318746,45.276686],[-111.318455,45.276706],[-111.318194,45.276769],[-111.317915,45.276686],[-111.317774,45.276555],[-111.317743,45.276218],[-111.317596,45.275981],[-111.317405,45.275818],[-111.317167,45.275717],[-111.316853,45.275678],[-111.316449,45.275653],[-111.316085,45.275678],[-111.315826,45.2758],[-111.315671,45.275981],[-111.315479,45.276108],[-111.315279,45.276242],[-111.314884,45.276301],[-111.314528,45.276298],[-111.31424,45.276237],[-111.314029,45.276064],[-111.313913,45.275893],[-111.313879,45.275464],[-111.313806,45.275123],[-111.313675,45.274932],[-111.313382,45.274674],[-111.312811,45.274543],[-111.311964,45.27415]]}},{"id":"('way', 371295751)","type":"Feature","properties":{"aerialway":null,"piste:type":"nordic","piste:difficulty":"intermediate","name":"Ranch Loop","base_elevation":490},"geometry":{"type":"LineString","coordinates":[[-111.313382,45.271585],[-111.313548,45.271476],[-111.314045,45.27133],[-111.314562,45.271144],[-111.314845,45.271141],[-111.315215,45.271047],[-111.315538,45.270914],[-111.315624,45.270714],[-111.315451,45.270564],[-111.315177,45.270519],[-111.314948,45.270514],[-111.314331,45.270491],[-111.314147,45.270405],[-111.314024,45.270235],[-111.313548,45.270117],[-111.313359,45.269949],[-111.313478,45.269777],[-111.313741,45.269721],[-111.314185,45.269707],[-111.314372,45.269707],[-111.31461,45.269668],[-111.314823,45.26956],[-111.315013,45.269396],[-111.315279,45.269129],[-111.315533,45.268966],[-111.316107,45.268988],[-111.316336,45.269069],[-111.316488,45.269211],[-111.316588,45.269397],[-111.316488,45.269649],[-111.316309,45.270054],[-111.316332,45.270253],[-111.316449,45.270353],[-111.316622,45.270415],[-111.316987,45.270404],[-111.317368,45.270487],[-111.317575,45.270666],[-111.317727,45.270899],[-111.318036,45.270991],[-111.318338,45.270929],[-111.318489,45.270786],[-111.318494,45.27057],[-111.318027,45.269902],[-111.317995,45.269619],[-111.318221,45.269343],[-111.318573,45.269209],[-111.318846,45.269005],[-111.318961,45.268815],[-111.318852,45.268639],[-111.318725,45.268501],[-111.318902,45.268324],[-111.319377,45.268571],[-111.319884,45.268909],[-111.320555,45.269086]]}},{"id":"('way', 371295884)","type":"Feature","properties":{"aerialway":null,"piste:type":"nordic","piste:difficulty":"intermediate","name":"Ranch Loop","base_elevation":479},"geometry":{"type":"LineString","coordinates":[[-111.322907,45.264928],[-111.322285,45.265252],[-111.322097,45.265452],[-111.321904,45.265784],[-111.321617,45.266096],[-111.321609,45.266342],[-111.321445,45.266847],[-111.321343,45.267225],[-111.32129,45.267587]]}},{"id":"('way', 371295898)","type":"Feature","properties":{"aerialway":null,"piste:type":"nordic","piste:difficulty":"intermediate","name":"Ranch Loop","base_elevation":541},"geometry":{"type":"LineString","coordinates":[[-111.324672,45.276323],[-111.324768,45.276432],[-111.325092,45.27676],[-111.325317,45.277049],[-111.325371,45.277077],[-111.32583,45.27725],[-111.32619,45.277294],[-111.326497,45.277382],[-111.326713,45.277461],[-111.327011,45.277534]]}},{"id":"('way', 371295965)","type":"Feature","properties":{"aerialway":null,"piste:type":"nordic","piste:difficulty":"intermediate","name":"Ranch Loop","base_elevation":575},"geometry":{"type":"LineString","coordinates":[[-111.328236,45.279347],[-111.328084,45.279424],[-111.327923,45.27948],[-111.327636,45.27952]]}},{"id":"('way', 371296024)","type":"Feature","properties":{"aerialway":null,"piste:type":"nordic","piste:difficulty":"easy","name":"Silverbow","base_elevation":447},"geometry":{"type":"LineString","coordinates":[[-111.305671,45.268645],[-111.305566,45.268618],[-111.30547,45.268597],[-111.305411,45.268575]]}},{"id":"('way', 371296102)","type":"Feature","properties":{"aerialway":null,"piste:type":"nordic","piste:difficulty":"advanced","name":"Fanny's Fling","base_elevation":518},"geometry":{"type":"LineString","coordinates":[[-111.320887,45.275404],[-111.320874,45.275087],[-111.320817,45.274821],[-111.320673,45.274496],[-111.320643,45.27432],[-111.320576,45.274141],[-111.320286,45.274017],[-111.320064,45.273958],[-111.319825,45.273832],[-111.319385,45.273639],[-111.319332,45.273454],[-111.319562,45.27313],[-111.319804,45.273009],[-111.319846,45.272831],[-111.319686,45.272431],[-111.319589,45.272129],[-111.319374,45.271963],[-111.319042,45.272016],[-111.318476,45.272293],[-111.318184,45.272295],[-111.317599,45.27214],[-111.316848,45.272061],[-111.316027,45.271948],[-111.315569,45.271825],[-111.31512,45.271616],[-111.314775,45.271568],[-111.31431,45.271616],[-111.314074,45.271518],[-111.313806,45.271593],[-111.313382,45.271585]]}},{"id":"('way', 371296164)","type":"Feature","properties":{"aerialway":null,"piste:type":"nordic","piste:difficulty":"intermediate","name":"Ranch Loop","base_elevation":451},"geometry":{"type":"LineString","coordinates":[[-111.306596,45.270119],[-111.306559,45.270011],[-111.306594,45.269898],[-111.306723,45.269673],[-111.306425,45.269401],[-111.306299,45.269189],[-111.306194,45.269011]]}},{"id":"('way', 371296279)","type":"Feature","properties":{"aerialway":null,"piste:type":"nordic","piste:difficulty":"easy","name":"Moose Alley","base_elevation":418},"geometry":{"type":"LineString","coordinates":[[-111.301034,45.2683],[-111.300688,45.268159],[-111.300505,45.268104],[-111.300248,45.2681],[-111.299771,45.267959],[-111.299491,45.267962],[-111.299202,45.268017],[-111.298738,45.268126],[-111.298054,45.26824],[-111.297426,45.268321],[-111.297109,45.268392],[-111.296815,45.268503],[-111.29653,45.268566],[-111.296138,45.268347],[-111.295855,45.268363],[-111.295634,45.26843],[-111.295447,45.268601],[-111.295205,45.26871],[-111.294712,45.268804],[-111.294304,45.269046],[-111.293971,45.269042],[-111.293746,45.269102],[-111.293634,45.26925],[-111.293344,45.269295],[-111.293231,45.269133],[-111.293311,45.268948],[-111.293553,45.268718],[-111.293821,45.268453],[-111.294213,45.268245],[-111.294379,45.268091],[-111.2944,45.267909],[-111.294253,45.267747]]}},{"id":"('way', 371296286)","type":"Feature","properties":{"aerialway":null,"piste:type":"nordic","piste:difficulty":"easy","name":"Silverbow","base_elevation":442},"geometry":{"type":"LineString","coordinates":[[-111.302803,45.262223],[-111.303021,45.261759],[-111.30323,45.261642],[-111.30396,45.261657],[-111.304883,45.261665],[-111.305462,45.261673],[-111.305956,45.261695],[-111.306358,45.261631],[-111.306932,45.261631],[-111.30727,45.261589],[-111.307812,45.261472],[-111.308273,45.261382],[-111.308536,45.261399]]}},{"id":"('way', 371296339)","type":"Feature","properties":{"aerialway":null,"piste:type":"nordic","piste:difficulty":"easy","name":"Bunker Loop","base_elevation":432},"geometry":{"type":"LineString","coordinates":[[-111.302581,45.264448],[-111.302408,45.264449],[-111.30226,45.26444],[-111.301735,45.264364],[-111.301022,45.264308],[-111.30043,45.264376],[-111.299949,45.264561],[-111.299438,45.264659],[-111.298978,45.264825],[-111.298404,45.265014],[-111.298259,45.265255],[-111.298388,45.265418],[-111.298769,45.265531],[-111.299037,45.265527],[-111.299508,45.265403],[-111.299804,45.26538],[-111.300205,45.265441],[-111.300528,45.265436],[-111.301075,45.265327],[-111.301428,45.265331],[-111.301757,45.265384],[-111.302186,45.265315],[-111.302494,45.26524]]}},{"id":"('way', 371296394)","type":"Feature","properties":{"aerialway":null,"piste:type":"nordic","piste:difficulty":"easy","name":"Silverbow","base_elevation":438},"geometry":{"type":"LineString","coordinates":[[-111.303436,45.263783],[-111.303456,45.263451],[-111.303473,45.263075],[-111.303457,45.262852],[-111.303182,45.262703],[-111.302669,45.262644],[-111.301848,45.26252],[-111.301505,45.26258],[-111.301101,45.262734],[-111.300802,45.262709],[-111.30035,45.262515],[-111.300153,45.262354],[-111.300216,45.262182],[-111.300365,45.261977]]}},{"id":"('way', 371296415)","type":"Feature","properties":{"aerialway":null,"piste:type":"nordic","piste:difficulty":"easy","name":"Yellowstone","base_elevation":441},"geometry":{"type":"LineString","coordinates":[[-111.307777,45.262541],[-111.308029,45.262652],[-111.308549,45.262725],[-111.308839,45.262761],[-111.309119,45.26274],[-111.309665,45.262855],[-111.309941,45.262824],[-111.310192,45.262895],[-111.310351,45.263003],[-111.310822,45.263242],[-111.310785,45.263406],[-111.31073,45.26355],[-111.310747,45.263847],[-111.310638,45.26415],[-111.310426,45.264313],[-111.309913,45.264362],[-111.309768,45.264501],[-111.309501,45.264516],[-111.309208,45.264494],[-111.30896,45.264546],[-111.308724,45.264648],[-111.308395,45.264861],[-111.307967,45.265086],[-111.307714,45.26514],[-111.307161,45.265121],[-111.30701,45.265199],[-111.30695,45.265246],[-111.306909,45.265352]]}},{"id":"('way', 371296417)","type":"Feature","properties":{"aerialway":null,"piste:type":"nordic","piste:difficulty":"easy","name":"Silverbow","base_elevation":433},"geometry":{"type":"LineString","coordinates":[[-111.30289,45.266821],[-111.302785,45.26694],[-111.302726,45.267115],[-111.302506,45.267219],[-111.30226,45.267306],[-111.301788,45.267332],[-111.301683,45.267355],[-111.301479,45.267434],[-111.301294,45.267585],[-111.30116,45.267719],[-111.301096,45.267957],[-111.30105,45.268118],[-111.301034,45.2683]]}},{"id":"('way', 371296428)","type":"Feature","properties":{"aerialway":null,"piste:type":"nordic","piste:difficulty":"easy","name":"Silverbow","base_elevation":440},"geometry":{"type":"LineString","coordinates":[[-111.30519,45.269202],[-111.304993,45.269292],[-111.304738,45.269267],[-111.304547,45.269137],[-111.304313,45.268819],[-111.304058,45.268425],[-111.303906,45.268125],[-111.303869,45.267944],[-111.303892,45.267775]]}},{"id":"('way', 371296489)","type":"Feature","properties":{"aerialway":null,"piste:type":"nordic","piste:difficulty":"easy","name":"Tin Shed Loop","base_elevation":443},"geometry":{"type":"LineString","coordinates":[[-111.308748,45.267117],[-111.308792,45.267062],[-111.308851,45.266962],[-111.308665,45.266823],[-111.308525,45.266673],[-111.308291,45.266328],[-111.308293,45.266193],[-111.308327,45.266079],[-111.308329,45.265922],[-111.308531,45.265817],[-111.308816,45.265822],[-111.309233,45.265678],[-111.309801,45.265502],[-111.310128,45.265329],[-111.310454,45.265101],[-111.310745,45.26505],[-111.311032,45.265055],[-111.311276,45.264934],[-111.311458,45.264857],[-111.311621,45.265029],[-111.311555,45.265202],[-111.311244,45.265355],[-111.310879,45.265491],[-111.31092,45.265688],[-111.311086,45.265818],[-111.311169,45.266001],[-111.3112,45.266193]]}},{"id":"('way', 371296686)","type":"Feature","properties":{"aerialway":null,"piste:type":"nordic","piste:difficulty":"easy","name":null,"base_elevation":418},"geometry":{"type":"LineString","coordinates":[[-111.288313,45.271037],[-111.288314,45.271335],[-111.288364,45.271429],[-111.288475,45.271467],[-111.288841,45.271494],[-111.28905,45.271492],[-111.289109,45.271462],[-111.289163,45.271363],[-111.289258,45.271299]]}},{"id":"('way', 371296758)","type":"Feature","properties":{"aerialway":null,"piste:type":"nordic","piste:difficulty":"advanced","name":"Ralph's Outlook","base_elevation":689},"geometry":{"type":"LineString","coordinates":[[-111.322834,45.286596],[-111.322192,45.286907],[-111.321808,45.286777],[-111.321916,45.28637],[-111.32167,45.286176],[-111.320827,45.286479],[-111.320265,45.286592],[-111.319921,45.28639],[-111.320191,45.286108],[-111.32081,45.286023],[-111.321286,45.28585],[-111.321137,45.285499],[-111.320758,45.285398],[-111.320689,45.285245],[-111.320019,45.285511],[-111.319692,45.285571],[-111.31956,45.285281],[-111.319996,45.28497],[-111.320208,45.284748],[-111.320173,45.284494],[-111.319743,45.284462],[-111.31944,45.284817],[-111.318958,45.285099],[-111.318545,45.285007],[-111.318625,45.284664],[-111.318912,45.28443],[-111.318935,45.284159],[-111.318585,45.284091],[-111.318241,45.284224],[-111.317932,45.284006],[-111.318018,45.283692],[-111.317777,45.283151]]}},{"id":"('way', 371296760)","type":"Feature","properties":{"aerialway":null,"piste:type":"nordic","piste:difficulty":"intermediate","name":"Ralph's Outlook","base_elevation":484},"geometry":{"type":"LineString","coordinates":[[-111.308317,45.274336],[-111.309506,45.273909],[-111.309581,45.273592],[-111.309034,45.27335],[-111.308969,45.273018],[-111.309248,45.272323],[-111.30931,45.271975],[-111.309512,45.271715]]}},{"id":"('way', 371296766)","type":"Feature","properties":{"aerialway":null,"piste:type":"nordic","piste:difficulty":"advanced","name":"Ralph's Outlook","base_elevation":689},"geometry":{"type":"LineString","coordinates":[[-111.322834,45.286596],[-111.323078,45.286154],[-111.322606,45.285972],[-111.322252,45.285754],[-111.321726,45.285067],[-111.321072,45.284349],[-111.319966,45.283783],[-111.318883,45.283557],[-111.317777,45.283151]]}},{"id":"('way', 371296794)","type":"Feature","properties":{"aerialway":null,"piste:type":"nordic","piste:difficulty":"intermediate","name":"Ralph's Outlook","base_elevation":513},"geometry":{"type":"LineString","coordinates":[[-111.317777,45.283151],[-111.316905,45.282856],[-111.316412,45.282671],[-111.315535,45.282235],[-111.315145,45.281743],[-111.314618,45.281344],[-111.314021,45.281255],[-111.313379,45.281327],[-111.312846,45.28113],[-111.312353,45.281352],[-111.311946,45.281372],[-111.311413,45.28134],[-111.310598,45.281057],[-111.310203,45.280722],[-111.309836,45.279932],[-111.309423,45.279294],[-111.308064,45.277846],[-111.308104,45.277228],[-111.307812,45.276591],[-111.307669,45.275667],[-111.307884,45.274866],[-111.308317,45.274336]]}},{"id":"('way', 371296880)","type":"Feature","properties":{"aerialway":null,"piste:type":"nordic","piste:difficulty":"easy","name":"Town Center Trails","base_elevation":446},"geometry":{"type":"LineString","coordinates":[[-111.302128,45.259618],[-111.302394,45.259422],[-111.302512,45.259309],[-111.3025,45.259199],[-111.302587,45.258916],[-111.302772,45.25865],[-111.30288,45.258516],[-111.303118,45.258376],[-111.30345,45.258184],[-111.30372,45.258015],[-111.303968,45.257869],[-111.304209,45.2579],[-111.304509,45.258065],[-111.304631,45.258165],[-111.304808,45.258257],[-111.305113,45.258323],[-111.305454,45.258411]]}},{"id":"('way', 371296886)","type":"Feature","properties":{"aerialway":null,"piste:type":"nordic","piste:difficulty":"easy","name":"Town Center Trails","base_elevation":449},"geometry":{"type":"LineString","coordinates":[[-111.304206,45.259513],[-111.304232,45.259397],[-111.304271,45.259237],[-111.304324,45.25908],[-111.304421,45.258999],[-111.304576,45.258912],[-111.304926,45.25869],[-111.30535,45.258523],[-111.305454,45.258411]]}},{"id":"('way', 384709200)","type":"Feature","properties":{"aerialway":"chair_lift","piste:type":null,"piste:difficulty":null,"name":"Southern Cross","base_elevation":1043},"geometry":{"type":"LineString","coordinates":[[-111.418286,45.268101],[-111.41861,45.267906],[-111.419253,45.267519],[-111.420129,45.266993],[-111.420835,45.266568],[-111.421721,45.266036],[-111.42211,45.265802]]}},{"id":"('way', 500482451)","type":"Feature","properties":{"aerialway":null,"piste:type":"nordic","piste:difficulty":"easy","name":null,"base_elevation":402},"geometry":{"type":"LineString","coordinates":[[-111.288654,45.270449],[-111.28851,45.270393],[-111.288396,45.270372],[-111.288297,45.270363],[-111.288174,45.270363],[-111.288042,45.27038],[-111.287895,45.270384],[-111.28771,45.270346],[-111.287466,45.270306],[-111.287303,45.27028],[-111.287142,45.27024],[-111.286926,45.270176],[-111.286793,45.270125],[-111.286713,45.270066],[-111.286621,45.270019],[-111.286509,45.269971],[-111.286395,45.269928],[-111.286285,45.269862],[-111.286199,45.269811],[-111.286121,45.269774],[-111.286054,45.269745],[-111.285984,45.269694],[-111.285869,45.269555],[-111.285774,45.269422],[-111.285708,45.269379],[-111.285647,45.269367],[-111.285582,45.26938],[-111.285445,45.269523],[-111.285383,45.269619],[-111.285284,45.269782],[-111.285229,45.269845],[-111.28511,45.269913],[-111.284978,45.269957],[-111.284839,45.269986],[-111.284659,45.270027],[-111.284527,45.270075],[-111.28421,45.270067],[-111.283691,45.270049],[-111.283492,45.270049],[-111.283346,45.270038],[-111.28321,45.270041],[-111.283074,45.270048],[-111.282962,45.270071],[-111.282787,45.270046],[-111.282586,45.269962],[-111.282303,45.269884],[-111.282135,45.269871],[-111.281915,45.269895],[-111.281764,45.269912],[-111.281523,45.269985],[-111.281322,45.270083],[-111.281251,45.270123],[-111.281171,45.270138],[-111.281016,45.270187],[-111.280842,45.270214],[-111.280789,45.2702],[-111.280713,45.270165],[-111.280647,45.270153],[-111.280567,45.27016],[-111.280464,45.270186],[-111.280372,45.270224],[-111.280267,45.270238],[-111.280136,45.270232],[-111.280017,45.270237],[-111.279876,45.270224],[-111.279812,45.270208],[-111.279762,45.270215],[-111.279726,45.270244],[-111.279692,45.270326],[-111.279642,45.27035]]}},{"id":"('way', 500482452)","type":"Feature","properties":{"aerialway":null,"piste:type":"nordic","piste:difficulty":"easy","name":null,"base_elevation":414},"geometry":{"type":"LineString","coordinates":[[-111.291525,45.270632],[-111.2915,45.270474],[-111.291468,45.270414],[-111.291392,45.270378],[-111.291313,45.270343],[-111.291235,45.270356],[-111.291173,45.27038],[-111.291135,45.270406]]}},{"id":"('way', 580269262)","type":"Feature","properties":{"aerialway":null,"piste:type":"downhill","piste:difficulty":"intermediate","name":"Trembler","base_elevation":1122},"geometry":{"type":"LineString","coordinates":[[-111.447954,45.289319],[-111.448309,45.289669],[-111.448654,45.289953],[-111.448977,45.290208],[-111.449288,45.290598],[-111.449604,45.291064],[-111.449959,45.291597],[-111.45013,45.292056],[-111.450074,45.292587],[-111.449933,45.292947],[-111.449705,45.293534],[-111.449189,45.294341],[-111.449131,45.295268]]}},{"id":"('way', 580269263)","type":"Feature","properties":{"aerialway":null,"piste:type":"downhill","piste:difficulty":"intermediate","name":"Ice House","base_elevation":927},"geometry":{"type":"LineString","coordinates":[[-111.4468,45.295714],[-111.446457,45.295999],[-111.446326,45.296168],[-111.446192,45.296777],[-111.446134,45.29721],[-111.446033,45.297449],[-111.445837,45.297651],[-111.444755,45.298855],[-111.443749,45.299881],[-111.443477,45.300024],[-111.441647,45.300558],[-111.441448,45.300615],[-111.44076,45.300762],[-111.440494,45.300829],[-111.439613,45.301052]]}},{"id":"('way', 593488061)","type":"Feature","properties":{"aerialway":null,"piste:type":"downhill","piste:difficulty":"intermediate","name":"Trembler","base_elevation":956},"geometry":{"type":"LineString","coordinates":[[-111.449131,45.295268],[-111.448824,45.295352],[-111.448524,45.295443],[-111.448353,45.295527],[-111.448246,45.295623],[-111.448194,45.295773],[-111.448467,45.296858],[-111.448661,45.297773],[-111.449786,45.300229],[-111.450119,45.301077],[-111.450352,45.301971],[-111.450602,45.302144],[-111.450981,45.302261],[-111.451297,45.302386]]}},{"id":"('way', 593488063)","type":"Feature","properties":{"aerialway":null,"piste:type":"downhill","piste:difficulty":"advanced","name":"Liberty Bowl","base_elevation":1518},"geometry":{"type":"LineString","coordinates":[[-111.451417,45.276578],[-111.451938,45.274815],[-111.452136,45.272144],[-111.45191,45.271],[-111.451859,45.270743]]}},{"id":"('way', 593488064)","type":"Feature","properties":{"aerialway":null,"piste:type":"downhill","piste:difficulty":"advanced","name":null,"base_elevation":1144},"geometry":{"type":"LineString","coordinates":[[-111.456155,45.264711],[-111.456281,45.263966],[-111.455874,45.263409],[-111.455343,45.262995],[-111.4553,45.262961],[-111.454625,45.262746],[-111.454183,45.262585],[-111.454151,45.262513],[-111.454335,45.262209]]}},{"id":"('way', 593488066)","type":"Feature","properties":{"aerialway":null,"piste:type":"downhill","piste:difficulty":"advanced","name":"Badlands","base_elevation":1217},"geometry":{"type":"LineString","coordinates":[[-111.45367,45.270787],[-111.453662,45.270883],[-111.453745,45.27085],[-111.453855,45.27075],[-111.453904,45.270704],[-111.454045,45.270676],[-111.454209,45.270666],[-111.454643,45.270693],[-111.454914,45.270693],[-111.455188,45.270641],[-111.455445,45.270571],[-111.456431,45.270476],[-111.456659,45.270276],[-111.456852,45.269204],[-111.457177,45.267837],[-111.457549,45.266143],[-111.457015,45.265538],[-111.456155,45.264711]]}},{"id":"('way', 593488067)","type":"Feature","properties":{"aerialway":null,"piste:type":"downhill","piste:difficulty":"expert","name":"Lenin","base_elevation":1463},"geometry":{"type":"LineString","coordinates":[[-111.448917,45.277021],[-111.448469,45.276498],[-111.448054,45.27594],[-111.447648,45.275454],[-111.446754,45.274712],[-111.446008,45.274092],[-111.444319,45.272691]]}},{"id":"('way', 613802125)","type":"Feature","properties":{"aerialway":null,"piste:type":"downhill","piste:difficulty":"intermediate","name":"Park Avenue","base_elevation":878},"geometry":{"type":"LineString","coordinates":[[-111.435358,45.297503],[-111.43583,45.298621],[-111.435809,45.299808],[-111.43508,45.301269],[-111.434251,45.301914]]}},{"id":"('way', 614048967)","type":"Feature","properties":{"aerialway":null,"piste:type":"downhill","piste:difficulty":"extreme","name":"North Summit Snowfield","base_elevation":1676},"geometry":{"type":"LineString","coordinates":[[-111.450915,45.278075],[-111.450978,45.278096],[-111.450988,45.278142],[-111.450944,45.278455],[-111.450934,45.278782],[-111.450919,45.279188],[-111.450856,45.279434],[-111.451031,45.279911],[-111.451298,45.280449],[-111.452058,45.28118],[-111.452375,45.28134]]}},{"id":"('way', 614048968)","type":"Feature","properties":{"aerialway":null,"piste:type":"downhill","piste:difficulty":"extreme","name":"Great Falls","base_elevation":1397},"geometry":{"type":"LineString","coordinates":[[-111.452375,45.28134],[-111.452663,45.281368],[-111.452748,45.281355],[-111.452787,45.281302],[-111.452823,45.281199],[-111.45288,45.281169],[-111.453268,45.281116],[-111.453549,45.281162],[-111.453805,45.281284],[-111.454068,45.281514],[-111.454181,45.281826],[-111.454204,45.281892],[-111.454312,45.281965],[-111.454492,45.282046],[-111.454539,45.282107],[-111.454532,45.282149],[-111.454475,45.28219],[-111.454387,45.282227],[-111.45435,45.282304],[-111.454359,45.28241],[-111.454338,45.282518],[-111.454071,45.283169],[-111.453779,45.283812],[-111.453041,45.284623],[-111.452744,45.284937],[-111.452562,45.284995],[-111.451815,45.285005]]}},{"id":"('way', 614048970)","type":"Feature","properties":{"aerialway":null,"piste:type":"downhill","piste:difficulty":"expert","name":"Great Falls Gully","base_elevation":1183},"geometry":{"type":"LineString","coordinates":[[-111.452744,45.284937],[-111.452667,45.28537],[-111.452716,45.286047],[-111.452688,45.286516],[-111.452758,45.286753],[-111.452926,45.286872],[-111.453201,45.286986],[-111.453385,45.287036],[-111.45405,45.287148],[-111.454296,45.287198],[-111.454413,45.287306],[-111.454565,45.287811],[-111.454633,45.288333],[-111.45483,45.289218],[-111.454812,45.289439],[-111.454565,45.290343],[-111.453597,45.291838],[-111.453482,45.291948],[-111.453134,45.292189],[-111.452723,45.292369],[-111.452042,45.292565],[-111.451559,45.29266]]}},{"id":"('way', 614048971)","type":"Feature","properties":{"aerialway":null,"piste:type":"downhill","piste:difficulty":"extreme","name":"Rips","base_elevation":1202},"geometry":{"type":"LineString","coordinates":[[-111.452909,45.282482],[-111.45278,45.282619],[-111.452643,45.282761],[-111.45251,45.282797],[-111.452244,45.282794],[-111.451814,45.282725],[-111.451656,45.282766],[-111.451619,45.282821],[-111.451659,45.283382],[-111.451815,45.285005],[-111.451868,45.286246],[-111.45185,45.286686],[-111.451685,45.287332],[-111.451673,45.287521],[-111.451642,45.287958],[-111.4516,45.288299],[-111.451462,45.288488],[-111.451414,45.288551],[-111.451398,45.288625],[-111.451421,45.28869],[-111.451491,45.28874],[-111.452055,45.28887],[-111.452409,45.289018],[-111.452688,45.28926],[-111.452944,45.289591],[-111.453134,45.28992],[-111.4532,45.290097],[-111.453215,45.290302],[-111.453133,45.29045],[-111.453075,45.290624],[-111.453091,45.290772],[-111.45315,45.290879],[-111.45326,45.290943],[-111.453494,45.290992],[-111.453555,45.291034],[-111.453569,45.291111],[-111.45347,45.291424],[-111.453491,45.291764],[-111.453482,45.291948]]}},{"id":"('way', 614048972)","type":"Feature","properties":{"aerialway":null,"piste:type":"downhill","piste:difficulty":"extreme","name":"Deepwater Bowl","base_elevation":1307},"geometry":{"type":"Polygon","coordinates":[[[-111.444646,45.287117],[-111.447704,45.287604],[-111.449703,45.287811],[-111.451406,45.288073],[-111.451752,45.286632],[-111.452907,45.284899],[-111.452557,45.284225],[-111.451057,45.283962],[-111.450092,45.284011],[-111.449288,45.284248],[-111.448428,45.284851],[-111.447073,45.285323],[-111.445662,45.285486],[-111.444646,45.287117]]]}},{"id":"('way', 614048973)","type":"Feature","properties":{"aerialway":null,"piste:type":"downhill","piste:difficulty":"expert","name":"Horseshoe Bowl","base_elevation":1251},"geometry":{"type":"Polygon","coordinates":[[[-111.446331,45.288182],[-111.44656,45.287881],[-111.446736,45.28772],[-111.447219,45.28761],[-111.44761,45.287602],[-111.448209,45.287974],[-111.448334,45.288253],[-111.448317,45.288543],[-111.448228,45.288956],[-111.447954,45.289319],[-111.447737,45.289012],[-111.44743,45.288779],[-111.447218,45.288654],[-111.447038,45.288606],[-111.446794,45.288566],[-111.446645,45.288581],[-111.446444,45.2886],[-111.446255,45.288643],[-111.446331,45.288182]]]}},{"id":"('way', 614048975)","type":"Feature","properties":{"aerialway":null,"piste:type":"downhill","piste:difficulty":"intermediate","name":"Whiskey","base_elevation":1120},"geometry":{"type":"LineString","coordinates":[[-111.445982,45.291517],[-111.446403,45.291882],[-111.446779,45.292665],[-111.447337,45.29321],[-111.447564,45.293573],[-111.447552,45.294425],[-111.44827,45.295074],[-111.448336,45.295172],[-111.448367,45.295321],[-111.448353,45.295527]]}},{"id":"('way', 614051543)","type":"Feature","properties":{"aerialway":null,"piste:type":"downhill","piste:difficulty":"advanced","name":"Ulery's Trace","base_elevation":913},"geometry":{"type":"LineString","coordinates":[[-111.444588,45.300637],[-111.444076,45.300594],[-111.443894,45.300608],[-111.443557,45.300746],[-111.442834,45.301019],[-111.442213,45.30122],[-111.44124,45.301731],[-111.440403,45.302259],[-111.43955,45.302339]]}},{"id":"('way', 614051544)","type":"Feature","properties":{"aerialway":null,"piste:type":"downhill","piste:difficulty":"advanced","name":"Trapline","base_elevation":875},"geometry":{"type":"LineString","coordinates":[[-111.445508,45.300035],[-111.445028,45.300307],[-111.444804,45.300474],[-111.444588,45.300637],[-111.443984,45.301095],[-111.443497,45.301386],[-111.442894,45.301779],[-111.442158,45.302241],[-111.441843,45.302382],[-111.440742,45.302972],[-111.440241,45.303346],[-111.440063,45.303612],[-111.43981,45.303799],[-111.439369,45.304206],[-111.438713,45.304654]]}},{"id":"('way', 672803310)","type":"Feature","properties":{"aerialway":null,"piste:type":"downhill","piste:difficulty":"advanced","name":"Pine Marten","base_elevation":839},"geometry":{"type":"LineString","coordinates":[[-111.442213,45.30122],[-111.441843,45.302382],[-111.441545,45.303078],[-111.441399,45.303243],[-111.441335,45.303316],[-111.441289,45.303421],[-111.441176,45.304029],[-111.440946,45.304573],[-111.440731,45.305082],[-111.440576,45.30549],[-111.440409,45.305961],[-111.440131,45.306446]]}},{"id":"('way', 672803311)","type":"Feature","properties":{"aerialway":null,"piste:type":"downhill","piste:difficulty":"advanced","name":"Lower Pine Marten","base_elevation":750},"geometry":{"type":"LineString","coordinates":[[-111.440098,45.306492],[-111.440179,45.306708],[-111.440018,45.307146],[-111.439857,45.307576],[-111.439701,45.30804],[-111.439511,45.308588],[-111.439361,45.308869],[-111.439031,45.309856]]}},{"id":"('way', 672803744)","type":"Feature","properties":{"aerialway":null,"piste:type":"downhill","piste:difficulty":"advanced","name":"Lower Trapline","base_elevation":750},"geometry":{"type":"LineString","coordinates":[[-111.438734,45.306658],[-111.438712,45.306901],[-111.438688,45.307049],[-111.43862,45.307303],[-111.438525,45.307598],[-111.438499,45.307797],[-111.438458,45.308175],[-111.438476,45.308417],[-111.438763,45.308883],[-111.438892,45.30912],[-111.438958,45.309399],[-111.439005,45.309694],[-111.439031,45.309856]]}},{"id":"('way', 672803745)","type":"Feature","properties":{"aerialway":null,"piste:type":"downhill","piste:difficulty":"intermediate","name":"Coulee","base_elevation":736},"geometry":{"type":"LineString","coordinates":[[-111.436735,45.305492],[-111.43661,45.305994],[-111.436605,45.306071],[-111.436645,45.306823],[-111.436656,45.307516],[-111.436826,45.308461],[-111.436887,45.30898],[-111.43702,45.309804],[-111.436995,45.309945],[-111.436931,45.310077]]}},{"id":"('way', 672804049)","type":"Feature","properties":{"aerialway":null,"piste:type":"downhill","piste:difficulty":"advanced","name":"PB&J Way","base_elevation":842},"geometry":{"type":"LineString","coordinates":[[-111.451009,45.306677],[-111.450348,45.306994],[-111.449417,45.307286],[-111.448714,45.30766],[-111.448194,45.308],[-111.44784,45.308618],[-111.447606,45.308754]]}},{"id":"('way', 672804467)","type":"Feature","properties":{"aerialway":null,"piste:type":"downhill","piste:difficulty":"intermediate","name":"Trembler","base_elevation":842},"geometry":{"type":"LineString","coordinates":[[-111.451297,45.302386],[-111.451378,45.302431],[-111.451449,45.302543],[-111.451422,45.302637],[-111.451284,45.302848],[-111.451166,45.303132],[-111.451124,45.3034],[-111.451153,45.303648],[-111.451246,45.303773],[-111.451321,45.304109],[-111.4513,45.304488],[-111.451279,45.304866],[-111.45034,45.305734],[-111.449859,45.306122],[-111.44948,45.306388],[-111.448992,45.306789],[-111.448624,45.307123],[-111.448308,45.307435],[-111.447977,45.307605],[-111.447679,45.307766],[-111.447591,45.307931],[-111.447519,45.30849],[-111.447497,45.308727]]}},{"id":"('way', 672804468)","type":"Feature","properties":{"aerialway":null,"piste:type":"downhill","piste:difficulty":"advanced","name":"Timberwolf","base_elevation":959},"geometry":{"type":"LineString","coordinates":[[-111.454208,45.302405],[-111.453986,45.302417],[-111.452942,45.30249],[-111.451977,45.30259],[-111.451422,45.302637]]}},{"id":"('way', 672804962)","type":"Feature","properties":{"aerialway":null,"piste:type":"downhill","piste:difficulty":"advanced","name":"Grizzly Meadows","base_elevation":960},"geometry":{"type":"LineString","coordinates":[[-111.449131,45.295268],[-111.449197,45.295618],[-111.449171,45.295939],[-111.449231,45.296166],[-111.449388,45.296356],[-111.449617,45.296643],[-111.449692,45.296773],[-111.449727,45.296793],[-111.450034,45.296901],[-111.450217,45.296939],[-111.450335,45.296988],[-111.450513,45.297103],[-111.450602,45.297232],[-111.450721,45.29734],[-111.450778,45.297454],[-111.45081,45.297634],[-111.451026,45.299068],[-111.451134,45.299867],[-111.451373,45.300484],[-111.451609,45.300763],[-111.451742,45.301142],[-111.451733,45.301301],[-111.451682,45.301421],[-111.451531,45.301635],[-111.451293,45.301952],[-111.451249,45.302131],[-111.451297,45.302386]]}},{"id":"('way', 672805070)","type":"Feature","properties":{"aerialway":null,"piste:type":"downhill","piste:difficulty":"intermediate","name":"Jackrabbit","base_elevation":1183},"geometry":{"type":"LineString","coordinates":[[-111.446475,45.290593],[-111.4469,45.290347],[-111.447181,45.290114],[-111.447326,45.290101],[-111.448089,45.290246],[-111.448722,45.290612],[-111.449604,45.291064]]}},{"id":"('way', 672805478)","type":"Feature","properties":{"aerialway":null,"piste:type":"downhill","piste:difficulty":"advanced","name":"Whitebark","base_elevation":1148},"geometry":{"type":"LineString","coordinates":[[-111.446153,45.290905],[-111.446745,45.291116],[-111.447228,45.291673],[-111.44766,45.292045],[-111.448398,45.292533],[-111.448917,45.292911],[-111.449322,45.293262],[-111.449705,45.293534]]}},{"id":"('way', 766531888)","type":"Feature","properties":{"aerialway":"gondola","piste:type":null,"piste:difficulty":null,"name":"Eglise Gondola Stage 1","base_elevation":728},"geometry":{"type":"LineString","coordinates":[[-111.412037,45.239622],[-111.411951,45.239078],[-111.411873,45.238581],[-111.411766,45.237901],[-111.411445,45.235855],[-111.411371,45.235384]]}},{"id":"('way', 766531889)","type":"Feature","properties":{"aerialway":"gondola","piste:type":null,"piste:difficulty":null,"name":"Eglise Gondola Stage 2","base_elevation":739},"geometry":{"type":"LineString","coordinates":[[-111.411371,45.235384],[-111.411585,45.234818],[-111.412043,45.233609],[-111.412369,45.232748],[-111.41267,45.231951],[-111.412876,45.231409],[-111.413173,45.230623],[-111.413326,45.230218],[-111.413721,45.229174],[-111.41417,45.227988],[-111.414389,45.22741],[-111.414938,45.225959],[-111.41525,45.225135],[-111.415602,45.224206],[-111.415684,45.223988],[-111.415994,45.223168],[-111.416583,45.221612],[-111.417424,45.21939],[-111.417497,45.219196],[-111.417648,45.218798]]}},{"id":"('way', 766531890)","type":"Feature","properties":{"aerialway":"chair_lift","piste:type":null,"piste:difficulty":null,"name":"Little Dipper Triple","base_elevation":1013},"geometry":{"type":"LineString","coordinates":[[-111.418399,45.223763],[-111.418566,45.223459],[-111.418851,45.222942],[-111.419087,45.222512],[-111.419371,45.221996],[-111.419893,45.221049],[-111.420345,45.220227],[-111.420744,45.219502],[-111.421121,45.218817],[-111.421527,45.218079],[-111.421824,45.217539],[-111.422047,45.217135]]}},{"id":"('way', 766531891)","type":"Feature","properties":{"aerialway":"chair_lift","piste:type":null,"piste:difficulty":null,"name":"Great Bear","base_elevation":1117},"geometry":{"type":"LineString","coordinates":[[-111.417605,45.218405],[-111.418091,45.217907],[-111.418638,45.217347],[-111.419347,45.21662],[-111.420178,45.215769],[-111.420875,45.215055],[-111.421483,45.214433],[-111.422297,45.213598],[-111.423208,45.212665],[-111.42379,45.21207],[-111.424412,45.211432],[-111.424835,45.210999],[-111.426186,45.209615],[-111.427057,45.208723],[-111.427423,45.208348],[-111.427789,45.207973],[-111.427883,45.207876]]}},{"id":"('way', 766531892)","type":"Feature","properties":{"aerialway":"chair_lift","piste:type":null,"piste:difficulty":null,"name":"Silver Tip - High SPeed","base_elevation":971},"geometry":{"type":"LineString","coordinates":[[-111.439814,45.217649],[-111.439677,45.217532],[-111.438678,45.216672],[-111.437759,45.215881],[-111.437091,45.215305],[-111.435921,45.214299],[-111.435143,45.213628],[-111.434715,45.21326],[-111.433294,45.212036],[-111.432218,45.21111],[-111.431322,45.210339],[-111.430506,45.209636],[-111.430002,45.209202],[-111.428962,45.208306],[-111.428651,45.208039],[-111.428366,45.207793]]}},{"id":"('way', 766531893)","type":"Feature","properties":{"aerialway":null,"piste:type":"downhill","piste:difficulty":"easy","name":"Corey Fest","base_elevation":1118},"geometry":{"type":"LineString","coordinates":[[-111.427637,45.207873],[-111.427358,45.208175],[-111.427057,45.208523],[-111.426285,45.208553],[-111.425555,45.208613],[-111.424997,45.208644],[-111.424761,45.208749],[-111.424654,45.208901],[-111.424826,45.209248],[-111.42519,45.20949],[-111.425469,45.209823],[-111.42592,45.210216],[-111.426199,45.210367],[-111.426392,45.210563],[-111.426478,45.210926],[-111.426456,45.211349],[-111.426177,45.211848],[-111.42622,45.212257],[-111.426177,45.212619],[-111.425963,45.213058],[-111.425684,45.213315],[-111.425105,45.213693],[-111.424804,45.21401],[-111.424504,45.214433],[-111.423903,45.214599],[-111.423388,45.214766],[-111.422851,45.215038],[-111.422251,45.21537],[-111.421904,45.215825],[-111.421779,45.21599],[-111.421586,45.216368],[-111.421328,45.216701],[-111.420792,45.217199],[-111.420556,45.217653],[-111.420126,45.218031],[-111.41989,45.218303],[-111.419311,45.218469],[-111.418882,45.218605],[-111.418234,45.21863],[-111.418088,45.218635],[-111.417745,45.218605]]}},{"id":"('way', 766531894)","type":"Feature","properties":{"aerialway":null,"piste:type":"downhill","piste:difficulty":"intermediate","name":"Watson's Revenge","base_elevation":739},"geometry":{"type":"LineString","coordinates":[[-111.424761,45.208749],[-111.424353,45.208976],[-111.423967,45.209354],[-111.423624,45.210004],[-111.423216,45.210488],[-111.422723,45.210987],[-111.422358,45.211425],[-111.421907,45.211818],[-111.421392,45.212241],[-111.421135,45.212468],[-111.420641,45.212891],[-111.420298,45.213345],[-111.41974,45.213693],[-111.419268,45.213919],[-111.41886,45.214222],[-111.418238,45.214705],[-111.418152,45.214977],[-111.418045,45.215506],[-111.418088,45.215884],[-111.418066,45.216428],[-111.418066,45.216852],[-111.418088,45.217109],[-111.417916,45.217381],[-111.417466,45.217638],[-111.416929,45.217774],[-111.416221,45.218076],[-111.41577,45.218484],[-111.415427,45.218877],[-111.415127,45.219527],[-111.415062,45.220222],[-111.414848,45.220691],[-111.414633,45.221175],[-111.414569,45.221643],[-111.414161,45.222973],[-111.413882,45.223759],[-111.413475,45.224243],[-111.412874,45.224893],[-111.412423,45.225739],[-111.412287,45.226007],[-111.41208,45.226419],[-111.411957,45.226843],[-111.411822,45.227311],[-111.411758,45.228232],[-111.411717,45.2288],[-111.411693,45.229139],[-111.411887,45.229895],[-111.411929,45.23053],[-111.411844,45.231225],[-111.411693,45.231905],[-111.411457,45.232524],[-111.411028,45.233114],[-111.410792,45.233613],[-111.410663,45.233884],[-111.410771,45.234292],[-111.411157,45.234912],[-111.411371,45.235384]]}},{"id":"('way', 766531895)","type":"Feature","properties":{"aerialway":null,"piste:type":"downhill","piste:difficulty":"easy","name":"Bentley's Bark","base_elevation":1117},"geometry":{"type":"LineString","coordinates":[[-111.423624,45.210004],[-111.423474,45.210654],[-111.423302,45.211229],[-111.423388,45.211894],[-111.423452,45.212241],[-111.423302,45.212937],[-111.423045,45.213572],[-111.422508,45.214297],[-111.422079,45.21472],[-111.421972,45.215295],[-111.421904,45.215825],[-111.421521,45.216066],[-111.421199,45.216217],[-111.42047,45.216413],[-111.419762,45.216655],[-111.419354,45.216776],[-111.418646,45.216943],[-111.418174,45.217214],[-111.41815,45.217342],[-111.418131,45.217441],[-111.418131,45.217698],[-111.417809,45.217985],[-111.417401,45.218409]]}},{"id":"('way', 766531896)","type":"Feature","properties":{"aerialway":"magic_carpet","piste:type":null,"piste:difficulty":null,"name":"Len's Hill","base_elevation":1123},"geometry":{"type":"LineString","coordinates":[[-111.418109,45.218318],[-111.418689,45.217849]]}},{"id":"('way', 766531897)","type":"Feature","properties":{"aerialway":null,"piste:type":"downhill","piste:difficulty":"novice","name":"Len's Hill","base_elevation":1123},"geometry":{"type":"LineString","coordinates":[[-111.418689,45.217849],[-111.418581,45.218106],[-111.418388,45.218273],[-111.418109,45.218318]]}},{"id":"('way', 766531898)","type":"Feature","properties":{"aerialway":null,"piste:type":"downhill","piste:difficulty":"easy","name":"Great Bear 2","base_elevation":1204},"geometry":{"type":"LineString","coordinates":[[-111.423452,45.212241],[-111.423109,45.212559],[-111.42253,45.212861],[-111.4218,45.213058],[-111.421006,45.213209],[-111.420298,45.213345]]}},{"id":"('way', 766531899)","type":"Feature","properties":{"aerialway":null,"piste:type":"downhill","piste:difficulty":"easy","name":"Great Bear 4A","base_elevation":1130},"geometry":{"type":"LineString","coordinates":[[-111.420792,45.217199],[-111.420126,45.217396],[-111.419504,45.217335],[-111.419096,45.217245],[-111.418474,45.217245],[-111.41815,45.217342]]}},{"id":"('way', 766531900)","type":"Feature","properties":{"aerialway":null,"piste:type":"downhill","piste:difficulty":"intermediate","name":"Banker's Bruce","base_elevation":1242},"geometry":{"type":"LineString","coordinates":[[-111.427789,45.207973],[-111.427851,45.208583],[-111.427808,45.20884],[-111.427915,45.209218],[-111.427915,45.209717],[-111.427873,45.210503],[-111.427701,45.210987],[-111.427379,45.211622],[-111.427014,45.212226],[-111.426564,45.212453],[-111.426177,45.212619]]}},{"id":"('way', 766531901)","type":"Feature","properties":{"aerialway":null,"piste:type":"downhill","piste:difficulty":"easy","name":"Yellow Jackat","base_elevation":1120},"geometry":{"type":"LineString","coordinates":[[-111.426392,45.210563],[-111.426907,45.210715],[-111.427315,45.210836],[-111.427701,45.210987],[-111.428087,45.211259],[-111.428473,45.211833],[-111.428688,45.212257],[-111.428903,45.21268],[-111.429139,45.213073],[-111.429246,45.213466],[-111.429181,45.213889],[-111.428924,45.214055],[-111.428624,45.21404],[-111.428259,45.214176],[-111.427851,45.214494],[-111.427422,45.214857],[-111.426885,45.215189],[-111.426607,45.215401],[-111.426285,45.215597],[-111.425813,45.215733],[-111.425555,45.216066],[-111.425298,45.216232],[-111.42504,45.216383],[-111.424675,45.216655],[-111.424353,45.216973],[-111.42401,45.217275],[-111.423786,45.217403],[-111.42356,45.217532],[-111.423259,45.217713],[-111.422873,45.217925],[-111.422251,45.218122],[-111.421714,45.218409],[-111.420856,45.218666],[-111.420476,45.218755],[-111.420084,45.218847],[-111.419568,45.218817],[-111.418925,45.218726],[-111.418234,45.21863]]}},{"id":"('way', 766531902)","type":"Feature","properties":{"aerialway":null,"piste:type":"downhill","piste:difficulty":"easy","name":"Great Bear 5","base_elevation":1161},"geometry":{"type":"LineString","coordinates":[[-111.424504,45.214433],[-111.424418,45.214902],[-111.424461,45.21537],[-111.424482,45.216005],[-111.424182,45.216368],[-111.423903,45.216806],[-111.423774,45.217109],[-111.423786,45.217403]]}},{"id":"('way', 766531903)","type":"Feature","properties":{"aerialway":null,"piste:type":"downhill","piste:difficulty":"easy","name":"Queen's Gem","base_elevation":1013},"geometry":{"type":"LineString","coordinates":[[-111.421904,45.215825],[-111.421821,45.216474],[-111.421907,45.216943],[-111.422047,45.217135],[-111.421521,45.217532],[-111.421199,45.21788],[-111.421006,45.218152],[-111.420942,45.218484],[-111.42092,45.218847],[-111.421006,45.219331],[-111.421028,45.219845],[-111.420877,45.220374],[-111.42062,45.220661],[-111.420191,45.220782],[-111.419697,45.220948],[-111.419247,45.221084],[-111.418903,45.221416],[-111.418667,45.221794],[-111.418689,45.222202],[-111.418624,45.22261],[-111.418474,45.223049],[-111.418388,45.223306],[-111.418281,45.223668]]}},{"id":"('way', 766531904)","type":"Feature","properties":{"aerialway":null,"piste:type":"downhill","piste:difficulty":"easy","name":"Little Dipper 5","base_elevation":1013},"geometry":{"type":"LineString","coordinates":[[-111.422047,45.217135],[-111.422143,45.217456],[-111.422358,45.217728],[-111.422251,45.218122],[-111.422294,45.218545],[-111.422143,45.219376],[-111.421993,45.21989],[-111.422058,45.220434],[-111.422337,45.221008],[-111.422616,45.221311],[-111.422744,45.221673],[-111.422379,45.222081],[-111.421993,45.222323],[-111.4215,45.222595],[-111.421178,45.222973],[-111.420899,45.22317],[-111.420427,45.223366],[-111.420174,45.223445],[-111.419654,45.223608],[-111.419247,45.223683],[-111.418399,45.223763]]}},{"id":"('way', 766531905)","type":"Feature","properties":{"aerialway":null,"piste:type":"downhill","piste:difficulty":"intermediate","name":"Little Dipper 4","base_elevation":1027},"geometry":{"type":"LineString","coordinates":[[-111.420191,45.220782],[-111.420105,45.221114],[-111.420212,45.221553],[-111.420084,45.221824],[-111.419998,45.222127],[-111.420016,45.222236],[-111.42004,45.222384],[-111.420148,45.222625],[-111.420212,45.222973],[-111.420169,45.22323],[-111.420174,45.223445]]}},{"id":"('way', 766531906)","type":"Feature","properties":{"aerialway":null,"piste:type":"downhill","piste:difficulty":"easy","name":"Lazy Bear","base_elevation":1013},"geometry":{"type":"LineString","coordinates":[[-111.417294,45.218575],[-111.416908,45.218666],[-111.416543,45.218741],[-111.416049,45.218983],[-111.415964,45.21927],[-111.41635,45.219557],[-111.416522,45.219875],[-111.416672,45.220177],[-111.416779,45.22051],[-111.417058,45.221114],[-111.417304,45.221541],[-111.41738,45.221673],[-111.417573,45.222278],[-111.417873,45.222777],[-111.418066,45.223366],[-111.418399,45.223763]]}},{"id":"('way', 766531907)","type":"Feature","properties":{"aerialway":null,"piste:type":"downhill","piste:difficulty":"intermediate","name":"Winter Wren's Way","base_elevation":1056},"geometry":{"type":"LineString","coordinates":[[-111.420084,45.218847],[-111.419676,45.219149],[-111.419204,45.219316],[-111.418753,45.219497],[-111.418496,45.219754],[-111.41841,45.220056],[-111.41826,45.22054],[-111.418088,45.220872],[-111.417788,45.221175],[-111.417304,45.221541]]}},{"id":"('way', 766531908)","type":"Feature","properties":{"aerialway":null,"piste:type":"downhill","piste:difficulty":"intermediate","name":"Piece'O'Cake","base_elevation":1100},"geometry":{"type":"LineString","coordinates":[[-111.420476,45.218755],[-111.420384,45.219028],[-111.420298,45.219149],[-111.420148,45.219195],[-111.420126,45.219346],[-111.419933,45.219406],[-111.419633,45.219467],[-111.41944,45.219557],[-111.419504,45.219693],[-111.419697,45.21986],[-111.419547,45.220011],[-111.41944,45.220207],[-111.41944,45.220419]]}},{"id":"('way', 766531909)","type":"Feature","properties":{"aerialway":null,"piste:type":"downhill","piste:difficulty":"intermediate","name":"Piece'O'Cake","base_elevation":1083},"geometry":{"type":"LineString","coordinates":[[-111.41944,45.220419],[-111.419268,45.220615],[-111.419118,45.220827],[-111.419247,45.221084]]}},{"id":"('way', 766531910)","type":"Feature","properties":{"aerialway":null,"piste:type":"downhill","piste:difficulty":"intermediate","name":"Winter Wren's Way","base_elevation":1105},"geometry":{"type":"LineString","coordinates":[[-111.417809,45.218802],[-111.418045,45.218983],[-111.418345,45.219195],[-111.418474,45.219361],[-111.418496,45.219754]]}},{"id":"('way', 766531911)","type":"Feature","properties":{"aerialway":null,"piste:type":"downhill","piste:difficulty":"intermediate","name":"Magic Forest","base_elevation":1062},"geometry":{"type":"LineString","coordinates":[[-111.421714,45.218409],[-111.421607,45.218787],[-111.421586,45.219104],[-111.421693,45.219285],[-111.421521,45.219603],[-111.421586,45.21989],[-111.421564,45.220101],[-111.421392,45.220268],[-111.421392,45.220479],[-111.421242,45.220615],[-111.421392,45.220797],[-111.421371,45.220993],[-111.42107,45.221024],[-111.420834,45.221114],[-111.420834,45.221235],[-111.421113,45.221386],[-111.421307,45.221553],[-111.421135,45.221643],[-111.421092,45.221734],[-111.421135,45.221855],[-111.421028,45.221945],[-111.420877,45.222051],[-111.42062,45.222066],[-111.420362,45.222081],[-111.420016,45.222236]]}},{"id":"('way', 766531912)","type":"Feature","properties":{"aerialway":null,"piste:type":"downhill","piste:difficulty":"intermediate","name":"Silver Tip 1","base_elevation":971},"geometry":{"type":"LineString","coordinates":[[-111.428903,45.21268],[-111.429482,45.212861],[-111.430426,45.213239],[-111.43107,45.214116],[-111.431671,45.214857],[-111.432078,45.215189],[-111.433087,45.215627],[-111.433537,45.216035],[-111.434396,45.216338],[-111.435104,45.216822],[-111.435962,45.217018],[-111.436584,45.216897],[-111.437185,45.216625],[-111.437383,45.216527],[-111.437765,45.216338],[-111.438215,45.21602],[-111.438494,45.216035],[-111.438795,45.216277],[-111.439202,45.216368],[-111.439674,45.216444],[-111.440039,45.216701],[-111.440146,45.217018],[-111.440125,45.217351],[-111.439814,45.217649]]}},{"id":"('way', 766531913)","type":"Feature","properties":{"aerialway":null,"piste:type":"downhill","piste:difficulty":"intermediate","name":"Silver Tip 5","base_elevation":1001},"geometry":{"type":"LineString","coordinates":[[-111.428151,45.207812],[-111.427883,45.207876],[-111.427637,45.207873],[-111.427465,45.207616],[-111.427701,45.20751],[-111.427915,45.207328],[-111.428452,45.207132],[-111.429418,45.207026],[-111.430062,45.207047],[-111.43034,45.207056],[-111.431563,45.207117],[-111.432572,45.207177],[-111.433602,45.207464],[-111.434439,45.207661],[-111.435554,45.207963],[-111.436606,45.20825],[-111.436971,45.208598],[-111.437099,45.209082],[-111.437078,45.209596],[-111.437099,45.210155],[-111.437164,45.210427],[-111.437614,45.210911],[-111.437636,45.211365],[-111.437893,45.211712],[-111.438237,45.212045],[-111.438194,45.212574],[-111.438218,45.21286],[-111.438237,45.213088],[-111.438687,45.213526],[-111.439009,45.214086],[-111.438902,45.21466],[-111.43888,45.215234],[-111.439159,45.215643],[-111.439159,45.216081],[-111.439202,45.216368]]}},{"id":"('way', 766531914)","type":"Feature","properties":{"aerialway":null,"piste:type":"downhill","piste:difficulty":"advanced","name":"Silver Tip 4","base_elevation":1078},"geometry":{"type":"LineString","coordinates":[[-111.430062,45.207047],[-111.431027,45.207782],[-111.431735,45.20819],[-111.432357,45.208371],[-111.433001,45.208598],[-111.433752,45.209067],[-111.434181,45.209762],[-111.434482,45.210276],[-111.435254,45.210669],[-111.435748,45.210911],[-111.436563,45.211138],[-111.436971,45.211516],[-111.437335,45.211999],[-111.437743,45.212408],[-111.438022,45.21274],[-111.438218,45.21286]]}},{"id":"('way', 766531915)","type":"Feature","properties":{"aerialway":null,"piste:type":"downhill","piste:difficulty":"advanced","name":"Silver Tip 3","base_elevation":1083},"geometry":{"type":"LineString","coordinates":[[-111.428366,45.207793],[-111.428602,45.208175],[-111.428896,45.208468],[-111.428967,45.208538],[-111.429396,45.20887],[-111.430254,45.209656],[-111.430598,45.209989],[-111.431027,45.210367],[-111.431392,45.210609],[-111.431628,45.211123],[-111.431735,45.21147],[-111.431928,45.212045],[-111.4324,45.212332],[-111.432829,45.212393],[-111.433409,45.212408],[-111.434181,45.212408],[-111.434718,45.212453],[-111.435233,45.212574],[-111.436005,45.21271],[-111.436563,45.212801],[-111.437014,45.212801],[-111.438022,45.21274]]}},{"id":"('way', 766531916)","type":"Feature","properties":{"aerialway":null,"piste:type":"downhill","piste:difficulty":"advanced","name":"Silver Tip 2","base_elevation":1018},"geometry":{"type":"LineString","coordinates":[[-111.428896,45.208468],[-111.428838,45.20887],[-111.428945,45.209475],[-111.428988,45.209944],[-111.428903,45.210427],[-111.429267,45.211077],[-111.429632,45.211682],[-111.430362,45.212272],[-111.431113,45.212876],[-111.431928,45.213315],[-111.432615,45.213647],[-111.433387,45.214312],[-111.433902,45.21472],[-111.434653,45.215098],[-111.43564,45.215522],[-111.436284,45.21593],[-111.437383,45.216527]]}},{"id":"('way', 766531917)","type":"Feature","properties":{"aerialway":null,"piste:type":"downhill","piste:difficulty":"easy","name":"Snabp Crajle Pop","base_elevation":739},"geometry":{"type":"LineString","coordinates":[[-111.418399,45.223763],[-111.418903,45.22394],[-111.419354,45.224107],[-111.419118,45.224213],[-111.418985,45.224219],[-111.418496,45.224243],[-111.417766,45.224228],[-111.417208,45.224485],[-111.416414,45.224666],[-111.415728,45.224802],[-111.414891,45.224968],[-111.414097,45.22521],[-111.413453,45.225361],[-111.412926,45.22555],[-111.41268,45.22571],[-111.412744,45.225951],[-111.413153,45.226207],[-111.414011,45.226767],[-111.414633,45.227522],[-111.414912,45.228066],[-111.414955,45.228792],[-111.414889,45.229155],[-111.414856,45.229337],[-111.414826,45.229502],[-111.414698,45.229925],[-111.414826,45.230333],[-111.415341,45.230817],[-111.41532,45.231436],[-111.415041,45.232025],[-111.414998,45.232237],[-111.415234,45.232267],[-111.41562,45.232207],[-111.415899,45.232282],[-111.415792,45.232524],[-111.415041,45.232706],[-111.414633,45.233008],[-111.414247,45.233114],[-111.413839,45.233234],[-111.413646,45.233385],[-111.41311,45.233461],[-111.412573,45.233612],[-111.412294,45.233688],[-111.411844,45.233688],[-111.411543,45.233748],[-111.411446,45.23396],[-111.411864,45.234549],[-111.412004,45.234746],[-111.412047,45.23498],[-111.411876,45.235146],[-111.411629,45.235282],[-111.411371,45.235384]]}},{"id":"('way', 766531918)","type":"Feature","properties":{"aerialway":null,"piste:type":"downhill","piste:difficulty":"advanced","name":"Slips, Trips, and Falls","base_elevation":808},"geometry":{"type":"LineString","coordinates":[[-111.418985,45.224219],[-111.41944,45.224318],[-111.419998,45.224318],[-111.420577,45.224454],[-111.421242,45.224847],[-111.421714,45.225316],[-111.422122,45.22586],[-111.421929,45.226328],[-111.421607,45.226525],[-111.421307,45.226812],[-111.421092,45.227099],[-111.421006,45.227386],[-111.421113,45.227567],[-111.421113,45.227915],[-111.420856,45.228112],[-111.420405,45.228384],[-111.420062,45.22855],[-111.419955,45.228852],[-111.419783,45.229018],[-111.419568,45.229124],[-111.41929,45.229245],[-111.419182,45.229577],[-111.418903,45.229714],[-111.418517,45.229819],[-111.418217,45.22991],[-111.41783,45.230076],[-111.417766,45.230348],[-111.417723,45.230666],[-111.417315,45.230922],[-111.417144,45.231225],[-111.416843,45.231466],[-111.416843,45.23201],[-111.416843,45.232161],[-111.416307,45.232343],[-111.415792,45.232524]]}},{"id":"('way', 766531921)","type":"Feature","properties":{"aerialway":null,"piste:type":"downhill","piste:difficulty":"easy","name":"Tooth Fairy","base_elevation":1175},"geometry":{"type":"LineString","coordinates":[[-111.445704,45.231995],[-111.445571,45.231877],[-111.445283,45.231517],[-111.444762,45.23147],[-111.444362,45.231728],[-111.444196,45.232025],[-111.444274,45.232462],[-111.444013,45.232963],[-111.444052,45.233884],[-111.443863,45.234243],[-111.443542,45.234282],[-111.442629,45.234015],[-111.441723,45.233642],[-111.441195,45.232872],[-111.441012,45.232605],[-111.440813,45.232314],[-111.440125,45.232064],[-111.439248,45.23163],[-111.438517,45.231502],[-111.438428,45.231588],[-111.438495,45.231791],[-111.438772,45.232033],[-111.43855,45.232353],[-111.438561,45.232619],[-111.438451,45.232861],[-111.438284,45.233228],[-111.438344,45.233547],[-111.438394,45.233878],[-111.438295,45.234306],[-111.438523,45.234675],[-111.438584,45.234907],[-111.438361,45.235251],[-111.438073,45.235696],[-111.438062,45.235985],[-111.437829,45.236345],[-111.437737,45.236909],[-111.437694,45.237166]]}},{"id":"('way', 766531922)","type":"Feature","properties":{"aerialway":null,"piste:type":"downhill","piste:difficulty":"easy","name":"Tooth Fairy","base_elevation":837},"geometry":{"type":"LineString","coordinates":[[-111.426607,45.236967],[-111.426628,45.23668],[-111.426864,45.236498],[-111.427165,45.236226],[-111.427508,45.236015],[-111.42783,45.235728],[-111.427873,45.235546],[-111.427465,45.235803],[-111.426864,45.235954],[-111.426092,45.236408],[-111.425233,45.236831],[-111.424697,45.237239],[-111.42401,45.237783],[-111.423345,45.23807],[-111.422959,45.23816],[-111.422637,45.23807],[-111.422898,45.237685],[-111.423137,45.237503],[-111.422997,45.23746],[-111.42258,45.237546],[-111.421757,45.237767],[-111.421263,45.238052],[-111.420813,45.238447],[-111.420599,45.238575],[-111.420415,45.238578],[-111.420157,45.238411],[-111.420222,45.238006],[-111.419697,45.238266],[-111.419397,45.238583],[-111.419397,45.23881],[-111.419312,45.239288],[-111.418467,45.239667]]}},{"id":"('way', 766531923)","type":"Feature","properties":{"aerialway":null,"piste:type":"downhill","piste:difficulty":"intermediate","name":"Pioneer","base_elevation":727},"geometry":{"type":"LineString","coordinates":[[-111.446084,45.232197],[-111.445318,45.232358],[-111.444653,45.232524],[-111.442829,45.23337],[-111.441723,45.233642],[-111.440125,45.233703],[-111.438752,45.234096],[-111.438091,45.234266],[-111.436584,45.234655],[-111.434739,45.235138],[-111.433065,45.235531],[-111.432919,45.235574],[-111.43122,45.236075],[-111.429375,45.236876],[-111.426757,45.237601],[-111.426053,45.237829],[-111.425448,45.238024],[-111.424353,45.238266],[-111.422744,45.238281],[-111.421701,45.238477],[-111.421457,45.238523],[-111.42077,45.23878],[-111.419504,45.239354],[-111.418467,45.239667],[-111.417342,45.240006],[-111.415449,45.240578],[-111.414617,45.240805],[-111.412004,45.241484]]}},{"id":"('way', 766531924)","type":"Feature","properties":{"aerialway":null,"piste:type":"downhill","piste:difficulty":"intermediate","name":"Hell-Jam","base_elevation":818},"geometry":{"type":"LineString","coordinates":[[-111.421893,45.237271],[-111.421597,45.237175],[-111.420249,45.237661],[-111.419507,45.237695],[-111.419026,45.237611],[-111.418446,45.237603],[-111.417829,45.237794],[-111.417665,45.237915],[-111.417506,45.238238],[-111.41741,45.238659],[-111.417271,45.239041],[-111.417227,45.239377],[-111.417279,45.239689],[-111.417342,45.240006]]}},{"id":"('way', 766531925)","type":"Feature","properties":{"aerialway":null,"piste:type":"downhill","piste:difficulty":"intermediate","name":"Quarterback Sneak","base_elevation":860},"geometry":{"type":"LineString","coordinates":[[-111.445704,45.231995],[-111.44506,45.23195],[-111.44388,45.23195],[-111.443644,45.23195],[-111.443065,45.23195],[-111.441691,45.231678],[-111.441048,45.231693],[-111.440104,45.231572],[-111.439571,45.231752],[-111.438902,45.231723],[-111.438428,45.231697],[-111.4377,45.232101],[-111.437164,45.232161],[-111.436241,45.232267],[-111.435554,45.232252],[-111.434589,45.232252],[-111.434056,45.232303],[-111.433795,45.232328],[-111.432958,45.232479],[-111.432271,45.232811],[-111.431606,45.233083],[-111.43122,45.233401],[-111.430104,45.233748],[-111.429503,45.23399],[-111.42886,45.23402],[-111.427722,45.234292],[-111.427014,45.234504],[-111.426649,45.23464],[-111.426478,45.235048],[-111.426371,45.235592],[-111.426199,45.235788],[-111.425491,45.236196],[-111.424675,45.236498],[-111.423989,45.236695],[-111.423023,45.237103],[-111.421893,45.237271],[-111.420222,45.238006],[-111.419697,45.238266]]}},{"id":"('way', 766531926)","type":"Feature","properties":{"aerialway":null,"piste:type":"downhill","piste:difficulty":"intermediate","name":"Ad Hoc","base_elevation":989},"geometry":{"type":"LineString","coordinates":[[-111.443644,45.23195],[-111.442893,45.232298],[-111.441713,45.232479],[-111.441012,45.232605],[-111.440125,45.232751],[-111.439374,45.232872],[-111.438451,45.232861],[-111.437572,45.232947],[-111.43652,45.233174],[-111.436005,45.23337],[-111.435469,45.233461],[-111.434782,45.233642],[-111.433838,45.233552],[-111.433194,45.233688],[-111.432422,45.233824],[-111.431778,45.234186],[-111.431134,45.234609],[-111.430769,45.234715],[-111.429396,45.235063],[-111.428216,45.23532],[-111.427358,45.23541],[-111.426371,45.235592]]}},{"id":"('way', 766531927)","type":"Feature","properties":{"aerialway":null,"piste:type":"downhill","piste:difficulty":"intermediate","name":"Sonny Boy","base_elevation":1136},"geometry":{"type":"LineString","coordinates":[[-111.438091,45.234266],[-111.437743,45.23473],[-111.437228,45.235108],[-111.43652,45.23541],[-111.435748,45.235607],[-111.434954,45.235728],[-111.434117,45.235803],[-111.433516,45.235728],[-111.432919,45.235574]]}},{"id":"('way', 766531928)","type":"Feature","properties":{"aerialway":null,"piste:type":"downhill","piste:difficulty":"advanced","name":"Wide Receiver","base_elevation":1181},"geometry":{"type":"LineString","coordinates":[[-111.445876,45.231678],[-111.445189,45.231179],[-111.444009,45.231043],[-111.443236,45.230983],[-111.442271,45.231149],[-111.441112,45.231149],[-111.439846,45.230968],[-111.438365,45.231104],[-111.437314,45.231391],[-111.436026,45.231527],[-111.434868,45.231754],[-111.434056,45.232303]]}},{"id":"('way', 766531930)","type":"Feature","properties":{"aerialway":null,"piste:type":"downhill","piste:difficulty":"advanced","name":"Dream Catcher","base_elevation":877},"geometry":{"type":"LineString","coordinates":[[-111.446219,45.232781],[-111.44579,45.233522],[-111.445683,45.234186],[-111.445768,45.234821],[-111.445876,45.235365],[-111.446047,45.235864],[-111.446176,45.236317],[-111.446455,45.237405],[-111.446605,45.237888],[-111.44682,45.238568],[-111.447013,45.238976],[-111.447142,45.239989],[-111.447206,45.240548],[-111.447378,45.240971],[-111.447639,45.241502],[-111.447742,45.241711],[-111.447914,45.24227],[-111.447978,45.242648],[-111.448429,45.243917],[-111.449015,45.244753],[-111.44909,45.245264],[-111.449116,45.245443],[-111.449438,45.246395],[-111.449545,45.247286],[-111.449781,45.248449],[-111.450124,45.249189],[-111.450159,45.249428],[-111.450167,45.249884],[-111.45036,45.250473],[-111.45072,45.250873]]}},{"id":"('way', 766531931)","type":"Feature","properties":{"aerialway":null,"piste:type":"downhill","piste:difficulty":"easy","name":"Cabin Fever","base_elevation":1087},"geometry":{"type":"LineString","coordinates":[[-111.436368,45.238648],[-111.435922,45.239267],[-111.435889,45.239579],[-111.435881,45.240157],[-111.436017,45.240691],[-111.435024,45.24147],[-111.434811,45.241784],[-111.434789,45.242127],[-111.434712,45.242328],[-111.434889,45.242528],[-111.435323,45.243013]]}},{"id":"('way', 766531932)","type":"Feature","properties":{"aerialway":null,"piste:type":"downhill","piste:difficulty":"easy","name":"Cabin Fever","base_elevation":1027},"geometry":{"type":"LineString","coordinates":[[-111.435323,45.243013],[-111.435881,45.243164],[-111.43622,45.24316],[-111.436692,45.243391],[-111.437068,45.243557],[-111.436997,45.244418],[-111.436939,45.245125],[-111.437576,45.246306],[-111.437864,45.246433]]}},{"id":"('way', 766531933)","type":"Feature","properties":{"aerialway":null,"piste:type":"downhill","piste:difficulty":"intermediate","name":"American Spirit","base_elevation":809},"geometry":{"type":"LineString","coordinates":[[-111.443974,45.234134],[-111.44397,45.234899],[-111.443541,45.235488],[-111.443005,45.236153],[-111.442425,45.236637],[-111.44161,45.236939],[-111.441224,45.237165],[-111.440799,45.237516],[-111.440365,45.238208],[-111.440086,45.238495],[-111.439679,45.23916],[-111.439271,45.239583],[-111.438885,45.240429],[-111.438241,45.241124],[-111.437898,45.241623],[-111.437726,45.242212],[-111.437726,45.242771],[-111.438091,45.243209],[-111.438091,45.243723],[-111.437984,45.244161],[-111.438446,45.244959],[-111.438284,45.245626],[-111.437962,45.24614],[-111.437748,45.247349],[-111.437404,45.24895],[-111.437061,45.249841],[-111.436374,45.250068],[-111.435688,45.250279],[-111.435344,45.250506],[-111.434701,45.250642],[-111.434057,45.250899],[-111.433477,45.251125],[-111.433177,45.251367],[-111.432855,45.251669],[-111.432388,45.252262]]}},{"id":"('way', 766531934)","type":"Feature","properties":{"aerialway":null,"piste:type":"downhill","piste:difficulty":"intermediate","name":"Rabbit Run","base_elevation":1079},"geometry":{"type":"LineString","coordinates":[[-111.442425,45.238752],[-111.441867,45.239024],[-111.441481,45.23922],[-111.441224,45.239779],[-111.440923,45.240157],[-111.440516,45.240988],[-111.440022,45.241426],[-111.439335,45.242121],[-111.438842,45.242741],[-111.438541,45.243224],[-111.438091,45.243723]]}},{"id":"('way', 766531935)","type":"Feature","properties":{"aerialway":null,"piste:type":"downhill","piste:difficulty":"intermediate","name":"The Snake","base_elevation":806},"geometry":{"type":"LineString","coordinates":[[-111.443109,45.239581],[-111.442854,45.240233],[-111.44279,45.240731],[-111.442447,45.24129],[-111.442361,45.241834],[-111.442125,45.242423],[-111.442146,45.242982],[-111.442168,45.243662],[-111.441782,45.244085],[-111.441631,45.244644],[-111.441417,45.2454],[-111.441224,45.246185],[-111.441224,45.246623],[-111.441202,45.247213],[-111.441009,45.247409],[-111.440752,45.24753],[-111.440365,45.247907],[-111.439936,45.248074],[-111.439657,45.248421],[-111.439271,45.24898],[-111.438692,45.249615],[-111.438305,45.250204],[-111.437619,45.250551],[-111.436567,45.250989],[-111.436052,45.25114],[-111.435387,45.251276],[-111.434979,45.251624],[-111.434443,45.251714],[-111.433628,45.251865],[-111.432388,45.252262],[-111.432213,45.252267],[-111.432103,45.252221]]}},{"id":"('way', 766531936)","type":"Feature","properties":{"aerialway":null,"piste:type":"downhill","piste:difficulty":"advanced","name":"Manian Speedway","base_elevation":806},"geometry":{"type":"LineString","coordinates":[[-111.442447,45.24129],[-111.441932,45.24126],[-111.441181,45.241472],[-111.440601,45.242182],[-111.439829,45.243088],[-111.439185,45.243738],[-111.438563,45.244372],[-111.43822,45.244841],[-111.43528,45.248331],[-111.43466,45.249021],[-111.43425,45.249479],[-111.433327,45.250581],[-111.432279,45.251875],[-111.432103,45.252221]]}},{"id":"('way', 766531937)","type":"Feature","properties":{"aerialway":null,"piste:type":"downhill","piste:difficulty":"easy","name":"Beginner's Luck","base_elevation":877},"geometry":{"type":"LineString","coordinates":[[-111.437864,45.246433],[-111.438499,45.246597],[-111.439319,45.246461],[-111.439802,45.246438],[-111.440252,45.246218],[-111.440751,45.246291],[-111.441129,45.246863],[-111.441678,45.247121],[-111.442399,45.247656],[-111.443967,45.248199],[-111.444924,45.248397],[-111.445358,45.248488],[-111.445881,45.24885],[-111.446629,45.248941],[-111.447497,45.248873],[-111.448733,45.249059],[-111.44951,45.24923],[-111.449807,45.249539],[-111.450043,45.250038],[-111.450279,45.250581],[-111.45072,45.250873]]}},{"id":"('way', 766531938)","type":"Feature","properties":{"aerialway":null,"piste:type":"downhill","piste:difficulty":"easy","name":"Harry's Water Road","base_elevation":970},"geometry":{"type":"LineString","coordinates":[[-111.44352,45.239462],[-111.444311,45.239345],[-111.445334,45.239303],[-111.445783,45.23941],[-111.445951,45.239451],[-111.446555,45.239288],[-111.447127,45.239364],[-111.44765,45.239329],[-111.448614,45.240245],[-111.449077,45.240595],[-111.449699,45.241079],[-111.450043,45.241562],[-111.449828,45.241985],[-111.449571,45.242393],[-111.449506,45.242585],[-111.449824,45.242695],[-111.449905,45.242991],[-111.450563,45.243063],[-111.450687,45.243219],[-111.449938,45.243272],[-111.449716,45.243325],[-111.449699,45.243768],[-111.449844,45.244043],[-111.450002,45.244343],[-111.449785,45.244901],[-111.44909,45.245264],[-111.448326,45.245808],[-111.448105,45.246006],[-111.447704,45.246367],[-111.446874,45.246736],[-111.445652,45.247189],[-111.444408,45.247362],[-111.443966,45.247549],[-111.443657,45.248056]]}},{"id":"('way', 766531939)","type":"Feature","properties":{"aerialway":null,"piste:type":"downhill","piste:difficulty":"advanced","name":"Eye of the Needle","base_elevation":1141},"geometry":{"type":"LineString","coordinates":[[-111.445211,45.233338],[-111.444893,45.234158],[-111.444678,45.234869],[-111.444721,45.235397],[-111.444872,45.235911],[-111.445086,45.23638],[-111.445129,45.237301],[-111.445022,45.238117],[-111.445386,45.238767],[-111.445783,45.23941],[-111.446245,45.239825],[-111.446674,45.240142],[-111.447206,45.240548]]}},{"id":"('way', 766531940)","type":"Feature","properties":{"aerialway":null,"piste:type":"downhill","piste:difficulty":"intermediate","name":"Rabbit Run","base_elevation":1199},"geometry":{"type":"LineString","coordinates":[[-111.44397,45.234899],[-111.444013,45.235428],[-111.444185,45.235896],[-111.443884,45.236425],[-111.443799,45.236863],[-111.443927,45.237392],[-111.443842,45.237876],[-111.44367,45.238223],[-111.443468,45.238563],[-111.442999,45.238724],[-111.442425,45.238752]]}},{"id":"('way', 766531941)","type":"Feature","properties":{"aerialway":null,"piste:type":"downhill","piste:difficulty":"intermediate","name":"Heaven's Gate","base_elevation":1046},"geometry":{"type":"LineString","coordinates":[[-111.446283,45.232554],[-111.446288,45.233206],[-111.446416,45.23375],[-111.446524,45.234143],[-111.446652,45.234793],[-111.446781,45.235322],[-111.44706,45.235775],[-111.447725,45.236773],[-111.448047,45.237332],[-111.448155,45.237815],[-111.448283,45.238268],[-111.44882,45.238979],[-111.449399,45.239809],[-111.449442,45.240323],[-111.449935,45.240897],[-111.450455,45.241582],[-111.450772,45.242514],[-111.450772,45.243843],[-111.450493,45.244705],[-111.450193,45.245324],[-111.449978,45.245632],[-111.449867,45.24579]]}},{"id":"('way', 766531942)","type":"Feature","properties":{"aerialway":null,"piste:type":"downhill","piste:difficulty":"advanced","name":"Ancient Marriner","base_elevation":1057},"geometry":{"type":"LineString","coordinates":[[-111.449442,45.240323],[-111.449533,45.241183],[-111.449699,45.241743],[-111.449463,45.242167],[-111.449249,45.24268],[-111.449335,45.243164],[-111.449571,45.243723],[-111.449844,45.244043],[-111.449835,45.24462],[-111.44909,45.245264]]}},{"id":"('way', 766531943)","type":"Feature","properties":{"aerialway":null,"piste:type":"downhill","piste:difficulty":"intermediate","name":"Family Tree","base_elevation":976},"geometry":{"type":"LineString","coordinates":[[-111.442447,45.24129],[-111.442897,45.241804],[-111.443434,45.242257],[-111.443906,45.24265],[-111.444378,45.243103],[-111.444528,45.243677],[-111.444678,45.244251],[-111.444721,45.245218],[-111.444615,45.245475],[-111.444421,45.245944],[-111.443927,45.246639],[-111.443477,45.247258],[-111.443198,45.247636],[-111.443168,45.247885]]}},{"id":"('way', 766531944)","type":"Feature","properties":{"aerialway":null,"piste:type":"downhill","piste:difficulty":"advanced","name":"Boston Tree Party (Glade)","base_elevation":993},"geometry":{"type":"Polygon","coordinates":[[[-111.442468,45.242151],[-111.443219,45.242756],[-111.443799,45.243269],[-111.444056,45.243859],[-111.444249,45.244962],[-111.443391,45.245324],[-111.442447,45.245762],[-111.441889,45.246276],[-111.441417,45.246608],[-111.441996,45.24407],[-111.442361,45.243723],[-111.442468,45.242151]]]}},{"id":"('way', 766531945)","type":"Feature","properties":{"aerialway":null,"piste:type":"downhill","piste:difficulty":"intermediate","name":"Octane","base_elevation":1124},"geometry":{"type":"LineString","coordinates":[[-111.443562,45.239613],[-111.443992,45.240021],[-111.444721,45.240353],[-111.445494,45.24064],[-111.446588,45.241064],[-111.447639,45.241502]]}},{"id":"('way', 766531946)","type":"Feature","properties":{"aerialway":null,"piste:type":"downhill","piste:difficulty":"advanced","name":"Zinger","base_elevation":1036},"geometry":{"type":"LineString","coordinates":[[-111.44352,45.239945],[-111.443906,45.24055],[-111.444528,45.241048],[-111.444957,45.241638],[-111.445236,45.242287],[-111.445408,45.242998],[-111.445558,45.243843],[-111.445279,45.244508],[-111.445,45.245052],[-111.444615,45.245475]]}},{"id":"('way', 766531947)","type":"Feature","properties":{"aerialway":null,"piste:type":"downhill","piste:difficulty":"advanced","name":"Feather","base_elevation":931},"geometry":{"type":"LineString","coordinates":[[-111.448105,45.246006],[-111.448133,45.246336],[-111.448133,45.246654],[-111.448176,45.247031],[-111.448197,45.247424],[-111.447897,45.247802],[-111.447618,45.248255],[-111.447667,45.248901]]}},{"id":"('way', 766531948)","type":"Feature","properties":{"aerialway":null,"piste:type":"downhill","piste:difficulty":"advanced","name":"Under the Rainbow","base_elevation":919},"geometry":{"type":"LineString","coordinates":[[-111.436071,45.24307],[-111.436074,45.243662],[-111.435816,45.244372],[-111.435645,45.244841],[-111.435194,45.245309],[-111.435077,45.245524],[-111.434701,45.246215],[-111.434465,45.24762],[-111.434507,45.247907],[-111.43466,45.249021]]}},{"id":"('way', 766531949)","type":"Feature","properties":{"aerialway":null,"piste:type":"downhill","piste:difficulty":"advanced","name":"In the Rough","base_elevation":806},"geometry":{"type":"LineString","coordinates":[[-111.435077,45.245524],[-111.433907,45.245838],[-111.432598,45.246155],[-111.431868,45.246654],[-111.43131,45.247696],[-111.431074,45.248723],[-111.431139,45.24975],[-111.43101,45.250778],[-111.431181,45.251246],[-111.431653,45.25185],[-111.432103,45.252221]]}},{"id":"('way', 766531950)","type":"Feature","properties":{"aerialway":null,"piste:type":"downhill","piste:difficulty":"advanced","name":"The Shoulder","base_elevation":1389},"geometry":{"type":"LineString","coordinates":[[-111.4503,45.231574],[-111.449013,45.231952],[-111.448047,45.232103],[-111.44721,45.232224],[-111.446717,45.232224]]}},{"id":"('way', 766531951)","type":"Feature","properties":{"aerialway":null,"piste:type":"downhill","piste:difficulty":"easy","name":"Namaste","base_elevation":1175},"geometry":{"type":"LineString","coordinates":[[-111.450579,45.231287],[-111.451051,45.231589],[-111.45251,45.231348],[-111.453862,45.23097],[-111.455815,45.230773],[-111.458089,45.230607],[-111.459613,45.230607],[-111.460943,45.230894],[-111.463282,45.231272],[-111.464462,45.231514],[-111.465921,45.231514],[-111.46723,45.231619],[-111.467617,45.23165],[-111.469011,45.231846],[-111.470449,45.232209],[-111.471565,45.232421],[-111.47296,45.232768],[-111.473968,45.233221]]}},{"id":"('way', 766531952)","type":"Feature","properties":{"aerialway":null,"piste:type":"downhill","piste:difficulty":"easy","name":"Backtrack","base_elevation":881},"geometry":{"type":"LineString","coordinates":[[-111.46723,45.231619],[-111.468523,45.231478],[-111.469033,45.231318],[-111.469419,45.23097],[-111.469483,45.230441],[-111.469741,45.229927],[-111.469827,45.22961],[-111.470556,45.22902],[-111.470814,45.229277],[-111.470857,45.22958],[-111.471136,45.229927],[-111.471457,45.230184],[-111.471865,45.230471],[-111.47223,45.230456],[-111.472359,45.230275],[-111.472616,45.230245],[-111.472616,45.230547],[-111.472702,45.23103],[-111.473024,45.231499],[-111.473368,45.232153],[-111.474058,45.232532],[-111.473968,45.233221],[-111.473634,45.23384],[-111.473226,45.234688],[-111.471307,45.237096],[-111.471011,45.237468],[-111.470039,45.238708],[-111.469537,45.239348],[-111.468915,45.239924],[-111.468193,45.240592],[-111.467639,45.241105],[-111.467349,45.241374],[-111.466404,45.24225],[-111.465098,45.243462],[-111.464968,45.243601],[-111.463856,45.244796],[-111.463543,45.244987],[-111.46247,45.24564],[-111.461757,45.246176],[-111.460488,45.24713],[-111.459894,45.247801],[-111.459411,45.247992],[-111.45872,45.248261],[-111.45836,45.248558],[-111.458221,45.248673],[-111.457309,45.249417],[-111.456568,45.249786],[-111.455525,45.249727],[-111.454605,45.249591],[-111.453786,45.249467],[-111.45312,45.249015],[-111.452258,45.248854],[-111.451758,45.248956],[-111.451523,45.24914],[-111.450988,45.249557],[-111.450746,45.249898],[-111.450689,45.25034],[-111.450704,45.250804]]}},{"id":"('way', 766531953)","type":"Feature","properties":{"aerialway":null,"piste:type":"downhill","piste:difficulty":"intermediate","name":"Middle Ching","base_elevation":1078},"geometry":{"type":"LineString","coordinates":[[-111.451044,45.231886],[-111.452675,45.231871],[-111.453843,45.231832],[-111.454477,45.231811],[-111.455464,45.231826],[-111.455979,45.231901],[-111.456945,45.231901],[-111.457587,45.232003],[-111.457996,45.232068],[-111.459584,45.232264],[-111.462588,45.232853],[-111.464004,45.233065],[-111.465313,45.233821],[-111.466407,45.234848],[-111.467287,45.236344],[-111.467566,45.236631],[-111.468296,45.237039],[-111.468896,45.237523],[-111.469798,45.238354],[-111.470039,45.238708]]}},{"id":"('way', 766531954)","type":"Feature","properties":{"aerialway":null,"piste:type":"downhill","piste:difficulty":"advanced","name":"Ridge Road","base_elevation":1376},"geometry":{"type":"LineString","coordinates":[[-111.450786,45.231811],[-111.45128,45.232702],[-111.452331,45.23376],[-111.453104,45.234788],[-111.453361,45.236193],[-111.454713,45.237311],[-111.454885,45.237991]]}},{"id":"('way', 766531955)","type":"Feature","properties":{"aerialway":null,"piste:type":"downhill","piste:difficulty":"advanced","name":"Little Wing","base_elevation":975},"geometry":{"type":"LineString","coordinates":[[-111.454885,45.237991],[-111.454924,45.238118],[-111.455492,45.239945],[-111.455679,45.240544],[-111.456022,45.242282],[-111.456033,45.242373],[-111.456275,45.244301],[-111.456335,45.244779],[-111.456365,45.245017],[-111.456687,45.246089],[-111.457181,45.247086],[-111.457674,45.247781],[-111.45836,45.248558]]}},{"id":"('way', 766531956)","type":"Feature","properties":{"aerialway":null,"piste:type":"downhill","piste:difficulty":"advanced","name":"Marty's Party","base_elevation":1104},"geometry":{"type":"LineString","coordinates":[[-111.463189,45.232174],[-111.464648,45.232294],[-111.466407,45.232717],[-111.468124,45.233246],[-111.469583,45.23444],[-111.469991,45.234652],[-111.469862,45.235604],[-111.470098,45.236102],[-111.471307,45.237096]]}},{"id":"('way', 766531957)","type":"Feature","properties":{"aerialway":null,"piste:type":"downhill","piste:difficulty":"advanced","name":"Beetlemania","base_elevation":1027},"geometry":{"type":"LineString","coordinates":[[-111.452074,45.232959],[-111.452675,45.233669],[-111.453211,45.234062],[-111.453876,45.234637],[-111.454563,45.234758],[-111.455185,45.234939],[-111.455571,45.235301],[-111.45643,45.235558],[-111.457459,45.236102],[-111.458511,45.236964],[-111.459605,45.238505],[-111.460893,45.23926],[-111.462438,45.240439],[-111.463017,45.241104],[-111.463832,45.241965],[-111.464004,45.242252],[-111.46439,45.242509],[-111.464562,45.242962],[-111.464968,45.243601]]}},{"id":"('way', 766531958)","type":"Feature","properties":{"aerialway":null,"piste:type":"downhill","piste:difficulty":"advanced","name":"Drop Off","base_elevation":910},"geometry":{"type":"LineString","coordinates":[[-111.449978,45.245632],[-111.451537,45.246799],[-111.451532,45.246903],[-111.451516,45.247192],[-111.451387,45.247721],[-111.45128,45.24828],[-111.451523,45.24914]]}},{"id":"('way', 766531959)","type":"Feature","properties":{"aerialway":null,"piste:type":"downhill","piste:difficulty":"intermediate","name":"Sunset Boulevard","base_elevation":831},"geometry":{"type":"LineString","coordinates":[[-111.413539,45.260655],[-111.414078,45.260644],[-111.414284,45.26062],[-111.414686,45.26054],[-111.415039,45.260549],[-111.416088,45.260753],[-111.41669,45.260832],[-111.418149,45.260727],[-111.419694,45.260727],[-111.42126,45.260455],[-111.423041,45.259926],[-111.424479,45.259352],[-111.425466,45.258688],[-111.425859,45.258174],[-111.426668,45.257117],[-111.427078,45.256615],[-111.427483,45.25612],[-111.428084,45.255259],[-111.428427,45.254368],[-111.428835,45.253914],[-111.429025,45.253806],[-111.42944,45.25357],[-111.429778,45.25323]]}},{"id":"('way', 766531960)","type":"Feature","properties":{"aerialway":null,"piste:type":"downhill","piste:difficulty":"advanced","name":"Alecat","base_elevation":848},"geometry":{"type":"LineString","coordinates":[[-111.41257,45.260974],[-111.413539,45.260655],[-111.415028,45.259906],[-111.415793,45.259521],[-111.418754,45.25803],[-111.419099,45.257964],[-111.420707,45.257128],[-111.42085,45.257076],[-111.422154,45.256479],[-111.424175,45.255573],[-111.42457,45.255462],[-111.425496,45.255342],[-111.425805,45.255245],[-111.42707,45.254658],[-111.42843,45.254029],[-111.429025,45.253806]]}},{"id":"('way', 766531961)","type":"Feature","properties":{"aerialway":null,"piste:type":"downhill","piste:difficulty":"intermediate","name":"Highway 102","base_elevation":949},"geometry":{"type":"LineString","coordinates":[[-111.41257,45.260974],[-111.412392,45.261063],[-111.412099,45.261211],[-111.412006,45.261305],[-111.411862,45.261684],[-111.41171,45.261916],[-111.41144,45.262112],[-111.411304,45.2623],[-111.411157,45.262475],[-111.411008,45.262552],[-111.410506,45.262807],[-111.410408,45.262896],[-111.410364,45.262972],[-111.410355,45.263068],[-111.410358,45.263159],[-111.410305,45.263255],[-111.410258,45.263328],[-111.410263,45.263351],[-111.410288,45.263367],[-111.410336,45.263359],[-111.410478,45.263298],[-111.410958,45.263155],[-111.411142,45.263125],[-111.411385,45.263149],[-111.411647,45.263182],[-111.411715,45.263194],[-111.41189,45.26324],[-111.412656,45.263521],[-111.413214,45.263808],[-111.414148,45.264349],[-111.414331,45.264387],[-111.414489,45.264377],[-111.415086,45.264274],[-111.41539,45.264153],[-111.416053,45.263801],[-111.416518,45.263612],[-111.41696,45.263485],[-111.41751,45.263345],[-111.417953,45.263297],[-111.418178,45.26332],[-111.418429,45.263431],[-111.418679,45.263474],[-111.418997,45.263455],[-111.419224,45.263411],[-111.419479,45.263341],[-111.419699,45.263229],[-111.419939,45.263051],[-111.42011,45.262799],[-111.420272,45.262708],[-111.421282,45.262161],[-111.422033,45.261421],[-111.422805,45.260772],[-111.422922,45.260686],[-111.423642,45.260153],[-111.4245,45.259715],[-111.425273,45.259262],[-111.425638,45.258763],[-111.425859,45.258174],[-111.426518,45.257645],[-111.426839,45.257932],[-111.427095,45.258082],[-111.42714,45.257812],[-111.427011,45.257615],[-111.427118,45.257102],[-111.427078,45.256615]]}},{"id":"('way', 766531962)","type":"Feature","properties":{"aerialway":null,"piste:type":"downhill","piste:difficulty":"intermediate","name":"Homeward Bound","base_elevation":971},"geometry":{"type":"LineString","coordinates":[[-111.412392,45.261063],[-111.412285,45.261074],[-111.412085,45.261068],[-111.411805,45.26103],[-111.411574,45.260967],[-111.411485,45.260947],[-111.411375,45.26094],[-111.410223,45.260905],[-111.410013,45.260891],[-111.408381,45.260892],[-111.407213,45.260909],[-111.405344,45.260935],[-111.404883,45.260904],[-111.404716,45.260893],[-111.403748,45.260935],[-111.403516,45.260943],[-111.403306,45.260911],[-111.403037,45.260864],[-111.40141,45.260836],[-111.400915,45.260843],[-111.398939,45.260904],[-111.397571,45.261007],[-111.396301,45.261077],[-111.395997,45.261198],[-111.395534,45.261195],[-111.395096,45.261156],[-111.394816,45.261095],[-111.394585,45.261024],[-111.39432,45.260969],[-111.393935,45.260928],[-111.39369,45.260919],[-111.392669,45.261],[-111.392076,45.260979],[-111.390323,45.260969],[-111.389116,45.260993]]}},{"id":"('way', 766531963)","type":"Feature","properties":{"aerialway":null,"piste:type":"downhill","piste:difficulty":"intermediate","name":"Return to Yellowstone Club","base_elevation":1040},"geometry":{"type":"LineString","coordinates":[[-111.392288,45.262696],[-111.392443,45.261799],[-111.392614,45.261361],[-111.392669,45.261]]}},{"id":"('way', 766531964)","type":"Feature","properties":{"aerialway":null,"piste:type":"downhill","piste:difficulty":"intermediate","name":"Big Sky Entrance","base_elevation":969},"geometry":{"type":"LineString","coordinates":[[-111.389116,45.260993],[-111.388623,45.261421],[-111.388472,45.261966]]}},{"id":"('way', 770562267)","type":"Feature","properties":{"aerialway":"chair_lift","piste:type":null,"piste:difficulty":null,"name":"Highlands","base_elevation":733},"geometry":{"type":"LineString","coordinates":[[-111.364007,45.266068],[-111.364905,45.266375],[-111.366046,45.266764],[-111.367223,45.267198],[-111.368368,45.267599],[-111.369676,45.268059],[-111.371203,45.268594],[-111.372788,45.26915],[-111.374374,45.269707],[-111.375984,45.270272],[-111.377022,45.270636]]}},{"id":"('way', 770562268)","type":"Feature","properties":{"aerialway":"chair_lift","piste:type":null,"piste:difficulty":null,"name":"Jayhawk","base_elevation":776},"geometry":{"type":"LineString","coordinates":[[-111.421598,45.308535],[-111.421661,45.308543],[-111.421903,45.308573],[-111.423216,45.30874],[-111.424562,45.30891],[-111.426429,45.309146],[-111.426754,45.309187],[-111.427036,45.309223],[-111.427077,45.309228],[-111.427118,45.309233],[-111.427375,45.309266],[-111.429091,45.309483],[-111.430954,45.309718],[-111.431398,45.309775]]}},{"id":"('way', 770562269)","type":"Feature","properties":{"aerialway":null,"piste:type":"downhill","piste:difficulty":"intermediate","name":"Black & Blue","base_elevation":982},"geometry":{"type":"LineString","coordinates":[[-111.420828,45.283891],[-111.420531,45.284189],[-111.420274,45.284491],[-111.419984,45.284989],[-111.419887,45.28514],[-111.419731,45.285465],[-111.419458,45.285774],[-111.419248,45.286146],[-111.419148,45.286442],[-111.419081,45.286698],[-111.419066,45.287208],[-111.419036,45.287516],[-111.419029,45.287586],[-111.419008,45.287948]]}},{"id":"('way', 770562270)","type":"Feature","properties":{"aerialway":null,"piste:type":"downhill","piste:difficulty":"easy","name":"Bozeman Trail","base_elevation":973},"geometry":{"type":"LineString","coordinates":[[-111.415607,45.285778],[-111.415912,45.285892],[-111.416326,45.285907],[-111.416626,45.285955],[-111.417012,45.286136],[-111.417061,45.286319],[-111.417162,45.286484],[-111.417207,45.286511],[-111.417655,45.286766],[-111.417732,45.286867],[-111.418005,45.287046],[-111.418149,45.287163],[-111.418357,45.287384],[-111.418643,45.287722],[-111.419008,45.287948],[-111.419038,45.288121],[-111.418808,45.288171],[-111.418879,45.288507],[-111.418975,45.288622],[-111.418965,45.288748],[-111.419004,45.288883],[-111.418836,45.289005],[-111.418525,45.289103],[-111.41846,45.289149]]}},{"id":"('way', 770562271)","type":"Feature","properties":{"aerialway":null,"piste:type":"downhill","piste:difficulty":"easy","name":"Bozeman Trail","base_elevation":906},"geometry":{"type":"LineString","coordinates":[[-111.418549,45.289822],[-111.418364,45.289831],[-111.418214,45.289826],[-111.418119,45.289814],[-111.4177,45.28976],[-111.417384,45.289734],[-111.416869,45.289738],[-111.416662,45.289752],[-111.416283,45.289809],[-111.415955,45.289851],[-111.41565,45.289881],[-111.415379,45.289874],[-111.415184,45.289873],[-111.414994,45.289886],[-111.414856,45.289912],[-111.414725,45.289936],[-111.414619,45.289946],[-111.414517,45.289944],[-111.414314,45.289916],[-111.414193,45.289892],[-111.413911,45.289853],[-111.413629,45.289833],[-111.413451,45.289827],[-111.413348,45.289843],[-111.413223,45.289888],[-111.413116,45.289977],[-111.413046,45.290076],[-111.412875,45.290279],[-111.412787,45.290315],[-111.412688,45.290332],[-111.412489,45.290338],[-111.412407,45.290354],[-111.412191,45.290355],[-111.411877,45.290401],[-111.411698,45.290427],[-111.411566,45.290403],[-111.41143,45.29034],[-111.411249,45.290207],[-111.41089,45.289771],[-111.410747,45.289563],[-111.410589,45.289278],[-111.410552,45.289168],[-111.410512,45.288906],[-111.410504,45.28864],[-111.410461,45.288456],[-111.410305,45.288204],[-111.410122,45.288032],[-111.409948,45.287937],[-111.409784,45.287889],[-111.409514,45.287835],[-111.408763,45.287673],[-111.408438,45.287542],[-111.408321,45.287434],[-111.408129,45.287281],[-111.407979,45.287201],[-111.407863,45.287147],[-111.407719,45.287107],[-111.407584,45.287094]]}},{"id":"('way', 770562272)","type":"Feature","properties":{"aerialway":null,"piste:type":"downhill","piste:difficulty":"easy","name":"White Otter","base_elevation":838},"geometry":{"type":"LineString","coordinates":[[-111.407377,45.289152],[-111.407294,45.289177],[-111.407242,45.289217],[-111.407086,45.289407],[-111.407006,45.289449],[-111.406853,45.289493],[-111.406744,45.289515],[-111.406641,45.289552],[-111.406513,45.289625],[-111.406384,45.289699],[-111.406109,45.289891],[-111.405913,45.289986],[-111.405754,45.290048],[-111.405645,45.29013],[-111.405617,45.29022],[-111.405185,45.292044],[-111.405072,45.292574],[-111.405063,45.292794],[-111.405058,45.292946],[-111.405122,45.293204],[-111.405164,45.293354],[-111.405165,45.29349],[-111.405173,45.293663],[-111.405176,45.293728],[-111.405179,45.293793],[-111.405179,45.293943],[-111.4051,45.294138],[-111.405066,45.294213],[-111.404936,45.294285],[-111.404843,45.294305],[-111.404619,45.294286]]}},{"id":"('way', 770562273)","type":"Feature","properties":{"aerialway":null,"piste:type":"downhill","piste:difficulty":"easy","name":"Little Thunder","base_elevation":930},"geometry":{"type":"LineString","coordinates":[[-111.399143,45.30241],[-111.399109,45.302203],[-111.399056,45.302022],[-111.398988,45.301863],[-111.398891,45.301708],[-111.398878,45.30164],[-111.398895,45.301533],[-111.399307,45.301133],[-111.399744,45.300863],[-111.400085,45.300688],[-111.400174,45.300621],[-111.400505,45.300347],[-111.401257,45.299979]]}},{"id":"('way', 770562274)","type":"Feature","properties":{"aerialway":null,"piste:type":"downhill","piste:difficulty":"intermediate","name":"Plenty Coup","base_elevation":861},"geometry":{"type":"LineString","coordinates":[[-111.396374,45.300649],[-111.396527,45.300489],[-111.396699,45.300249],[-111.396726,45.30019],[-111.396725,45.300113],[-111.39656,45.299879],[-111.396318,45.299622],[-111.396086,45.299444],[-111.395923,45.299332],[-111.395791,45.299198],[-111.39549,45.298847],[-111.395322,45.298656],[-111.395254,45.298499],[-111.395295,45.298359],[-111.395564,45.297825],[-111.395674,45.297737],[-111.395959,45.297602],[-111.396249,45.297551],[-111.396429,45.297544],[-111.396537,45.297564],[-111.396734,45.297654],[-111.396855,45.297672],[-111.397149,45.297654],[-111.397718,45.297515],[-111.398222,45.297359],[-111.398441,45.297299],[-111.398533,45.297289],[-111.398966,45.297322],[-111.399751,45.29734],[-111.399932,45.297319],[-111.400129,45.297265],[-111.40065,45.297067],[-111.401308,45.296831],[-111.401469,45.296758],[-111.401647,45.296676],[-111.401843,45.29662],[-111.402181,45.296569],[-111.402793,45.296456],[-111.403244,45.296375],[-111.403515,45.296333],[-111.404042,45.296289],[-111.404511,45.296237],[-111.404848,45.296203]]}},{"id":"('way', 770562275)","type":"Feature","properties":{"aerialway":null,"piste:type":"downhill","piste:difficulty":"easy","name":"Middle River","base_elevation":864},"geometry":{"type":"LineString","coordinates":[[-111.399131,45.302543],[-111.399118,45.302477],[-111.399143,45.30241],[-111.399204,45.302355],[-111.399475,45.302261],[-111.399571,45.302185],[-111.399798,45.301903],[-111.39993,45.301683],[-111.400105,45.301511],[-111.400333,45.301156],[-111.400637,45.300796],[-111.400704,45.300714],[-111.400787,45.300611],[-111.400924,45.300407],[-111.401257,45.299979],[-111.401545,45.299822],[-111.402281,45.299179],[-111.402996,45.298757],[-111.403364,45.298223],[-111.403658,45.297925],[-111.403855,45.297551],[-111.403998,45.297192],[-111.404019,45.296851],[-111.404094,45.296765],[-111.404333,45.296633],[-111.404523,45.296469],[-111.404584,45.296417],[-111.404848,45.296203],[-111.405026,45.296026]]}},{"id":"('way', 770562277)","type":"Feature","properties":{"aerialway":null,"piste:type":"downhill","piste:difficulty":"intermediate","name":null,"base_elevation":980},"geometry":{"type":"LineString","coordinates":[[-111.426592,45.288607],[-111.425639,45.288871],[-111.425545,45.288885],[-111.425385,45.28891],[-111.425101,45.288929],[-111.424607,45.288905],[-111.424347,45.288916],[-111.423635,45.288975],[-111.42332,45.289031],[-111.423128,45.28899],[-111.422784,45.288839],[-111.422484,45.288703],[-111.421939,45.288326],[-111.421551,45.288245],[-111.420596,45.288174],[-111.419737,45.288144],[-111.419477,45.288136],[-111.419038,45.288121]]}},{"id":"('way', 770562278)","type":"Feature","properties":{"aerialway":null,"piste:type":"downhill","piste:difficulty":"expert","name":"Headwaters Bowl","base_elevation":1256},"geometry":{"type":"LineString","coordinates":[[-111.435445,45.284512],[-111.435503,45.28511],[-111.435492,45.285631],[-111.435702,45.286348],[-111.436152,45.286891],[-111.436458,45.287226],[-111.43671,45.287507],[-111.436749,45.287602],[-111.436753,45.287709],[-111.436779,45.287753],[-111.436915,45.287726]]}},{"id":"('way', 770562279)","type":"Feature","properties":{"aerialway":null,"piste:type":"downhill","piste:difficulty":"advanced","name":"Moonshine","base_elevation":956},"geometry":{"type":"LineString","coordinates":[[-111.447134,45.297594],[-111.44608,45.298082],[-111.445551,45.298575],[-111.445174,45.29876],[-111.444755,45.298855],[-111.444537,45.298902],[-111.444263,45.298853],[-111.44397,45.298713],[-111.443632,45.298687],[-111.443458,45.298707],[-111.44314,45.298819],[-111.442778,45.299394],[-111.44266,45.299459],[-111.442322,45.299579],[-111.442125,45.299604],[-111.441894,45.2996],[-111.441352,45.29975],[-111.441111,45.299873],[-111.441045,45.299979],[-111.44097,45.300348],[-111.44076,45.300762]]}},{"id":"('way', 770562280)","type":"Feature","properties":{"aerialway":null,"piste:type":"downhill","piste:difficulty":"advanced","name":"Marshall","base_elevation":961},"geometry":{"type":"LineString","coordinates":[[-111.446192,45.296777],[-111.445602,45.29693],[-111.445413,45.29705],[-111.445294,45.297207],[-111.445144,45.297632],[-111.444998,45.297818],[-111.444699,45.298024],[-111.444554,45.298089],[-111.444256,45.298105],[-111.444054,45.29809],[-111.443831,45.298121],[-111.44332,45.298279],[-111.442854,45.298545],[-111.442604,45.298631],[-111.441978,45.298705],[-111.441499,45.298667],[-111.441012,45.298659],[-111.440728,45.298708],[-111.440521,45.298821],[-111.440147,45.29876]]}},{"id":"('way', 770562282)","type":"Feature","properties":{"aerialway":null,"piste:type":"downhill","piste:difficulty":"easy","name":"Wagon Train","base_elevation":744},"geometry":{"type":"LineString","coordinates":[[-111.430975,45.300794],[-111.431043,45.301133],[-111.431029,45.301294],[-111.43094,45.301557],[-111.430811,45.301844],[-111.430832,45.30201],[-111.430918,45.302236],[-111.431004,45.302689],[-111.431004,45.303112],[-111.431047,45.303413],[-111.43124,45.303911],[-111.43154,45.304168],[-111.431766,45.304426],[-111.431841,45.304802],[-111.431927,45.305164],[-111.431927,45.305496],[-111.43197,45.305904],[-111.432034,45.306266],[-111.43227,45.306628],[-111.432699,45.307081],[-111.432845,45.307294],[-111.432978,45.307488],[-111.433407,45.308047],[-111.433665,45.308258],[-111.434057,45.30851],[-111.434651,45.309076],[-111.435038,45.309616],[-111.435116,45.309726],[-111.435188,45.309901],[-111.435246,45.31015],[-111.435237,45.310494],[-111.435132,45.310995],[-111.435003,45.311279]]}},{"id":"('way', 770680799)","type":"Feature","properties":{"aerialway":null,"piste:type":"downhill","piste:difficulty":"intermediate","name":"Ski time","base_elevation":1312},"geometry":{"type":"LineString","coordinates":[[-111.437364,45.281123],[-111.437111,45.280422],[-111.436861,45.28029],[-111.436558,45.280166],[-111.43637,45.280012],[-111.435979,45.279411],[-111.435495,45.278858]]}},{"id":"('way', 770680800)","type":"Feature","properties":{"aerialway":null,"piste:type":"downhill","piste:difficulty":"advanced","name":"Never Sweat","base_elevation":1298},"geometry":{"type":"LineString","coordinates":[[-111.442049,45.281062],[-111.44115,45.280967],[-111.440849,45.280725],[-111.440613,45.280363],[-111.440335,45.28],[-111.439905,45.279351],[-111.439693,45.279024],[-111.438638,45.278534],[-111.438146,45.27843],[-111.437844,45.278424],[-111.43763,45.27842],[-111.437395,45.278415],[-111.436558,45.278521],[-111.435295,45.278653]]}},{"id":"('way', 770680802)","type":"Feature","properties":{"aerialway":null,"piste:type":"downhill","piste:difficulty":"advanced","name":"The Bowl","base_elevation":1389},"geometry":{"type":"Polygon","coordinates":[[[-111.443159,45.279176],[-111.442502,45.279125],[-111.441322,45.279155],[-111.440202,45.279261],[-111.439693,45.279024],[-111.441236,45.278415],[-111.442527,45.27801],[-111.44293,45.278545],[-111.443147,45.278965],[-111.443159,45.279176]]]}},{"id":"('way', 770680803)","type":"Feature","properties":{"aerialway":null,"piste:type":"downhill","piste:difficulty":"advanced","name":"Turkey Traverse","base_elevation":1375},"geometry":{"type":"LineString","coordinates":[[-111.439722,45.276713],[-111.439357,45.276548],[-111.43911,45.276458],[-111.438454,45.276227],[-111.437855,45.276078],[-111.437272,45.275958],[-111.43673,45.275914],[-111.435952,45.27592],[-111.435518,45.275918],[-111.434941,45.276093]]}},{"id":"('way', 770680804)","type":"Feature","properties":{"aerialway":null,"piste:type":"downhill","piste:difficulty":"advanced","name":"Low Bench","base_elevation":1359},"geometry":{"type":"Polygon","coordinates":[[[-111.442527,45.27801],[-111.441236,45.278415],[-111.439693,45.279024],[-111.438638,45.278534],[-111.439993,45.276806],[-111.440561,45.277026],[-111.440942,45.277182],[-111.441621,45.277484],[-111.44229,45.277819],[-111.442527,45.27801]]]}},{"id":"('way', 770680805)","type":"Feature","properties":{"aerialway":null,"piste:type":"downhill","piste:difficulty":"advanced","name":"Blackrock Gully","base_elevation":1342},"geometry":{"type":"LineString","coordinates":[[-111.439722,45.276713],[-111.439433,45.276996],[-111.439197,45.277267],[-111.438833,45.277434],[-111.438468,45.277992],[-111.437844,45.278424]]}},{"id":"('way', 770680806)","type":"Feature","properties":{"aerialway":null,"piste:type":"downhill","piste:difficulty":"advanced","name":"South Wall","base_elevation":1318},"geometry":{"type":"Polygon","coordinates":[[[-111.439357,45.276548],[-111.43763,45.27842],[-111.437395,45.278415],[-111.436558,45.278521],[-111.43673,45.275914],[-111.437272,45.275958],[-111.437855,45.276078],[-111.438454,45.276227],[-111.43911,45.276458],[-111.439357,45.276548]]]}},{"id":"('way', 770680807)","type":"Feature","properties":{"aerialway":null,"piste:type":"downhill","piste:difficulty":"expert","name":"Stutzman's Rock","base_elevation":1291},"geometry":{"type":"LineString","coordinates":[[-111.435518,45.275918],[-111.435569,45.276268],[-111.435469,45.276959],[-111.435319,45.277593],[-111.435007,45.278276],[-111.434821,45.278553]]}},{"id":"('way', 770680808)","type":"Feature","properties":{"aerialway":null,"piste:type":"downhill","piste:difficulty":"expert","name":"Exit Chute","base_elevation":1284},"geometry":{"type":"LineString","coordinates":[[-111.434941,45.276093],[-111.434848,45.276672],[-111.434805,45.277042],[-111.434776,45.277487],[-111.434274,45.278443]]}},{"id":"('way', 770680810)","type":"Feature","properties":{"aerialway":null,"piste:type":"downhill","piste:difficulty":"expert","name":"Parachute","base_elevation":1461},"geometry":{"type":"LineString","coordinates":[[-111.441046,45.28362],[-111.441044,45.283552],[-111.441029,45.283003],[-111.44105,45.28262],[-111.441053,45.282325],[-111.440997,45.282067],[-111.440706,45.281725],[-111.440426,45.281499]]}},{"id":"('way', 770680812)","type":"Feature","properties":{"aerialway":null,"piste:type":"downhill","piste:difficulty":"expert","name":"Three Moons","base_elevation":1404},"geometry":{"type":"LineString","coordinates":[[-111.437539,45.283535],[-111.437438,45.283413],[-111.437202,45.282869],[-111.437223,45.282159],[-111.437249,45.281811],[-111.437211,45.281611],[-111.437051,45.28111]]}},{"id":"('way', 770680813)","type":"Feature","properties":{"aerialway":null,"piste:type":"downhill","piste:difficulty":"expert","name":"Upper Pinnacles","base_elevation":1361},"geometry":{"type":"LineString","coordinates":[[-111.436902,45.283957],[-111.436667,45.283791],[-111.436279,45.283307],[-111.436064,45.282869],[-111.435979,45.282627],[-111.436064,45.282039],[-111.435973,45.281699],[-111.435375,45.280786]]}},{"id":"('way', 770680815)","type":"Feature","properties":{"aerialway":null,"piste:type":"downhill","piste:difficulty":"expert","name":"Lower Pinnacles","base_elevation":1362},"geometry":{"type":"LineString","coordinates":[[-111.436323,45.284202],[-111.43621,45.28409],[-111.435957,45.283654],[-111.435528,45.28302],[-111.435077,45.282507],[-111.434858,45.282256],[-111.434299,45.281628]]}},{"id":"('way', 770680817)","type":"Feature","properties":{"aerialway":null,"piste:type":"downhill","piste:difficulty":"expert","name":"The Wave","base_elevation":1434},"geometry":{"type":"LineString","coordinates":[[-111.449074,45.272795],[-111.447996,45.272093],[-111.446657,45.27141]]}},{"id":"('way', 770680818)","type":"Feature","properties":{"aerialway":null,"piste:type":"downhill","piste:difficulty":"expert","name":"Vuarnet Cliffs","base_elevation":1391},"geometry":{"type":"LineString","coordinates":[[-111.449285,45.271931],[-111.448424,45.271345],[-111.447544,45.270914],[-111.446408,45.270499]]}},{"id":"('way', 770680819)","type":"Feature","properties":{"aerialway":null,"piste:type":"downhill","piste:difficulty":"expert","name":"Rockville Bowl","base_elevation":1325},"geometry":{"type":"LineString","coordinates":[[-111.45191,45.271],[-111.449886,45.270811],[-111.449143,45.270554],[-111.44798,45.269939],[-111.447247,45.269546],[-111.445702,45.268978]]}},{"id":"('way', 770680820)","type":"Feature","properties":{"aerialway":null,"piste:type":"downhill","piste:difficulty":"intermediate","name":"Mule Skinner","base_elevation":1143},"geometry":{"type":"LineString","coordinates":[[-111.444265,45.268816],[-111.444661,45.268113],[-111.445197,45.267479],[-111.445381,45.267298],[-111.445623,45.267097],[-111.445828,45.266908],[-111.446021,45.266546],[-111.446113,45.266216],[-111.446141,45.265992],[-111.446105,45.265719],[-111.445985,45.265355],[-111.445946,45.265136],[-111.445965,45.264513],[-111.446056,45.264326],[-111.446305,45.26415],[-111.446793,45.263948],[-111.447416,45.263722],[-111.4478,45.263684],[-111.448029,45.26363],[-111.448309,45.263537],[-111.448503,45.263453],[-111.448596,45.263359],[-111.448703,45.263118],[-111.448836,45.263002],[-111.449272,45.262824],[-111.449898,45.262652],[-111.45041,45.262527],[-111.450682,45.262503],[-111.451063,45.262604],[-111.451414,45.262634],[-111.45205,45.262559],[-111.452537,45.262536],[-111.452927,45.262562],[-111.453462,45.26254],[-111.453584,45.262516],[-111.4538,45.262404],[-111.454335,45.262209]]}},{"id":"('way', 770680821)","type":"Feature","properties":{"aerialway":null,"piste:type":"downhill","piste:difficulty":"advanced","name":"Erika's","base_elevation":1197},"geometry":{"type":"LineString","coordinates":[[-111.448848,45.267385],[-111.449325,45.266516],[-111.449733,45.265896],[-111.450076,45.265323],[-111.450291,45.264673],[-111.450366,45.264069],[-111.450398,45.263658],[-111.450849,45.262912]]}},{"id":"('way', 770680822)","type":"Feature","properties":{"aerialway":null,"piste:type":"downhill","piste:difficulty":"advanced","name":"Aspen Meadows","base_elevation":1222},"geometry":{"type":"Polygon","coordinates":[[[-111.447876,45.267184],[-111.448445,45.267189],[-111.448442,45.267045],[-111.448606,45.266131],[-111.448942,45.265361],[-111.449077,45.264693],[-111.449234,45.264079],[-111.448708,45.263408],[-111.448042,45.263717],[-111.447785,45.263802],[-111.447417,45.263779],[-111.446842,45.26399],[-111.446427,45.264199],[-111.44621,45.264358],[-111.446102,45.264592],[-111.446081,45.264827],[-111.446761,45.265395],[-111.446959,45.265951],[-111.447437,45.266312],[-111.447579,45.267114],[-111.447876,45.267184]]]}},{"id":"('way', 770680823)","type":"Feature","properties":{"aerialway":null,"piste:type":"downhill","piste:difficulty":"advanced","name":"Jockstrap","base_elevation":1063},"geometry":{"type":"LineString","coordinates":[[-111.439558,45.264777],[-111.439626,45.264606],[-111.43961,45.264457],[-111.439494,45.264063],[-111.439469,45.26396],[-111.43937,45.263719],[-111.439362,45.263653],[-111.439356,45.263599],[-111.439364,45.263201],[-111.439374,45.263102],[-111.439347,45.262816],[-111.439046,45.262137]]}},{"id":"('way', 770680824)","type":"Feature","properties":{"aerialway":null,"piste:type":"downhill","piste:difficulty":"advanced","name":"Bitteroot","base_elevation":1189},"geometry":{"type":"LineString","coordinates":[[-111.442778,45.267823],[-111.442389,45.267052],[-111.44218,45.266652],[-111.441708,45.265957],[-111.441516,45.265464],[-111.441376,45.265389],[-111.441127,45.265256],[-111.440484,45.265184]]}},{"id":"('way', 770680827)","type":"Feature","properties":{"aerialway":null,"piste:type":"downhill","piste:difficulty":"intermediate","name":"Lupine","base_elevation":1111},"geometry":{"type":"LineString","coordinates":[[-111.441095,45.268128],[-111.440148,45.266538],[-111.440018,45.266437],[-111.439922,45.2664],[-111.439802,45.266382],[-111.439612,45.266373],[-111.439353,45.26637],[-111.439189,45.266343],[-111.438963,45.266261],[-111.43845,45.266029],[-111.438258,45.265975],[-111.438061,45.265955],[-111.43765,45.265999],[-111.437119,45.266104],[-111.436683,45.266175],[-111.436436,45.266176],[-111.436066,45.266116],[-111.435822,45.266093],[-111.435621,45.266108],[-111.435313,45.266159],[-111.435186,45.266168],[-111.435142,45.266151],[-111.435127,45.266112],[-111.435169,45.266036],[-111.435611,45.265699],[-111.436156,45.26529],[-111.436296,45.265134],[-111.436395,45.264986],[-111.436489,45.264735]]}},{"id":"('way', 770680828)","type":"Feature","properties":{"aerialway":null,"piste:type":"downhill","piste:difficulty":"advanced","name":"Bone Crusher Hiking Area","base_elevation":1357},"geometry":{"type":"Polygon","coordinates":[[[-111.43728,45.273488],[-111.437089,45.274183],[-111.437094,45.274366],[-111.437154,45.274669],[-111.436847,45.274986],[-111.436425,45.275133],[-111.435503,45.275288],[-111.434229,45.275952],[-111.43379,45.276059],[-111.433045,45.275678],[-111.432653,45.27532],[-111.432331,45.275018],[-111.432791,45.274294],[-111.433026,45.274105],[-111.433652,45.273742],[-111.434177,45.273576],[-111.435064,45.273251],[-111.435661,45.272952],[-111.435842,45.272952],[-111.436099,45.273052],[-111.436484,45.273167],[-111.43728,45.273488]]]}},{"id":"('way', 770680829)","type":"Feature","properties":{"aerialway":null,"piste:type":"downhill","piste:difficulty":"intermediate","name":"Old Cow Flats","base_elevation":1172},"geometry":{"type":"LineString","coordinates":[[-111.427447,45.273914],[-111.427591,45.272598],[-111.427711,45.272009],[-111.427816,45.271562],[-111.427978,45.271158]]}},{"id":"('way', 770680830)","type":"Feature","properties":{"aerialway":null,"piste:type":"downhill","piste:difficulty":"advanced","name":"Soul Hole","base_elevation":998},"geometry":{"type":"LineString","coordinates":[[-111.425998,45.276641],[-111.425486,45.276059],[-111.424585,45.27612],[-111.423555,45.276316],[-111.422632,45.276573],[-111.421602,45.276663],[-111.420272,45.277313],[-111.419606,45.277358],[-111.418984,45.277192],[-111.418319,45.277132],[-111.41774,45.277132],[-111.417332,45.277313],[-111.416881,45.2776],[-111.416388,45.277781],[-111.41583,45.278173],[-111.415293,45.278309],[-111.414736,45.278294],[-111.4145,45.278596],[-111.414392,45.278928],[-111.414196,45.279225]]}},{"id":"('way', 770680831)","type":"Feature","properties":{"aerialway":null,"piste:type":"downhill","piste:difficulty":"intermediate","name":"Congo Line","base_elevation":898},"geometry":{"type":"LineString","coordinates":[[-111.402346,45.274777],[-111.402891,45.275093],[-111.40362,45.27544],[-111.404178,45.275697],[-111.405342,45.276176],[-111.40538,45.276192]]}},{"id":"('way', 770680832)","type":"Feature","properties":{"aerialway":null,"piste:type":"downhill","piste:difficulty":"intermediate","name":"Madagascar","base_elevation":932},"geometry":{"type":"LineString","coordinates":[[-111.40287,45.273048],[-111.40332,45.27319],[-111.403749,45.273402],[-111.404286,45.2739],[-111.404758,45.274172],[-111.405184,45.274583],[-111.405295,45.274689]]}},{"id":"('way', 770680833)","type":"Feature","properties":{"aerialway":null,"piste:type":"downhill","piste:difficulty":"intermediate","name":"Lizette","base_elevation":946},"geometry":{"type":"LineString","coordinates":[[-111.395445,45.266093],[-111.394758,45.265549],[-111.393986,45.265338],[-111.392956,45.265051],[-111.392141,45.264734],[-111.390939,45.264265],[-111.38993,45.263963],[-111.388772,45.263586],[-111.387463,45.263269],[-111.386646,45.263374]]}},{"id":"('way', 770680834)","type":"Feature","properties":{"aerialway":null,"piste:type":"downhill","piste:difficulty":"intermediate","name":"Pomp","base_elevation":907},"geometry":{"type":"LineString","coordinates":[[-111.394928,45.268417],[-111.3942,45.26792],[-111.393578,45.267724],[-111.392741,45.267331],[-111.391711,45.267044],[-111.390424,45.266636],[-111.389523,45.266591],[-111.388793,45.266395],[-111.387828,45.266183],[-111.387077,45.265791],[-111.386433,45.265413],[-111.385381,45.265096],[-111.384087,45.264747]]}},{"id":"('way', 770680835)","type":"Feature","properties":{"aerialway":null,"piste:type":"downhill","piste:difficulty":"easy","name":"Yellow Brick Road","base_elevation":1118},"geometry":{"type":"LineString","coordinates":[[-111.395278,45.271901],[-111.395196,45.271746],[-111.394844,45.271394],[-111.394737,45.271031],[-111.39478,45.270548],[-111.394887,45.270231],[-111.394909,45.269929],[-111.394891,45.269498],[-111.394887,45.268962],[-111.394928,45.268417],[-111.395016,45.267815],[-111.39513,45.267221],[-111.39523,45.26647],[-111.395445,45.266093],[-111.395809,45.265003]]}},{"id":"('way', 770680836)","type":"Feature","properties":{"aerialway":null,"piste:type":"downhill","piste:difficulty":"easy","name":"To Southern Comfort","base_elevation":922},"geometry":{"type":"LineString","coordinates":[[-111.376895,45.27124],[-111.376949,45.271184],[-111.376974,45.27112],[-111.377,45.270941],[-111.377071,45.270741],[-111.377084,45.270643],[-111.377053,45.270552],[-111.376134,45.269457],[-111.376079,45.269329],[-111.376083,45.269267],[-111.376122,45.269202],[-111.376166,45.26916],[-111.376236,45.269141],[-111.376323,45.269148],[-111.376458,45.269188],[-111.376936,45.269352],[-111.377721,45.269566],[-111.378414,45.269749],[-111.378657,45.269803],[-111.378853,45.269859],[-111.379122,45.26997],[-111.37938,45.270084],[-111.379605,45.270178],[-111.379898,45.270288],[-111.380019,45.270333],[-111.380107,45.270352],[-111.380309,45.270347],[-111.380429,45.270317],[-111.380589,45.270235],[-111.380663,45.270169],[-111.380796,45.269945],[-111.381022,45.269636],[-111.381131,45.269443],[-111.381216,45.269244],[-111.381272,45.269145],[-111.381524,45.268606],[-111.381774,45.267885],[-111.381839,45.267077]]}},{"id":"('way', 770680838)","type":"Feature","properties":{"aerialway":null,"piste:type":"downhill","piste:difficulty":"advanced","name":"Wolverine","base_elevation":902},"geometry":{"type":"LineString","coordinates":[[-111.393293,45.277946],[-111.39242,45.278249],[-111.391926,45.278551],[-111.39139,45.279004],[-111.390638,45.27914],[-111.38993,45.279291],[-111.389158,45.279351],[-111.3886,45.279426],[-111.387849,45.279728],[-111.387588,45.279798],[-111.387227,45.279895],[-111.386647,45.279895],[-111.386112,45.279687]]}},{"id":"('way', 770680839)","type":"Feature","properties":{"aerialway":null,"piste:type":"downhill","piste:difficulty":"advanced","name":"Shady Chute","base_elevation":939},"geometry":{"type":"LineString","coordinates":[[-111.392713,45.279188],[-111.392643,45.2792],[-111.392055,45.279306],[-111.391432,45.279442],[-111.390969,45.279647],[-111.390295,45.280046],[-111.389909,45.280604],[-111.389485,45.281069]]}},{"id":"('way', 770683052)","type":"Feature","properties":{"aerialway":null,"piste:type":"downhill","piste:difficulty":"advanced","name":"Shaftway","base_elevation":1023},"geometry":{"type":"LineString","coordinates":[[-111.444432,45.290905],[-111.444168,45.291691],[-111.444211,45.291935],[-111.44422,45.292006],[-111.444383,45.292351],[-111.444391,45.292576],[-111.444367,45.292884],[-111.444304,45.293658],[-111.444296,45.29397],[-111.444075,45.294699],[-111.44376,45.295253],[-111.443481,45.296038],[-111.443395,45.296974],[-111.443459,45.297865],[-111.44332,45.298279],[-111.44314,45.298819]]}},{"id":"('way', 770683053)","type":"Feature","properties":{"aerialway":null,"piste:type":"downhill","piste:difficulty":"advanced","name":"Broken Heart","base_elevation":940},"geometry":{"type":"LineString","coordinates":[[-111.444479,45.288904],[-111.443761,45.290353],[-111.443424,45.290806],[-111.443376,45.291143],[-111.443426,45.291709],[-111.44335,45.292212],[-111.443313,45.292702],[-111.443009,45.293487],[-111.442751,45.294167],[-111.442644,45.29468],[-111.442515,45.295102],[-111.442494,45.29557],[-111.442301,45.296204],[-111.441914,45.296536],[-111.441421,45.296808],[-111.441249,45.297034],[-111.44136,45.297347],[-111.441238,45.297661],[-111.441044,45.298024],[-111.440835,45.298337],[-111.440663,45.298521],[-111.440521,45.298821],[-111.44049,45.29894],[-111.440344,45.299199],[-111.440183,45.299396],[-111.439943,45.299693],[-111.43975,45.2999]]}},{"id":"('way', 770683054)","type":"Feature","properties":{"aerialway":null,"piste:type":"downhill","piste:difficulty":"intermediate","name":null,"base_elevation":980},"geometry":{"type":"LineString","coordinates":[[-111.440309,45.295616],[-111.440178,45.29594],[-111.440157,45.2963],[-111.440314,45.296588],[-111.440552,45.297073],[-111.440563,45.297261],[-111.440563,45.297442],[-111.440308,45.297628]]}},{"id":"('way', 770683055)","type":"Feature","properties":{"aerialway":null,"piste:type":"downhill","piste:difficulty":"advanced","name":"Big Tree Cutoff","base_elevation":1011},"geometry":{"type":"LineString","coordinates":[[-111.440749,45.288879],[-111.440798,45.289224],[-111.440857,45.289316],[-111.440984,45.289511],[-111.441004,45.289568],[-111.440994,45.289632],[-111.440917,45.289789],[-111.4409,45.290082],[-111.440872,45.290179],[-111.440883,45.290288],[-111.440923,45.29035],[-111.440991,45.290411],[-111.441148,45.290452],[-111.441316,45.290551],[-111.44138,45.290613],[-111.441413,45.290702],[-111.441395,45.290815],[-111.441291,45.29112],[-111.440962,45.291437],[-111.440843,45.291671],[-111.440756,45.291917],[-111.440776,45.292345],[-111.440748,45.292831],[-111.440721,45.293298],[-111.440638,45.29367],[-111.440544,45.294102],[-111.440478,45.294374],[-111.440343,45.29513],[-111.4403,45.295439],[-111.440309,45.295616],[-111.440407,45.295983],[-111.440573,45.296299],[-111.440853,45.296667],[-111.441249,45.297034]]}},{"id":"('way', 770683056)","type":"Feature","properties":{"aerialway":null,"piste:type":"downhill","piste:difficulty":"easy","name":"Glacier Way","base_elevation":813},"geometry":{"type":"LineString","coordinates":[[-111.431184,45.306987],[-111.431484,45.306982],[-111.431693,45.307065],[-111.431806,45.307345],[-111.431952,45.307708],[-111.432516,45.30778],[-111.432645,45.307819],[-111.433407,45.308047]]}},{"id":"('way', 770683057)","type":"Feature","properties":{"aerialway":null,"piste:type":"downhill","piste:difficulty":"easy","name":"Stage Fright","base_elevation":758},"geometry":{"type":"LineString","coordinates":[[-111.431952,45.307708],[-111.432327,45.308365],[-111.432963,45.308701],[-111.433166,45.308833],[-111.433558,45.309259],[-111.433766,45.309455],[-111.434415,45.309977],[-111.435237,45.310494]]}},{"id":"('way', 770683058)","type":"Feature","properties":{"aerialway":null,"piste:type":"downhill","piste:difficulty":"easy","name":"Springville","base_elevation":806},"geometry":{"type":"LineString","coordinates":[[-111.431952,45.307708],[-111.431857,45.307811],[-111.431585,45.308031],[-111.43118,45.308262]]}},{"id":"('way', 770683059)","type":"Feature","properties":{"aerialway":null,"piste:type":"downhill","piste:difficulty":"easy","name":"Cupajo","base_elevation":782},"geometry":{"type":"LineString","coordinates":[[-111.432327,45.308365],[-111.432376,45.308611],[-111.432361,45.309448],[-111.432352,45.309993]]}},{"id":"('way', 770683060)","type":"Feature","properties":{"aerialway":null,"piste:type":"downhill","piste:difficulty":"easy","name":"Buckaroo","base_elevation":775},"geometry":{"type":"LineString","coordinates":[[-111.432376,45.308611],[-111.432873,45.308964],[-111.43307,45.3092],[-111.433132,45.309658],[-111.433177,45.309903],[-111.433224,45.310147],[-111.433208,45.310259],[-111.433184,45.310428]]}},{"id":"('way', 770683061)","type":"Feature","properties":{"aerialway":null,"piste:type":"downhill","piste:difficulty":"intermediate","name":"Giddy Up","base_elevation":749},"geometry":{"type":"LineString","coordinates":[[-111.433766,45.309455],[-111.433768,45.309697],[-111.433892,45.309926],[-111.434319,45.310195],[-111.434589,45.310516],[-111.434769,45.310738],[-111.435132,45.310995]]}},{"id":"('way', 771933494)","type":"Feature","properties":{"aerialway":null,"piste:type":"downhill","piste:difficulty":"advanced","name":"Iron Horse","base_elevation":1095},"geometry":{"type":"LineString","coordinates":[[-111.431282,45.292438],[-111.431076,45.292431],[-111.430758,45.292429],[-111.430512,45.292429],[-111.430272,45.292441],[-111.430203,45.292434],[-111.430142,45.292413],[-111.429981,45.292278],[-111.429891,45.29206],[-111.42985,45.292026],[-111.429771,45.291995],[-111.429679,45.291992],[-111.429593,45.291997],[-111.429438,45.291995],[-111.429365,45.291983],[-111.429308,45.291961],[-111.428561,45.291662]]}},{"id":"('way', 771933495)","type":"Feature","properties":{"aerialway":null,"piste:type":"downhill","piste:difficulty":"advanced","name":"Dogwood/Lost Frontier","base_elevation":1042},"geometry":{"type":"LineString","coordinates":[[-111.430722,45.294033],[-111.429977,45.294077],[-111.429396,45.294005],[-111.42892,45.294013],[-111.428262,45.293917],[-111.427882,45.293979],[-111.427234,45.29422],[-111.42652,45.294639],[-111.426074,45.29508]]}},{"id":"('way', 771933496)","type":"Feature","properties":{"aerialway":null,"piste:type":"downhill","piste:difficulty":"easy","name":"SA Road","base_elevation":1015},"geometry":{"type":"LineString","coordinates":[[-111.425146,45.287632],[-111.425545,45.288885],[-111.42564,45.289088],[-111.425825,45.289282],[-111.425871,45.289413],[-111.425619,45.289672],[-111.425433,45.290424],[-111.425533,45.291137],[-111.425726,45.29171],[-111.425825,45.291964],[-111.425898,45.292103],[-111.426198,45.292247],[-111.426769,45.292372]]}},{"id":"('way', 771933497)","type":"Feature","properties":{"aerialway":null,"piste:type":"downhill","piste:difficulty":"advanced","name":"Lower Bearcat Gully","base_elevation":1030},"geometry":{"type":"LineString","coordinates":[[-111.431534,45.292703],[-111.430725,45.292963],[-111.429766,45.293186],[-111.429239,45.293211],[-111.428549,45.293157],[-111.428303,45.293108],[-111.42803,45.293062],[-111.427727,45.293066],[-111.427401,45.293082],[-111.427235,45.293066],[-111.42702,45.293085],[-111.426613,45.293115]]}},{"id":"('way', 771933498)","type":"Feature","properties":{"aerialway":null,"piste:type":"downhill","piste:difficulty":"advanced","name":"Hollywood","base_elevation":1129},"geometry":{"type":"LineString","coordinates":[[-111.433799,45.292059],[-111.433233,45.292305],[-111.432815,45.292447],[-111.432454,45.29256],[-111.432168,45.292632],[-111.431885,45.292681],[-111.431534,45.292703]]}},{"id":"('way', 771933499)","type":"Feature","properties":{"aerialway":null,"piste:type":"downhill","piste:difficulty":"advanced","name":"Sticks & Stones","base_elevation":1150},"geometry":{"type":"LineString","coordinates":[[-111.433299,45.290653],[-111.433151,45.290812],[-111.432965,45.290909],[-111.432898,45.290959],[-111.432855,45.291018],[-111.432854,45.291119],[-111.432823,45.291214],[-111.432719,45.291412],[-111.432626,45.291536],[-111.432486,45.291637],[-111.431662,45.292041]]}},{"id":"('way', 771933500)","type":"Feature","properties":{"aerialway":null,"piste:type":"downhill","piste:difficulty":"easy","name":"Natawista","base_elevation":823},"geometry":{"type":"LineString","coordinates":[[-111.429615,45.297182],[-111.429316,45.297211],[-111.429082,45.297254],[-111.428935,45.297297],[-111.428785,45.297342],[-111.428647,45.297367],[-111.428502,45.297355],[-111.428263,45.297296],[-111.428148,45.297286],[-111.428005,45.297283],[-111.42772,45.29732],[-111.427472,45.297375],[-111.427046,45.297483],[-111.42681,45.297507],[-111.426657,45.297517],[-111.426507,45.297529],[-111.42619,45.297582],[-111.426094,45.297605],[-111.425923,45.297671],[-111.425846,45.297697],[-111.425712,45.297726],[-111.425476,45.297808],[-111.42537,45.297875],[-111.425282,45.297962],[-111.425235,45.298014],[-111.425161,45.298131],[-111.425101,45.298224],[-111.425051,45.29828],[-111.424893,45.298373],[-111.424663,45.29846],[-111.424523,45.298486],[-111.424702,45.298911],[-111.424692,45.298935],[-111.424668,45.298961],[-111.424635,45.298984],[-111.424477,45.29902],[-111.424285,45.299048],[-111.424111,45.299044],[-111.423889,45.298982],[-111.423748,45.298932],[-111.42361,45.298906],[-111.423472,45.298906],[-111.423217,45.298902],[-111.422961,45.298909],[-111.42278,45.298899],[-111.422613,45.298893],[-111.422541,45.29889],[-111.422377,45.298901],[-111.422089,45.298952],[-111.421966,45.298999],[-111.421611,45.299146],[-111.421292,45.299259],[-111.421074,45.299322],[-111.42092,45.299364],[-111.420862,45.299394],[-111.420841,45.299477],[-111.420848,45.299577],[-111.420936,45.299863],[-111.420952,45.300138],[-111.421014,45.300274],[-111.421123,45.300444],[-111.421226,45.30057],[-111.42135,45.300648],[-111.42154,45.300742],[-111.421741,45.30082],[-111.421902,45.300865],[-111.422259,45.300956],[-111.422618,45.301051],[-111.422803,45.301126],[-111.422864,45.301188],[-111.42287,45.301253],[-111.422846,45.301401],[-111.422814,45.301665],[-111.422854,45.3019],[-111.422972,45.302072],[-111.423157,45.302223],[-111.423476,45.302498],[-111.423573,45.302604],[-111.423731,45.302813],[-111.423812,45.302921],[-111.423854,45.30297],[-111.42387,45.30301],[-111.423932,45.303199],[-111.424021,45.303276],[-111.424351,45.30338],[-111.424522,45.303435],[-111.424676,45.303499],[-111.424779,45.303565],[-111.424854,45.303644],[-111.425077,45.303929],[-111.42515,45.30399],[-111.425209,45.304029],[-111.42531,45.30407],[-111.42558,45.304114],[-111.425745,45.30414],[-111.425812,45.304161],[-111.425888,45.304208],[-111.425923,45.30426],[-111.426012,45.304468],[-111.426051,45.304547],[-111.426108,45.304617],[-111.426192,45.304674],[-111.426317,45.304737],[-111.426466,45.304784],[-111.426624,45.304826],[-111.426839,45.304888],[-111.427088,45.304982],[-111.427217,45.305045],[-111.427314,45.305111],[-111.427374,45.30517],[-111.427599,45.305434],[-111.427767,45.305576],[-111.427991,45.305763],[-111.428137,45.305857],[-111.428233,45.305911],[-111.428333,45.30595],[-111.428523,45.306002],[-111.428752,45.306086],[-111.428864,45.306159],[-111.429028,45.306341],[-111.429062,45.306398],[-111.429085,45.306463],[-111.429121,45.307024],[-111.429156,45.30714],[-111.429246,45.307283],[-111.429367,45.307379],[-111.429757,45.307542],[-111.430117,45.307653]]}},{"id":"('way', 771933501)","type":"Feature","properties":{"aerialway":null,"piste:type":"downhill","piste:difficulty":"easy","name":"Alpine Meadows","base_elevation":920},"geometry":{"type":"LineString","coordinates":[[-111.422721,45.29641],[-111.422588,45.296452],[-111.422099,45.296596],[-111.419236,45.29742],[-111.418986,45.297519],[-111.418697,45.297675],[-111.418546,45.297782],[-111.418426,45.297893],[-111.418331,45.298005],[-111.418276,45.29809],[-111.418158,45.298195],[-111.417891,45.298504],[-111.4178,45.298649],[-111.417759,45.298746],[-111.417733,45.29883],[-111.417721,45.298925],[-111.417737,45.299035],[-111.417804,45.299317],[-111.417806,45.299356],[-111.417794,45.299417],[-111.417768,45.299457],[-111.417678,45.29956],[-111.417467,45.299828],[-111.417445,45.299871],[-111.417435,45.299918],[-111.417443,45.299979],[-111.417462,45.300039],[-111.417491,45.300094],[-111.417534,45.300145],[-111.41761,45.300216],[-111.417771,45.300427],[-111.418057,45.30068]]}},{"id":"('way', 771933502)","type":"Feature","properties":{"aerialway":"chair_lift","piste:type":null,"piste:difficulty":null,"name":"Stagecoach","base_elevation":861},"geometry":{"type":"LineString","coordinates":[[-111.416942,45.305532],[-111.417359,45.305351],[-111.418414,45.304895],[-111.419697,45.304341],[-111.420409,45.304033],[-111.421203,45.30369],[-111.422827,45.302988],[-111.423344,45.302764],[-111.424055,45.302457]]}},{"id":"('way', 771933503)","type":"Feature","properties":{"aerialway":null,"piste:type":"downhill","piste:difficulty":"easy","name":"Stacey's Way","base_elevation":864},"geometry":{"type":"LineString","coordinates":[[-111.418057,45.30068],[-111.417965,45.300862],[-111.417816,45.300942],[-111.417592,45.301027],[-111.417111,45.301126],[-111.417064,45.301193],[-111.417049,45.30126],[-111.417065,45.301327],[-111.417111,45.301648],[-111.417124,45.30208],[-111.417004,45.302485],[-111.417004,45.30272],[-111.417067,45.30285],[-111.417221,45.303031],[-111.417599,45.303452],[-111.417682,45.303544],[-111.417797,45.303772],[-111.417859,45.30402],[-111.417898,45.304267],[-111.417879,45.304382],[-111.417765,45.304505],[-111.417302,45.304843],[-111.416938,45.305017],[-111.416691,45.305118],[-111.416608,45.305198],[-111.416619,45.305388],[-111.416703,45.305481],[-111.416824,45.305513],[-111.416942,45.305532]]}},{"id":"('way', 772020957)","type":"Feature","properties":{"aerialway":null,"piste:type":"downhill","piste:difficulty":"advanced","name":"Old Faithful","base_elevation":1085},"geometry":{"type":"LineString","coordinates":[[-111.451007,45.294333],[-111.450761,45.294297],[-111.450536,45.294382],[-111.450232,45.29449],[-111.450106,45.294654],[-111.450106,45.294971],[-111.450192,45.295257],[-111.45017,45.295499],[-111.450162,45.295836],[-111.450114,45.296182],[-111.450083,45.296384],[-111.450127,45.296692],[-111.450217,45.296939]]}},{"id":"('way', 772020958)","type":"Feature","properties":{"aerialway":null,"piste:type":"downhill","piste:difficulty":"easy","name":"Horseshoe Cutoff","base_elevation":824},"geometry":{"type":"LineString","coordinates":[[-111.450513,45.307658],[-111.450301,45.308028],[-111.45002,45.308433],[-111.449655,45.30866],[-111.449428,45.308773],[-111.449414,45.308885],[-111.449747,45.309007],[-111.449956,45.309248],[-111.449891,45.30946],[-111.449677,45.309671],[-111.449305,45.310002],[-111.449011,45.310199],[-111.448814,45.310368],[-111.448371,45.310366],[-111.447589,45.310224]]}},{"id":"('way', 773673129)","type":"Feature","properties":{"aerialway":null,"piste:type":"downhill","piste:difficulty":"easy","name":"K1 Return","base_elevation":802},"geometry":{"type":"LineString","coordinates":[[-111.385862,45.260963],[-111.385529,45.260964],[-111.385197,45.260965],[-111.385071,45.260905],[-111.385026,45.260771],[-111.385023,45.260611],[-111.385068,45.260166],[-111.385094,45.259901],[-111.385115,45.259637],[-111.385096,45.259244],[-111.385071,45.259016],[-111.385002,45.258845],[-111.384903,45.258712],[-111.384816,45.258734],[-111.384723,45.258782],[-111.384648,45.258851],[-111.384622,45.25893],[-111.384519,45.259129],[-111.38445,45.259257],[-111.384313,45.259401],[-111.38396,45.259836],[-111.383658,45.260113],[-111.383572,45.260191],[-111.383381,45.26039],[-111.383216,45.260509],[-111.383135,45.260568],[-111.382911,45.260679],[-111.382607,45.260904],[-111.382458,45.261052],[-111.382418,45.261083],[-111.382133,45.26131],[-111.382045,45.261443],[-111.381925,45.261649],[-111.38182,45.261857],[-111.381738,45.26228],[-111.381675,45.262483],[-111.381518,45.262983],[-111.381354,45.263405],[-111.381283,45.263719],[-111.381228,45.264274],[-111.381154,45.264288],[-111.38102,45.264238],[-111.380835,45.263869],[-111.380743,45.263788],[-111.380452,45.26366],[-111.379962,45.263602],[-111.37942,45.263432],[-111.378617,45.263425],[-111.378045,45.263306],[-111.377626,45.263296],[-111.377255,45.263314],[-111.37691,45.263317],[-111.3767,45.263349],[-111.376151,45.263454],[-111.376057,45.263472],[-111.375928,45.263481],[-111.375824,45.263467],[-111.375756,45.263442],[-111.375472,45.26329],[-111.375288,45.263179],[-111.375211,45.263033],[-111.375026,45.262787],[-111.374888,45.262733],[-111.374784,45.262668],[-111.374743,45.262552],[-111.374792,45.262311],[-111.374812,45.262207],[-111.374881,45.261948],[-111.374869,45.261604],[-111.374829,45.26131],[-111.374761,45.26097]]}},{"id":"('way', 773673130)","type":"Feature","properties":{"aerialway":null,"piste:type":"downhill","piste:difficulty":"advanced","name":"Take a Bough","base_elevation":910},"geometry":{"type":"LineString","coordinates":[[-111.385197,45.260965],[-111.384742,45.261046],[-111.384079,45.261109],[-111.382984,45.261109],[-111.382418,45.261083]]}},{"id":"('way', 773673131)","type":"Feature","properties":{"aerialway":null,"piste:type":"downhill","piste:difficulty":"easy","name":"Take a Bough","base_elevation":802},"geometry":{"type":"LineString","coordinates":[[-111.379263,45.260982],[-111.378435,45.260989],[-111.377179,45.260975],[-111.376829,45.260971],[-111.375676,45.260982],[-111.374761,45.26097]]}},{"id":"('way', 773673132)","type":"Feature","properties":{"aerialway":null,"piste:type":"downhill","piste:difficulty":"easy","name":"Take a Bough","base_elevation":762},"geometry":{"type":"LineString","coordinates":[[-111.373084,45.260874],[-111.372272,45.260816],[-111.371427,45.260825],[-111.371161,45.260834],[-111.370911,45.260859],[-111.370759,45.26087],[-111.370636,45.260871],[-111.370347,45.26082],[-111.370074,45.260753],[-111.369923,45.260904],[-111.369811,45.260929],[-111.369539,45.260951],[-111.369415,45.260958]]}},{"id":"('way', 773673134)","type":"Feature","properties":{"aerialway":null,"piste:type":"downhill","piste:difficulty":"intermediate","name":"Robbie's Runout","base_elevation":859},"geometry":{"type":"LineString","coordinates":[[-111.385829,45.26104],[-111.385796,45.261084],[-111.385716,45.261171],[-111.385559,45.26126],[-111.3852,45.261417],[-111.384423,45.261797],[-111.383606,45.262385],[-111.382597,45.263179],[-111.382012,45.263705],[-111.381228,45.264274]]}},{"id":"('way', 773673136)","type":"Feature","properties":{"aerialway":null,"piste:type":"downhill","piste:difficulty":"easy","name":null,"base_elevation":860},"geometry":{"type":"LineString","coordinates":[[-111.381275,45.264719],[-111.381205,45.264779],[-111.381111,45.264813],[-111.380313,45.26499]]}},{"id":"('way', 773673137)","type":"Feature","properties":{"aerialway":null,"piste:type":"downhill","piste:difficulty":"easy","name":null,"base_elevation":817},"geometry":{"type":"LineString","coordinates":[[-111.379613,45.264964],[-111.378814,45.26463],[-111.376846,45.264358],[-111.376798,45.264336],[-111.376779,45.264299],[-111.376789,45.264275],[-111.376856,45.264245]]}},{"id":"('way', 773673138)","type":"Feature","properties":{"aerialway":null,"piste:type":"downhill","piste:difficulty":"intermediate","name":"Chuckles","base_elevation":894},"geometry":{"type":"LineString","coordinates":[[-111.383606,45.262385],[-111.382728,45.262068],[-111.382104,45.261887],[-111.38182,45.261857]]}},{"id":"('way', 773673140)","type":"Feature","properties":{"aerialway":null,"piste:type":"downhill","piste:difficulty":"advanced","name":"Moose Drop","base_elevation":937},"geometry":{"type":"LineString","coordinates":[[-111.385068,45.260166],[-111.3848,45.260148],[-111.384242,45.26012],[-111.383658,45.260113]]}},{"id":"('way', 773673141)","type":"Feature","properties":{"aerialway":null,"piste:type":"downhill","piste:difficulty":"easy","name":"Sugar N Spice","base_elevation":798},"geometry":{"type":"LineString","coordinates":[[-111.376829,45.260971],[-111.376241,45.260717],[-111.375879,45.260607],[-111.375596,45.260476],[-111.375233,45.26048],[-111.375116,45.260532],[-111.374718,45.260603],[-111.373956,45.260603]]}},{"id":"('way', 773673142)","type":"Feature","properties":{"aerialway":null,"piste:type":"downhill","piste:difficulty":"easy","name":"High Tide","base_elevation":826},"geometry":{"type":"LineString","coordinates":[[-111.384903,45.258712],[-111.384922,45.257961],[-111.385018,45.257688],[-111.385114,45.257462],[-111.385254,45.257084],[-111.385275,45.25682],[-111.3852,45.256465],[-111.385071,45.256155],[-111.384923,45.255955],[-111.384774,45.255778],[-111.384719,45.255713],[-111.384669,45.255653],[-111.384488,45.255494],[-111.384355,45.255439],[-111.38406,45.255409],[-111.383906,45.255378],[-111.383816,45.255309],[-111.383827,45.255151],[-111.383762,45.255015],[-111.383712,45.254986],[-111.383631,45.254992],[-111.383505,45.25503],[-111.383151,45.255158],[-111.38294,45.255287],[-111.382684,45.255444],[-111.382657,45.25546],[-111.382523,45.255591],[-111.382464,45.255649],[-111.382239,45.256065],[-111.381885,45.256514],[-111.381816,45.256596],[-111.381776,45.25662],[-111.381262,45.256744],[-111.380802,45.256863],[-111.380607,45.256954],[-111.380438,45.257149],[-111.380219,45.257332],[-111.380042,45.257417],[-111.37976,45.257454],[-111.379655,45.25748],[-111.379457,45.257513],[-111.37938,45.257509],[-111.379281,45.257515],[-111.379118,45.257556],[-111.378913,45.257621],[-111.378771,45.257651],[-111.378674,45.257658],[-111.378589,45.257654]]}},{"id":"('way', 773673143)","type":"Feature","properties":{"aerialway":null,"piste:type":"downhill","piste:difficulty":"easy","name":"Gator Way","base_elevation":791},"geometry":{"type":"LineString","coordinates":[[-111.378589,45.257654],[-111.378355,45.257598],[-111.37819,45.257509],[-111.377993,45.257383],[-111.377906,45.257368],[-111.376871,45.25732],[-111.376726,45.25734],[-111.376648,45.257379],[-111.376556,45.257437],[-111.376304,45.257667],[-111.376098,45.257835],[-111.375973,45.25802],[-111.375929,45.258184],[-111.375923,45.258432],[-111.376047,45.258895],[-111.376016,45.259089],[-111.375912,45.259231],[-111.375598,45.259418],[-111.375274,45.259577],[-111.37504,45.259687],[-111.374544,45.259841],[-111.374025,45.259938],[-111.373471,45.260027],[-111.373047,45.260145],[-111.372879,45.260175]]}},{"id":"('way', 773673144)","type":"Feature","properties":{"aerialway":null,"piste:type":"downhill","piste:difficulty":"easy","name":"Six Shooter SPMC","base_elevation":798},"geometry":{"type":"LineString","coordinates":[[-111.376241,45.260717],[-111.376023,45.260598],[-111.375871,45.260525],[-111.375674,45.260449],[-111.37554,45.260355],[-111.37536,45.260191],[-111.375208,45.259896],[-111.37504,45.259687]]}},{"id":"('way', 773673145)","type":"Feature","properties":{"aerialway":null,"piste:type":"downhill","piste:difficulty":"intermediate","name":"Stumpy's","base_elevation":856},"geometry":{"type":"LineString","coordinates":[[-111.38442,45.256509],[-111.384258,45.256334],[-111.384156,45.256266],[-111.383988,45.256247],[-111.383516,45.256284],[-111.383065,45.256291],[-111.382807,45.256374],[-111.382335,45.25651],[-111.382089,45.256578],[-111.381935,45.256605]]}},{"id":"('way', 773673146)","type":"Feature","properties":{"aerialway":"platter","piste:type":null,"piste:difficulty":null,"name":"Pull-Up","base_elevation":895},"geometry":{"type":"LineString","coordinates":[[-111.383741,45.254909],[-111.384417,45.254116]]}},{"id":"('way', 773673147)","type":"Feature","properties":{"aerialway":"platter","piste:type":null,"piste:difficulty":null,"name":"Tweener","base_elevation":901},"geometry":{"type":"LineString","coordinates":[[-111.383955,45.253036],[-111.383118,45.251533]]}},{"id":"('way', 773673148)","type":"Feature","properties":{"aerialway":"platter","piste:type":null,"piste:difficulty":null,"name":"Homer","base_elevation":878},"geometry":{"type":"LineString","coordinates":[[-111.380188,45.249251],[-111.375349,45.247516]]}},{"id":"('way', 775766987)","type":"Feature","properties":{"aerialway":null,"piste:type":"downhill","piste:difficulty":"intermediate","name":"Bear Back","base_elevation":807},"geometry":{"type":"LineString","coordinates":[[-111.396724,45.284169],[-111.396509,45.284352],[-111.396092,45.284753],[-111.395634,45.28518],[-111.395252,45.285568],[-111.395195,45.28562],[-111.395148,45.285637],[-111.395092,45.28564],[-111.395103,45.285613]]}},{"id":"('way', 775766989)","type":"Feature","properties":{"aerialway":null,"piste:type":"downhill","piste:difficulty":"easy","name":"White Otter Access","base_elevation":884},"geometry":{"type":"LineString","coordinates":[[-111.412407,45.290354],[-111.412205,45.290452],[-111.412105,45.290524],[-111.411974,45.290637],[-111.411874,45.290684],[-111.411803,45.290694],[-111.411739,45.29069],[-111.411631,45.290662],[-111.411465,45.290592],[-111.411298,45.290546],[-111.411073,45.290523],[-111.410869,45.290529],[-111.410769,45.290531],[-111.410725,45.290268],[-111.410677,45.290184],[-111.410536,45.290078],[-111.410203,45.289912],[-111.409924,45.289761],[-111.409731,45.289682],[-111.409484,45.289618],[-111.409119,45.289493],[-111.409014,45.289489],[-111.408535,45.289471],[-111.408038,45.289437],[-111.407886,45.289331],[-111.407543,45.289173],[-111.407377,45.289152]]}},{"id":"('way', 775766991)","type":"Feature","properties":{"aerialway":null,"piste:type":"downhill","piste:difficulty":"easy","name":"Rosebud Access","base_elevation":847},"geometry":{"type":"LineString","coordinates":[[-111.410692,45.291466],[-111.410617,45.291573],[-111.410565,45.291619],[-111.410497,45.291623],[-111.410365,45.291601],[-111.409722,45.291486],[-111.409283,45.291465],[-111.409059,45.29148],[-111.409006,45.291492],[-111.408954,45.291505],[-111.408688,45.291608],[-111.408563,45.291672],[-111.408504,45.291722],[-111.408365,45.291874],[-111.408028,45.292106],[-111.407644,45.292232],[-111.407201,45.292358],[-111.406963,45.292441],[-111.406736,45.292475],[-111.406488,45.292512],[-111.406174,45.292597],[-111.406027,45.292625],[-111.405905,45.292641],[-111.405788,45.292633],[-111.405483,45.29263],[-111.405303,45.292644],[-111.405198,45.292669],[-111.405129,45.29271],[-111.405063,45.292794]]}},{"id":"('way', 775766993)","type":"Feature","properties":{"aerialway":null,"piste:type":"downhill","piste:difficulty":"intermediate","name":"Magic Meadows","base_elevation":988},"geometry":{"type":"LineString","coordinates":[[-111.425265,45.285443],[-111.42511,45.28553],[-111.424671,45.285716],[-111.42392,45.286093],[-111.423292,45.286594],[-111.422447,45.286883],[-111.42087,45.287279],[-111.419934,45.287438],[-111.419036,45.287516]]}},{"id":"('way', 775766994)","type":"Feature","properties":{"aerialway":null,"piste:type":"downhill","piste:difficulty":"intermediate","name":"Forbidden Forest","base_elevation":1053},"geometry":{"type":"LineString","coordinates":[[-111.426833,45.284227],[-111.425539,45.284366],[-111.424618,45.284431],[-111.423846,45.284544],[-111.422581,45.284592],[-111.421742,45.284591],[-111.420274,45.284491]]}},{"id":"('way', 775766995)","type":"Feature","properties":{"aerialway":null,"piste:type":"downhill","piste:difficulty":"intermediate","name":"CJ Rd","base_elevation":1231},"geometry":{"type":"LineString","coordinates":[[-111.433218,45.277583],[-111.433106,45.277604],[-111.432812,45.277644],[-111.432656,45.277664],[-111.43255,45.277655],[-111.432328,45.277611],[-111.43227,45.277599],[-111.432061,45.277557],[-111.431918,45.277543],[-111.431726,45.277447],[-111.431438,45.277162],[-111.431366,45.27711],[-111.431332,45.27709],[-111.431099,45.276957],[-111.43076,45.276861],[-111.430532,45.276821],[-111.430224,45.276771],[-111.429478,45.276687],[-111.429017,45.27665],[-111.428593,45.276685],[-111.428512,45.276693],[-111.428204,45.276724],[-111.427782,45.276717],[-111.427503,45.276704],[-111.427287,45.276627],[-111.427249,45.276418]]}},{"id":"('way', 775766996)","type":"Feature","properties":{"aerialway":null,"piste:type":"downhill","piste:difficulty":"advanced","name":"Taylor's Trees","base_elevation":1069},"geometry":{"type":"LineString","coordinates":[[-111.432137,45.27882],[-111.431197,45.278945],[-111.430267,45.279212],[-111.429568,45.279748],[-111.428753,45.279792],[-111.428023,45.279882],[-111.427079,45.280079],[-111.426307,45.28035],[-111.425083,45.280471],[-111.424154,45.280613],[-111.423539,45.280706],[-111.422286,45.280826]]}},{"id":"('way', 775766998)","type":"Feature","properties":{"aerialway":null,"piste:type":"downhill","piste:difficulty":"intermediate","name":null,"base_elevation":924},"geometry":{"type":"LineString","coordinates":[[-111.412037,45.280235],[-111.411694,45.280954],[-111.411415,45.281422],[-111.411243,45.28186],[-111.411115,45.282207],[-111.411147,45.282483],[-111.410771,45.282751]]}},{"id":"('way', 775766999)","type":"Feature","properties":{"aerialway":null,"piste:type":"downhill","piste:difficulty":"intermediate","name":"White Magic","base_elevation":925},"geometry":{"type":"LineString","coordinates":[[-111.418795,45.2812],[-111.417874,45.281271],[-111.417337,45.281271],[-111.416908,45.281362],[-111.416329,45.281558],[-111.415621,45.281694],[-111.414934,45.281724],[-111.414312,45.28186],[-111.413647,45.281966],[-111.413089,45.282011],[-111.41163,45.282389],[-111.411147,45.282483]]}},{"id":"('way', 775767000)","type":"Feature","properties":{"aerialway":null,"piste:type":"downhill","piste:difficulty":"easy","name":"Lois Lane","base_elevation":1011},"geometry":{"type":"LineString","coordinates":[[-111.42418,45.283087],[-111.422348,45.283202],[-111.420535,45.283612],[-111.419159,45.283977],[-111.418775,45.28408],[-111.417981,45.284593],[-111.417742,45.285252]]}},{"id":"('way', 775767001)","type":"Feature","properties":{"aerialway":null,"piste:type":"downhill","piste:difficulty":"easy","name":"Playground","base_elevation":981},"geometry":{"type":"LineString","coordinates":[[-111.41968,45.284321],[-111.419419,45.284699],[-111.419075,45.285016],[-111.418827,45.285339],[-111.418568,45.285893],[-111.418307,45.286503],[-111.418005,45.287046]]}},{"id":"('way', 775774274)","type":"Feature","properties":{"aerialway":null,"piste:type":"downhill","piste:difficulty":"intermediate","name":null,"base_elevation":1084},"geometry":{"type":"LineString","coordinates":[[-111.40156,45.266449],[-111.401648,45.266552],[-111.401636,45.266579],[-111.401584,45.266592],[-111.401466,45.266582],[-111.401375,45.266553],[-111.401303,45.266464],[-111.401289,45.266356],[-111.401241,45.266276],[-111.400675,45.265658],[-111.399612,45.264615],[-111.39951,45.264488],[-111.399218,45.264168],[-111.398605,45.263558],[-111.39844,45.263414],[-111.397998,45.263027],[-111.397914,45.262917],[-111.39766,45.262596],[-111.396549,45.261553],[-111.395997,45.261198]]}},{"id":"('way', 775774275)","type":"Feature","properties":{"aerialway":null,"piste:type":"downhill","piste:difficulty":"intermediate","name":"Bluebird","base_elevation":1042},"geometry":{"type":"LineString","coordinates":[[-111.424676,45.269871],[-111.424483,45.269781],[-111.424053,45.269728],[-111.423517,45.269735],[-111.422927,45.269811],[-111.422516,45.269809],[-111.42223,45.269977],[-111.421916,45.26999],[-111.421672,45.270002],[-111.421277,45.269895],[-111.42038,45.269747],[-111.42018,45.269587],[-111.420016,45.26945],[-111.419881,45.26937],[-111.419726,45.269269],[-111.419641,45.269225],[-111.419573,45.2692],[-111.419474,45.269179],[-111.419252,45.269145],[-111.419169,45.269122],[-111.419106,45.269098],[-111.419059,45.26906],[-111.418971,45.268957],[-111.418829,45.268852],[-111.418745,45.268768],[-111.418625,45.268542],[-111.41849,45.268383],[-111.41846,45.268357],[-111.41839,45.268286],[-111.418236,45.26813]]}},{"id":"('way', 775774276)","type":"Feature","properties":{"aerialway":null,"piste:type":"downhill","piste:difficulty":"intermediate","name":"Yellow Hammer","base_elevation":839},"geometry":{"type":"LineString","coordinates":[[-111.424912,45.269931],[-111.425223,45.269841],[-111.425545,45.269879],[-111.425856,45.270007],[-111.426339,45.270015],[-111.426822,45.269924],[-111.427358,45.269811],[-111.427937,45.26966],[-111.428173,45.269418],[-111.428259,45.269071],[-111.428463,45.268738],[-111.428678,45.268557],[-111.428967,45.268316],[-111.429128,45.268097],[-111.429579,45.267825],[-111.429622,45.267644],[-111.42959,45.267289],[-111.429557,45.266949],[-111.429751,45.266662],[-111.429804,45.266473],[-111.429879,45.266035],[-111.430051,45.265914],[-111.430384,45.265748],[-111.430759,45.265363],[-111.430856,45.264767],[-111.43092,45.264389],[-111.431081,45.263762],[-111.431274,45.263468],[-111.43165,45.263015],[-111.431928,45.262985],[-111.432111,45.262917],[-111.432197,45.262849],[-111.432197,45.262622],[-111.432379,45.262441],[-111.432637,45.262282],[-111.432894,45.262116],[-111.433227,45.261837],[-111.433463,45.261678],[-111.433881,45.261331],[-111.434182,45.26127],[-111.434611,45.261255],[-111.434933,45.261225],[-111.435222,45.260983],[-111.435523,45.260689],[-111.435641,45.26053],[-111.435834,45.260311],[-111.436123,45.260062],[-111.436671,45.259616],[-111.437025,45.259307],[-111.437057,45.259118],[-111.437025,45.258952],[-111.437282,45.258718],[-111.437282,45.258544],[-111.437218,45.258272],[-111.43725,45.258008],[-111.436982,45.257743],[-111.436413,45.257653],[-111.435737,45.257585],[-111.435501,45.257328],[-111.435372,45.257132],[-111.434911,45.256966],[-111.434847,45.25686],[-111.434675,45.25655],[-111.434589,45.256414],[-111.43431,45.256233],[-111.433742,45.256188],[-111.433162,45.256127],[-111.432776,45.256165],[-111.432347,45.256142],[-111.432014,45.256082],[-111.431961,45.256022],[-111.432411,45.255855],[-111.432669,45.255787],[-111.432948,45.255531],[-111.433259,45.255395],[-111.433559,45.25538],[-111.433677,45.255319],[-111.433581,45.255266],[-111.433109,45.255138],[-111.43268,45.255002],[-111.432497,45.254911],[-111.432454,45.254723],[-111.43254,45.254587],[-111.432358,45.25442],[-111.432089,45.254405],[-111.431639,45.25439],[-111.431285,45.254322],[-111.430866,45.25433],[-111.430426,45.254405],[-111.429869,45.254519],[-111.429472,45.254398],[-111.429364,45.254066],[-111.42944,45.25357]]}},{"id":"('way', 775774277)","type":"Feature","properties":{"aerialway":null,"piste:type":"downhill","piste:difficulty":"intermediate","name":"Ptarmigan","base_elevation":918},"geometry":{"type":"LineString","coordinates":[[-111.429557,45.266949],[-111.429289,45.266798],[-111.428796,45.266639],[-111.428538,45.266541],[-111.428216,45.266186],[-111.42797,45.265809],[-111.427734,45.265416],[-111.427766,45.265167],[-111.427862,45.264827],[-111.427884,45.264608],[-111.42812,45.264442],[-111.42827,45.264215],[-111.428377,45.26411],[-111.428538,45.263898],[-111.428764,45.263581],[-111.428882,45.263234],[-111.42916,45.262947],[-111.429504,45.26272],[-111.429643,45.262592],[-111.429708,45.262245],[-111.430201,45.261738],[-111.430587,45.261474],[-111.430931,45.261017],[-111.43107,45.260606],[-111.431392,45.259926],[-111.431532,45.259631],[-111.431542,45.259435],[-111.431789,45.259254],[-111.431928,45.259095],[-111.431939,45.258967],[-111.431768,45.258695],[-111.43195,45.258272],[-111.432164,45.258046],[-111.432304,45.257812],[-111.432216,45.257597],[-111.432164,45.257472],[-111.431907,45.257298],[-111.431414,45.257056],[-111.430963,45.256883],[-111.430738,45.256754],[-111.43063,45.25649],[-111.430909,45.256097],[-111.431178,45.255999],[-111.43166,45.256029],[-111.431961,45.256022]]}},{"id":"('way', 775774278)","type":"Feature","properties":{"aerialway":null,"piste:type":"downhill","piste:difficulty":"intermediate","name":null,"base_elevation":1002},"geometry":{"type":"LineString","coordinates":[[-111.436489,45.262281],[-111.436177,45.261935],[-111.435973,45.26158],[-111.435816,45.261315],[-111.435727,45.261165],[-111.435684,45.260863],[-111.435834,45.260311]]}},{"id":"('way', 775774279)","type":"Feature","properties":{"aerialway":null,"piste:type":"downhill","piste:difficulty":"intermediate","name":null,"base_elevation":1010},"geometry":{"type":"LineString","coordinates":[[-111.435222,45.260983],[-111.435816,45.261315],[-111.43637,45.261376],[-111.436884,45.261108]]}},{"id":"('way', 775774282)","type":"Feature","properties":{"aerialway":null,"piste:type":"downhill","piste:difficulty":"intermediate","name":"Chickadee","base_elevation":1054},"geometry":{"type":"LineString","coordinates":[[-111.42211,45.265802],[-111.422208,45.265779],[-111.42229,45.265775],[-111.422438,45.265777],[-111.422624,45.265728],[-111.422898,45.265622],[-111.423262,45.265349],[-111.423592,45.264925],[-111.423871,45.264608],[-111.423817,45.264404],[-111.423517,45.264246],[-111.423528,45.263996],[-111.423485,45.26383],[-111.423185,45.263702],[-111.422691,45.263536],[-111.422541,45.263287],[-111.422551,45.263022],[-111.422305,45.262773],[-111.422391,45.262327],[-111.422787,45.261822],[-111.423142,45.261436],[-111.423185,45.261165],[-111.422906,45.260779],[-111.422922,45.260686]]}},{"id":"('way', 775774283)","type":"Feature","properties":{"aerialway":null,"piste:type":"downhill","piste:difficulty":"intermediate","name":"Mockingbird","base_elevation":1001},"geometry":{"type":"LineString","coordinates":[[-111.424118,45.266013],[-111.424579,45.265779],[-111.424569,45.265658],[-111.424375,45.265378],[-111.424536,45.265107],[-111.424644,45.265046],[-111.424933,45.264684],[-111.425202,45.264336],[-111.425271,45.264129],[-111.425073,45.263966],[-111.42459,45.263815],[-111.424536,45.263649],[-111.424622,45.263498],[-111.424622,45.263302],[-111.424322,45.26312],[-111.42385,45.262901],[-111.423753,45.262645],[-111.423903,45.262411],[-111.423807,45.262252],[-111.423732,45.262093],[-111.423914,45.261814],[-111.424257,45.26161],[-111.424472,45.261202],[-111.424697,45.260644],[-111.424912,45.259971],[-111.425169,45.259571],[-111.425273,45.259262]]}},{"id":"('way', 775774284)","type":"Feature","properties":{"aerialway":null,"piste:type":"downhill","piste:difficulty":"intermediate","name":"Goshawk","base_elevation":958},"geometry":{"type":"LineString","coordinates":[[-111.427766,45.265167],[-111.427455,45.264767],[-111.427197,45.264525],[-111.427025,45.264412],[-111.427025,45.264253],[-111.427068,45.26411],[-111.426961,45.263687],[-111.426746,45.263204],[-111.426854,45.262947],[-111.427068,45.262682],[-111.427369,45.262358],[-111.427637,45.26198],[-111.427819,45.261723],[-111.427723,45.261225],[-111.427658,45.260644],[-111.428066,45.259979],[-111.428345,45.259541],[-111.428388,45.259088],[-111.428474,45.258801],[-111.428581,45.258627],[-111.429139,45.258401],[-111.429718,45.258242],[-111.430201,45.258166],[-111.430641,45.258091],[-111.431285,45.25794],[-111.431853,45.257728],[-111.432216,45.257597]]}},{"id":"('way', 775774285)","type":"Feature","properties":{"aerialway":null,"piste:type":"downhill","piste:difficulty":"advanced","name":"Mac'n Trees","base_elevation":1057},"geometry":{"type":"LineString","coordinates":[[-111.453843,45.231832],[-111.455156,45.232189],[-111.457345,45.232763],[-111.458152,45.233047],[-111.459491,45.233518],[-111.460521,45.234062],[-111.461186,45.234667],[-111.461594,45.235029],[-111.46271,45.235755],[-111.463654,45.236677],[-111.464598,45.237598],[-111.465885,45.238369],[-111.466894,45.239215],[-111.467967,45.240061],[-111.468193,45.240592]]}},{"id":"('way', 775774286)","type":"Feature","properties":{"aerialway":null,"piste:type":"downhill","piste:difficulty":"advanced","name":"Mulligan","base_elevation":1047},"geometry":{"type":"LineString","coordinates":[[-111.458152,45.233047],[-111.458633,45.233821],[-111.459705,45.234546],[-111.461122,45.235981],[-111.462023,45.236692],[-111.462238,45.237145],[-111.462795,45.2379],[-111.463825,45.239154],[-111.464812,45.239729],[-111.466014,45.240333],[-111.467349,45.241374]]}},{"id":"('way', 775774287)","type":"Feature","properties":{"aerialway":null,"piste:type":"downhill","piste:difficulty":"advanced","name":"Hap's Hazard","base_elevation":1042},"geometry":{"type":"LineString","coordinates":[[-111.462238,45.237145],[-111.46228,45.237734],[-111.462688,45.238807],[-111.463332,45.239426],[-111.464426,45.240424],[-111.465478,45.241058],[-111.4661,45.241693],[-111.466404,45.24225]]}},{"id":"('way', 775774288)","type":"Feature","properties":{"aerialway":null,"piste:type":"downhill","piste:difficulty":"advanced","name":"Ching Forest","base_elevation":1066},"geometry":{"type":"LineString","coordinates":[[-111.457587,45.232003],[-111.45962,45.232838],[-111.461336,45.23379],[-111.462216,45.234576],[-111.463289,45.235709],[-111.463911,45.236102],[-111.464748,45.23654],[-111.465671,45.237054],[-111.46655,45.237598],[-111.467774,45.238354],[-111.468439,45.239094],[-111.468915,45.239924]]}},{"id":"('way', 775774289)","type":"Feature","properties":{"aerialway":null,"piste:type":"downhill","piste:difficulty":"advanced","name":"Prim Place","base_elevation":1003},"geometry":{"type":"LineString","coordinates":[[-111.454924,45.238118],[-111.455993,45.238852],[-111.457195,45.239502],[-111.458096,45.240016],[-111.459148,45.240801],[-111.460521,45.241557],[-111.461701,45.242357],[-111.462259,45.242796],[-111.462559,45.243309],[-111.462602,45.243657],[-111.462652,45.244024],[-111.462864,45.244195],[-111.463231,45.244616],[-111.463543,45.244987]]}},{"id":"('way', 775774290)","type":"Feature","properties":{"aerialway":null,"piste:type":"downhill","piste:difficulty":"advanced","name":"dolanator","base_elevation":991},"geometry":{"type":"LineString","coordinates":[[-111.455492,45.239945],[-111.456401,45.240439],[-111.457603,45.240952],[-111.458633,45.24133],[-111.459834,45.241799],[-111.460993,45.242342],[-111.461422,45.242856],[-111.461851,45.2434],[-111.461787,45.244125],[-111.461508,45.244911],[-111.461358,45.245243],[-111.461379,45.245681],[-111.461757,45.246176]]}},{"id":"('way', 775774291)","type":"Feature","properties":{"aerialway":null,"piste:type":"downhill","piste:difficulty":"advanced","name":"Gladiator","base_elevation":1016},"geometry":{"type":"LineString","coordinates":[[-111.456033,45.242373],[-111.457259,45.242841],[-111.458568,45.24337],[-111.459856,45.244035],[-111.460242,45.244427],[-111.46065,45.244835],[-111.4611,45.245289],[-111.461379,45.245681]]}},{"id":"('way', 775774292)","type":"Feature","properties":{"aerialway":null,"piste:type":"downhill","piste:difficulty":"advanced","name":"Pioneer Glades","base_elevation":989},"geometry":{"type":"LineString","coordinates":[[-111.456335,45.244779],[-111.457345,45.245228],[-111.458933,45.246014],[-111.459941,45.246663],[-111.460452,45.247206]]}},{"id":"('way', 775774293)","type":"Feature","properties":{"aerialway":null,"piste:type":"downhill","piste:difficulty":"expert","name":"Pioneer Bowl/Chutes","base_elevation":1163},"geometry":{"type":"Polygon","coordinates":[[[-111.454885,45.237991],[-111.45447,45.238444],[-111.454491,45.239109],[-111.454234,45.240303],[-111.453431,45.24038],[-111.452045,45.240514],[-111.451423,45.240514],[-111.450672,45.240922],[-111.449642,45.240152],[-111.449577,45.239064],[-111.448741,45.23778],[-111.447732,45.236389],[-111.447155,45.235452],[-111.446766,45.232869],[-111.447603,45.232687],[-111.448719,45.232642],[-111.449663,45.232325],[-111.450607,45.231992],[-111.45138,45.23311],[-111.45226,45.234047],[-111.452882,45.23506],[-111.453118,45.236117],[-111.454298,45.237251],[-111.454885,45.237991]]]}},{"id":"('way', 775774294)","type":"Feature","properties":{"aerialway":null,"piste:type":"downhill","piste:difficulty":"expert","name":"Apron","base_elevation":1000},"geometry":{"type":"LineString","coordinates":[[-111.453431,45.24038],[-111.452732,45.240801],[-111.452346,45.241391],[-111.452152,45.242403],[-111.452131,45.243581],[-111.452067,45.244986],[-111.451927,45.245693],[-111.451873,45.245968],[-111.451532,45.246903]]}},{"id":"('way', 775774295)","type":"Feature","properties":{"aerialway":null,"piste:type":"downhill","piste:difficulty":"expert","name":"Kaela's Brothers","base_elevation":1066},"geometry":{"type":"LineString","coordinates":[[-111.456275,45.244301],[-111.455328,45.244594],[-111.454363,45.244971],[-111.453871,45.24514],[-111.453483,45.245273],[-111.453245,45.245321],[-111.452882,45.245394],[-111.451927,45.245693]]}},{"id":"('way', 775774296)","type":"Feature","properties":{"aerialway":null,"piste:type":"downhill","piste:difficulty":"expert","name":"Howard's End","base_elevation":969},"geometry":{"type":"LineString","coordinates":[[-111.454363,45.244971],[-111.45447,45.245696],[-111.454792,45.246784],[-111.454963,45.247721],[-111.455843,45.248491],[-111.456616,45.248763],[-111.457622,45.249186]]}},{"id":"('way', 775774297)","type":"Feature","properties":{"aerialway":null,"piste:type":"downhill","piste:difficulty":"expert","name":"Dollinger's Descent","base_elevation":935},"geometry":{"type":"LineString","coordinates":[[-111.453871,45.24514],[-111.453783,45.245636],[-111.453847,45.246255],[-111.453976,45.246996],[-111.454255,45.24763],[-111.45447,45.247978],[-111.454405,45.248416],[-111.454341,45.248945],[-111.454151,45.249435],[-111.454116,45.249525]]}},{"id":"('way', 775774298)","type":"Feature","properties":{"aerialway":null,"piste:type":"downhill","piste:difficulty":"expert","name":"Laughing Lisa","base_elevation":945},"geometry":{"type":"LineString","coordinates":[[-111.453245,45.245321],[-111.452925,45.246089],[-111.45286,45.246709],[-111.452946,45.247086],[-111.453204,45.247343],[-111.453333,45.247962],[-111.453333,45.248431],[-111.453161,45.248718],[-111.452978,45.248936]]}},{"id":"('way', 776586443)","type":"Feature","properties":{"aerialway":"platter","piste:type":null,"piste:difficulty":null,"name":"Andesite Point","base_elevation":1153},"geometry":{"type":"LineString","coordinates":[[-111.415218,45.259511],[-111.416026,45.257632]]}},{"id":"('way', 776587616)","type":"Feature","properties":{"aerialway":null,"piste:type":"downhill","piste:difficulty":"advanced","name":null,"base_elevation":844},"geometry":{"type":"Polygon","coordinates":[[[-111.378931,45.269704],[-111.37788,45.269236],[-111.376839,45.26889],[-111.376283,45.268789],[-111.37782,45.265758],[-111.378604,45.265758],[-111.3792,45.266078],[-111.37966,45.266678],[-111.380815,45.267191],[-111.37916,45.269281],[-111.378931,45.269704]]]}},{"id":"('way', 776654769)","type":"Feature","properties":{"aerialway":null,"piste:type":"downhill","piste:difficulty":"advanced","name":"Chicken Head Bowl","base_elevation":1274},"geometry":{"type":"Polygon","coordinates":[[[-111.442433,45.273437],[-111.44064,45.271982],[-111.439202,45.271212],[-111.437593,45.270382],[-111.436134,45.270457],[-111.435483,45.27066],[-111.434975,45.270397],[-111.435011,45.270566],[-111.434997,45.270714],[-111.435254,45.271167],[-111.436241,45.271605],[-111.437035,45.272043],[-111.436821,45.272632],[-111.436788,45.273173],[-111.437929,45.273622],[-111.438641,45.273914],[-111.439299,45.273993],[-111.440017,45.273968],[-111.440725,45.273875],[-111.441486,45.273665],[-111.442291,45.273547],[-111.442433,45.273437]]]}},{"id":"('way', 776654771)","type":"Feature","properties":{"aerialway":null,"piste:type":"downhill","piste:difficulty":"expert","name":"Ace","base_elevation":1481},"geometry":{"type":"LineString","coordinates":[[-111.441561,45.275362],[-111.44152,45.275304],[-111.441348,45.274866],[-111.441198,45.274428],[-111.440981,45.273897]]}},{"id":"('way', 776654773)","type":"Feature","properties":{"aerialway":null,"piste:type":"downhill","piste:difficulty":"expert","name":"Dirtbag Wall","base_elevation":1415},"geometry":{"type":"Polygon","coordinates":[[[-111.440787,45.275639],[-111.44067,45.275623],[-111.440435,45.275523],[-111.439897,45.275442],[-111.4396,45.275448],[-111.439198,45.275377],[-111.438524,45.275219],[-111.438105,45.275074],[-111.437651,45.274932],[-111.437417,45.274782],[-111.437218,45.274733],[-111.437154,45.274669],[-111.437094,45.274366],[-111.437089,45.274183],[-111.43728,45.273488],[-111.437686,45.273624],[-111.438272,45.273908],[-111.438666,45.274049],[-111.439351,45.274097],[-111.440366,45.274049],[-111.440803,45.273982],[-111.440787,45.275639]]]}},{"id":"('way', 776654775)","type":"Feature","properties":{"aerialway":null,"piste:type":"downhill","piste:difficulty":"advanced","name":null,"base_elevation":1518},"geometry":{"type":"LineString","coordinates":[[-111.453662,45.270883],[-111.453541,45.270866],[-111.453473,45.270825],[-111.453349,45.270809],[-111.452522,45.270788],[-111.451859,45.270743]]}},{"id":"('way', 776654776)","type":"Feature","properties":{"aerialway":null,"piste:type":"downhill","piste:difficulty":"advanced","name":"Rock Valley","base_elevation":1130},"geometry":{"type":"Polygon","coordinates":[[[-111.456905,45.270442],[-111.458214,45.270367],[-111.45933,45.269113],[-111.459888,45.268434],[-111.460724,45.267905],[-111.461025,45.267271],[-111.461006,45.267119],[-111.460939,45.266561],[-111.460338,45.265806],[-111.459694,45.265323],[-111.459397,45.264628],[-111.459051,45.263933],[-111.458085,45.26277],[-111.457141,45.26209],[-111.456239,45.26163],[-111.455167,45.261396],[-111.454738,45.261607],[-111.454652,45.262121],[-111.455725,45.262861],[-111.456497,45.263374],[-111.456991,45.263858],[-111.457978,45.264794],[-111.4583,45.266334],[-111.458407,45.268358],[-111.457484,45.2694],[-111.456905,45.270442]]]}},{"id":"('way', 776654777)","type":"Feature","properties":{"aerialway":null,"piste:type":"downhill","piste:difficulty":"expert","name":"Kircher's Cliffs","base_elevation":1326},"geometry":{"type":"Polygon","coordinates":[[[-111.458214,45.270367],[-111.459104,45.270215],[-111.460156,45.269974],[-111.460757,45.268841],[-111.461551,45.267467],[-111.46125,45.266863],[-111.460939,45.266561],[-111.461006,45.267119],[-111.460724,45.267905],[-111.459888,45.268434],[-111.45933,45.269113],[-111.458214,45.270367]]]}},{"id":"('way', 776654778)","type":"Feature","properties":{"aerialway":null,"piste:type":"downhill","piste:difficulty":"expert","name":"Liberty Bowl","base_elevation":1508},"geometry":{"type":"Polygon","coordinates":[[[-111.452267,45.27707],[-111.452233,45.277057],[-111.451909,45.276891],[-111.451615,45.27674],[-111.451613,45.276709],[-111.451545,45.276638],[-111.45148,45.276592],[-111.451417,45.276578],[-111.451282,45.276549],[-111.451008,45.276521],[-111.450856,45.276518],[-111.450767,45.276508],[-111.450554,45.27649],[-111.450429,45.276485],[-111.450259,45.27651],[-111.450092,45.27547],[-111.449942,45.274444],[-111.449985,45.272858],[-111.450178,45.271137],[-111.45065,45.270804],[-111.452152,45.27082],[-111.453611,45.271016],[-111.453977,45.271209],[-111.453958,45.272245],[-111.453869,45.274026],[-111.453576,45.275379],[-111.453461,45.275939],[-111.452267,45.27707]]]}},{"id":"('way', 776654779)","type":"Feature","properties":{"aerialway":null,"piste:type":"downhill","piste:difficulty":"expert","name":"Cron's","base_elevation":1525},"geometry":{"type":"LineString","coordinates":[[-111.445055,45.278771],[-111.44489,45.279065],[-111.444869,45.279146],[-111.444867,45.279241],[-111.444913,45.279277],[-111.445026,45.279317],[-111.445148,45.279363],[-111.445239,45.279457],[-111.445317,45.279687],[-111.445251,45.279853],[-111.444899,45.280121],[-111.443984,45.280416]]}},{"id":"('way', 776654780)","type":"Feature","properties":{"aerialway":null,"piste:type":"downhill","piste:difficulty":"advanced","name":"Patrol Trees","base_elevation":1238},"geometry":{"type":"LineString","coordinates":[[-111.44477,45.288595],[-111.444789,45.288961],[-111.44488,45.289305],[-111.445031,45.289457],[-111.445124,45.289565],[-111.445423,45.289723],[-111.445673,45.289857],[-111.445795,45.290009],[-111.445906,45.290264]]}},{"id":"('way', 776654781)","type":"Feature","properties":{"aerialway":null,"piste:type":"downhill","piste:difficulty":"advanced","name":"Lone Creek Gully","base_elevation":971},"geometry":{"type":"LineString","coordinates":[[-111.43946,45.290896],[-111.438892,45.291169],[-111.438816,45.291606],[-111.438797,45.291886],[-111.438843,45.292124],[-111.439012,45.292463],[-111.439015,45.292786],[-111.438986,45.293118],[-111.43888,45.2936],[-111.438782,45.293892],[-111.438729,45.294168],[-111.438553,45.294341],[-111.438365,45.294556],[-111.438276,45.29481],[-111.438297,45.295093],[-111.438431,45.295401],[-111.438302,45.295774],[-111.438143,45.29656],[-111.438086,45.297026],[-111.438305,45.297161],[-111.438459,45.297459],[-111.438717,45.297549],[-111.439816,45.297803],[-111.440421,45.298111]]}},{"id":"('way', 776654782)","type":"Feature","properties":{"aerialway":null,"piste:type":"downhill","piste:difficulty":"intermediate","name":"Lone Creek","base_elevation":867},"geometry":{"type":"LineString","coordinates":[[-111.43975,45.2999],[-111.439493,45.29999],[-111.439393,45.300051],[-111.439026,45.300345],[-111.438575,45.300618],[-111.438348,45.300782],[-111.438136,45.301112],[-111.437997,45.301583],[-111.438026,45.301704],[-111.438164,45.301951],[-111.438419,45.302221],[-111.438578,45.302431],[-111.438625,45.302637],[-111.438643,45.302871],[-111.438638,45.302947],[-111.438512,45.303252],[-111.438249,45.3037]]}},{"id":"('way', 776654784)","type":"Feature","properties":{"aerialway":null,"piste:type":"downhill","piste:difficulty":"intermediate","name":"Silver Fox Gully","base_elevation":780},"geometry":{"type":"LineString","coordinates":[[-111.436645,45.306823],[-111.436392,45.307023],[-111.436081,45.307212],[-111.435793,45.307507],[-111.435616,45.307751]]}},{"id":"('way', 776654785)","type":"Feature","properties":{"aerialway":"magic_carpet","piste:type":null,"piste:difficulty":null,"name":null,"base_elevation":776},"geometry":{"type":"LineString","coordinates":[[-111.433136,45.310113],[-111.432696,45.309932]]}},{"id":"('way', 776654786)","type":"Feature","properties":{"aerialway":"magic_carpet","piste:type":null,"piste:difficulty":null,"name":null,"base_elevation":782},"geometry":{"type":"LineString","coordinates":[[-111.432546,45.310012],[-111.43254,45.3096]]}},{"id":"('way', 776654787)","type":"Feature","properties":{"aerialway":null,"piste:type":"downhill","piste:difficulty":"advanced","name":"Comet","base_elevation":1262},"geometry":{"type":"LineString","coordinates":[[-111.432525,45.28822],[-111.433221,45.288434],[-111.433749,45.288418],[-111.43546,45.288469]]}},{"id":"('way', 776654788)","type":"Feature","properties":{"aerialway":null,"piste:type":"downhill","piste:difficulty":"expert","name":"Outer Limits","base_elevation":1240},"geometry":{"type":"LineString","coordinates":[[-111.433221,45.288434],[-111.433205,45.288773],[-111.433073,45.288992],[-111.432938,45.28916],[-111.432832,45.289341]]}},{"id":"('way', 776654789)","type":"Feature","properties":{"aerialway":null,"piste:type":"downhill","piste:difficulty":"advanced","name":"Todd's Hole","base_elevation":1138},"geometry":{"type":"LineString","coordinates":[[-111.431541,45.287338],[-111.430835,45.287616],[-111.430148,45.288009],[-111.429268,45.288598],[-111.428643,45.289088],[-111.428468,45.289311],[-111.428368,45.28982]]}},{"id":"('way', 843634522)","type":"Feature","properties":{"aerialway":"chair_lift","piste:type":null,"piste:difficulty":null,"name":"Swift Current 6","base_elevation":834},"geometry":{"type":"LineString","coordinates":[[-111.402029,45.283226],[-111.431925,45.275222]]}},{"id":"('way', 845762278)","type":"Feature","properties":{"aerialway":null,"piste:type":"downhill","piste:difficulty":"easy","name":"Pinstripe Alley","base_elevation":1087},"geometry":{"type":"LineString","coordinates":[[-111.437471,45.237382],[-111.437108,45.237555],[-111.4366,45.237683],[-111.43626,45.237826],[-111.43576,45.238299],[-111.435443,45.238702],[-111.4354,45.238756],[-111.434964,45.239133],[-111.434287,45.239603],[-111.433845,45.239956],[-111.432846,45.241159],[-111.432577,45.241342],[-111.431814,45.241845],[-111.431536,45.242087],[-111.431453,45.242345],[-111.431493,45.242624],[-111.431818,45.242874],[-111.432434,45.243007],[-111.432626,45.243015],[-111.432954,45.242874],[-111.433118,45.242817],[-111.433347,45.242774],[-111.433618,45.242733],[-111.433921,45.242748],[-111.434341,45.24269],[-111.434889,45.242528],[-111.435323,45.243013]]}},{"id":"('way', 845762279)","type":"Feature","properties":{"aerialway":null,"piste:type":"downhill","piste:difficulty":"easy","name":"Don't Worry, Ski Happy","base_elevation":1105},"geometry":{"type":"LineString","coordinates":[[-111.432846,45.241159],[-111.432847,45.241639],[-111.432901,45.24187],[-111.433091,45.242226],[-111.433201,45.242377],[-111.433327,45.242547],[-111.433618,45.242733]]}},{"id":"('way', 845762280)","type":"Feature","properties":{"aerialway":null,"piste:type":"downhill","piste:difficulty":"easy","name":"Over The Rainbow","base_elevation":1087},"geometry":{"type":"LineString","coordinates":[[-111.439271,45.239583],[-111.43861,45.239866],[-111.438182,45.240195],[-111.438122,45.240332],[-111.43779,45.240644],[-111.437588,45.241353],[-111.437462,45.241681],[-111.437217,45.24188],[-111.436722,45.242002],[-111.435912,45.242235],[-111.435441,45.242521],[-111.435304,45.242724],[-111.435323,45.243013]]}},{"id":"('way', 868871632)","type":"Feature","properties":{"aerialway":null,"piste:type":"downhill","piste:difficulty":"intermediate","name":"The Nile","base_elevation":1143},"geometry":{"type":"LineString","coordinates":[[-111.397739,45.270894],[-111.397865,45.270952],[-111.397683,45.271254],[-111.397522,45.271549],[-111.397426,45.271775],[-111.397393,45.271971],[-111.397478,45.272234]]}},{"id":"('way', 868871634)","type":"Feature","properties":{"aerialway":null,"piste:type":"downhill","piste:difficulty":"advanced","name":"War Dance","base_elevation":787},"geometry":{"type":"LineString","coordinates":[[-111.393305,45.278442],[-111.393037,45.278724],[-111.392936,45.27883],[-111.392713,45.279188],[-111.392628,45.279324],[-111.392418,45.280001],[-111.392394,45.28004],[-111.392262,45.280248],[-111.391836,45.280589],[-111.391439,45.280808],[-111.391096,45.28108],[-111.390964,45.281233],[-111.390731,45.281503],[-111.390414,45.281807],[-111.390074,45.282125],[-111.389817,45.282318],[-111.389547,45.282582],[-111.389387,45.282751],[-111.389307,45.282836],[-111.389176,45.283061],[-111.38891,45.283349],[-111.388787,45.283504],[-111.388613,45.283526],[-111.388531,45.283586],[-111.38826,45.283676]]}},{"id":"('way', 870970267)","type":"Feature","properties":{"aerialway":null,"piste:type":"downhill","piste:difficulty":"easy","name":"Dodgeball","base_elevation":708},"geometry":{"type":"LineString","coordinates":[[-111.431052,45.313735],[-111.431147,45.313806],[-111.431214,45.313934],[-111.431318,45.314171],[-111.431404,45.314263],[-111.431516,45.314305],[-111.431626,45.314293],[-111.431722,45.314237],[-111.432023,45.313996],[-111.432323,45.313709],[-111.432447,45.313643],[-111.43267,45.313596],[-111.432952,45.313612],[-111.433151,45.313617],[-111.433394,45.313605],[-111.433601,45.313578],[-111.433733,45.313497],[-111.433764,45.313357],[-111.433711,45.313103],[-111.433762,45.312999],[-111.433881,45.312948],[-111.43435,45.31285],[-111.4349,45.312731],[-111.435406,45.312599],[-111.435793,45.312587],[-111.435959,45.312604],[-111.43629,45.312577],[-111.436635,45.312521],[-111.436853,45.312444],[-111.436936,45.312373],[-111.436935,45.312294],[-111.436825,45.312185]]}},{"id":"('way', 870970268)","type":"Feature","properties":{"aerialway":null,"piste:type":"downhill","piste:difficulty":"easy","name":null,"base_elevation":719},"geometry":{"type":"LineString","coordinates":[[-111.435003,45.311279],[-111.434757,45.311446],[-111.434639,45.311575],[-111.4345,45.311741],[-111.434345,45.312085],[-111.434291,45.312205],[-111.434347,45.312308],[-111.434471,45.312395],[-111.434592,45.312426],[-111.434929,45.312427],[-111.435177,45.312388],[-111.435372,45.312397],[-111.435793,45.312587]]}},{"id":"('way', 871427225)","type":"Feature","properties":{"aerialway":null,"piste:type":"downhill","piste:difficulty":"advanced","name":"Flyrock Gully","base_elevation":894},"geometry":{"type":"LineString","coordinates":[[-111.430811,45.301844],[-111.430658,45.302],[-111.430573,45.302243],[-111.43063,45.302366],[-111.430639,45.302515],[-111.43061,45.302925],[-111.430594,45.303277],[-111.430565,45.303421],[-111.430495,45.303768],[-111.430384,45.304335]]}},{"id":"('way', 871427226)","type":"Feature","properties":{"aerialway":null,"piste:type":"downhill","piste:difficulty":"advanced","name":"Community Matters","base_elevation":843},"geometry":{"type":"LineString","coordinates":[[-111.429939,45.303499],[-111.429741,45.303565],[-111.429611,45.303623],[-111.429484,45.303702],[-111.429321,45.30381],[-111.429293,45.30394],[-111.429435,45.304093],[-111.429531,45.304153],[-111.429569,45.304242],[-111.429492,45.304308],[-111.429382,45.304326],[-111.429205,45.304345],[-111.42907,45.304394],[-111.428995,45.30445],[-111.428915,45.304537],[-111.428749,45.304616],[-111.428556,45.30478],[-111.4284,45.304963],[-111.428351,45.305154],[-111.428376,45.305407],[-111.428418,45.305522],[-111.428611,45.305876],[-111.428864,45.306159]]}},{"id":"('way', 871427227)","type":"Feature","properties":{"aerialway":null,"piste:type":"downhill","piste:difficulty":"intermediate","name":"Jaws","base_elevation":905},"geometry":{"type":"LineString","coordinates":[[-111.430871,45.299996],[-111.430185,45.300667],[-111.429625,45.301221],[-111.429477,45.301493],[-111.429378,45.302769],[-111.429321,45.30381]]}},{"id":"('way', 871427228)","type":"Feature","properties":{"aerialway":null,"piste:type":"downhill","piste:difficulty":"advanced","name":"Legend","base_elevation":1149},"geometry":{"type":"LineString","coordinates":[[-111.451148,45.293991],[-111.450859,45.293882],[-111.450571,45.293743],[-111.450271,45.293661],[-111.449992,45.293608],[-111.449705,45.293534]]}},{"id":"('way', 871427229)","type":"Feature","properties":{"aerialway":null,"piste:type":"downhill","piste:difficulty":"advanced","name":"Clark's","base_elevation":1152},"geometry":{"type":"LineString","coordinates":[[-111.451511,45.293194],[-111.451104,45.293171],[-111.450913,45.293132],[-111.450526,45.293062],[-111.450251,45.293016],[-111.450121,45.292979],[-111.449933,45.292947]]}},{"id":"('way', 871427230)","type":"Feature","properties":{"aerialway":null,"piste:type":"downhill","piste:difficulty":"intermediate","name":"Harbor's Natural Halfpipe","base_elevation":1130},"geometry":{"type":"LineString","coordinates":[[-111.432153,45.279521],[-111.431959,45.279612],[-111.431892,45.279661],[-111.431836,45.279741],[-111.431776,45.279848],[-111.43168,45.279899],[-111.431554,45.279936],[-111.431412,45.279972],[-111.431338,45.279989],[-111.431193,45.280042],[-111.431052,45.280124],[-111.430961,45.280264],[-111.430957,45.280335],[-111.43094,45.280498],[-111.430894,45.280596],[-111.430843,45.280647],[-111.430738,45.280682],[-111.430633,45.280745],[-111.430555,45.28083],[-111.430497,45.280908],[-111.430394,45.281083],[-111.430306,45.281227],[-111.430206,45.281296],[-111.430075,45.281365],[-111.429624,45.281478],[-111.429436,45.281587],[-111.42917,45.281675],[-111.428836,45.281722],[-111.428555,45.281756],[-111.428072,45.281764],[-111.427516,45.281776],[-111.427418,45.281794],[-111.427198,45.281845],[-111.427026,45.281889],[-111.42682,45.281982],[-111.426645,45.282082],[-111.426592,45.282113],[-111.426515,45.282136],[-111.426357,45.282167],[-111.426279,45.282207],[-111.426247,45.282239],[-111.426234,45.282272],[-111.426235,45.282326],[-111.426233,45.282361],[-111.426222,45.282388],[-111.426196,45.282417],[-111.426142,45.28245],[-111.426063,45.2825],[-111.425676,45.282721]]}},{"id":"('way', 871427231)","type":"Feature","properties":{"aerialway":null,"piste:type":"downhill","piste:difficulty":"intermediate","name":null,"base_elevation":823},"geometry":{"type":"LineString","coordinates":[[-111.395666,45.283844],[-111.39586,45.283796],[-111.396011,45.283783],[-111.396126,45.28379],[-111.396218,45.28382],[-111.396406,45.283919],[-111.39657,45.284005],[-111.396665,45.284078],[-111.396695,45.284125],[-111.396724,45.284169],[-111.396741,45.284213],[-111.396769,45.284265],[-111.396804,45.284299],[-111.396862,45.284329],[-111.396925,45.284337],[-111.396993,45.284326],[-111.397333,45.284218],[-111.397661,45.284108],[-111.39809,45.283947],[-111.398208,45.283891],[-111.398392,45.283788],[-111.39867,45.283638],[-111.398779,45.283594],[-111.398925,45.283541],[-111.399119,45.283479],[-111.39924,45.283439],[-111.399418,45.283358]]}},{"id":"('way', 898751337)","type":"Feature","properties":{"aerialway":null,"piste:type":"downhill","piste:difficulty":"intermediate","name":"Dog Leg","base_elevation":780},"geometry":{"type":"LineString","coordinates":[[-111.411957,45.226843],[-111.411759,45.226945],[-111.411565,45.226915],[-111.411501,45.226673],[-111.411437,45.226371],[-111.411372,45.226038],[-111.411222,45.2256],[-111.411008,45.225268],[-111.410729,45.225132],[-111.410471,45.225192],[-111.410192,45.22557],[-111.409978,45.226054],[-111.409828,45.226598],[-111.409634,45.227051],[-111.409377,45.227353],[-111.409119,45.227716],[-111.409098,45.228275],[-111.409098,45.228955],[-111.409111,45.22909],[-111.409162,45.229605],[-111.409162,45.230194],[-111.409119,45.230557],[-111.409184,45.230905],[-111.409323,45.231029],[-111.40943,45.231195],[-111.40942,45.231437],[-111.409323,45.231679],[-111.409173,45.231951],[-111.409184,45.2322],[-111.40943,45.232624],[-111.409935,45.232986],[-111.410289,45.23322],[-111.410536,45.233364],[-111.410792,45.233613]]}},{"id":"('way', 898751338)","type":"Feature","properties":{"aerialway":"gondola","piste:type":null,"piste:difficulty":null,"name":"Alpine Greens","base_elevation":827},"geometry":{"type":"LineString","coordinates":[[-111.408948,45.229068],[-111.404937,45.2284],[-111.404141,45.228268]]}},{"id":"('way', 898751339)","type":"Feature","properties":{"aerialway":null,"piste:type":"downhill","piste:difficulty":"intermediate","name":"Alpine Greens","base_elevation":717},"geometry":{"type":"LineString","coordinates":[[-111.404206,45.228404],[-111.404455,45.228538],[-111.404766,45.228696],[-111.404959,45.229029],[-111.405077,45.229271],[-111.405088,45.229762],[-111.404991,45.230359],[-111.404991,45.230827],[-111.405024,45.231265],[-111.405238,45.23159],[-111.405399,45.231877],[-111.405453,45.232187],[-111.405539,45.232436],[-111.405635,45.232799],[-111.405807,45.233117],[-111.405828,45.233373],[-111.405764,45.233691],[-111.405635,45.233819],[-111.405603,45.233902],[-111.405667,45.234001],[-111.405796,45.234016],[-111.406064,45.233849],[-111.406333,45.233608],[-111.406472,45.233336],[-111.406644,45.233132],[-111.406826,45.233079],[-111.406966,45.233154],[-111.407148,45.233404],[-111.407341,45.233812],[-111.407534,45.234174],[-111.407641,45.234454],[-111.407717,45.234711],[-111.407738,45.234922],[-111.407816,45.235128],[-111.407854,45.235229],[-111.408049,45.235376],[-111.408285,45.235564],[-111.408468,45.2357],[-111.408629,45.235814],[-111.408669,45.235854],[-111.408704,45.235889],[-111.408886,45.236078],[-111.409015,45.236312],[-111.409122,45.236577],[-111.409219,45.236698],[-111.409369,45.236751],[-111.409594,45.236705],[-111.409873,45.23669],[-111.410173,45.236637],[-111.410313,45.236607],[-111.410367,45.236494],[-111.410302,45.236328],[-111.410227,45.236123],[-111.410195,45.23598],[-111.410249,45.235806],[-111.410324,45.235715],[-111.410345,45.235595]]}},{"id":"('way', 898751341)","type":"Feature","properties":{"aerialway":null,"piste:type":"downhill","piste:difficulty":"intermediate","name":null,"base_elevation":745},"geometry":{"type":"LineString","coordinates":[[-111.407816,45.235128],[-111.407743,45.235258],[-111.40769,45.235371],[-111.407615,45.235522],[-111.40755,45.235718],[-111.407502,45.235941],[-111.407518,45.23607],[-111.407599,45.236153],[-111.407695,45.236179],[-111.407792,45.236157],[-111.407883,45.236055],[-111.408028,45.235945],[-111.408199,45.235847],[-111.408366,45.235805],[-111.408521,45.235813],[-111.408669,45.235854]]}},{"id":"('way', 898751342)","type":"Feature","properties":{"aerialway":null,"piste:type":"downhill","piste:difficulty":"advanced","name":"West Side Glades","base_elevation":792},"geometry":{"type":"LineString","coordinates":[[-111.414856,45.229337],[-111.41439,45.229604],[-111.414025,45.230088],[-111.413811,45.230843],[-111.413725,45.231614],[-111.413703,45.232581],[-111.413839,45.233234]]}},{"id":"('way', 898751343)","type":"Feature","properties":{"aerialway":null,"piste:type":"downhill","piste:difficulty":"advanced","name":"East Side Glades","base_elevation":837},"geometry":{"type":"LineString","coordinates":[[-111.411717,45.2288],[-111.411332,45.229086],[-111.410753,45.229238],[-111.40998,45.229207],[-111.409111,45.22909]]}},{"id":"('way', 898809458)","type":"Feature","properties":{"aerialway":null,"piste:type":"downhill","piste:difficulty":"intermediate","name":"Enclave","base_elevation":760},"geometry":{"type":"LineString","coordinates":[[-111.421701,45.238477],[-111.421379,45.238653],[-111.421025,45.23897],[-111.420778,45.239219],[-111.420703,45.239544],[-111.420831,45.239816],[-111.421014,45.24002],[-111.421143,45.240224],[-111.421153,45.240352],[-111.421025,45.240564],[-111.420939,45.24067],[-111.420853,45.240755],[-111.420697,45.240891],[-111.420638,45.241042],[-111.420531,45.241228],[-111.420386,45.241344],[-111.420198,45.241348],[-111.419978,45.241298],[-111.419742,45.241151],[-111.419544,45.241011],[-111.41934,45.240977],[-111.419136,45.241015],[-111.418793,45.241178],[-111.418498,45.241419],[-111.418251,45.241559],[-111.417951,45.241608],[-111.417527,45.241503],[-111.417173,45.24134],[-111.416744,45.241178],[-111.416256,45.240989],[-111.415875,45.240936],[-111.415435,45.240883],[-111.414617,45.240805]]}},{"id":"('way', 914286290)","type":"Feature","properties":{"aerialway":null,"piste:type":"nordic","piste:difficulty":"easy","name":null,"base_elevation":465},"geometry":{"type":"LineString","coordinates":[[-111.321651,45.247289],[-111.320978,45.247616],[-111.320767,45.247776],[-111.320605,45.24792],[-111.320462,45.248251],[-111.32022,45.248766],[-111.319852,45.249206],[-111.319136,45.24976],[-111.319037,45.249836],[-111.317498,45.250925],[-111.316085,45.251907],[-111.315776,45.252122],[-111.315258,45.252463],[-111.314935,45.252621],[-111.314538,45.252735],[-111.314002,45.252817],[-111.313626,45.252825],[-111.313326,45.25283],[-111.312761,45.252893],[-111.312401,45.25297],[-111.312166,45.253053],[-111.312085,45.253117],[-111.311909,45.253166],[-111.311754,45.253267],[-111.311247,45.253865],[-111.310946,45.254196],[-111.310726,45.254532],[-111.310667,45.25479],[-111.310664,45.255015],[-111.310627,45.255181],[-111.310648,45.255514]]}},{"id":"('way', 953606953)","type":"Feature","properties":{"aerialway":null,"piste:type":"nordic","piste:difficulty":"easy","name":"Crail Ranch Trail","base_elevation":444},"geometry":{"type":"LineString","coordinates":[[-111.306194,45.269011],[-111.30637,45.268875],[-111.306936,45.268549],[-111.307061,45.268453],[-111.306844,45.26833],[-111.306851,45.268218],[-111.306887,45.26815],[-111.307,45.268023],[-111.306996,45.267908],[-111.307007,45.267758],[-111.307099,45.267603],[-111.307413,45.267394],[-111.30786,45.267189],[-111.308062,45.267102],[-111.308203,45.26709],[-111.308309,45.267149],[-111.308425,45.267268],[-111.308573,45.26733],[-111.308739,45.267354],[-111.308865,45.267297],[-111.30915,45.267134],[-111.309374,45.26698],[-111.309663,45.26685],[-111.310164,45.26669],[-111.310436,45.266597],[-111.310644,45.26647],[-111.310817,45.266346],[-111.311121,45.266236],[-111.311257,45.266196],[-111.311437,45.266196],[-111.311678,45.26612],[-111.311854,45.266103],[-111.312006,45.266036],[-111.312487,45.265954],[-111.312743,45.265827],[-111.312996,45.265737],[-111.3131,45.265717],[-111.313232,45.26576],[-111.313344,45.265878],[-111.313392,45.266022],[-111.313472,45.26613]]}},{"id":"('way', 954053171)","type":"Feature","properties":{"aerialway":null,"piste:type":"nordic","piste:difficulty":"easy","name":null,"base_elevation":396},"geometry":{"type":"LineString","coordinates":[[-111.279642,45.27035],[-111.279557,45.270275],[-111.279122,45.270148],[-111.278876,45.270049],[-111.27865,45.269915],[-111.278484,45.269857],[-111.278082,45.26977],[-111.277624,45.26958],[-111.27739,45.269501]]}},{"id":"('way', 954053172)","type":"Feature","properties":{"aerialway":null,"piste:type":"nordic","piste:difficulty":"easy","name":"Black Diamond","base_elevation":405},"geometry":{"type":"LineString","coordinates":[[-111.276741,45.269753],[-111.276682,45.26981],[-111.276647,45.269857],[-111.276658,45.269904],[-111.276676,45.269957],[-111.276692,45.269991],[-111.276762,45.270011],[-111.276813,45.270028],[-111.276883,45.270042],[-111.27691,45.270081],[-111.276886,45.270117],[-111.276827,45.27014],[-111.27677,45.270144],[-111.276722,45.270151],[-111.276695,45.270176],[-111.276746,45.270202],[-111.276805,45.270234],[-111.27688,45.270268],[-111.276966,45.2703],[-111.277033,45.27034],[-111.277084,45.27037],[-111.27713,45.270414],[-111.277135,45.270446],[-111.277081,45.270457],[-111.27702,45.27047],[-111.276955,45.270487],[-111.276945,45.27054],[-111.276979,45.270587],[-111.277039,45.270612],[-111.277183,45.270646],[-111.277242,45.270687],[-111.277315,45.270736],[-111.277508,45.270765],[-111.277808,45.270817],[-111.278088,45.2709],[-111.278459,45.271026],[-111.278673,45.271102],[-111.278944,45.271221],[-111.279175,45.271296],[-111.279396,45.271409],[-111.279635,45.271545],[-111.279902,45.27163],[-111.280051,45.271623],[-111.280155,45.271621],[-111.280336,45.271632],[-111.280595,45.27165],[-111.280769,45.271679],[-111.280935,45.271717],[-111.28103,45.271736],[-111.281166,45.271782],[-111.281233,45.271806],[-111.281342,45.271839],[-111.28156,45.271907],[-111.281736,45.271985],[-111.282159,45.272142],[-111.282256,45.272084],[-111.282438,45.272104],[-111.28268,45.272214],[-111.282875,45.272191],[-111.283023,45.27204],[-111.283138,45.272002],[-111.283503,45.272056],[-111.283844,45.272168],[-111.284345,45.272341],[-111.284798,45.272376],[-111.284951,45.272369],[-111.28526,45.272554],[-111.285595,45.272687],[-111.286124,45.272906],[-111.286635,45.27295],[-111.286718,45.272899],[-111.286424,45.272769],[-111.286266,45.272576],[-111.286247,45.27244],[-111.286247,45.272336],[-111.286241,45.272242],[-111.286181,45.272142]]}},{"id":"('way', 954053180)","type":"Feature","properties":{"aerialway":null,"piste:type":"nordic","piste:difficulty":"intermediate","name":null,"base_elevation":569},"geometry":{"type":"LineString","coordinates":[[-111.328539,45.283241],[-111.328431,45.28329],[-111.32827,45.283241],[-111.328162,45.283209],[-111.328025,45.2831],[-111.328011,45.282961],[-111.327918,45.282725],[-111.327781,45.282531],[-111.327724,45.282356],[-111.327601,45.281952],[-111.327429,45.281711],[-111.327386,45.281537],[-111.327161,45.281197],[-111.326941,45.280971],[-111.326662,45.280703],[-111.326399,45.280507],[-111.326174,45.280242],[-111.325999,45.28007],[-111.32549,45.279949],[-111.325064,45.279662],[-111.324299,45.279084],[-111.324093,45.27899],[-111.323841,45.278956],[-111.323621,45.278872],[-111.323524,45.278623],[-111.323395,45.278468],[-111.32324,45.278359],[-111.322703,45.278279],[-111.322408,45.27814],[-111.322151,45.277959],[-111.3218,45.277657],[-111.321483,45.277284],[-111.321348,45.277148],[-111.321155,45.276922],[-111.321061,45.276774],[-111.320772,45.276581],[-111.320439,45.276407]]}},{"id":"('way', 954053183)","type":"Feature","properties":{"aerialway":null,"piste:type":"nordic","piste:difficulty":"easy","name":"Crail Ranch Trail","base_elevation":455},"geometry":{"type":"LineString","coordinates":[[-111.30584,45.269541],[-111.30598,45.269664],[-111.306054,45.269742],[-111.306067,45.269904]]}},{"id":"('way', 954053186)","type":"Feature","properties":{"aerialway":null,"piste:type":"nordic","piste:difficulty":"intermediate","name":null,"base_elevation":478},"geometry":{"type":"LineString","coordinates":[[-111.316673,45.263278],[-111.316621,45.263202],[-111.316558,45.263108],[-111.316366,45.262984],[-111.316216,45.262917],[-111.316142,45.262884],[-111.315934,45.262764],[-111.315901,45.262687],[-111.31586,45.262586],[-111.315882,45.262545],[-111.315919,45.26248],[-111.315956,45.262415],[-111.315998,45.262358],[-111.316159,45.262173],[-111.316401,45.261939],[-111.316615,45.261716],[-111.316819,45.26149],[-111.316974,45.261329],[-111.317176,45.261199],[-111.317412,45.261175],[-111.317581,45.261246],[-111.317825,45.261441],[-111.318005,45.261567],[-111.31824,45.261623],[-111.318477,45.261663]]}},{"id":"('way', 954053199)","type":"Feature","properties":{"aerialway":null,"piste:type":"nordic","piste:difficulty":"easy","name":"Crail Ranch Trail","base_elevation":455},"geometry":{"type":"LineString","coordinates":[[-111.30584,45.269541],[-111.305974,45.269522],[-111.306099,45.269511]]}},{"id":"('way', 1031856219)","type":"Feature","properties":{"aerialway":"gondola","piste:type":null,"piste:difficulty":null,"name":"Explorer Gondola Lower","base_elevation":832},"geometry":{"type":"LineString","coordinates":[[-111.402103,45.286148],[-111.418998,45.283763]]}},{"id":"('way', 1058973489)","type":"Feature","properties":{"aerialway":null,"piste:type":"downhill","piste:difficulty":"intermediate","name":"Powder River","base_elevation":1066},"geometry":{"type":"LineString","coordinates":[[-111.431564,45.292571],[-111.431534,45.292703],[-111.431511,45.292822],[-111.431506,45.292845],[-111.431487,45.292922],[-111.431511,45.292822],[-111.431443,45.293052],[-111.431377,45.293139],[-111.431294,45.29325],[-111.430722,45.294033],[-111.430397,45.294288],[-111.4294,45.294802],[-111.429154,45.29485],[-111.428547,45.294981]]}},{"id":"('way', 1104703534)","type":"Feature","properties":{"aerialway":null,"piste:type":"downhill","piste:difficulty":"easy","name":"Highlands Access","base_elevation":710},"geometry":{"type":"LineString","coordinates":[[-111.373899,45.263506],[-111.37351,45.263461],[-111.373317,45.263402],[-111.373223,45.263223],[-111.373088,45.262753],[-111.372978,45.262625],[-111.372882,45.262548],[-111.372249,45.262274],[-111.372035,45.262198],[-111.371914,45.262188],[-111.371633,45.262219],[-111.371161,45.262306],[-111.370876,45.262359],[-111.370659,45.262419],[-111.370527,45.26248],[-111.37043,45.262556],[-111.370327,45.262656],[-111.370051,45.262779],[-111.369925,45.262815],[-111.369799,45.262831],[-111.369677,45.262813],[-111.369562,45.262774],[-111.369332,45.262715],[-111.369202,45.2627],[-111.369111,45.262707],[-111.369042,45.262728],[-111.368973,45.26277],[-111.368779,45.262929],[-111.368452,45.263103],[-111.368237,45.263186],[-111.367942,45.263265],[-111.367464,45.26345],[-111.367175,45.26356],[-111.366869,45.263643],[-111.366536,45.263688],[-111.366241,45.26379],[-111.366011,45.263854],[-111.365716,45.263877],[-111.365501,45.263971],[-111.365217,45.264066],[-111.364922,45.264171],[-111.364552,45.264338],[-111.364517,45.26437],[-111.364364,45.264515],[-111.364117,45.264677],[-111.363779,45.26484],[-111.363468,45.264961],[-111.363318,45.26498],[-111.363133,45.264969],[-111.362841,45.264951],[-111.362779,45.264956],[-111.362731,45.26498],[-111.362712,45.265089],[-111.362733,45.265229],[-111.36284,45.265481],[-111.363012,45.265636],[-111.363243,45.265746],[-111.363564,45.265886],[-111.364007,45.266068]]}},{"id":"('way', 1127713030)","type":"Feature","properties":{"aerialway":"chair_lift","piste:type":null,"piste:difficulty":null,"name":"Powder Seeker 6","base_elevation":1283},"geometry":{"type":"LineString","coordinates":[[-111.433633,45.278821],[-111.434489,45.278947],[-111.435141,45.279043],[-111.436357,45.279222],[-111.437288,45.279359],[-111.438552,45.279545],[-111.439295,45.279654],[-111.440472,45.279827],[-111.440697,45.27986],[-111.44183,45.280027],[-111.442582,45.28013],[-111.443213,45.280217],[-111.443708,45.280285]]}},{"id":"('way', 1149525884)","type":"Feature","properties":{"aerialway":null,"piste:type":"nordic","piste:difficulty":"easy","name":null,"base_elevation":454},"geometry":{"type":"LineString","coordinates":[[-111.305978,45.255031],[-111.3062,45.255147],[-111.306465,45.255302],[-111.30673,45.255406],[-111.307004,45.255388]]}},{"id":"('way', 1149525885)","type":"Feature","properties":{"aerialway":null,"piste:type":"nordic","piste:difficulty":"easy","name":null,"base_elevation":460},"geometry":{"type":"LineString","coordinates":[[-111.308267,45.25642],[-111.308796,45.256034],[-111.309083,45.255881],[-111.309306,45.255808],[-111.309526,45.255666],[-111.30974,45.255606],[-111.31014,45.25561],[-111.310322,45.255568],[-111.310451,45.25543],[-111.310463,45.255169],[-111.310482,45.254918],[-111.310447,45.254824],[-111.310291,45.25476],[-111.309943,45.254766],[-111.309743,45.254789],[-111.309644,45.254765],[-111.309578,45.254699],[-111.309606,45.254637],[-111.309735,45.25459],[-111.310066,45.254537],[-111.310322,45.254447],[-111.310639,45.254315],[-111.310886,45.254174],[-111.310959,45.254036],[-111.31116,45.253723],[-111.311383,45.25345],[-111.31138,45.253312],[-111.311334,45.253252],[-111.31125,45.253203],[-111.311136,45.253187],[-111.310894,45.253273],[-111.310391,45.25346]]}},{"id":"('way', 1149525886)","type":"Feature","properties":{"aerialway":null,"piste:type":"nordic","piste:difficulty":"easy","name":null,"base_elevation":460},"geometry":{"type":"LineString","coordinates":[[-111.307004,45.255388],[-111.30719,45.255427],[-111.307307,45.255453],[-111.307399,45.255548],[-111.307474,45.255842],[-111.307532,45.255931],[-111.307589,45.255988],[-111.30764,45.256047]]}},{"id":"('way', 1149525889)","type":"Feature","properties":{"aerialway":null,"piste:type":"nordic","piste:difficulty":"easy","name":null,"base_elevation":453},"geometry":{"type":"LineString","coordinates":[[-111.307927,45.254057],[-111.307725,45.254198],[-111.307467,45.254383],[-111.306999,45.254563],[-111.306754,45.254566],[-111.306406,45.254663],[-111.306161,45.254689],[-111.306075,45.254757],[-111.305962,45.254954],[-111.305978,45.255031]]}},{"id":"('way', 1149525891)","type":"Feature","properties":{"aerialway":null,"piste:type":"nordic","piste:difficulty":"easy","name":null,"base_elevation":438},"geometry":{"type":"LineString","coordinates":[[-111.307513,45.252246],[-111.307265,45.252345],[-111.306908,45.252484],[-111.306681,45.252597],[-111.306562,45.252795],[-111.306351,45.253146],[-111.306206,45.253358],[-111.306055,45.253585],[-111.30587,45.253716],[-111.305451,45.253939],[-111.305239,45.254035],[-111.305183,45.254141],[-111.305188,45.254358],[-111.30513,45.254736],[-111.305108,45.25511],[-111.305113,45.255487],[-111.30513,45.25574],[-111.305258,45.255676],[-111.305392,45.255514],[-111.305451,45.255367],[-111.305505,45.2552],[-111.30562,45.255063],[-111.305779,45.255012],[-111.305875,45.255015],[-111.305978,45.255031]]}},{"id":"('way', 1149525893)","type":"Feature","properties":{"aerialway":null,"piste:type":"nordic","piste:difficulty":"easy","name":null,"base_elevation":445},"geometry":{"type":"LineString","coordinates":[[-111.309675,45.251905],[-111.309915,45.251829],[-111.310129,45.251661],[-111.310458,45.251276],[-111.310604,45.251135],[-111.310833,45.251108],[-111.311014,45.250989],[-111.311165,45.250911],[-111.311223,45.250824],[-111.311214,45.250576],[-111.311307,45.250477],[-111.311435,45.250391],[-111.31141,45.250325],[-111.311268,45.250253],[-111.311124,45.250162],[-111.310939,45.250057],[-111.310811,45.250047],[-111.310725,45.250166],[-111.31066,45.250321],[-111.310617,45.250442],[-111.310526,45.250604],[-111.310468,45.250713],[-111.310361,45.250822],[-111.310082,45.251008],[-111.309689,45.25116],[-111.309385,45.251292],[-111.309134,45.251343],[-111.30882,45.251424],[-111.308622,45.251507],[-111.308473,45.251669],[-111.308209,45.251813],[-111.308032,45.251881],[-111.307867,45.251943],[-111.3077,45.252057],[-111.307553,45.252156],[-111.307513,45.252246],[-111.307625,45.252313],[-111.307804,45.252339],[-111.308018,45.25232],[-111.308146,45.252213],[-111.308293,45.252119],[-111.308539,45.252048],[-111.308753,45.251981],[-111.309209,45.251992],[-111.30941,45.25199],[-111.309675,45.251905]]}},{"id":"('way', 1149525897)","type":"Feature","properties":{"aerialway":null,"piste:type":"nordic","piste:difficulty":"easy","name":null,"base_elevation":460},"geometry":{"type":"LineString","coordinates":[[-111.30764,45.256047],[-111.307899,45.256334],[-111.308077,45.256428],[-111.308267,45.25642]]}},{"id":"('way', 1149525898)","type":"Feature","properties":{"aerialway":null,"piste:type":"nordic","piste:difficulty":"easy","name":null,"base_elevation":492},"geometry":{"type":"LineString","coordinates":[[-111.32083,45.253213],[-111.320822,45.253133],[-111.321545,45.253093],[-111.321628,45.253084],[-111.321818,45.253025],[-111.321947,45.252961],[-111.322025,45.252912],[-111.322046,45.252697],[-111.321991,45.252525],[-111.322101,45.252353],[-111.322132,45.25219],[-111.32204,45.251945],[-111.322044,45.251697],[-111.322082,45.251447],[-111.32219,45.251261],[-111.32223,45.251037],[-111.322109,45.250664],[-111.322139,45.250414],[-111.322206,45.250264],[-111.322105,45.25],[-111.322062,45.249862],[-111.322175,45.249688],[-111.322245,45.249532],[-111.32223,45.249296],[-111.322183,45.249148],[-111.322231,45.24888],[-111.32216,45.248566],[-111.322113,45.248321],[-111.321966,45.248029],[-111.321942,45.24783],[-111.321931,45.24767],[-111.321883,45.247434],[-111.321651,45.247289]]}},{"id":"('way', 1149525900)","type":"Feature","properties":{"aerialway":null,"piste:type":"nordic","piste:difficulty":"easy","name":"Crail Ranch Trail","base_elevation":421},"geometry":{"type":"LineString","coordinates":[[-111.294987,45.270496],[-111.29512,45.270633],[-111.295226,45.270756],[-111.295351,45.270845],[-111.295547,45.270902],[-111.295743,45.270907],[-111.296008,45.270913],[-111.296588,45.270961],[-111.296909,45.270927],[-111.297369,45.270888],[-111.297714,45.270854],[-111.298255,45.270679],[-111.298563,45.270592],[-111.298832,45.270467],[-111.299312,45.270327],[-111.299551,45.27028],[-111.299733,45.270223],[-111.300193,45.270053],[-111.300362,45.270005],[-111.30053,45.269895],[-111.300786,45.269791],[-111.301039,45.269692],[-111.301235,45.269641],[-111.301636,45.269613],[-111.301772,45.26964],[-111.301876,45.269661],[-111.301988,45.269644],[-111.302144,45.269605],[-111.302469,45.269579],[-111.302785,45.269653],[-111.303005,45.269706],[-111.303282,45.269777],[-111.303562,45.269909],[-111.303766,45.269988],[-111.303947,45.269983],[-111.304187,45.269926],[-111.304419,45.269836],[-111.304624,45.269774],[-111.304889,45.269671],[-111.305028,45.269592],[-111.305364,45.269576],[-111.30584,45.269541]]}},{"id":"('way', 1149525901)","type":"Feature","properties":{"aerialway":null,"piste:type":"nordic","piste:difficulty":"easy","name":null,"base_elevation":411},"geometry":{"type":"LineString","coordinates":[[-111.291135,45.270406],[-111.291082,45.270396],[-111.290995,45.270397],[-111.290784,45.270418],[-111.290657,45.270448],[-111.290215,45.270528],[-111.29006,45.270533],[-111.289824,45.270517],[-111.289656,45.270494],[-111.289479,45.270466],[-111.289226,45.270456],[-111.289063,45.270455],[-111.288893,45.270468],[-111.288717,45.27046],[-111.288654,45.270449]]}},{"id":"('way', 1149525903)","type":"Feature","properties":{"aerialway":null,"piste:type":"nordic","piste:difficulty":"easy","name":"Town Center Trails","base_elevation":446},"geometry":{"type":"LineString","coordinates":[[-111.304206,45.259513],[-111.304019,45.259486],[-111.303685,45.25949],[-111.303343,45.259509],[-111.302968,45.259584],[-111.302528,45.259837],[-111.302335,45.25992],[-111.302128,45.259618]]}},{"id":"('way', 1149525904)","type":"Feature","properties":{"aerialway":null,"piste:type":"nordic","piste:difficulty":"easy","name":"Town Center Trails","base_elevation":437},"geometry":{"type":"LineString","coordinates":[[-111.30324,45.261178],[-111.302393,45.261117],[-111.300676,45.261117],[-111.300299,45.261048],[-111.300002,45.260996],[-111.299123,45.260962],[-111.29911,45.260606],[-111.299558,45.260587],[-111.299987,45.260522],[-111.300903,45.259912],[-111.301419,45.259834],[-111.30171,45.259757],[-111.302018,45.259656],[-111.302128,45.259618]]}},{"id":"('way', 1149525905)","type":"Feature","properties":{"aerialway":null,"piste:type":"nordic","piste:difficulty":"easy","name":null,"base_elevation":396},"geometry":{"type":"LineString","coordinates":[[-111.276741,45.269753],[-111.27654,45.269676],[-111.276448,45.269561],[-111.276463,45.269452],[-111.276555,45.269377],[-111.276788,45.269332],[-111.277022,45.269377],[-111.277248,45.269442],[-111.27739,45.269501]]}},{"id":"('way', 1149525906)","type":"Feature","properties":{"aerialway":null,"piste:type":"nordic","piste:difficulty":"easy","name":null,"base_elevation":396},"geometry":{"type":"LineString","coordinates":[[-111.27739,45.269501],[-111.277192,45.269591],[-111.276913,45.269712],[-111.276741,45.269753]]}},{"id":"('way', 1150738661)","type":"Feature","properties":{"aerialway":null,"piste:type":"nordic","piste:difficulty":"intermediate","name":"Summit","base_elevation":1016},"geometry":{"type":"LineString","coordinates":[[-111.365769,45.303146],[-111.365485,45.303328],[-111.364975,45.303374],[-111.364138,45.303261],[-111.36335,45.303316],[-111.36283,45.303306],[-111.36188,45.30332],[-111.360614,45.303253],[-111.35945,45.302955],[-111.358854,45.302645],[-111.358393,45.302257],[-111.357669,45.301901],[-111.356537,45.301397],[-111.356311,45.301292],[-111.35607,45.301216],[-111.355695,45.301161]]}},{"id":"('way', 1150738662)","type":"Feature","properties":{"aerialway":null,"piste:type":"nordic","piste:difficulty":"intermediate","name":"Boomerang","base_elevation":734},"geometry":{"type":"LineString","coordinates":[[-111.35056,45.288544],[-111.350175,45.28852],[-111.349948,45.288302],[-111.34946,45.288132],[-111.349247,45.287984],[-111.348823,45.287882],[-111.348612,45.287759],[-111.348522,45.287463],[-111.348419,45.287238]]}},{"id":"('way', 1150738663)","type":"Feature","properties":{"aerialway":null,"piste:type":"nordic","piste:difficulty":"intermediate","name":"Boomerang","base_elevation":745},"geometry":{"type":"LineString","coordinates":[[-111.351171,45.288044],[-111.351354,45.288562],[-111.351616,45.289091],[-111.351736,45.289245],[-111.351756,45.289438],[-111.351273,45.289513],[-111.351252,45.289925],[-111.350935,45.289853],[-111.351092,45.289471],[-111.351101,45.289129],[-111.351022,45.288939],[-111.35056,45.288544]]}},{"id":"('way', 1150738664)","type":"Feature","properties":{"aerialway":null,"piste:type":"nordic","piste:difficulty":"intermediate","name":"Dutch's Detour","base_elevation":681},"geometry":{"type":"LineString","coordinates":[[-111.341765,45.280386],[-111.341581,45.280264],[-111.341389,45.280183],[-111.341264,45.280133],[-111.341056,45.280103]]}},{"id":"('way', 1150738665)","type":"Feature","properties":{"aerialway":null,"piste:type":"nordic","piste:difficulty":"intermediate","name":"Dutch's Detour","base_elevation":677},"geometry":{"type":"LineString","coordinates":[[-111.345394,45.28261],[-111.344976,45.282761],[-111.344826,45.282938],[-111.344572,45.283046],[-111.344287,45.282977],[-111.343963,45.2827],[-111.343583,45.282184],[-111.343067,45.281949],[-111.342621,45.281615],[-111.34213,45.280696],[-111.341948,45.280498],[-111.341765,45.280386]]}},{"id":"('way', 1150738666)","type":"Feature","properties":{"aerialway":null,"piste:type":"nordic","piste:difficulty":"intermediate","name":"Mountain View","base_elevation":668},"geometry":{"type":"LineString","coordinates":[[-111.338157,45.280966],[-111.337724,45.280903],[-111.337379,45.280761],[-111.337245,45.280617],[-111.337102,45.280356],[-111.336521,45.280168],[-111.336136,45.280186],[-111.335803,45.28025],[-111.335528,45.280259],[-111.335169,45.280025],[-111.334942,45.279823],[-111.334708,45.279677]]}},{"id":"('way', 1150738667)","type":"Feature","properties":{"aerialway":null,"piste:type":"nordic","piste:difficulty":"intermediate","name":"Mountain View","base_elevation":712},"geometry":{"type":"LineString","coordinates":[[-111.342808,45.284467],[-111.342111,45.283516],[-111.341252,45.282867],[-111.340547,45.282722],[-111.340355,45.282604],[-111.340154,45.282372],[-111.339804,45.282175],[-111.33897,45.282037]]}},{"id":"('way', 1150738668)","type":"Feature","properties":{"aerialway":null,"piste:type":"nordic","piste:difficulty":"intermediate","name":"North Fork","base_elevation":576},"geometry":{"type":"LineString","coordinates":[[-111.32846,45.280127],[-111.328325,45.279756],[-111.328261,45.27956],[-111.328236,45.279347]]}},{"id":"('way', 1150738670)","type":"Feature","properties":{"aerialway":null,"piste:type":"nordic","piste:difficulty":"easy","name":"Silverbow","base_elevation":439},"geometry":{"type":"LineString","coordinates":[[-111.30613,45.265864],[-111.306248,45.266005],[-111.306298,45.266235],[-111.306304,45.266388],[-111.306378,45.266531],[-111.306528,45.26675],[-111.306674,45.266902],[-111.30685,45.266964]]}},{"id":"('way', 1150738671)","type":"Feature","properties":{"aerialway":null,"piste:type":"nordic","piste:difficulty":"easy","name":"Silverbow","base_elevation":441},"geometry":{"type":"LineString","coordinates":[[-111.305026,45.267439],[-111.305128,45.267579],[-111.305392,45.267827],[-111.305493,45.268066],[-111.305333,45.268412],[-111.305411,45.268575]]}},{"id":"('way', 1150738674)","type":"Feature","properties":{"aerialway":null,"piste:type":"nordic","piste:difficulty":"easy","name":"Silverbow","base_elevation":442},"geometry":{"type":"LineString","coordinates":[[-111.30519,45.269202],[-111.305025,45.269352],[-111.304797,45.269506],[-111.304453,45.269657],[-111.304115,45.269695],[-111.303579,45.269662],[-111.303257,45.269631],[-111.303054,45.269552],[-111.302941,45.269465],[-111.302776,45.269116]]}},{"id":"('way', 1150738675)","type":"Feature","properties":{"aerialway":null,"piste:type":"nordic","piste:difficulty":"easy","name":"Silverbow","base_elevation":447},"geometry":{"type":"LineString","coordinates":[[-111.305671,45.268645],[-111.305569,45.268712],[-111.305429,45.26878]]}},{"id":"('way', 1150738676)","type":"Feature","properties":{"aerialway":null,"piste:type":"nordic","piste:difficulty":"easy","name":"Silverbow","base_elevation":442},"geometry":{"type":"LineString","coordinates":[[-111.302803,45.262223],[-111.303573,45.262382],[-111.30485,45.26242],[-111.305891,45.262371]]}},{"id":"('way', 1150738677)","type":"Feature","properties":{"aerialway":null,"piste:type":"nordic","piste:difficulty":"easy","name":"Silverbow","base_elevation":439},"geometry":{"type":"LineString","coordinates":[[-111.300365,45.261977],[-111.300811,45.261982],[-111.301304,45.262008],[-111.301959,45.262091],[-111.302436,45.262151],[-111.302803,45.262223]]}},{"id":"('way', 1150738678)","type":"Feature","properties":{"aerialway":null,"piste:type":"nordic","piste:difficulty":"easy","name":"Silverbow","base_elevation":437},"geometry":{"type":"LineString","coordinates":[[-111.303436,45.263783],[-111.303145,45.264059],[-111.302901,45.264281],[-111.302844,45.264319]]}},{"id":"('way', 1150738679)","type":"Feature","properties":{"aerialway":null,"piste:type":"nordic","piste:difficulty":"easy","name":"Silverbow","base_elevation":435},"geometry":{"type":"LineString","coordinates":[[-111.302494,45.26524],[-111.302773,45.265044],[-111.302874,45.264912],[-111.302913,45.264757]]}},{"id":"('way', 1150738680)","type":"Feature","properties":{"aerialway":null,"piste:type":"nordic","piste:difficulty":"easy","name":"Silverbow","base_elevation":436},"geometry":{"type":"LineString","coordinates":[[-111.307114,45.262907],[-111.306969,45.263039],[-111.307029,45.263239],[-111.306921,45.263409],[-111.306691,45.263523],[-111.306412,45.263564],[-111.305966,45.263485],[-111.3055,45.263485],[-111.305065,45.263549],[-111.304438,45.263696],[-111.303729,45.263964],[-111.303434,45.264221],[-111.303161,45.264474],[-111.302962,45.264572],[-111.302913,45.264757]]}},{"id":"('way', 1150738682)","type":"Feature","properties":{"aerialway":null,"piste:type":"nordic","piste:difficulty":"intermediate","name":"Beaver Slide","base_elevation":498},"geometry":{"type":"LineString","coordinates":[[-111.335999,45.267804],[-111.335192,45.267589],[-111.334827,45.267562],[-111.334645,45.267565],[-111.334411,45.267571],[-111.333936,45.267446],[-111.3334,45.267351],[-111.333094,45.26727],[-111.332663,45.267101],[-111.332225,45.266864],[-111.331807,45.266707],[-111.331508,45.266643],[-111.33097,45.266612],[-111.330762,45.266504],[-111.330525,45.266437],[-111.33043,45.266372]]}},{"id":"('way', 1150738683)","type":"Feature","properties":{"aerialway":null,"piste:type":"nordic","piste:difficulty":"easy","name":"Beaver Slide","base_elevation":504},"geometry":{"type":"LineString","coordinates":[[-111.334645,45.267565],[-111.334481,45.26764],[-111.334593,45.267793],[-111.334709,45.268009],[-111.33465,45.268167],[-111.334215,45.268189],[-111.333647,45.26828],[-111.332901,45.268393],[-111.332671,45.268507]]}},{"id":"('way', 1150738684)","type":"Feature","properties":{"aerialway":null,"piste:type":"nordic","piste:difficulty":"easy","name":"Tree Farm","base_elevation":483},"geometry":{"type":"LineString","coordinates":[[-111.322907,45.264928],[-111.322644,45.264689],[-111.322167,45.264553],[-111.3217,45.264464],[-111.321255,45.264266],[-111.320869,45.264105],[-111.320364,45.263783],[-111.31993,45.263531],[-111.319549,45.263365],[-111.319227,45.263285],[-111.318895,45.263256],[-111.318653,45.263292],[-111.318431,45.26337]]}},{"id":"('way', 1150738685)","type":"Feature","properties":{"aerialway":null,"piste:type":"nordic","piste:difficulty":"intermediate","name":"Ranch Loop","base_elevation":496},"geometry":{"type":"LineString","coordinates":[[-111.321353,45.269282],[-111.321359,45.269469],[-111.321391,45.269762],[-111.321365,45.269992],[-111.321338,45.270285],[-111.321496,45.270654],[-111.321515,45.27084],[-111.321466,45.271053],[-111.321788,45.271378],[-111.321834,45.271564],[-111.321788,45.271759],[-111.322159,45.272061],[-111.32211,45.27222],[-111.322159,45.272351],[-111.322271,45.272458],[-111.32243,45.272548],[-111.322698,45.272597],[-111.32296,45.272654],[-111.323216,45.273063],[-111.323401,45.273327],[-111.323594,45.273469],[-111.323841,45.273565],[-111.324041,45.273701],[-111.324227,45.274032],[-111.324345,45.274233],[-111.324549,45.274384],[-111.324798,45.274853],[-111.324956,45.275068],[-111.325157,45.275249],[-111.32545,45.275534],[-111.325592,45.275743],[-111.32551,45.275914],[-111.32549,45.275956]]}},{"id":"('way', 1150738686)","type":"Feature","properties":{"aerialway":null,"piste:type":"nordic","piste:difficulty":"intermediate","name":"Ranch Loop","base_elevation":491},"geometry":{"type":"LineString","coordinates":[[-111.32129,45.267587],[-111.32122,45.268384],[-111.321247,45.268731],[-111.32125,45.268947]]}},{"id":"('way', 1150738687)","type":"Feature","properties":{"aerialway":null,"piste:type":"nordic","piste:difficulty":"intermediate","name":"Ranch Loop","base_elevation":503},"geometry":{"type":"LineString","coordinates":[[-111.311964,45.27415],[-111.312078,45.274055],[-111.312164,45.273964],[-111.312202,45.273798],[-111.311912,45.273504],[-111.311883,45.273274],[-111.312062,45.272926],[-111.312345,45.272625],[-111.312538,45.272467],[-111.312781,45.272386],[-111.313312,45.272303],[-111.313425,45.272126],[-111.313269,45.271767],[-111.31331,45.271662],[-111.313382,45.271585]]}},{"id":"('way', 1150738690)","type":"Feature","properties":{"aerialway":null,"piste:type":"nordic","piste:difficulty":"easy","name":"Joy's Loop","base_elevation":566},"geometry":{"type":"LineString","coordinates":[[-111.320842,45.275998],[-111.320858,45.275926],[-111.320893,45.275823]]}},{"id":"('way', 1152746808)","type":"Feature","properties":{"aerialway":null,"piste:type":"nordic","piste:difficulty":"easy","name":"Yellowstone","base_elevation":440},"geometry":{"type":"LineString","coordinates":[[-111.306909,45.265352],[-111.306893,45.26551],[-111.306787,45.265641],[-111.306534,45.265725]]}},{"id":"('way', 1152746809)","type":"Feature","properties":{"aerialway":null,"piste:type":"nordic","piste:difficulty":"easy","name":"Yellowstone","base_elevation":436},"geometry":{"type":"LineString","coordinates":[[-111.304388,45.265774],[-111.304486,45.265573],[-111.304682,45.265443],[-111.304891,45.265367],[-111.305138,45.265282],[-111.305376,45.265182],[-111.305744,45.265088],[-111.30613,45.265012],[-111.306395,45.265046],[-111.306621,45.265135],[-111.306884,45.265152],[-111.306909,45.265352]]}},{"id":"('way', 1152746810)","type":"Feature","properties":{"aerialway":null,"piste:type":"nordic","piste:difficulty":"easy","name":"Silverbow","base_elevation":434},"geometry":{"type":"LineString","coordinates":[[-111.303209,45.266721],[-111.303166,45.26659],[-111.303121,45.266441],[-111.303051,45.266353],[-111.303216,45.266206],[-111.303188,45.26612],[-111.303168,45.266058],[-111.303208,45.266019]]}},{"id":"('way', 1152746811)","type":"Feature","properties":{"aerialway":null,"piste:type":"nordic","piste:difficulty":"easy","name":"Silverbow","base_elevation":435},"geometry":{"type":"LineString","coordinates":[[-111.303209,45.266721],[-111.303121,45.266741],[-111.303035,45.266762],[-111.30289,45.266821]]}},{"id":"('way', 1152746812)","type":"Feature","properties":{"aerialway":null,"piste:type":"nordic","piste:difficulty":"easy","name":"Silverbow","base_elevation":435},"geometry":{"type":"LineString","coordinates":[[-111.304919,45.26722],[-111.304915,45.26716],[-111.304985,45.267041],[-111.305028,45.266964],[-111.304982,45.266809],[-111.304789,45.266681],[-111.304523,45.266698],[-111.304314,45.266747],[-111.303995,45.266823],[-111.303716,45.266832],[-111.303499,45.266762],[-111.30329,45.26673],[-111.303209,45.266721]]}},{"id":"('way', 1152746813)","type":"Feature","properties":{"aerialway":null,"piste:type":"nordic","piste:difficulty":"easy","name":"Silverbow","base_elevation":436},"geometry":{"type":"LineString","coordinates":[[-111.302836,45.264572],[-111.302811,45.264449],[-111.302796,45.264381],[-111.302844,45.264319]]}},{"id":"('way', 1152746814)","type":"Feature","properties":{"aerialway":null,"piste:type":"nordic","piste:difficulty":"easy","name":"Silverbow","base_elevation":436},"geometry":{"type":"LineString","coordinates":[[-111.302913,45.264757],[-111.302874,45.264666],[-111.302836,45.264572]]}},{"id":"('way', 1152746815)","type":"Feature","properties":{"aerialway":null,"piste:type":"nordic","piste:difficulty":"easy","name":"Silverbow","base_elevation":434},"geometry":{"type":"LineString","coordinates":[[-111.303208,45.266019],[-111.303094,45.265975],[-111.302954,45.265831],[-111.30274,45.265745],[-111.30256,45.265631],[-111.302434,45.265467],[-111.302444,45.265343],[-111.302494,45.26524]]}},{"id":"('way', 1152746816)","type":"Feature","properties":{"aerialway":null,"piste:type":"nordic","piste:difficulty":"easy","name":"Silverbow","base_elevation":437},"geometry":{"type":"LineString","coordinates":[[-111.302844,45.264319],[-111.302699,45.2644],[-111.302581,45.264448]]}},{"id":"('way', 1152746817)","type":"Feature","properties":{"aerialway":null,"piste:type":"nordic","piste:difficulty":"easy","name":"Bunker Loop","base_elevation":436},"geometry":{"type":"LineString","coordinates":[[-111.302581,45.264448],[-111.302694,45.264486],[-111.302768,45.26453],[-111.302836,45.264572]]}},{"id":"('way', 1152746818)","type":"Feature","properties":{"aerialway":null,"piste:type":"nordic","piste:difficulty":"easy","name":"Silverbow","base_elevation":442},"geometry":{"type":"LineString","coordinates":[[-111.304348,45.26319],[-111.304711,45.263107],[-111.305006,45.263092],[-111.305264,45.263058],[-111.305494,45.262968],[-111.305779,45.262915],[-111.306304,45.262979],[-111.306583,45.262964],[-111.306862,45.262998],[-111.307114,45.262907]]}},{"id":"('way', 1152746819)","type":"Feature","properties":{"aerialway":null,"piste:type":"nordic","piste:difficulty":"easy","name":"Silverbow","base_elevation":442},"geometry":{"type":"LineString","coordinates":[[-111.305891,45.262371],[-111.3061,45.26253],[-111.306009,45.262696],[-111.305704,45.262745],[-111.305378,45.26271],[-111.304917,45.26279],[-111.3047,45.262922],[-111.304348,45.26319]]}},{"id":"('way', 1152746820)","type":"Feature","properties":{"aerialway":null,"piste:type":"nordic","piste:difficulty":"easy","name":"Yellowstone","base_elevation":447},"geometry":{"type":"LineString","coordinates":[[-111.307777,45.262541],[-111.307581,45.262654],[-111.30727,45.262741],[-111.307114,45.262907]]}},{"id":"('way', 1152746821)","type":"Feature","properties":{"aerialway":null,"piste:type":"nordic","piste:difficulty":"easy","name":"Yellowstone","base_elevation":446},"geometry":{"type":"LineString","coordinates":[[-111.305891,45.262371],[-111.306132,45.262361],[-111.306345,45.262339],[-111.306738,45.262308],[-111.307125,45.262279],[-111.307391,45.262305],[-111.307652,45.262386],[-111.307777,45.262541]]}},{"id":"('way', 1152746822)","type":"Feature","properties":{"aerialway":null,"piste:type":"nordic","piste:difficulty":"easy","name":"Silverbow","base_elevation":438},"geometry":{"type":"LineString","coordinates":[[-111.304348,45.26319],[-111.303838,45.263379],[-111.303436,45.263783]]}},{"id":"('way', 1152746823)","type":"Feature","properties":{"aerialway":null,"piste:type":"nordic","piste:difficulty":"easy","name":"Silverbow","base_elevation":447},"geometry":{"type":"LineString","coordinates":[[-111.306194,45.269011],[-111.306051,45.268877],[-111.305926,45.268709],[-111.305671,45.268645]]}},{"id":"('way', 1152746824)","type":"Feature","properties":{"aerialway":null,"piste:type":"nordic","piste:difficulty":"easy","name":"Silverbow","base_elevation":447},"geometry":{"type":"LineString","coordinates":[[-111.305411,45.268575],[-111.305433,45.268667],[-111.305429,45.26878]]}},{"id":"('way', 1152746825)","type":"Feature","properties":{"aerialway":null,"piste:type":"nordic","piste:difficulty":"easy","name":"Silverbow","base_elevation":448},"geometry":{"type":"LineString","coordinates":[[-111.305429,45.26878],[-111.305376,45.268944],[-111.305269,45.269136],[-111.30519,45.269202]]}},{"id":"('way', 1152746826)","type":"Feature","properties":{"aerialway":null,"piste:type":"nordic","piste:difficulty":"easy","name":"Silverbow","base_elevation":440},"geometry":{"type":"LineString","coordinates":[[-111.303892,45.267775],[-111.304026,45.267598],[-111.304423,45.267439],[-111.304631,45.267378]]}},{"id":"('way', 1152746827)","type":"Feature","properties":{"aerialway":null,"piste:type":"nordic","piste:difficulty":"easy","name":"Silverbow","base_elevation":440},"geometry":{"type":"LineString","coordinates":[[-111.304919,45.26722],[-111.304966,45.267357],[-111.305026,45.267439]]}},{"id":"('way', 1152746828)","type":"Feature","properties":{"aerialway":null,"piste:type":"nordic","piste:difficulty":"easy","name":"Silverbow","base_elevation":440},"geometry":{"type":"LineString","coordinates":[[-111.304631,45.267378],[-111.304781,45.267362],[-111.304904,45.267408],[-111.305026,45.267439]]}},{"id":"('way', 1152746829)","type":"Feature","properties":{"aerialway":null,"piste:type":"nordic","piste:difficulty":"easy","name":"Silverbow","base_elevation":440},"geometry":{"type":"LineString","coordinates":[[-111.304631,45.267378],[-111.304789,45.267327],[-111.304861,45.2673],[-111.304919,45.26722]]}},{"id":"('way', 1152746830)","type":"Feature","properties":{"aerialway":null,"piste:type":"nordic","piste:difficulty":"easy","name":"Silverbow","base_elevation":439},"geometry":{"type":"LineString","coordinates":[[-111.30685,45.266964],[-111.30642,45.266996],[-111.305921,45.267021],[-111.305644,45.267081],[-111.305359,45.267107],[-111.305087,45.267075],[-111.304997,45.267143],[-111.304919,45.26722]]}},{"id":"('way', 1152746831)","type":"Feature","properties":{"aerialway":null,"piste:type":"nordic","piste:difficulty":"easy","name":"Silverbow","base_elevation":439},"geometry":{"type":"LineString","coordinates":[[-111.306534,45.265725],[-111.30628,45.265786],[-111.30613,45.265864]]}},{"id":"('way', 1152746832)","type":"Feature","properties":{"aerialway":null,"piste:type":"nordic","piste:difficulty":"easy","name":"Yellowstone","base_elevation":434},"geometry":{"type":"LineString","coordinates":[[-111.305941,45.265776],[-111.30566,45.265748],[-111.30508,45.265786],[-111.30462,45.265716],[-111.304388,45.265774],[-111.304024,45.265924],[-111.303831,45.265984],[-111.303365,45.265999],[-111.303208,45.266019]]}},{"id":"('way', 1152746833)","type":"Feature","properties":{"aerialway":null,"piste:type":"nordic","piste:difficulty":"easy","name":"Yellowstone","base_elevation":439},"geometry":{"type":"LineString","coordinates":[[-111.306534,45.265725],[-111.30617,45.26576],[-111.305941,45.265776]]}},{"id":"('way', 1152746834)","type":"Feature","properties":{"aerialway":null,"piste:type":"nordic","piste:difficulty":"easy","name":"Silverbow","base_elevation":439},"geometry":{"type":"LineString","coordinates":[[-111.305941,45.265776],[-111.30605,45.265839],[-111.30613,45.265864]]}},{"id":"('way', 1152746835)","type":"Feature","properties":{"aerialway":null,"piste:type":"nordic","piste:difficulty":"easy","name":"Silverbow","base_elevation":435},"geometry":{"type":"LineString","coordinates":[[-111.30289,45.266821],[-111.302812,45.266992],[-111.302839,45.267068],[-111.302887,45.267174],[-111.303105,45.267287],[-111.303271,45.267427],[-111.303442,45.267602],[-111.303625,45.267725],[-111.303892,45.267775]]}},{"id":"('way', 1152746836)","type":"Feature","properties":{"aerialway":null,"piste:type":"nordic","piste:difficulty":"easy","name":"Silverbow","base_elevation":422},"geometry":{"type":"LineString","coordinates":[[-111.294253,45.267747],[-111.294031,45.26768],[-111.2938,45.267641],[-111.293585,45.267525],[-111.293526,45.267343],[-111.293655,45.267159],[-111.293966,45.267079]]}},{"id":"('way', 1152746837)","type":"Feature","properties":{"aerialway":null,"piste:type":"nordic","piste:difficulty":"easy","name":"Chapel Loop","base_elevation":422},"geometry":{"type":"LineString","coordinates":[[-111.293966,45.267079],[-111.294336,45.26713],[-111.294693,45.267164],[-111.294956,45.267126],[-111.29549,45.267145],[-111.295779,45.267183],[-111.296292,45.267083],[-111.296565,45.267102],[-111.296686,45.267274],[-111.296616,45.267451],[-111.296367,45.267545],[-111.296246,45.267579],[-111.295723,45.2677],[-111.294996,45.267831],[-111.294744,45.26791],[-111.294481,45.267908],[-111.294374,45.267815],[-111.294253,45.267747]]}},{"id":"('way', 1152746838)","type":"Feature","properties":{"aerialway":null,"piste:type":"nordic","piste:difficulty":"easy","name":"Silverbow","base_elevation":424},"geometry":{"type":"LineString","coordinates":[[-111.293966,45.267079],[-111.294143,45.26697],[-111.29417,45.266799],[-111.294234,45.266622],[-111.294272,45.266422],[-111.294298,45.266105],[-111.294374,45.265806],[-111.294615,45.265241],[-111.294846,45.2649],[-111.294873,45.264712],[-111.295168,45.264398],[-111.295227,45.264214],[-111.295404,45.264032],[-111.295795,45.263767],[-111.29594,45.263363],[-111.296058,45.263168],[-111.296477,45.262696],[-111.296696,45.262567],[-111.297297,45.262461],[-111.297716,45.262374],[-111.298445,45.262253],[-111.299298,45.262136],[-111.29984,45.262046],[-111.300365,45.261977]]}},{"id":"('way', 1152746839)","type":"Feature","properties":{"aerialway":null,"piste:type":"nordic","piste:difficulty":"easy","name":"Tin Shed Loop","base_elevation":442},"geometry":{"type":"LineString","coordinates":[[-111.308748,45.267117],[-111.308512,45.267041],[-111.308391,45.267026],[-111.308024,45.267038],[-111.307793,45.266979],[-111.307594,45.266898],[-111.307407,45.26687],[-111.307144,45.266925],[-111.306986,45.266968],[-111.30685,45.266964]]}},{"id":"('way', 1152746840)","type":"Feature","properties":{"aerialway":null,"piste:type":"nordic","piste:difficulty":"easy","name":"Tin Shed Loop","base_elevation":445},"geometry":{"type":"LineString","coordinates":[[-111.3112,45.266193],[-111.31095,45.266277],[-111.310729,45.266371],[-111.310521,45.266511],[-111.31023,45.26663],[-111.309803,45.266773],[-111.309361,45.266943],[-111.309177,45.267077],[-111.308935,45.26716],[-111.308748,45.267117]]}},{"id":"('way', 1152746844)","type":"Feature","properties":{"aerialway":null,"piste:type":"nordic","piste:difficulty":"intermediate","name":"Ranch Loop","base_elevation":466},"geometry":{"type":"LineString","coordinates":[[-111.306596,45.270119],[-111.306975,45.270328],[-111.307363,45.270494],[-111.30756,45.270579],[-111.307704,45.270671],[-111.307953,45.270861],[-111.308177,45.271042],[-111.308551,45.271206],[-111.308687,45.271254],[-111.308917,45.271353],[-111.309167,45.271506],[-111.309281,45.271581],[-111.309512,45.271715],[-111.3097,45.271755],[-111.310131,45.27184],[-111.31043,45.271991],[-111.310684,45.272197],[-111.310987,45.27244],[-111.31121,45.272766],[-111.311234,45.272973],[-111.311212,45.273136],[-111.311338,45.273437],[-111.311387,45.273527],[-111.311416,45.273648],[-111.311437,45.273761]]}},{"id":"('way', 1152746845)","type":"Feature","properties":{"aerialway":null,"piste:type":"nordic","piste:difficulty":"intermediate","name":"Ranch Loop","base_elevation":504},"geometry":{"type":"LineString","coordinates":[[-111.311964,45.27415],[-111.311837,45.274075],[-111.311682,45.273981],[-111.311561,45.27392],[-111.311437,45.273761]]}},{"id":"('way', 1152746846)","type":"Feature","properties":{"aerialway":null,"piste:type":"nordic","piste:difficulty":"intermediate","name":null,"base_elevation":568},"geometry":{"type":"LineString","coordinates":[[-111.320439,45.276407],[-111.320466,45.276328],[-111.320513,45.276226],[-111.32057,45.276143],[-111.320718,45.27604],[-111.320842,45.275998],[-111.321066,45.275925]]}},{"id":"('way', 1152746847)","type":"Feature","properties":{"aerialway":null,"piste:type":"nordic","piste:difficulty":"easy","name":null,"base_elevation":565},"geometry":{"type":"LineString","coordinates":[[-111.321066,45.275925],[-111.321188,45.275914],[-111.321491,45.275949],[-111.321729,45.27608],[-111.322076,45.276325],[-111.322346,45.276598],[-111.322738,45.276972],[-111.322936,45.277133]]}},{"id":"('way', 1152746849)","type":"Feature","properties":{"aerialway":null,"piste:type":"nordic","piste:difficulty":"intermediate","name":"Moosewood Road","base_elevation":485},"geometry":{"type":"LineString","coordinates":[[-111.318251,45.263219],[-111.318341,45.263292],[-111.318431,45.26337]]}},{"id":"('way', 1152746850)","type":"Feature","properties":{"aerialway":null,"piste:type":"nordic","piste:difficulty":"easy","name":"Tree Farm","base_elevation":478},"geometry":{"type":"LineString","coordinates":[[-111.318431,45.26337],[-111.318235,45.263474],[-111.318015,45.263512],[-111.317774,45.263496],[-111.317232,45.263398],[-111.316963,45.263436],[-111.316695,45.263425]]}},{"id":"('way', 1152746852)","type":"Feature","properties":{"aerialway":null,"piste:type":"nordic","piste:difficulty":"intermediate","name":"Andesite Road","base_elevation":478},"geometry":{"type":"LineString","coordinates":[[-111.318251,45.263219],[-111.317999,45.263274],[-111.317748,45.263308],[-111.317489,45.263307],[-111.317295,45.263302],[-111.317094,45.263292],[-111.316803,45.263281],[-111.316673,45.263278]]}},{"id":"('way', 1152746855)","type":"Feature","properties":{"aerialway":null,"piste:type":"nordic","piste:difficulty":"intermediate","name":"Sluice Box","base_elevation":587},"geometry":{"type":"LineString","coordinates":[[-111.329665,45.276168],[-111.329557,45.27632],[-111.329731,45.276887],[-111.329789,45.277546],[-111.329777,45.277822],[-111.329706,45.278162],[-111.329908,45.278601],[-111.329915,45.279351],[-111.329886,45.279967],[-111.329881,45.280356],[-111.329806,45.280669],[-111.329806,45.280828],[-111.32987,45.28102],[-111.329855,45.281229],[-111.32963,45.281357],[-111.329407,45.281354],[-111.329242,45.281157],[-111.329361,45.280802],[-111.329318,45.280296],[-111.32919,45.280061],[-111.329033,45.279865],[-111.328926,45.279683]]}},{"id":"('way', 1152746856)","type":"Feature","properties":{"aerialway":null,"piste:type":"nordic","piste:difficulty":"intermediate","name":"Kid's Loop","base_elevation":560},"geometry":{"type":"LineString","coordinates":[[-111.328926,45.279683],[-111.328808,45.279284],[-111.328588,45.278971],[-111.328502,45.278756],[-111.328508,45.278552],[-111.32825,45.278193],[-111.328299,45.278031],[-111.328309,45.277842],[-111.328197,45.277729],[-111.328046,45.277661],[-111.327742,45.277557],[-111.327554,45.27752]]}},{"id":"('way', 1152746857)","type":"Feature","properties":{"aerialway":null,"piste:type":"nordic","piste:difficulty":"intermediate","name":"Ranch Loop","base_elevation":556},"geometry":{"type":"LineString","coordinates":[[-111.327636,45.27952],[-111.327521,45.279409],[-111.327435,45.279148],[-111.327467,45.278918],[-111.327478,45.278729],[-111.327354,45.278593],[-111.326963,45.278348],[-111.326753,45.278129],[-111.326695,45.277944],[-111.326732,45.277752],[-111.326768,45.277594],[-111.326884,45.277564],[-111.327011,45.277534]]}},{"id":"('way', 1152746861)","type":"Feature","properties":{"aerialway":null,"piste:type":"nordic","piste:difficulty":"easy","name":"Bear Basin","base_elevation":824},"geometry":{"type":"LineString","coordinates":[[-111.35355,45.309395],[-111.354069,45.309498],[-111.354366,45.309492],[-111.354614,45.309545],[-111.354824,45.309649],[-111.354966,45.30976],[-111.355149,45.309945],[-111.35537,45.31006],[-111.355602,45.310061],[-111.355636,45.310023]]}},{"id":"('way', 1152746865)","type":"Feature","properties":{"aerialway":null,"piste:type":"nordic","piste:difficulty":"easy","name":"Walkin' Jim's Way","base_elevation":804},"geometry":{"type":"LineString","coordinates":[[-111.35355,45.309395],[-111.353093,45.309306],[-111.352879,45.309178],[-111.352715,45.309053],[-111.352519,45.308944],[-111.352206,45.30888],[-111.351967,45.308951],[-111.351677,45.308949],[-111.351403,45.308857],[-111.35125,45.30877],[-111.351146,45.308668],[-111.350963,45.308427],[-111.350727,45.308238],[-111.350465,45.308021],[-111.350239,45.307891],[-111.349799,45.307812]]}},{"id":"('way', 1152746866)","type":"Feature","properties":{"aerialway":null,"piste:type":"nordic","piste:difficulty":"easy","name":"Bear Basin","base_elevation":802},"geometry":{"type":"LineString","coordinates":[[-111.346973,45.305446],[-111.347057,45.305572],[-111.347417,45.306061],[-111.347547,45.306218],[-111.347651,45.306308],[-111.347907,45.306519],[-111.348076,45.306628],[-111.348174,45.306684],[-111.348936,45.307072],[-111.349206,45.307211],[-111.349417,45.307318],[-111.349676,45.307433],[-111.349782,45.307618],[-111.349769,45.307691],[-111.349756,45.307797],[-111.349799,45.307812]]}},{"id":"('way', 1152746867)","type":"Feature","properties":{"aerialway":null,"piste:type":"nordic","piste:difficulty":"easy","name":"Bear Basin","base_elevation":745},"geometry":{"type":"LineString","coordinates":[[-111.340995,45.299074],[-111.341339,45.299271],[-111.341635,45.299361],[-111.34212,45.29951],[-111.34238,45.299651],[-111.342689,45.299897],[-111.342756,45.299961],[-111.342854,45.300069],[-111.342997,45.300349],[-111.343066,45.300451],[-111.343301,45.300659],[-111.343422,45.300743],[-111.343529,45.300837],[-111.343681,45.301073],[-111.343882,45.301343],[-111.344124,45.301677],[-111.344794,45.302169],[-111.345002,45.302353],[-111.34533,45.302728],[-111.345631,45.303027],[-111.34601,45.303452],[-111.346159,45.303643],[-111.34639,45.30382],[-111.34661,45.30406],[-111.346708,45.30415],[-111.346788,45.304272],[-111.346903,45.304586],[-111.346934,45.30506]]}},{"id":"('way', 1152746868)","type":"Feature","properties":{"aerialway":null,"piste:type":"nordic","piste:difficulty":"easy","name":"Bear Basin","base_elevation":710},"geometry":{"type":"LineString","coordinates":[[-111.337438,45.292226],[-111.337442,45.292249],[-111.337443,45.292274],[-111.337437,45.292401],[-111.337391,45.292592],[-111.337242,45.292767],[-111.337195,45.292956],[-111.337217,45.293146],[-111.337292,45.293408],[-111.337359,45.293549],[-111.337448,45.293681],[-111.337583,45.293945],[-111.337671,45.2943],[-111.337782,45.294786],[-111.337995,45.295073],[-111.338011,45.295128],[-111.338303,45.295541],[-111.338464,45.295758],[-111.338581,45.295982],[-111.338742,45.296208],[-111.338914,45.296436],[-111.339112,45.296779],[-111.339391,45.297238],[-111.339509,45.297405],[-111.339623,45.297568],[-111.339737,45.29773],[-111.339815,45.29781],[-111.339904,45.297864],[-111.340028,45.297937],[-111.340206,45.298076],[-111.340295,45.298217],[-111.340424,45.298404],[-111.340518,45.298547],[-111.340707,45.298787],[-111.340842,45.298931],[-111.340995,45.299074]]}},{"id":"('way', 1152746869)","type":"Feature","properties":{"aerialway":null,"piste:type":"nordic","piste:difficulty":"easy","name":"Bear Basin","base_elevation":709},"geometry":{"type":"LineString","coordinates":[[-111.334085,45.284709],[-111.334179,45.284947],[-111.334271,45.285193],[-111.334495,45.285609],[-111.334541,45.285729],[-111.334784,45.286101],[-111.334833,45.28624],[-111.334889,45.286445],[-111.33513,45.286979],[-111.335272,45.287287],[-111.335348,45.287484],[-111.335438,45.287596],[-111.335531,45.287836],[-111.335594,45.28816],[-111.335766,45.288408],[-111.335852,45.288606],[-111.335883,45.288769],[-111.33599,45.289114],[-111.336111,45.289315],[-111.336481,45.289776],[-111.336765,45.29005],[-111.336964,45.290384],[-111.337082,45.290652],[-111.33724,45.291082],[-111.337338,45.291455],[-111.33744,45.291919],[-111.337438,45.292226]]}},{"id":"('way', 1152746870)","type":"Feature","properties":{"aerialway":null,"piste:type":"nordic","piste:difficulty":"intermediate","name":"Boomerang","base_elevation":891},"geometry":{"type":"LineString","coordinates":[[-111.361383,45.29282],[-111.361343,45.292753],[-111.361166,45.292464],[-111.361016,45.292271],[-111.360641,45.291966],[-111.360136,45.291558],[-111.359975,45.291207],[-111.360106,45.290948]]}},{"id":"('way', 1152746871)","type":"Feature","properties":{"aerialway":null,"piste:type":"nordic","piste:difficulty":"intermediate","name":"Fs 575","base_elevation":912},"geometry":{"type":"LineString","coordinates":[[-111.361383,45.29282],[-111.361509,45.29286],[-111.361604,45.292894],[-111.361701,45.292915]]}},{"id":"('way', 1152751585)","type":"Feature","properties":{"aerialway":null,"piste:type":"nordic","piste:difficulty":"easy","name":"Ranch Loop","base_elevation":541},"geometry":{"type":"LineString","coordinates":[[-111.32549,45.275956],[-111.32542,45.27603],[-111.325309,45.276087],[-111.325119,45.276185],[-111.32495,45.276289],[-111.324899,45.276339],[-111.32475,45.276331],[-111.324672,45.276323]]}},{"id":"('way', 1152751586)","type":"Feature","properties":{"aerialway":null,"piste:type":"nordic","piste:difficulty":"intermediate","name":"Sluice Box","base_elevation":576},"geometry":{"type":"LineString","coordinates":[[-111.328926,45.279683],[-111.328674,45.279382],[-111.328513,45.279333],[-111.328236,45.279347]]}},{"id":"('way', 1152751587)","type":"Feature","properties":{"aerialway":null,"piste:type":"nordic","piste:difficulty":"easy","name":"Kid's Loop","base_elevation":541},"geometry":{"type":"LineString","coordinates":[[-111.327554,45.27752],[-111.327519,45.277421],[-111.327382,45.277325],[-111.327208,45.277177],[-111.327046,45.276992],[-111.326921,45.276865],[-111.32678,45.276759],[-111.326639,45.276665],[-111.326383,45.2764],[-111.326088,45.276128],[-111.325984,45.276044],[-111.32586,45.275993],[-111.32575,45.275943],[-111.325592,45.275909],[-111.32549,45.275956]]}},{"id":"('way', 1152751588)","type":"Feature","properties":{"aerialway":null,"piste:type":"nordic","piste:difficulty":"intermediate","name":"Ranch Loop","base_elevation":557},"geometry":{"type":"LineString","coordinates":[[-111.327011,45.277534],[-111.327121,45.277547],[-111.327329,45.277546],[-111.327554,45.27752]]}},{"id":"('way', 1152751589)","type":"Feature","properties":{"aerialway":null,"piste:type":"nordic","piste:difficulty":"easy","name":"Kid's Loop","base_elevation":561},"geometry":{"type":"LineString","coordinates":[[-111.327453,45.27796],[-111.32751,45.278114],[-111.327636,45.278335],[-111.327668,45.27852],[-111.327765,45.278682],[-111.327765,45.278861],[-111.327877,45.279052],[-111.328092,45.27919],[-111.328236,45.279347]]}},{"id":"('way', 1152751590)","type":"Feature","properties":{"aerialway":null,"piste:type":"nordic","piste:difficulty":"easy","name":"Moose Alley","base_elevation":434},"geometry":{"type":"LineString","coordinates":[[-111.302776,45.269116],[-111.302715,45.268815],[-111.302399,45.268661],[-111.301546,45.268487],[-111.301034,45.2683]]}},{"id":"('way', 1152754181)","type":"Feature","properties":{"aerialway":null,"piste:type":"nordic","piste:difficulty":"intermediate","name":"Joy's Loop","base_elevation":567},"geometry":{"type":"LineString","coordinates":[[-111.320513,45.276226],[-111.320324,45.276364],[-111.32008,45.276376]]}},{"id":"('way', 1152754182)","type":"Feature","properties":{"aerialway":null,"piste:type":"nordic","piste:difficulty":"intermediate","name":"Joy's Loop","base_elevation":567},"geometry":{"type":"LineString","coordinates":[[-111.320439,45.276407],[-111.320332,45.276393],[-111.32008,45.276376]]}},{"id":"('way', 1152754183)","type":"Feature","properties":{"aerialway":null,"piste:type":"nordic","piste:difficulty":"easy","name":"Joy's Loop","base_elevation":563},"geometry":{"type":"LineString","coordinates":[[-111.320893,45.275823],[-111.32088,45.275668],[-111.320887,45.275404]]}},{"id":"('way', 1152754184)","type":"Feature","properties":{"aerialway":null,"piste:type":"nordic","piste:difficulty":"easy","name":"Joy's Loop","base_elevation":566},"geometry":{"type":"LineString","coordinates":[[-111.321066,45.275925],[-111.320955,45.275866],[-111.320893,45.275823]]}},{"id":"('way', 1152758579)","type":"Feature","properties":{"aerialway":null,"piste:type":"nordic","piste:difficulty":"intermediate","name":"Ranch Loop","base_elevation":495},"geometry":{"type":"LineString","coordinates":[[-111.32125,45.268947],[-111.321301,45.269095],[-111.321353,45.269282]]}},{"id":"('way', 1152758580)","type":"Feature","properties":{"aerialway":null,"piste:type":"nordic","piste:difficulty":"intermediate","name":"Ranch Loop","base_elevation":494},"geometry":{"type":"LineString","coordinates":[[-111.32107,45.269135],[-111.321215,45.269129],[-111.321353,45.269282]]}},{"id":"('way', 1152758581)","type":"Feature","properties":{"aerialway":null,"piste:type":"nordic","piste:difficulty":"intermediate","name":"Ranch Loop","base_elevation":494},"geometry":{"type":"LineString","coordinates":[[-111.32107,45.269135],[-111.321158,45.269073],[-111.321212,45.269038],[-111.32125,45.268947]]}},{"id":"('way', 1152758582)","type":"Feature","properties":{"aerialway":null,"piste:type":"nordic","piste:difficulty":"intermediate","name":"Ranch Loop","base_elevation":493},"geometry":{"type":"LineString","coordinates":[[-111.320555,45.269086],[-111.320995,45.269135],[-111.32107,45.269135]]}},{"id":"('way', 1152760321)","type":"Feature","properties":{"aerialway":null,"piste:type":"nordic","piste:difficulty":"easy","name":"Ranch Loop","base_elevation":541},"geometry":{"type":"LineString","coordinates":[[-111.324672,45.276323],[-111.324626,45.276267],[-111.324592,45.27622]]}},{"id":"('way', 1152760322)","type":"Feature","properties":{"aerialway":null,"piste:type":"nordic","piste:difficulty":"easy","name":"Ranch Loop","base_elevation":531},"geometry":{"type":"LineString","coordinates":[[-111.324592,45.27622],[-111.324568,45.276074],[-111.324588,45.275984],[-111.324718,45.275757],[-111.324672,45.275626],[-111.324035,45.275278],[-111.323925,45.275304],[-111.32389,45.275411],[-111.32389,45.27562],[-111.323967,45.275747],[-111.324389,45.27602],[-111.324592,45.27622]]}},{"id":"('way', 1152772017)","type":"Feature","properties":{"aerialway":null,"piste:type":"nordic","piste:difficulty":"easy","name":"Kid's Loop","base_elevation":557},"geometry":{"type":"LineString","coordinates":[[-111.327011,45.277534],[-111.327145,45.277577],[-111.327242,45.277631],[-111.327346,45.277755],[-111.327453,45.27796]]}},{"id":"('way', 1152772018)","type":"Feature","properties":{"aerialway":null,"piste:type":"nordic","piste:difficulty":"easy","name":"Kid's Loop","base_elevation":560},"geometry":{"type":"LineString","coordinates":[[-111.327554,45.27752],[-111.327576,45.277618],[-111.327522,45.277761],[-111.327494,45.27788],[-111.327453,45.27796]]}},{"id":"('way', 1153372811)","type":"Feature","properties":{"aerialway":null,"piste:type":"nordic","piste:difficulty":"easy","name":"Ranch Loop","base_elevation":493},"geometry":{"type":"LineString","coordinates":[[-111.324035,45.275278],[-111.324002,45.274962],[-111.323988,45.274745],[-111.324012,45.274566],[-111.324063,45.274411],[-111.324069,45.274307],[-111.32394,45.274186],[-111.323792,45.274103],[-111.32369,45.274063],[-111.32354,45.274014],[-111.323398,45.273948],[-111.323272,45.273863],[-111.323141,45.273807],[-111.323028,45.273697],[-111.322982,45.273609],[-111.322805,45.273524],[-111.322599,45.273465],[-111.322296,45.27339],[-111.322194,45.273299],[-111.322113,45.273186],[-111.32206,45.273022],[-111.321834,45.272906],[-111.321558,45.27288],[-111.32136,45.272746],[-111.321252,45.272555],[-111.321116,45.272442],[-111.321091,45.272376],[-111.321123,45.272316],[-111.321185,45.272251],[-111.321148,45.272189],[-111.32104,45.272085],[-111.320885,45.272012],[-111.320764,45.271927],[-111.320622,45.271829],[-111.320595,45.271723],[-111.320568,45.271587],[-111.320528,45.271432],[-111.320482,45.271323],[-111.320442,45.271219],[-111.320391,45.271126],[-111.320367,45.271036],[-111.32037,45.270891],[-111.320397,45.270738],[-111.320386,45.270656],[-111.320346,45.270517],[-111.320263,45.270434],[-111.320188,45.270371],[-111.320188,45.270311],[-111.32022,45.270262],[-111.320241,45.270203],[-111.3203,45.270081],[-111.320348,45.270007],[-111.320332,45.269896],[-111.320319,45.269809],[-111.320343,45.26973],[-111.320375,45.269624],[-111.320359,45.26952],[-111.320343,45.269405],[-111.32044,45.269226],[-111.320508,45.269108],[-111.320555,45.269086]]}},{"id":"('way', 1198062149)","type":"Feature","properties":{"aerialway":null,"piste:type":"downhill","piste:difficulty":"intermediate","name":"Edra's","base_elevation":1181},"geometry":{"type":"LineString","coordinates":[[-111.446283,45.232554],[-111.445575,45.233098],[-111.445211,45.233338],[-111.444588,45.233748],[-111.443974,45.234134],[-111.443065,45.234504],[-111.442399,45.235017],[-111.44182,45.235425],[-111.441176,45.235698],[-111.440897,45.236136],[-111.440447,45.236634],[-111.439717,45.236755],[-111.438795,45.236982],[-111.43832,45.237051]]}},{"id":"('way', 1198062150)","type":"Feature","properties":{"aerialway":null,"piste:type":"downhill","piste:difficulty":"intermediate","name":"Edra's","base_elevation":1175},"geometry":{"type":"LineString","coordinates":[[-111.43832,45.237051],[-111.438188,45.23707],[-111.437694,45.237166]]}},{"id":"('way', 1198062151)","type":"Feature","properties":{"aerialway":null,"piste:type":"downhill","piste:difficulty":"easy","name":"Tooth Fairy","base_elevation":1027},"geometry":{"type":"LineString","coordinates":[[-111.435443,45.238702],[-111.434751,45.237474],[-111.434632,45.23745],[-111.433859,45.237193],[-111.433667,45.237156],[-111.432915,45.237012],[-111.432794,45.236991],[-111.432057,45.236861],[-111.43034,45.236619],[-111.429246,45.236498],[-111.428752,45.236377],[-111.428752,45.236226],[-111.429503,45.235728],[-111.429568,45.235562],[-111.429439,45.235456],[-111.42931,45.235501],[-111.428924,45.235728],[-111.428495,45.235864],[-111.427401,45.236559],[-111.426971,45.236755],[-111.426778,45.236876],[-111.426607,45.236967]]}},{"id":"('way', 1198062152)","type":"Feature","properties":{"aerialway":null,"piste:type":"downhill","piste:difficulty":"easy","name":"Tooth Fairy","base_elevation":1170},"geometry":{"type":"LineString","coordinates":[[-111.437694,45.237166],[-111.437665,45.237195],[-111.437471,45.237382]]}},{"id":"('way', 1198062153)","type":"Feature","properties":{"aerialway":null,"piste:type":"downhill","piste:difficulty":"easy","name":"Cabin Fever","base_elevation":1156},"geometry":{"type":"LineString","coordinates":[[-111.437471,45.237382],[-111.437522,45.237691],[-111.437317,45.238002],[-111.4371,45.238172],[-111.436418,45.238615],[-111.436368,45.238648]]}},{"id":"('way', 1208615972)","type":"Feature","properties":{"aerialway":"cable_car","piste:type":null,"piste:difficulty":null,"name":"Lone Peak Tram","base_elevation":1269},"geometry":{"type":"LineString","coordinates":[[-111.432275,45.278126],[-111.45056,45.278283]]}},{"id":"('way', 1211485930)","type":"Feature","properties":{"aerialway":"magic_carpet","piste:type":null,"piste:difficulty":null,"name":null,"base_elevation":835},"geometry":{"type":"LineString","coordinates":[[-111.402243,45.283596],[-111.402515,45.283527]]}},{"id":"('way', 1211485931)","type":"Feature","properties":{"aerialway":"magic_carpet","piste:type":null,"piste:difficulty":null,"name":null,"base_elevation":839},"geometry":{"type":"LineString","coordinates":[[-111.402641,45.283501],[-111.402908,45.283431]]}},{"id":"('way', 1215814281)","type":"Feature","properties":{"aerialway":"magic_carpet","piste:type":null,"piste:difficulty":null,"name":"S8","base_elevation":771},"geometry":{"type":"LineString","coordinates":[[-111.37037,45.260175],[-111.371515,45.260056]]}},{"id":"('way', 1215814282)","type":"Feature","properties":{"aerialway":null,"piste:type":"downhill","piste:difficulty":"easy","name":null,"base_elevation":771},"geometry":{"type":"LineString","coordinates":[[-111.371515,45.260056],[-111.371554,45.260059],[-111.371553,45.260077],[-111.371525,45.260096],[-111.37123,45.260183],[-111.370625,45.260284],[-111.370496,45.260292],[-111.370451,45.260284],[-111.370403,45.260259],[-111.37037,45.260175]]}},{"id":"('way', 1215814284)","type":"Feature","properties":{"aerialway":null,"piste:type":"downhill","piste:difficulty":"easy","name":"Cabin Access","base_elevation":728},"geometry":{"type":"LineString","coordinates":[[-111.370248,45.259181],[-111.370175,45.259153],[-111.370036,45.259094],[-111.369261,45.258812],[-111.368787,45.258637],[-111.368623,45.258572],[-111.368476,45.258482],[-111.368373,45.258448],[-111.368248,45.258437],[-111.368116,45.258454],[-111.367875,45.258468],[-111.367368,45.25852],[-111.367125,45.258588],[-111.366968,45.258666],[-111.366781,45.258773],[-111.366648,45.258829],[-111.366434,45.258862],[-111.366021,45.258911],[-111.365774,45.258931],[-111.365631,45.258941],[-111.36546,45.258974],[-111.365384,45.259005],[-111.365319,45.259071],[-111.365133,45.259276],[-111.365041,45.259386],[-111.364932,45.259522],[-111.364793,45.259655],[-111.364616,45.259839],[-111.364497,45.259951],[-111.364449,45.260011],[-111.364385,45.260081],[-111.364301,45.260173],[-111.364182,45.260285],[-111.364071,45.260355],[-111.363946,45.260433],[-111.363784,45.260531],[-111.363738,45.260586],[-111.363724,45.260631],[-111.363747,45.260727],[-111.363728,45.260903],[-111.363661,45.261013],[-111.363545,45.261128],[-111.363526,45.261187],[-111.363531,45.261206],[-111.363546,45.261215],[-111.363643,45.261212]]}},{"id":"('way', 1215814285)","type":"Feature","properties":{"aerialway":null,"piste:type":"downhill","piste:difficulty":"easy","name":null,"base_elevation":893},"geometry":{"type":"LineString","coordinates":[[-111.383748,45.259052],[-111.383636,45.259207],[-111.383286,45.259569],[-111.38309,45.259832],[-111.382968,45.260043],[-111.382771,45.260286],[-111.382527,45.260585],[-111.382354,45.260784],[-111.382122,45.261023],[-111.382087,45.261064],[-111.382,45.261172],[-111.38193,45.261302],[-111.381859,45.261526],[-111.38182,45.261857]]}},{"id":"('way', 1215814287)","type":"Feature","properties":{"aerialway":null,"piste:type":"downhill","piste:difficulty":"easy","name":null,"base_elevation":895},"geometry":{"type":"LineString","coordinates":[[-111.384408,45.25403],[-111.384381,45.254028],[-111.384369,45.25408],[-111.38435,45.254121],[-111.384222,45.25431],[-111.383797,45.254753],[-111.383663,45.254848],[-111.383628,45.254906],[-111.383631,45.254992]]}},{"id":"('way', 1235067967)","type":"Feature","properties":{"aerialway":"gondola","piste:type":null,"piste:difficulty":null,"name":"One and Only","base_elevation":765},"geometry":{"type":"LineString","coordinates":[[-111.432302,45.320619],[-111.42973,45.311819],[-111.431318,45.310077]]}},{"id":"('way', 1263222382)","type":"Feature","properties":{"aerialway":null,"piste:type":"nordic","piste:difficulty":"easy","name":null,"base_elevation":453},"geometry":{"type":"LineString","coordinates":[[-111.306369,45.258189],[-111.306507,45.257769],[-111.306587,45.257412],[-111.306766,45.256824],[-111.306835,45.256565],[-111.306943,45.256391],[-111.30727,45.256233],[-111.30764,45.256047]]}},{"id":"('way', 1263222383)","type":"Feature","properties":{"aerialway":null,"piste:type":"nordic","piste:difficulty":"easy","name":null,"base_elevation":460},"geometry":{"type":"LineString","coordinates":[[-111.30804,45.254552],[-111.307703,45.254708],[-111.307425,45.254902],[-111.307137,45.255081],[-111.307006,45.25522],[-111.306972,45.255309],[-111.307004,45.255388]]}},{"id":"('way', 1263222384)","type":"Feature","properties":{"aerialway":null,"piste:type":"nordic","piste:difficulty":"easy","name":null,"base_elevation":462},"geometry":{"type":"LineString","coordinates":[[-111.310391,45.25346],[-111.310092,45.253637],[-111.309614,45.253931],[-111.309064,45.254137],[-111.308526,45.254362],[-111.30804,45.254552]]}},{"id":"('way', 1263222385)","type":"Feature","properties":{"aerialway":null,"piste:type":"nordic","piste:difficulty":"easy","name":null,"base_elevation":461},"geometry":{"type":"LineString","coordinates":[[-111.307927,45.254057],[-111.307941,45.254281],[-111.307953,45.254478],[-111.30804,45.254552]]}},{"id":"('way', 1263222386)","type":"Feature","properties":{"aerialway":null,"piste:type":"nordic","piste:difficulty":"easy","name":null,"base_elevation":461},"geometry":{"type":"LineString","coordinates":[[-111.310391,45.25346],[-111.310156,45.253303],[-111.309856,45.253195],[-111.309649,45.253194],[-111.309484,45.253202],[-111.309263,45.253305],[-111.309025,45.253324],[-111.308946,45.253256],[-111.30885,45.253213],[-111.308701,45.253238],[-111.308541,45.253236],[-111.3085,45.253255],[-111.308446,45.253414],[-111.30838,45.253683],[-111.308286,45.253837],[-111.308139,45.253935],[-111.307927,45.254057]]}},{"id":"('way', 1263222387)","type":"Feature","properties":{"aerialway":null,"piste:type":"nordic","piste:difficulty":"easy","name":null,"base_elevation":460},"geometry":{"type":"LineString","coordinates":[[-111.308267,45.25642],[-111.308222,45.256523],[-111.308225,45.256627],[-111.30834,45.25673],[-111.308465,45.256781]]}},{"id":"('way', 1263222388)","type":"Feature","properties":{"aerialway":null,"piste:type":"nordic","piste:difficulty":"easy","name":null,"base_elevation":451},"geometry":{"type":"LineString","coordinates":[[-111.305821,45.259216],[-111.305905,45.259365],[-111.305982,45.259424],[-111.305894,45.259501],[-111.305811,45.259488],[-111.305712,45.25942],[-111.305725,45.259348],[-111.305821,45.259216],[-111.305942,45.258969],[-111.306168,45.258472],[-111.306369,45.258189]]}},{"id":"('way', 1263222389)","type":"Feature","properties":{"aerialway":null,"piste:type":"nordic","piste:difficulty":"easy","name":null,"base_elevation":499},"geometry":{"type":"LineString","coordinates":[[-111.330344,45.24566],[-111.330111,45.245677],[-111.329491,45.245665],[-111.329208,45.245598],[-111.328938,45.245587],[-111.328696,45.245537],[-111.328544,45.245579],[-111.328318,45.245598],[-111.3278,45.245444],[-111.32745,45.245373],[-111.327153,45.245441],[-111.327086,45.245456],[-111.326732,45.245522],[-111.326449,45.245549],[-111.326065,45.245658],[-111.325365,45.245658],[-111.324661,45.245669],[-111.324435,45.245731],[-111.324213,45.245835],[-111.32392,45.245975],[-111.323809,45.246163],[-111.323708,45.246251],[-111.323482,45.246374],[-111.323251,45.246437],[-111.323108,45.246548],[-111.32286,45.246691],[-111.322378,45.246943],[-111.322099,45.247071],[-111.321651,45.247289]]}},{"id":"('way', 1263222390)","type":"Feature","properties":{"aerialway":null,"piste:type":"nordic","piste:difficulty":"easy","name":"Ousel Falls Trail","base_elevation":536},"geometry":{"type":"LineString","coordinates":[[-111.330344,45.24566],[-111.330421,45.245605],[-111.330531,45.245433],[-111.330523,45.245325],[-111.330612,45.245236],[-111.330716,45.24515],[-111.330955,45.245085],[-111.331079,45.244987],[-111.331248,45.244895],[-111.331467,45.244717],[-111.331586,45.244576],[-111.331618,45.244423],[-111.331701,45.244332],[-111.331934,45.244244],[-111.332076,45.244106],[-111.332249,45.244054],[-111.332387,45.244098]]}},{"id":"('way', 1263222393)","type":"Feature","properties":{"aerialway":null,"piste:type":"nordic","piste:difficulty":"easy","name":null,"base_elevation":484},"geometry":{"type":"LineString","coordinates":[[-111.319025,45.254802],[-111.319041,45.254968],[-111.319035,45.255203],[-111.319038,45.255495],[-111.31905,45.255728]]}},{"id":"('way', 1263222394)","type":"Feature","properties":{"aerialway":null,"piste:type":"nordic","piste:difficulty":"easy","name":null,"base_elevation":481},"geometry":{"type":"LineString","coordinates":[[-111.319025,45.254802],[-111.3189,45.254779],[-111.318593,45.254651],[-111.318327,45.254551]]}},{"id":"('way', 1263222395)","type":"Feature","properties":{"aerialway":null,"piste:type":"nordic","piste:difficulty":"easy","name":null,"base_elevation":484},"geometry":{"type":"LineString","coordinates":[[-111.320986,45.253867],[-111.320891,45.253875],[-111.320768,45.253872],[-111.320574,45.25398],[-111.320296,45.254188],[-111.320095,45.254295],[-111.319672,45.254543],[-111.31941,45.254715],[-111.31914,45.254771],[-111.319025,45.254802]]}},{"id":"('way', 1263222396)","type":"Feature","properties":{"aerialway":null,"piste:type":"nordic","piste:difficulty":"easy","name":"Bobsled Trail","base_elevation":491},"geometry":{"type":"LineString","coordinates":[[-111.320986,45.253867],[-111.320938,45.253812],[-111.320897,45.253753],[-111.320863,45.253694],[-111.320793,45.253503],[-111.320695,45.253225]]}},{"id":"('way', 1263222397)","type":"Feature","properties":{"aerialway":null,"piste:type":"nordic","piste:difficulty":"easy","name":null,"base_elevation":380},"geometry":{"type":"LineString","coordinates":[[-111.255279,45.253312],[-111.255305,45.253455],[-111.255549,45.253684],[-111.255804,45.25401],[-111.256085,45.254388],[-111.256238,45.254586],[-111.25648,45.254789],[-111.256768,45.254929]]}},{"id":"('way', 1263222398)","type":"Feature","properties":{"aerialway":null,"piste:type":"nordic","piste:difficulty":"easy","name":null,"base_elevation":383},"geometry":{"type":"LineString","coordinates":[[-111.256846,45.252679],[-111.256647,45.2527],[-111.256328,45.252631],[-111.256179,45.252585],[-111.256029,45.252545],[-111.255829,45.252566],[-111.255719,45.252629],[-111.255595,45.252727],[-111.255535,45.252865],[-111.255557,45.252979],[-111.255542,45.253064],[-111.255397,45.253156],[-111.255297,45.253243],[-111.255279,45.253312]]}},{"id":"('way', 1263222399)","type":"Feature","properties":{"aerialway":null,"piste:type":"nordic","piste:difficulty":"easy","name":null,"base_elevation":389},"geometry":{"type":"LineString","coordinates":[[-111.258757,45.253061],[-111.25869,45.252848],[-111.258593,45.252708],[-111.258511,45.25265],[-111.258294,45.252601],[-111.258122,45.252564],[-111.257819,45.252545],[-111.257565,45.252603],[-111.257421,45.252669],[-111.257291,45.252669],[-111.257063,45.252635],[-111.256846,45.252679]]}},{"id":"('way', 1263222400)","type":"Feature","properties":{"aerialway":null,"piste:type":"nordic","piste:difficulty":"easy","name":null,"base_elevation":382},"geometry":{"type":"LineString","coordinates":[[-111.256768,45.254929],[-111.256989,45.254917],[-111.257208,45.254918]]}},{"id":"('way', 1263222401)","type":"Feature","properties":{"aerialway":null,"piste:type":"nordic","piste:difficulty":"easy","name":null,"base_elevation":378},"geometry":{"type":"LineString","coordinates":[[-111.255258,45.25182],[-111.25531,45.25198],[-111.255267,45.252106],[-111.255109,45.2523],[-111.254901,45.252481],[-111.254758,45.252646],[-111.254671,45.252857],[-111.254603,45.253067],[-111.254683,45.253159],[-111.255035,45.253206],[-111.255279,45.253312]]}},{"id":"('way', 1263222402)","type":"Feature","properties":{"aerialway":null,"piste:type":"nordic","piste:difficulty":"easy","name":null,"base_elevation":384},"geometry":{"type":"LineString","coordinates":[[-111.257208,45.254918],[-111.257342,45.254916],[-111.257534,45.254825],[-111.257723,45.254796],[-111.257925,45.254784],[-111.258035,45.254708],[-111.258148,45.254559],[-111.258204,45.254393],[-111.258255,45.254344],[-111.258365,45.254236],[-111.258438,45.254076],[-111.258533,45.25391],[-111.258544,45.253778],[-111.258544,45.253589],[-111.258574,45.253423],[-111.258607,45.253341],[-111.258729,45.253257],[-111.258817,45.253164],[-111.258757,45.253061]]}},{"id":"('way', 1263222403)","type":"Feature","properties":{"aerialway":null,"piste:type":"nordic","piste:difficulty":"easy","name":null,"base_elevation":382},"geometry":{"type":"LineString","coordinates":[[-111.256846,45.252679],[-111.25689,45.252803],[-111.256885,45.252948],[-111.256807,45.253115],[-111.256745,45.25333],[-111.256777,45.253646],[-111.256828,45.253945],[-111.25689,45.25414],[-111.256858,45.254211],[-111.256823,45.254371],[-111.256836,45.254753],[-111.256768,45.254929]]}},{"id":"('way', 1263222404)","type":"Feature","properties":{"aerialway":null,"piste:type":"nordic","piste:difficulty":"easy","name":null,"base_elevation":384},"geometry":{"type":"LineString","coordinates":[[-111.257208,45.254918],[-111.257633,45.255052],[-111.257919,45.255248],[-111.258296,45.255408],[-111.258809,45.255649],[-111.258955,45.255752],[-111.25913,45.255719],[-111.259305,45.255655],[-111.259364,45.255596],[-111.25936,45.255524],[-111.25925,45.25543],[-111.25922,45.255385],[-111.259258,45.255348],[-111.259433,45.255267],[-111.259527,45.25511],[-111.259575,45.255036],[-111.25967,45.254973],[-111.259682,45.254918],[-111.259646,45.254874],[-111.259607,45.254822],[-111.259693,45.254707],[-111.259835,45.254557],[-111.259901,45.254424],[-111.259956,45.254383],[-111.259941,45.254315],[-111.259897,45.254272],[-111.259807,45.254251],[-111.2596,45.254082],[-111.259551,45.254018],[-111.259507,45.253835],[-111.259456,45.253526],[-111.259489,45.253413],[-111.259564,45.253235],[-111.259547,45.253073],[-111.259473,45.252974],[-111.259379,45.25295],[-111.25925,45.252961],[-111.25908,45.253002],[-111.258959,45.253087],[-111.258855,45.253114],[-111.258757,45.253061]]}},{"id":"('way', 1263222405)","type":"Feature","properties":{"aerialway":null,"piste:type":"nordic","piste:difficulty":"easy","name":null,"base_elevation":457},"geometry":{"type":"LineString","coordinates":[[-111.309109,45.258417],[-111.309228,45.258416],[-111.309261,45.258389],[-111.309362,45.258271],[-111.309432,45.25822],[-111.309485,45.258121],[-111.309509,45.258046],[-111.309526,45.257998],[-111.309488,45.257914],[-111.309529,45.25778],[-111.30957,45.257606],[-111.309602,45.257439],[-111.3096,45.257288],[-111.309624,45.257136],[-111.309656,45.257044],[-111.309657,45.256957],[-111.309574,45.256903],[-111.309505,45.256882],[-111.309291,45.256882],[-111.309072,45.25686],[-111.30893,45.256848],[-111.308697,45.256814],[-111.308465,45.256781]]}},{"id":"('way', 1263222407)","type":"Feature","properties":{"aerialway":null,"piste:type":"nordic","piste:difficulty":"easy","name":"Crail Ranch Trail","base_elevation":455},"geometry":{"type":"LineString","coordinates":[[-111.306099,45.269511],[-111.306138,45.269449],[-111.306135,45.269409]]}},{"id":"('way', 1263222410)","type":"Feature","properties":{"aerialway":null,"piste:type":"nordic","piste:difficulty":"easy","name":"Crail Ranch Trail","base_elevation":451},"geometry":{"type":"LineString","coordinates":[[-111.306135,45.269409],[-111.30605,45.26926],[-111.306089,45.269132],[-111.306194,45.269011]]}},{"id":"('way', 1263222411)","type":"Feature","properties":{"aerialway":null,"piste:type":"nordic","piste:difficulty":"easy","name":null,"base_elevation":416},"geometry":{"type":"LineString","coordinates":[[-111.291822,45.27109],[-111.291386,45.271091],[-111.29087,45.271061]]}},{"id":"('way', 1263222412)","type":"Feature","properties":{"aerialway":null,"piste:type":"nordic","piste:difficulty":"easy","name":null,"base_elevation":417},"geometry":{"type":"LineString","coordinates":[[-111.291822,45.27109],[-111.29204,45.27108],[-111.292071,45.271079],[-111.292149,45.271123],[-111.292213,45.271129],[-111.292334,45.271091],[-111.292431,45.271103]]}},{"id":"('way', 1263222413)","type":"Feature","properties":{"aerialway":null,"piste:type":"nordic","piste:difficulty":"easy","name":null,"base_elevation":413},"geometry":{"type":"LineString","coordinates":[[-111.29087,45.271061],[-111.290852,45.270941],[-111.290789,45.270857],[-111.290655,45.270831],[-111.289897,45.270804],[-111.289707,45.270827],[-111.289538,45.270868],[-111.289398,45.270951],[-111.289174,45.27099]]}},{"id":"('way', 1263222414)","type":"Feature","properties":{"aerialway":null,"piste:type":"nordic","piste:difficulty":"easy","name":null,"base_elevation":413},"geometry":{"type":"LineString","coordinates":[[-111.289174,45.27099],[-111.289085,45.27093],[-111.288879,45.270922],[-111.288706,45.270868],[-111.288471,45.27085],[-111.288332,45.270967],[-111.288313,45.271037]]}},{"id":"('way', 1263222415)","type":"Feature","properties":{"aerialway":null,"piste:type":"nordic","piste:difficulty":"easy","name":null,"base_elevation":419},"geometry":{"type":"LineString","coordinates":[[-111.289258,45.271299],[-111.289374,45.271296],[-111.289696,45.271415],[-111.290052,45.271458],[-111.290604,45.271473],[-111.290839,45.271462]]}},{"id":"('way', 1263222416)","type":"Feature","properties":{"aerialway":null,"piste:type":"nordic","piste:difficulty":"easy","name":null,"base_elevation":420},"geometry":{"type":"LineString","coordinates":[[-111.290839,45.271462],[-111.290954,45.271621],[-111.291107,45.271814],[-111.291225,45.272027],[-111.291342,45.272084],[-111.291951,45.27211],[-111.292572,45.272131],[-111.293203,45.27213],[-111.293359,45.272094],[-111.293475,45.271827],[-111.2936,45.27144],[-111.293617,45.271102]]}},{"id":"('way', 1263222417)","type":"Feature","properties":{"aerialway":null,"piste:type":"nordic","piste:difficulty":"easy","name":null,"base_elevation":416},"geometry":{"type":"LineString","coordinates":[[-111.29087,45.271061],[-111.290858,45.271263],[-111.290839,45.271462]]}},{"id":"('way', 1263222418)","type":"Feature","properties":{"aerialway":null,"piste:type":"nordic","piste:difficulty":"easy","name":null,"base_elevation":416},"geometry":{"type":"LineString","coordinates":[[-111.289174,45.27099],[-111.289116,45.271061],[-111.289141,45.271194],[-111.289258,45.271299]]}},{"id":"('way', 1263222419)","type":"Feature","properties":{"aerialway":null,"piste:type":"nordic","piste:difficulty":"easy","name":null,"base_elevation":418},"geometry":{"type":"LineString","coordinates":[[-111.286181,45.272142],[-111.286144,45.27204],[-111.286134,45.27188],[-111.286306,45.271635],[-111.28644,45.271501],[-111.286677,45.271419],[-111.286924,45.271375],[-111.287486,45.271226],[-111.287834,45.271142],[-111.288313,45.271037]]}},{"id":"('way', 1263222420)","type":"Feature","properties":{"aerialway":null,"piste:type":"nordic","piste:difficulty":"easy","name":null,"base_elevation":418},"geometry":{"type":"LineString","coordinates":[[-111.293617,45.271102],[-111.292999,45.271107],[-111.292431,45.271103]]}},{"id":"('way', 1263222421)","type":"Feature","properties":{"aerialway":null,"piste:type":"nordic","piste:difficulty":"easy","name":"Far East","base_elevation":420},"geometry":{"type":"LineString","coordinates":[[-111.302776,45.269116],[-111.302296,45.269284],[-111.30147,45.269329],[-111.300386,45.269631],[-111.299571,45.269941],[-111.299045,45.269986],[-111.296878,45.270869],[-111.296052,45.270967],[-111.295354,45.270771],[-111.294528,45.271149],[-111.293777,45.271239],[-111.293617,45.271102]]}},{"id":"('way', 1263222422)","type":"Feature","properties":{"aerialway":null,"piste:type":"nordic","piste:difficulty":"easy","name":null,"base_elevation":417},"geometry":{"type":"LineString","coordinates":[[-111.292431,45.271103],[-111.292444,45.271073],[-111.2925,45.271028],[-111.292494,45.270934],[-111.292469,45.270886],[-111.292445,45.27084],[-111.292403,45.270833],[-111.292339,45.270818],[-111.292259,45.270841],[-111.292073,45.270996],[-111.291871,45.271072],[-111.291822,45.27109]]}},{"id":"('way', 1290313436)","type":"Feature","properties":{"aerialway":"chair_lift","piste:type":null,"piste:difficulty":null,"name":"Madison 8","base_elevation":714},"geometry":{"type":"LineString","coordinates":[[-111.437039,45.312012],[-111.437002,45.311467],[-111.436973,45.311035],[-111.436925,45.310328],[-111.436858,45.309337],[-111.436797,45.308436],[-111.436736,45.30753],[-111.436665,45.30648],[-111.436594,45.305416],[-111.436515,45.304247],[-111.436443,45.303186],[-111.436349,45.301799],[-111.436284,45.300823],[-111.436204,45.299646],[-111.436131,45.298556],[-111.436041,45.297222],[-111.436,45.296619],[-111.435927,45.295541],[-111.435878,45.294814],[-111.435814,45.293867],[-111.43579,45.293504],[-111.435779,45.293347],[-111.435742,45.292795],[-111.435705,45.292249],[-111.435633,45.291176],[-111.435576,45.29033],[-111.435495,45.289137],[-111.435463,45.288662]]}},{"id":"('way', 1339938661)","type":"Feature","properties":{"aerialway":null,"piste:type":"downhill","piste:difficulty":"expert","name":"Alder Gulch","base_elevation":1249},"geometry":{"type":"LineString","coordinates":[[-111.436894,45.284457],[-111.436967,45.284974],[-111.437006,45.285244],[-111.437054,45.285602],[-111.437051,45.28598],[-111.437188,45.286327],[-111.437258,45.286522],[-111.437298,45.286631],[-111.437408,45.28694],[-111.43777,45.287477]]}},{"id":"('way', 1363134473)","type":"Feature","properties":{"aerialway":null,"piste:type":"downhill","piste:difficulty":"intermediate","name":"Tippy's Tumble","base_elevation":860},"geometry":{"type":"LineString","coordinates":[[-111.397781,45.280861],[-111.398033,45.28086],[-111.399511,45.280789],[-111.40135,45.280788]]}},{"id":"('way', 1363134474)","type":"Feature","properties":{"aerialway":null,"piste:type":"downhill","piste:difficulty":"intermediate","name":"Tippy's Tumble","base_elevation":1051},"geometry":{"type":"LineString","coordinates":[[-111.393768,45.275705],[-111.393701,45.27588],[-111.393385,45.276807],[-111.393371,45.276966],[-111.393289,45.277813],[-111.393293,45.277946],[-111.393305,45.278442],[-111.393367,45.278616],[-111.393452,45.278854]]}},{"id":"('way', 1363134475)","type":"Feature","properties":{"aerialway":null,"piste:type":"downhill","piste:difficulty":"intermediate","name":null,"base_elevation":1124},"geometry":{"type":"LineString","coordinates":[[-111.395196,45.271746],[-111.395365,45.271704],[-111.395451,45.271696],[-111.395523,45.271698],[-111.395577,45.271724],[-111.395606,45.271748],[-111.395734,45.271895],[-111.395818,45.272003],[-111.395839,45.272082],[-111.395848,45.272132],[-111.395836,45.272175],[-111.395738,45.272262],[-111.395591,45.272374],[-111.396043,45.272919],[-111.396212,45.273363],[-111.395985,45.273936],[-111.395816,45.27418],[-111.395604,45.27436]]}},{"id":"('way', 1363134476)","type":"Feature","properties":{"aerialway":null,"piste:type":"downhill","piste:difficulty":"intermediate","name":null,"base_elevation":1109},"geometry":{"type":"LineString","coordinates":[[-111.395604,45.27436],[-111.395187,45.274724],[-111.39478,45.275092],[-111.394403,45.275405],[-111.394004,45.275578],[-111.393768,45.275705]]}},{"id":"('way', 1363134477)","type":"Feature","properties":{"aerialway":null,"piste:type":"downhill","piste:difficulty":"intermediate","name":null,"base_elevation":1109},"geometry":{"type":"LineString","coordinates":[[-111.39467,45.272357],[-111.394539,45.272476],[-111.394407,45.272583],[-111.3943,45.272673],[-111.394217,45.272742],[-111.394172,45.272821],[-111.394099,45.272948],[-111.393173,45.274571],[-111.393768,45.275705]]}},{"id":"('way', 1363134482)","type":"Feature","properties":{"aerialway":null,"piste:type":"downhill","piste:difficulty":"expert","name":"Rock Pocket","base_elevation":880},"geometry":{"type":"LineString","coordinates":[[-111.38636,45.274142],[-111.386028,45.274698],[-111.385467,45.27537],[-111.384652,45.276049]]}},{"id":"('way', 1363134483)","type":"Feature","properties":{"aerialway":null,"piste:type":"downhill","piste:difficulty":"expert","name":"Snake Pit","base_elevation":786},"geometry":{"type":"LineString","coordinates":[[-111.386138,45.274176],[-111.384936,45.274256],[-111.384434,45.274235],[-111.383778,45.274279],[-111.383006,45.274563],[-111.382601,45.274617],[-111.382174,45.274594],[-111.38161,45.274638],[-111.381371,45.274655],[-111.380749,45.274743]]}},{"id":"('way', 1363134484)","type":"Feature","properties":{"aerialway":null,"piste:type":"downhill","piste:difficulty":"intermediate","name":"Wapiti","base_elevation":915},"geometry":{"type":"LineString","coordinates":[[-111.379898,45.270288],[-111.380124,45.270487],[-111.380382,45.270638],[-111.380639,45.270729],[-111.381176,45.270895],[-111.381754,45.271368]]}},{"id":"('way', 1366273908)","type":"Feature","properties":{"aerialway":null,"piste:type":"downhill","piste:difficulty":"easy","name":"Horseshoe Cutoff","base_elevation":803},"geometry":{"type":"LineString","coordinates":[[-111.447589,45.310224],[-111.447295,45.310199],[-111.44678,45.310124],[-111.44642,45.310014],[-111.446294,45.309912],[-111.446216,45.30977],[-111.446105,45.309371]]}},{"id":"('way', 1366273909)","type":"Feature","properties":{"aerialway":null,"piste:type":"downhill","piste:difficulty":"advanced","name":"Trapline","base_elevation":1057},"geometry":{"type":"LineString","coordinates":[[-111.447532,45.298632],[-111.447027,45.298811],[-111.44653,45.298986],[-111.446166,45.29936],[-111.44575,45.299742],[-111.445508,45.300035]]}},{"id":"('way', 1366273910)","type":"Feature","properties":{"aerialway":null,"piste:type":"downhill","piste:difficulty":"advanced","name":"Lower Pine Marten","base_elevation":714},"geometry":{"type":"LineString","coordinates":[[-111.439031,45.309856],[-111.439053,45.31033],[-111.439037,45.310832],[-111.439031,45.311296],[-111.438935,45.311707],[-111.438879,45.31198],[-111.438816,45.312063],[-111.438648,45.312141],[-111.438262,45.312157]]}},{"id":"('way', 1366273911)","type":"Feature","properties":{"aerialway":null,"piste:type":"downhill","piste:difficulty":"intermediate","name":"White Witch","base_elevation":1086},"geometry":{"type":"LineString","coordinates":[[-111.442661,45.291223],[-111.442798,45.291527],[-111.442849,45.29187],[-111.44281,45.292064],[-111.442661,45.292559],[-111.442494,45.29314],[-111.442239,45.293393],[-111.44176,45.293627],[-111.441188,45.293803],[-111.440873,45.293909],[-111.440544,45.294102]]}},{"id":"('way', 1366273912)","type":"Feature","properties":{"aerialway":null,"piste:type":"downhill","piste:difficulty":"intermediate","name":"Yaak","base_elevation":806},"geometry":{"type":"LineString","coordinates":[[-111.432645,45.307819],[-111.43271,45.308105],[-111.432944,45.308534],[-111.432963,45.308701]]}},{"id":"('way', 1366273913)","type":"Feature","properties":{"aerialway":null,"piste:type":"downhill","piste:difficulty":"easy","name":"Cupajo","base_elevation":714},"geometry":{"type":"LineString","coordinates":[[-111.432352,45.309993],[-111.432498,45.310109],[-111.432945,45.310298],[-111.433184,45.310428],[-111.433409,45.31055],[-111.434059,45.310727],[-111.434572,45.310996],[-111.435003,45.311279],[-111.435706,45.31179],[-111.436052,45.312225],[-111.43629,45.312577]]}},{"id":"('way', 1366273914)","type":"Feature","properties":{"aerialway":null,"piste:type":"downhill","piste:difficulty":"easy","name":"Pony Express","base_elevation":919},"geometry":{"type":"LineString","coordinates":[[-111.421801,45.294394],[-111.421119,45.294341],[-111.420282,45.294347],[-111.419712,45.294354],[-111.419046,45.294296],[-111.4186,45.294301],[-111.418041,45.29442],[-111.417659,45.29445],[-111.417269,45.294455],[-111.416738,45.294445],[-111.416491,45.294425],[-111.416441,45.29439],[-111.416462,45.294331],[-111.416535,45.294331]]}},{"id":"('way', 1366273915)","type":"Feature","properties":{"aerialway":null,"piste:type":"downhill","piste:difficulty":"intermediate","name":null,"base_elevation":1028},"geometry":{"type":"LineString","coordinates":[[-111.428238,45.294571],[-111.428412,45.294689],[-111.428427,45.294879],[-111.428547,45.294981],[-111.428625,45.295122],[-111.428622,45.295243],[-111.428602,45.295291],[-111.428534,45.295449],[-111.428513,45.295693],[-111.428522,45.295859],[-111.428573,45.296013],[-111.428834,45.296366],[-111.429009,45.296551],[-111.429615,45.297182]]}},{"id":"('way', 1366273916)","type":"Feature","properties":{"aerialway":null,"piste:type":"downhill","piste:difficulty":"easy","name":"Hideaway","base_elevation":893},"geometry":{"type":"LineString","coordinates":[[-111.418057,45.30068],[-111.41852,45.300875],[-111.419216,45.300998],[-111.421264,45.301391],[-111.422074,45.301553],[-111.422328,45.30165],[-111.422439,45.301724],[-111.422447,45.301808],[-111.422379,45.301933],[-111.422407,45.302045],[-111.422518,45.30217],[-111.422915,45.3024],[-111.423391,45.302687],[-111.423812,45.302921]]}},{"id":"('way', 1366303374)","type":"Feature","properties":{"aerialway":null,"piste:type":"downhill","piste:difficulty":"easy","name":"SA Road","base_elevation":967},"geometry":{"type":"LineString","coordinates":[[-111.426769,45.292372],[-111.427072,45.292481],[-111.427183,45.292651],[-111.427092,45.292909],[-111.426613,45.293115],[-111.426376,45.293216],[-111.425619,45.293518],[-111.42527,45.293669],[-111.424989,45.293878],[-111.424246,45.294083],[-111.423363,45.29432],[-111.422636,45.294548],[-111.422069,45.294636]]}},{"id":"('way', 1366303375)","type":"Feature","properties":{"aerialway":null,"piste:type":"downhill","piste:difficulty":"intermediate","name":"Fast Lane","base_elevation":1011},"geometry":{"type":"LineString","coordinates":[[-111.425691,45.287838],[-111.425389,45.287712],[-111.425146,45.287632],[-111.424947,45.287557],[-111.424751,45.287429],[-111.424441,45.287163],[-111.423851,45.286831],[-111.423292,45.286594],[-111.422102,45.286054],[-111.421544,45.285888],[-111.420836,45.285699],[-111.420085,45.285563],[-111.419731,45.285465],[-111.419517,45.28539],[-111.419238,45.285314],[-111.418827,45.285339],[-111.418412,45.285322],[-111.418118,45.285278],[-111.417742,45.285252]]}},{"id":"('way', 1366303376)","type":"Feature","properties":{"aerialway":null,"piste:type":"downhill","piste:difficulty":"expert","name":"Cold Spring","base_elevation":1249},"geometry":{"type":"LineString","coordinates":[[-111.437613,45.284429],[-111.437634,45.28478],[-111.437639,45.285016],[-111.437644,45.285237],[-111.43763,45.285661],[-111.437611,45.286186],[-111.43763,45.28636],[-111.437686,45.286857],[-111.437817,45.287349],[-111.437888,45.287444]]}},{"id":"('way', 1366303377)","type":"Feature","properties":{"aerialway":null,"piste:type":"downhill","piste:difficulty":"extreme","name":"Headwaters Hiking Area","base_elevation":1289},"geometry":{"type":"Polygon","coordinates":[[[-111.438174,45.286302],[-111.437438,45.283413],[-111.438636,45.283372],[-111.439898,45.2834],[-111.440099,45.283399],[-111.44029,45.283418],[-111.441532,45.28364],[-111.442477,45.283718],[-111.444052,45.283764],[-111.444709,45.283752],[-111.445177,45.28379],[-111.445776,45.28421],[-111.445662,45.285486],[-111.444646,45.287117],[-111.444004,45.288138],[-111.443745,45.287921],[-111.443172,45.287443],[-111.442737,45.287079],[-111.442362,45.286887],[-111.441935,45.286577],[-111.44059,45.286226],[-111.439496,45.286062],[-111.439183,45.28607],[-111.438174,45.286302]]]}},{"id":"('way', 1366303378)","type":"Feature","properties":{"aerialway":null,"piste:type":"downhill","piste:difficulty":"extreme","name":"DTM","base_elevation":1244},"geometry":{"type":"LineString","coordinates":[[-111.44391,45.287025],[-111.443439,45.287341],[-111.443172,45.287443],[-111.442532,45.287645],[-111.442008,45.287856]]}},{"id":"('way', 1366303379)","type":"Feature","properties":{"aerialway":null,"piste:type":"downhill","piste:difficulty":"extreme","name":"Upper A-Z Chutes","base_elevation":1528},"geometry":{"type":"Polygon","coordinates":[[[-111.444709,45.283752],[-111.444104,45.282084],[-111.445031,45.281977],[-111.445692,45.281835],[-111.446521,45.281387],[-111.447872,45.282475],[-111.446619,45.28329],[-111.446035,45.283615],[-111.445727,45.283701],[-111.445177,45.28379],[-111.444709,45.283752]]]}},{"id":"('way', 1366303380)","type":"Feature","properties":{"aerialway":null,"piste:type":"downhill","piste:difficulty":"extreme","name":"A-Z Chutes","base_elevation":1451},"geometry":{"type":"Polygon","coordinates":[[[-111.444104,45.282084],[-111.441053,45.282325],[-111.439215,45.282215],[-111.437249,45.281811],[-111.437202,45.282869],[-111.437438,45.283413],[-111.438636,45.283372],[-111.439363,45.283414],[-111.439898,45.2834],[-111.440099,45.283399],[-111.44029,45.283418],[-111.441044,45.283552],[-111.441532,45.28364],[-111.442477,45.283718],[-111.444052,45.283764],[-111.444709,45.283752],[-111.444104,45.282084]]]}},{"id":"('way', 1366303381)","type":"Feature","properties":{"aerialway":null,"piste:type":"downhill","piste:difficulty":"easy","name":"Bozeman Trail","base_elevation":973},"geometry":{"type":"LineString","coordinates":[[-111.41846,45.289149],[-111.41844,45.28919],[-111.418444,45.289239],[-111.418477,45.289279],[-111.418571,45.289333],[-111.418772,45.289424],[-111.41889,45.2895],[-111.41894,45.289563],[-111.418952,45.289621],[-111.418949,45.289687],[-111.418917,45.289727],[-111.418853,45.289763],[-111.418737,45.289794],[-111.418549,45.289822]]}},{"id":"('way', 1366368873)","type":"Feature","properties":{"aerialway":null,"piste:type":"downhill","piste:difficulty":"easy","name":"White Wing","base_elevation":831},"geometry":{"type":"LineString","coordinates":[[-111.432884,45.278869],[-111.432351,45.279325],[-111.432153,45.279521],[-111.431949,45.27979],[-111.431899,45.279904],[-111.431779,45.280173],[-111.431648,45.280531],[-111.431574,45.280635],[-111.431441,45.280711],[-111.43121,45.280819],[-111.431067,45.28091],[-111.430919,45.281085],[-111.430661,45.28135],[-111.430588,45.281424],[-111.430433,45.281604],[-111.430078,45.282014],[-111.428892,45.2822],[-111.427253,45.282457],[-111.426257,45.282605],[-111.425676,45.282721],[-111.424929,45.282885],[-111.424648,45.282961],[-111.42418,45.283087],[-111.423648,45.283233],[-111.422557,45.283521],[-111.421517,45.283727],[-111.420828,45.283891],[-111.420213,45.284107],[-111.41968,45.284321],[-111.41948,45.284407],[-111.419021,45.284603],[-111.417742,45.285252],[-111.417242,45.285541],[-111.416863,45.285734],[-111.416698,45.285804],[-111.416441,45.285886],[-111.416016,45.286034],[-111.415759,45.286082],[-111.415206,45.286175],[-111.414255,45.286166],[-111.413698,45.286188],[-111.413444,45.286232],[-111.413208,45.286321],[-111.412833,45.286462],[-111.41264,45.286512],[-111.41251,45.286528],[-111.412403,45.28652],[-111.412019,45.286447],[-111.411897,45.28645],[-111.41179,45.28647],[-111.41164,45.286504],[-111.411383,45.286594],[-111.411172,45.286682],[-111.411051,45.286712],[-111.410765,45.28673],[-111.410487,45.286707],[-111.409796,45.286575],[-111.40944,45.286482],[-111.409091,45.286494],[-111.408837,45.286539],[-111.408312,45.286767],[-111.408131,45.286847],[-111.407584,45.287094],[-111.407191,45.287204],[-111.407001,45.287204],[-111.406723,45.287192],[-111.406269,45.287122],[-111.405898,45.287108],[-111.405732,45.287126],[-111.405457,45.287156],[-111.405086,45.287196],[-111.404826,45.287189],[-111.404438,45.287112],[-111.403685,45.286835],[-111.402454,45.286326],[-111.402192,45.286262],[-111.402137,45.286225],[-111.402103,45.286148]]}},{"id":"('way', 1366368874)","type":"Feature","properties":{"aerialway":null,"piste:type":"downhill","piste:difficulty":"advanced","name":null,"base_elevation":1320},"geometry":{"type":"LineString","coordinates":[[-111.433224,45.283597],[-111.432865,45.283925],[-111.431618,45.284652],[-111.430074,45.285624]]}},{"id":"('way', 1366368875)","type":"Feature","properties":{"aerialway":null,"piste:type":"downhill","piste:difficulty":"expert","name":"Little Tree","base_elevation":1211},"geometry":{"type":"LineString","coordinates":[[-111.433224,45.283597],[-111.432008,45.283325],[-111.431472,45.283171],[-111.430803,45.283039],[-111.429451,45.282744]]}},{"id":"('way', 1366368877)","type":"Feature","properties":{"aerialway":null,"piste:type":"downhill","piste:difficulty":"intermediate","name":null,"base_elevation":1279},"geometry":{"type":"LineString","coordinates":[[-111.433956,45.28002],[-111.434057,45.279861],[-111.434177,45.279743],[-111.434276,45.279681],[-111.434518,45.279559],[-111.434744,45.279422],[-111.435009,45.279245],[-111.435429,45.278989],[-111.435495,45.278858],[-111.435421,45.278709],[-111.435295,45.278653],[-111.435107,45.278613],[-111.434821,45.278553],[-111.434519,45.278489],[-111.434274,45.278443],[-111.433961,45.278464],[-111.433856,45.278504],[-111.433748,45.278572],[-111.433653,45.27868]]}},{"id":"('way', 1366368879)","type":"Feature","properties":{"aerialway":null,"piste:type":"downhill","piste:difficulty":"intermediate","name":"Porcupine","base_elevation":970},"geometry":{"type":"LineString","coordinates":[[-111.416102,45.284542],[-111.41535,45.284665],[-111.414486,45.284759],[-111.413759,45.284857],[-111.413292,45.28502]]}},{"id":"('way', 1366368880)","type":"Feature","properties":{"aerialway":null,"piste:type":"downhill","piste:difficulty":"easy","name":null,"base_elevation":1002},"geometry":{"type":"LineString","coordinates":[[-111.416243,45.284363],[-111.415889,45.284267],[-111.415396,45.284198],[-111.414777,45.284053]]}},{"id":"('way', 1366368881)","type":"Feature","properties":{"aerialway":null,"piste:type":"downhill","piste:difficulty":"intermediate","name":"Rudy","base_elevation":849},"geometry":{"type":"LineString","coordinates":[[-111.382367,45.262208],[-111.38189,45.26262],[-111.38116,45.263103],[-111.380452,45.26366]]}},{"id":"('way', 1366368882)","type":"Feature","properties":{"aerialway":null,"piste:type":"downhill","piste:difficulty":"intermediate","name":"Hook 'em Home","base_elevation":890},"geometry":{"type":"LineString","coordinates":[[-111.385304,45.261206],[-111.383545,45.261795],[-111.382728,45.262068],[-111.382367,45.262208],[-111.381675,45.262483]]}},{"id":"('way', 1366368883)","type":"Feature","properties":{"aerialway":null,"piste:type":"downhill","piste:difficulty":"intermediate","name":"Chuckles","base_elevation":857},"geometry":{"type":"LineString","coordinates":[[-111.38182,45.261857],[-111.380915,45.261544],[-111.380743,45.261485],[-111.380142,45.261234],[-111.379263,45.260982]]}},{"id":"('way', 1366368884)","type":"Feature","properties":{"aerialway":null,"piste:type":"downhill","piste:difficulty":"easy","name":"Take a Bough","base_elevation":857},"geometry":{"type":"LineString","coordinates":[[-111.382418,45.261083],[-111.382087,45.261064],[-111.381193,45.261011],[-111.380608,45.261017],[-111.380039,45.261023],[-111.379263,45.260982]]}},{"id":"('way', 1366368886)","type":"Feature","properties":{"aerialway":null,"piste:type":"downhill","piste:difficulty":"easy","name":"Clubhouse Loop","base_elevation":767},"geometry":{"type":"LineString","coordinates":[[-111.374761,45.26097],[-111.374691,45.260874],[-111.374513,45.260795],[-111.374242,45.260691],[-111.373956,45.260603],[-111.373377,45.260407],[-111.373255,45.260371],[-111.372948,45.260228],[-111.372879,45.260175],[-111.372785,45.26011],[-111.372524,45.260043],[-111.372242,45.259962],[-111.372151,45.259935],[-111.372044,45.259851],[-111.371927,45.259605],[-111.371838,45.25909],[-111.371748,45.259009],[-111.371581,45.258918],[-111.371142,45.258822],[-111.370965,45.258823],[-111.370702,45.258865],[-111.370482,45.258981],[-111.370267,45.259156],[-111.370248,45.259181],[-111.370125,45.259339],[-111.370092,45.259428],[-111.37011,45.259607],[-111.370213,45.259889],[-111.370239,45.260129],[-111.370234,45.260199],[-111.370228,45.260285],[-111.370224,45.260385],[-111.370195,45.260558],[-111.370141,45.260673],[-111.370074,45.260753]]}},{"id":"('way', 1366368887)","type":"Feature","properties":{"aerialway":null,"piste:type":"downhill","piste:difficulty":"easy","name":"Take a Bough","base_elevation":796},"geometry":{"type":"LineString","coordinates":[[-111.374761,45.26097],[-111.373803,45.260911],[-111.373084,45.260874]]}},{"id":"('way', 1366620826)","type":"Feature","properties":{"aerialway":null,"piste:type":"downhill","piste:difficulty":"intermediate","name":"Swifty Park","base_elevation":950},"geometry":{"type":"LineString","coordinates":[[-111.420134,45.278059],[-111.419899,45.278466],[-111.41826,45.279091],[-111.41689,45.279393],[-111.414994,45.279811],[-111.412357,45.280487],[-111.411445,45.280704]]}},{"id":"('way', 1366620827)","type":"Feature","properties":{"aerialway":null,"piste:type":"downhill","piste:difficulty":"intermediate","name":"Skittles Road","base_elevation":829},"geometry":{"type":"LineString","coordinates":[[-111.407748,45.28014],[-111.407637,45.280167],[-111.407257,45.28026],[-111.405739,45.280123],[-111.405332,45.280083],[-111.405049,45.280149],[-111.403977,45.281077],[-111.403151,45.282143],[-111.402299,45.28271],[-111.401907,45.282986],[-111.401421,45.283359]]}},{"id":"('way', 1366636752)","type":"Feature","properties":{"aerialway":null,"piste:type":"downhill","piste:difficulty":"advanced","name":"Bavarian Forest","base_elevation":1190},"geometry":{"type":"Polygon","coordinates":[[[-111.452992,45.269978],[-111.451053,45.269001],[-111.44922,45.267294],[-111.451571,45.262847],[-111.453328,45.26351],[-111.454097,45.263833],[-111.453669,45.266192],[-111.453486,45.266824],[-111.453636,45.267718],[-111.453491,45.268888],[-111.452992,45.269978]]]}},{"id":"('way', 1366636753)","type":"Feature","properties":{"aerialway":null,"piste:type":"downhill","piste:difficulty":"expert","name":"Dictator Chutes","base_elevation":1465},"geometry":{"type":"LineString","coordinates":[[-111.449472,45.275721],[-111.448003,45.274777],[-111.447576,45.274522],[-111.44729,45.27435],[-111.446617,45.273693],[-111.445603,45.272414]]}},{"id":"('way', 1366737391)","type":"Feature","properties":{"aerialway":null,"piste:type":"downhill","piste:difficulty":"advanced","name":"Beargrass","base_elevation":1010},"geometry":{"type":"LineString","coordinates":[[-111.439558,45.264777],[-111.439253,45.264633],[-111.438737,45.264262],[-111.438348,45.263791],[-111.438179,45.263578],[-111.43798,45.263277],[-111.437823,45.262924],[-111.437566,45.262327],[-111.437205,45.261739],[-111.436884,45.261108]]}},{"id":"('way', 1368179739)","type":"Feature","properties":{"aerialway":null,"piste:type":"downhill","piste:difficulty":"intermediate","name":"Yaak","base_elevation":775},"geometry":{"type":"LineString","coordinates":[[-111.433558,45.309259],[-111.433582,45.309524],[-111.433534,45.309724],[-111.43334,45.310078],[-111.433208,45.310259]]}},{"id":"('way', 1368480615)","type":"Feature","properties":{"aerialway":null,"piste:type":"downhill","piste:difficulty":"advanced","name":"Elkhorn","base_elevation":1220},"geometry":{"type":"LineString","coordinates":[[-111.433904,45.28949],[-111.433882,45.289802],[-111.433663,45.290422],[-111.433569,45.290703]]}},{"id":"('way', 1370691411)","type":"Feature","properties":{"aerialway":null,"piste:type":"downhill","piste:difficulty":"intermediate","name":"PB&J Way","base_elevation":913},"geometry":{"type":"LineString","coordinates":[[-111.452455,45.306305],[-111.451708,45.306358],[-111.451123,45.306513],[-111.451009,45.306677],[-111.450931,45.306787],[-111.450914,45.307108]]}},{"id":"('way', 1370691412)","type":"Feature","properties":{"aerialway":null,"piste:type":"downhill","piste:difficulty":"intermediate","name":"Short Stack","base_elevation":816},"geometry":{"type":"LineString","coordinates":[[-111.431184,45.306987],[-111.431019,45.307044],[-111.430981,45.30711],[-111.430978,45.307178],[-111.430978,45.307255],[-111.43097,45.307396],[-111.431008,45.307508],[-111.431058,45.307598],[-111.43122,45.307739],[-111.431347,45.307832],[-111.431585,45.308031]]}},{"id":"('way', 1370691413)","type":"Feature","properties":{"aerialway":null,"piste:type":"downhill","piste:difficulty":"intermediate","name":"Daku's Dip","base_elevation":1069},"geometry":{"type":"LineString","coordinates":[[-111.431443,45.293052],[-111.431421,45.293561],[-111.431453,45.293777],[-111.431503,45.293889],[-111.43175,45.294181],[-111.432154,45.294554],[-111.432247,45.294673],[-111.432456,45.29513]]}},{"id":"('way', 1370691415)","type":"Feature","properties":{"aerialway":null,"piste:type":"downhill","piste:difficulty":"advanced","name":"Woodward","base_elevation":1102},"geometry":{"type":"LineString","coordinates":[[-111.433233,45.292305],[-111.433113,45.292594],[-111.432953,45.292918],[-111.432753,45.293275],[-111.432573,45.293525],[-111.43238,45.293783]]}},{"id":"('way', 1370691417)","type":"Feature","properties":{"aerialway":null,"piste:type":"downhill","piste:difficulty":"easy","name":null,"base_elevation":895},"geometry":{"type":"LineString","coordinates":[[-111.411051,45.286712],[-111.410768,45.286964],[-111.410542,45.287151],[-111.410296,45.287319],[-111.410202,45.287379],[-111.410107,45.287452],[-111.409791,45.287695],[-111.409713,45.287765],[-111.409535,45.288031],[-111.409503,45.2881],[-111.409421,45.28834],[-111.409175,45.28874],[-111.409099,45.289189],[-111.409014,45.289489]]}},{"id":"('way', 1370691420)","type":"Feature","properties":{"aerialway":null,"piste:type":"downhill","piste:difficulty":"easy","name":"Rising Bull Access","base_elevation":841},"geometry":{"type":"LineString","coordinates":[[-111.410769,45.290531],[-111.41063,45.290544],[-111.410405,45.290606],[-111.410219,45.290713],[-111.410102,45.290836],[-111.410086,45.290894],[-111.4101,45.29096],[-111.410139,45.291015],[-111.410263,45.291122],[-111.41042,45.291236],[-111.410564,45.291349],[-111.410692,45.291466],[-111.410784,45.291606],[-111.410843,45.291736],[-111.410918,45.291932],[-111.41101,45.292084],[-111.411098,45.292177],[-111.411187,45.292244],[-111.411315,45.292321],[-111.411393,45.292383],[-111.411466,45.292474],[-111.411538,45.292566],[-111.411624,45.292644],[-111.411812,45.292786],[-111.411882,45.292879],[-111.411924,45.292984],[-111.411961,45.293087],[-111.412013,45.293178],[-111.412081,45.293288],[-111.412162,45.29339],[-111.412292,45.293503],[-111.412377,45.293576],[-111.412491,45.293658],[-111.412565,45.293707],[-111.412644,45.293755],[-111.412729,45.293791],[-111.412847,45.293819],[-111.413023,45.293885],[-111.413098,45.29394],[-111.413145,45.294005],[-111.413168,45.294076],[-111.413164,45.294172],[-111.41314,45.294244],[-111.413001,45.294382],[-111.412965,45.294413],[-111.412906,45.294464],[-111.412879,45.294524],[-111.412874,45.294579],[-111.412892,45.294672],[-111.412953,45.294809],[-111.413001,45.294915],[-111.413016,45.294995],[-111.413,45.295079],[-111.41296,45.295161],[-111.412901,45.295225],[-111.412816,45.295286],[-111.412717,45.295321],[-111.412548,45.295369],[-111.411916,45.295482],[-111.411815,45.295502],[-111.411684,45.295482],[-111.411403,45.295346],[-111.410996,45.295243],[-111.410702,45.295187],[-111.410559,45.295216],[-111.410451,45.295262],[-111.410388,45.295309],[-111.409825,45.295741],[-111.409777,45.295758],[-111.40973,45.295755],[-111.409674,45.295736],[-111.409097,45.295397],[-111.408785,45.295249],[-111.408184,45.295046],[-111.407861,45.294956],[-111.407531,45.294862],[-111.407086,45.294763],[-111.405868,45.294452],[-111.405692,45.294399],[-111.405491,45.294317],[-111.405284,45.29426],[-111.405066,45.294213]]}},{"id":"('way', 1370691421)","type":"Feature","properties":{"aerialway":null,"piste:type":"downhill","piste:difficulty":"easy","name":"Swift Bear","base_elevation":904},"geometry":{"type":"LineString","coordinates":[[-111.400704,45.300714],[-111.401226,45.300491],[-111.401844,45.300231],[-111.402202,45.30012],[-111.4023,45.300054],[-111.402584,45.299527],[-111.402823,45.299081],[-111.402996,45.298757]]}},{"id":"('way', 1370691422)","type":"Feature","properties":{"aerialway":null,"piste:type":"downhill","piste:difficulty":"easy","name":"White Fang","base_elevation":922},"geometry":{"type":"LineString","coordinates":[[-111.413796,45.285086],[-111.413557,45.285366],[-111.412969,45.285603],[-111.412114,45.285803],[-111.411446,45.28602],[-111.410788,45.286273],[-111.410307,45.286474],[-111.409796,45.286575]]}},{"id":"('way', 1370691423)","type":"Feature","properties":{"aerialway":null,"piste:type":"downhill","piste:difficulty":"intermediate","name":"Wild Bill","base_elevation":906},"geometry":{"type":"LineString","coordinates":[[-111.411446,45.28061],[-111.410637,45.280609],[-111.409393,45.280448],[-111.408547,45.280406],[-111.408169,45.28042],[-111.407637,45.280167]]}},{"id":"('way', 1370691424)","type":"Feature","properties":{"aerialway":null,"piste:type":"downhill","piste:difficulty":"advanced","name":"Steep & Deep","base_elevation":1389},"geometry":{"type":"LineString","coordinates":[[-111.443407,45.280009],[-111.442502,45.279834],[-111.441901,45.279668],[-111.441085,45.279593],[-111.440202,45.279261],[-111.44012,45.27923],[-111.439833,45.279089],[-111.439693,45.279024]]}},{"id":"('way', 1370691426)","type":"Feature","properties":{"aerialway":null,"piste:type":"downhill","piste:difficulty":"advanced","name":"Great White","base_elevation":1281},"geometry":{"type":"LineString","coordinates":[[-111.431844,45.276744],[-111.431596,45.276927],[-111.431332,45.27709]]}},{"id":"('way', 1370691427)","type":"Feature","properties":{"aerialway":null,"piste:type":"downhill","piste:difficulty":"advanced","name":"Yogi's","base_elevation":1018},"geometry":{"type":"LineString","coordinates":[[-111.422128,45.271386],[-111.421743,45.271539],[-111.421507,45.271675],[-111.421249,45.271611],[-111.420992,45.271687],[-111.420782,45.271875],[-111.420498,45.271849],[-111.420262,45.271622],[-111.420241,45.271347],[-111.420214,45.271264],[-111.420117,45.271105],[-111.420063,45.270992],[-111.419537,45.270941],[-111.418776,45.270967],[-111.418052,45.271172],[-111.417633,45.271566],[-111.416737,45.27167]]}},{"id":"('way', 1370691428)","type":"Feature","properties":{"aerialway":null,"piste:type":"downhill","piste:difficulty":"expert","name":"Bolivia","base_elevation":851},"geometry":{"type":"LineString","coordinates":[[-111.389485,45.281069],[-111.389603,45.281281],[-111.389464,45.281719],[-111.389351,45.282027],[-111.389387,45.282751]]}},{"id":"('way', 1370691429)","type":"Feature","properties":{"aerialway":null,"piste:type":"downhill","piste:difficulty":"expert","name":"Peru","base_elevation":772},"geometry":{"type":"LineString","coordinates":[[-111.388977,45.281032],[-111.388849,45.281273],[-111.388643,45.28159],[-111.387731,45.28234],[-111.387398,45.282569],[-111.386809,45.283327]]}},{"id":"('way', 1370691430)","type":"Feature","properties":{"aerialway":null,"piste:type":"downhill","piste:difficulty":"expert","name":"Marlboro Country","base_elevation":743},"geometry":{"type":"LineString","coordinates":[[-111.388703,45.28096],[-111.388441,45.281005],[-111.387747,45.281084],[-111.387447,45.281118],[-111.38676,45.281363],[-111.385446,45.28139],[-111.384794,45.281748],[-111.384443,45.282102],[-111.38426,45.283478]]}},{"id":"('way', 1370932153)","type":"Feature","properties":{"aerialway":null,"piste:type":"downhill","piste:difficulty":"intermediate","name":null,"base_elevation":851},"geometry":{"type":"LineString","coordinates":[[-111.392337,45.283649],[-111.39265,45.283602],[-111.392874,45.283669],[-111.39333,45.284146],[-111.393664,45.284244],[-111.394033,45.284354],[-111.394639,45.284175],[-111.395317,45.284026],[-111.395507,45.283935],[-111.395666,45.283844]]}},{"id":"('way', 1370932154)","type":"Feature","properties":{"aerialway":null,"piste:type":"downhill","piste:difficulty":"advanced","name":null,"base_elevation":858},"geometry":{"type":"LineString","coordinates":[[-111.392337,45.283649],[-111.392091,45.283623],[-111.391847,45.283545],[-111.39133,45.283417],[-111.390983,45.283316]]}},{"id":"('way', 1370932155)","type":"Feature","properties":{"aerialway":null,"piste:type":"downhill","piste:difficulty":"intermediate","name":"Low Bid","base_elevation":925},"geometry":{"type":"LineString","coordinates":[[-111.390964,45.281233],[-111.390605,45.281151],[-111.389485,45.281069],[-111.388977,45.281032],[-111.388739,45.280985],[-111.388703,45.28096],[-111.388585,45.280879],[-111.388453,45.280664],[-111.388252,45.280505],[-111.38776,45.280032],[-111.387588,45.279798],[-111.387404,45.279634],[-111.387189,45.279259]]}},{"id":"('way', 1370932156)","type":"Feature","properties":{"aerialway":null,"piste:type":"downhill","piste:difficulty":"advanced","name":"Broken Arrow","base_elevation":924},"geometry":{"type":"LineString","coordinates":[[-111.394099,45.272948],[-111.393615,45.273161],[-111.392559,45.273622],[-111.391229,45.274168],[-111.390074,45.274663],[-111.389087,45.275107],[-111.38819,45.275607],[-111.387875,45.275782],[-111.386674,45.276512]]}},{"id":"('way', 1370932157)","type":"Feature","properties":{"aerialway":null,"piste:type":"downhill","piste:difficulty":"intermediate","name":"Elk Park Meadows","base_elevation":693},"geometry":{"type":"LineString","coordinates":[[-111.386802,45.279418],[-111.384868,45.279216],[-111.382164,45.279654],[-111.38093,45.279828],[-111.379771,45.279782],[-111.378017,45.279726]]}},{"id":"('way', 1370932158)","type":"Feature","properties":{"aerialway":null,"piste:type":"downhill","piste:difficulty":"easy","name":"Pacifier","base_elevation":1170},"geometry":{"type":"LineString","coordinates":[[-111.398308,45.270685],[-111.397739,45.270894],[-111.396976,45.271293],[-111.396329,45.271662],[-111.395818,45.272003]]}},{"id":"('way', 1370932159)","type":"Feature","properties":{"aerialway":null,"piste:type":"downhill","piste:difficulty":"advanced","name":"Bacon Rind","base_elevation":1195},"geometry":{"type":"LineString","coordinates":[[-111.434225,45.273473],[-111.433293,45.272964],[-111.431447,45.271934],[-111.430325,45.271637]]}},{"id":"('way', 1370932160)","type":"Feature","properties":{"aerialway":null,"piste:type":"downhill","piste:difficulty":"advanced","name":"Dude Park","base_elevation":1135},"geometry":{"type":"LineString","coordinates":[[-111.436715,45.268053],[-111.43613,45.267623],[-111.435325,45.267062],[-111.434634,45.266719],[-111.433941,45.266411]]}},{"id":"('way', 1370932161)","type":"Feature","properties":{"aerialway":null,"piste:type":"downhill","piste:difficulty":"advanced","name":"Chicken Head Bowl","base_elevation":1274},"geometry":{"type":"LineString","coordinates":[[-111.440124,45.273995],[-111.437258,45.270936],[-111.43719,45.270912],[-111.437078,45.270919],[-111.436876,45.270967],[-111.436497,45.271198],[-111.436371,45.271251],[-111.436227,45.271277],[-111.436118,45.27126],[-111.436016,45.27121],[-111.435049,45.270523]]}},{"id":"('way', 1370932162)","type":"Feature","properties":{"aerialway":null,"piste:type":"downhill","piste:difficulty":"advanced","name":"White Pine","base_elevation":1139},"geometry":{"type":"LineString","coordinates":[[-111.441376,45.265389],[-111.441218,45.264932],[-111.440875,45.264546],[-111.440702,45.264335],[-111.440296,45.264073],[-111.439362,45.263653]]}},{"id":"('way', 1370932163)","type":"Feature","properties":{"aerialway":null,"piste:type":"downhill","piste:difficulty":"advanced","name":null,"base_elevation":1218},"geometry":{"type":"LineString","coordinates":[[-111.442301,45.273601],[-111.440397,45.272036],[-111.440048,45.271789],[-111.439455,45.271427],[-111.438473,45.270867],[-111.437945,45.270525],[-111.437666,45.270396],[-111.437462,45.270369],[-111.437029,45.270379],[-111.436345,45.270413],[-111.435858,45.270494],[-111.435598,45.270607],[-111.435484,45.270619],[-111.435308,45.270592],[-111.435189,45.270563],[-111.435049,45.270523],[-111.434933,45.270422],[-111.434773,45.270232],[-111.434466,45.269523],[-111.434383,45.26889]]}},{"id":"('way', 1370932164)","type":"Feature","properties":{"aerialway":null,"piste:type":"downhill","piste:difficulty":"advanced","name":"Aspen  Meadows","base_elevation":1222},"geometry":{"type":"LineString","coordinates":[[-111.448848,45.267385],[-111.448534,45.267042],[-111.448268,45.266279],[-111.448283,45.266168],[-111.448735,45.265214],[-111.448934,45.264188],[-111.448907,45.263947],[-111.448503,45.263453]]}},{"id":"('way', 1370932165)","type":"Feature","properties":{"aerialway":null,"piste:type":"downhill","piste:difficulty":"advanced","name":"Cardio Trio","base_elevation":1252},"geometry":{"type":"LineString","coordinates":[[-111.453869,45.266887],[-111.454066,45.266296],[-111.454097,45.266209],[-111.454121,45.26607],[-111.454152,45.265893],[-111.454177,45.265706],[-111.454214,45.265446],[-111.454232,45.265186],[-111.454171,45.264999],[-111.453932,45.264879]]}},{"id":"('way', 1370932166)","type":"Feature","properties":{"aerialway":null,"piste:type":"downhill","piste:difficulty":"advanced","name":"Cardio Trio","base_elevation":1337},"geometry":{"type":"LineString","coordinates":[[-111.45367,45.270787],[-111.453637,45.269795],[-111.453716,45.269079],[-111.453763,45.268264],[-111.453833,45.26744],[-111.453869,45.266887]]}},{"id":"('way', 1370932167)","type":"Feature","properties":{"aerialway":null,"piste:type":"downhill","piste:difficulty":"advanced","name":"Bavarian Forest","base_elevation":1154},"geometry":{"type":"LineString","coordinates":[[-111.452557,45.270674],[-111.452462,45.270428],[-111.452366,45.270148],[-111.452295,45.270022],[-111.451987,45.269589],[-111.451786,45.269291],[-111.451773,45.269206],[-111.451958,45.268096],[-111.452635,45.267012],[-111.452919,45.265199],[-111.453252,45.263863],[-111.453535,45.262996],[-111.453462,45.26254]]}},{"id":"('way', 1370932168)","type":"Feature","properties":{"aerialway":null,"piste:type":"downhill","piste:difficulty":"advanced","name":null,"base_elevation":1197},"geometry":{"type":"LineString","coordinates":[[-111.456155,45.264711],[-111.456127,45.26461],[-111.456002,45.264475],[-111.455837,45.264296],[-111.455561,45.264167],[-111.455285,45.264072],[-111.454966,45.263962],[-111.454699,45.263958]]}},{"id":"('way', 1370932169)","type":"Feature","properties":{"aerialway":null,"piste:type":"downhill","piste:difficulty":"advanced","name":"Rock Valley","base_elevation":1274},"geometry":{"type":"LineString","coordinates":[[-111.456431,45.270476],[-111.457296,45.270447],[-111.457501,45.270371],[-111.458081,45.269582],[-111.458852,45.26852],[-111.459043,45.267687],[-111.458993,45.266572],[-111.45887,45.265653]]}},{"id":"('way', 1370932170)","type":"Feature","properties":{"aerialway":null,"piste:type":"downhill","piste:difficulty":"advanced","name":"Nebraska","base_elevation":1170},"geometry":{"type":"LineString","coordinates":[[-111.458236,45.264258],[-111.457071,45.263281],[-111.456522,45.263081],[-111.455343,45.262995]]}},{"id":"('way', 1461366064)","type":"Feature","properties":{"aerialway":null,"piste:type":"downhill","piste:difficulty":"easy","name":null,"base_elevation":895},"geometry":{"type":"LineString","coordinates":[[-111.383712,45.254986],[-111.383741,45.254909]]}},{"id":"('way', 1461366065)","type":"Feature","properties":{"aerialway":null,"piste:type":"downhill","piste:difficulty":"easy","name":"Woodlands Return","base_elevation":738},"geometry":{"type":"LineString","coordinates":[[-111.375344,45.263561],[-111.374741,45.263469],[-111.374503,45.263442],[-111.37414,45.263443],[-111.373899,45.263506],[-111.373667,45.26361],[-111.372895,45.263903],[-111.371599,45.264108],[-111.369909,45.264404],[-111.368818,45.264598],[-111.367686,45.264728],[-111.367272,45.264843],[-111.366815,45.265062],[-111.366392,45.265078],[-111.366043,45.265089],[-111.365624,45.2651],[-111.365233,45.265078],[-111.364992,45.265044],[-111.364788,45.264968],[-111.364707,45.26487],[-111.364718,45.264761],[-111.364772,45.264674],[-111.364836,45.264587],[-111.364863,45.264522],[-111.364844,45.264463],[-111.364782,45.264424],[-111.364517,45.26437]]}},{"id":"('way', 1461366067)","type":"Feature","properties":{"aerialway":null,"piste:type":"downhill","piste:difficulty":"intermediate","name":"Stumpy's","base_elevation":856},"geometry":{"type":"LineString","coordinates":[[-111.381935,45.256605],[-111.381776,45.25662]]}},{"id":"('way', 1461366070)","type":"Feature","properties":{"aerialway":null,"piste:type":"downhill","piste:difficulty":"easy","name":"Outlook Way","base_elevation":728},"geometry":{"type":"LineString","coordinates":[[-111.368212,45.261223],[-111.368092,45.261289],[-111.367947,45.261333],[-111.367779,45.261371],[-111.367515,45.261465],[-111.367326,45.261556],[-111.367178,45.261619],[-111.367082,45.261638],[-111.36699,45.261635],[-111.366847,45.26163],[-111.36672,45.261626],[-111.366532,45.261627],[-111.366244,45.261644],[-111.366082,45.261631],[-111.365948,45.261601],[-111.365841,45.261582],[-111.365587,45.261477],[-111.365129,45.261281],[-111.364966,45.261232],[-111.364737,45.261197],[-111.364435,45.261162],[-111.364238,45.261123],[-111.363661,45.261013]]}},{"id":"('way', 1461366071)","type":"Feature","properties":{"aerialway":"magic_carpet","piste:type":null,"piste:difficulty":null,"name":"S7","base_elevation":763},"geometry":{"type":"LineString","coordinates":[[-111.369585,45.260356],[-111.370161,45.260215]]}},{"id":"('way', 1461366072)","type":"Feature","properties":{"aerialway":null,"piste:type":"downhill","piste:difficulty":"easy","name":null,"base_elevation":769},"geometry":{"type":"LineString","coordinates":[[-111.370161,45.260215],[-111.370234,45.260199],[-111.37037,45.260175]]}},{"id":"('way', 1461366073)","type":"Feature","properties":{"aerialway":null,"piste:type":"downhill","piste:difficulty":"easy","name":"Clubhouse Loop","base_elevation":763},"geometry":{"type":"LineString","coordinates":[[-111.37011,45.259607],[-111.370072,45.259723],[-111.369867,45.259952],[-111.369603,45.26014],[-111.369471,45.260282],[-111.369443,45.260386]]}},{"id":"('way', 1461366074)","type":"Feature","properties":{"aerialway":null,"piste:type":"downhill","piste:difficulty":"easy","name":"Clubhouse Loop","base_elevation":762},"geometry":{"type":"LineString","coordinates":[[-111.369443,45.260386],[-111.36943,45.260434],[-111.369428,45.260524],[-111.369421,45.260849],[-111.369415,45.260958]]}},{"id":"('way', 1461366075)","type":"Feature","properties":{"aerialway":null,"piste:type":"downhill","piste:difficulty":"easy","name":null,"base_elevation":762},"geometry":{"type":"LineString","coordinates":[[-111.369421,45.260849],[-111.369639,45.260849]]}},{"id":"('way', 1461366076)","type":"Feature","properties":{"aerialway":null,"piste:type":"downhill","piste:difficulty":"easy","name":"Take a Bough","base_elevation":765},"geometry":{"type":"LineString","coordinates":[[-111.369968,45.261],[-111.370048,45.260996],[-111.370077,45.260976],[-111.370087,45.260951],[-111.370077,45.260933],[-111.37005,45.260921],[-111.369923,45.260904]]}},{"id":"('way', 1461366077)","type":"Feature","properties":{"aerialway":null,"piste:type":"downhill","piste:difficulty":"easy","name":null,"base_elevation":763},"geometry":{"type":"LineString","coordinates":[[-111.369443,45.260386],[-111.369585,45.260356]]}},{"id":"('way', 1461366078)","type":"Feature","properties":{"aerialway":null,"piste:type":"downhill","piste:difficulty":"easy","name":null,"base_elevation":791},"geometry":{"type":"LineString","coordinates":[[-111.373084,45.260874],[-111.37299,45.260658],[-111.372963,45.260532],[-111.372968,45.260318],[-111.372948,45.260228]]}},{"id":"('way', 1461366079)","type":"Feature","properties":{"aerialway":null,"piste:type":"downhill","piste:difficulty":"easy","name":null,"base_elevation":776},"geometry":{"type":"LineString","coordinates":[[-111.372242,45.259962],[-111.371985,45.260096],[-111.371767,45.260247],[-111.371498,45.260453],[-111.371346,45.260555],[-111.371176,45.260645],[-111.370759,45.26087]]}},{"id":"('way', 1461366082)","type":"Feature","properties":{"aerialway":null,"piste:type":"downhill","piste:difficulty":"easy","name":null,"base_elevation":903},"geometry":{"type":"LineString","coordinates":[[-111.384675,45.257762],[-111.384383,45.256715],[-111.384378,45.256611],[-111.38442,45.256509],[-111.384596,45.256281],[-111.384673,45.25614],[-111.384716,45.25598],[-111.384719,45.255713]]}},{"id":"('way', 1461366083)","type":"Feature","properties":{"aerialway":null,"piste:type":"downhill","piste:difficulty":"advanced","name":null,"base_elevation":1178},"geometry":{"type":"LineString","coordinates":[[-111.457549,45.266143],[-111.457656,45.26551],[-111.457645,45.265133],[-111.4574,45.264669],[-111.456863,45.264158],[-111.455874,45.263409]]}},{"id":"('way', 1461366084)","type":"Feature","properties":{"aerialway":null,"piste:type":"downhill","piste:difficulty":"advanced","name":null,"base_elevation":1221},"geometry":{"type":"LineString","coordinates":[[-111.45887,45.265653],[-111.458517,45.264716],[-111.458236,45.264258]]}},{"id":"('way', 1461366086)","type":"Feature","properties":{"aerialway":null,"piste:type":"downhill","piste:difficulty":"intermediate","name":null,"base_elevation":1042},"geometry":{"type":"LineString","coordinates":[[-111.42038,45.269747],[-111.419312,45.26983],[-111.418333,45.269965],[-111.418109,45.270028]]}},{"id":"('way', 1461366087)","type":"Feature","properties":{"aerialway":null,"piste:type":"downhill","piste:difficulty":"intermediate","name":"Chuckles","base_elevation":807},"geometry":{"type":"LineString","coordinates":[[-111.380915,45.261544],[-111.380621,45.261592],[-111.380286,45.261714],[-111.379932,45.261886],[-111.379752,45.261959],[-111.37952,45.261995],[-111.379127,45.262036],[-111.378593,45.262172],[-111.378342,45.262203],[-111.377936,45.262258],[-111.377737,45.262308],[-111.377569,45.262371],[-111.377454,45.262503],[-111.377363,45.262743],[-111.377222,45.26287],[-111.377009,45.262933],[-111.376758,45.262969],[-111.376565,45.263028],[-111.376366,45.263142],[-111.375928,45.263481]]}},{"id":"('way', 1461366088)","type":"Feature","properties":{"aerialway":null,"piste:type":"downhill","piste:difficulty":"easy","name":null,"base_elevation":961},"geometry":{"type":"LineString","coordinates":[[-111.385729,45.260864],[-111.385864,45.260874],[-111.38588,45.260886],[-111.38588,45.260916],[-111.385862,45.260963]]}},{"id":"('way', 1461366089)","type":"Feature","properties":{"aerialway":null,"piste:type":"downhill","piste:difficulty":"easy","name":null,"base_elevation":961},"geometry":{"type":"LineString","coordinates":[[-111.385761,45.261064],[-111.385829,45.26104]]}},{"id":"('way', 1461366090)","type":"Feature","properties":{"aerialway":null,"piste:type":"downhill","piste:difficulty":"easy","name":null,"base_elevation":961},"geometry":{"type":"LineString","coordinates":[[-111.385829,45.26104],[-111.385845,45.261001],[-111.385862,45.260963]]}},{"id":"('way', 1461366091)","type":"Feature","properties":{"aerialway":null,"piste:type":"downhill","piste:difficulty":"intermediate","name":"Robbie's Runout","base_elevation":950},"geometry":{"type":"LineString","coordinates":[[-111.385529,45.260964],[-111.385427,45.260987],[-111.385355,45.261031],[-111.385319,45.261079],[-111.385311,45.261145],[-111.385304,45.261206],[-111.385299,45.261246],[-111.385265,45.261321],[-111.3852,45.261417]]}},{"id":"('way', 1461366092)","type":"Feature","properties":{"aerialway":null,"piste:type":"downhill","piste:difficulty":"easy","name":null,"base_elevation":819},"geometry":{"type":"LineString","coordinates":[[-111.378814,45.26463],[-111.3787,45.264518],[-111.378535,45.264419],[-111.37815,45.264302],[-111.377859,45.264285],[-111.377375,45.264265],[-111.377161,45.264266],[-111.376846,45.264358]]}},{"id":"('way', 1461366093)","type":"Feature","properties":{"aerialway":null,"piste:type":"downhill","piste:difficulty":"intermediate","name":null,"base_elevation":839},"geometry":{"type":"LineString","coordinates":[[-111.380452,45.26366],[-111.379767,45.264196],[-111.37956,45.264406],[-111.379449,45.264468],[-111.379111,45.264536],[-111.378814,45.26463]]}},{"id":"('way', 1461366094)","type":"Feature","properties":{"aerialway":null,"piste:type":"downhill","piste:difficulty":"easy","name":null,"base_elevation":763},"geometry":{"type":"LineString","coordinates":[[-111.370074,45.260753],[-111.369719,45.260565],[-111.369591,45.260528],[-111.369428,45.260524]]}},{"id":"('way', 1461424415)","type":"Feature","properties":{"aerialway":null,"piste:type":"downhill","piste:difficulty":"intermediate","name":"Highway 102","base_elevation":1163},"geometry":{"type":"LineString","coordinates":[[-111.411304,45.2623],[-111.411313,45.262434],[-111.411376,45.262565],[-111.41146,45.262832],[-111.411576,45.263047],[-111.411715,45.263194]]}},{"id":"('way', 1461424416)","type":"Feature","properties":{"aerialway":null,"piste:type":"downhill","piste:difficulty":"intermediate","name":"Meadowlark","base_elevation":1043},"geometry":{"type":"LineString","coordinates":[[-111.415086,45.264274],[-111.415237,45.264267],[-111.415384,45.264248],[-111.415763,45.26413],[-111.415901,45.264105],[-111.415992,45.264121],[-111.416067,45.264161],[-111.416101,45.264229],[-111.41608,45.26431],[-111.415998,45.264436],[-111.415813,45.264651],[-111.415717,45.264834],[-111.415627,45.265163],[-111.415616,45.265339],[-111.415564,45.265626],[-111.415502,45.265789],[-111.415393,45.266023],[-111.415283,45.266203],[-111.415215,45.266317],[-111.41521,45.26641],[-111.415251,45.26645],[-111.415344,45.266485],[-111.415473,45.266499],[-111.415597,45.266497],[-111.415811,45.266451],[-111.416042,45.266417],[-111.41642,45.266329],[-111.416907,45.266183],[-111.417193,45.266115],[-111.41742,45.266095],[-111.417791,45.266112],[-111.418029,45.266112],[-111.41829,45.26609],[-111.418446,45.266058],[-111.41851,45.266055],[-111.418635,45.266073],[-111.418729,45.266109],[-111.41877,45.266144],[-111.418802,45.266218],[-111.4188,45.266364],[-111.418743,45.266705],[-111.418716,45.266872],[-111.418709,45.266935],[-111.41877,45.267144],[-111.418755,45.267265],[-111.418718,45.267334],[-111.418621,45.267426],[-111.418412,45.267605],[-111.418254,45.267763],[-111.418194,45.267849],[-111.418184,45.267925],[-111.418236,45.26813],[-111.418286,45.268101]]}},{"id":"('way', 1461424417)","type":"Feature","properties":{"aerialway":null,"piste:type":"downhill","piste:difficulty":"intermediate","name":null,"base_elevation":1042},"geometry":{"type":"LineString","coordinates":[[-111.418236,45.26813],[-111.41824,45.268366]]}},{"id":"('way', 1461424418)","type":"Feature","properties":{"aerialway":"platter","piste:type":null,"piste:difficulty":null,"name":"Andesite Point","base_elevation":1153},"geometry":{"type":"LineString","coordinates":[[-111.416081,45.25754],[-111.415808,45.25651]]}},{"id":"('way', 1461424419)","type":"Feature","properties":{"aerialway":null,"piste:type":"downhill","piste:difficulty":"intermediate","name":"Goldfinch","base_elevation":1042},"geometry":{"type":"LineString","coordinates":[[-111.422208,45.265779],[-111.422176,45.265756],[-111.422119,45.265742],[-111.422038,45.265766],[-111.421934,45.265865],[-111.421708,45.266012],[-111.421636,45.266049],[-111.421567,45.26605],[-111.421493,45.26603],[-111.421413,45.265992],[-111.421367,45.265947],[-111.421339,45.265876],[-111.42117,45.265476],[-111.421025,45.265243],[-111.420994,45.265133],[-111.420996,45.265054],[-111.420975,45.265027],[-111.420908,45.265002],[-111.420827,45.264994],[-111.420654,45.265012],[-111.420385,45.265068],[-111.420028,45.265205],[-111.419695,45.265341],[-111.419538,45.265414],[-111.419483,45.265478],[-111.419455,45.265649],[-111.419452,45.265848],[-111.419436,45.26597],[-111.419331,45.266196],[-111.419219,45.266444],[-111.419119,45.266767],[-111.419064,45.267037],[-111.418936,45.267606],[-111.418836,45.267864],[-111.418693,45.268093],[-111.418593,45.26817],[-111.41839,45.268286],[-111.418279,45.26834]]}},{"id":"('way', 1461424420)","type":"Feature","properties":{"aerialway":null,"piste:type":"downhill","piste:difficulty":"easy","name":null,"base_elevation":1219},"geometry":{"type":"LineString","coordinates":[[-111.412398,45.260994],[-111.41257,45.260974],[-111.412783,45.260948]]}},{"id":"('way', 1461424421)","type":"Feature","properties":{"aerialway":null,"piste:type":"downhill","piste:difficulty":"easy","name":null,"base_elevation":1153},"geometry":{"type":"LineString","coordinates":[[-111.416026,45.257632],[-111.416086,45.25764]]}},{"id":"('way', 1461424422)","type":"Feature","properties":{"aerialway":null,"piste:type":"downhill","piste:difficulty":"easy","name":null,"base_elevation":1149},"geometry":{"type":"LineString","coordinates":[[-111.416086,45.25764],[-111.41599,45.257821],[-111.415803,45.258236],[-111.415631,45.258652],[-111.415556,45.258853],[-111.41534,45.259353],[-111.415337,45.259428],[-111.415375,45.259503],[-111.415463,45.259535],[-111.415558,45.259544],[-111.415793,45.259521]]}},{"id":"('way', 1461424423)","type":"Feature","properties":{"aerialway":null,"piste:type":"downhill","piste:difficulty":"easy","name":null,"base_elevation":1172},"geometry":{"type":"LineString","coordinates":[[-111.415028,45.259906],[-111.415218,45.259511]]}},{"id":"('way', 1461424424)","type":"Feature","properties":{"aerialway":null,"piste:type":"downhill","piste:difficulty":"easy","name":null,"base_elevation":1153},"geometry":{"type":"LineString","coordinates":[[-111.415808,45.25651],[-111.415848,45.256506],[-111.41611,45.257391],[-111.416123,45.257491],[-111.416115,45.257542]]}},{"id":"('way', 1461424425)","type":"Feature","properties":{"aerialway":null,"piste:type":"downhill","piste:difficulty":"easy","name":null,"base_elevation":1153},"geometry":{"type":"LineString","coordinates":[[-111.416115,45.257542],[-111.416111,45.257568],[-111.416086,45.25764]]}},{"id":"('way', 1461424426)","type":"Feature","properties":{"aerialway":null,"piste:type":"downhill","piste:difficulty":"easy","name":null,"base_elevation":1153},"geometry":{"type":"LineString","coordinates":[[-111.416115,45.257542],[-111.416081,45.25754]]}},{"id":"('way', 1461424427)","type":"Feature","properties":{"aerialway":null,"piste:type":"downhill","piste:difficulty":"easy","name":null,"base_elevation":1201},"geometry":{"type":"LineString","coordinates":[[-111.407213,45.260909],[-111.407321,45.260955],[-111.407435,45.26103],[-111.407534,45.261133],[-111.40755,45.26116],[-111.407539,45.261219]]}},{"id":"('way', 1461424428)","type":"Feature","properties":{"aerialway":null,"piste:type":"downhill","piste:difficulty":"easy","name":null,"base_elevation":1085},"geometry":{"type":"LineString","coordinates":[[-111.396301,45.261077],[-111.396491,45.261284]]}},{"id":"('way', 1461424429)","type":"Feature","properties":{"aerialway":null,"piste:type":"downhill","piste:difficulty":"easy","name":null,"base_elevation":1128},"geometry":{"type":"LineString","coordinates":[[-111.404883,45.260904],[-111.404675,45.261033],[-111.40449,45.261151],[-111.404336,45.261212],[-111.404169,45.261264],[-111.403939,45.261349],[-111.403759,45.261448],[-111.403493,45.261669],[-111.403378,45.261785],[-111.403271,45.261846],[-111.403146,45.261921],[-111.403079,45.261972],[-111.402932,45.262093],[-111.402809,45.262177],[-111.402624,45.262257],[-111.402336,45.262361],[-111.402029,45.262474],[-111.401623,45.262606],[-111.401353,45.262697],[-111.401081,45.26281],[-111.400769,45.262938],[-111.400494,45.263026],[-111.400214,45.263136],[-111.399895,45.263219],[-111.399364,45.263313],[-111.398898,45.263398],[-111.3987,45.263423],[-111.39844,45.263414]]}},{"id":"('way', 1461424430)","type":"Feature","properties":{"aerialway":null,"piste:type":"downhill","piste:difficulty":"easy","name":null,"base_elevation":829},"geometry":{"type":"LineString","coordinates":[[-111.404249,45.285205],[-111.403974,45.285154],[-111.403437,45.284976],[-111.403222,45.284858],[-111.402865,45.284654],[-111.402212,45.284192],[-111.402103,45.284085],[-111.401697,45.283719],[-111.401421,45.283359]]}},{"id":"('way', 1461424431)","type":"Feature","properties":{"aerialway":null,"piste:type":"downhill","piste:difficulty":null,"name":null,"base_elevation":1459},"geometry":{"type":"LineString","coordinates":[[-111.435445,45.284512],[-111.434593,45.28483]]}},{"id":"('way', 1461424432)","type":"Feature","properties":{"aerialway":null,"piste:type":"downhill","piste:difficulty":"advanced","name":null,"base_elevation":1450},"geometry":{"type":"LineString","coordinates":[[-111.435445,45.284512],[-111.436894,45.284457],[-111.437613,45.284429]]}},{"id":"('way', 1461424434)","type":"Feature","properties":{"aerialway":null,"piste:type":"downhill","piste:difficulty":"advanced","name":null,"base_elevation":1402},"geometry":{"type":"LineString","coordinates":[[-111.434593,45.28483],[-111.436967,45.284974],[-111.437639,45.285016]]}},{"id":"('way', 1461440208)","type":"Feature","properties":{"aerialway":null,"piste:type":"downhill","piste:difficulty":"expert","name":"Three Forks","base_elevation":1188},"geometry":{"type":"LineString","coordinates":[[-111.443616,45.286374],[-111.443533,45.286428],[-111.443518,45.286462],[-111.443529,45.286533],[-111.443529,45.286587],[-111.443508,45.286634],[-111.443441,45.286682],[-111.443283,45.286722],[-111.443187,45.286748],[-111.443028,45.28683],[-111.442876,45.28693],[-111.442737,45.287079],[-111.4424,45.287418],[-111.442163,45.287669],[-111.442008,45.287856],[-111.441781,45.288184],[-111.441627,45.288288],[-111.441337,45.28837],[-111.440908,45.288615],[-111.440753,45.28871]]}},{"id":"('way', 1461440209)","type":"Feature","properties":{"aerialway":null,"piste:type":"downhill","piste:difficulty":"expert","name":null,"base_elevation":1241},"geometry":{"type":"LineString","coordinates":[[-111.444602,45.288637],[-111.444004,45.288138],[-111.443745,45.287921],[-111.443172,45.287443],[-111.442737,45.287079],[-111.442362,45.286887],[-111.442043,45.286738],[-111.441558,45.28659],[-111.44126,45.286497],[-111.441089,45.28646],[-111.440832,45.28645],[-111.440385,45.286495],[-111.440039,45.286529],[-111.439647,45.286568],[-111.439487,45.286618],[-111.438721,45.287046],[-111.438497,45.287186],[-111.438205,45.2874]]}},{"id":"('way', 1461440210)","type":"Feature","properties":{"aerialway":null,"piste:type":"downhill","piste:difficulty":"intermediate","name":"Horseshoe","base_elevation":711},"geometry":{"type":"LineString","coordinates":[[-111.437072,45.312222],[-111.437039,45.312012]]}},{"id":"('way', 1461440211)","type":"Feature","properties":{"aerialway":null,"piste:type":"downhill","piste:difficulty":"easy","name":null,"base_elevation":708},"geometry":{"type":"LineString","coordinates":[[-111.436936,45.312373],[-111.437072,45.312222]]}},{"id":"('way', 1461440212)","type":"Feature","properties":{"aerialway":null,"piste:type":"downhill","piste:difficulty":"intermediate","name":null,"base_elevation":832},"geometry":{"type":"LineString","coordinates":[[-111.397781,45.280861],[-111.400202,45.282114],[-111.400583,45.282196],[-111.401012,45.282197],[-111.401455,45.282326],[-111.401702,45.282507]]}},{"id":"('way', 1461440213)","type":"Feature","properties":{"aerialway":null,"piste:type":"downhill","piste:difficulty":"easy","name":null,"base_elevation":1277},"geometry":{"type":"LineString","coordinates":[[-111.433218,45.277583],[-111.433358,45.278001],[-111.433618,45.278503],[-111.433653,45.27868],[-111.433633,45.278821]]}},{"id":"('way', 1461440214)","type":"Feature","properties":{"aerialway":null,"piste:type":"downhill","piste:difficulty":"expert","name":"Three Forks","base_elevation":1348},"geometry":{"type":"LineString","coordinates":[[-111.444634,45.284052],[-111.444623,45.284171],[-111.444609,45.284264],[-111.444566,45.284337],[-111.444451,45.28449],[-111.44421,45.284864],[-111.443933,45.285299],[-111.443619,45.285748],[-111.443344,45.286213],[-111.443079,45.286619],[-111.442959,45.286802],[-111.442876,45.28693]]}},{"id":"('way', 1461440215)","type":"Feature","properties":{"aerialway":null,"piste:type":"downhill","piste:difficulty":"easy","name":null,"base_elevation":1055},"geometry":{"type":"LineString","coordinates":[[-111.433877,45.294864],[-111.433108,45.295207],[-111.432701,45.295406],[-111.432457,45.295524]]}},{"id":"('way', 1461440216)","type":"Feature","properties":{"aerialway":null,"piste:type":"downhill","piste:difficulty":"easy","name":null,"base_elevation":1039},"geometry":{"type":"LineString","coordinates":[[-111.432456,45.29513],[-111.432701,45.295406],[-111.432877,45.29569],[-111.433081,45.296095]]}},{"id":"('way', 1461440217)","type":"Feature","properties":{"aerialway":null,"piste:type":"downhill","piste:difficulty":"easy","name":null,"base_elevation":1269},"geometry":{"type":"LineString","coordinates":[[-111.433106,45.277604],[-111.432784,45.277729],[-111.432631,45.277789],[-111.432429,45.277875],[-111.432301,45.277943],[-111.432258,45.27803],[-111.432275,45.278126]]}},{"id":"('way', 1461440218)","type":"Feature","properties":{"aerialway":null,"piste:type":"downhill","piste:difficulty":"expert","name":"Three Forks","base_elevation":1422},"geometry":{"type":"LineString","coordinates":[[-111.443933,45.285299],[-111.443956,45.28539],[-111.444062,45.2855],[-111.444537,45.285761],[-111.444594,45.285815],[-111.444594,45.285881],[-111.444521,45.28595],[-111.444329,45.286001],[-111.444111,45.2861],[-111.443831,45.286261],[-111.443616,45.286374]]}},{"id":"('way', 1461440219)","type":"Feature","properties":{"aerialway":null,"piste:type":"downhill","piste:difficulty":"advanced","name":"Whitetail","base_elevation":1196},"geometry":{"type":"LineString","coordinates":[[-111.443978,45.284009],[-111.44384,45.284329],[-111.443714,45.284642],[-111.443502,45.284912],[-111.443334,45.285178],[-111.44328,45.285316],[-111.443282,45.285397],[-111.443282,45.285437],[-111.443111,45.285648],[-111.443063,45.28577],[-111.443058,45.285831],[-111.443058,45.285905],[-111.443012,45.285975],[-111.442878,45.286104],[-111.442727,45.286234],[-111.442487,45.286401],[-111.442213,45.286566],[-111.442043,45.286738],[-111.441536,45.287254],[-111.44112,45.287624],[-111.440784,45.288244],[-111.440756,45.28859]]}},{"id":"('way', 1461440220)","type":"Feature","properties":{"aerialway":null,"piste:type":"downhill","piste:difficulty":"expert","name":"Three Forks","base_elevation":1422},"geometry":{"type":"LineString","coordinates":[[-111.44547,45.284288],[-111.445168,45.284451],[-111.445015,45.28454],[-111.444834,45.284694],[-111.444653,45.284934],[-111.444258,45.285352],[-111.444019,45.285629],[-111.443788,45.285838],[-111.443715,45.285925],[-111.4437,45.285978],[-111.443708,45.28618],[-111.44369,45.286268],[-111.443663,45.286326],[-111.443616,45.286374]]}},{"id":"('way', 1461440221)","type":"Feature","properties":{"aerialway":null,"piste:type":"downhill","piste:difficulty":"advanced","name":"Class 4","base_elevation":1453},"geometry":{"type":"LineString","coordinates":[[-111.442735,45.285147],[-111.44277,45.285242],[-111.44287,45.28532],[-111.443041,45.28537],[-111.443136,45.285368],[-111.443214,45.285363],[-111.443257,45.285371],[-111.443282,45.285397]]}},{"id":"('way', 1461440223)","type":"Feature","properties":{"aerialway":null,"piste:type":"downhill","piste:difficulty":"intermediate","name":"Fast Lane","base_elevation":1171},"geometry":{"type":"LineString","coordinates":[[-111.430437,45.290167],[-111.430345,45.290136],[-111.430269,45.290109],[-111.430148,45.290088],[-111.429881,45.29007]]}},{"id":"('way', 1461440224)","type":"Feature","properties":{"aerialway":null,"piste:type":"downhill","piste:difficulty":"advanced","name":null,"base_elevation":1298},"geometry":{"type":"LineString","coordinates":[[-111.43911,45.276458],[-111.43858,45.276977],[-111.438123,45.277292],[-111.437625,45.277612],[-111.436919,45.277994],[-111.435295,45.278653]]}},{"id":"('way', 1461440226)","type":"Feature","properties":{"aerialway":null,"piste:type":"downhill","piste:difficulty":"intermediate","name":null,"base_elevation":1015},"geometry":{"type":"LineString","coordinates":[[-111.425397,45.287166],[-111.424751,45.287429],[-111.42365,45.287889],[-111.423029,45.288142],[-111.422611,45.288329],[-111.422266,45.288368],[-111.421939,45.288326]]}},{"id":"('way', 1461440227)","type":"Feature","properties":{"aerialway":null,"piste:type":"downhill","piste:difficulty":"advanced","name":"Class 4","base_elevation":1366},"geometry":{"type":"LineString","coordinates":[[-111.442683,45.285506],[-111.442632,45.285604],[-111.442436,45.285806],[-111.442329,45.285963],[-111.442315,45.286048],[-111.442356,45.286099],[-111.442458,45.286148],[-111.442578,45.286157],[-111.442661,45.28618],[-111.442727,45.286234]]}},{"id":"('way', 1461440229)","type":"Feature","properties":{"aerialway":null,"piste:type":"downhill","piste:difficulty":"intermediate","name":null,"base_elevation":1085},"geometry":{"type":"LineString","coordinates":[[-111.439508,45.290745],[-111.439033,45.290899],[-111.438895,45.290952],[-111.438737,45.291069],[-111.438563,45.291274],[-111.438431,45.291536],[-111.438349,45.291686],[-111.438165,45.291934],[-111.438022,45.29217],[-111.437939,45.292544],[-111.437831,45.292676],[-111.43755,45.292895],[-111.437288,45.293045],[-111.437079,45.293107],[-111.436787,45.293238],[-111.436606,45.29333],[-111.436426,45.293413],[-111.436265,45.293459],[-111.436155,45.293467],[-111.435586,45.293496],[-111.435339,45.293556],[-111.435205,45.29361],[-111.435092,45.293709],[-111.435082,45.293717],[-111.434839,45.293921],[-111.43468,45.294013],[-111.434574,45.294052],[-111.434238,45.294144]]}},{"id":"('way', 1461440230)","type":"Feature","properties":{"aerialway":null,"piste:type":"downhill","piste:difficulty":"expert","name":"Firehole","base_elevation":1236},"geometry":{"type":"LineString","coordinates":[[-111.438912,45.283464],[-111.438949,45.283512],[-111.438938,45.283576],[-111.438869,45.283644],[-111.438686,45.283735],[-111.438574,45.283836],[-111.438493,45.283957],[-111.438466,45.28415],[-111.438514,45.284735],[-111.438472,45.285063],[-111.438498,45.285327],[-111.438611,45.285731],[-111.438616,45.285894],[-111.43859,45.286124],[-111.438595,45.286305],[-111.43867,45.286569],[-111.43874,45.286818],[-111.438721,45.287046],[-111.438614,45.287348]]}},{"id":"('way', 1461440231)","type":"Feature","properties":{"aerialway":null,"piste:type":"downhill","piste:difficulty":"expert","name":"Hellroaring","base_elevation":1244},"geometry":{"type":"LineString","coordinates":[[-111.44002,45.283505],[-111.439942,45.283723],[-111.439861,45.283882],[-111.439797,45.28398],[-111.439571,45.284123],[-111.439351,45.284331],[-111.439244,45.284486],[-111.439142,45.28478],[-111.439148,45.285029],[-111.439164,45.285301],[-111.439174,45.285497],[-111.439126,45.285731],[-111.438721,45.287046]]}},{"id":"('way', 1461440233)","type":"Feature","properties":{"aerialway":null,"piste:type":"downhill","piste:difficulty":"expert","name":null,"base_elevation":1314},"geometry":{"type":"LineString","coordinates":[[-111.44547,45.284288],[-111.445409,45.285086],[-111.445325,45.285416],[-111.44518,45.285623],[-111.44496,45.285788],[-111.444876,45.285925],[-111.444876,45.286122],[-111.444831,45.286269],[-111.444721,45.286388],[-111.444561,45.286437],[-111.444372,45.286532],[-111.444242,45.28662],[-111.444108,45.286771],[-111.44391,45.287025],[-111.44379,45.287059],[-111.443493,45.287081],[-111.44314,45.287083],[-111.442737,45.287079]]}},{"id":"('way', 1461441072)","type":"Feature","properties":{"aerialway":null,"piste:type":"downhill","piste:difficulty":"advanced","name":"Hells Half Face","base_elevation":1231},"geometry":{"type":"LineString","coordinates":[[-111.439571,45.284123],[-111.439675,45.284491],[-111.439686,45.285016],[-111.439675,45.285484],[-111.439675,45.285839],[-111.439616,45.286182],[-111.439487,45.286618],[-111.439342,45.28747]]}},{"id":"('way', 1461441073)","type":"Feature","properties":{"aerialway":null,"piste:type":"downhill","piste:difficulty":"advanced","name":"Class 4","base_elevation":1424},"geometry":{"type":"LineString","coordinates":[[-111.443094,45.283823],[-111.443415,45.28397],[-111.443455,45.284012],[-111.443461,45.284087],[-111.443432,45.284185],[-111.443347,45.284358],[-111.443201,45.284539],[-111.443007,45.284762],[-111.442907,45.284886],[-111.442873,45.285037],[-111.442735,45.285147],[-111.442636,45.285228],[-111.442564,45.285306],[-111.442559,45.285364],[-111.442584,45.285421],[-111.442653,45.285471],[-111.442683,45.285506],[-111.44271,45.285537],[-111.442713,45.285607],[-111.442718,45.285654],[-111.442753,45.285676],[-111.44297,45.285744],[-111.443063,45.28577]]}},{"id":"('way', 1461636914)","type":"Feature","properties":{"aerialway":null,"piste:type":"downhill","piste:difficulty":"easy","name":"Dodgeball","base_elevation":819},"geometry":{"type":"LineString","coordinates":[[-111.421598,45.308535],[-111.421477,45.308529],[-111.42145,45.308538],[-111.421436,45.308554],[-111.42144,45.308591],[-111.421484,45.308636],[-111.421545,45.30865],[-111.421789,45.308661],[-111.422152,45.308687],[-111.422387,45.308738],[-111.422881,45.308957],[-111.423513,45.309208],[-111.423855,45.309365],[-111.424533,45.309764],[-111.424825,45.30999]]}},{"id":"('way', 1461636915)","type":"Feature","properties":{"aerialway":null,"piste:type":"downhill","piste:difficulty":"easy","name":"Dodgeball","base_elevation":818},"geometry":{"type":"LineString","coordinates":[[-111.424825,45.30999],[-111.425228,45.31041]]}},{"id":"('way', 1461636916)","type":"Feature","properties":{"aerialway":null,"piste:type":"downhill","piste:difficulty":"easy","name":"Dodgeball","base_elevation":762},"geometry":{"type":"LineString","coordinates":[[-111.425228,45.31041],[-111.425294,45.310479],[-111.425392,45.310605],[-111.425507,45.310806],[-111.425656,45.311069],[-111.425802,45.31119],[-111.42604,45.311301],[-111.42631,45.311418],[-111.426578,45.311512],[-111.427011,45.31171],[-111.427181,45.311752],[-111.427395,45.31175],[-111.427671,45.311716],[-111.42787,45.311683],[-111.428116,45.311695],[-111.428316,45.311768],[-111.428483,45.311864],[-111.428601,45.312025],[-111.428659,45.312139],[-111.428723,45.312377],[-111.428827,45.312638],[-111.429115,45.313032],[-111.429308,45.313174],[-111.429805,45.313361],[-111.430047,45.313433]]}},{"id":"('way', 1461636917)","type":"Feature","properties":{"aerialway":null,"piste:type":"downhill","piste:difficulty":"easy","name":"Dodgeball","base_elevation":756},"geometry":{"type":"LineString","coordinates":[[-111.430047,45.313433],[-111.431052,45.313735]]}},{"id":"('way', 1461636918)","type":"Feature","properties":{"aerialway":null,"piste:type":"downhill","piste:difficulty":"easy","name":null,"base_elevation":783},"geometry":{"type":"LineString","coordinates":[[-111.431318,45.310077],[-111.431834,45.309828],[-111.432069,45.309711]]}},{"id":"('way', 1461636919)","type":"Feature","properties":{"aerialway":null,"piste:type":"downhill","piste:difficulty":"easy","name":null,"base_elevation":783},"geometry":{"type":"LineString","coordinates":[[-111.431398,45.309775],[-111.431834,45.309828]]}},{"id":"('way', 1461636920)","type":"Feature","properties":{"aerialway":null,"piste:type":"downhill","piste:difficulty":"easy","name":null,"base_elevation":991},"geometry":{"type":"LineString","coordinates":[[-111.399283,45.302487],[-111.399243,45.302527],[-111.399203,45.302553],[-111.399171,45.302554],[-111.399131,45.302543],[-111.398973,45.302409]]}},{"id":"('way', 1461636921)","type":"Feature","properties":{"aerialway":null,"piste:type":"downhill","piste:difficulty":"easy","name":"Middle River","base_elevation":848},"geometry":{"type":"LineString","coordinates":[[-111.405094,45.295746],[-111.405227,45.295482],[-111.405427,45.295127],[-111.405658,45.294602],[-111.405698,45.294489],[-111.405692,45.294399]]}},{"id":"('way', 1461636922)","type":"Feature","properties":{"aerialway":null,"piste:type":"downhill","piste:difficulty":"easy","name":"Middle River","base_elevation":864},"geometry":{"type":"LineString","coordinates":[[-111.405026,45.296026],[-111.405094,45.295746]]}},{"id":"('way', 1461636923)","type":"Feature","properties":{"aerialway":null,"piste:type":"downhill","piste:difficulty":"easy","name":null,"base_elevation":848},"geometry":{"type":"LineString","coordinates":[[-111.405868,45.294452],[-111.405698,45.294489],[-111.405541,45.294571],[-111.405429,45.294683]]}},{"id":"('way', 1461636924)","type":"Feature","properties":{"aerialway":null,"piste:type":"downhill","piste:difficulty":"intermediate","name":null,"base_elevation":1114},"geometry":{"type":"LineString","coordinates":[[-111.440962,45.291437],[-111.440601,45.291608],[-111.440115,45.291754],[-111.439836,45.291848],[-111.43968,45.291952],[-111.439542,45.292075]]}},{"id":"('way', 1461636925)","type":"Feature","properties":{"aerialway":null,"piste:type":"downhill","piste:difficulty":"advanced","name":"Elkhorn","base_elevation":1000},"geometry":{"type":"LineString","coordinates":[[-111.433066,45.296281],[-111.433195,45.296539],[-111.433393,45.29679],[-111.433465,45.296973],[-111.433439,45.297182],[-111.433337,45.297397],[-111.433133,45.297659],[-111.432864,45.297854]]}},{"id":"('way', 1461636926)","type":"Feature","properties":{"aerialway":null,"piste:type":"downhill","piste:difficulty":"easy","name":null,"base_elevation":867},"geometry":{"type":"LineString","coordinates":[[-111.381546,45.265001],[-111.381443,45.264962],[-111.38134,45.264903],[-111.381292,45.264811],[-111.381275,45.264719]]}},{"id":"('way', 1461636927)","type":"Feature","properties":{"aerialway":null,"piste:type":"downhill","piste:difficulty":"easy","name":null,"base_elevation":860},"geometry":{"type":"LineString","coordinates":[[-111.381239,45.264374],[-111.381275,45.264719]]}},{"id":"('way', 1461636928)","type":"Feature","properties":{"aerialway":null,"piste:type":"downhill","piste:difficulty":"easy","name":null,"base_elevation":859},"geometry":{"type":"LineString","coordinates":[[-111.381228,45.264274],[-111.381239,45.264374]]}},{"id":"('way', 1461636935)","type":"Feature","properties":{"aerialway":null,"piste:type":"downhill","piste:difficulty":"easy","name":"Papa Bear","base_elevation":812},"geometry":{"type":"LineString","coordinates":[[-111.377461,45.256004],[-111.377062,45.256459],[-111.377021,45.256577],[-111.37701,45.257109],[-111.376964,45.257211],[-111.376871,45.25732]]}},{"id":"('way', 1461636936)","type":"Feature","properties":{"aerialway":null,"piste:type":"downhill","piste:difficulty":"easy","name":"Papa Bear","base_elevation":824},"geometry":{"type":"LineString","coordinates":[[-111.377707,45.255809],[-111.377461,45.256004]]}},{"id":"('way', 1461636937)","type":"Feature","properties":{"aerialway":null,"piste:type":"downhill","piste:difficulty":"easy","name":"Outlook Way","base_elevation":754},"geometry":{"type":"LineString","coordinates":[[-111.369415,45.260958],[-111.369212,45.260985],[-111.369045,45.260992],[-111.36891,45.260999],[-111.368755,45.260993],[-111.368662,45.261004],[-111.368332,45.261145]]}},{"id":"('way', 1461636938)","type":"Feature","properties":{"aerialway":null,"piste:type":"downhill","piste:difficulty":"easy","name":"Outlook Way","base_elevation":754},"geometry":{"type":"LineString","coordinates":[[-111.368332,45.261145],[-111.368212,45.261223]]}},{"id":"('way', 1461636939)","type":"Feature","properties":{"aerialway":null,"piste:type":"downhill","piste:difficulty":"easy","name":"Woodlands Return","base_elevation":804},"geometry":{"type":"LineString","coordinates":[[-111.375928,45.263481],[-111.375504,45.263557]]}},{"id":"('way', 1461636940)","type":"Feature","properties":{"aerialway":null,"piste:type":"downhill","piste:difficulty":"easy","name":"Woodlands Return","base_elevation":804},"geometry":{"type":"LineString","coordinates":[[-111.375504,45.263557],[-111.375344,45.263561]]}},{"id":"('way', 1461636941)","type":"Feature","properties":{"aerialway":null,"piste:type":"downhill","piste:difficulty":"advanced","name":null,"base_elevation":839},"geometry":{"type":"LineString","coordinates":[[-111.377084,45.270643],[-111.377443,45.270128],[-111.377585,45.269852],[-111.377721,45.269566],[-111.378507,45.266812],[-111.378732,45.265819],[-111.378579,45.26501]]}},{"id":"('way', 1461636942)","type":"Feature","properties":{"aerialway":null,"piste:type":"downhill","piste:difficulty":"advanced","name":"South Glades","base_elevation":942},"geometry":{"type":"LineString","coordinates":[[-111.377022,45.270636],[-111.377084,45.270643],[-111.377301,45.27065],[-111.378104,45.270577],[-111.379081,45.270441],[-111.379898,45.270288]]}},{"id":"('way', 1461636943)","type":"Feature","properties":{"aerialway":null,"piste:type":"downhill","piste:difficulty":"easy","name":null,"base_elevation":1168},"geometry":{"type":"LineString","coordinates":[[-111.394495,45.272808],[-111.394704,45.272739],[-111.395176,45.27261],[-111.395336,45.272541],[-111.395591,45.272374]]}},{"id":"('way', 1461636945)","type":"Feature","properties":{"aerialway":null,"piste:type":"downhill","piste:difficulty":"easy","name":"Deep South","base_elevation":1180},"geometry":{"type":"LineString","coordinates":[[-111.398732,45.270567],[-111.398815,45.27059]]}},{"id":"('way', 1461961700)","type":"Feature","properties":{"aerialway":null,"piste:type":"downhill","piste:difficulty":"easy","name":null,"base_elevation":1334},"geometry":{"type":"LineString","coordinates":[[-111.431925,45.275222],[-111.432036,45.275399],[-111.432084,45.275474]]}},{"id":"('way', 1461961708)","type":"Feature","properties":{"aerialway":null,"piste:type":"downhill","piste:difficulty":"easy","name":"Wolf","base_elevation":917},"geometry":{"type":"LineString","coordinates":[[-111.384903,45.258712],[-111.38477,45.258154],[-111.384675,45.257762],[-111.384569,45.257687],[-111.384434,45.257677],[-111.384333,45.257733],[-111.384168,45.257952],[-111.384036,45.258153],[-111.38398,45.258301],[-111.383822,45.258931],[-111.383748,45.259052]]}},{"id":"('way', 1461961709)","type":"Feature","properties":{"aerialway":null,"piste:type":"downhill","piste:difficulty":"easy","name":null,"base_elevation":909},"geometry":{"type":"LineString","coordinates":[[-111.384417,45.254116],[-111.38442,45.254075],[-111.384408,45.25403]]}},{"id":"('way', 1461961711)","type":"Feature","properties":{"aerialway":null,"piste:type":"downhill","piste:difficulty":"easy","name":null,"base_elevation":839},"geometry":{"type":"LineString","coordinates":[[-111.408312,45.286767],[-111.408043,45.287141],[-111.407979,45.287201],[-111.407575,45.287335],[-111.40729,45.287423],[-111.407109,45.287464],[-111.406871,45.287488],[-111.406808,45.287498],[-111.406749,45.287522],[-111.406427,45.287707],[-111.406361,45.287769],[-111.406302,45.287838],[-111.406265,45.287914],[-111.406219,45.287996],[-111.406175,45.288039],[-111.406099,45.288074],[-111.405905,45.288167],[-111.405844,45.288238],[-111.405798,45.28832],[-111.405754,45.288416],[-111.405704,45.288617],[-111.40565,45.288683],[-111.405537,45.288733],[-111.405298,45.288803],[-111.40486,45.288895],[-111.404376,45.288974],[-111.403593,45.289108]]}},{"id":"('way', 1461961712)","type":"Feature","properties":{"aerialway":null,"piste:type":"downhill","piste:difficulty":"easy","name":"White Otter","base_elevation":860},"geometry":{"type":"LineString","coordinates":[[-111.407006,45.289449],[-111.406865,45.289452],[-111.406569,45.289417],[-111.40641,45.289402],[-111.406201,45.289407],[-111.406037,45.289402],[-111.405929,45.289406],[-111.405859,45.289425],[-111.405794,45.289455],[-111.405777,45.289491],[-111.405725,45.289645],[-111.405645,45.29013]]}},{"id":"('way', 1461961713)","type":"Feature","properties":{"aerialway":null,"piste:type":"downhill","piste:difficulty":"easy","name":"Rising Bull Access","base_elevation":890},"geometry":{"type":"LineString","coordinates":[[-111.416491,45.294425],[-111.414386,45.294307],[-111.414228,45.294353],[-111.414093,45.294421],[-111.414036,45.294483],[-111.414036,45.294651],[-111.413962,45.294839],[-111.41383,45.295014],[-111.413666,45.295144],[-111.413501,45.295197],[-111.412548,45.295369]]}},{"id":"('way', 1461961719)","type":"Feature","properties":{"aerialway":null,"piste:type":"downhill","piste:difficulty":"easy","name":null,"base_elevation":1280},"geometry":{"type":"LineString","coordinates":[[-111.433324,45.277121],[-111.433871,45.27734],[-111.434103,45.27754],[-111.434237,45.277751],[-111.434247,45.277924],[-111.4341,45.278196],[-111.433961,45.278464]]}},{"id":"('way', 1461961720)","type":"Feature","properties":{"aerialway":null,"piste:type":"downhill","piste:difficulty":"extreme","name":"Rips","base_elevation":1492},"geometry":{"type":"LineString","coordinates":[[-111.452375,45.28134],[-111.452408,45.281456],[-111.452442,45.281557],[-111.452379,45.281661],[-111.452295,45.28176],[-111.452063,45.281859],[-111.451979,45.281898],[-111.45198,45.281949],[-111.452035,45.281983],[-111.452137,45.282015],[-111.452593,45.282065],[-111.452943,45.282065],[-111.453011,45.282086],[-111.453017,45.282132],[-111.45295,45.282271],[-111.452918,45.282371],[-111.452909,45.282482],[-111.453083,45.282699],[-111.453136,45.282857],[-111.453157,45.282999],[-111.453046,45.283123],[-111.45293,45.283115],[-111.452601,45.283172],[-111.452251,45.283229],[-111.451884,45.283298],[-111.451659,45.283382]]}},{"id":"('way', 1461961721)","type":"Feature","properties":{"aerialway":null,"piste:type":"downhill","piste:difficulty":"extreme","name":"Rips","base_elevation":1402},"geometry":{"type":"LineString","coordinates":[[-111.453046,45.283123],[-111.452744,45.284937]]}},{"id":"('way', 1461982312)","type":"Feature","properties":{"aerialway":null,"piste:type":"downhill","piste:difficulty":"intermediate","name":null,"base_elevation":1173},"geometry":{"type":"LineString","coordinates":[[-111.395196,45.271746],[-111.395052,45.271801],[-111.394995,45.271829],[-111.394943,45.271902],[-111.394909,45.271968],[-111.394846,45.272086],[-111.394783,45.272171],[-111.394708,45.272287],[-111.39467,45.272357]]}},{"id":"('way', 1461982313)","type":"Feature","properties":{"aerialway":null,"piste:type":"downhill","piste:difficulty":"easy","name":null,"base_elevation":1168},"geometry":{"type":"LineString","coordinates":[[-111.394995,45.271829],[-111.395028,45.271955],[-111.395132,45.272095],[-111.395303,45.272227],[-111.395591,45.272374]]}},{"id":"('way', 1461982314)","type":"Feature","properties":{"aerialway":null,"piste:type":"downhill","piste:difficulty":"easy","name":null,"base_elevation":1176},"geometry":{"type":"LineString","coordinates":[[-111.394704,45.272739],[-111.39467,45.272357]]}},{"id":"('way', 1461982315)","type":"Feature","properties":{"aerialway":null,"piste:type":"downhill","piste:difficulty":"easy","name":null,"base_elevation":844},"geometry":{"type":"LineString","coordinates":[[-111.407877,45.285222],[-111.406923,45.285136],[-111.406547,45.285086],[-111.406204,45.284999],[-111.405843,45.284878],[-111.405317,45.284653],[-111.404952,45.284544],[-111.404551,45.284509],[-111.403635,45.284655],[-111.403332,45.284699],[-111.403259,45.284697],[-111.403088,45.284682],[-111.402865,45.284654]]}},{"id":"('way', 1461982316)","type":"Feature","properties":{"aerialway":null,"piste:type":"downhill","piste:difficulty":"easy","name":null,"base_elevation":829},"geometry":{"type":"LineString","coordinates":[[-111.401192,45.282929],[-111.401421,45.283359],[-111.40165,45.283327],[-111.402029,45.283226]]}},{"id":"('way', 1461982318)","type":"Feature","properties":{"aerialway":null,"piste:type":"downhill","piste:difficulty":"easy","name":null,"base_elevation":1060},"geometry":{"type":"LineString","coordinates":[[-111.424648,45.282961],[-111.424539,45.282926],[-111.424259,45.28285],[-111.424091,45.282811],[-111.423941,45.282796],[-111.42372,45.282788],[-111.423352,45.282796],[-111.422655,45.282812],[-111.422284,45.282812],[-111.42019,45.282926]]}},{"id":"('way', 1461982319)","type":"Feature","properties":{"aerialway":null,"piste:type":"downhill","piste:difficulty":"advanced","name":null,"base_elevation":1470},"geometry":{"type":"LineString","coordinates":[[-111.446008,45.274092],[-111.445825,45.274037],[-111.445494,45.27406],[-111.44512,45.274149],[-111.444955,45.274154],[-111.444752,45.274104],[-111.44439,45.273886],[-111.44355,45.273167]]}},{"id":"('way', 1461982320)","type":"Feature","properties":{"aerialway":null,"piste:type":"downhill","piste:difficulty":"extreme","name":"Castro's","base_elevation":1469},"geometry":{"type":"LineString","coordinates":[[-111.449623,45.275509],[-111.449533,45.275411],[-111.448357,45.274421],[-111.448202,45.274327],[-111.447934,45.274167],[-111.447046,45.273529],[-111.446837,45.273325],[-111.445936,45.272291]]}},{"id":"('way', 1461982321)","type":"Feature","properties":{"aerialway":null,"piste:type":"downhill","piste:difficulty":"expert","name":null,"base_elevation":1501},"geometry":{"type":"LineString","coordinates":[[-111.45054,45.278197],[-111.450606,45.278124],[-111.450693,45.278085],[-111.450915,45.278075],[-111.451345,45.277872],[-111.452251,45.277096],[-111.452267,45.27707],[-111.452591,45.276879],[-111.45334,45.276486],[-111.454127,45.276095],[-111.454515,45.275873],[-111.455186,45.275465],[-111.456208,45.275031],[-111.457574,45.274588],[-111.457822,45.274495],[-111.458044,45.274322],[-111.458502,45.27371],[-111.458658,45.273509],[-111.458892,45.273279],[-111.459084,45.273104],[-111.45925,45.272895],[-111.459328,45.272695],[-111.459317,45.272596],[-111.457296,45.270447]]}},{"id":"('way', 1461982322)","type":"Feature","properties":{"aerialway":null,"piste:type":"downhill","piste:difficulty":"expert","name":null,"base_elevation":1514},"geometry":{"type":"LineString","coordinates":[[-111.454515,45.275873],[-111.455188,45.270641]]}},{"id":"('way', 1461984117)","type":"Feature","properties":{"aerialway":null,"piste:type":"downhill","piste:difficulty":"intermediate","name":null,"base_elevation":806},"geometry":{"type":"LineString","coordinates":[[-111.439332,45.301968],[-111.439503,45.302214],[-111.43955,45.302339],[-111.439559,45.302459],[-111.439542,45.302544],[-111.439488,45.302679],[-111.439474,45.302747],[-111.439497,45.303014],[-111.439473,45.303111],[-111.439399,45.303365],[-111.439379,45.30347],[-111.439375,45.303665],[-111.439397,45.303903],[-111.439395,45.304057],[-111.439369,45.304206],[-111.439315,45.304672],[-111.439321,45.304834],[-111.439348,45.305044],[-111.439339,45.305139],[-111.43929,45.305197],[-111.439222,45.305214],[-111.439097,45.305208],[-111.438949,45.305154],[-111.438836,45.305085],[-111.438787,45.305035],[-111.438756,45.304953],[-111.438777,45.304864],[-111.438787,45.304772],[-111.438783,45.304686],[-111.438759,45.304659],[-111.438713,45.304654],[-111.438648,45.304699],[-111.438544,45.304792],[-111.438474,45.304852],[-111.438426,45.304893],[-111.438267,45.305005],[-111.438202,45.305067],[-111.43813,45.305157],[-111.438099,45.305245],[-111.43809,45.305328],[-111.438149,45.305436],[-111.438214,45.305502],[-111.438316,45.305579],[-111.438411,45.305635],[-111.438642,45.305734],[-111.438764,45.305779],[-111.438897,45.305816],[-111.439052,45.305859],[-111.439177,45.305902],[-111.439272,45.305939],[-111.439544,45.306094],[-111.439711,45.306196],[-111.439908,45.306294],[-111.440096,45.306357],[-111.440129,45.306396],[-111.440131,45.306446],[-111.440098,45.306492],[-111.440027,45.306548],[-111.439934,45.306598],[-111.43982,45.306613],[-111.439584,45.306603],[-111.439166,45.306593],[-111.438992,45.306587],[-111.438895,45.306605],[-111.438806,45.306635],[-111.438734,45.306658],[-111.438676,45.306669],[-111.438619,45.306656],[-111.438575,45.306634],[-111.438532,45.306605],[-111.438495,45.306547],[-111.438441,45.306416],[-111.438396,45.306361],[-111.438352,45.306324],[-111.43829,45.306297],[-111.438208,45.306282],[-111.438113,45.306281],[-111.437936,45.306292],[-111.437838,45.306305],[-111.437793,45.3063],[-111.437743,45.306284],[-111.437667,45.306247],[-111.437613,45.306204],[-111.437573,45.306147],[-111.437506,45.306045],[-111.43744,45.306007],[-111.437305,45.305964],[-111.437063,45.305897],[-111.436961,45.305879],[-111.436888,45.305884],[-111.43681,45.305909],[-111.43661,45.305994],[-111.436005,45.306176]]}},{"id":"('way', 1461984118)","type":"Feature","properties":{"aerialway":null,"piste:type":"downhill","piste:difficulty":"easy","name":"Wagon Train","base_elevation":762},"geometry":{"type":"LineString","coordinates":[[-111.433407,45.308047],[-111.433502,45.308384],[-111.433925,45.309041],[-111.434437,45.309487],[-111.435246,45.31015]]}},{"id":"('way', 1462077746)","type":"Feature","properties":{"aerialway":null,"piste:type":"downhill","piste:difficulty":"easy","name":null,"base_elevation":865},"geometry":{"type":"LineString","coordinates":[[-111.408492,45.297435],[-111.408262,45.297277],[-111.407913,45.296981],[-111.407497,45.29672],[-111.407134,45.29654],[-111.406776,45.296422],[-111.406197,45.296313],[-111.405923,45.296276],[-111.405782,45.296279],[-111.405605,45.296341],[-111.405366,45.296537],[-111.405284,45.296598],[-111.405217,45.296637],[-111.405154,45.296633],[-111.405052,45.296565],[-111.404955,45.296552],[-111.404853,45.29658],[-111.404757,45.296612],[-111.404686,45.296629],[-111.404634,45.296629],[-111.404588,45.296614],[-111.404543,45.296577],[-111.404511,45.296518],[-111.404523,45.296469]]}},{"id":"('way', 1462077753)","type":"Feature","properties":{"aerialway":null,"piste:type":"downhill","piste:difficulty":"easy","name":null,"base_elevation":905},"geometry":{"type":"LineString","coordinates":[[-111.424055,45.302457],[-111.424153,45.30242],[-111.424173,45.302399],[-111.424163,45.302358],[-111.424106,45.302329],[-111.424033,45.302324],[-111.423903,45.302355],[-111.423787,45.302419]]}},{"id":"('way', 1462084326)","type":"Feature","properties":{"aerialway":null,"piste:type":"downhill","piste:difficulty":"easy","name":"Lazy Jack","base_elevation":1173},"geometry":{"type":"LineString","coordinates":[[-111.430579,45.289933],[-111.430345,45.290136],[-111.430297,45.290194]]}},{"id":"('way', 1462084327)","type":"Feature","properties":{"aerialway":null,"piste:type":"downhill","piste:difficulty":"easy","name":null,"base_elevation":1213},"geometry":{"type":"LineString","coordinates":[[-111.43242,45.290211],[-111.432513,45.290172],[-111.43265,45.290321],[-111.432718,45.290377],[-111.43277,45.290416],[-111.432876,45.29045],[-111.433148,45.290518],[-111.433381,45.290563],[-111.4335,45.290629],[-111.433569,45.290703]]}},{"id":"('way', 1462084329)","type":"Feature","properties":{"aerialway":null,"piste:type":"downhill","piste:difficulty":"intermediate","name":"Fast Lane","base_elevation":1190},"geometry":{"type":"LineString","coordinates":[[-111.432513,45.290172],[-111.432409,45.290047],[-111.432343,45.290025],[-111.432049,45.290012],[-111.431693,45.290054],[-111.431516,45.290043],[-111.431168,45.28995],[-111.430993,45.289915],[-111.430751,45.289879]]}},{"id":"('way', 1462084330)","type":"Feature","properties":{"aerialway":null,"piste:type":"downhill","piste:difficulty":"intermediate","name":"Elkhorn","base_elevation":957},"geometry":{"type":"LineString","coordinates":[[-111.432951,45.298172],[-111.432937,45.298516],[-111.432917,45.298636],[-111.432943,45.29876],[-111.433394,45.299304],[-111.433772,45.299653]]}},{"id":"('way', 1462084331)","type":"Feature","properties":{"aerialway":null,"piste:type":"downhill","piste:difficulty":"advanced","name":null,"base_elevation":875},"geometry":{"type":"LineString","coordinates":[[-111.429378,45.302769],[-111.428556,45.30478]]}},{"id":"('way', 1462084332)","type":"Feature","properties":{"aerialway":null,"piste:type":"downhill","piste:difficulty":"advanced","name":"Upper Bearcat Gully","base_elevation":1129},"geometry":{"type":"LineString","coordinates":[[-111.433642,45.291628],[-111.433496,45.291812],[-111.433252,45.292003],[-111.432765,45.292242],[-111.431534,45.292703]]}},{"id":"('way', 1462099831)","type":"Feature","properties":{"aerialway":null,"piste:type":"downhill","piste:difficulty":"advanced","name":"Stillwater Bowl","base_elevation":1147},"geometry":{"type":"Polygon","coordinates":[[[-111.437258,45.286522],[-111.438174,45.286302],[-111.439183,45.28607],[-111.439496,45.286062],[-111.44059,45.286226],[-111.441935,45.286577],[-111.442362,45.286887],[-111.442317,45.286921],[-111.441288,45.287649],[-111.441106,45.288073],[-111.440677,45.288931],[-111.44046,45.289306],[-111.440213,45.289521],[-111.439919,45.289645],[-111.439662,45.289739],[-111.439428,45.289739],[-111.439041,45.28969],[-111.438778,45.28948],[-111.438703,45.289139],[-111.438478,45.28849],[-111.438403,45.288333],[-111.438082,45.287949],[-111.437741,45.287674],[-111.437661,45.287604],[-111.437584,45.287521],[-111.437258,45.286522]]]}},{"id":"('way', 1462099832)","type":"Feature","properties":{"aerialway":null,"piste:type":"downhill","piste:difficulty":"expert","name":null,"base_elevation":1266},"geometry":{"type":"LineString","coordinates":[[-111.451868,45.286246],[-111.452129,45.286839],[-111.452579,45.287415],[-111.453396,45.287858],[-111.453606,45.287898],[-111.453743,45.287967],[-111.453905,45.288132],[-111.454091,45.288479],[-111.454406,45.288951],[-111.454673,45.289281],[-111.454812,45.289439]]}},{"id":"('way', 1462099833)","type":"Feature","properties":{"aerialway":null,"piste:type":"downhill","piste:difficulty":"advanced","name":"Pack Saddle Glades","base_elevation":1135},"geometry":{"type":"LineString","coordinates":[[-111.437666,45.270396],[-111.437282,45.270101],[-111.437028,45.270034],[-111.436704,45.269991],[-111.436446,45.269954],[-111.436325,45.269909],[-111.434383,45.26889],[-111.434287,45.268817],[-111.434246,45.26874],[-111.434204,45.268571],[-111.433941,45.266411]]}},{"id":"('way', 1462099834)","type":"Feature","properties":{"aerialway":null,"piste:type":"downhill","piste:difficulty":"advanced","name":"Screaming Left","base_elevation":1316},"geometry":{"type":"LineString","coordinates":[[-111.448518,45.268153],[-111.448198,45.267924],[-111.448026,45.26785],[-111.447859,45.267882],[-111.447748,45.267944],[-111.447598,45.268122],[-111.447511,45.268268],[-111.44738,45.268399],[-111.447243,45.268474],[-111.446326,45.268678],[-111.446082,45.268723],[-111.445582,45.268706]]}},{"id":"('way', 1462099835)","type":"Feature","properties":{"aerialway":null,"piste:type":"downhill","piste:difficulty":"intermediate","name":"Mule Skinner","base_elevation":1261},"geometry":{"type":"LineString","coordinates":[[-111.448026,45.26785],[-111.447443,45.267206],[-111.446669,45.266477],[-111.446254,45.266011],[-111.446105,45.265719]]}},{"id":"('way', 1462099836)","type":"Feature","properties":{"aerialway":null,"piste:type":"downhill","piste:difficulty":"advanced","name":"Screaming Left","base_elevation":1286},"geometry":{"type":"LineString","coordinates":[[-111.448026,45.26785],[-111.447076,45.267745],[-111.44647,45.26776],[-111.446075,45.26777],[-111.445932,45.267784],[-111.445407,45.267965]]}},{"id":"('way', 1462099837)","type":"Feature","properties":{"aerialway":null,"piste:type":"downhill","piste:difficulty":"intermediate","name":"Skittles Road","base_elevation":1309},"geometry":{"type":"LineString","coordinates":[[-111.445702,45.268978],[-111.44559,45.268979],[-111.445385,45.268965],[-111.445177,45.26889],[-111.445008,45.268785],[-111.444898,45.268752],[-111.444717,45.26873]]}},{"id":"('way', 1462099838)","type":"Feature","properties":{"aerialway":null,"piste:type":"downhill","piste:difficulty":"advanced","name":null,"base_elevation":1373},"geometry":{"type":"LineString","coordinates":[[-111.453473,45.270825],[-111.453393,45.270777],[-111.453269,45.270707],[-111.453141,45.270687],[-111.452557,45.270674],[-111.452378,45.27067],[-111.452231,45.270643],[-111.451926,45.270555],[-111.451761,45.270479],[-111.45171,45.270405],[-111.451579,45.270169],[-111.451375,45.26983],[-111.451003,45.26923],[-111.450686,45.268876],[-111.450424,45.268523],[-111.450057,45.268242],[-111.449432,45.267722],[-111.448848,45.267385]]}},{"id":"('way', 1462099839)","type":"Feature","properties":{"aerialway":null,"piste:type":"downhill","piste:difficulty":"intermediate","name":"Hippy Highway","base_elevation":1082},"geometry":{"type":"LineString","coordinates":[[-111.442621,45.261651],[-111.441856,45.261288]]}},{"id":"('way', 1463031405)","type":"Feature","properties":{"aerialway":null,"piste:type":"downhill","piste:difficulty":"easy","name":null,"base_elevation":823},"geometry":{"type":"LineString","coordinates":[[-111.432845,45.307294],[-111.432616,45.307347],[-111.432348,45.30732],[-111.432096,45.307219],[-111.431972,45.307215],[-111.43186,45.307275],[-111.431806,45.307345]]}},{"id":"('way', 1463031407)","type":"Feature","properties":{"aerialway":null,"piste:type":"downhill","piste:difficulty":"easy","name":null,"base_elevation":1255},"geometry":{"type":"LineString","coordinates":[[-111.435463,45.288662],[-111.43546,45.288469]]}},{"id":"('way', 1463031408)","type":"Feature","properties":{"aerialway":null,"piste:type":"downhill","piste:difficulty":"easy","name":null,"base_elevation":1270},"geometry":{"type":"LineString","coordinates":[[-111.431882,45.277806],[-111.432209,45.277632],[-111.43227,45.277599]]}},{"id":"('way', 1463031409)","type":"Feature","properties":{"aerialway":null,"piste:type":"downhill","piste:difficulty":"easy","name":null,"base_elevation":1278},"geometry":{"type":"LineString","coordinates":[[-111.432209,45.277632],[-111.432452,45.277674],[-111.432784,45.277729],[-111.433105,45.277833],[-111.433222,45.277908],[-111.433358,45.278001]]}},{"id":"('way', 1463031410)","type":"Feature","properties":{"aerialway":null,"piste:type":"downhill","piste:difficulty":"intermediate","name":"Upper Morningstar","base_elevation":1274},"geometry":{"type":"LineString","coordinates":[[-111.433269,45.279038],[-111.433087,45.278931],[-111.432884,45.278869]]}},{"id":"('way', 1463031411)","type":"Feature","properties":{"aerialway":null,"piste:type":"downhill","piste:difficulty":"easy","name":null,"base_elevation":1274},"geometry":{"type":"LineString","coordinates":[[-111.433961,45.278464],[-111.433618,45.278503],[-111.433295,45.278595],[-111.433078,45.278703],[-111.432884,45.278869]]}},{"id":"('way', 1463031412)","type":"Feature","properties":{"aerialway":null,"piste:type":"downhill","piste:difficulty":"easy","name":null,"base_elevation":882},"geometry":{"type":"LineString","coordinates":[[-111.406043,45.28765],[-111.40607,45.287546],[-111.406103,45.287413],[-111.406098,45.287322],[-111.405999,45.287225],[-111.405732,45.287126]]}},{"id":"('way', 1463031413)","type":"Feature","properties":{"aerialway":null,"piste:type":"downhill","piste:difficulty":"easy","name":null,"base_elevation":888},"geometry":{"type":"LineString","coordinates":[[-111.40607,45.287546],[-111.406296,45.287574],[-111.406363,45.287604],[-111.406394,45.287641],[-111.406427,45.287707]]}},{"id":"('way', 1463031414)","type":"Feature","properties":{"aerialway":null,"piste:type":"downhill","piste:difficulty":"easy","name":null,"base_elevation":832},"geometry":{"type":"LineString","coordinates":[[-111.401697,45.283719],[-111.402045,45.28389]]}},{"id":"('way', 1463031415)","type":"Feature","properties":{"aerialway":null,"piste:type":"downhill","piste:difficulty":"easy","name":null,"base_elevation":849},"geometry":{"type":"LineString","coordinates":[[-111.403219,45.284587],[-111.403256,45.284606],[-111.403257,45.284583],[-111.403048,45.284374],[-111.403137,45.28437]]}},{"id":"('way', 1463031416)","type":"Feature","properties":{"aerialway":null,"piste:type":"downhill","piste:difficulty":"easy","name":null,"base_elevation":848},"geometry":{"type":"LineString","coordinates":[[-111.403256,45.284606],[-111.403259,45.284697],[-111.403222,45.284858],[-111.403045,45.285573]]}},{"id":"('way', 1463031417)","type":"Feature","properties":{"aerialway":null,"piste:type":"downhill","piste:difficulty":"intermediate","name":null,"base_elevation":911},"geometry":{"type":"LineString","coordinates":[[-111.413657,45.284407],[-111.412837,45.284701],[-111.412539,45.284771],[-111.412354,45.284771],[-111.411591,45.284717],[-111.411242,45.284689],[-111.410975,45.284672],[-111.410591,45.284633],[-111.410396,45.284621],[-111.410295,45.284641],[-111.41019,45.284641],[-111.409949,45.28458],[-111.409801,45.284567],[-111.409667,45.284595],[-111.409573,45.284776],[-111.409525,45.284877],[-111.409396,45.284939],[-111.409188,45.28497],[-111.408943,45.284976],[-111.408495,45.284922],[-111.408382,45.284942],[-111.408243,45.285009],[-111.407877,45.285222]]}},{"id":"('way', 1463031418)","type":"Feature","properties":{"aerialway":null,"piste:type":"downhill","piste:difficulty":"intermediate","name":null,"base_elevation":891},"geometry":{"type":"LineString","coordinates":[[-111.408382,45.284942],[-111.408164,45.284894],[-111.40791,45.28486],[-111.407702,45.284855],[-111.407541,45.284869],[-111.407424,45.284857],[-111.407322,45.284836],[-111.407246,45.284797],[-111.407065,45.284655],[-111.406959,45.28459],[-111.406795,45.28454],[-111.406647,45.284489],[-111.406565,45.284431],[-111.406507,45.284347],[-111.406497,45.284169],[-111.406524,45.284012],[-111.406493,45.283909],[-111.406408,45.283817],[-111.406274,45.283728]]}},{"id":"('way', 1463031419)","type":"Feature","properties":{"aerialway":null,"piste:type":"downhill","piste:difficulty":"intermediate","name":"Bear Back","base_elevation":838},"geometry":{"type":"LineString","coordinates":[[-111.397171,45.28322],[-111.397184,45.283488],[-111.397101,45.283729],[-111.397009,45.283891],[-111.396724,45.284169]]}},{"id":"('way', 1463031420)","type":"Feature","properties":{"aerialway":null,"piste:type":"downhill","piste:difficulty":"intermediate","name":null,"base_elevation":823},"geometry":{"type":"LineString","coordinates":[[-111.399418,45.283358],[-111.399628,45.283248],[-111.399994,45.283095],[-111.40038,45.282931],[-111.400678,45.282844],[-111.400772,45.282844],[-111.400838,45.282864],[-111.401421,45.283359]]}},{"id":"('way', 1463031422)","type":"Feature","properties":{"aerialway":null,"piste:type":"downhill","piste:difficulty":"advanced","name":"Screaming Left","base_elevation":1348},"geometry":{"type":"LineString","coordinates":[[-111.449432,45.267722],[-111.448026,45.26785]]}},{"id":"('way', 1463031423)","type":"Feature","properties":{"aerialway":null,"piste:type":"downhill","piste:difficulty":"easy","name":null,"base_elevation":1042},"geometry":{"type":"LineString","coordinates":[[-111.418998,45.283763],[-111.419047,45.283829],[-111.419159,45.283977],[-111.41948,45.284407]]}},{"id":"('way', 1463031424)","type":"Feature","properties":{"aerialway":null,"piste:type":"downhill","piste:difficulty":"easy","name":null,"base_elevation":1046},"geometry":{"type":"LineString","coordinates":[[-111.419047,45.283829],[-111.419124,45.283778],[-111.419201,45.283728],[-111.419238,45.283588],[-111.419063,45.283256]]}},{"id":"('way', 1463031425)","type":"Feature","properties":{"aerialway":null,"piste:type":"downhill","piste:difficulty":"intermediate","name":null,"base_elevation":865},"geometry":{"type":"LineString","coordinates":[[-111.438512,45.303252],[-111.438485,45.303382],[-111.438494,45.3035],[-111.43851,45.303551],[-111.438544,45.303656],[-111.438563,45.303725],[-111.43862,45.30393],[-111.438661,45.304125],[-111.438669,45.304306],[-111.438661,45.30448],[-111.438608,45.304672],[-111.438544,45.304792]]}},{"id":"('way', 1463179686)","type":"Feature","properties":{"aerialway":null,"piste:type":"downhill","piste:difficulty":"expert","name":null,"base_elevation":1661},"geometry":{"type":"LineString","coordinates":[[-111.449598,45.274873],[-111.44924,45.274674],[-111.448427,45.274282]]}},{"id":"('way', 1463179687)","type":"Feature","properties":{"aerialway":null,"piste:type":"downhill","piste:difficulty":"expert","name":null,"base_elevation":1471},"geometry":{"type":"LineString","coordinates":[[-111.449669,45.274535],[-111.449631,45.27444],[-111.449327,45.274254],[-111.448806,45.273855],[-111.447994,45.273062],[-111.446677,45.271982]]}},{"id":"('way', 1463179690)","type":"Feature","properties":{"aerialway":null,"piste:type":"downhill","piste:difficulty":null,"name":null,"base_elevation":1145},"geometry":{"type":"LineString","coordinates":[[-111.440148,45.266538],[-111.439898,45.266102],[-111.439285,45.265106],[-111.438737,45.264262]]}},{"id":"('way', 1463179691)","type":"Feature","properties":{"aerialway":null,"piste:type":"downhill","piste:difficulty":"advanced","name":null,"base_elevation":1277},"geometry":{"type":"LineString","coordinates":[[-111.442103,45.269893],[-111.441095,45.268128]]}},{"id":"('way', 1463179692)","type":"Feature","properties":{"aerialway":null,"piste:type":"downhill","piste:difficulty":"advanced","name":"Larkspur","base_elevation":1339},"geometry":{"type":"LineString","coordinates":[[-111.442208,45.27218],[-111.442125,45.27185],[-111.442088,45.271538],[-111.441964,45.271208],[-111.441928,45.270878],[-111.441817,45.270623],[-111.441847,45.270408],[-111.441966,45.270197],[-111.442103,45.269893]]}},{"id":"('way', 1463179693)","type":"Feature","properties":{"aerialway":null,"piste:type":"downhill","piste:difficulty":"intermediate","name":"Skittles Road","base_elevation":1186},"geometry":{"type":"LineString","coordinates":[[-111.42993,45.272068],[-111.429956,45.271979],[-111.429956,45.271891],[-111.429884,45.271782],[-111.429806,45.271729],[-111.429653,45.271692]]}},{"id":"('way', 1463179694)","type":"Feature","properties":{"aerialway":null,"piste:type":"downhill","piste:difficulty":"advanced","name":null,"base_elevation":1171},"geometry":{"type":"LineString","coordinates":[[-111.439802,45.266382],[-111.439632,45.266313],[-111.439438,45.266115],[-111.439042,45.265649],[-111.438974,45.265531],[-111.439,45.265403],[-111.439089,45.265307],[-111.439285,45.265106],[-111.439558,45.264777]]}},{"id":"('way', 1463179697)","type":"Feature","properties":{"aerialway":null,"piste:type":"downhill","piste:difficulty":"expert","name":"King","base_elevation":1481},"geometry":{"type":"LineString","coordinates":[[-111.441148,45.275341],[-111.440981,45.273897]]}},{"id":"('way', 1463179698)","type":"Feature","properties":{"aerialway":null,"piste:type":"downhill","piste:difficulty":"expert","name":null,"base_elevation":1637},"geometry":{"type":"LineString","coordinates":[[-111.448427,45.274282],[-111.448202,45.274327],[-111.447971,45.274371],[-111.447576,45.274522],[-111.447057,45.274697],[-111.446754,45.274712]]}},{"id":"('way', 1463179699)","type":"Feature","properties":{"aerialway":null,"piste:type":"downhill","piste:difficulty":"expert","name":"Dictator Chutes","base_elevation":1723},"geometry":{"type":"LineString","coordinates":[[-111.448917,45.277021],[-111.449004,45.27643],[-111.449231,45.276124],[-111.449377,45.275903],[-111.449472,45.275721],[-111.449575,45.275574],[-111.449623,45.275509],[-111.449757,45.275162],[-111.449751,45.275008],[-111.449598,45.274873],[-111.449633,45.274723],[-111.449669,45.274535]]}},{"id":"('way', 1463179700)","type":"Feature","properties":{"aerialway":null,"piste:type":"downhill","piste:difficulty":"expert","name":null,"base_elevation":1483},"geometry":{"type":"LineString","coordinates":[[-111.448427,45.274282],[-111.448806,45.273855],[-111.448865,45.273741],[-111.449003,45.273124],[-111.449074,45.272795],[-111.449166,45.27237],[-111.449273,45.27203],[-111.449285,45.271931],[-111.449304,45.271779],[-111.449254,45.271179],[-111.449143,45.270554]]}},{"id":"('way', 1463230588)","type":"Feature","properties":{"aerialway":null,"piste:type":"downhill","piste:difficulty":"extreme","name":"Otter Slide","base_elevation":1854},"geometry":{"type":"LineString","coordinates":[[-111.450087,45.277696],[-111.449823,45.277702],[-111.449598,45.27767],[-111.449408,45.277675],[-111.449221,45.277679],[-111.449114,45.277664],[-111.449017,45.277616],[-111.448956,45.277539],[-111.448803,45.277343],[-111.448661,45.277129]]}},{"id":"('way', 1463230589)","type":"Feature","properties":{"aerialway":null,"piste:type":"downhill","piste:difficulty":"expert","name":"Lenin","base_elevation":1756},"geometry":{"type":"LineString","coordinates":[[-111.448661,45.277129],[-111.448054,45.27594]]}},{"id":"('way', 1463230590)","type":"Feature","properties":{"aerialway":null,"piste:type":"downhill","piste:difficulty":"extreme","name":"Otter Slide","base_elevation":1865},"geometry":{"type":"LineString","coordinates":[[-111.449823,45.277702],[-111.449555,45.277482],[-111.449553,45.277459],[-111.449594,45.277428],[-111.449671,45.277373],[-111.449692,45.277334],[-111.449697,45.277245],[-111.449625,45.277028],[-111.449467,45.276785]]}},{"id":"('way', 1463230591)","type":"Feature","properties":{"aerialway":null,"piste:type":"downhill","piste:difficulty":"expert","name":null,"base_elevation":1659},"geometry":{"type":"LineString","coordinates":[[-111.446108,45.277647],[-111.445906,45.277659],[-111.44571,45.277622],[-111.44539,45.277508],[-111.445218,45.277468],[-111.445056,45.277405],[-111.445003,45.277369],[-111.444958,45.277328],[-111.444898,45.277274],[-111.444835,45.277222],[-111.444779,45.277179],[-111.444627,45.277092]]}},{"id":"('way', 1463230592)","type":"Feature","properties":{"aerialway":null,"piste:type":"downhill","piste:difficulty":"expert","name":"Tohelluride","base_elevation":1481},"geometry":{"type":"LineString","coordinates":[[-111.44621,45.276777],[-111.442464,45.275546],[-111.442221,45.275469],[-111.442125,45.275446],[-111.442052,45.275431],[-111.44197,45.275382],[-111.441791,45.274871],[-111.441713,45.274428],[-111.441628,45.274121],[-111.441533,45.273977],[-111.441274,45.273809]]}},{"id":"('way', 1463230593)","type":"Feature","properties":{"aerialway":null,"piste:type":"downhill","piste:difficulty":"expert","name":null,"base_elevation":1575},"geometry":{"type":"LineString","coordinates":[[-111.442052,45.275431],[-111.44178,45.27539],[-111.441561,45.275362],[-111.441148,45.275341]]}},{"id":"('way', 1463230594)","type":"Feature","properties":{"aerialway":null,"piste:type":"downhill","piste:difficulty":"extreme","name":"Rips","base_elevation":1606},"geometry":{"type":"LineString","coordinates":[[-111.452375,45.28134],[-111.453191,45.281619],[-111.453236,45.281661],[-111.45325,45.28174],[-111.453017,45.282132]]}},{"id":"('way', 1463230595)","type":"Feature","properties":{"aerialway":null,"piste:type":"downhill","piste:difficulty":"extreme","name":"Rips","base_elevation":1587},"geometry":{"type":"LineString","coordinates":[[-111.45198,45.281949],[-111.451937,45.282116],[-111.451965,45.282169],[-111.452094,45.282226],[-111.452306,45.282274],[-111.452443,45.28227],[-111.452849,45.282236],[-111.452925,45.282252],[-111.45295,45.282271]]}},{"id":"('way', 1463230596)","type":"Feature","properties":{"aerialway":null,"piste:type":"downhill","piste:difficulty":"expert","name":"Great Falls Gully","base_elevation":1305},"geometry":{"type":"LineString","coordinates":[[-111.453385,45.287036],[-111.453615,45.287332],[-111.453905,45.288132]]}},{"id":"('way', 1463230597)","type":"Feature","properties":{"aerialway":null,"piste:type":"downhill","piste:difficulty":"advanced","name":"Lower Pine Marten","base_elevation":715},"geometry":{"type":"LineString","coordinates":[[-111.439031,45.311296],[-111.43875,45.311524],[-111.43795,45.312048]]}},{"id":"('way', 1463230598)","type":"Feature","properties":{"aerialway":null,"piste:type":"downhill","piste:difficulty":"easy","name":null,"base_elevation":790},"geometry":{"type":"LineString","coordinates":[[-111.431585,45.308031],[-111.431893,45.308554],[-111.431979,45.308807],[-111.432011,45.309017],[-111.431986,45.309129],[-111.43199,45.309204],[-111.432069,45.309267],[-111.432361,45.309448]]}},{"id":"('way', 1463230599)","type":"Feature","properties":{"aerialway":null,"piste:type":"downhill","piste:difficulty":"advanced","name":"Lower Trapline","base_elevation":756},"geometry":{"type":"LineString","coordinates":[[-111.439711,45.306196],[-111.439628,45.306287],[-111.439556,45.306321],[-111.439157,45.306394],[-111.438848,45.306536],[-111.438775,45.306598],[-111.438734,45.306658],[-111.438666,45.306755],[-111.438593,45.306876],[-111.438402,45.307221],[-111.438336,45.307364],[-111.438298,45.307832],[-111.438301,45.308234],[-111.438495,45.309095],[-111.438571,45.309261],[-111.43871,45.309414],[-111.439005,45.309694]]}},{"id":"('way', 1463230600)","type":"Feature","properties":{"aerialway":null,"piste:type":"downhill","piste:difficulty":"expert","name":null,"base_elevation":1284},"geometry":{"type":"LineString","coordinates":[[-111.43763,45.28636],[-111.437298,45.286631],[-111.436458,45.287226]]}},{"id":"('way', 1463230602)","type":"Feature","properties":{"aerialway":null,"piste:type":"downhill","piste:difficulty":"intermediate","name":"Meriwether Cuttoff","base_elevation":1151},"geometry":{"type":"LineString","coordinates":[[-111.445828,45.292315],[-111.445699,45.292314],[-111.445648,45.292308],[-111.445629,45.292294],[-111.445614,45.292267],[-111.445513,45.29176],[-111.445406,45.291481],[-111.445352,45.291374],[-111.445306,45.291311],[-111.445202,45.291224],[-111.445087,45.291168],[-111.444883,45.291061],[-111.444797,45.290992],[-111.444709,45.290936],[-111.444634,45.2909],[-111.44457,45.290888],[-111.444503,45.290893],[-111.444432,45.290905],[-111.444337,45.290937],[-111.444179,45.290994],[-111.444092,45.291007],[-111.443937,45.291013],[-111.443781,45.291035],[-111.443631,45.291083],[-111.443512,45.291123],[-111.443376,45.291143],[-111.443246,45.291153],[-111.443108,45.291151],[-111.44306,45.291141],[-111.442981,45.29111],[-111.44291,45.291094],[-111.442843,45.291087],[-111.442793,45.291096],[-111.442729,45.291122],[-111.442701,45.29115],[-111.442661,45.291223],[-111.44262,45.291313],[-111.442578,45.291416],[-111.442545,45.291455],[-111.4425,45.291476],[-111.442424,45.291496],[-111.442346,45.29149],[-111.442265,45.291453],[-111.442185,45.291385],[-111.44199,45.291084],[-111.44194,45.290951],[-111.441898,45.29079],[-111.441838,45.290734],[-111.441769,45.290698],[-111.441664,45.290669],[-111.441544,45.29067],[-111.441413,45.290702],[-111.44114,45.29077],[-111.440816,45.290844]]}},{"id":"('way', 1463230603)","type":"Feature","properties":{"aerialway":null,"piste:type":"downhill","piste:difficulty":"intermediate","name":null,"base_elevation":1227},"geometry":{"type":"LineString","coordinates":[[-111.446645,45.288581],[-111.446718,45.288598],[-111.446758,45.288615],[-111.44678,45.288638],[-111.446786,45.28869],[-111.446775,45.288773],[-111.446728,45.289019],[-111.446676,45.28915],[-111.446613,45.289257],[-111.446471,45.289381],[-111.446375,45.289454],[-111.446318,45.289522],[-111.446292,45.289573],[-111.446269,45.289643],[-111.446234,45.289763],[-111.446198,45.289819],[-111.446141,45.289882],[-111.445977,45.290004],[-111.445936,45.290086],[-111.445913,45.290172],[-111.445906,45.290264],[-111.445913,45.290373],[-111.445994,45.290583],[-111.446146,45.290966]]}},{"id":"('way', 1463230604)","type":"Feature","properties":{"aerialway":null,"piste:type":"downhill","piste:difficulty":"advanced","name":"Liftline Cut","base_elevation":1039},"geometry":{"type":"LineString","coordinates":[[-111.445648,45.292308],[-111.44554,45.292448],[-111.445424,45.292635],[-111.443459,45.297865]]}},{"id":"('way', 1463230605)","type":"Feature","properties":{"aerialway":null,"piste:type":"downhill","piste:difficulty":"advanced","name":null,"base_elevation":903},"geometry":{"type":"LineString","coordinates":[[-111.440494,45.300829],[-111.440084,45.301258],[-111.440052,45.301329],[-111.440098,45.301426],[-111.440129,45.301554],[-111.440129,45.301682],[-111.440133,45.301779],[-111.440073,45.301868],[-111.43955,45.302339],[-111.439274,45.302514]]}},{"id":"('way', 1463230606)","type":"Feature","properties":{"aerialway":null,"piste:type":"downhill","piste:difficulty":"advanced","name":null,"base_elevation":931},"geometry":{"type":"LineString","coordinates":[[-111.441647,45.300558],[-111.441182,45.300944],[-111.441,45.301171],[-111.440831,45.301339],[-111.440649,45.301413],[-111.440515,45.301463],[-111.440133,45.301779]]}},{"id":"('way', 1463230607)","type":"Feature","properties":{"aerialway":null,"piste:type":"downhill","piste:difficulty":"advanced","name":"Marshall","base_elevation":996},"geometry":{"type":"LineString","coordinates":[[-111.44314,45.298819],[-111.442995,45.298848],[-111.442785,45.298836],[-111.441978,45.298705]]}},{"id":"('way', 1463230608)","type":"Feature","properties":{"aerialway":null,"piste:type":"downhill","piste:difficulty":"easy","name":null,"base_elevation":975},"geometry":{"type":"LineString","coordinates":[[-111.423571,45.290118],[-111.422931,45.290236],[-111.42281,45.290241],[-111.422636,45.290214],[-111.422447,45.290163],[-111.422239,45.290059],[-111.421997,45.289956],[-111.421815,45.2899],[-111.421687,45.289888],[-111.421418,45.289899],[-111.421004,45.289896],[-111.420384,45.2899],[-111.420055,45.289922],[-111.419849,45.289927],[-111.418737,45.289794]]}},{"id":"('way', 1463230609)","type":"Feature","properties":{"aerialway":null,"piste:type":"downhill","piste:difficulty":"easy","name":"Old Rosebud Access","base_elevation":885},"geometry":{"type":"LineString","coordinates":[[-111.410565,45.291619],[-111.410541,45.29174],[-111.410492,45.291791],[-111.410409,45.291811],[-111.410322,45.291818],[-111.410231,45.291798],[-111.409876,45.291661],[-111.409734,45.291615],[-111.409647,45.291596],[-111.409569,45.291594],[-111.409516,45.29161],[-111.409454,45.291629],[-111.409402,45.291635],[-111.409341,45.291622],[-111.409279,45.29161],[-111.409189,45.291567],[-111.409097,45.291512],[-111.409006,45.291492]]}},{"id":"('way', 1463483229)","type":"Feature","properties":{"aerialway":null,"piste:type":"downhill","piste:difficulty":"easy","name":null,"base_elevation":835},"geometry":{"type":"LineString","coordinates":[[-111.405086,45.287196],[-111.40479,45.287092],[-111.404693,45.287048],[-111.404347,45.286827],[-111.404249,45.286746],[-111.40409,45.286519],[-111.404008,45.286447],[-111.403899,45.286384],[-111.403521,45.286113],[-111.403398,45.286021],[-111.403222,45.285837],[-111.403045,45.285573],[-111.402857,45.285311],[-111.402212,45.284192]]}},{"id":"('way', 1463483231)","type":"Feature","properties":{"aerialway":null,"piste:type":"downhill","piste:difficulty":"intermediate","name":"Blue Moon","base_elevation":960},"geometry":{"type":"LineString","coordinates":[[-111.430078,45.282014],[-111.429733,45.282443],[-111.429451,45.282744],[-111.429364,45.282799],[-111.429249,45.28286],[-111.429056,45.282941],[-111.428837,45.283049],[-111.428685,45.283141],[-111.428606,45.283189],[-111.428552,45.283228],[-111.428429,45.283303],[-111.428369,45.28334],[-111.428303,45.283369],[-111.428203,45.283405],[-111.428114,45.283422],[-111.4279,45.283466],[-111.427797,45.283487],[-111.42767,45.283527],[-111.42756,45.283568],[-111.427459,45.283618],[-111.427353,45.283692],[-111.427247,45.283779],[-111.427122,45.283895],[-111.42698,45.284052],[-111.426833,45.284227],[-111.426662,45.284454],[-111.426515,45.284633],[-111.426449,45.284715],[-111.426338,45.284831],[-111.426243,45.284896],[-111.426133,45.284942],[-111.426032,45.284957],[-111.425933,45.28497],[-111.425785,45.284948],[-111.425668,45.284917],[-111.425545,45.284876],[-111.425428,45.28486],[-111.425342,45.284866],[-111.425266,45.284886],[-111.42518,45.284916],[-111.425127,45.284958],[-111.425101,45.285029],[-111.425115,45.28512],[-111.425137,45.285187],[-111.425168,45.285261],[-111.425181,45.285306],[-111.425221,45.285393],[-111.425265,45.285443],[-111.425347,45.285517],[-111.425437,45.285559],[-111.425573,45.28559],[-111.425904,45.285694],[-111.42599,45.285757],[-111.426102,45.28591],[-111.42612,45.286037],[-111.426111,45.286075],[-111.426066,45.286152],[-111.425778,45.286378],[-111.425699,45.286455],[-111.425652,45.286502],[-111.425509,45.286767],[-111.425442,45.287037],[-111.425397,45.287166],[-111.425146,45.287632],[-111.425036,45.287893],[-111.424952,45.288244],[-111.424837,45.28845],[-111.424709,45.288603],[-111.424347,45.288916],[-111.423821,45.289163],[-111.423655,45.289259],[-111.423501,45.289413],[-111.423425,45.289579],[-111.423423,45.289743],[-111.42345,45.289896],[-111.423507,45.290026],[-111.423571,45.290118],[-111.423779,45.290393],[-111.423836,45.290508],[-111.423871,45.290625],[-111.423934,45.29106],[-111.423897,45.291699],[-111.423862,45.292918],[-111.423808,45.293024],[-111.423593,45.293205],[-111.422984,45.293385],[-111.422514,45.293579],[-111.422281,45.293723],[-111.421927,45.294176],[-111.421898,45.294196],[-111.42175,45.294255],[-111.421707,45.294296],[-111.421724,45.294356],[-111.421801,45.294394]]}},{"id":"('way', 1463483232)","type":"Feature","properties":{"aerialway":null,"piste:type":"downhill","piste:difficulty":"easy","name":null,"base_elevation":1113},"geometry":{"type":"LineString","coordinates":[[-111.425181,45.285306],[-111.42516,45.285355],[-111.425127,45.285384],[-111.425075,45.285404],[-111.425011,45.285412],[-111.424948,45.285398],[-111.42485,45.285365],[-111.424742,45.285339],[-111.424569,45.28531],[-111.424421,45.285283],[-111.424301,45.285235],[-111.424231,45.285193],[-111.424182,45.285155],[-111.423952,45.284903],[-111.423894,45.284816],[-111.42387,45.284725],[-111.423846,45.284544],[-111.423829,45.28407],[-111.423853,45.283991],[-111.42389,45.283932],[-111.423935,45.283894],[-111.424007,45.283856],[-111.424534,45.283637],[-111.424726,45.283538],[-111.424797,45.283491],[-111.42488,45.28342],[-111.42494,45.28334],[-111.424976,45.283253],[-111.424982,45.283155],[-111.424911,45.283067],[-111.424775,45.283003],[-111.424648,45.282961]]}},{"id":"('way', 1467806474)","type":"Feature","properties":{"aerialway":null,"piste:type":"downhill","piste:difficulty":"intermediate","name":"Horseshoe","base_elevation":768},"geometry":{"type":"LineString","coordinates":[[-111.444967,45.309854],[-111.444842,45.310021],[-111.444744,45.310305],[-111.444699,45.310369],[-111.444633,45.310421],[-111.444538,45.310449],[-111.444405,45.310456],[-111.444299,45.310436],[-111.444212,45.310387],[-111.444101,45.310285],[-111.444053,45.310168],[-111.444016,45.310024],[-111.443942,45.309946],[-111.443669,45.309912]]}},{"id":"('way', 1467806475)","type":"Feature","properties":{"aerialway":null,"piste:type":"downhill","piste:difficulty":"advanced","name":null,"base_elevation":1230},"geometry":{"type":"LineString","coordinates":[[-111.441046,45.28362],[-111.440874,45.283687],[-111.440605,45.28394],[-111.440506,45.2841],[-111.440448,45.284191],[-111.440462,45.284335],[-111.440561,45.284441],[-111.440646,45.284546],[-111.44067,45.284659],[-111.440568,45.284897],[-111.440469,45.285139],[-111.440349,45.285562],[-111.440039,45.286529],[-111.439732,45.287514]]}},{"id":"('way', 1467806476)","type":"Feature","properties":{"aerialway":null,"piste:type":"downhill","piste:difficulty":"advanced","name":null,"base_elevation":1219},"geometry":{"type":"LineString","coordinates":[[-111.441961,45.283725],[-111.441494,45.283977],[-111.441275,45.284155],[-111.441155,45.284332],[-111.441151,45.284417],[-111.441237,45.284682],[-111.441262,45.284766],[-111.441262,45.284847],[-111.441196,45.28501],[-111.441126,45.28513],[-111.440683,45.285898],[-111.440385,45.286495],[-111.440191,45.286942],[-111.440035,45.287591]]}},{"id":"('way', 1467806477)","type":"Feature","properties":{"aerialway":null,"piste:type":"downhill","piste:difficulty":"advanced","name":null,"base_elevation":1481},"geometry":{"type":"LineString","coordinates":[[-111.440506,45.2841],[-111.440574,45.284163],[-111.440683,45.284203],[-111.441051,45.28432],[-111.441151,45.284417]]}},{"id":"('way', 1467806478)","type":"Feature","properties":{"aerialway":null,"piste:type":"downhill","piste:difficulty":"advanced","name":null,"base_elevation":1299},"geometry":{"type":"LineString","coordinates":[[-111.443094,45.283823],[-111.4427,45.284197],[-111.442486,45.284447],[-111.442249,45.28479],[-111.441958,45.285304],[-111.441845,45.285476],[-111.441699,45.285811],[-111.441627,45.286172],[-111.441558,45.28659]]}},{"id":"('way', 1467806479)","type":"Feature","properties":{"aerialway":null,"piste:type":"downhill","piste:difficulty":"easy","name":"White Wing","base_elevation":1162},"geometry":{"type":"LineString","coordinates":[[-111.428685,45.283141],[-111.428279,45.282745],[-111.428105,45.282681],[-111.427253,45.282457]]}},{"id":"('way', 1467806480)","type":"Feature","properties":{"aerialway":null,"piste:type":"downhill","piste:difficulty":"advanced","name":null,"base_elevation":1111},"geometry":{"type":"LineString","coordinates":[[-111.44408,45.2655],[-111.44367,45.265365],[-111.443255,45.265167],[-111.442857,45.264793],[-111.442389,45.264291],[-111.442213,45.264085],[-111.442126,45.263743],[-111.44202,45.26322],[-111.442032,45.262771],[-111.44202,45.262298],[-111.441991,45.262112]]}},{"id":"('way', 1467806481)","type":"Feature","properties":{"aerialway":null,"piste:type":"downhill","piste:difficulty":"advanced","name":null,"base_elevation":1208},"geometry":{"type":"LineString","coordinates":[[-111.445101,45.266573],[-111.445242,45.266261],[-111.445496,45.266046],[-111.445608,45.265939],[-111.445704,45.265692],[-111.445633,45.265456],[-111.44543,45.265331],[-111.444958,45.265253],[-111.444643,45.265188],[-111.444205,45.26511],[-111.444012,45.265038],[-111.44388,45.264955]]}},{"id":"('way', 1467806482)","type":"Feature","properties":{"aerialway":null,"piste:type":"downhill","piste:difficulty":"advanced","name":null,"base_elevation":1128},"geometry":{"type":"LineString","coordinates":[[-111.445633,45.265456],[-111.445374,45.264852],[-111.445135,45.264298],[-111.44513,45.26419],[-111.445267,45.264055],[-111.445344,45.263926],[-111.445318,45.263804],[-111.445273,45.263626],[-111.445034,45.26345],[-111.44477,45.263282],[-111.444673,45.26315],[-111.44451,45.263071],[-111.444429,45.263028],[-111.444373,45.262971],[-111.444343,45.26242],[-111.444348,45.262049]]}},{"id":"('way', 1467806483)","type":"Feature","properties":{"aerialway":null,"piste:type":"downhill","piste:difficulty":"advanced","name":"Aspen  Meadows","base_elevation":1235},"geometry":{"type":"LineString","coordinates":[[-111.448283,45.266168],[-111.447998,45.265719],[-111.447523,45.265306],[-111.446755,45.26487],[-111.446056,45.264326]]}},{"id":"('way', 1467806484)","type":"Feature","properties":{"aerialway":null,"piste:type":"downhill","piste:difficulty":"advanced","name":null,"base_elevation":1141},"geometry":{"type":"LineString","coordinates":[[-111.448503,45.263453],[-111.447853,45.263097],[-111.447663,45.262945],[-111.447399,45.262774],[-111.446816,45.262521],[-111.446498,45.262326],[-111.446153,45.26199]]}},{"id":"('way', 1467806485)","type":"Feature","properties":{"aerialway":null,"piste:type":"downhill","piste:difficulty":"intermediate","name":null,"base_elevation":1261},"geometry":{"type":"LineString","coordinates":[[-111.443556,45.268286],[-111.443711,45.267811],[-111.443829,45.267658],[-111.444056,45.267504],[-111.444601,45.267302],[-111.445054,45.267151],[-111.445154,45.267029],[-111.445261,45.266812]]}},{"id":"('way', 1467806486)","type":"Feature","properties":{"aerialway":null,"piste:type":"downhill","piste:difficulty":"intermediate","name":null,"base_elevation":1312},"geometry":{"type":"LineString","coordinates":[[-111.445936,45.272291],[-111.445597,45.271277],[-111.445244,45.270563],[-111.444873,45.26996],[-111.444414,45.269146],[-111.444265,45.268816]]}},{"id":"('way', 1528599466)","type":"Feature","properties":{"aerialway":"gondola","piste:type":null,"piste:difficulty":null,"name":"Explorer Gondola Upper","base_elevation":1046},"geometry":{"type":"LineString","coordinates":[[-111.418998,45.283763],[-111.431882,45.277806]]}}]}