{"type":"FeatureCollection","features":[{"id":"0","type":"Feature","properties":{"landuse":"brownfield","amenity":"unknown","military":"unknown","base_elevation":51},"geometry":{"type":"Polygon","coordinates":[[[106.553602,29.507131],[106.550414,29.507008],[106.550202,29.507335],[106.550176,29.508341],[106.549873,29.50907],[106.550042,29.509255],[106.553519,29.5093],[106.553701,29.509193],[106.553751,29.507268],[106.553602,29.507131]]]}},{"id":"1","type":"Feature","properties":{"landuse":"brownfield","amenity":"unknown","military":"unknown","base_elevation":112},"geometry":{"type":"Polygon","coordinates":[[[106.596852,29.561769],[106.597381,29.561641],[106.597477,29.561345],[106.597222,29.560901],[106.596789,29.560799],[106.59683,29.560483],[106.596116,29.56051],[106.596199,29.56091],[106.596152,29.561655],[106.596273,29.562248],[106.596896,29.56217],[106.596852,29.561769]]]}},{"id":"2","type":"Feature","properties":{"landuse":"brownfield","amenity":"unknown","military":"unknown","base_elevation":73},"geometry":{"type":"Polygon","coordinates":[[[106.575341,29.572204],[106.575136,29.571956],[106.574129,29.571555],[106.573785,29.57233],[106.574517,29.572814],[106.575334,29.572414],[106.575341,29.572204]]]}},{"id":"3","type":"Feature","properties":{"landuse":"brownfield","amenity":"unknown","military":"unknown","base_elevation":57},"geometry":{"type":"Polygon","coordinates":[[[106.554844,29.574036],[106.554758,29.573016],[106.553264,29.573037],[106.553242,29.573193],[106.553111,29.573221],[106.553097,29.573893],[106.553492,29.573781],[106.554535,29.573746],[106.554744,29.574054],[106.554844,29.574036]]]}},{"id":"4","type":"Feature","properties":{"landuse":"brownfield","amenity":"unknown","military":"unknown","base_elevation":114},"geometry":{"type":"Polygon","coordinates":[[[106.597701,29.592911],[106.597034,29.593059],[106.595419,29.593211],[106.595342,29.593521],[106.597118,29.593539],[106.597912,29.593731],[106.597701,29.592911]]]}},{"id":"5","type":"Feature","properties":{"landuse":"brownfield","amenity":"unknown","military":"unknown","base_elevation":105},"geometry":{"type":"Polygon","coordinates":[[[106.543122,29.599895],[106.544183,29.5999],[106.544189,29.599833],[106.541549,29.599818],[106.541358,29.601056],[106.5416,29.601306],[106.542617,29.601291],[106.542583,29.600491],[106.543118,29.600479],[106.543122,29.599895]]]}},{"id":"6","type":"Feature","properties":{"landuse":"brownfield","amenity":"unknown","military":"unknown","base_elevation":107},"geometry":{"type":"Polygon","coordinates":[[[106.553324,29.614235],[106.553288,29.613314],[106.553399,29.613302],[106.553348,29.612581],[106.551928,29.612908],[106.551174,29.613164],[106.551272,29.61368],[106.550696,29.613716],[106.550688,29.614188],[106.552376,29.614103],[106.552523,29.614277],[106.553324,29.614235]]]}},{"id":"7","type":"Feature","properties":{"landuse":"brownfield","amenity":"unknown","military":"unknown","base_elevation":125},"geometry":{"type":"Polygon","coordinates":[[[106.561854,29.630866],[106.561397,29.631562],[106.561426,29.631644],[106.563011,29.632325],[106.563213,29.632299],[106.563685,29.631384],[106.563593,29.631243],[106.562037,29.630825],[106.561854,29.630866]]]}},{"id":"8","type":"Feature","properties":{"landuse":"brownfield","amenity":"unknown","military":"unknown","base_elevation":140},"geometry":{"type":"Polygon","coordinates":[[[106.645551,29.500933],[106.643937,29.501766],[106.643894,29.501967],[106.64467,29.502894],[106.646432,29.501953],[106.645551,29.500933]]]}},{"id":"9","type":"Feature","properties":{"landuse":"brownfield","amenity":"unknown","military":"unknown","base_elevation":104},"geometry":{"type":"Polygon","coordinates":[[[106.650009,29.50261],[106.650185,29.502325],[106.649585,29.501409],[106.647589,29.502439],[106.648397,29.503422],[106.650009,29.50261]]]}},{"id":"10","type":"Feature","properties":{"landuse":"brownfield","amenity":"unknown","military":"unknown","base_elevation":118},"geometry":{"type":"Polygon","coordinates":[[[106.647591,29.503808],[106.647683,29.503663],[106.64703,29.502735],[106.645347,29.503617],[106.645654,29.50392],[106.646035,29.504479],[106.646218,29.504515],[106.647591,29.503808]]]}},{"id":"11","type":"Feature","properties":{"landuse":"brownfield","amenity":"unknown","military":"unknown","base_elevation":117},"geometry":{"type":"Polygon","coordinates":[[[106.647847,29.503996],[106.646316,29.504765],[106.646292,29.505007],[106.646957,29.505973],[106.647274,29.506806],[106.647468,29.506864],[106.649181,29.505964],[106.649205,29.50569],[106.64803,29.504058],[106.647847,29.503996]]]}},{"id":"12","type":"Feature","properties":{"landuse":"brownfield","amenity":"unknown","military":"unknown","base_elevation":99},"geometry":{"type":"Polygon","coordinates":[[[106.658243,29.510873],[106.656969,29.510868],[106.656851,29.511006],[106.65684,29.511862],[106.658253,29.511823],[106.658243,29.510873]]]}},{"id":"13","type":"Feature","properties":{"landuse":"brownfield","amenity":"unknown","military":"unknown","base_elevation":137},"geometry":{"type":"Polygon","coordinates":[[[106.607519,29.581549],[106.607989,29.581715],[106.60819,29.581871],[106.608895,29.582851],[106.609215,29.582736],[106.609144,29.582326],[106.60944,29.582149],[106.609451,29.581883],[106.60966,29.581332],[106.609418,29.581171],[106.609381,29.580518],[106.609035,29.580437],[106.608319,29.580653],[106.60779,29.580094],[106.607903,29.579683],[106.607079,29.579445],[106.606674,29.579102],[106.606495,29.579205],[106.60712,29.58105],[106.607283,29.581337],[106.607519,29.581549]]]}},{"id":"14","type":"Feature","properties":{"landuse":"brownfield","amenity":"unknown","military":"unknown","base_elevation":64},"geometry":{"type":"Polygon","coordinates":[[[106.60096,29.592175],[106.600565,29.59208],[106.600249,29.593081],[106.600715,29.593172],[106.60096,29.592175]]]}},{"id":"15","type":"Feature","properties":{"landuse":"brownfield","amenity":"unknown","military":"unknown","base_elevation":98},"geometry":{"type":"Polygon","coordinates":[[[106.639711,29.621189],[106.639547,29.621627],[106.639616,29.622328],[106.640842,29.622163],[106.640955,29.622021],[106.640574,29.620921],[106.639711,29.621189]]]}},{"id":"16","type":"Feature","properties":{"landuse":"cemetery","amenity":"unknown","military":"unknown","base_elevation":210},"geometry":{"type":"Polygon","coordinates":[[[106.583939,29.515212],[106.583086,29.516273],[106.583722,29.51666],[106.584575,29.515599],[106.583939,29.515212]]]}},{"id":"17","type":"Feature","properties":{"landuse":"cemetery","amenity":"unknown","military":"unknown","base_elevation":201},"geometry":{"type":"Polygon","coordinates":[[[106.584274,29.51915],[106.583975,29.520198],[106.583504,29.520321],[106.583506,29.520613],[106.5837,29.521141],[106.584005,29.52121],[106.584241,29.521196],[106.58486,29.520734],[106.584431,29.51992],[106.584444,29.519747],[106.584857,29.519173],[106.584946,29.518834],[106.584877,29.518701],[106.5838,29.51848],[106.583614,29.519005],[106.584274,29.51915]]]}},{"id":"18","type":"Feature","properties":{"landuse":"cemetery","amenity":"unknown","military":"unknown","base_elevation":118},"geometry":{"type":"Polygon","coordinates":[[[106.657713,29.568169],[106.658126,29.568827],[106.658684,29.568762],[106.659606,29.567894],[106.660353,29.568035],[106.660581,29.567481],[106.66027,29.566955],[106.660522,29.566751],[106.660136,29.566172],[106.659321,29.566079],[106.65913,29.566328],[106.658385,29.566398],[106.658183,29.566574],[106.657919,29.566506],[106.657836,29.566746],[106.657713,29.568169]]]}},{"id":"19","type":"Feature","properties":{"landuse":"cemetery","amenity":"unknown","military":"unknown","base_elevation":178},"geometry":{"type":"Polygon","coordinates":[[[106.60565,29.573511],[106.60606,29.57348],[106.605996,29.573177],[106.606693,29.572874],[106.606934,29.572384],[106.606513,29.571735],[106.60473,29.571306],[106.60448,29.571656],[106.604467,29.572148],[106.604743,29.572447],[106.604837,29.572755],[106.60503,29.573009],[106.60565,29.573511]]]}},{"id":"20","type":"Feature","properties":{"landuse":"cemetery","amenity":"unknown","military":"unknown","base_elevation":268},"geometry":{"type":"Polygon","coordinates":[[[106.517131,29.632983],[106.5171,29.632419],[106.516965,29.63217],[106.516623,29.632455],[106.516315,29.632403],[106.516048,29.632711],[106.516309,29.632909],[106.516249,29.633156],[106.516777,29.633682],[106.517131,29.632983]]]}},{"id":"21","type":"Feature","properties":{"landuse":"commercial","amenity":"courthouse","military":"unknown","base_elevation":173},"geometry":{"type":"Polygon","coordinates":[[[106.530302,29.598424],[106.530302,29.599294],[106.530395,29.599383],[106.532312,29.599394],[106.532394,29.599352],[106.532726,29.598581],[106.532322,29.598416],[106.530302,29.598424]]]}},{"id":"22","type":"Feature","properties":{"landuse":"commercial","amenity":"townhall","military":"unknown","base_elevation":102},"geometry":{"type":"Polygon","coordinates":[[[106.507655,29.50535],[106.507174,29.504236],[106.507038,29.504194],[106.505787,29.504753],[106.505657,29.504905],[106.506271,29.505981],[106.507655,29.50535]]]}},{"id":"23","type":"Feature","properties":{"landuse":"commercial","amenity":"townhall","military":"unknown","base_elevation":97},"geometry":{"type":"Polygon","coordinates":[[[106.569966,29.610291],[106.570623,29.610464],[106.571306,29.61048],[106.572492,29.610204],[106.571058,29.607906],[106.570834,29.607862],[106.569379,29.608474],[106.5696,29.609187],[106.568817,29.609413],[106.568978,29.609583],[106.568817,29.609734],[106.569966,29.610291]]]}},{"id":"24","type":"Feature","properties":{"landuse":"commercial","amenity":"townhall","military":"unknown","base_elevation":170},"geometry":{"type":"Polygon","coordinates":[[[106.562293,29.643754],[106.562124,29.643779],[106.560705,29.64544],[106.5607,29.64556],[106.562573,29.64689],[106.562774,29.646869],[106.564344,29.645268],[106.564346,29.645158],[106.562293,29.643754]]]}},{"id":"25","type":"Feature","properties":{"landuse":"commercial","amenity":"unknown","military":"unknown","base_elevation":136},"geometry":{"type":"Polygon","coordinates":[[[106.508929,29.512114],[106.50897,29.511945],[106.508787,29.51165],[106.508589,29.511608],[106.508533,29.511805],[106.508757,29.51219],[106.508929,29.512114]]]}},{"id":"26","type":"Feature","properties":{"landuse":"commercial","amenity":"unknown","military":"unknown","base_elevation":135},"geometry":{"type":"Polygon","coordinates":[[[106.500176,29.512143],[106.500179,29.512356],[106.500297,29.512358],[106.500308,29.512964],[106.500904,29.512968],[106.500858,29.512134],[106.500176,29.512143]]]}},{"id":"27","type":"Feature","properties":{"landuse":"commercial","amenity":"unknown","military":"unknown","base_elevation":118},"geometry":{"type":"Polygon","coordinates":[[[106.507462,29.515365],[106.507834,29.51545],[106.508613,29.514609],[106.508212,29.514244],[106.507337,29.514646],[106.507569,29.515037],[106.507484,29.515078],[106.507462,29.515365]]]}},{"id":"28","type":"Feature","properties":{"landuse":"commercial","amenity":"unknown","military":"unknown","base_elevation":117},"geometry":{"type":"Polygon","coordinates":[[[106.502028,29.514846],[106.501679,29.515178],[106.50183,29.515296],[106.502178,29.514961],[106.502028,29.514846]]]}},{"id":"29","type":"Feature","properties":{"landuse":"commercial","amenity":"unknown","military":"unknown","base_elevation":152},"geometry":{"type":"Polygon","coordinates":[[[106.506928,29.534939],[106.50715,29.534941],[106.507148,29.532236],[106.505304,29.532214],[106.505117,29.532607],[106.506793,29.532602],[106.506795,29.533038],[106.506936,29.533039],[106.506928,29.534939]]]}},{"id":"30","type":"Feature","properties":{"landuse":"commercial","amenity":"unknown","military":"unknown","base_elevation":164},"geometry":{"type":"Polygon","coordinates":[[[106.499713,29.530982],[106.499087,29.531151],[106.496625,29.532442],[106.496785,29.532768],[106.496407,29.533444],[106.497535,29.53376],[106.497469,29.536382],[106.497898,29.536384],[106.497885,29.538088],[106.498443,29.538088],[106.498449,29.538326],[106.500004,29.538309],[106.500062,29.536306],[106.500906,29.536308],[106.500911,29.53578],[106.502698,29.535775],[106.503065,29.534706],[106.502832,29.534634],[106.502844,29.533331],[106.502482,29.533402],[106.502515,29.532043],[106.502823,29.531495],[106.50283,29.531212],[106.503214,29.531056],[106.503218,29.530982],[106.499713,29.530982]]]}},{"id":"31","type":"Feature","properties":{"landuse":"commercial","amenity":"unknown","military":"unknown","base_elevation":28},"geometry":{"type":"Polygon","coordinates":[[[106.506817,29.555542],[106.506575,29.555192],[106.504845,29.555415],[106.504183,29.55568],[106.504408,29.556776],[106.504684,29.556816],[106.507384,29.556029],[106.507328,29.555853],[106.506817,29.555542]]]}},{"id":"32","type":"Feature","properties":{"landuse":"commercial","amenity":"unknown","military":"unknown","base_elevation":115},"geometry":{"type":"Polygon","coordinates":[[[106.50363,29.595042],[106.503893,29.595163],[106.503871,29.595513],[106.505293,29.595606],[106.505391,29.5952],[106.50385,29.594958],[106.503812,29.594645],[106.504193,29.594142],[106.504113,29.593988],[106.503565,29.59437],[106.50363,29.595042]]]}},{"id":"33","type":"Feature","properties":{"landuse":"commercial","amenity":"unknown","military":"unknown","base_elevation":140},"geometry":{"type":"Polygon","coordinates":[[[106.500887,29.596851],[106.501823,29.596841],[106.501823,29.596411],[106.500883,29.596417],[106.500887,29.596851]]]}},{"id":"34","type":"Feature","properties":{"landuse":"commercial","amenity":"unknown","military":"unknown","base_elevation":119},"geometry":{"type":"Polygon","coordinates":[[[106.503891,29.597578],[106.503932,29.597082],[106.503723,29.596551],[106.50355,29.5964],[106.502596,29.596402],[106.502618,29.597945],[106.503035,29.597942],[106.503373,29.598283],[106.503869,29.598292],[106.503869,29.598105],[106.503998,29.59811],[106.504004,29.597881],[106.503789,29.597819],[106.503891,29.597578]]]}},{"id":"35","type":"Feature","properties":{"landuse":"commercial","amenity":"unknown","military":"unknown","base_elevation":124},"geometry":{"type":"Polygon","coordinates":[[[106.504644,29.600828],[106.504835,29.599981],[106.504776,29.599914],[106.504141,29.599834],[106.503978,29.600645],[106.50422,29.600767],[106.504644,29.600828]]]}},{"id":"36","type":"Feature","properties":{"landuse":"commercial","amenity":"unknown","military":"unknown","base_elevation":136},"geometry":{"type":"Polygon","coordinates":[[[106.506004,29.601123],[106.505246,29.601129],[106.505202,29.601388],[106.506075,29.601379],[106.506076,29.601186],[106.506004,29.601123]]]}},{"id":"37","type":"Feature","properties":{"landuse":"commercial","amenity":"unknown","military":"unknown","base_elevation":129},"geometry":{"type":"Polygon","coordinates":[[[106.506704,29.602027],[106.506704,29.602581],[106.506132,29.602592],[106.506133,29.60276],[106.505587,29.602773],[106.505591,29.603247],[106.507314,29.603143],[106.50738,29.603047],[106.507383,29.602127],[106.507244,29.602014],[106.506704,29.602027]]]}},{"id":"38","type":"Feature","properties":{"landuse":"commercial","amenity":"unknown","military":"unknown","base_elevation":121},"geometry":{"type":"Polygon","coordinates":[[[106.502353,29.603824],[106.502392,29.604772],[106.503759,29.605438],[106.503996,29.603963],[106.503736,29.60376],[106.502353,29.603824]]]}},{"id":"39","type":"Feature","properties":{"landuse":"commercial","amenity":"unknown","military":"unknown","base_elevation":123},"geometry":{"type":"Polygon","coordinates":[[[106.502145,29.610218],[106.502126,29.608778],[106.501305,29.608778],[106.501434,29.610221],[106.502145,29.610218]]]}},{"id":"40","type":"Feature","properties":{"landuse":"commercial","amenity":"unknown","military":"unknown","base_elevation":128},"geometry":{"type":"Polygon","coordinates":[[[106.499771,29.610358],[106.501182,29.610359],[106.50113,29.609955],[106.49977,29.609956],[106.499771,29.610358]]]}},{"id":"41","type":"Feature","properties":{"landuse":"commercial","amenity":"unknown","military":"unknown","base_elevation":137},"geometry":{"type":"Polygon","coordinates":[[[106.508653,29.611311],[106.508528,29.610562],[106.506425,29.610566],[106.506322,29.611299],[106.508653,29.611311]]]}},{"id":"42","type":"Feature","properties":{"landuse":"commercial","amenity":"unknown","military":"unknown","base_elevation":126},"geometry":{"type":"Polygon","coordinates":[[[106.500653,29.612278],[106.500762,29.612386],[106.503741,29.61237],[106.503825,29.612232],[106.503496,29.610757],[106.503082,29.610562],[106.501423,29.610614],[106.501249,29.610757],[106.500653,29.612278]]]}},{"id":"43","type":"Feature","properties":{"landuse":"commercial","amenity":"unknown","military":"unknown","base_elevation":130},"geometry":{"type":"Polygon","coordinates":[[[106.498437,29.613226],[106.499683,29.613696],[106.499815,29.613652],[106.501081,29.610544],[106.498378,29.610521],[106.498437,29.613226]]]}},{"id":"44","type":"Feature","properties":{"landuse":"commercial","amenity":"unknown","military":"unknown","base_elevation":152},"geometry":{"type":"Polygon","coordinates":[[[106.507443,29.612618],[106.507319,29.612681],[106.50723,29.61302],[106.507003,29.613017],[106.506912,29.613343],[106.508692,29.61361],[106.508658,29.613344],[106.508428,29.613148],[106.508354,29.612913],[106.507443,29.612618]]]}},{"id":"45","type":"Feature","properties":{"landuse":"commercial","amenity":"unknown","military":"unknown","base_elevation":136},"geometry":{"type":"Polygon","coordinates":[[[106.500951,29.614053],[106.501851,29.61411],[106.50186,29.612582],[106.500544,29.61258],[106.500005,29.613598],[106.499996,29.613808],[106.500951,29.614053]]]}},{"id":"46","type":"Feature","properties":{"landuse":"commercial","amenity":"unknown","military":"unknown","base_elevation":129},"geometry":{"type":"Polygon","coordinates":[[[106.503922,29.612656],[106.503561,29.612522],[106.502026,29.612529],[106.501958,29.612598],[106.501941,29.614112],[106.502004,29.614189],[106.504075,29.614272],[106.504183,29.614154],[106.503922,29.612656]]]}},{"id":"47","type":"Feature","properties":{"landuse":"commercial","amenity":"unknown","military":"unknown","base_elevation":130},"geometry":{"type":"Polygon","coordinates":[[[106.505155,29.614221],[106.512368,29.614852],[106.512391,29.613865],[106.509687,29.613811],[106.50796,29.613655],[106.504681,29.613071],[106.504475,29.613227],[106.504725,29.614047],[106.505155,29.614221]]]}},{"id":"48","type":"Feature","properties":{"landuse":"commercial","amenity":"unknown","military":"unknown","base_elevation":139},"geometry":{"type":"Polygon","coordinates":[[[106.498458,29.616512],[106.500956,29.616522],[106.500962,29.615202],[106.498462,29.614616],[106.498458,29.616512]]]}},{"id":"49","type":"Feature","properties":{"landuse":"commercial","amenity":"unknown","military":"unknown","base_elevation":137},"geometry":{"type":"Polygon","coordinates":[[[106.504537,29.61558],[106.504542,29.616293],[106.504683,29.616412],[106.50726,29.616402],[106.507397,29.616282],[106.5074,29.615575],[106.507309,29.615509],[106.504721,29.615409],[106.504537,29.61558]]]}},{"id":"50","type":"Feature","properties":{"landuse":"commercial","amenity":"unknown","military":"unknown","base_elevation":140},"geometry":{"type":"Polygon","coordinates":[[[106.507568,29.615626],[106.507572,29.616298],[106.507724,29.616414],[106.510129,29.616443],[106.510238,29.616332],[106.510231,29.615795],[106.510132,29.615715],[106.507686,29.615546],[106.507568,29.615626]]]}},{"id":"51","type":"Feature","properties":{"landuse":"commercial","amenity":"unknown","military":"unknown","base_elevation":149},"geometry":{"type":"Polygon","coordinates":[[[106.509054,29.616594],[106.509051,29.6172],[106.509121,29.617262],[106.510244,29.617211],[106.510237,29.616654],[106.510127,29.616543],[106.509139,29.616532],[106.509054,29.616594]]]}},{"id":"52","type":"Feature","properties":{"landuse":"commercial","amenity":"unknown","military":"unknown","base_elevation":147},"geometry":{"type":"Polygon","coordinates":[[[106.507567,29.6166],[106.507577,29.617989],[106.507729,29.618108],[106.508845,29.618112],[106.5089,29.618055],[106.508897,29.616597],[106.508829,29.61653],[106.507648,29.616525],[106.507567,29.6166]]]}},{"id":"53","type":"Feature","properties":{"landuse":"commercial","amenity":"unknown","military":"unknown","base_elevation":145},"geometry":{"type":"Polygon","coordinates":[[[106.504595,29.617946],[106.504753,29.618085],[106.507261,29.618078],[106.507393,29.617967],[106.507375,29.616655],[106.50725,29.616567],[106.504719,29.616572],[106.504592,29.616689],[106.504595,29.617946]]]}},{"id":"54","type":"Feature","properties":{"landuse":"commercial","amenity":"unknown","military":"unknown","base_elevation":149},"geometry":{"type":"Polygon","coordinates":[[[106.500942,29.618125],[106.500949,29.616653],[106.49846,29.616645],[106.498454,29.618117],[106.500942,29.618125]]]}},{"id":"55","type":"Feature","properties":{"landuse":"commercial","amenity":"unknown","military":"unknown","base_elevation":152},"geometry":{"type":"Polygon","coordinates":[[[106.509086,29.618116],[106.510172,29.618115],[106.510273,29.618045],[106.510267,29.61742],[106.510169,29.617349],[106.50912,29.617341],[106.509007,29.617424],[106.509011,29.618049],[106.509086,29.618116]]]}},{"id":"56","type":"Feature","properties":{"landuse":"commercial","amenity":"unknown","military":"unknown","base_elevation":150},"geometry":{"type":"Polygon","coordinates":[[[106.50094,29.618262],[106.49846,29.618267],[106.498459,29.618661],[106.498666,29.618857],[106.50094,29.619138],[106.50094,29.618262]]]}},{"id":"57","type":"Feature","properties":{"landuse":"commercial","amenity":"unknown","military":"unknown","base_elevation":145},"geometry":{"type":"Polygon","coordinates":[[[106.504691,29.618243],[106.504601,29.618339],[106.504599,29.619355],[106.504797,29.619505],[106.507194,29.619553],[106.507335,29.619436],[106.507344,29.618378],[106.50717,29.618248],[106.504691,29.618243]]]}},{"id":"58","type":"Feature","properties":{"landuse":"commercial","amenity":"unknown","military":"unknown","base_elevation":154},"geometry":{"type":"Polygon","coordinates":[[[106.506043,29.620953],[106.507389,29.621009],[106.507395,29.62003],[106.507271,29.619923],[106.506119,29.61999],[106.506051,29.620051],[106.506043,29.620953]]]}},{"id":"59","type":"Feature","properties":{"landuse":"commercial","amenity":"unknown","military":"unknown","base_elevation":152},"geometry":{"type":"Polygon","coordinates":[[[106.498412,29.619327],[106.4984,29.621527],[106.498575,29.621661],[106.499835,29.621444],[106.500948,29.621492],[106.500931,29.619607],[106.498412,29.619327]]]}},{"id":"60","type":"Feature","properties":{"landuse":"commercial","amenity":"unknown","military":"unknown","base_elevation":145},"geometry":{"type":"Polygon","coordinates":[[[106.503728,29.620248],[106.503391,29.620523],[106.502423,29.620675],[106.501789,29.620445],[106.501535,29.620255],[106.501158,29.620255],[106.501151,29.621464],[106.504131,29.62179],[106.504136,29.620255],[106.503728,29.620248]]]}},{"id":"61","type":"Feature","properties":{"landuse":"commercial","amenity":"unknown","military":"unknown","base_elevation":155},"geometry":{"type":"Polygon","coordinates":[[[106.510213,29.62001],[106.510114,29.619927],[106.507767,29.61997],[106.507661,29.620087],[106.507742,29.622041],[106.507866,29.622146],[106.510864,29.62214],[106.510995,29.622038],[106.510373,29.620828],[106.510213,29.62001]]]}},{"id":"62","type":"Feature","properties":{"landuse":"commercial","amenity":"unknown","military":"unknown","base_elevation":145},"geometry":{"type":"Polygon","coordinates":[[[106.505803,29.619991],[106.504598,29.620078],[106.504555,29.620137],[106.504568,29.621768],[106.50467,29.621866],[106.507365,29.622129],[106.507543,29.621994],[106.507515,29.621196],[106.507383,29.621098],[106.505919,29.621116],[106.50591,29.620051],[106.505803,29.619991]]]}},{"id":"63","type":"Feature","properties":{"landuse":"commercial","amenity":"unknown","military":"unknown","base_elevation":185},"geometry":{"type":"Polygon","coordinates":[[[106.513368,29.546053],[106.513473,29.546463],[106.514274,29.546126],[106.513991,29.54552],[106.513865,29.545468],[106.513411,29.545622],[106.513368,29.546053]]]}},{"id":"64","type":"Feature","properties":{"landuse":"commercial","amenity":"unknown","military":"unknown","base_elevation":206},"geometry":{"type":"Polygon","coordinates":[[[106.522707,29.549046],[106.52283,29.549457],[106.523812,29.549273],[106.523506,29.54882],[106.522707,29.549046]]]}},{"id":"65","type":"Feature","properties":{"landuse":"commercial","amenity":"unknown","military":"unknown","base_elevation":59},"geometry":{"type":"Polygon","coordinates":[[[106.51432,29.551579],[106.514233,29.551495],[106.513113,29.551568],[106.513171,29.552536],[106.513702,29.552485],[106.514057,29.552306],[106.514266,29.552026],[106.51432,29.551579]]]}},{"id":"66","type":"Feature","properties":{"landuse":"commercial","amenity":"unknown","military":"unknown","base_elevation":51},"geometry":{"type":"Polygon","coordinates":[[[106.512967,29.551592],[106.511311,29.551651],[106.510837,29.551817],[106.510408,29.552102],[106.510406,29.5522],[106.511113,29.552955],[106.511234,29.552979],[106.51189,29.552623],[106.512929,29.552555],[106.512987,29.552501],[106.512967,29.551592]]]}},{"id":"67","type":"Feature","properties":{"landuse":"commercial","amenity":"unknown","military":"unknown","base_elevation":27},"geometry":{"type":"Polygon","coordinates":[[[106.514458,29.551538],[106.514363,29.552056],[106.514127,29.552377],[106.513912,29.55251],[106.51354,29.552612],[106.511953,29.552719],[106.511296,29.553082],[106.51127,29.553186],[106.512104,29.554319],[106.512496,29.554415],[106.51543,29.553614],[106.514896,29.552198],[106.514875,29.551938],[106.514979,29.551551],[106.514458,29.551538]]]}},{"id":"68","type":"Feature","properties":{"landuse":"commercial","amenity":"unknown","military":"unknown","base_elevation":81},"geometry":{"type":"Polygon","coordinates":[[[106.525833,29.562448],[106.525082,29.562299],[106.525103,29.563013],[106.525832,29.563018],[106.525833,29.562448]]]}},{"id":"69","type":"Feature","properties":{"landuse":"commercial","amenity":"unknown","military":"unknown","base_elevation":79},"geometry":{"type":"Polygon","coordinates":[[[106.526941,29.568597],[106.526105,29.567995],[106.52623,29.568818],[106.526383,29.568893],[106.526941,29.568597]]]}},{"id":"70","type":"Feature","properties":{"landuse":"commercial","amenity":"unknown","military":"unknown","base_elevation":81},"geometry":{"type":"Polygon","coordinates":[[[106.528664,29.570665],[106.528774,29.570593],[106.529011,29.569527],[106.528702,29.569291],[106.528805,29.568866],[106.527552,29.568991],[106.526545,29.569302],[106.526541,29.56988],[106.526426,29.570237],[106.526518,29.57035],[106.527417,29.570394],[106.528053,29.570701],[106.528664,29.570665]]]}},{"id":"71","type":"Feature","properties":{"landuse":"commercial","amenity":"unknown","military":"unknown","base_elevation":115},"geometry":{"type":"Polygon","coordinates":[[[106.525666,29.574227],[106.525261,29.574357],[106.524886,29.57509],[106.52568,29.57524],[106.525951,29.575379],[106.526779,29.574385],[106.52675,29.574278],[106.526405,29.574216],[106.525666,29.574227]]]}},{"id":"72","type":"Feature","properties":{"landuse":"commercial","amenity":"unknown","military":"unknown","base_elevation":144},"geometry":{"type":"Polygon","coordinates":[[[106.518194,29.576135],[106.517235,29.575719],[106.517016,29.575773],[106.517109,29.57621],[106.517005,29.576547],[106.517876,29.576866],[106.518194,29.576135]]]}},{"id":"73","type":"Feature","properties":{"landuse":"commercial","amenity":"unknown","military":"unknown","base_elevation":119},"geometry":{"type":"Polygon","coordinates":[[[106.525236,29.576543],[106.525357,29.575954],[106.524628,29.575893],[106.52435,29.57658],[106.523895,29.576673],[106.523774,29.576786],[106.523725,29.577334],[106.523819,29.577409],[106.525143,29.57751],[106.52525,29.57744],[106.525236,29.576543]]]}},{"id":"74","type":"Feature","properties":{"landuse":"commercial","amenity":"unknown","military":"unknown","base_elevation":155},"geometry":{"type":"Polygon","coordinates":[[[106.520465,29.592956],[106.519547,29.592687],[106.519295,29.59335],[106.520238,29.5936],[106.520465,29.592956]]]}},{"id":"75","type":"Feature","properties":{"landuse":"commercial","amenity":"unknown","military":"unknown","base_elevation":143},"geometry":{"type":"Polygon","coordinates":[[[106.511231,29.592699],[106.51045,29.593652],[106.510962,29.594049],[106.511198,29.594112],[106.511564,29.593987],[106.512153,29.593419],[106.511231,29.592699]]]}},{"id":"76","type":"Feature","properties":{"landuse":"commercial","amenity":"unknown","military":"unknown","base_elevation":151},"geometry":{"type":"Polygon","coordinates":[[[106.520962,29.593223],[106.520747,29.593363],[106.519958,29.595647],[106.520098,29.595758],[106.521631,29.596189],[106.521812,29.596175],[106.521903,29.59612],[106.52239,29.594753],[106.522288,29.593814],[106.522211,29.59364],[106.522034,29.593502],[106.520962,29.593223]]]}},{"id":"77","type":"Feature","properties":{"landuse":"commercial","amenity":"unknown","military":"unknown","base_elevation":149},"geometry":{"type":"Polygon","coordinates":[[[106.519897,29.595965],[106.519757,29.596035],[106.51878,29.59795],[106.521054,29.59852],[106.521785,29.596449],[106.521718,29.596367],[106.521096,29.596202],[106.519897,29.595965]]]}},{"id":"78","type":"Feature","properties":{"landuse":"commercial","amenity":"unknown","military":"unknown","base_elevation":141},"geometry":{"type":"Polygon","coordinates":[[[106.520506,29.601924],[106.519734,29.601575],[106.519855,29.601304],[106.51981,29.601034],[106.519556,29.600758],[106.519285,29.600633],[106.51918,29.600443],[106.519421,29.599851],[106.518108,29.599323],[106.517862,29.599428],[106.516446,29.60188],[106.516518,29.602204],[106.516774,29.602347],[106.51879,29.602459],[106.519756,29.602417],[106.520726,29.602215],[106.520822,29.602089],[106.520811,29.601885],[106.520506,29.601924]]]}},{"id":"79","type":"Feature","properties":{"landuse":"commercial","amenity":"unknown","military":"unknown","base_elevation":176},"geometry":{"type":"Polygon","coordinates":[[[106.524637,29.602069],[106.523873,29.60208],[106.522252,29.602362],[106.522146,29.602511],[106.522181,29.60392],[106.523158,29.603901],[106.523123,29.602867],[106.524231,29.602851],[106.524236,29.602929],[106.525226,29.602913],[106.525228,29.603003],[106.526095,29.603007],[106.526109,29.602622],[106.52597,29.602423],[106.525464,29.60221],[106.524637,29.602069]]]}},{"id":"80","type":"Feature","properties":{"landuse":"commercial","amenity":"unknown","military":"unknown","base_elevation":157},"geometry":{"type":"Polygon","coordinates":[[[106.517554,29.603953],[106.518099,29.603934],[106.517997,29.603224],[106.517542,29.603232],[106.517554,29.603953]]]}},{"id":"81","type":"Feature","properties":{"landuse":"commercial","amenity":"unknown","military":"unknown","base_elevation":153},"geometry":{"type":"Polygon","coordinates":[[[106.517299,29.603692],[106.516251,29.603696],[106.516321,29.604585],[106.51734,29.604534],[106.517299,29.603692]]]}},{"id":"82","type":"Feature","properties":{"landuse":"commercial","amenity":"unknown","military":"unknown","base_elevation":171},"geometry":{"type":"Polygon","coordinates":[[[106.522497,29.605555],[106.522503,29.606375],[106.523444,29.606366],[106.523434,29.605807],[106.523692,29.605804],[106.523692,29.605686],[106.523513,29.605541],[106.522497,29.605555]]]}},{"id":"83","type":"Feature","properties":{"landuse":"commercial","amenity":"unknown","military":"unknown","base_elevation":164},"geometry":{"type":"Polygon","coordinates":[[[106.520595,29.606235],[106.519817,29.606251],[106.519828,29.606954],[106.520001,29.607102],[106.521434,29.607076],[106.521415,29.606334],[106.521072,29.606338],[106.521057,29.605589],[106.520588,29.605604],[106.520595,29.606235]]]}},{"id":"84","type":"Feature","properties":{"landuse":"commercial","amenity":"unknown","military":"unknown","base_elevation":173},"geometry":{"type":"Polygon","coordinates":[[[106.52635,29.605567],[106.526154,29.605658],[106.525775,29.606942],[106.52587,29.60712],[106.527108,29.607367],[106.527407,29.607204],[106.52772,29.605965],[106.527546,29.605781],[106.52635,29.605567]]]}},{"id":"85","type":"Feature","properties":{"landuse":"commercial","amenity":"unknown","military":"unknown","base_elevation":187},"geometry":{"type":"Polygon","coordinates":[[[106.523954,29.609133],[106.523976,29.610722],[106.524248,29.611024],[106.525578,29.611412],[106.526117,29.611196],[106.526939,29.608568],[106.525472,29.608251],[106.525329,29.608755],[106.525139,29.608918],[106.524143,29.608965],[106.523954,29.609133]]]}},{"id":"86","type":"Feature","properties":{"landuse":"commercial","amenity":"unknown","military":"unknown","base_elevation":136},"geometry":{"type":"Polygon","coordinates":[[[106.512725,29.610553],[106.51258,29.610601],[106.512522,29.610732],[106.512537,29.611714],[106.512608,29.611769],[106.514204,29.611759],[106.514262,29.611702],[106.514231,29.610767],[106.514165,29.610653],[106.512725,29.610553]]]}},{"id":"87","type":"Feature","properties":{"landuse":"commercial","amenity":"unknown","military":"unknown","base_elevation":185},"geometry":{"type":"Polygon","coordinates":[[[106.525314,29.612361],[106.525246,29.611979],[106.524097,29.61164],[106.523816,29.61326],[106.52481,29.613367],[106.525314,29.612361]]]}},{"id":"88","type":"Feature","properties":{"landuse":"commercial","amenity":"unknown","military":"unknown","base_elevation":137},"geometry":{"type":"Polygon","coordinates":[[[106.51434,29.61518],[106.514245,29.611867],[106.512557,29.611874],[106.512562,29.614908],[106.51434,29.61518]]]}},{"id":"89","type":"Feature","properties":{"landuse":"commercial","amenity":"unknown","military":"unknown","base_elevation":149},"geometry":{"type":"Polygon","coordinates":[[[106.512507,29.620455],[106.512573,29.620515],[106.51334,29.620517],[106.513428,29.620454],[106.51343,29.61991],[106.512599,29.61987],[106.512499,29.619956],[106.512507,29.620455]]]}},{"id":"90","type":"Feature","properties":{"landuse":"commercial","amenity":"unknown","military":"unknown","base_elevation":142},"geometry":{"type":"Polygon","coordinates":[[[106.51487,29.61984],[106.514713,29.619987],[106.514715,29.620708],[106.515806,29.6207],[106.516101,29.619825],[106.51487,29.61984]]]}},{"id":"91","type":"Feature","properties":{"landuse":"commercial","amenity":"unknown","military":"unknown","base_elevation":151},"geometry":{"type":"Polygon","coordinates":[[[106.51043,29.619997],[106.510484,29.620503],[106.51065,29.620771],[106.512285,29.620776],[106.512352,29.620713],[106.512341,29.620066],[106.512242,29.619988],[106.511369,29.619995],[106.511056,29.619892],[106.510541,29.619898],[106.51043,29.619997]]]}},{"id":"92","type":"Feature","properties":{"landuse":"commercial","amenity":"unknown","military":"unknown","base_elevation":147},"geometry":{"type":"Polygon","coordinates":[[[106.513635,29.621923],[106.51447,29.621878],[106.514471,29.619984],[106.51435,29.619864],[106.513625,29.619872],[106.513551,29.619951],[106.513563,29.621861],[106.513635,29.621923]]]}},{"id":"93","type":"Feature","properties":{"landuse":"commercial","amenity":"unknown","military":"unknown","base_elevation":154},"geometry":{"type":"Polygon","coordinates":[[[106.511203,29.621924],[106.512234,29.621917],[106.512318,29.621851],[106.512316,29.620997],[106.512225,29.620912],[106.510764,29.620924],[106.510681,29.621017],[106.511203,29.621924]]]}},{"id":"94","type":"Feature","properties":{"landuse":"commercial","amenity":"unknown","military":"unknown","base_elevation":152},"geometry":{"type":"Polygon","coordinates":[[[106.513433,29.62188],[106.513435,29.620653],[106.513363,29.620596],[106.51258,29.620597],[106.512501,29.620666],[106.512516,29.621879],[106.512593,29.621938],[106.513362,29.621936],[106.513433,29.62188]]]}},{"id":"95","type":"Feature","properties":{"landuse":"commercial","amenity":"unknown","military":"unknown","base_elevation":154},"geometry":{"type":"Polygon","coordinates":[[[106.513662,29.623178],[106.514342,29.623313],[106.514464,29.62324],[106.514459,29.622125],[106.514344,29.622044],[106.512642,29.622058],[106.51255,29.622153],[106.512566,29.623074],[106.512725,29.623193],[106.513662,29.623178]]]}},{"id":"96","type":"Feature","properties":{"landuse":"commercial","amenity":"unknown","military":"unknown","base_elevation":165},"geometry":{"type":"Polygon","coordinates":[[[106.51226,29.623179],[106.512341,29.623059],[106.512322,29.622113],[106.512235,29.622045],[106.511284,29.622057],[106.51124,29.622115],[106.511703,29.623079],[106.511867,29.623196],[106.51226,29.623179]]]}},{"id":"97","type":"Feature","properties":{"landuse":"commercial","amenity":"unknown","military":"unknown","base_elevation":158},"geometry":{"type":"Polygon","coordinates":[[[106.521629,29.626689],[106.52123,29.626854],[106.521072,29.627052],[106.520613,29.628272],[106.521213,29.628395],[106.524522,29.626938],[106.524006,29.626824],[106.521629,29.626689]]]}},{"id":"98","type":"Feature","properties":{"landuse":"commercial","amenity":"unknown","military":"unknown","base_elevation":191},"geometry":{"type":"Polygon","coordinates":[[[106.528106,29.628473],[106.526737,29.626928],[106.526056,29.627369],[106.527021,29.628324],[106.527412,29.628883],[106.528106,29.628473]]]}},{"id":"99","type":"Feature","properties":{"landuse":"commercial","amenity":"unknown","military":"unknown","base_elevation":159},"geometry":{"type":"Polygon","coordinates":[[[106.537028,29.552935],[106.536959,29.553193],[106.536694,29.553428],[106.536004,29.553785],[106.535419,29.553871],[106.534719,29.55347],[106.534553,29.553527],[106.53561,29.554329],[106.536655,29.554628],[106.536964,29.554402],[106.537378,29.554442],[106.537411,29.55419],[106.537802,29.554116],[106.537593,29.553585],[106.537362,29.553255],[106.537482,29.553073],[106.537199,29.552902],[106.537028,29.552935]]]}},{"id":"100","type":"Feature","properties":{"landuse":"commercial","amenity":"unknown","military":"unknown","base_elevation":113},"geometry":{"type":"Polygon","coordinates":[[[106.546621,29.554824],[106.54598,29.554935],[106.546392,29.555171],[106.546922,29.555219],[106.547219,29.554992],[106.546621,29.554824]]]}},{"id":"101","type":"Feature","properties":{"landuse":"commercial","amenity":"unknown","military":"unknown","base_elevation":182},"geometry":{"type":"Polygon","coordinates":[[[106.55444,29.555001],[106.55439,29.555115],[106.554099,29.55504],[106.553913,29.555647],[106.55411,29.555688],[106.554761,29.556216],[106.554919,29.556239],[106.555274,29.555765],[106.554766,29.555247],[106.554824,29.555132],[106.55444,29.555001]]]}},{"id":"102","type":"Feature","properties":{"landuse":"commercial","amenity":"unknown","military":"unknown","base_elevation":107},"geometry":{"type":"Polygon","coordinates":[[[106.547901,29.556656],[106.546796,29.556249],[106.54661,29.556591],[106.545952,29.556787],[106.546238,29.558025],[106.546455,29.558132],[106.546751,29.558083],[106.548676,29.556775],[106.548828,29.556627],[106.548865,29.556476],[106.548691,29.555931],[106.548283,29.556069],[106.548224,29.556465],[106.547901,29.556656]]]}},{"id":"103","type":"Feature","properties":{"landuse":"commercial","amenity":"unknown","military":"unknown","base_elevation":49},"geometry":{"type":"Polygon","coordinates":[[[106.528764,29.55938],[106.528475,29.559415],[106.527842,29.559189],[106.527729,29.559217],[106.526925,29.560093],[106.527395,29.560311],[106.52848,29.560452],[106.528919,29.559854],[106.52949,29.560107],[106.529864,29.559479],[106.529858,29.559363],[106.529097,29.558981],[106.528764,29.55938]]]}},{"id":"104","type":"Feature","properties":{"landuse":"commercial","amenity":"unknown","military":"unknown","base_elevation":47},"geometry":{"type":"Polygon","coordinates":[[[106.529449,29.56063],[106.529475,29.560712],[106.530139,29.560983],[106.53028,29.560974],[106.530685,29.560444],[106.531143,29.560174],[106.530204,29.559537],[106.530073,29.559568],[106.529646,29.560181],[106.529449,29.56063]]]}},{"id":"105","type":"Feature","properties":{"landuse":"commercial","amenity":"unknown","military":"unknown","base_elevation":76},"geometry":{"type":"Polygon","coordinates":[[[106.554441,29.564029],[106.554188,29.563975],[106.553782,29.564394],[106.554299,29.564782],[106.554541,29.564539],[106.554867,29.564445],[106.555003,29.564562],[106.55531,29.564326],[106.555411,29.56414],[106.555087,29.564232],[106.554961,29.563886],[106.554441,29.564029]]]}},{"id":"106","type":"Feature","properties":{"landuse":"commercial","amenity":"unknown","military":"unknown","base_elevation":131},"geometry":{"type":"Polygon","coordinates":[[[106.553079,29.579268],[106.552402,29.58013],[106.552423,29.580245],[106.553481,29.580835],[106.554087,29.580675],[106.55389,29.580503],[106.553647,29.580565],[106.553579,29.580432],[106.554042,29.57981],[106.553079,29.579268]]]}},{"id":"107","type":"Feature","properties":{"landuse":"commercial","amenity":"unknown","military":"unknown","base_elevation":114},"geometry":{"type":"Polygon","coordinates":[[[106.55848,29.581638],[106.559432,29.58177],[106.55953,29.581727],[106.560346,29.580258],[106.56035,29.580083],[106.559663,29.579986],[106.559402,29.58097],[106.559093,29.581129],[106.558548,29.581172],[106.558484,29.581225],[106.55848,29.581638]]]}},{"id":"108","type":"Feature","properties":{"landuse":"commercial","amenity":"unknown","military":"unknown","base_elevation":171},"geometry":{"type":"Polygon","coordinates":[[[106.536913,29.582538],[106.538909,29.582501],[106.538487,29.581664],[106.538018,29.581985],[106.536881,29.582011],[106.536913,29.582538]]]}},{"id":"109","type":"Feature","properties":{"landuse":"commercial","amenity":"unknown","military":"unknown","base_elevation":167},"geometry":{"type":"Polygon","coordinates":[[[106.536766,29.582536],[106.536766,29.582],[106.535884,29.582],[106.535922,29.582535],[106.536766,29.582536]]]}},{"id":"110","type":"Feature","properties":{"landuse":"commercial","amenity":"unknown","military":"unknown","base_elevation":130},"geometry":{"type":"Polygon","coordinates":[[[106.557839,29.590091],[106.55809,29.590534],[106.558956,29.589018],[106.558646,29.588596],[106.558156,29.589197],[106.557847,29.589912],[106.557839,29.590091]]]}},{"id":"111","type":"Feature","properties":{"landuse":"commercial","amenity":"unknown","military":"unknown","base_elevation":159},"geometry":{"type":"Polygon","coordinates":[[[106.530313,29.591064],[106.529902,29.590962],[106.529558,29.591087],[106.529083,29.591711],[106.528835,29.592642],[106.528899,29.592694],[106.531822,29.592649],[106.531901,29.592577],[106.531907,29.591658],[106.5311,29.591446],[106.530313,29.591064]]]}},{"id":"112","type":"Feature","properties":{"landuse":"commercial","amenity":"unknown","military":"unknown","base_elevation":164},"geometry":{"type":"Polygon","coordinates":[[[106.534178,29.591423],[106.532107,29.591598],[106.532015,29.591687],[106.532012,29.592583],[106.532107,29.592653],[106.532452,29.592652],[106.532438,29.592262],[106.532651,29.592073],[106.533992,29.59199],[106.533965,29.591821],[106.534383,29.591772],[106.534338,29.591509],[106.534178,29.591423]]]}},{"id":"113","type":"Feature","properties":{"landuse":"commercial","amenity":"unknown","military":"unknown","base_elevation":173},"geometry":{"type":"Polygon","coordinates":[[[106.534073,29.593614],[106.534659,29.594118],[106.534713,29.593668],[106.534646,29.593604],[106.534073,29.593614]]]}},{"id":"114","type":"Feature","properties":{"landuse":"commercial","amenity":"unknown","military":"unknown","base_elevation":112},"geometry":{"type":"Polygon","coordinates":[[[106.541207,29.597717],[106.541443,29.596221],[106.540833,29.596277],[106.540608,29.59763],[106.541207,29.597717]]]}},{"id":"115","type":"Feature","properties":{"landuse":"commercial","amenity":"unknown","military":"unknown","base_elevation":177},"geometry":{"type":"Polygon","coordinates":[[[106.534979,29.599014],[106.534525,29.598954],[106.53443,29.599528],[106.534747,29.599515],[106.534979,29.599014]]]}},{"id":"116","type":"Feature","properties":{"landuse":"commercial","amenity":"unknown","military":"unknown","base_elevation":172},"geometry":{"type":"Polygon","coordinates":[[[106.53454,29.600314],[106.534643,29.599642],[106.533862,29.599514],[106.533686,29.599593],[106.533338,29.600271],[106.53454,29.600314]]]}},{"id":"117","type":"Feature","properties":{"landuse":"commercial","amenity":"unknown","military":"unknown","base_elevation":163},"geometry":{"type":"Polygon","coordinates":[[[106.534134,29.601614],[106.534437,29.600775],[106.53385,29.60073],[106.533422,29.601787],[106.534134,29.601614]]]}},{"id":"118","type":"Feature","properties":{"landuse":"commercial","amenity":"unknown","military":"unknown","base_elevation":161},"geometry":{"type":"Polygon","coordinates":[[[106.531953,29.605632],[106.532031,29.605695],[106.532708,29.6057],[106.532706,29.605063],[106.531914,29.605062],[106.531953,29.605632]]]}},{"id":"119","type":"Feature","properties":{"landuse":"commercial","amenity":"unknown","military":"unknown","base_elevation":107},"geometry":{"type":"Polygon","coordinates":[[[106.550752,29.606784],[106.550894,29.60692],[106.551553,29.606912],[106.551655,29.606837],[106.551563,29.605388],[106.550688,29.605418],[106.550752,29.606784]]]}},{"id":"120","type":"Feature","properties":{"landuse":"commercial","amenity":"unknown","military":"unknown","base_elevation":103},"geometry":{"type":"Polygon","coordinates":[[[106.545674,29.607],[106.546536,29.606979],[106.54665,29.606834],[106.546605,29.605643],[106.546426,29.605438],[106.545828,29.605448],[106.545658,29.605597],[106.545674,29.607]]]}},{"id":"121","type":"Feature","properties":{"landuse":"commercial","amenity":"unknown","military":"unknown","base_elevation":178},"geometry":{"type":"Polygon","coordinates":[[[106.527755,29.607322],[106.527889,29.607468],[106.528375,29.607518],[106.528568,29.606811],[106.528761,29.606817],[106.528985,29.605897],[106.528323,29.605903],[106.528096,29.605998],[106.527755,29.607322]]]}},{"id":"122","type":"Feature","properties":{"landuse":"commercial","amenity":"unknown","military":"unknown","base_elevation":108},"geometry":{"type":"Polygon","coordinates":[[[106.537889,29.611401],[106.537963,29.610425],[106.537918,29.609685],[106.538236,29.608884],[106.537938,29.608637],[106.534161,29.610959],[106.534273,29.611152],[106.535387,29.610892],[106.535466,29.610977],[106.537203,29.610876],[106.537294,29.611411],[106.537889,29.611401]]]}},{"id":"123","type":"Feature","properties":{"landuse":"commercial","amenity":"unknown","military":"unknown","base_elevation":99},"geometry":{"type":"Polygon","coordinates":[[[106.549783,29.610066],[106.549784,29.610673],[106.549953,29.610665],[106.549964,29.610891],[106.551879,29.61104],[106.551839,29.610458],[106.551383,29.610463],[106.551357,29.609806],[106.549945,29.609925],[106.549783,29.610066]]]}},{"id":"124","type":"Feature","properties":{"landuse":"commercial","amenity":"unknown","military":"unknown","base_elevation":112},"geometry":{"type":"Polygon","coordinates":[[[106.543464,29.616185],[106.543508,29.617138],[106.545718,29.617183],[106.545688,29.616188],[106.543464,29.616185]]]}},{"id":"125","type":"Feature","properties":{"landuse":"commercial","amenity":"unknown","military":"unknown","base_elevation":123},"geometry":{"type":"Polygon","coordinates":[[[106.549171,29.620977],[106.549137,29.619091],[106.547758,29.619035],[106.547594,29.619245],[106.547648,29.62098],[106.549171,29.620977]]]}},{"id":"126","type":"Feature","properties":{"landuse":"commercial","amenity":"unknown","military":"unknown","base_elevation":128},"geometry":{"type":"Polygon","coordinates":[[[106.552089,29.629915],[106.552948,29.629607],[106.552559,29.629146],[106.551325,29.62929],[106.551353,29.629939],[106.552089,29.629915]]]}},{"id":"127","type":"Feature","properties":{"landuse":"commercial","amenity":"unknown","military":"unknown","base_elevation":224},"geometry":{"type":"Polygon","coordinates":[[[106.534539,29.630304],[106.533406,29.629014],[106.533314,29.629001],[106.532659,29.629563],[106.532649,29.629688],[106.533844,29.630892],[106.533953,29.630885],[106.534526,29.630402],[106.534539,29.630304]]]}},{"id":"128","type":"Feature","properties":{"landuse":"commercial","amenity":"unknown","military":"unknown","base_elevation":193},"geometry":{"type":"Polygon","coordinates":[[[106.528615,29.630427],[106.529484,29.631697],[106.529687,29.631735],[106.531152,29.630546],[106.530582,29.63005],[106.529451,29.629712],[106.528615,29.630427]]]}},{"id":"129","type":"Feature","properties":{"landuse":"commercial","amenity":"unknown","military":"unknown","base_elevation":127},"geometry":{"type":"Polygon","coordinates":[[[106.557674,29.630461],[106.556971,29.630584],[106.556758,29.63071],[106.55781,29.632025],[106.558587,29.63271],[106.560215,29.630319],[106.560164,29.630208],[106.558927,29.629605],[106.558663,29.629338],[106.557883,29.630326],[106.557674,29.630461]]]}},{"id":"130","type":"Feature","properties":{"landuse":"commercial","amenity":"unknown","military":"unknown","base_elevation":211},"geometry":{"type":"Polygon","coordinates":[[[106.531885,29.636232],[106.530828,29.634684],[106.530649,29.634638],[106.528956,29.635547],[106.528944,29.635699],[106.530049,29.637227],[106.531885,29.636232]]]}},{"id":"131","type":"Feature","properties":{"landuse":"commercial","amenity":"unknown","military":"unknown","base_elevation":282},"geometry":{"type":"Polygon","coordinates":[[[106.538409,29.640069],[106.53906,29.640356],[106.539892,29.638662],[106.539398,29.638479],[106.539149,29.638541],[106.538409,29.640069]]]}},{"id":"132","type":"Feature","properties":{"landuse":"commercial","amenity":"unknown","military":"unknown","base_elevation":276},"geometry":{"type":"Polygon","coordinates":[[[106.544624,29.642304],[106.545456,29.641903],[106.545472,29.641835],[106.545018,29.641411],[106.544181,29.642134],[106.544624,29.642304]]]}},{"id":"133","type":"Feature","properties":{"landuse":"commercial","amenity":"unknown","military":"unknown","base_elevation":272},"geometry":{"type":"Polygon","coordinates":[[[106.540752,29.642502],[106.542963,29.643312],[106.543643,29.642812],[106.541057,29.64178],[106.540752,29.642502]]]}},{"id":"134","type":"Feature","properties":{"landuse":"commercial","amenity":"unknown","military":"unknown","base_elevation":271},"geometry":{"type":"Polygon","coordinates":[[[106.547145,29.645194],[106.544512,29.643184],[106.544129,29.643061],[106.543553,29.643326],[106.540651,29.645846],[106.541476,29.646552],[106.543492,29.644828],[106.545598,29.64652],[106.547107,29.645366],[106.547145,29.645194]]]}},{"id":"135","type":"Feature","properties":{"landuse":"commercial","amenity":"unknown","military":"unknown","base_elevation":152},"geometry":{"type":"Polygon","coordinates":[[[106.564187,29.521197],[106.564695,29.521197],[106.564696,29.520832],[106.564189,29.520801],[106.564187,29.521197]]]}},{"id":"136","type":"Feature","properties":{"landuse":"commercial","amenity":"unknown","military":"unknown","base_elevation":136},"geometry":{"type":"Polygon","coordinates":[[[106.559248,29.525977],[106.56056,29.525995],[106.560629,29.525902],[106.560704,29.524129],[106.56064,29.524036],[106.559482,29.524018],[106.559477,29.524612],[106.559269,29.524603],[106.559248,29.525977]]]}},{"id":"137","type":"Feature","properties":{"landuse":"commercial","amenity":"unknown","military":"unknown","base_elevation":144},"geometry":{"type":"Polygon","coordinates":[[[106.560832,29.525348],[106.560793,29.525928],[106.56086,29.526009],[106.562677,29.526054],[106.562682,29.525379],[106.560832,29.525348]]]}},{"id":"138","type":"Feature","properties":{"landuse":"commercial","amenity":"unknown","military":"unknown","base_elevation":69},"geometry":{"type":"Polygon","coordinates":[[[106.568733,29.551935],[106.568747,29.552111],[106.568852,29.552245],[106.569158,29.552228],[106.569152,29.55201],[106.569035,29.551938],[106.568733,29.551935]]]}},{"id":"139","type":"Feature","properties":{"landuse":"commercial","amenity":"unknown","military":"unknown","base_elevation":67},"geometry":{"type":"Polygon","coordinates":[[[106.568278,29.551953],[106.567861,29.551975],[106.567803,29.552053],[106.567886,29.552527],[106.568232,29.552384],[106.568278,29.551953]]]}},{"id":"140","type":"Feature","properties":{"landuse":"commercial","amenity":"unknown","military":"unknown","base_elevation":67},"geometry":{"type":"Polygon","coordinates":[[[106.567584,29.551993],[106.566636,29.552218],[106.56671,29.552418],[106.567171,29.552298],[106.567227,29.552617],[106.567055,29.552714],[106.567131,29.553189],[106.567231,29.553261],[106.567448,29.553304],[106.567889,29.553229],[106.567943,29.553134],[106.567689,29.552075],[106.567584,29.551993]]]}},{"id":"141","type":"Feature","properties":{"landuse":"commercial","amenity":"unknown","military":"unknown","base_elevation":107},"geometry":{"type":"Polygon","coordinates":[[[106.56688,29.555497],[106.56713,29.555607],[106.568652,29.555615],[106.568653,29.555347],[106.568311,29.555346],[106.568268,29.555047],[106.567901,29.555045],[106.56778,29.555102],[106.567776,29.555383],[106.567305,29.555333],[106.567183,29.555458],[106.567446,29.554661],[106.566912,29.554538],[106.566732,29.555281],[106.56688,29.555497]]]}},{"id":"142","type":"Feature","properties":{"landuse":"commercial","amenity":"unknown","military":"unknown","base_elevation":155},"geometry":{"type":"Polygon","coordinates":[[[106.560563,29.557865],[106.560627,29.557325],[106.560208,29.557222],[106.559247,29.556777],[106.559005,29.556749],[106.558802,29.55732],[106.558485,29.557565],[106.558768,29.557918],[106.558703,29.558308],[106.558762,29.558397],[106.559108,29.558476],[106.559905,29.558343],[106.559804,29.558012],[106.55995,29.557788],[106.560155,29.557872],[106.560563,29.557865]]]}},{"id":"143","type":"Feature","properties":{"landuse":"commercial","amenity":"unknown","military":"unknown","base_elevation":64},"geometry":{"type":"Polygon","coordinates":[[[106.561929,29.564073],[106.561656,29.563815],[106.561023,29.563682],[106.561008,29.564651],[106.561922,29.564611],[106.561988,29.564505],[106.561929,29.564073]]]}},{"id":"144","type":"Feature","properties":{"landuse":"commercial","amenity":"unknown","military":"unknown","base_elevation":49},"geometry":{"type":"Polygon","coordinates":[[[106.570746,29.571107],[106.569255,29.571446],[106.56839,29.572067],[106.568318,29.57239],[106.56876,29.572912],[106.568845,29.572923],[106.570106,29.57215],[106.570809,29.571959],[106.570746,29.571107]]]}},{"id":"145","type":"Feature","properties":{"landuse":"commercial","amenity":"unknown","military":"unknown","base_elevation":84},"geometry":{"type":"Polygon","coordinates":[[[106.569342,29.573887],[106.570042,29.573558],[106.570056,29.573484],[106.569549,29.572791],[106.568863,29.573146],[106.568848,29.573219],[106.569342,29.573887]]]}},{"id":"146","type":"Feature","properties":{"landuse":"commercial","amenity":"unknown","military":"unknown","base_elevation":102},"geometry":{"type":"Polygon","coordinates":[[[106.569988,29.574714],[106.570078,29.57473],[106.570699,29.574341],[106.570224,29.573693],[106.570126,29.573675],[106.569529,29.574],[106.569519,29.574071],[106.569988,29.574714]]]}},{"id":"147","type":"Feature","properties":{"landuse":"commercial","amenity":"unknown","military":"unknown","base_elevation":73},"geometry":{"type":"Polygon","coordinates":[[[106.568181,29.57442],[106.5683,29.573931],[106.568144,29.573735],[106.567853,29.573638],[106.564577,29.573709],[106.564816,29.574442],[106.567019,29.574412],[106.567019,29.574493],[106.564982,29.574558],[106.564792,29.574866],[106.564795,29.575189],[106.564916,29.575304],[106.566355,29.575284],[106.568023,29.574999],[106.567993,29.574668],[106.568181,29.57442]]]}},{"id":"148","type":"Feature","properties":{"landuse":"commercial","amenity":"unknown","military":"unknown","base_elevation":115},"geometry":{"type":"Polygon","coordinates":[[[106.564781,29.576705],[106.566335,29.576759],[106.566399,29.576692],[106.566385,29.575558],[106.566318,29.575488],[106.564861,29.575477],[106.564776,29.575556],[106.564781,29.576705]]]}},{"id":"149","type":"Feature","properties":{"landuse":"commercial","amenity":"unknown","military":"unknown","base_elevation":103},"geometry":{"type":"Polygon","coordinates":[[[106.566614,29.575571],[106.566621,29.576658],[106.56672,29.576737],[106.568029,29.576733],[106.568132,29.576619],[106.56809,29.575406],[106.567984,29.575258],[106.566709,29.575484],[106.566614,29.575571]]]}},{"id":"150","type":"Feature","properties":{"landuse":"commercial","amenity":"unknown","military":"unknown","base_elevation":101},"geometry":{"type":"Polygon","coordinates":[[[106.567954,29.576863],[106.566708,29.576884],[106.566623,29.576959],[106.566619,29.577965],[106.566711,29.57805],[106.568015,29.578058],[106.568125,29.577977],[106.568129,29.576987],[106.567954,29.576863]]]}},{"id":"151","type":"Feature","properties":{"landuse":"commercial","amenity":"unknown","military":"unknown","base_elevation":117},"geometry":{"type":"Polygon","coordinates":[[[106.564805,29.576919],[106.564803,29.578002],[106.564876,29.578066],[106.566268,29.578069],[106.566366,29.577983],[106.566363,29.576955],[106.566251,29.576861],[106.564876,29.576866],[106.564805,29.576919]]]}},{"id":"152","type":"Feature","properties":{"landuse":"commercial","amenity":"unknown","military":"unknown","base_elevation":75},"geometry":{"type":"Polygon","coordinates":[[[106.563103,29.577833],[106.562511,29.577834],[106.562132,29.57891],[106.562642,29.579038],[106.562893,29.57898],[106.563177,29.578087],[106.563189,29.577937],[106.563103,29.577833]]]}},{"id":"153","type":"Feature","properties":{"landuse":"commercial","amenity":"unknown","military":"unknown","base_elevation":116},"geometry":{"type":"Polygon","coordinates":[[[106.564898,29.579384],[106.566271,29.579387],[106.566347,29.579322],[106.566347,29.578289],[106.566256,29.57821],[106.564906,29.578203],[106.564838,29.578266],[106.564826,29.579312],[106.564898,29.579384]]]}},{"id":"154","type":"Feature","properties":{"landuse":"commercial","amenity":"unknown","military":"unknown","base_elevation":60},"geometry":{"type":"Polygon","coordinates":[[[106.571162,29.579651],[106.571172,29.57837],[106.571,29.577905],[106.57089,29.577878],[106.570126,29.578182],[106.56859,29.578265],[106.568496,29.578346],[106.568563,29.580105],[106.570607,29.580096],[106.570914,29.579996],[106.571162,29.579651]]]}},{"id":"155","type":"Feature","properties":{"landuse":"commercial","amenity":"unknown","military":"unknown","base_elevation":96},"geometry":{"type":"Polygon","coordinates":[[[106.559689,29.579736],[106.559766,29.579837],[106.560496,29.579857],[106.560995,29.578915],[106.559819,29.578751],[106.559689,29.579736]]]}},{"id":"156","type":"Feature","properties":{"landuse":"commercial","amenity":"unknown","military":"unknown","base_elevation":112},"geometry":{"type":"Polygon","coordinates":[[[106.561081,29.58465],[106.561176,29.584948],[106.561561,29.585113],[106.562139,29.584222],[106.561586,29.583991],[106.561468,29.584011],[106.561259,29.58419],[106.561081,29.58465]]]}},{"id":"157","type":"Feature","properties":{"landuse":"commercial","amenity":"unknown","military":"unknown","base_elevation":102},"geometry":{"type":"Polygon","coordinates":[[[106.562067,29.586512],[106.562977,29.586576],[106.563051,29.586517],[106.562868,29.58586],[106.561304,29.585174],[106.561001,29.58569],[106.561037,29.585884],[106.561744,29.586415],[106.562067,29.586512]]]}},{"id":"158","type":"Feature","properties":{"landuse":"commercial","amenity":"unknown","military":"unknown","base_elevation":94},"geometry":{"type":"Polygon","coordinates":[[[106.56544,29.586183],[106.564401,29.585982],[106.563235,29.585481],[106.563088,29.58575],[106.563255,29.586526],[106.563327,29.586592],[106.565189,29.586698],[106.56544,29.586183]]]}},{"id":"159","type":"Feature","properties":{"landuse":"commercial","amenity":"unknown","military":"unknown","base_elevation":91},"geometry":{"type":"Polygon","coordinates":[[[106.568364,29.606835],[106.569805,29.606332],[106.569879,29.606177],[106.569661,29.605776],[106.569401,29.605715],[106.567735,29.606236],[106.567916,29.606785],[106.568077,29.606859],[106.568364,29.606835]]]}},{"id":"160","type":"Feature","properties":{"landuse":"commercial","amenity":"unknown","military":"unknown","base_elevation":90},"geometry":{"type":"Polygon","coordinates":[[[106.570646,29.607594],[106.570652,29.6074],[106.570279,29.606782],[106.570059,29.606708],[106.568771,29.607184],[106.56877,29.607274],[106.569477,29.608154],[106.570462,29.607761],[106.570646,29.607594]]]}},{"id":"161","type":"Feature","properties":{"landuse":"commercial","amenity":"unknown","military":"unknown","base_elevation":127},"geometry":{"type":"Polygon","coordinates":[[[106.563271,29.627352],[106.563128,29.626886],[106.562708,29.627523],[106.562742,29.627717],[106.56312,29.627976],[106.563271,29.627352]]]}},{"id":"162","type":"Feature","properties":{"landuse":"commercial","amenity":"unknown","military":"unknown","base_elevation":119},"geometry":{"type":"Polygon","coordinates":[[[106.563863,29.630999],[106.564444,29.629897],[106.564412,29.629802],[106.562865,29.629036],[106.562702,29.629071],[106.562088,29.630505],[106.562139,29.630633],[106.563703,29.631053],[106.563863,29.630999]]]}},{"id":"163","type":"Feature","properties":{"landuse":"commercial","amenity":"unknown","military":"unknown","base_elevation":126},"geometry":{"type":"Polygon","coordinates":[[[106.563311,29.632353],[106.563362,29.632498],[106.565226,29.633464],[106.565389,29.633423],[106.565897,29.632385],[106.565862,29.632269],[106.564036,29.631388],[106.563832,29.631433],[106.563311,29.632353]]]}},{"id":"164","type":"Feature","properties":{"landuse":"commercial","amenity":"unknown","military":"unknown","base_elevation":134},"geometry":{"type":"Polygon","coordinates":[[[106.567875,29.634803],[106.568505,29.633751],[106.568427,29.633544],[106.566235,29.632472],[106.566082,29.632491],[106.565532,29.633523],[106.565581,29.633671],[106.567719,29.634839],[106.567875,29.634803]]]}},{"id":"165","type":"Feature","properties":{"landuse":"commercial","amenity":"unknown","military":"unknown","base_elevation":142},"geometry":{"type":"Polygon","coordinates":[[[106.569297,29.635554],[106.569983,29.634423],[106.569949,29.634299],[106.568817,29.633765],[106.568584,29.633815],[106.567942,29.634854],[106.567958,29.63496],[106.569151,29.635586],[106.569297,29.635554]]]}},{"id":"166","type":"Feature","properties":{"landuse":"commercial","amenity":"unknown","military":"unknown","base_elevation":147},"geometry":{"type":"Polygon","coordinates":[[[106.570426,29.636795],[106.569091,29.636172],[106.5683,29.63747],[106.570214,29.636964],[106.570426,29.636795]]]}},{"id":"167","type":"Feature","properties":{"landuse":"commercial","amenity":"unknown","military":"unknown","base_elevation":157},"geometry":{"type":"Polygon","coordinates":[[[106.564252,29.643105],[106.56332,29.642618],[106.563117,29.642631],[106.5624,29.643533],[106.562409,29.643666],[106.563231,29.644226],[106.564252,29.643105]]]}},{"id":"168","type":"Feature","properties":{"landuse":"commercial","amenity":"unknown","military":"unknown","base_elevation":177},"geometry":{"type":"Polygon","coordinates":[[[106.565443,29.643695],[106.564693,29.643296],[106.563591,29.644476],[106.564381,29.645025],[106.565494,29.643878],[106.565443,29.643695]]]}},{"id":"169","type":"Feature","properties":{"landuse":"commercial","amenity":"unknown","military":"unknown","base_elevation":177},"geometry":{"type":"Polygon","coordinates":[[[106.566444,29.644278],[106.566008,29.644373],[106.564948,29.645436],[106.568401,29.647824],[106.568636,29.64781],[106.570017,29.64619],[106.56994,29.645943],[106.567469,29.644679],[106.566444,29.644278]]]}},{"id":"170","type":"Feature","properties":{"landuse":"commercial","amenity":"unknown","military":"unknown","base_elevation":183},"geometry":{"type":"Polygon","coordinates":[[[106.563967,29.646364],[106.564726,29.64681],[106.565439,29.645921],[106.564733,29.645455],[106.563961,29.646269],[106.563967,29.646364]]]}},{"id":"171","type":"Feature","properties":{"landuse":"commercial","amenity":"unknown","military":"unknown","base_elevation":105},"geometry":{"type":"Polygon","coordinates":[[[106.650826,29.499717],[106.650549,29.499232],[106.649972,29.498963],[106.649477,29.499012],[106.649129,29.499184],[106.648887,29.499147],[106.648661,29.499269],[106.649382,29.500421],[106.650826,29.499717]]]}},{"id":"172","type":"Feature","properties":{"landuse":"commercial","amenity":"unknown","military":"unknown","base_elevation":105},"geometry":{"type":"Polygon","coordinates":[[[106.651313,29.501319],[106.651181,29.50103],[106.651386,29.500842],[106.651379,29.500695],[106.651285,29.500613],[106.651165,29.500615],[106.649937,29.501263],[106.6506,29.502205],[106.651146,29.501952],[106.651589,29.502066],[106.651853,29.501554],[106.65184,29.501439],[106.651776,29.501352],[106.651313,29.501319]]]}},{"id":"173","type":"Feature","properties":{"landuse":"commercial","amenity":"unknown","military":"unknown","base_elevation":161},"geometry":{"type":"Polygon","coordinates":[[[106.64021,29.505661],[106.642102,29.504661],[106.640498,29.502264],[106.638578,29.503252],[106.64021,29.505661]]]}},{"id":"174","type":"Feature","properties":{"landuse":"commercial","amenity":"unknown","military":"unknown","base_elevation":127},"geometry":{"type":"Polygon","coordinates":[[[106.645912,29.507548],[106.645935,29.506911],[106.645541,29.506297],[106.646524,29.505817],[106.646006,29.505074],[106.645881,29.505015],[106.645111,29.505256],[106.643936,29.505243],[106.643466,29.505459],[106.6434,29.50562],[106.644566,29.507309],[106.644936,29.507428],[106.645553,29.507438],[106.645912,29.507548]]]}},{"id":"175","type":"Feature","properties":{"landuse":"commercial","amenity":"unknown","military":"unknown","base_elevation":129},"geometry":{"type":"Polygon","coordinates":[[[106.64536,29.508526],[106.645109,29.508943],[106.645128,29.509623],[106.64604,29.509601],[106.645934,29.508166],[106.64536,29.508526]]]}},{"id":"176","type":"Feature","properties":{"landuse":"commercial","amenity":"unknown","military":"unknown","base_elevation":64},"geometry":{"type":"Polygon","coordinates":[[[106.66291,29.512321],[106.66298,29.512348],[106.662978,29.512864],[106.663333,29.512865],[106.66334,29.512279],[106.663532,29.512278],[106.663446,29.511698],[106.6629,29.511691],[106.66291,29.512321]]]}},{"id":"177","type":"Feature","properties":{"landuse":"commercial","amenity":"unknown","military":"unknown","base_elevation":96},"geometry":{"type":"Polygon","coordinates":[[[106.65497,29.514126],[106.655391,29.514987],[106.655686,29.514933],[106.655679,29.514385],[106.655763,29.514279],[106.656346,29.514264],[106.656336,29.51388],[106.655117,29.513965],[106.65497,29.514126]]]}},{"id":"178","type":"Feature","properties":{"landuse":"commercial","amenity":"unknown","military":"unknown","base_elevation":87},"geometry":{"type":"Polygon","coordinates":[[[106.648083,29.51642],[106.647742,29.516581],[106.648029,29.517056],[106.648449,29.516859],[106.648211,29.51649],[106.648083,29.51642]]]}},{"id":"179","type":"Feature","properties":{"landuse":"commercial","amenity":"unknown","military":"unknown","base_elevation":66},"geometry":{"type":"Polygon","coordinates":[[[106.665171,29.527954],[106.665771,29.528746],[106.666105,29.528744],[106.666375,29.528863],[106.667567,29.528441],[106.667502,29.528305],[106.667623,29.528261],[106.66626,29.525496],[106.665782,29.525391],[106.664564,29.525602],[106.662821,29.52617],[106.662565,29.526155],[106.661915,29.526333],[106.661977,29.526401],[106.662084,29.526372],[106.662203,29.526678],[106.662375,29.526627],[106.662971,29.527119],[106.663109,29.527371],[106.663065,29.5276],[106.663153,29.527778],[106.663458,29.52786],[106.663515,29.527949],[106.663467,29.527968],[106.663648,29.528309],[106.662875,29.528609],[106.663016,29.528884],[106.663908,29.528537],[106.663725,29.528181],[106.663939,29.528095],[106.664376,29.528176],[106.665031,29.527819],[106.665162,29.527822],[106.665171,29.527954]]]}},{"id":"180","type":"Feature","properties":{"landuse":"commercial","amenity":"unknown","military":"unknown","base_elevation":72},"geometry":{"type":"Polygon","coordinates":[[[106.66453,29.529581],[106.666318,29.531846],[106.668698,29.530781],[106.667655,29.52874],[106.665679,29.529201],[106.66453,29.529581]]]}},{"id":"181","type":"Feature","properties":{"landuse":"commercial","amenity":"unknown","military":"unknown","base_elevation":47},"geometry":{"type":"Polygon","coordinates":[[[106.582285,29.539767],[106.5824,29.541165],[106.583118,29.541129],[106.58301,29.539703],[106.582285,29.539767]]]}},{"id":"182","type":"Feature","properties":{"landuse":"commercial","amenity":"unknown","military":"unknown","base_elevation":60},"geometry":{"type":"Polygon","coordinates":[[[106.583717,29.541849],[106.584256,29.541828],[106.584043,29.540806],[106.583563,29.540871],[106.583717,29.541849]]]}},{"id":"183","type":"Feature","properties":{"landuse":"commercial","amenity":"unknown","military":"unknown","base_elevation":78},"geometry":{"type":"Polygon","coordinates":[[[106.571368,29.552589],[106.571617,29.552225],[106.571153,29.552143],[106.571088,29.552512],[106.571368,29.552589]]]}},{"id":"184","type":"Feature","properties":{"landuse":"commercial","amenity":"unknown","military":"unknown","base_elevation":119},"geometry":{"type":"Polygon","coordinates":[[[106.570981,29.558666],[106.571142,29.558245],[106.570759,29.558099],[106.570367,29.558257],[106.570095,29.558676],[106.570634,29.559094],[106.570981,29.558666]]]}},{"id":"185","type":"Feature","properties":{"landuse":"commercial","amenity":"unknown","military":"unknown","base_elevation":35},"geometry":{"type":"Polygon","coordinates":[[[106.590815,29.558522],[106.59058,29.558044],[106.590116,29.558172],[106.590404,29.558994],[106.59054,29.558948],[106.590723,29.55957],[106.591549,29.559392],[106.592232,29.558986],[106.591937,29.558701],[106.591191,29.558668],[106.591032,29.558517],[106.590815,29.558522]]]}},{"id":"186","type":"Feature","properties":{"landuse":"commercial","amenity":"unknown","military":"unknown","base_elevation":33},"geometry":{"type":"Polygon","coordinates":[[[106.592626,29.561252],[106.592181,29.559923],[106.592393,29.559634],[106.592343,29.559473],[106.59075,29.559929],[106.590941,29.561314],[106.591505,29.56147],[106.592121,29.561457],[106.59242,29.561425],[106.592626,29.561252]]]}},{"id":"187","type":"Feature","properties":{"landuse":"commercial","amenity":"unknown","military":"unknown","base_elevation":110},"geometry":{"type":"Polygon","coordinates":[[[106.575662,29.562438],[106.575651,29.562636],[106.575919,29.562874],[106.576864,29.563257],[106.576898,29.563047],[106.576719,29.562333],[106.575913,29.562232],[106.575662,29.562438]]]}},{"id":"188","type":"Feature","properties":{"landuse":"commercial","amenity":"unknown","military":"unknown","base_elevation":67},"geometry":{"type":"Polygon","coordinates":[[[106.583131,29.566629],[106.583416,29.567299],[106.584082,29.567152],[106.58391,29.566495],[106.583131,29.566629]]]}},{"id":"189","type":"Feature","properties":{"landuse":"commercial","amenity":"unknown","military":"unknown","base_elevation":89},"geometry":{"type":"Polygon","coordinates":[[[106.571055,29.573012],[106.570778,29.572206],[106.570616,29.572194],[106.56969,29.572638],[106.570215,29.573411],[106.570307,29.573427],[106.571055,29.573012]]]}},{"id":"190","type":"Feature","properties":{"landuse":"commercial","amenity":"unknown","military":"unknown","base_elevation":98},"geometry":{"type":"Polygon","coordinates":[[[106.572683,29.573121],[106.5728,29.572737],[106.572869,29.572764],[106.572918,29.572674],[106.572894,29.572551],[106.57185,29.572217],[106.571924,29.572744],[106.571317,29.573058],[106.571891,29.573766],[106.572364,29.573467],[106.572683,29.573121]]]}},{"id":"191","type":"Feature","properties":{"landuse":"commercial","amenity":"unknown","military":"unknown","base_elevation":100},"geometry":{"type":"Polygon","coordinates":[[[106.570356,29.573523],[106.570342,29.573597],[106.570818,29.574261],[106.570929,29.574285],[106.571593,29.573921],[106.571613,29.573806],[106.571161,29.573175],[106.571049,29.573141],[106.570356,29.573523]]]}},{"id":"192","type":"Feature","properties":{"landuse":"commercial","amenity":"unknown","military":"unknown","base_elevation":80},"geometry":{"type":"Polygon","coordinates":[[[106.574885,29.574202],[106.574395,29.573353],[106.573769,29.572815],[106.573346,29.572752],[106.572857,29.57331],[106.573585,29.573562],[106.573768,29.573711],[106.574002,29.574966],[106.574917,29.574963],[106.574885,29.574202]]]}},{"id":"193","type":"Feature","properties":{"landuse":"commercial","amenity":"unknown","military":"unknown","base_elevation":77},"geometry":{"type":"Polygon","coordinates":[[[106.585412,29.58315],[106.585121,29.583004],[106.585083,29.582657],[106.584686,29.582669],[106.58407,29.581646],[106.583325,29.581568],[106.583298,29.582436],[106.583411,29.582781],[106.583942,29.582595],[106.584044,29.582917],[106.584833,29.583654],[106.585428,29.583579],[106.585412,29.58315]]]}},{"id":"194","type":"Feature","properties":{"landuse":"commercial","amenity":"unknown","military":"unknown","base_elevation":57},"geometry":{"type":"Polygon","coordinates":[[[106.581378,29.58814],[106.581855,29.588163],[106.581903,29.587435],[106.581425,29.587412],[106.581378,29.58814]]]}},{"id":"195","type":"Feature","properties":{"landuse":"commercial","amenity":"unknown","military":"unknown","base_elevation":34},"geometry":{"type":"Polygon","coordinates":[[[106.582561,29.589919],[106.582134,29.589578],[106.581019,29.58954],[106.580937,29.589634],[106.580955,29.590139],[106.580699,29.590159],[106.580753,29.590694],[106.581754,29.590629],[106.582185,29.590488],[106.582497,29.590258],[106.582615,29.590052],[106.582561,29.589919]]]}},{"id":"196","type":"Feature","properties":{"landuse":"commercial","amenity":"unknown","military":"unknown","base_elevation":54},"geometry":{"type":"Polygon","coordinates":[[[106.582791,29.589948],[106.582392,29.590446],[106.581814,29.590734],[106.582242,29.591987],[106.583492,29.591659],[106.583538,29.591584],[106.583465,29.591228],[106.583735,29.590301],[106.583676,29.590212],[106.582791,29.589948]]]}},{"id":"197","type":"Feature","properties":{"landuse":"commercial","amenity":"unknown","military":"unknown","base_elevation":23},"geometry":{"type":"Polygon","coordinates":[[[106.582093,29.592005],[106.581764,29.590738],[106.58077,29.590751],[106.58067,29.590855],[106.580951,29.592207],[106.58106,29.592242],[106.582093,29.592005]]]}},{"id":"198","type":"Feature","properties":{"landuse":"commercial","amenity":"unknown","military":"unknown","base_elevation":111},"geometry":{"type":"Polygon","coordinates":[[[106.592188,29.592085],[106.591297,29.592185],[106.591386,29.592591],[106.592386,29.592489],[106.592688,29.593603],[106.593612,29.59344],[106.593654,29.59338],[106.593062,29.591857],[106.592934,29.591808],[106.592188,29.592085]]]}},{"id":"199","type":"Feature","properties":{"landuse":"commercial","amenity":"unknown","military":"unknown","base_elevation":118},"geometry":{"type":"Polygon","coordinates":[[[106.590492,29.596056],[106.590297,29.596305],[106.591847,29.597098],[106.591585,29.596048],[106.591272,29.595911],[106.590492,29.596056]]]}},{"id":"200","type":"Feature","properties":{"landuse":"commercial","amenity":"unknown","military":"unknown","base_elevation":39},"geometry":{"type":"Polygon","coordinates":[[[106.570259,29.597396],[106.571191,29.598261],[106.571301,29.598711],[106.572759,29.598458],[106.572068,29.596799],[106.571799,29.596743],[106.570259,29.597396]]]}},{"id":"201","type":"Feature","properties":{"landuse":"commercial","amenity":"unknown","military":"unknown","base_elevation":67},"geometry":{"type":"Polygon","coordinates":[[[106.597238,29.605275],[106.597668,29.605525],[106.597735,29.605358],[106.597516,29.60507],[106.595247,29.603371],[106.595022,29.603597],[106.594789,29.604544],[106.595673,29.604915],[106.59609,29.605241],[106.595852,29.605448],[106.596539,29.60591],[106.597015,29.605381],[106.597238,29.605275]]]}},{"id":"202","type":"Feature","properties":{"landuse":"commercial","amenity":"unknown","military":"unknown","base_elevation":78},"geometry":{"type":"Polygon","coordinates":[[[106.569622,29.604922],[106.569601,29.605125],[106.57014,29.606137],[106.570308,29.606176],[106.571528,29.605749],[106.571336,29.605368],[106.571849,29.605183],[106.57151,29.604246],[106.571166,29.604149],[106.569622,29.604922]]]}},{"id":"203","type":"Feature","properties":{"landuse":"commercial","amenity":"unknown","military":"unknown","base_elevation":34},"geometry":{"type":"Polygon","coordinates":[[[106.596538,29.613272],[106.596997,29.613442],[106.597273,29.612873],[106.596772,29.61268],[106.596538,29.613272]]]}},{"id":"204","type":"Feature","properties":{"landuse":"commercial","amenity":"unknown","military":"unknown","base_elevation":109},"geometry":{"type":"Polygon","coordinates":[[[106.644806,29.621191],[106.64374,29.621807],[106.645354,29.621542],[106.645355,29.621212],[106.645259,29.621104],[106.644806,29.621191]]]}},{"id":"205","type":"Feature","properties":{"landuse":"commercial","amenity":"unknown","military":"unknown","base_elevation":86},"geometry":{"type":"Polygon","coordinates":[[[106.593633,29.621545],[106.593304,29.621344],[106.592466,29.622592],[106.593932,29.6234],[106.594073,29.623017],[106.593633,29.621545]]]}},{"id":"206","type":"Feature","properties":{"landuse":"commercial","amenity":"unknown","military":"unknown","base_elevation":92},"geometry":{"type":"Polygon","coordinates":[[[106.657017,29.629713],[106.65681,29.629448],[106.656944,29.629366],[106.656674,29.628819],[106.655698,29.628944],[106.65617,29.629874],[106.656382,29.630137],[106.657017,29.629713]]]}},{"id":"207","type":"Feature","properties":{"landuse":"commercial","amenity":"unknown","military":"unknown","base_elevation":41},"geometry":{"type":"Polygon","coordinates":[[[106.65985,29.629359],[106.659376,29.629583],[106.65894,29.629564],[106.657187,29.63095],[106.657179,29.631078],[106.657049,29.631205],[106.656648,29.63121],[106.655898,29.630763],[106.654624,29.631162],[106.654368,29.631445],[106.654239,29.631833],[106.654633,29.633063],[106.654958,29.633253],[106.655832,29.633438],[106.656224,29.633395],[106.656425,29.633287],[106.657365,29.632122],[106.657582,29.63195],[106.659321,29.631589],[106.661466,29.629727],[106.660204,29.628834],[106.65985,29.629359]]]}},{"id":"208","type":"Feature","properties":{"landuse":"commercial","amenity":"unknown","military":"unknown","base_elevation":135},"geometry":{"type":"Polygon","coordinates":[[[106.569718,29.631999],[106.57121,29.63276],[106.570363,29.6341],[106.570418,29.634245],[106.571618,29.634814],[106.57276,29.632328],[106.572008,29.631128],[106.571602,29.630684],[106.57097,29.630246],[106.57071,29.63042],[106.569718,29.631999]]]}},{"id":"209","type":"Feature","properties":{"landuse":"commercial","amenity":"unknown","military":"unknown","base_elevation":62},"geometry":{"type":"Polygon","coordinates":[[[106.60399,29.644372],[106.604116,29.644239],[106.604129,29.643686],[106.602864,29.644127],[106.602809,29.644776],[106.60399,29.644372]]]}},{"id":"210","type":"Feature","properties":{"landuse":"construction","amenity":"university","military":"unknown","base_elevation":81},"geometry":{"type":"Polygon","coordinates":[[[106.655709,29.552576],[106.655174,29.552406],[106.654246,29.551952],[106.653625,29.551795],[106.652886,29.551779],[106.643991,29.542646],[106.646922,29.541081],[106.648071,29.54066],[106.648792,29.54055],[106.650962,29.540457],[106.651141,29.540556],[106.652653,29.54339],[106.652691,29.543668],[106.652846,29.543976],[106.653058,29.54416],[106.65327,29.544544],[106.652321,29.545042],[106.652512,29.545321],[106.653336,29.544845],[106.653449,29.544886],[106.654384,29.546568],[106.654896,29.547151],[106.655943,29.547895],[106.656626,29.548123],[106.656721,29.548297],[106.655709,29.552576]]]}},{"id":"211","type":"Feature","properties":{"landuse":"construction","amenity":"unknown","military":"unknown","base_elevation":51},"geometry":{"type":"Polygon","coordinates":[[[106.527979,29.501973],[106.52821,29.501884],[106.528411,29.502014],[106.528987,29.501686],[106.529085,29.501807],[106.529329,29.501757],[106.529518,29.501592],[106.529641,29.501672],[106.530301,29.501074],[106.52998,29.500728],[106.531593,29.49942],[106.531668,29.499206],[106.531284,29.498938],[106.529512,29.50026],[106.528921,29.500043],[106.528186,29.501008],[106.527513,29.50161],[106.52709,29.50184],[106.527535,29.502162],[106.528056,29.501779],[106.528155,29.50185],[106.527979,29.501973]]]}},{"id":"212","type":"Feature","properties":{"landuse":"construction","amenity":"unknown","military":"unknown","base_elevation":81},"geometry":{"type":"Polygon","coordinates":[[[106.525559,29.516368],[106.525654,29.515899],[106.525462,29.515714],[106.525099,29.515761],[106.525127,29.51637],[106.525559,29.516368]]]}},{"id":"213","type":"Feature","properties":{"landuse":"construction","amenity":"unknown","military":"unknown","base_elevation":125},"geometry":{"type":"Polygon","coordinates":[[[106.50121,29.518426],[106.501142,29.517967],[106.500939,29.517971],[106.500968,29.518478],[106.50121,29.518426]]]}},{"id":"214","type":"Feature","properties":{"landuse":"construction","amenity":"unknown","military":"unknown","base_elevation":59},"geometry":{"type":"Polygon","coordinates":[[[106.52419,29.51928],[106.523603,29.518992],[106.522748,29.519085],[106.523241,29.519792],[106.52395,29.520002],[106.52419,29.51928]]]}},{"id":"215","type":"Feature","properties":{"landuse":"construction","amenity":"unknown","military":"unknown","base_elevation":124},"geometry":{"type":"Polygon","coordinates":[[[106.504131,29.520216],[106.504806,29.520219],[106.504881,29.519751],[106.503851,29.51972],[106.503697,29.519414],[106.503761,29.51878],[106.504053,29.518741],[106.504321,29.518254],[106.502868,29.518484],[106.503072,29.519621],[106.503411,29.52],[106.503502,29.520892],[106.504039,29.520838],[106.504036,29.520509],[106.50395,29.520473],[106.503939,29.520323],[106.504131,29.520216]]]}},{"id":"216","type":"Feature","properties":{"landuse":"construction","amenity":"unknown","military":"unknown","base_elevation":156},"geometry":{"type":"Polygon","coordinates":[[[106.50593,29.536125],[106.506904,29.536128],[106.506901,29.535568],[106.506182,29.535629],[106.505928,29.535777],[106.50593,29.536125]]]}},{"id":"217","type":"Feature","properties":{"landuse":"construction","amenity":"unknown","military":"unknown","base_elevation":179},"geometry":{"type":"Polygon","coordinates":[[[106.511455,29.540842],[106.511057,29.540071],[106.510448,29.540309],[106.510305,29.540622],[106.510298,29.541034],[106.511095,29.541266],[106.511183,29.540961],[106.511316,29.540838],[106.511455,29.540842]]]}},{"id":"218","type":"Feature","properties":{"landuse":"construction","amenity":"unknown","military":"unknown","base_elevation":195},"geometry":{"type":"Polygon","coordinates":[[[106.516279,29.546889],[106.516122,29.546558],[106.515746,29.546694],[106.515949,29.547123],[106.51541,29.547316],[106.51534,29.547169],[106.514954,29.547308],[106.515214,29.547856],[106.5153,29.547881],[106.516862,29.547306],[106.516808,29.546699],[106.516279,29.546889]]]}},{"id":"219","type":"Feature","properties":{"landuse":"construction","amenity":"unknown","military":"unknown","base_elevation":122},"geometry":{"type":"Polygon","coordinates":[[[106.515562,29.578477],[106.516074,29.579789],[106.516194,29.579754],[106.515707,29.578471],[106.515686,29.578095],[106.515865,29.57743],[106.515734,29.577369],[106.515566,29.577917],[106.515562,29.578477]]]}},{"id":"220","type":"Feature","properties":{"landuse":"construction","amenity":"unknown","military":"unknown","base_elevation":119},"geometry":{"type":"Polygon","coordinates":[[[106.526633,29.579453],[106.526809,29.578815],[106.526705,29.578445],[106.526466,29.578253],[106.525939,29.578049],[106.525397,29.578401],[106.523047,29.579393],[106.523706,29.580593],[106.52484,29.580097],[106.52551,29.57949],[106.525751,29.579431],[106.526633,29.579453]]]}},{"id":"221","type":"Feature","properties":{"landuse":"construction","amenity":"unknown","military":"unknown","base_elevation":139},"geometry":{"type":"Polygon","coordinates":[[[106.52212,29.579618],[106.521706,29.579823],[106.5217,29.579888],[106.522059,29.580203],[106.522487,29.58106],[106.522562,29.581088],[106.523516,29.580718],[106.523568,29.580637],[106.522936,29.579452],[106.522843,29.579418],[106.52212,29.579618]]]}},{"id":"222","type":"Feature","properties":{"landuse":"construction","amenity":"unknown","military":"unknown","base_elevation":133},"geometry":{"type":"Polygon","coordinates":[[[106.524869,29.581051],[106.525051,29.580732],[106.525059,29.580521],[106.524927,29.580204],[106.52374,29.580793],[106.523958,29.581346],[106.524318,29.581636],[106.524869,29.581051]]]}},{"id":"223","type":"Feature","properties":{"landuse":"construction","amenity":"unknown","military":"unknown","base_elevation":152},"geometry":{"type":"Polygon","coordinates":[[[106.516608,29.580902],[106.516652,29.580994],[106.517122,29.581124],[106.517274,29.581311],[106.517375,29.580979],[106.516608,29.580902]]]}},{"id":"224","type":"Feature","properties":{"landuse":"construction","amenity":"unknown","military":"unknown","base_elevation":133},"geometry":{"type":"Polygon","coordinates":[[[106.524291,29.581714],[106.523866,29.581373],[106.523563,29.5808],[106.52265,29.581222],[106.522871,29.581539],[106.523792,29.582129],[106.523933,29.582153],[106.524291,29.581714]]]}},{"id":"225","type":"Feature","properties":{"landuse":"construction","amenity":"unknown","military":"unknown","base_elevation":136},"geometry":{"type":"Polygon","coordinates":[[[106.522711,29.582494],[106.52326,29.582841],[106.52354,29.582623],[106.523545,29.582544],[106.5227,29.58197],[106.522818,29.58162],[106.522587,29.581275],[106.52248,29.581235],[106.520995,29.581685],[106.520371,29.582486],[106.520306,29.5827],[106.520385,29.582959],[106.520845,29.583438],[106.521055,29.583446],[106.522147,29.582595],[106.522711,29.582494]]]}},{"id":"226","type":"Feature","properties":{"landuse":"construction","amenity":"unknown","military":"unknown","base_elevation":176},"geometry":{"type":"Polygon","coordinates":[[[106.533792,29.599386],[106.53443,29.599528],[106.534525,29.598954],[106.534979,29.599014],[106.535149,29.598643],[106.534678,29.598494],[106.534509,29.598819],[106.534114,29.5987],[106.533792,29.599386]]]}},{"id":"227","type":"Feature","properties":{"landuse":"construction","amenity":"unknown","military":"unknown","base_elevation":147},"geometry":{"type":"Polygon","coordinates":[[[106.518138,29.599002],[106.518175,29.599179],[106.520423,29.600184],[106.520551,29.600149],[106.521054,29.59852],[106.51878,29.59795],[106.518138,29.599002]]]}},{"id":"228","type":"Feature","properties":{"landuse":"construction","amenity":"unknown","military":"unknown","base_elevation":132},"geometry":{"type":"Polygon","coordinates":[[[106.515237,29.598038],[106.51407,29.598526],[106.514002,29.598657],[106.514589,29.600407],[106.515538,29.601851],[106.515784,29.601842],[106.516682,29.600297],[106.517508,29.599166],[106.517461,29.599065],[106.515237,29.598038]]]}},{"id":"229","type":"Feature","properties":{"landuse":"construction","amenity":"unknown","military":"unknown","base_elevation":169},"geometry":{"type":"Polygon","coordinates":[[[106.534684,29.600028],[106.535624,29.600209],[106.535695,29.5999],[106.535616,29.599805],[106.534837,29.599684],[106.534755,29.599731],[106.534684,29.600028]]]}},{"id":"230","type":"Feature","properties":{"landuse":"construction","amenity":"unknown","military":"unknown","base_elevation":167},"geometry":{"type":"Polygon","coordinates":[[[106.533035,29.600894],[106.532891,29.601206],[106.533578,29.601401],[106.53385,29.60073],[106.533282,29.600734],[106.533035,29.600894]]]}},{"id":"231","type":"Feature","properties":{"landuse":"construction","amenity":"unknown","military":"unknown","base_elevation":139},"geometry":{"type":"Polygon","coordinates":[[[106.535395,29.608173],[106.535503,29.608271],[106.535728,29.608019],[106.535723,29.605971],[106.534332,29.605967],[106.53451,29.606243],[106.534623,29.608009],[106.535395,29.608173]]]}},{"id":"232","type":"Feature","properties":{"landuse":"construction","amenity":"unknown","military":"unknown","base_elevation":136},"geometry":{"type":"Polygon","coordinates":[[[106.514445,29.610778],[106.514477,29.611858],[106.516173,29.611847],[106.51605,29.6108],[106.515829,29.610655],[106.514577,29.61067],[106.514445,29.610778]]]}},{"id":"233","type":"Feature","properties":{"landuse":"construction","amenity":"unknown","military":"unknown","base_elevation":212},"geometry":{"type":"Polygon","coordinates":[[[106.535076,29.631908],[106.535722,29.63145],[106.535939,29.630735],[106.536176,29.630687],[106.536876,29.630871],[106.537275,29.630654],[106.53749,29.630724],[106.537528,29.631105],[106.537711,29.631418],[106.538855,29.6307],[106.538038,29.629823],[106.537778,29.629776],[106.536848,29.630388],[106.536457,29.630514],[106.534834,29.630469],[106.534651,29.630529],[106.53397,29.631069],[106.533327,29.631752],[106.533621,29.632076],[106.534055,29.631812],[106.534512,29.631781],[106.534839,29.631662],[106.535076,29.631908]]]}},{"id":"234","type":"Feature","properties":{"landuse":"construction","amenity":"unknown","military":"unknown","base_elevation":124},"geometry":{"type":"Polygon","coordinates":[[[106.559333,29.516777],[106.559238,29.516834],[106.559118,29.518089],[106.559191,29.518189],[106.561049,29.518375],[106.561132,29.518315],[106.560565,29.517003],[106.56042,29.516862],[106.559333,29.516777]]]}},{"id":"235","type":"Feature","properties":{"landuse":"construction","amenity":"unknown","military":"unknown","base_elevation":140},"geometry":{"type":"Polygon","coordinates":[[[106.564047,29.518372],[106.563657,29.518461],[106.56427,29.519892],[106.565311,29.51975],[106.565201,29.518889],[106.564328,29.519065],[106.564047,29.518372]]]}},{"id":"236","type":"Feature","properties":{"landuse":"construction","amenity":"unknown","military":"unknown","base_elevation":54},"geometry":{"type":"Polygon","coordinates":[[[106.544966,29.553373],[106.544513,29.553058],[106.544806,29.552647],[106.545575,29.553089],[106.545853,29.552946],[106.544995,29.552481],[106.545139,29.55228],[106.542927,29.551027],[106.543426,29.550355],[106.538114,29.548024],[106.535281,29.54693],[106.533953,29.546771],[106.537547,29.549543],[106.541854,29.552095],[106.544563,29.553596],[106.544635,29.553492],[106.544966,29.553373]]]}},{"id":"237","type":"Feature","properties":{"landuse":"construction","amenity":"unknown","military":"unknown","base_elevation":70},"geometry":{"type":"Polygon","coordinates":[[[106.570276,29.552088],[106.569365,29.552004],[106.569298,29.552065],[106.569319,29.553095],[106.569388,29.553151],[106.570517,29.553127],[106.570523,29.552644],[106.570274,29.552641],[106.570276,29.552088]]]}},{"id":"238","type":"Feature","properties":{"landuse":"construction","amenity":"unknown","military":"unknown","base_elevation":100},"geometry":{"type":"Polygon","coordinates":[[[106.56778,29.555102],[106.568268,29.555047],[106.568314,29.55519],[106.568702,29.555211],[106.568932,29.555342],[106.568888,29.554825],[106.568808,29.554832],[106.568757,29.554564],[106.56868,29.554563],[106.568256,29.55475],[106.567446,29.554661],[106.567183,29.555458],[106.567305,29.555333],[106.567776,29.555383],[106.56778,29.555102]]]}},{"id":"239","type":"Feature","properties":{"landuse":"construction","amenity":"unknown","military":"unknown","base_elevation":113},"geometry":{"type":"Polygon","coordinates":[[[106.548691,29.555931],[106.548382,29.555553],[106.547219,29.554992],[106.546922,29.555219],[106.546392,29.555171],[106.54598,29.554935],[106.545809,29.555105],[106.545699,29.555547],[106.545952,29.556787],[106.54661,29.556591],[106.546796,29.556249],[106.547901,29.556656],[106.548224,29.556465],[106.548283,29.556069],[106.548691,29.555931]]]}},{"id":"240","type":"Feature","properties":{"landuse":"construction","amenity":"unknown","military":"unknown","base_elevation":108},"geometry":{"type":"Polygon","coordinates":[[[106.568639,29.556598],[106.568969,29.556522],[106.569423,29.556924],[106.570175,29.556473],[106.569541,29.556093],[106.568897,29.556035],[106.568471,29.556154],[106.568081,29.556673],[106.568565,29.556725],[106.568639,29.556598]]]}},{"id":"241","type":"Feature","properties":{"landuse":"construction","amenity":"unknown","military":"unknown","base_elevation":117},"geometry":{"type":"Polygon","coordinates":[[[106.571697,29.557966],[106.570843,29.557164],[106.570172,29.557547],[106.570367,29.558257],[106.570759,29.558099],[106.571142,29.558245],[106.571697,29.557966]]]}},{"id":"242","type":"Feature","properties":{"landuse":"construction","amenity":"unknown","military":"unknown","base_elevation":63},"geometry":{"type":"Polygon","coordinates":[[[106.560569,29.563615],[106.560558,29.563809],[106.560166,29.563795],[106.56014,29.564606],[106.560209,29.564864],[106.560559,29.564714],[106.561008,29.564651],[106.561023,29.563682],[106.560569,29.563615]]]}},{"id":"243","type":"Feature","properties":{"landuse":"construction","amenity":"unknown","military":"unknown","base_elevation":75},"geometry":{"type":"Polygon","coordinates":[[[106.551216,29.565089],[106.551131,29.565259],[106.551204,29.565598],[106.551597,29.565689],[106.551609,29.565306],[106.551904,29.565265],[106.551946,29.565123],[106.553131,29.564095],[106.552725,29.563835],[106.551216,29.565089]]]}},{"id":"244","type":"Feature","properties":{"landuse":"construction","amenity":"unknown","military":"unknown","base_elevation":96},"geometry":{"type":"Polygon","coordinates":[[[106.570962,29.572446],[106.571317,29.573058],[106.571924,29.572744],[106.57185,29.572217],[106.570969,29.572209],[106.570962,29.572446]]]}},{"id":"245","type":"Feature","properties":{"landuse":"construction","amenity":"unknown","military":"unknown","base_elevation":51},"geometry":{"type":"Polygon","coordinates":[[[106.562028,29.574037],[106.561986,29.575301],[106.562098,29.575391],[106.56258,29.575345],[106.562666,29.57522],[106.562634,29.573802],[106.56211,29.573839],[106.562028,29.574037]]]}},{"id":"246","type":"Feature","properties":{"landuse":"construction","amenity":"unknown","military":"unknown","base_elevation":138},"geometry":{"type":"Polygon","coordinates":[[[106.540246,29.575382],[106.541105,29.575247],[106.54132,29.575059],[106.541414,29.574189],[106.541033,29.574175],[106.541041,29.574226],[106.539878,29.574513],[106.540054,29.575053],[106.539539,29.575217],[106.539565,29.575298],[106.540246,29.575382]]]}},{"id":"247","type":"Feature","properties":{"landuse":"construction","amenity":"unknown","military":"unknown","base_elevation":97},"geometry":{"type":"Polygon","coordinates":[[[106.570053,29.575091],[106.568551,29.575196],[106.56842,29.575312],[106.568414,29.576634],[106.568524,29.576748],[106.570329,29.576743],[106.570415,29.576683],[106.570376,29.575741],[106.570298,29.575437],[106.570053,29.575091]]]}},{"id":"248","type":"Feature","properties":{"landuse":"construction","amenity":"unknown","military":"unknown","base_elevation":86},"geometry":{"type":"Polygon","coordinates":[[[106.571576,29.576524],[106.571002,29.576762],[106.570619,29.57683],[106.570561,29.576911],[106.570941,29.577556],[106.57214,29.576954],[106.572137,29.576843],[106.571798,29.57657],[106.571576,29.576524]]]}},{"id":"249","type":"Feature","properties":{"landuse":"construction","amenity":"unknown","military":"unknown","base_elevation":161},"geometry":{"type":"Polygon","coordinates":[[[106.543414,29.577169],[106.542275,29.576655],[106.542098,29.576738],[106.542134,29.578406],[106.542342,29.578682],[106.542452,29.579009],[106.542875,29.579141],[106.543486,29.579102],[106.543481,29.577258],[106.543414,29.577169]]]}},{"id":"250","type":"Feature","properties":{"landuse":"construction","amenity":"unknown","military":"unknown","base_elevation":153},"geometry":{"type":"Polygon","coordinates":[[[106.546065,29.577217],[106.543693,29.577201],[106.543582,29.577284],[106.543603,29.578974],[106.543648,29.579172],[106.543894,29.579525],[106.544705,29.58028],[106.546085,29.58],[106.546208,29.579878],[106.546181,29.577363],[106.546065,29.577217]]]}},{"id":"251","type":"Feature","properties":{"landuse":"construction","amenity":"unknown","military":"unknown","base_elevation":104},"geometry":{"type":"Polygon","coordinates":[[[106.566629,29.579328],[106.56671,29.57939],[106.568111,29.579397],[106.568116,29.578323],[106.568036,29.578261],[106.566725,29.578257],[106.566636,29.578325],[106.566629,29.579328]]]}},{"id":"252","type":"Feature","properties":{"landuse":"construction","amenity":"unknown","military":"unknown","base_elevation":158},"geometry":{"type":"Polygon","coordinates":[[[106.544299,29.580461],[106.543116,29.580747],[106.543196,29.580878],[106.543196,29.581335],[106.542558,29.581337],[106.542571,29.5816],[106.543186,29.582257],[106.543183,29.582494],[106.544253,29.582493],[106.544434,29.582355],[106.54443,29.580576],[106.544299,29.580461]]]}},{"id":"253","type":"Feature","properties":{"landuse":"construction","amenity":"unknown","military":"unknown","base_elevation":170},"geometry":{"type":"Polygon","coordinates":[[[106.543368,29.583059],[106.543336,29.583286],[106.543472,29.583613],[106.544326,29.583625],[106.544448,29.583549],[106.544436,29.582912],[106.544321,29.582783],[106.543236,29.582782],[106.543368,29.583059]]]}},{"id":"254","type":"Feature","properties":{"landuse":"construction","amenity":"unknown","military":"unknown","base_elevation":95},"geometry":{"type":"Polygon","coordinates":[[[106.561215,29.589057],[106.560543,29.588747],[106.560172,29.588408],[106.559867,29.588365],[106.559253,29.588572],[106.559001,29.588314],[106.558703,29.588546],[106.559237,29.589246],[106.5594,29.589579],[106.559339,29.589833],[106.559399,29.590534],[106.560754,29.591049],[106.560794,29.591186],[106.561193,29.591432],[106.561335,29.591407],[106.561239,29.590994],[106.561215,29.589057]]]}},{"id":"255","type":"Feature","properties":{"landuse":"construction","amenity":"unknown","military":"unknown","base_elevation":103},"geometry":{"type":"Polygon","coordinates":[[[106.541038,29.612412],[106.540053,29.613032],[106.540058,29.613305],[106.541792,29.613274],[106.542462,29.613182],[106.54374,29.612886],[106.543783,29.612607],[106.542106,29.612281],[106.541647,29.612283],[106.541038,29.612412]]]}},{"id":"256","type":"Feature","properties":{"landuse":"construction","amenity":"unknown","military":"unknown","base_elevation":135},"geometry":{"type":"Polygon","coordinates":[[[106.564052,29.631153],[106.565926,29.63206],[106.56613,29.632016],[106.566665,29.630986],[106.566608,29.630842],[106.564654,29.62992],[106.564529,29.629958],[106.564003,29.631053],[106.564052,29.631153]]]}},{"id":"257","type":"Feature","properties":{"landuse":"construction","amenity":"unknown","military":"unknown","base_elevation":134},"geometry":{"type":"Polygon","coordinates":[[[106.639988,29.510467],[106.640874,29.510335],[106.641214,29.510146],[106.6404,29.508931],[106.639882,29.509384],[106.639577,29.509469],[106.639762,29.510364],[106.639988,29.510467]]]}},{"id":"258","type":"Feature","properties":{"landuse":"construction","amenity":"unknown","military":"unknown","base_elevation":109},"geometry":{"type":"Polygon","coordinates":[[[106.651981,29.519999],[106.650422,29.520767],[106.650362,29.5209],[106.650515,29.521203],[106.650671,29.521245],[106.6526,29.520473],[106.652603,29.520297],[106.652143,29.519999],[106.651981,29.519999]]]}},{"id":"259","type":"Feature","properties":{"landuse":"construction","amenity":"unknown","military":"unknown","base_elevation":121},"geometry":{"type":"Polygon","coordinates":[[[106.648225,29.522173],[106.648371,29.522192],[106.650286,29.521421],[106.650348,29.521243],[106.650194,29.520965],[106.650019,29.520928],[106.648104,29.521701],[106.648001,29.521849],[106.648225,29.522173]]]}},{"id":"260","type":"Feature","properties":{"landuse":"construction","amenity":"unknown","military":"unknown","base_elevation":68},"geometry":{"type":"Polygon","coordinates":[[[106.657055,29.520524],[106.655909,29.521015],[106.656122,29.523339],[106.656396,29.523174],[106.656504,29.523258],[106.656773,29.523031],[106.657312,29.521158],[106.657055,29.520524]]]}},{"id":"261","type":"Feature","properties":{"landuse":"construction","amenity":"unknown","military":"unknown","base_elevation":100},"geometry":{"type":"Polygon","coordinates":[[[106.653192,29.523138],[106.653216,29.524548],[106.653342,29.524811],[106.654591,29.524249],[106.654469,29.52392],[106.654279,29.52268],[106.653979,29.522692],[106.653969,29.522831],[106.653192,29.523138]]]}},{"id":"262","type":"Feature","properties":{"landuse":"construction","amenity":"unknown","military":"unknown","base_elevation":52},"geometry":{"type":"Polygon","coordinates":[[[106.582382,29.535256],[106.582498,29.535094],[106.581778,29.53416],[106.581663,29.533853],[106.58133,29.533437],[106.5803,29.533479],[106.579629,29.533408],[106.579451,29.533314],[106.57863,29.531431],[106.578425,29.531281],[106.577913,29.531243],[106.577638,29.531585],[106.577219,29.531699],[106.577817,29.533107],[106.578369,29.534914],[106.578536,29.53505],[106.579819,29.535055],[106.5802,29.535162],[106.582382,29.535256]]]}},{"id":"263","type":"Feature","properties":{"landuse":"construction","amenity":"unknown","military":"unknown","base_elevation":75},"geometry":{"type":"Polygon","coordinates":[[[106.580023,29.539755],[106.578917,29.540138],[106.578734,29.540136],[106.578583,29.540748],[106.578625,29.540879],[106.579595,29.541283],[106.579799,29.541],[106.580322,29.540801],[106.580023,29.539755]]]}},{"id":"264","type":"Feature","properties":{"landuse":"construction","amenity":"unknown","military":"unknown","base_elevation":141},"geometry":{"type":"Polygon","coordinates":[[[106.575648,29.557805],[106.574823,29.558252],[106.575205,29.558828],[106.57585,29.558505],[106.575924,29.558617],[106.576137,29.558524],[106.575648,29.557805]]]}},{"id":"265","type":"Feature","properties":{"landuse":"construction","amenity":"unknown","military":"unknown","base_elevation":130},"geometry":{"type":"Polygon","coordinates":[[[106.57771,29.56006],[106.578622,29.559639],[106.578287,29.559222],[106.577902,29.559447],[106.57755,29.559096],[106.577073,29.559508],[106.57771,29.56006]]]}},{"id":"266","type":"Feature","properties":{"landuse":"construction","amenity":"unknown","military":"unknown","base_elevation":62},"geometry":{"type":"Polygon","coordinates":[[[106.573417,29.57134],[106.572039,29.571083],[106.570746,29.571107],[106.570809,29.571959],[106.572079,29.571919],[106.572932,29.572086],[106.573171,29.571934],[106.573417,29.57134]]]}},{"id":"267","type":"Feature","properties":{"landuse":"construction","amenity":"unknown","military":"unknown","base_elevation":68},"geometry":{"type":"Polygon","coordinates":[[[106.576754,29.574383],[106.576703,29.57405],[106.575681,29.57267],[106.575442,29.572619],[106.574674,29.57305],[106.574643,29.573221],[106.575089,29.573858],[106.575228,29.574631],[106.575319,29.574764],[106.576028,29.574749],[106.576625,29.574556],[106.576754,29.574383]]]}},{"id":"268","type":"Feature","properties":{"landuse":"construction","amenity":"unknown","military":"unknown","base_elevation":34},"geometry":{"type":"Polygon","coordinates":[[[106.57484,29.579753],[106.575105,29.579381],[106.575384,29.578533],[106.575222,29.578392],[106.575132,29.577766],[106.575043,29.577769],[106.574936,29.577979],[106.574734,29.57808],[106.573653,29.578041],[106.573266,29.578191],[106.57337,29.578846],[106.573254,29.579526],[106.573903,29.579955],[106.574058,29.579829],[106.574684,29.579682],[106.57484,29.579753]]]}},{"id":"269","type":"Feature","properties":{"landuse":"construction","amenity":"unknown","military":"unknown","base_elevation":122},"geometry":{"type":"Polygon","coordinates":[[[106.598215,29.582521],[106.598668,29.582615],[106.598786,29.58284],[106.598676,29.582926],[106.598691,29.583372],[106.59878,29.583482],[106.598982,29.583352],[106.599053,29.583151],[106.599167,29.583135],[106.599281,29.582934],[106.599186,29.58258],[106.599059,29.582714],[106.598992,29.582682],[106.59889,29.582583],[106.598958,29.582529],[106.598859,29.582336],[106.598976,29.582098],[106.59917,29.581953],[106.599263,29.581602],[106.599226,29.581364],[106.598831,29.58064],[106.598548,29.580479],[106.598191,29.580635],[106.598203,29.580822],[106.598505,29.581125],[106.598551,29.581297],[106.598495,29.581372],[106.598739,29.581642],[106.598727,29.581731],[106.597815,29.582668],[106.598258,29.582972],[106.598215,29.582521]]]}},{"id":"270","type":"Feature","properties":{"landuse":"construction","amenity":"unknown","military":"unknown","base_elevation":84},"geometry":{"type":"Polygon","coordinates":[[[106.584864,29.58633],[106.585484,29.587202],[106.58555,29.58796],[106.586366,29.587828],[106.585823,29.585668],[106.584864,29.58633]]]}},{"id":"271","type":"Feature","properties":{"landuse":"construction","amenity":"unknown","military":"unknown","base_elevation":129},"geometry":{"type":"Polygon","coordinates":[[[106.593269,29.591506],[106.593969,29.590875],[106.594176,29.590473],[106.594397,29.589222],[106.592701,29.589195],[106.592137,29.589322],[106.591627,29.589727],[106.591382,29.590111],[106.59128,29.590652],[106.591278,29.592032],[106.592428,29.59188],[106.593269,29.591506]]]}},{"id":"272","type":"Feature","properties":{"landuse":"construction","amenity":"unknown","military":"unknown","base_elevation":64},"geometry":{"type":"Polygon","coordinates":[[[106.584755,29.590515],[106.583937,29.590302],[106.583824,29.59035],[106.583567,29.591123],[106.583606,29.591497],[106.583751,29.591566],[106.584278,29.591252],[106.584804,29.590652],[106.584755,29.590515]]]}},{"id":"273","type":"Feature","properties":{"landuse":"construction","amenity":"unknown","military":"unknown","base_elevation":70},"geometry":{"type":"Polygon","coordinates":[[[106.584002,29.591958],[106.584595,29.593185],[106.586373,29.592718],[106.585828,29.591682],[106.585333,29.591158],[106.584002,29.591958]]]}},{"id":"274","type":"Feature","properties":{"landuse":"construction","amenity":"unknown","military":"unknown","base_elevation":56},"geometry":{"type":"Polygon","coordinates":[[[106.58369,29.59179],[106.582362,29.59216],[106.58294,29.593669],[106.584482,29.593221],[106.583864,29.591853],[106.58369,29.59179]]]}},{"id":"275","type":"Feature","properties":{"landuse":"construction","amenity":"unknown","military":"unknown","base_elevation":115},"geometry":{"type":"Polygon","coordinates":[[[106.59603,29.593533],[106.595342,29.593521],[106.595337,29.594363],[106.596026,29.594372],[106.59603,29.593533]]]}},{"id":"276","type":"Feature","properties":{"landuse":"construction","amenity":"unknown","military":"unknown","base_elevation":112},"geometry":{"type":"Polygon","coordinates":[[[106.596065,29.595858],[106.595996,29.595799],[106.595362,29.595796],[106.595293,29.596502],[106.596054,29.596674],[106.596065,29.595858]]]}},{"id":"277","type":"Feature","properties":{"landuse":"construction","amenity":"unknown","military":"unknown","base_elevation":59},"geometry":{"type":"Polygon","coordinates":[[[106.583198,29.620697],[106.581963,29.621585],[106.581856,29.622172],[106.582972,29.62345],[106.583208,29.624084],[106.584549,29.625194],[106.586652,29.625427],[106.589795,29.625371],[106.590471,29.624672],[106.593851,29.624541],[106.593856,29.623689],[106.593932,29.6234],[106.592466,29.622592],[106.593871,29.6205],[106.587317,29.616823],[106.586079,29.617544],[106.584667,29.616213],[106.582565,29.617156],[106.582817,29.617777],[106.582973,29.618599],[106.583198,29.620697]]]}},{"id":"278","type":"Feature","properties":{"landuse":"industrial","amenity":"fuel","military":"unknown","base_elevation":147},"geometry":{"type":"Polygon","coordinates":[[[106.559863,29.519421],[106.559791,29.519947],[106.560731,29.520017],[106.560702,29.519496],[106.559863,29.519421]]]}},{"id":"279","type":"Feature","properties":{"landuse":"industrial","amenity":"fuel","military":"unknown","base_elevation":65},"geometry":{"type":"Polygon","coordinates":[[[106.581012,29.54277],[106.580697,29.542827],[106.581156,29.543204],[106.58131,29.543073],[106.581012,29.54277]]]}},{"id":"280","type":"Feature","properties":{"landuse":"industrial","amenity":"fuel","military":"unknown","base_elevation":116},"geometry":{"type":"Polygon","coordinates":[[[106.51825,29.562983],[106.518468,29.562232],[106.518317,29.562316],[106.518076,29.562267],[106.517961,29.562687],[106.51825,29.562983]]]}},{"id":"281","type":"Feature","properties":{"landuse":"industrial","amenity":"fuel","military":"unknown","base_elevation":41},"geometry":{"type":"Polygon","coordinates":[[[106.559742,29.56595],[106.559263,29.566303],[106.55943,29.566722],[106.560054,29.566419],[106.559742,29.56595]]]}},{"id":"282","type":"Feature","properties":{"landuse":"industrial","amenity":"fuel","military":"unknown","base_elevation":276},"geometry":{"type":"Polygon","coordinates":[[[106.547747,29.645116],[106.5484,29.645625],[106.548677,29.645245],[106.548114,29.644808],[106.547747,29.645116]]]}},{"id":"283","type":"Feature","properties":{"landuse":"industrial","amenity":"unknown","military":"unknown","base_elevation":107},"geometry":{"type":"Polygon","coordinates":[[[106.514903,29.502208],[106.513014,29.5033],[106.513148,29.503748],[106.513417,29.504015],[106.513742,29.504013],[106.514675,29.503649],[106.514881,29.50387],[106.515255,29.503892],[106.51636,29.504671],[106.517054,29.503991],[106.517724,29.502899],[106.51641,29.501839],[106.516083,29.501811],[106.51568,29.50189],[106.514903,29.502208]]]}},{"id":"284","type":"Feature","properties":{"landuse":"industrial","amenity":"unknown","military":"unknown","base_elevation":79},"geometry":{"type":"Polygon","coordinates":[[[106.522944,29.50548],[106.52294,29.505887],[106.523799,29.506036],[106.523859,29.50613],[106.524429,29.505745],[106.524613,29.50481],[106.5233,29.504487],[106.522188,29.503633],[106.521658,29.50428],[106.522596,29.505005],[106.522944,29.50548]]]}},{"id":"285","type":"Feature","properties":{"landuse":"industrial","amenity":"unknown","military":"unknown","base_elevation":95},"geometry":{"type":"Polygon","coordinates":[[[106.51685,29.51168],[106.517279,29.511512],[106.517531,29.511321],[106.517547,29.510947],[106.517215,29.5107],[106.516761,29.510574],[106.516356,29.51027],[106.516035,29.510168],[106.51604,29.509892],[106.516308,29.509706],[106.516356,29.509439],[106.516517,29.509281],[106.517497,29.509293],[106.517601,29.50837],[106.518646,29.508446],[106.518889,29.508313],[106.51877,29.507065],[106.518722,29.502663],[106.518475,29.502492],[106.518309,29.502527],[106.517499,29.503982],[106.515208,29.506256],[106.514125,29.508324],[106.513186,29.509495],[106.511893,29.511312],[106.515341,29.511875],[106.516775,29.511886],[106.51685,29.51168]]]}},{"id":"286","type":"Feature","properties":{"landuse":"industrial","amenity":"unknown","military":"unknown","base_elevation":52},"geometry":{"type":"Polygon","coordinates":[[[106.556535,29.506921],[106.556302,29.506874],[106.554278,29.507055],[106.554145,29.50722],[106.554089,29.509187],[106.554196,29.5093],[106.556533,29.509313],[106.556686,29.509154],[106.556689,29.507146],[106.556535,29.506921]]]}},{"id":"287","type":"Feature","properties":{"landuse":"industrial","amenity":"unknown","military":"unknown","base_elevation":62},"geometry":{"type":"Polygon","coordinates":[[[106.558341,29.50699],[106.557051,29.506934],[106.556865,29.50705],[106.55686,29.509184],[106.556985,29.509313],[106.55875,29.50931],[106.55894,29.509105],[106.55896,29.50718],[106.5589,29.507099],[106.558341,29.50699]]]}},{"id":"288","type":"Feature","properties":{"landuse":"industrial","amenity":"unknown","military":"unknown","base_elevation":70},"geometry":{"type":"Polygon","coordinates":[[[106.524483,29.51367],[106.524003,29.513252],[106.523739,29.512826],[106.522642,29.5123],[106.522431,29.512462],[106.522275,29.512873],[106.522198,29.512875],[106.522134,29.513235],[106.522671,29.513311],[106.523636,29.513801],[106.524479,29.514028],[106.524483,29.51367]]]}},{"id":"289","type":"Feature","properties":{"landuse":"industrial","amenity":"unknown","military":"unknown","base_elevation":82},"geometry":{"type":"Polygon","coordinates":[[[106.545647,29.518725],[106.550915,29.517577],[106.550164,29.514234],[106.549896,29.51386],[106.549541,29.513758],[106.544608,29.514866],[106.544484,29.514997],[106.545647,29.518725]]]}},{"id":"290","type":"Feature","properties":{"landuse":"industrial","amenity":"unknown","military":"unknown","base_elevation":138},"geometry":{"type":"Polygon","coordinates":[[[106.550533,29.528017],[106.545267,29.525734],[106.54412,29.528078],[106.549334,29.530331],[106.550533,29.528017]]]}},{"id":"291","type":"Feature","properties":{"landuse":"industrial","amenity":"unknown","military":"unknown","base_elevation":157},"geometry":{"type":"Polygon","coordinates":[[[106.546119,29.529378],[106.543755,29.528501],[106.543042,29.529772],[106.545406,29.530664],[106.546119,29.529378]]]}},{"id":"292","type":"Feature","properties":{"landuse":"industrial","amenity":"unknown","military":"unknown","base_elevation":92},"geometry":{"type":"Polygon","coordinates":[[[106.556874,29.579783],[106.556468,29.578976],[106.556547,29.577781],[106.556132,29.57751],[106.555916,29.579781],[106.555817,29.57976],[106.556134,29.581267],[106.557118,29.581183],[106.556874,29.579783]]]}},{"id":"293","type":"Feature","properties":{"landuse":"industrial","amenity":"unknown","military":"unknown","base_elevation":106},"geometry":{"type":"Polygon","coordinates":[[[106.594798,29.580761],[106.593977,29.580215],[106.594465,29.579618],[106.595047,29.579377],[106.596222,29.579585],[106.596365,29.579347],[106.595482,29.578906],[106.593786,29.576746],[106.591869,29.577857],[106.591448,29.577906],[106.591212,29.578106],[106.59079,29.57823],[106.59041,29.578706],[106.592475,29.580982],[106.593306,29.581435],[106.593475,29.582053],[106.595156,29.58183],[106.595472,29.581679],[106.595342,29.581439],[106.595023,29.581478],[106.594798,29.580761]]]}},{"id":"294","type":"Feature","properties":{"landuse":"industrial","amenity":"unknown","military":"unknown","base_elevation":94},"geometry":{"type":"Polygon","coordinates":[[[106.569792,29.603959],[106.569984,29.604538],[106.571015,29.604045],[106.571138,29.603881],[106.570923,29.602258],[106.570805,29.602151],[106.57029,29.602053],[106.570027,29.602155],[106.569427,29.602967],[106.568815,29.603244],[106.568166,29.603274],[106.56822,29.604077],[106.568767,29.604073],[106.569567,29.603862],[106.569792,29.603959]]]}},{"id":"295","type":"Feature","properties":{"landuse":"industrial","amenity":"unknown","military":"unknown","base_elevation":88},"geometry":{"type":"Polygon","coordinates":[[[106.5542,29.610912],[106.554202,29.60977],[106.551367,29.609885],[106.551383,29.610463],[106.551839,29.610458],[106.551879,29.61104],[106.5542,29.610912]]]}},{"id":"296","type":"Feature","properties":{"landuse":"industrial","amenity":"unknown","military":"unknown","base_elevation":107},"geometry":{"type":"Polygon","coordinates":[[[106.553399,29.613302],[106.553288,29.613314],[106.553306,29.614063],[106.554261,29.61403],[106.554593,29.613197],[106.554729,29.612422],[106.554489,29.61236],[106.553348,29.612581],[106.553399,29.613302]]]}},{"id":"297","type":"Feature","properties":{"landuse":"industrial","amenity":"unknown","military":"unknown","base_elevation":150},"geometry":{"type":"Polygon","coordinates":[[[106.511444,29.623268],[106.511534,29.623077],[106.511189,29.622436],[106.510971,29.622336],[106.507837,29.622374],[106.507721,29.622499],[106.507724,29.62424],[106.510257,29.624246],[106.510679,29.623706],[106.511444,29.623268]]]}},{"id":"298","type":"Feature","properties":{"landuse":"industrial","amenity":"unknown","military":"unknown","base_elevation":147},"geometry":{"type":"Polygon","coordinates":[[[106.505116,29.625644],[106.50667,29.625815],[106.507329,29.625826],[106.507468,29.625736],[106.507459,29.62247],[106.507331,29.622341],[106.504704,29.622068],[106.504561,29.622204],[106.5046,29.624936],[106.504749,29.625372],[106.505116,29.625644]]]}},{"id":"299","type":"Feature","properties":{"landuse":"industrial","amenity":"unknown","military":"unknown","base_elevation":152},"geometry":{"type":"Polygon","coordinates":[[[106.552459,29.626669],[106.552481,29.626231],[106.552373,29.625965],[106.550684,29.624772],[106.550126,29.624566],[106.549022,29.624665],[106.549021,29.625317],[106.547773,29.625329],[106.547803,29.626907],[106.551231,29.626902],[106.552159,29.627136],[106.552261,29.626837],[106.552459,29.626669]]]}},{"id":"300","type":"Feature","properties":{"landuse":"industrial","amenity":"unknown","military":"unknown","base_elevation":240},"geometry":{"type":"Polygon","coordinates":[[[106.537426,29.629061],[106.536536,29.628161],[106.536221,29.628244],[106.53601,29.628725],[106.535678,29.628995],[106.535529,29.629452],[106.535529,29.629787],[106.535872,29.63023],[106.536498,29.630268],[106.537571,29.62962],[106.537684,29.629434],[106.537426,29.629061]]]}},{"id":"301","type":"Feature","properties":{"landuse":"industrial","amenity":"unknown","military":"unknown","base_elevation":85},"geometry":{"type":"Polygon","coordinates":[[[106.591953,29.631816],[106.592059,29.629736],[106.591783,29.627651],[106.59155,29.627269],[106.590396,29.626488],[106.589957,29.626279],[106.589631,29.626192],[106.586156,29.626218],[106.585579,29.626155],[106.584018,29.625603],[106.583863,29.625632],[106.582888,29.62689],[106.581489,29.629024],[106.581538,29.629123],[106.584215,29.630319],[106.591238,29.633256],[106.591358,29.633219],[106.591953,29.631816]]]}},{"id":"302","type":"Feature","properties":{"landuse":"industrial","amenity":"unknown","military":"unknown","base_elevation":129},"geometry":{"type":"Polygon","coordinates":[[[106.561688,29.630754],[106.560438,29.630377],[106.560249,29.630423],[106.558713,29.632778],[106.559851,29.633478],[106.560016,29.63343],[106.561754,29.630862],[106.561688,29.630754]]]}},{"id":"303","type":"Feature","properties":{"landuse":"industrial","amenity":"unknown","military":"unknown","base_elevation":139},"geometry":{"type":"Polygon","coordinates":[[[106.567871,29.633168],[106.568445,29.63345],[106.568707,29.633413],[106.569399,29.63214],[106.568666,29.631822],[106.567871,29.633168]]]}},{"id":"304","type":"Feature","properties":{"landuse":"industrial","amenity":"unknown","military":"unknown","base_elevation":138},"geometry":{"type":"Polygon","coordinates":[[[106.568925,29.633547],[106.570127,29.634097],[106.57028,29.634066],[106.570974,29.632944],[106.570934,29.632799],[106.569657,29.632226],[106.569555,29.632263],[106.56889,29.63343],[106.568925,29.633547]]]}},{"id":"305","type":"Feature","properties":{"landuse":"industrial","amenity":"unknown","military":"unknown","base_elevation":87},"geometry":{"type":"Polygon","coordinates":[[[106.571154,29.637738],[106.571389,29.638548],[106.571702,29.639035],[106.571911,29.63923],[106.572922,29.63982],[106.572786,29.640075],[106.58043,29.644576],[106.58292,29.645714],[106.586321,29.646823],[106.587221,29.645748],[106.58808,29.645014],[106.583273,29.642484],[106.581761,29.641545],[106.581954,29.640352],[106.582296,29.64033],[106.582243,29.639808],[106.582017,29.639743],[106.582083,29.638645],[106.583519,29.637421],[106.582854,29.636488],[106.580742,29.635111],[106.579915,29.634384],[106.579615,29.633013],[106.578692,29.631819],[106.578091,29.631657],[106.577275,29.631611],[106.575344,29.631238],[106.57411,29.631145],[106.57337,29.632394],[106.572577,29.63429],[106.571635,29.636137],[106.57198,29.636297],[106.571154,29.637738]]]}},{"id":"306","type":"Feature","properties":{"landuse":"industrial","amenity":"unknown","military":"unknown","base_elevation":263},"geometry":{"type":"Polygon","coordinates":[[[106.634125,29.557051],[106.633734,29.556913],[106.633677,29.557022],[106.633783,29.557236],[106.634394,29.557378],[106.634781,29.557342],[106.634785,29.55718],[106.634443,29.556454],[106.634155,29.556685],[106.634292,29.556913],[106.634125,29.557051]]]}},{"id":"307","type":"Feature","properties":{"landuse":"industrial","amenity":"unknown","military":"unknown","base_elevation":138},"geometry":{"type":"Polygon","coordinates":[[[106.59991,29.570438],[106.599982,29.570807],[106.600704,29.571269],[106.601235,29.570857],[106.600217,29.570172],[106.59991,29.570438]]]}},{"id":"308","type":"Feature","properties":{"landuse":"industrial","amenity":"unknown","military":"unknown","base_elevation":134},"geometry":{"type":"Polygon","coordinates":[[[106.597337,29.579291],[106.597126,29.578792],[106.596733,29.57934],[106.597111,29.579487],[106.597337,29.579291]]]}},{"id":"309","type":"Feature","properties":{"landuse":"industrial","amenity":"unknown","military":"unknown","base_elevation":153},"geometry":{"type":"Polygon","coordinates":[[[106.608319,29.580653],[106.609035,29.580437],[106.60918,29.580014],[106.608815,29.579862],[106.608654,29.579386],[106.607233,29.579351],[106.606819,29.578952],[106.606674,29.579102],[106.607079,29.579445],[106.607903,29.579683],[106.60779,29.580094],[106.608319,29.580653]]]}},{"id":"310","type":"Feature","properties":{"landuse":"industrial","amenity":"unknown","military":"unknown","base_elevation":125},"geometry":{"type":"Polygon","coordinates":[[[106.596214,29.581381],[106.596404,29.581521],[106.597062,29.581532],[106.5971,29.581132],[106.596735,29.581186],[106.596694,29.581088],[106.596304,29.581021],[106.596214,29.581381]]]}},{"id":"311","type":"Feature","properties":{"landuse":"industrial","amenity":"unknown","military":"unknown","base_elevation":14},"geometry":{"type":"Polygon","coordinates":[[[106.63307,29.589095],[106.63543,29.587716],[106.63575,29.587719],[106.635763,29.5881],[106.638062,29.588353],[106.63818,29.588052],[106.638266,29.58802],[106.638807,29.588087],[106.639022,29.587495],[106.638697,29.587329],[106.638676,29.58721],[106.638402,29.587094],[106.637418,29.587091],[106.63712,29.58693],[106.6369,29.586958],[106.636616,29.586842],[106.636316,29.586947],[106.634867,29.586475],[106.634851,29.586179],[106.63365,29.585899],[106.633285,29.585904],[106.632914,29.586025],[106.633054,29.587938],[106.632426,29.589209],[106.632764,29.589013],[106.63307,29.589095]]]}},{"id":"312","type":"Feature","properties":{"landuse":"industrial","amenity":"unknown","military":"unknown","base_elevation":14},"geometry":{"type":"Polygon","coordinates":[[[106.646782,29.590127],[106.649507,29.591952],[106.650708,29.592227],[106.650751,29.592052],[106.651728,29.592155],[106.651866,29.591817],[106.650444,29.591509],[106.648921,29.58983],[106.648343,29.589521],[106.647763,29.589636],[106.647388,29.589349],[106.646782,29.590127]]]}},{"id":"313","type":"Feature","properties":{"landuse":"industrial","amenity":"unknown","military":"unknown","base_elevation":21},"geometry":{"type":"Polygon","coordinates":[[[106.613402,29.597218],[106.613481,29.60045],[106.617413,29.600417],[106.617458,29.604445],[106.619182,29.604417],[106.619185,29.604809],[106.620941,29.604793],[106.620961,29.602045],[106.622701,29.601661],[106.622862,29.600812],[106.623527,29.600094],[106.623639,29.598261],[106.624337,29.597631],[106.624138,29.597482],[106.623323,29.598065],[106.622905,29.597286],[106.622555,29.596286],[106.621477,29.595716],[106.620756,29.595716],[106.62069,29.596414],[106.620399,29.596641],[106.618021,29.596606],[106.618014,29.597196],[106.616186,29.597125],[106.614666,29.596237],[106.61388,29.595565],[106.613483,29.595544],[106.613469,29.595861],[106.612679,29.59592],[106.612618,29.597036],[106.613402,29.597218]]]}},{"id":"314","type":"Feature","properties":{"landuse":"industrial","amenity":"unknown","military":"unknown","base_elevation":124},"geometry":{"type":"Polygon","coordinates":[[[106.61136,29.605738],[106.612315,29.603993],[106.612229,29.603807],[106.61165,29.603937],[106.611328,29.603573],[106.611253,29.602967],[106.611307,29.602734],[106.612145,29.602581],[106.612303,29.601902],[106.611462,29.601493],[106.610384,29.60223],[106.610073,29.602799],[106.60988,29.603247],[106.61018,29.603713],[106.610223,29.604254],[106.609451,29.604441],[106.608549,29.605868],[106.609708,29.606969],[106.611478,29.607156],[106.611704,29.606568],[106.611285,29.606232],[106.61136,29.605738]]]}},{"id":"315","type":"Feature","properties":{"landuse":"industrial","amenity":"unknown","military":"unknown","base_elevation":24},"geometry":{"type":"Polygon","coordinates":[[[106.635092,29.608126],[106.636584,29.608079],[106.638246,29.608173],[106.63933,29.608098],[106.63962,29.607566],[106.638783,29.606484],[106.638375,29.606139],[106.638407,29.605328],[106.637335,29.605262],[106.637245,29.6042],[106.635764,29.604154],[106.635382,29.603975],[106.63526,29.603081],[106.634127,29.602912],[106.633855,29.603053],[106.633644,29.603397],[106.633318,29.603323],[106.632632,29.603939],[106.631938,29.603835],[106.631176,29.602604],[106.630747,29.602259],[106.630507,29.600991],[106.63094,29.600244],[106.630382,29.60002],[106.629917,29.60045],[106.629116,29.602445],[106.629052,29.603331],[106.629588,29.603397],[106.629245,29.604199],[106.62849,29.608706],[106.627696,29.611849],[106.627696,29.614909],[106.627861,29.616026],[106.62726,29.617416],[106.625812,29.620261],[106.626659,29.620513],[106.627754,29.620615],[106.629782,29.620447],[106.630486,29.620104],[106.630962,29.61778],[106.630908,29.615448],[106.631088,29.614035],[106.631927,29.612603],[106.632056,29.611036],[106.632303,29.610299],[106.633386,29.608882],[106.634305,29.608351],[106.635092,29.608126]]]}},{"id":"316","type":"Feature","properties":{"landuse":"industrial","amenity":"unknown","military":"unknown","base_elevation":121},"geometry":{"type":"Polygon","coordinates":[[[106.628923,29.627377],[106.629373,29.625996],[106.629523,29.624952],[106.62903,29.624075],[106.628386,29.62318],[106.628021,29.622919],[106.626691,29.623739],[106.626004,29.624821],[106.626176,29.626089],[106.626412,29.626891],[106.626899,29.627779],[106.6275,29.627947],[106.628923,29.627377]]]}},{"id":"317","type":"Feature","properties":{"landuse":"industrial","amenity":"unknown","military":"unknown","base_elevation":112},"geometry":{"type":"Polygon","coordinates":[[[106.651051,29.630553],[106.65289,29.630239],[106.65259,29.628829],[106.652462,29.628764],[106.650699,29.62907],[106.651051,29.630553]]]}},{"id":"318","type":"Feature","properties":{"landuse":"industrial","amenity":"unknown","military":"unknown","base_elevation":123},"geometry":{"type":"Polygon","coordinates":[[[106.649212,29.629335],[106.649147,29.62941],[106.649468,29.630847],[106.650917,29.630606],[106.65058,29.629095],[106.649212,29.629335]]]}},{"id":"319","type":"Feature","properties":{"landuse":"industrial","amenity":"unknown","military":"unknown","base_elevation":119},"geometry":{"type":"Polygon","coordinates":[[[106.646665,29.635928],[106.646303,29.635279],[106.646687,29.635177],[106.646577,29.63443],[106.650016,29.633516],[106.649642,29.632802],[106.647517,29.623022],[106.647323,29.622921],[106.643612,29.623511],[106.642319,29.623834],[106.641897,29.624015],[106.64179,29.624375],[106.644574,29.637143],[106.644792,29.637784],[106.645078,29.637889],[106.646637,29.637306],[106.646463,29.636215],[106.646665,29.635928]]]}},{"id":"320","type":"Feature","properties":{"landuse":"industrial","amenity":"unknown","military":"unknown","base_elevation":100},"geometry":{"type":"Polygon","coordinates":[[[106.644977,29.638329],[106.64598,29.640274],[106.646765,29.641241],[106.646895,29.641276],[106.647408,29.641156],[106.649073,29.640416],[106.649162,29.640217],[106.647719,29.637332],[106.647446,29.637301],[106.645037,29.638197],[106.644977,29.638329]]]}},{"id":"321","type":"Feature","properties":{"landuse":"industrial","amenity":"unknown","military":"unknown","base_elevation":115},"geometry":{"type":"Polygon","coordinates":[[[106.651995,29.637212],[106.651669,29.637143],[106.651205,29.637198],[106.65089,29.637092],[106.648793,29.637317],[106.648026,29.63761],[106.649353,29.640139],[106.649568,29.640193],[106.65383,29.638139],[106.653899,29.637935],[106.653001,29.636658],[106.651995,29.637212]]]}},{"id":"322","type":"Feature","properties":{"landuse":"industrial","amenity":"unknown","military":"unknown","base_elevation":126},"geometry":{"type":"Polygon","coordinates":[[[106.651873,29.639563],[106.654435,29.642004],[106.65459,29.64202],[106.655846,29.641503],[106.655915,29.641295],[106.654733,29.639233],[106.654259,29.638572],[106.654055,29.638491],[106.651915,29.639439],[106.651873,29.639563]]]}},{"id":"323","type":"Feature","properties":{"landuse":"industrial","amenity":"unknown","military":"unknown","base_elevation":123},"geometry":{"type":"Polygon","coordinates":[[[106.651887,29.643139],[106.652058,29.643183],[106.654207,29.642194],[106.654239,29.642051],[106.653427,29.641359],[106.651772,29.639714],[106.651552,29.639679],[106.649804,29.640488],[106.649741,29.640688],[106.651887,29.643139]]]}},{"id":"324","type":"Feature","properties":{"landuse":"industrial","amenity":"unknown","military":"unknown","base_elevation":110},"geometry":{"type":"Polygon","coordinates":[[[106.647324,29.641804],[106.649408,29.644107],[106.649617,29.644181],[106.650256,29.643987],[106.651691,29.643349],[106.651747,29.643208],[106.649562,29.640761],[106.64939,29.640755],[106.648189,29.641311],[106.647419,29.64156],[106.647324,29.641804]]]}},{"id":"325","type":"Feature","properties":{"landuse":"industrial","amenity":"unknown","military":"unknown","base_elevation":88},"geometry":{"type":"Polygon","coordinates":[[[106.648923,29.644455],[106.646613,29.641813],[106.646481,29.641772],[106.644463,29.64224],[106.644373,29.642361],[106.645874,29.645035],[106.648923,29.644455]]]}},{"id":"326","type":"Feature","properties":{"landuse":"industrial","amenity":"unknown","military":"unknown","base_elevation":66},"geometry":{"type":"Polygon","coordinates":[[[106.596519,29.646722],[106.597081,29.646461],[106.597559,29.647292],[106.599084,29.646577],[106.598815,29.643738],[106.597154,29.644684],[106.597337,29.645062],[106.595937,29.645578],[106.596519,29.646722]]]}},{"id":"327","type":"Feature","properties":{"landuse":"industrial","amenity":"unknown","military":"unknown","base_elevation":67},"geometry":{"type":"Polygon","coordinates":[[[106.662094,29.511493],[106.662116,29.511626],[106.662548,29.511629],[106.662542,29.511132],[106.662086,29.511181],[106.6617,29.51133],[106.661743,29.511489],[106.662094,29.511493]]]}},{"id":"328","type":"Feature","properties":{"landuse":"industrial","amenity":"unknown","military":"unknown","base_elevation":72},"geometry":{"type":"Polygon","coordinates":[[[106.662431,29.51277],[106.662458,29.512057],[106.661784,29.512119],[106.661162,29.512285],[106.661275,29.51286],[106.661895,29.512701],[106.662431,29.51277]]]}},{"id":"329","type":"Feature","properties":{"landuse":"industrial","amenity":"unknown","military":"unknown","base_elevation":51},"geometry":{"type":"Polygon","coordinates":[[[106.659015,29.626255],[106.659342,29.62662],[106.659824,29.626146],[106.659575,29.625617],[106.659015,29.626255]]]}},{"id":"330","type":"Feature","properties":{"landuse":"industrial","amenity":"unknown","military":"unknown","base_elevation":52},"geometry":{"type":"Polygon","coordinates":[[[106.659031,29.629413],[106.659319,29.629438],[106.659727,29.629239],[106.660299,29.628315],[106.660539,29.628067],[106.659368,29.627432],[106.658728,29.62837],[106.658592,29.628693],[106.658574,29.628949],[106.658667,29.629179],[106.659031,29.629413]]]}},{"id":"331","type":"Feature","properties":{"landuse":"industrial","amenity":"unknown","military":"unknown","base_elevation":95},"geometry":{"type":"Polygon","coordinates":[[[106.653095,29.630611],[106.655764,29.630104],[106.656076,29.629934],[106.6553,29.628401],[106.655068,29.628323],[106.652823,29.628699],[106.65273,29.628805],[106.653095,29.630611]]]}},{"id":"332","type":"Feature","properties":{"landuse":"industrial","amenity":"unknown","military":"unknown","base_elevation":90},"geometry":{"type":"Polygon","coordinates":[[[106.654854,29.634409],[106.654335,29.634533],[106.654237,29.63449],[106.653795,29.632987],[106.653338,29.633082],[106.652729,29.633955],[106.653293,29.636047],[106.653409,29.636107],[106.655147,29.635712],[106.655208,29.635599],[106.654854,29.634409]]]}},{"id":"333","type":"Feature","properties":{"landuse":"industrial","amenity":"unknown","military":"unknown","base_elevation":47},"geometry":{"type":"Polygon","coordinates":[[[106.660257,29.635328],[106.660227,29.635497],[106.660762,29.636207],[106.661077,29.636788],[106.661399,29.637881],[106.661541,29.637959],[106.663564,29.637471],[106.663665,29.637279],[106.662,29.634416],[106.661806,29.634387],[106.660257,29.635328]]]}},{"id":"334","type":"Feature","properties":{"landuse":"industrial","amenity":"unknown","military":"unknown","base_elevation":61},"geometry":{"type":"Polygon","coordinates":[[[106.66095,29.636827],[106.660647,29.636281],[106.660115,29.635585],[106.65995,29.635589],[106.657833,29.636824],[106.657779,29.636972],[106.658531,29.638193],[106.658677,29.638271],[106.661176,29.638016],[106.661274,29.637884],[106.66095,29.636827]]]}},{"id":"335","type":"Feature","properties":{"landuse":"industrial","amenity":"unknown","military":"unknown","base_elevation":94},"geometry":{"type":"Polygon","coordinates":[[[106.654563,29.636161],[106.653267,29.636512],[106.654206,29.637809],[106.654434,29.637857],[106.655256,29.637451],[106.654809,29.63668],[106.654905,29.636619],[106.654563,29.636161]]]}},{"id":"336","type":"Feature","properties":{"landuse":"industrial","amenity":"unknown","military":"unknown","base_elevation":55},"geometry":{"type":"Polygon","coordinates":[[[106.66412,29.637664],[106.664659,29.639598],[106.664785,29.639684],[106.66684,29.639431],[106.667,29.639234],[106.666365,29.637088],[106.666155,29.637],[106.664225,29.637472],[106.66412,29.637664]]]}},{"id":"337","type":"Feature","properties":{"landuse":"industrial","amenity":"unknown","military":"unknown","base_elevation":81},"geometry":{"type":"Polygon","coordinates":[[[106.654714,29.638247],[106.654653,29.638455],[106.655371,29.63962],[106.655545,29.639663],[106.658321,29.638361],[106.658383,29.638244],[106.657638,29.637027],[106.6574,29.636997],[106.654714,29.638247]]]}},{"id":"338","type":"Feature","properties":{"landuse":"industrial","amenity":"unknown","military":"unknown","base_elevation":78},"geometry":{"type":"Polygon","coordinates":[[[106.661249,29.638132],[106.658687,29.638403],[106.658614,29.63853],[106.659156,29.640295],[106.659324,29.640357],[106.661961,29.640052],[106.662055,29.639905],[106.661372,29.638195],[106.661249,29.638132]]]}},{"id":"339","type":"Feature","properties":{"landuse":"industrial","amenity":"unknown","military":"unknown","base_elevation":59},"geometry":{"type":"Polygon","coordinates":[[[106.661604,29.638107],[106.661538,29.638212],[106.662212,29.639916],[106.662441,29.640031],[106.664206,29.639747],[106.664339,29.639604],[106.664166,29.638663],[106.663569,29.638849],[106.663093,29.637743],[106.661604,29.638107]]]}},{"id":"340","type":"Feature","properties":{"landuse":"industrial","amenity":"unknown","military":"unknown","base_elevation":92},"geometry":{"type":"Polygon","coordinates":[[[106.658989,29.640313],[106.658492,29.638591],[106.658312,29.638513],[106.655638,29.639795],[106.655574,29.639951],[106.656289,29.64119],[106.65654,29.641284],[106.657906,29.640728],[106.658883,29.640447],[106.658989,29.640313]]]}},{"id":"341","type":"Feature","properties":{"landuse":"industrial","amenity":"unknown","military":"unknown","base_elevation":59},"geometry":{"type":"Polygon","coordinates":[[[106.664827,29.640934],[106.665081,29.64178],[106.665196,29.641855],[106.667229,29.641644],[106.667408,29.641431],[106.66708,29.639737],[106.666889,29.639637],[106.664884,29.639923],[106.664728,29.640097],[106.664827,29.640934]]]}},{"id":"342","type":"Feature","properties":{"landuse":"industrial","amenity":"unknown","military":"unknown","base_elevation":69},"geometry":{"type":"Polygon","coordinates":[[[106.66425,29.639988],[106.662484,29.64025],[106.66235,29.64036],[106.662825,29.642013],[106.662968,29.642093],[106.664578,29.64192],[106.664668,29.641822],[106.664453,29.64013],[106.66425,29.639988]]]}},{"id":"343","type":"Feature","properties":{"landuse":"industrial","amenity":"unknown","military":"unknown","base_elevation":99},"geometry":{"type":"Polygon","coordinates":[[[106.658462,29.64079],[106.656666,29.641527],[106.656575,29.64176],[106.657246,29.64297],[106.657392,29.643033],[106.65977,29.642603],[106.659853,29.642436],[106.659138,29.640712],[106.658968,29.640657],[106.658462,29.64079]]]}},{"id":"344","type":"Feature","properties":{"landuse":"institutional","amenity":"unknown","military":"unknown","base_elevation":126},"geometry":{"type":"Polygon","coordinates":[[[106.546214,29.619881],[106.546347,29.619869],[106.546347,29.619188],[106.546222,29.619167],[106.546226,29.618917],[106.546908,29.618968],[106.546924,29.620772],[106.547042,29.620807],[106.547008,29.620965],[106.54618,29.620855],[106.54612,29.620514],[106.54622,29.62051],[106.546214,29.619881]]]}},{"id":"345","type":"Feature","properties":{"landuse":"military","amenity":"hospital","military":"unknown","base_elevation":167},"geometry":{"type":"Polygon","coordinates":[[[106.516962,29.548445],[106.518309,29.548694],[106.521526,29.549466],[106.522548,29.549611],[106.522863,29.54958],[106.522707,29.549046],[106.523506,29.54882],[106.523003,29.547148],[106.522713,29.546704],[106.521415,29.546416],[106.520816,29.546527],[106.520739,29.546387],[106.520416,29.546461],[106.520195,29.545704],[106.519767,29.545458],[106.519529,29.545472],[106.519104,29.545022],[106.518756,29.544859],[106.517709,29.545568],[106.517675,29.546231],[106.517034,29.547666],[106.516962,29.548445]]]}},{"id":"346","type":"Feature","properties":{"landuse":"military","amenity":"unknown","military":"unknown","base_elevation":39},"geometry":{"type":"Polygon","coordinates":[[[106.557641,29.494099],[106.557489,29.494017],[106.555437,29.494033],[106.555451,29.496372],[106.555263,29.496639],[106.55514,29.497203],[106.553776,29.497214],[106.553056,29.497452],[106.551916,29.497237],[106.551557,29.498069],[106.550665,29.501855],[106.550855,29.50195],[106.55356,29.500754],[106.553985,29.499033],[106.555888,29.498092],[106.556152,29.498462],[106.556667,29.498715],[106.556987,29.499689],[106.559694,29.499278],[106.563481,29.500125],[106.564397,29.499751],[106.565454,29.499743],[106.566397,29.499313],[106.566619,29.4996],[106.567236,29.499523],[106.566824,29.499004],[106.566822,29.49811],[106.566699,29.49756],[106.565495,29.49561],[106.565044,29.495441],[106.563731,29.495209],[106.563091,29.496158],[106.563623,29.496621],[106.56367,29.497022],[106.563372,29.497411],[106.562761,29.497535],[106.562198,29.497393],[106.560974,29.496871],[106.560081,29.497156],[106.559089,29.49703],[106.558181,29.49678],[106.557768,29.496796],[106.557768,29.496383],[106.557678,29.496179],[106.557641,29.494099]]]}},{"id":"347","type":"Feature","properties":{"landuse":"military","amenity":"unknown","military":"unknown","base_elevation":94},"geometry":{"type":"Polygon","coordinates":[[[106.530103,29.550279],[106.52993,29.549893],[106.530373,29.549698],[106.530523,29.54945],[106.530261,29.548642],[106.530094,29.54856],[106.530127,29.548112],[106.530509,29.547797],[106.530578,29.547348],[106.531374,29.547279],[106.531674,29.546792],[106.532208,29.546886],[106.533024,29.546052],[106.533254,29.545498],[106.532418,29.545314],[106.532099,29.545054],[106.531861,29.545039],[106.531544,29.544544],[106.531235,29.544416],[106.530915,29.543993],[106.530512,29.54404],[106.529981,29.543018],[106.529636,29.542638],[106.529235,29.541839],[106.52844,29.542059],[106.528157,29.542316],[106.528027,29.542627],[106.528083,29.542938],[106.527947,29.542949],[106.527689,29.54326],[106.526814,29.543276],[106.526561,29.543061],[106.524409,29.54269],[106.524287,29.54291],[106.524231,29.543519],[106.524439,29.544359],[106.525111,29.544704],[106.525122,29.545007],[106.524849,29.545467],[106.525113,29.546011],[106.525349,29.54695],[106.526286,29.548142],[106.527014,29.549272],[106.527864,29.550354],[106.528356,29.550492],[106.529068,29.550276],[106.529295,29.550549],[106.530103,29.550279]]]}},{"id":"348","type":"Feature","properties":{"landuse":"residential","amenity":"unknown","military":"unknown","base_elevation":111},"geometry":{"type":"Polygon","coordinates":[[[106.502463,29.509605],[106.503068,29.511047],[106.503332,29.511375],[106.50349,29.511355],[106.503992,29.510349],[106.504228,29.510231],[106.504492,29.509461],[106.504313,29.509417],[106.504509,29.508543],[106.50267,29.509005],[106.502484,29.509284],[106.502463,29.509605]]]}},{"id":"349","type":"Feature","properties":{"landuse":"residential","amenity":"unknown","military":"unknown","base_elevation":119},"geometry":{"type":"Polygon","coordinates":[[[106.508459,29.51178],[106.508512,29.51158],[106.50718,29.511297],[106.507108,29.511505],[106.506702,29.511686],[106.507423,29.512839],[106.508721,29.512204],[106.508459,29.51178]]]}},{"id":"350","type":"Feature","properties":{"landuse":"residential","amenity":"unknown","military":"unknown","base_elevation":114},"geometry":{"type":"Polygon","coordinates":[[[106.507305,29.5129],[106.506597,29.511768],[106.506421,29.511779],[106.506202,29.512048],[106.505704,29.513092],[106.505675,29.513443],[106.505834,29.513522],[106.506322,29.513391],[106.507305,29.5129]]]}},{"id":"351","type":"Feature","properties":{"landuse":"residential","amenity":"unknown","military":"unknown","base_elevation":117},"geometry":{"type":"Polygon","coordinates":[[[106.501052,29.513755],[106.501189,29.513909],[106.501904,29.513925],[106.50225,29.513519],[106.502376,29.513517],[106.502482,29.513645],[106.502238,29.513647],[106.502083,29.513836],[106.502079,29.514041],[106.503211,29.514023],[106.503544,29.514332],[106.503675,29.514243],[106.503649,29.513939],[106.504209,29.513921],[106.5043,29.513848],[106.504196,29.513437],[106.504033,29.513232],[106.503549,29.512888],[106.501732,29.512176],[106.501644,29.512354],[106.501949,29.512472],[106.501959,29.512994],[106.501017,29.513019],[106.501052,29.513755]]]}},{"id":"352","type":"Feature","properties":{"landuse":"residential","amenity":"unknown","military":"unknown","base_elevation":117},"geometry":{"type":"Polygon","coordinates":[[[106.498714,29.515313],[106.498984,29.515635],[106.500496,29.515256],[106.501598,29.515257],[106.501321,29.515052],[106.500341,29.515037],[106.500342,29.514931],[106.501094,29.514937],[106.501105,29.513995],[106.500599,29.51397],[106.500112,29.514041],[106.499804,29.514192],[106.499312,29.514189],[106.499299,29.513051],[106.500308,29.512964],[106.500297,29.512358],[106.500179,29.512356],[106.500176,29.512143],[106.500858,29.512134],[106.500744,29.512012],[106.499807,29.512037],[106.49909,29.511936],[106.498937,29.512241],[106.498857,29.513058],[106.498473,29.514577],[106.499468,29.514763],[106.499514,29.515],[106.498714,29.515313]]]}},{"id":"353","type":"Feature","properties":{"landuse":"residential","amenity":"unknown","military":"unknown","base_elevation":114},"geometry":{"type":"Polygon","coordinates":[[[106.506369,29.513483],[106.505874,29.513628],[106.505846,29.513797],[106.506617,29.513938],[106.507176,29.514633],[106.508165,29.514194],[106.507359,29.512987],[106.506369,29.513483]]]}},{"id":"354","type":"Feature","properties":{"landuse":"residential","amenity":"unknown","military":"unknown","base_elevation":122},"geometry":{"type":"Polygon","coordinates":[[[106.508654,29.51455],[106.509074,29.514028],[106.509118,29.513829],[106.508799,29.51332],[106.508662,29.513383],[106.508544,29.513199],[106.507845,29.513531],[106.508262,29.514184],[106.508654,29.51455]]]}},{"id":"355","type":"Feature","properties":{"landuse":"residential","amenity":"unknown","military":"unknown","base_elevation":114},"geometry":{"type":"Polygon","coordinates":[[[106.505845,29.514211],[106.505375,29.513873],[106.505003,29.51422],[106.504981,29.514387],[106.50557,29.514866],[106.50585,29.51496],[106.505959,29.514576],[106.505845,29.514211]]]}},{"id":"356","type":"Feature","properties":{"landuse":"residential","amenity":"unknown","military":"unknown","base_elevation":122},"geometry":{"type":"Polygon","coordinates":[[[106.50126,29.514035],[106.50125,29.514848],[106.501859,29.514289],[106.502075,29.514293],[106.502079,29.514041],[106.50126,29.514035]]]}},{"id":"357","type":"Feature","properties":{"landuse":"residential","amenity":"unknown","military":"unknown","base_elevation":117},"geometry":{"type":"Polygon","coordinates":[[[106.502051,29.515379],[106.502199,29.515426],[106.502644,29.515338],[106.503078,29.514935],[106.502674,29.514613],[106.50209,29.515191],[106.502051,29.515379]]]}},{"id":"358","type":"Feature","properties":{"landuse":"residential","amenity":"unknown","military":"unknown","base_elevation":116},"geometry":{"type":"Polygon","coordinates":[[[106.499308,29.5161],[106.499629,29.516235],[106.499937,29.516126],[106.50043,29.516209],[106.500768,29.516591],[106.501255,29.516611],[106.501441,29.516532],[106.501647,29.516241],[106.50188,29.515451],[106.50175,29.515379],[106.500498,29.515322],[106.499149,29.515657],[106.499308,29.5161]]]}},{"id":"359","type":"Feature","properties":{"landuse":"residential","amenity":"unknown","military":"unknown","base_elevation":120},"geometry":{"type":"Polygon","coordinates":[[[106.497783,29.518235],[106.498168,29.518179],[106.498605,29.518619],[106.49911,29.518535],[106.499175,29.51875],[106.500321,29.518476],[106.500373,29.518666],[106.500623,29.518582],[106.500501,29.517406],[106.50015,29.516818],[106.499853,29.516559],[106.499155,29.516372],[106.498501,29.515822],[106.498125,29.515766],[106.497702,29.517764],[106.497783,29.518235]]]}},{"id":"360","type":"Feature","properties":{"landuse":"residential","amenity":"unknown","military":"unknown","base_elevation":124},"geometry":{"type":"Polygon","coordinates":[[[106.503697,29.519414],[106.503821,29.519662],[106.505204,29.519711],[106.505358,29.519128],[106.505122,29.51821],[106.505039,29.518152],[106.504321,29.518254],[106.504053,29.518741],[106.503761,29.51878],[106.503697,29.519414]]]}},{"id":"361","type":"Feature","properties":{"landuse":"residential","amenity":"unknown","military":"unknown","base_elevation":128},"geometry":{"type":"Polygon","coordinates":[[[106.505264,29.520416],[106.505531,29.520127],[106.505533,29.519991],[106.505215,29.519759],[106.504881,29.519751],[106.504774,29.52042],[106.505264,29.520416]]]}},{"id":"362","type":"Feature","properties":{"landuse":"residential","amenity":"unknown","military":"unknown","base_elevation":148},"geometry":{"type":"Polygon","coordinates":[[[106.506026,29.531944],[106.506022,29.531025],[106.505927,29.530944],[106.504152,29.530939],[106.504043,29.531077],[106.504462,29.531681],[106.504868,29.531951],[106.505319,29.532035],[106.505932,29.53203],[106.506026,29.531944]]]}},{"id":"363","type":"Feature","properties":{"landuse":"residential","amenity":"unknown","military":"unknown","base_elevation":152},"geometry":{"type":"Polygon","coordinates":[[[106.506793,29.532602],[106.505117,29.532607],[106.505304,29.532214],[106.504939,29.532168],[106.504589,29.532007],[106.504324,29.531796],[106.503803,29.531115],[106.503575,29.531006],[106.503218,29.530982],[106.503214,29.531056],[106.50283,29.531212],[106.502823,29.531495],[106.502515,29.532043],[106.502482,29.533402],[106.502844,29.533331],[106.503069,29.533161],[106.50313,29.53322],[106.504076,29.532997],[106.504218,29.533124],[106.505092,29.533035],[106.506795,29.533038],[106.506793,29.532602]]]}},{"id":"364","type":"Feature","properties":{"landuse":"residential","amenity":"unknown","military":"unknown","base_elevation":174},"geometry":{"type":"Polygon","coordinates":[[[106.504201,29.539519],[106.503769,29.540138],[106.506174,29.541545],[106.506449,29.540993],[106.506377,29.540757],[106.506579,29.540513],[106.505206,29.539629],[106.504201,29.539519]]]}},{"id":"365","type":"Feature","properties":{"landuse":"residential","amenity":"unknown","military":"unknown","base_elevation":168},"geometry":{"type":"Polygon","coordinates":[[[106.500731,29.540148],[106.49958,29.539545],[106.499061,29.539779],[106.497749,29.540054],[106.497761,29.540557],[106.497986,29.54129],[106.499635,29.54202],[106.4993,29.542795],[106.500325,29.54343],[106.500448,29.543423],[106.502033,29.541852],[106.503065,29.540448],[106.503034,29.540317],[106.501307,29.539342],[106.500731,29.540148]]]}},{"id":"366","type":"Feature","properties":{"landuse":"residential","amenity":"unknown","military":"unknown","base_elevation":168},"geometry":{"type":"Polygon","coordinates":[[[106.500259,29.543616],[106.500255,29.543543],[106.499032,29.542816],[106.498447,29.543535],[106.498688,29.543786],[106.498914,29.543736],[106.499047,29.543856],[106.499411,29.543885],[106.499578,29.54377],[106.499803,29.543986],[106.500259,29.543616]]]}},{"id":"367","type":"Feature","properties":{"landuse":"residential","amenity":"unknown","military":"unknown","base_elevation":159},"geometry":{"type":"Polygon","coordinates":[[[106.503039,29.545597],[106.503302,29.545983],[106.505056,29.546706],[106.505569,29.54567],[106.506516,29.545654],[106.507042,29.54474],[106.506078,29.544256],[106.506126,29.544102],[106.505394,29.54391],[106.505189,29.543921],[106.504562,29.544265],[106.504196,29.544347],[106.503958,29.543755],[106.500675,29.543735],[106.499799,29.544347],[106.499805,29.544447],[106.499555,29.544657],[106.498305,29.545365],[106.498171,29.545618],[106.498285,29.545762],[106.500633,29.546018],[106.500784,29.54588],[106.500899,29.545199],[106.500985,29.545101],[106.502211,29.54521],[106.502685,29.545712],[106.503039,29.545597]]]}},{"id":"368","type":"Feature","properties":{"landuse":"residential","amenity":"unknown","military":"unknown","base_elevation":157},"geometry":{"type":"Polygon","coordinates":[[[106.498791,29.545927],[106.498604,29.546735],[106.498699,29.546956],[106.499724,29.546811],[106.499756,29.546505],[106.50047,29.546561],[106.500486,29.546057],[106.498791,29.545927]]]}},{"id":"369","type":"Feature","properties":{"landuse":"residential","amenity":"unknown","military":"unknown","base_elevation":157},"geometry":{"type":"Polygon","coordinates":[[[106.499441,29.548467],[106.50055,29.548327],[106.500457,29.547773],[106.499079,29.547804],[106.499204,29.548289],[106.499441,29.548467]]]}},{"id":"370","type":"Feature","properties":{"landuse":"residential","amenity":"unknown","military":"unknown","base_elevation":80},"geometry":{"type":"Polygon","coordinates":[[[106.503866,29.55061],[106.503422,29.550861],[106.50369,29.551368],[106.503987,29.551271],[106.504223,29.551464],[106.504436,29.550755],[106.503866,29.55061]]]}},{"id":"371","type":"Feature","properties":{"landuse":"residential","amenity":"unknown","military":"unknown","base_elevation":50},"geometry":{"type":"Polygon","coordinates":[[[106.507044,29.552784],[106.507119,29.552458],[106.506871,29.552206],[106.506682,29.552164],[106.506266,29.552354],[106.504608,29.55255],[106.504788,29.55337],[106.505024,29.553583],[106.505688,29.553914],[106.505754,29.555007],[106.506416,29.555017],[106.506502,29.554896],[106.506422,29.554498],[106.506488,29.554268],[106.506724,29.553932],[106.50673,29.55318],[106.506814,29.552966],[106.507044,29.552784]]]}},{"id":"372","type":"Feature","properties":{"landuse":"residential","amenity":"unknown","military":"unknown","base_elevation":48},"geometry":{"type":"Polygon","coordinates":[[[106.508545,29.553362],[106.508094,29.554753],[106.50831,29.554846],[106.508537,29.554824],[106.510949,29.553159],[106.510068,29.552378],[106.508774,29.553006],[106.508545,29.553362]]]}},{"id":"373","type":"Feature","properties":{"landuse":"residential","amenity":"unknown","military":"unknown","base_elevation":57},"geometry":{"type":"Polygon","coordinates":[[[106.505612,29.555046],[106.505572,29.554001],[106.504692,29.553503],[106.50455,29.55323],[106.504434,29.552674],[106.504342,29.552652],[106.503186,29.553236],[106.503569,29.553812],[106.503632,29.554136],[106.503546,29.55467],[106.503622,29.554842],[106.503995,29.555143],[106.504076,29.555381],[106.504203,29.555412],[106.505612,29.555046]]]}},{"id":"374","type":"Feature","properties":{"landuse":"residential","amenity":"unknown","military":"unknown","base_elevation":68},"geometry":{"type":"Polygon","coordinates":[[[106.501918,29.562102],[106.501751,29.562382],[106.501798,29.562446],[106.502216,29.562717],[106.502431,29.562997],[106.502763,29.563127],[106.503167,29.563082],[106.50331,29.562876],[106.503686,29.562652],[106.504512,29.562474],[106.504748,29.562558],[106.504974,29.563062],[106.506411,29.562866],[106.507731,29.562446],[106.507559,29.560701],[106.507409,29.560514],[106.506722,29.560561],[106.505087,29.56088],[106.502648,29.561839],[106.50218,29.56187],[106.501846,29.56205],[106.501918,29.562102]]]}},{"id":"375","type":"Feature","properties":{"landuse":"residential","amenity":"unknown","military":"unknown","base_elevation":109},"geometry":{"type":"Polygon","coordinates":[[[106.503753,29.563855],[106.503681,29.563501],[106.502594,29.563573],[106.501354,29.563164],[106.500946,29.563239],[106.499996,29.563782],[106.499754,29.564063],[106.499758,29.564251],[106.499327,29.564733],[106.499108,29.565453],[106.499619,29.565214],[106.501426,29.565008],[106.502008,29.564652],[106.50274,29.56434],[106.503229,29.563969],[106.503753,29.563855]]]}},{"id":"376","type":"Feature","properties":{"landuse":"residential","amenity":"unknown","military":"unknown","base_elevation":161},"geometry":{"type":"Polygon","coordinates":[[[106.506113,29.565684],[106.506564,29.565341],[106.506556,29.565213],[106.506298,29.564989],[106.506408,29.564888],[106.506126,29.564683],[106.504493,29.564739],[106.504474,29.564874],[106.504083,29.564977],[106.50379,29.565257],[106.503533,29.566013],[106.504305,29.565572],[106.505673,29.565628],[106.505834,29.565675],[106.506027,29.565959],[106.506113,29.565684]]]}},{"id":"377","type":"Feature","properties":{"landuse":"residential","amenity":"unknown","military":"unknown","base_elevation":174},"geometry":{"type":"Polygon","coordinates":[[[106.499784,29.570452],[106.498997,29.570856],[106.498904,29.571027],[106.498853,29.571296],[106.498934,29.571466],[106.499242,29.571765],[106.500279,29.572281],[106.501028,29.573137],[106.502304,29.571755],[106.502042,29.571535],[106.501996,29.571299],[106.50231,29.570702],[106.502326,29.570457],[106.501725,29.570154],[106.501293,29.569316],[106.50128,29.569023],[106.501451,29.568232],[106.501996,29.567935],[106.502095,29.568062],[106.503444,29.567324],[106.503756,29.567226],[106.504533,29.56755],[106.505121,29.568082],[106.505675,29.568365],[106.505906,29.56835],[106.506196,29.567947],[106.50574,29.567376],[106.505974,29.566188],[106.505917,29.565864],[106.50574,29.565728],[106.504429,29.565714],[106.50408,29.565789],[106.503343,29.566359],[106.503055,29.566428],[106.502288,29.566004],[106.501961,29.56595],[106.501634,29.565997],[106.500963,29.566293],[106.500497,29.56689],[106.498032,29.567576],[106.497806,29.5678],[106.497817,29.568115],[106.499135,29.569013],[106.499885,29.569992],[106.499896,29.570255],[106.499784,29.570452]]]}},{"id":"378","type":"Feature","properties":{"landuse":"residential","amenity":"unknown","military":"unknown","base_elevation":108},"geometry":{"type":"Polygon","coordinates":[[[106.509507,29.575727],[106.509558,29.575962],[106.509871,29.57635],[106.51066,29.576525],[106.510812,29.576772],[106.511475,29.577164],[106.511907,29.577185],[106.512462,29.576907],[106.512969,29.576205],[106.513556,29.57565],[106.513218,29.57547],[106.512682,29.574551],[106.512789,29.573725],[106.512861,29.573532],[106.513044,29.573357],[106.513023,29.573107],[106.512856,29.572727],[106.510759,29.573396],[106.510906,29.573634],[106.51023,29.573914],[106.510303,29.574143],[106.509809,29.574285],[106.509764,29.574141],[106.50957,29.574183],[106.509394,29.573648],[106.50945,29.573611],[106.509305,29.57292],[106.509554,29.572659],[106.512065,29.572118],[106.512333,29.571861],[106.512344,29.57177],[106.511789,29.570991],[106.511673,29.570599],[106.511719,29.57024],[106.511319,29.570235],[106.510614,29.569844],[106.509973,29.570135],[106.509165,29.570868],[106.508889,29.57097],[106.506422,29.570879],[106.50616,29.570954],[106.50606,29.57111],[106.506114,29.571338],[106.506551,29.571555],[106.5068,29.571786],[106.506821,29.572098],[106.506731,29.572293],[106.506489,29.572398],[106.505062,29.572466],[106.504738,29.572702],[106.504573,29.573144],[106.504643,29.573604],[106.505573,29.574544],[106.505677,29.574848],[106.505758,29.576113],[106.505982,29.576329],[106.507519,29.576611],[106.508651,29.576646],[106.509239,29.576275],[106.509685,29.576272],[106.50945,29.575973],[106.50931,29.575583],[106.508736,29.575275],[106.508806,29.575193],[106.509507,29.575727]]]}},{"id":"379","type":"Feature","properties":{"landuse":"residential","amenity":"unknown","military":"unknown","base_elevation":111},"geometry":{"type":"Polygon","coordinates":[[[106.500801,29.579742],[106.499959,29.580868],[106.501283,29.581391],[106.501098,29.581563],[106.501346,29.581809],[106.501615,29.581846],[106.50204,29.581742],[106.502875,29.581157],[106.500801,29.579742]]]}},{"id":"380","type":"Feature","properties":{"landuse":"residential","amenity":"unknown","military":"unknown","base_elevation":114},"geometry":{"type":"Polygon","coordinates":[[[106.509362,29.581245],[106.50906,29.581226],[106.509072,29.581108],[106.508052,29.581052],[106.508031,29.580325],[106.507665,29.580068],[106.507408,29.580032],[106.507099,29.580044],[106.505654,29.581012],[106.505272,29.58099],[106.505024,29.583005],[106.505866,29.583035],[106.505797,29.583913],[106.504866,29.58391],[106.504846,29.584118],[106.505044,29.584442],[106.505467,29.584908],[106.506241,29.585364],[106.507709,29.585718],[106.507859,29.585503],[106.50794,29.584145],[106.509345,29.583042],[106.509389,29.582704],[106.510675,29.581946],[106.509914,29.581706],[106.509768,29.581529],[106.509372,29.581496],[106.509362,29.581245]]]}},{"id":"381","type":"Feature","properties":{"landuse":"residential","amenity":"unknown","military":"unknown","base_elevation":116},"geometry":{"type":"Polygon","coordinates":[[[106.505734,29.583771],[106.50573,29.583114],[106.504973,29.583121],[106.504919,29.583772],[106.505734,29.583771]]]}},{"id":"382","type":"Feature","properties":{"landuse":"residential","amenity":"unknown","military":"unknown","base_elevation":112},"geometry":{"type":"Polygon","coordinates":[[[106.502518,29.584216],[106.503813,29.584206],[106.503408,29.58314],[106.50226,29.583416],[106.501146,29.583454],[106.501067,29.583547],[106.501059,29.584423],[106.50252,29.584423],[106.502518,29.584216]]]}},{"id":"383","type":"Feature","properties":{"landuse":"residential","amenity":"unknown","military":"unknown","base_elevation":121},"geometry":{"type":"Polygon","coordinates":[[[106.493922,29.583203],[106.492276,29.582736],[106.491931,29.582821],[106.491549,29.583626],[106.491649,29.583754],[106.493729,29.584556],[106.495998,29.585354],[106.496658,29.585512],[106.500692,29.585671],[106.500825,29.585579],[106.5009,29.58347],[106.495,29.5834],[106.493922,29.583203]]]}},{"id":"384","type":"Feature","properties":{"landuse":"residential","amenity":"unknown","military":"unknown","base_elevation":128},"geometry":{"type":"Polygon","coordinates":[[[106.509674,29.586076],[106.507916,29.586046],[106.50782,29.586128],[106.50783,29.586993],[106.509349,29.587006],[106.509337,29.588328],[106.509724,29.588338],[106.509749,29.586136],[106.509674,29.586076]]]}},{"id":"385","type":"Feature","properties":{"landuse":"residential","amenity":"unknown","military":"unknown","base_elevation":123},"geometry":{"type":"Polygon","coordinates":[[[106.501031,29.586161],[106.501,29.588942],[106.503872,29.588969],[106.50394,29.588047],[106.503508,29.588031],[106.503539,29.587211],[106.503256,29.587013],[106.503243,29.586611],[106.501943,29.586643],[106.50198,29.586177],[106.501031,29.586161]]]}},{"id":"386","type":"Feature","properties":{"landuse":"residential","amenity":"unknown","military":"unknown","base_elevation":121},"geometry":{"type":"Polygon","coordinates":[[[106.50943,29.590172],[106.508194,29.589392],[106.50763,29.588896],[106.507579,29.588691],[106.50766,29.586128],[106.507557,29.586046],[106.507066,29.586042],[106.506498,29.586188],[106.505646,29.586808],[106.50524,29.587594],[106.505082,29.588912],[106.505144,29.589326],[106.505506,29.589846],[106.507687,29.591594],[106.507794,29.591605],[106.509269,29.590606],[106.509461,29.590416],[106.50943,29.590172]]]}},{"id":"387","type":"Feature","properties":{"landuse":"residential","amenity":"unknown","military":"unknown","base_elevation":135},"geometry":{"type":"Polygon","coordinates":[[[106.509639,29.590058],[106.509728,29.589953],[106.50974,29.588483],[106.509669,29.588403],[106.507847,29.588363],[106.507845,29.588785],[106.508008,29.589052],[106.509639,29.590058]]]}},{"id":"388","type":"Feature","properties":{"landuse":"residential","amenity":"unknown","military":"unknown","base_elevation":118},"geometry":{"type":"Polygon","coordinates":[[[106.506955,29.59161],[106.505732,29.590565],[106.50512,29.590859],[106.504841,29.592244],[106.505673,29.592799],[106.506955,29.59161]]]}},{"id":"389","type":"Feature","properties":{"landuse":"residential","amenity":"unknown","military":"unknown","base_elevation":129},"geometry":{"type":"Polygon","coordinates":[[[106.500991,29.591151],[106.501002,29.592885],[106.501058,29.592998],[106.502777,29.592987],[106.502845,29.592751],[106.502758,29.591149],[106.500991,29.591151]]]}},{"id":"390","type":"Feature","properties":{"landuse":"residential","amenity":"unknown","military":"unknown","base_elevation":140},"geometry":{"type":"Polygon","coordinates":[[[106.509381,29.592132],[106.508803,29.59166],[106.509195,29.59135],[106.509134,29.591277],[106.509848,29.590909],[106.510124,29.591066],[106.510415,29.590798],[106.509979,29.590547],[106.50955,29.590543],[106.508017,29.59159],[106.507951,29.591726],[106.51045,29.593652],[106.510907,29.593095],[106.510003,29.592312],[106.510342,29.59184],[106.509853,29.59152],[106.50947,29.591866],[106.509573,29.591945],[106.509381,29.592132]]]}},{"id":"391","type":"Feature","properties":{"landuse":"residential","amenity":"unknown","military":"unknown","base_elevation":126},"geometry":{"type":"Polygon","coordinates":[[[106.506379,29.593324],[106.506891,29.593104],[106.507794,29.592323],[106.506981,29.59163],[106.505806,29.592758],[106.506379,29.593324]]]}},{"id":"392","type":"Feature","properties":{"landuse":"residential","amenity":"unknown","military":"unknown","base_elevation":137},"geometry":{"type":"Polygon","coordinates":[[[106.500665,29.591974],[106.498507,29.59197],[106.498503,29.593014],[106.500662,29.593014],[106.500665,29.591974]]]}},{"id":"393","type":"Feature","properties":{"landuse":"residential","amenity":"unknown","military":"unknown","base_elevation":136},"geometry":{"type":"Polygon","coordinates":[[[106.507952,29.592504],[106.507456,29.592885],[106.509389,29.594264],[106.509785,29.593882],[106.507952,29.592504]]]}},{"id":"394","type":"Feature","properties":{"landuse":"residential","amenity":"unknown","military":"unknown","base_elevation":135},"geometry":{"type":"Polygon","coordinates":[[[106.500652,29.593985],[106.500653,29.593257],[106.498442,29.593253],[106.49844,29.59398],[106.500652,29.593985]]]}},{"id":"395","type":"Feature","properties":{"landuse":"residential","amenity":"unknown","military":"unknown","base_elevation":122},"geometry":{"type":"Polygon","coordinates":[[[106.507435,29.593008],[106.506777,29.593371],[106.505991,29.593655],[106.505658,29.594165],[106.505807,29.594442],[106.507584,29.595956],[106.509651,29.594725],[106.507435,29.593008]]]}},{"id":"396","type":"Feature","properties":{"landuse":"residential","amenity":"unknown","military":"unknown","base_elevation":137},"geometry":{"type":"Polygon","coordinates":[[[106.502817,29.593618],[106.501037,29.593621],[106.50099,29.596177],[106.502775,29.596169],[106.502817,29.593618]]]}},{"id":"397","type":"Feature","properties":{"landuse":"residential","amenity":"unknown","military":"unknown","base_elevation":139},"geometry":{"type":"Polygon","coordinates":[[[106.499994,29.594999],[106.499994,29.595425],[106.499079,29.595424],[106.49908,29.594146],[106.498434,29.594142],[106.498428,29.596144],[106.50063,29.59616],[106.500644,29.595001],[106.499994,29.594999]]]}},{"id":"398","type":"Feature","properties":{"landuse":"residential","amenity":"unknown","military":"unknown","base_elevation":120},"geometry":{"type":"Polygon","coordinates":[[[106.501837,29.597953],[106.502618,29.597945],[106.502596,29.596402],[106.501823,29.596411],[106.501837,29.597953]]]}},{"id":"399","type":"Feature","properties":{"landuse":"residential","amenity":"unknown","military":"unknown","base_elevation":139},"geometry":{"type":"Polygon","coordinates":[[[106.500515,29.596414],[106.498416,29.596352],[106.498428,29.599018],[106.500512,29.596508],[106.500515,29.596414]]]}},{"id":"400","type":"Feature","properties":{"landuse":"residential","amenity":"unknown","military":"unknown","base_elevation":130},"geometry":{"type":"Polygon","coordinates":[[[106.500542,29.599327],[106.500684,29.599217],[106.500651,29.596616],[106.500575,29.596577],[106.498478,29.599188],[106.498558,29.599343],[106.500542,29.599327]]]}},{"id":"401","type":"Feature","properties":{"landuse":"residential","amenity":"unknown","military":"unknown","base_elevation":130},"geometry":{"type":"Polygon","coordinates":[[[106.504162,29.599202],[106.503913,29.599631],[106.504214,29.599748],[106.504866,29.59978],[106.50511,29.598721],[106.504464,29.598874],[106.504162,29.599202]]]}},{"id":"402","type":"Feature","properties":{"landuse":"residential","amenity":"unknown","military":"unknown","base_elevation":124},"geometry":{"type":"Polygon","coordinates":[[[106.508419,29.599725],[106.507641,29.599671],[106.507124,29.599342],[106.506371,29.599324],[106.506372,29.599584],[106.505559,29.59941],[106.505452,29.599811],[106.507439,29.600214],[106.508592,29.600214],[106.508592,29.599853],[106.508419,29.599725]]]}},{"id":"403","type":"Feature","properties":{"landuse":"residential","amenity":"unknown","military":"unknown","base_elevation":118},"geometry":{"type":"Polygon","coordinates":[[[106.503912,29.59974],[106.503448,29.599725],[106.503382,29.600136],[106.503744,29.60061],[106.503978,29.600645],[106.504141,29.599834],[106.503912,29.59974]]]}},{"id":"404","type":"Feature","properties":{"landuse":"residential","amenity":"unknown","military":"unknown","base_elevation":130},"geometry":{"type":"Polygon","coordinates":[[[106.507307,29.600349],[106.50543,29.599978],[106.505255,29.601049],[106.507344,29.601022],[106.507419,29.600957],[106.50741,29.600465],[106.507307,29.600349]]]}},{"id":"405","type":"Feature","properties":{"landuse":"residential","amenity":"unknown","military":"unknown","base_elevation":133},"geometry":{"type":"Polygon","coordinates":[[[106.508953,29.60187],[106.50902,29.601807],[106.508999,29.601138],[106.508925,29.601077],[106.507677,29.601097],[106.507598,29.60116],[106.507604,29.601786],[106.507705,29.601876],[106.508953,29.60187]]]}},{"id":"406","type":"Feature","properties":{"landuse":"residential","amenity":"unknown","military":"unknown","base_elevation":133},"geometry":{"type":"Polygon","coordinates":[[[106.506268,29.601857],[106.507359,29.601842],[106.507435,29.601775],[106.507426,29.60118],[106.50734,29.601106],[106.506263,29.601121],[106.50617,29.601189],[106.506165,29.601769],[106.506268,29.601857]]]}},{"id":"407","type":"Feature","properties":{"landuse":"residential","amenity":"unknown","military":"unknown","base_elevation":136},"geometry":{"type":"Polygon","coordinates":[[[106.505202,29.601388],[106.505123,29.601868],[106.50598,29.601861],[106.506071,29.601774],[106.506075,29.601379],[106.505202,29.601388]]]}},{"id":"408","type":"Feature","properties":{"landuse":"residential","amenity":"unknown","military":"unknown","base_elevation":119},"geometry":{"type":"Polygon","coordinates":[[[106.502439,29.601709],[106.501646,29.601534],[106.501418,29.601681],[106.501433,29.602992],[106.502342,29.603024],[106.502753,29.603122],[106.503731,29.603124],[106.504008,29.603052],[106.50434,29.601894],[106.50246,29.601564],[106.502439,29.601709]]]}},{"id":"409","type":"Feature","properties":{"landuse":"residential","amenity":"unknown","military":"unknown","base_elevation":117},"geometry":{"type":"Polygon","coordinates":[[[106.500553,29.601401],[106.498438,29.601414],[106.498454,29.603468],[106.500557,29.603477],[106.500697,29.603346],[106.500688,29.60153],[106.500553,29.601401]]]}},{"id":"410","type":"Feature","properties":{"landuse":"residential","amenity":"unknown","military":"unknown","base_elevation":134},"geometry":{"type":"Polygon","coordinates":[[[106.507701,29.601974],[106.507607,29.602071],[106.507589,29.602999],[106.507694,29.603218],[106.509056,29.603279],[106.509027,29.602006],[106.508962,29.60195],[106.507701,29.601974]]]}},{"id":"411","type":"Feature","properties":{"landuse":"residential","amenity":"unknown","military":"unknown","base_elevation":128},"geometry":{"type":"Polygon","coordinates":[[[106.504794,29.603103],[106.504947,29.603256],[106.505591,29.603247],[106.505587,29.602773],[106.506133,29.60276],[106.506132,29.602592],[106.506704,29.602581],[106.506704,29.602027],[106.504979,29.602064],[106.504794,29.603103]]]}},{"id":"412","type":"Feature","properties":{"landuse":"residential","amenity":"unknown","military":"unknown","base_elevation":119},"geometry":{"type":"Polygon","coordinates":[[[106.505882,29.604585],[106.505921,29.605939],[106.505499,29.605944],[106.505488,29.605488],[106.505198,29.605256],[106.504828,29.605305],[106.504199,29.605577],[106.504119,29.605836],[106.503761,29.607764],[106.503686,29.608893],[106.503796,29.609894],[106.504307,29.610316],[106.50614,29.610318],[106.506274,29.610222],[106.506406,29.608954],[106.506229,29.607761],[106.506387,29.606914],[106.506278,29.606138],[106.506287,29.605573],[106.506948,29.604548],[106.507235,29.603661],[106.507164,29.603603],[106.505609,29.603743],[106.505664,29.604593],[106.505882,29.604585]]]}},{"id":"413","type":"Feature","properties":{"landuse":"residential","amenity":"unknown","military":"unknown","base_elevation":121},"geometry":{"type":"Polygon","coordinates":[[[106.500765,29.607596],[106.500977,29.607419],[106.500738,29.604708],[106.498387,29.604718],[106.498388,29.607475],[106.498538,29.60759],[106.500765,29.607596]]]}},{"id":"414","type":"Feature","properties":{"landuse":"residential","amenity":"unknown","military":"unknown","base_elevation":123},"geometry":{"type":"Polygon","coordinates":[[[106.49977,29.609956],[106.50113,29.609955],[106.500972,29.60847],[106.500823,29.608158],[106.500337,29.607785],[106.498348,29.607789],[106.498367,29.610352],[106.499771,29.610358],[106.49977,29.609956]]]}},{"id":"415","type":"Feature","properties":{"landuse":"residential","amenity":"unknown","military":"unknown","base_elevation":141},"geometry":{"type":"Polygon","coordinates":[[[106.509519,29.613225],[106.508653,29.611311],[106.507829,29.611316],[106.508005,29.612074],[106.508969,29.612907],[106.508786,29.613249],[106.508763,29.613616],[106.509651,29.613705],[106.509519,29.613225]]]}},{"id":"416","type":"Feature","properties":{"landuse":"residential","amenity":"unknown","military":"unknown","base_elevation":132},"geometry":{"type":"Polygon","coordinates":[[[106.500327,29.633408],[106.500505,29.633935],[106.500052,29.634225],[106.500384,29.634655],[106.499882,29.63502],[106.499471,29.635556],[106.499362,29.636044],[106.499719,29.636449],[106.500537,29.636684],[106.500982,29.636978],[106.501189,29.637],[106.501296,29.637227],[106.501185,29.637351],[106.500727,29.637305],[106.499296,29.636772],[106.499008,29.638299],[106.499054,29.638553],[106.502849,29.638817],[106.503378,29.638734],[106.503691,29.637055],[106.503696,29.63655],[106.504026,29.635087],[106.503353,29.634997],[106.503444,29.634439],[106.504092,29.634754],[106.504195,29.632905],[106.503363,29.633029],[106.50271,29.632619],[106.501064,29.632949],[106.500327,29.633408]]]}},{"id":"417","type":"Feature","properties":{"landuse":"residential","amenity":"unknown","military":"unknown","base_elevation":151},"geometry":{"type":"Polygon","coordinates":[[[106.505217,29.634931],[106.506528,29.634974],[106.50691,29.635311],[106.507628,29.637597],[106.507699,29.63765],[106.509376,29.637563],[106.509309,29.637277],[106.508971,29.637149],[106.508827,29.635989],[106.509355,29.635724],[106.509382,29.635542],[106.508878,29.635352],[106.508764,29.635176],[106.508509,29.635108],[106.508204,29.6352],[106.508056,29.634976],[106.507579,29.634604],[106.507512,29.634391],[106.50791,29.633703],[106.508262,29.633773],[106.508576,29.633708],[106.508736,29.633406],[106.508074,29.633044],[106.507581,29.632915],[106.505065,29.632785],[106.504986,29.632903],[106.504765,29.632888],[106.504598,29.634749],[106.504722,29.634857],[106.505217,29.634931]]]}},{"id":"418","type":"Feature","properties":{"landuse":"residential","amenity":"unknown","military":"unknown","base_elevation":172},"geometry":{"type":"Polygon","coordinates":[[[106.50733,29.637575],[106.506584,29.635248],[106.50473,29.635182],[106.504478,29.635327],[106.5041,29.637717],[106.504477,29.637733],[106.504725,29.6381],[106.505685,29.637758],[106.507234,29.637637],[106.50733,29.637575]]]}},{"id":"419","type":"Feature","properties":{"landuse":"residential","amenity":"unknown","military":"unknown","base_elevation":124},"geometry":{"type":"Polygon","coordinates":[[[106.49916,29.641402],[106.498801,29.641887],[106.498856,29.642008],[106.500269,29.642771],[106.50107,29.642985],[106.50122,29.642272],[106.501757,29.64199],[106.501684,29.641907],[106.501968,29.640506],[106.499879,29.640999],[106.49916,29.641402]]]}},{"id":"420","type":"Feature","properties":{"landuse":"residential","amenity":"unknown","military":"unknown","base_elevation":124},"geometry":{"type":"Polygon","coordinates":[[[106.498676,29.64226],[106.49856,29.642304],[106.497995,29.64363],[106.498021,29.643756],[106.50042,29.644563],[106.500574,29.644499],[106.5007,29.644178],[106.500645,29.644154],[106.500856,29.64328],[106.500776,29.643175],[106.499932,29.642889],[106.498676,29.64226]]]}},{"id":"421","type":"Feature","properties":{"landuse":"residential","amenity":"unknown","military":"unknown","base_elevation":125},"geometry":{"type":"Polygon","coordinates":[[[106.501192,29.643316],[106.500873,29.644625],[106.500945,29.644753],[106.502087,29.645134],[106.502277,29.644661],[106.5024,29.643591],[106.502293,29.643448],[106.501306,29.643264],[106.501192,29.643316]]]}},{"id":"422","type":"Feature","properties":{"landuse":"residential","amenity":"unknown","military":"unknown","base_elevation":118},"geometry":{"type":"Polygon","coordinates":[[[106.514391,29.50132],[106.514586,29.50212],[106.515204,29.501823],[106.515423,29.500981],[106.516058,29.500485],[106.516049,29.500188],[106.515879,29.499969],[106.514903,29.500054],[106.514464,29.500797],[106.514391,29.50132]]]}},{"id":"423","type":"Feature","properties":{"landuse":"residential","amenity":"unknown","military":"unknown","base_elevation":110},"geometry":{"type":"Polygon","coordinates":[[[106.515399,29.501809],[106.515992,29.501625],[106.516586,29.501688],[106.517448,29.502318],[106.518115,29.501688],[106.516928,29.500719],[106.516716,29.500167],[106.516253,29.500287],[106.516082,29.500825],[106.515586,29.501221],[106.515399,29.501809]]]}},{"id":"424","type":"Feature","properties":{"landuse":"residential","amenity":"unknown","military":"unknown","base_elevation":99},"geometry":{"type":"Polygon","coordinates":[[[106.519469,29.503552],[106.520161,29.503559],[106.520924,29.503686],[106.521546,29.502254],[106.52141,29.502067],[106.519255,29.502131],[106.51919,29.502229],[106.519334,29.502816],[106.519361,29.503471],[106.519469,29.503552]]]}},{"id":"425","type":"Feature","properties":{"landuse":"residential","amenity":"unknown","military":"unknown","base_elevation":79},"geometry":{"type":"Polygon","coordinates":[[[106.520372,29.504276],[106.520396,29.503744],[106.51939,29.503708],[106.519299,29.503793],[106.519361,29.506071],[106.520167,29.506051],[106.52023,29.50588],[106.520187,29.5046],[106.520372,29.504276]]]}},{"id":"426","type":"Feature","properties":{"landuse":"residential","amenity":"unknown","military":"unknown","base_elevation":92},"geometry":{"type":"Polygon","coordinates":[[[106.520877,29.509234],[106.51997,29.508111],[106.519535,29.508183],[106.519771,29.509256],[106.520117,29.509381],[106.520492,29.509408],[106.520769,29.509372],[106.520877,29.509234]]]}},{"id":"427","type":"Feature","properties":{"landuse":"residential","amenity":"unknown","military":"unknown","base_elevation":100},"geometry":{"type":"Polygon","coordinates":[[[106.516308,29.509706],[106.51604,29.509892],[106.516035,29.510168],[106.516356,29.51027],[106.516761,29.510574],[106.517478,29.510581],[106.517827,29.51051],[106.517896,29.509858],[106.518067,29.509693],[106.518635,29.509489],[106.518646,29.508446],[106.517601,29.50837],[106.517497,29.509293],[106.516517,29.509281],[106.516356,29.509439],[106.516308,29.509706]]]}},{"id":"428","type":"Feature","properties":{"landuse":"residential","amenity":"unknown","military":"unknown","base_elevation":99},"geometry":{"type":"Polygon","coordinates":[[[106.51987,29.509594],[106.520423,29.511005],[106.520804,29.510898],[106.521036,29.511042],[106.522246,29.510835],[106.522266,29.510956],[106.522798,29.510873],[106.522974,29.51074],[106.523404,29.509812],[106.523297,29.509632],[106.522042,29.509064],[106.521734,29.509081],[106.521387,29.509267],[106.520271,29.5096],[106.52017,29.509505],[106.51987,29.509594]]]}},{"id":"429","type":"Feature","properties":{"landuse":"residential","amenity":"unknown","military":"unknown","base_elevation":98},"geometry":{"type":"Polygon","coordinates":[[[106.51811,29.511481],[106.51853,29.511546],[106.519576,29.511437],[106.519695,29.511154],[106.519255,29.509658],[106.518634,29.50971],[106.518312,29.509842],[106.518113,29.510052],[106.517987,29.510477],[106.51811,29.511481]]]}},{"id":"430","type":"Feature","properties":{"landuse":"residential","amenity":"unknown","military":"unknown","base_elevation":91},"geometry":{"type":"Polygon","coordinates":[[[106.515809,29.514754],[106.514932,29.514772],[106.514782,29.514848],[106.514422,29.514666],[106.514206,29.51435],[106.512945,29.514995],[106.51295,29.515314],[106.513318,29.516058],[106.513509,29.516103],[106.513814,29.516031],[106.513824,29.516104],[106.513959,29.516096],[106.51409,29.517231],[106.514435,29.51702],[106.515196,29.517064],[106.515303,29.516947],[106.515379,29.517105],[106.516896,29.517095],[106.517085,29.516793],[106.517086,29.516399],[106.519014,29.516351],[106.519014,29.515683],[106.519465,29.515683],[106.519521,29.515758],[106.520161,29.515701],[106.520101,29.514563],[106.520031,29.514549],[106.520055,29.514266],[106.520114,29.514266],[106.520104,29.513667],[106.519881,29.513529],[106.519873,29.513407],[106.520034,29.513144],[106.520011,29.512999],[106.519366,29.513089],[106.519149,29.512911],[106.519504,29.512445],[106.519473,29.5122],[106.519327,29.512215],[106.5193,29.512044],[106.519508,29.511882],[106.519481,29.511749],[106.515519,29.512497],[106.51549,29.512568],[106.515824,29.513335],[106.515809,29.514754]]]}},{"id":"431","type":"Feature","properties":{"landuse":"residential","amenity":"unknown","military":"unknown","base_elevation":122},"geometry":{"type":"Polygon","coordinates":[[[106.511539,29.517643],[106.513041,29.517686],[106.512853,29.515956],[106.512295,29.516043],[106.511913,29.516427],[106.511408,29.516337],[106.511231,29.516176],[106.510677,29.516082],[106.510741,29.51673],[106.511094,29.517489],[106.511539,29.517643]]]}},{"id":"432","type":"Feature","properties":{"landuse":"residential","amenity":"unknown","military":"unknown","base_elevation":107},"geometry":{"type":"Polygon","coordinates":[[[106.515836,29.519954],[106.51674,29.520766],[106.518431,29.520611],[106.518793,29.520389],[106.518857,29.520185],[106.518718,29.519023],[106.518455,29.518833],[106.517291,29.518926],[106.517341,29.519585],[106.516025,29.519675],[106.515836,29.519954]]]}},{"id":"433","type":"Feature","properties":{"landuse":"residential","amenity":"unknown","military":"unknown","base_elevation":102},"geometry":{"type":"Polygon","coordinates":[[[106.518999,29.518866],[106.519103,29.520209],[106.519031,29.520509],[106.518784,29.520731],[106.518439,29.520846],[106.51709,29.520978],[106.516977,29.521211],[106.517226,29.521835],[106.517933,29.521757],[106.518016,29.522278],[106.520395,29.521288],[106.520625,29.520604],[106.520277,29.518709],[106.519074,29.518793],[106.518999,29.518866]]]}},{"id":"434","type":"Feature","properties":{"landuse":"residential","amenity":"unknown","military":"unknown","base_elevation":121},"geometry":{"type":"Polygon","coordinates":[[[106.510728,29.523506],[106.511573,29.523321],[106.512225,29.523286],[106.512304,29.523262],[106.512297,29.523092],[106.510808,29.523117],[106.510717,29.523186],[106.510728,29.523506]]]}},{"id":"435","type":"Feature","properties":{"landuse":"residential","amenity":"unknown","military":"unknown","base_elevation":140},"geometry":{"type":"Polygon","coordinates":[[[106.511717,29.528187],[106.511838,29.527931],[106.511725,29.52786],[106.511104,29.528581],[106.511499,29.528841],[106.512036,29.529059],[106.512288,29.52855],[106.511717,29.528187]]]}},{"id":"436","type":"Feature","properties":{"landuse":"residential","amenity":"unknown","military":"unknown","base_elevation":103},"geometry":{"type":"Polygon","coordinates":[[[106.519762,29.529869],[106.519583,29.529982],[106.519162,29.531475],[106.519543,29.531542],[106.520589,29.531412],[106.52018,29.530388],[106.519878,29.529918],[106.519762,29.529869]]]}},{"id":"437","type":"Feature","properties":{"landuse":"residential","amenity":"unknown","military":"unknown","base_elevation":123},"geometry":{"type":"Polygon","coordinates":[[[106.519148,29.535858],[106.519835,29.535869],[106.520534,29.535564],[106.520756,29.534788],[106.52104,29.534319],[106.519582,29.533595],[106.518457,29.533872],[106.518098,29.535596],[106.518902,29.53603],[106.519148,29.535858]]]}},{"id":"438","type":"Feature","properties":{"landuse":"residential","amenity":"unknown","military":"unknown","base_elevation":164},"geometry":{"type":"Polygon","coordinates":[[[106.518314,29.540244],[106.518978,29.541259],[106.51908,29.541679],[106.518928,29.542837],[106.519034,29.543115],[106.520345,29.5436],[106.520771,29.544018],[106.521767,29.543456],[106.521957,29.54322],[106.522284,29.54245],[106.522413,29.541876],[106.52274,29.54147],[106.522729,29.541054],[106.522477,29.541073],[106.522252,29.540569],[106.521812,29.540284],[106.521796,29.540084],[106.52193,29.539925],[106.5223,29.539864],[106.522189,29.539147],[106.521426,29.53858],[106.52081,29.537736],[106.520669,29.537677],[106.519814,29.537901],[106.519063,29.538265],[106.51811,29.537845],[106.517864,29.53788],[106.517857,29.538018],[106.518323,29.538512],[106.518432,29.538836],[106.518185,29.539721],[106.518314,29.540244]]]}},{"id":"439","type":"Feature","properties":{"landuse":"residential","amenity":"unknown","military":"unknown","base_elevation":54},"geometry":{"type":"Polygon","coordinates":[[[106.511171,29.551166],[106.511463,29.551402],[106.514168,29.55125],[106.513623,29.550384],[106.513391,29.550319],[106.511171,29.550412],[106.511098,29.550467],[106.511171,29.551166]]]}},{"id":"440","type":"Feature","properties":{"landuse":"residential","amenity":"unknown","military":"unknown","base_elevation":28},"geometry":{"type":"Polygon","coordinates":[[[106.518321,29.55159],[106.517813,29.551541],[106.517446,29.551598],[106.516941,29.551847],[106.517429,29.552985],[106.517715,29.553056],[106.51844,29.552958],[106.518779,29.552648],[106.518687,29.551889],[106.518321,29.55159]]]}},{"id":"441","type":"Feature","properties":{"landuse":"residential","amenity":"unknown","military":"unknown","base_elevation":31},"geometry":{"type":"Polygon","coordinates":[[[106.508564,29.555588],[106.511808,29.55461],[106.511867,29.554409],[106.511044,29.553307],[106.508545,29.554962],[106.507997,29.555151],[106.508407,29.555575],[106.508564,29.555588]]]}},{"id":"442","type":"Feature","properties":{"landuse":"residential","amenity":"unknown","military":"unknown","base_elevation":69},"geometry":{"type":"Polygon","coordinates":[[[106.517631,29.560735],[106.518008,29.560756],[106.517704,29.559609],[106.517609,29.559501],[106.517391,29.559469],[106.516869,29.558305],[106.513064,29.559595],[106.513065,29.560052],[106.511914,29.56034],[106.511785,29.560457],[106.511605,29.560866],[106.511607,29.563001],[106.511996,29.563314],[106.514285,29.563311],[106.514671,29.563203],[106.515023,29.562949],[106.515197,29.562647],[106.515162,29.560984],[106.515018,29.56086],[106.513312,29.561065],[106.513287,29.560965],[106.516225,29.560609],[106.51706,29.560695],[106.516937,29.560419],[106.517416,29.560244],[106.517516,29.560523],[106.517593,29.560514],[106.517631,29.560735]]]}},{"id":"443","type":"Feature","properties":{"landuse":"residential","amenity":"unknown","military":"unknown","base_elevation":59},"geometry":{"type":"Polygon","coordinates":[[[106.521573,29.563184],[106.520016,29.561575],[106.519644,29.561568],[106.519127,29.563375],[106.521534,29.563356],[106.521573,29.563184]]]}},{"id":"444","type":"Feature","properties":{"landuse":"residential","amenity":"unknown","military":"unknown","base_elevation":120},"geometry":{"type":"Polygon","coordinates":[[[106.515449,29.563769],[106.515447,29.565136],[106.515529,29.56544],[106.515755,29.565681],[106.516426,29.56596],[106.516887,29.565039],[106.516697,29.564927],[106.517013,29.564522],[106.516915,29.564418],[106.516969,29.564152],[106.517077,29.564105],[106.517079,29.563692],[106.515541,29.563692],[106.515449,29.563769]]]}},{"id":"445","type":"Feature","properties":{"landuse":"residential","amenity":"unknown","military":"unknown","base_elevation":58},"geometry":{"type":"Polygon","coordinates":[[[106.521033,29.566418],[106.521664,29.566167],[106.522054,29.56582],[106.521927,29.564036],[106.521634,29.563763],[106.518969,29.563823],[106.518401,29.564859],[106.518935,29.565529],[106.51866,29.565825],[106.518846,29.56615],[106.519301,29.566502],[106.520076,29.566776],[106.520748,29.566807],[106.520887,29.566747],[106.521033,29.566418]]]}},{"id":"446","type":"Feature","properties":{"landuse":"residential","amenity":"unknown","military":"unknown","base_elevation":99},"geometry":{"type":"Polygon","coordinates":[[[106.515565,29.565757],[106.515272,29.56533],[106.515233,29.56383],[106.513329,29.563822],[106.51314,29.563905],[106.513144,29.564293],[106.512906,29.564469],[106.512062,29.564536],[106.5119,29.564977],[106.512078,29.565267],[106.513237,29.565601],[106.513613,29.56612],[106.513946,29.566077],[106.514455,29.566665],[106.516095,29.566765],[106.516363,29.566107],[106.515565,29.565757]]]}},{"id":"447","type":"Feature","properties":{"landuse":"residential","amenity":"unknown","military":"unknown","base_elevation":152},"geometry":{"type":"Polygon","coordinates":[[[106.518397,29.572758],[106.517765,29.572846],[106.517676,29.573605],[106.517987,29.574315],[106.518472,29.574442],[106.519283,29.573779],[106.519428,29.573484],[106.519411,29.5733],[106.519078,29.572511],[106.51901,29.572487],[106.518397,29.572758]]]}},{"id":"448","type":"Feature","properties":{"landuse":"residential","amenity":"unknown","military":"unknown","base_elevation":111},"geometry":{"type":"Polygon","coordinates":[[[106.514768,29.574572],[106.51475,29.575171],[106.515225,29.575664],[106.515484,29.575776],[106.516573,29.575868],[106.516485,29.57523],[106.515461,29.572769],[106.51429,29.573214],[106.514191,29.573973],[106.514417,29.574319],[106.514768,29.574572]]]}},{"id":"449","type":"Feature","properties":{"landuse":"residential","amenity":"unknown","military":"unknown","base_elevation":128},"geometry":{"type":"Polygon","coordinates":[[[106.51625,29.578556],[106.516476,29.578527],[106.516676,29.578367],[106.516918,29.577628],[106.517421,29.577282],[106.517542,29.577065],[106.51663,29.576668],[106.516439,29.576727],[106.516053,29.577408],[106.515851,29.578125],[106.515952,29.578422],[106.51625,29.578556]]]}},{"id":"450","type":"Feature","properties":{"landuse":"residential","amenity":"unknown","military":"unknown","base_elevation":144},"geometry":{"type":"Polygon","coordinates":[[[106.516838,29.578467],[106.517845,29.578945],[106.518518,29.57756],[106.517731,29.577262],[106.517263,29.577545],[106.517126,29.577672],[106.516838,29.578467]]]}},{"id":"451","type":"Feature","properties":{"landuse":"residential","amenity":"unknown","military":"unknown","base_elevation":143},"geometry":{"type":"Polygon","coordinates":[[[106.510948,29.579621],[106.513201,29.579686],[106.513464,29.579971],[106.513084,29.580175],[106.512017,29.58004],[106.511726,29.580172],[106.511625,29.580399],[106.511694,29.58068],[106.511528,29.580964],[106.511325,29.581104],[106.511292,29.581253],[106.5114,29.581406],[106.511625,29.581441],[106.516087,29.580843],[106.515541,29.580465],[106.515283,29.580133],[106.51501,29.579965],[106.515112,29.579802],[106.514796,29.579489],[106.514242,29.578301],[106.514232,29.577157],[106.514014,29.576958],[106.513739,29.576886],[106.513304,29.576984],[106.512911,29.577223],[106.512135,29.578081],[106.511126,29.578841],[106.510858,29.579144],[106.510793,29.57941],[106.510948,29.579621]]]}},{"id":"452","type":"Feature","properties":{"landuse":"residential","amenity":"unknown","military":"unknown","base_elevation":131},"geometry":{"type":"Polygon","coordinates":[[[106.515941,29.578604],[106.5159,29.57884],[106.516258,29.579578],[106.516465,29.580749],[106.517173,29.580867],[106.517566,29.579886],[106.516971,29.579727],[106.516954,29.579233],[106.517059,29.578988],[106.516561,29.578811],[106.516482,29.578651],[106.515941,29.578604]]]}},{"id":"453","type":"Feature","properties":{"landuse":"residential","amenity":"unknown","military":"unknown","base_elevation":160},"geometry":{"type":"Polygon","coordinates":[[[106.511432,29.580754],[106.511604,29.580021],[106.511398,29.579878],[106.511228,29.580264],[106.510987,29.580255],[106.510606,29.579923],[106.510096,29.57941],[106.509468,29.578547],[106.509619,29.578444],[106.509699,29.578188],[106.508852,29.577917],[106.508696,29.578058],[106.508041,29.577965],[106.507621,29.578612],[106.511085,29.581707],[106.511287,29.581594],[106.511137,29.581398],[106.511131,29.581197],[106.511432,29.580754]]]}},{"id":"454","type":"Feature","properties":{"landuse":"residential","amenity":"unknown","military":"unknown","base_elevation":142},"geometry":{"type":"Polygon","coordinates":[[[106.513288,29.581426],[106.513041,29.581542],[106.512934,29.581831],[106.513362,29.583726],[106.513265,29.58569],[106.513394,29.585835],[106.515042,29.585792],[106.515771,29.585588],[106.516916,29.584986],[106.516705,29.583245],[106.516812,29.582443],[106.517146,29.581356],[106.516993,29.581141],[106.516254,29.580967],[106.513288,29.581426]]]}},{"id":"455","type":"Feature","properties":{"landuse":"residential","amenity":"unknown","military":"unknown","base_elevation":125},"geometry":{"type":"Polygon","coordinates":[[[106.512521,29.581533],[106.511738,29.581654],[106.511689,29.582242],[106.511975,29.582526],[106.51186,29.584255],[106.513081,29.5843],[106.513131,29.583246],[106.513045,29.582784],[106.512676,29.581673],[106.512521,29.581533]]]}},{"id":"456","type":"Feature","properties":{"landuse":"residential","amenity":"unknown","military":"unknown","base_elevation":136},"geometry":{"type":"Polygon","coordinates":[[[106.516125,29.587967],[106.516129,29.58609],[106.51014,29.58607],[106.509942,29.586102],[106.509889,29.586199],[106.509868,29.588064],[106.510031,29.588264],[106.512988,29.588302],[106.514407,29.588414],[106.516034,29.588858],[106.516114,29.588841],[106.516273,29.5885],[106.516275,29.588124],[106.516125,29.587967]]]}},{"id":"457","type":"Feature","properties":{"landuse":"residential","amenity":"unknown","military":"unknown","base_elevation":165},"geometry":{"type":"Polygon","coordinates":[[[106.51625,29.587921],[106.516355,29.588066],[106.516484,29.588088],[106.516503,29.58846],[106.516459,29.588571],[106.516334,29.588619],[106.516285,29.588927],[106.517223,29.589173],[106.517538,29.588581],[106.517521,29.588158],[106.517195,29.586743],[106.516266,29.586766],[106.51625,29.587921]]]}},{"id":"458","type":"Feature","properties":{"landuse":"residential","amenity":"unknown","military":"unknown","base_elevation":153},"geometry":{"type":"Polygon","coordinates":[[[106.519097,29.589916],[106.519382,29.589841],[106.5207,29.590174],[106.520982,29.589401],[106.521477,29.589523],[106.521739,29.588803],[106.519301,29.588166],[106.519134,29.588929],[106.518771,29.589033],[106.519097,29.589916]]]}},{"id":"459","type":"Feature","properties":{"landuse":"residential","amenity":"unknown","military":"unknown","base_elevation":139},"geometry":{"type":"Polygon","coordinates":[[[106.516814,29.589483],[106.516736,29.589217],[106.514619,29.588559],[106.513523,29.588472],[106.509969,29.588412],[106.509874,29.588518],[106.509844,29.590001],[106.510033,29.590355],[106.513312,29.592402],[106.513749,29.592136],[106.5152,29.590929],[106.516814,29.589483]]]}},{"id":"460","type":"Feature","properties":{"landuse":"residential","amenity":"unknown","military":"unknown","base_elevation":140},"geometry":{"type":"Polygon","coordinates":[[[106.515897,29.594011],[106.517037,29.594584],[106.517315,29.59449],[106.518475,29.592249],[106.519344,29.592541],[106.51997,29.591339],[106.520427,29.591445],[106.520754,29.590998],[106.518369,29.590337],[106.518107,29.59041],[106.517213,29.591502],[106.515897,29.594011]]]}},{"id":"461","type":"Feature","properties":{"landuse":"residential","amenity":"unknown","military":"unknown","base_elevation":148},"geometry":{"type":"Polygon","coordinates":[[[106.512153,29.593419],[106.513051,29.592738],[106.51311,29.59262],[106.511937,29.591799],[106.511231,29.592699],[106.512153,29.593419]]]}},{"id":"462","type":"Feature","properties":{"landuse":"residential","amenity":"unknown","military":"unknown","base_elevation":133},"geometry":{"type":"Polygon","coordinates":[[[106.514968,29.598002],[106.515322,29.597772],[106.515914,29.596977],[106.517076,29.594936],[106.517043,29.594837],[106.515456,29.593931],[106.513793,29.595385],[106.513951,29.595651],[106.513622,29.595803],[106.511902,29.594227],[106.511732,29.594442],[106.511675,29.59488],[106.513888,29.598345],[106.514023,29.598376],[106.514968,29.598002]]]}},{"id":"463","type":"Feature","properties":{"landuse":"residential","amenity":"unknown","military":"unknown","base_elevation":142},"geometry":{"type":"Polygon","coordinates":[[[106.519331,29.600594],[106.519593,29.600707],[106.519852,29.60101],[106.519913,29.601318],[106.519791,29.601601],[106.520506,29.601924],[106.520811,29.601885],[106.520517,29.600409],[106.520435,29.600299],[106.519502,29.599919],[106.519233,29.600441],[106.519331,29.600594]]]}},{"id":"464","type":"Feature","properties":{"landuse":"residential","amenity":"unknown","military":"unknown","base_elevation":163},"geometry":{"type":"Polygon","coordinates":[[[106.52031,29.605429],[106.520054,29.603497],[106.518286,29.603686],[106.518509,29.604848],[106.519207,29.604817],[106.519365,29.605468],[106.52031,29.605429]]]}},{"id":"465","type":"Feature","properties":{"landuse":"residential","amenity":"unknown","military":"unknown","base_elevation":150},"geometry":{"type":"Polygon","coordinates":[[[106.516396,29.606976],[106.516544,29.607135],[106.517482,29.607119],[106.517476,29.606623],[106.517863,29.606617],[106.517886,29.607124],[106.518311,29.607124],[106.518435,29.607026],[106.518526,29.606228],[106.518099,29.603934],[106.517312,29.603961],[106.51734,29.604534],[106.516321,29.604585],[106.516396,29.606976]]]}},{"id":"466","type":"Feature","properties":{"landuse":"residential","amenity":"unknown","military":"unknown","base_elevation":131},"geometry":{"type":"Polygon","coordinates":[[[106.509072,29.604944],[106.508778,29.605339],[106.508623,29.605377],[106.508564,29.605568],[106.509161,29.605732],[106.509285,29.606011],[106.509521,29.606201],[106.509781,29.606189],[106.510116,29.606035],[106.510602,29.605629],[106.510742,29.605345],[106.510752,29.604812],[106.510417,29.604746],[106.510098,29.604527],[106.509349,29.604533],[106.509122,29.604689],[106.509072,29.604944]]]}},{"id":"467","type":"Feature","properties":{"landuse":"residential","amenity":"unknown","military":"unknown","base_elevation":166},"geometry":{"type":"Polygon","coordinates":[[[106.519806,29.605744],[106.519817,29.606251],[106.520595,29.606235],[106.520588,29.605604],[106.519967,29.60562],[106.519806,29.605744]]]}},{"id":"468","type":"Feature","properties":{"landuse":"residential","amenity":"unknown","military":"unknown","base_elevation":162},"geometry":{"type":"Polygon","coordinates":[[[106.518669,29.607018],[106.518794,29.607134],[106.519525,29.607127],[106.519628,29.607025],[106.519628,29.605732],[106.51952,29.605637],[106.518845,29.605652],[106.518687,29.605763],[106.518669,29.607018]]]}},{"id":"469","type":"Feature","properties":{"landuse":"residential","amenity":"unknown","military":"unknown","base_elevation":131},"geometry":{"type":"Polygon","coordinates":[[[106.513092,29.608507],[106.513095,29.608187],[106.513,29.608004],[106.512839,29.607919],[106.512401,29.608041],[106.512201,29.608413],[106.511895,29.608217],[106.511432,29.608235],[106.511063,29.608356],[106.510915,29.608756],[106.510933,29.608929],[106.510581,29.608951],[106.510514,29.60873],[106.510347,29.608644],[106.510085,29.608742],[106.50999,29.60884],[106.510085,29.609018],[106.50999,29.609183],[106.510019,29.60946],[106.509747,29.609447],[106.5096,29.609338],[106.50943,29.608952],[106.509132,29.608703],[106.509017,29.608453],[106.509024,29.608318],[106.509336,29.607982],[106.509327,29.607632],[106.509842,29.607184],[106.509842,29.607064],[106.50967,29.606885],[106.509507,29.606885],[106.509301,29.607027],[106.509224,29.606975],[106.509207,29.606714],[106.508898,29.606572],[106.508726,29.606632],[106.508612,29.606587],[106.508408,29.606246],[106.508089,29.606338],[106.508021,29.606592],[106.508314,29.606944],[106.508795,29.607987],[106.508912,29.608097],[106.508577,29.608112],[106.50796,29.607529],[106.507733,29.60712],[106.507637,29.607089],[106.507395,29.607773],[106.507428,29.608026],[106.507301,29.608202],[106.506924,29.608147],[106.506411,29.608264],[106.506521,29.608943],[106.506383,29.610227],[106.506528,29.610335],[106.508038,29.61036],[106.508919,29.610287],[106.509258,29.610352],[106.513994,29.610393],[106.514193,29.610199],[106.514167,29.609848],[106.513499,29.60947],[106.513477,29.608893],[106.513092,29.608507]]]}},{"id":"470","type":"Feature","properties":{"landuse":"residential","amenity":"unknown","military":"unknown","base_elevation":149},"geometry":{"type":"Polygon","coordinates":[[[106.521693,29.607289],[106.516332,29.607381],[106.516565,29.610145],[106.51678,29.610255],[106.518115,29.610177],[106.519949,29.610217],[106.520673,29.610282],[106.521801,29.610543],[106.521948,29.610465],[106.522028,29.610346],[106.521953,29.607515],[106.521693,29.607289]]]}},{"id":"471","type":"Feature","properties":{"landuse":"residential","amenity":"unknown","military":"unknown","base_elevation":141},"geometry":{"type":"Polygon","coordinates":[[[106.51239,29.61375],[106.512357,29.610589],[106.510579,29.610571],[106.51002,29.610682],[106.509198,29.610681],[106.508653,29.610565],[106.508802,29.611388],[106.50964,29.613215],[106.509761,29.613703],[106.51239,29.61375]]]}},{"id":"472","type":"Feature","properties":{"landuse":"residential","amenity":"unknown","military":"unknown","base_elevation":137},"geometry":{"type":"Polygon","coordinates":[[[106.514954,29.613234],[106.51661,29.613222],[106.516173,29.611847],[106.514927,29.611855],[106.514954,29.613234]]]}},{"id":"473","type":"Feature","properties":{"landuse":"residential","amenity":"unknown","military":"unknown","base_elevation":139},"geometry":{"type":"Polygon","coordinates":[[[106.516653,29.616522],[106.51465,29.616134],[106.514683,29.617179],[106.516636,29.617174],[106.516653,29.616522]]]}},{"id":"474","type":"Feature","properties":{"landuse":"residential","amenity":"unknown","military":"unknown","base_elevation":140},"geometry":{"type":"Polygon","coordinates":[[[106.511951,29.617195],[106.510388,29.617201],[106.510424,29.619449],[106.510681,29.619598],[106.514343,29.619555],[106.514466,29.619423],[106.514385,29.616222],[106.511977,29.615915],[106.511951,29.617195]]]}},{"id":"475","type":"Feature","properties":{"landuse":"residential","amenity":"unknown","military":"unknown","base_elevation":150},"geometry":{"type":"Polygon","coordinates":[[[106.518994,29.619562],[106.519575,29.619566],[106.519659,29.619496],[106.519665,29.617606],[106.519005,29.617319],[106.518994,29.619562]]]}},{"id":"476","type":"Feature","properties":{"landuse":"residential","amenity":"unknown","military":"unknown","base_elevation":152},"geometry":{"type":"Polygon","coordinates":[[[106.520754,29.619782],[106.521145,29.619768],[106.52108,29.619149],[106.519824,29.619144],[106.51986,29.61959],[106.520754,29.619782]]]}},{"id":"477","type":"Feature","properties":{"landuse":"residential","amenity":"unknown","military":"unknown","base_elevation":143},"geometry":{"type":"Polygon","coordinates":[[[106.519533,29.621793],[106.51963,29.621698],[106.519642,29.619885],[106.519532,29.619788],[106.51847,29.619795],[106.518115,29.619892],[106.517648,29.619899],[106.517557,29.619975],[106.517562,29.62171],[106.517665,29.621787],[106.519533,29.621793]]]}},{"id":"478","type":"Feature","properties":{"landuse":"residential","amenity":"unknown","military":"unknown","base_elevation":142},"geometry":{"type":"Polygon","coordinates":[[[106.514715,29.620708],[106.514738,29.62329],[106.515534,29.623929],[106.517145,29.623914],[106.5173,29.623781],[106.517322,29.620055],[106.517115,29.619818],[106.516101,29.619825],[106.515806,29.6207],[106.514715,29.620708]]]}},{"id":"479","type":"Feature","properties":{"landuse":"residential","amenity":"unknown","military":"unknown","base_elevation":149},"geometry":{"type":"Polygon","coordinates":[[[106.519504,29.623877],[106.519642,29.623786],[106.51963,29.62213],[106.519484,29.62201],[106.517701,29.622017],[106.517587,29.622098],[106.517587,29.623757],[106.51772,29.623876],[106.519504,29.623877]]]}},{"id":"480","type":"Feature","properties":{"landuse":"residential","amenity":"unknown","military":"unknown","base_elevation":150},"geometry":{"type":"Polygon","coordinates":[[[106.517686,29.625603],[106.519511,29.62577],[106.519633,29.625686],[106.519644,29.624218],[106.519536,29.624109],[106.517827,29.624103],[106.517558,29.624289],[106.517559,29.625508],[106.517686,29.625603]]]}},{"id":"481","type":"Feature","properties":{"landuse":"residential","amenity":"unknown","military":"unknown","base_elevation":158},"geometry":{"type":"Polygon","coordinates":[[[106.515649,29.624308],[106.51582,29.624756],[106.515788,29.625763],[106.517337,29.625757],[106.517301,29.624262],[106.517097,29.624112],[106.51581,29.624159],[106.515649,29.624308]]]}},{"id":"482","type":"Feature","properties":{"landuse":"residential","amenity":"unknown","military":"unknown","base_elevation":155},"geometry":{"type":"Polygon","coordinates":[[[106.517253,29.630585],[106.517884,29.630682],[106.520035,29.630033],[106.519983,29.628477],[106.520623,29.626773],[106.52042,29.626548],[106.517385,29.626294],[106.515623,29.626307],[106.515645,29.627186],[106.515123,29.628368],[106.515574,29.628626],[106.516911,29.630012],[106.517253,29.630585]]]}},{"id":"483","type":"Feature","properties":{"landuse":"residential","amenity":"unknown","military":"unknown","base_elevation":194},"geometry":{"type":"Polygon","coordinates":[[[106.513265,29.636404],[106.512544,29.63662],[106.512485,29.636733],[106.512892,29.637697],[106.516376,29.636834],[106.516342,29.636692],[106.51522,29.636382],[106.514381,29.636303],[106.513265,29.636404]]]}},{"id":"484","type":"Feature","properties":{"landuse":"residential","amenity":"unknown","military":"unknown","base_elevation":194},"geometry":{"type":"Polygon","coordinates":[[[106.509175,29.637856],[106.507608,29.637949],[106.507773,29.638901],[106.510475,29.638326],[106.5127,29.637724],[106.512392,29.636819],[106.512302,29.636792],[106.510139,29.637702],[106.509175,29.637856]]]}},{"id":"485","type":"Feature","properties":{"landuse":"residential","amenity":"unknown","military":"unknown","base_elevation":232},"geometry":{"type":"Polygon","coordinates":[[[106.518307,29.646336],[106.519014,29.644839],[106.519367,29.644381],[106.520053,29.643875],[106.522625,29.642376],[106.522413,29.641918],[106.52208,29.640792],[106.521935,29.64056],[106.521488,29.640106],[106.519867,29.638764],[106.519511,29.639124],[106.517044,29.639135],[106.516982,29.639937],[106.518029,29.644312],[106.517264,29.646144],[106.518307,29.646336]]]}},{"id":"486","type":"Feature","properties":{"landuse":"residential","amenity":"unknown","military":"unknown","base_elevation":126},"geometry":{"type":"Polygon","coordinates":[[[106.512198,29.647469],[106.513866,29.646587],[106.514542,29.646344],[106.516049,29.646232],[106.516237,29.646119],[106.516908,29.644448],[106.51671,29.643212],[106.51665,29.641732],[106.516293,29.640698],[106.516139,29.63978],[106.516151,29.638944],[106.516491,29.637394],[106.516428,29.636851],[106.510476,29.638383],[106.503747,29.639753],[106.503162,29.643236],[106.504133,29.644467],[106.504547,29.64477],[106.507953,29.646397],[106.508786,29.64725],[106.509299,29.647477],[106.509834,29.647568],[106.511452,29.647622],[106.512198,29.647469]]]}},{"id":"487","type":"Feature","properties":{"landuse":"residential","amenity":"unknown","military":"unknown","base_elevation":98},"geometry":{"type":"Polygon","coordinates":[[[106.525974,29.501117],[106.52593,29.501357],[106.526809,29.501969],[106.527513,29.50161],[106.527913,29.501252],[106.527636,29.500968],[106.527482,29.500005],[106.526907,29.499586],[106.526403,29.499486],[106.526445,29.498832],[106.525496,29.49832],[106.525244,29.498497],[106.525316,29.498565],[106.525075,29.498882],[106.524609,29.500889],[106.525486,29.500875],[106.525974,29.501117]]]}},{"id":"488","type":"Feature","properties":{"landuse":"residential","amenity":"unknown","military":"unknown","base_elevation":58},"geometry":{"type":"Polygon","coordinates":[[[106.526602,29.505353],[106.526908,29.504505],[106.525991,29.503835],[106.525891,29.503564],[106.526063,29.503333],[106.526381,29.503266],[106.526458,29.503118],[106.525957,29.502928],[106.525597,29.502937],[106.524942,29.502715],[106.524753,29.502786],[106.524695,29.503193],[106.52476,29.503909],[106.525104,29.504285],[106.525407,29.504145],[106.525803,29.504634],[106.525357,29.504952],[106.526059,29.505683],[106.526554,29.505974],[106.526602,29.505353]]]}},{"id":"489","type":"Feature","properties":{"landuse":"residential","amenity":"unknown","military":"unknown","base_elevation":61},"geometry":{"type":"Polygon","coordinates":[[[106.526572,29.506179],[106.526039,29.506198],[106.525609,29.506964],[106.525059,29.507548],[106.524445,29.507679],[106.523977,29.507593],[106.524088,29.507366],[106.52387,29.506553],[106.522512,29.507331],[106.522915,29.507829],[106.523557,29.508334],[106.523696,29.508164],[106.524234,29.508333],[106.52465,29.508356],[106.524706,29.508459],[106.525944,29.507997],[106.526335,29.507619],[106.526572,29.506179]]]}},{"id":"490","type":"Feature","properties":{"landuse":"residential","amenity":"unknown","military":"unknown","base_elevation":71},"geometry":{"type":"Polygon","coordinates":[[[106.521691,29.508901],[106.521953,29.508877],[106.522117,29.508711],[106.522062,29.508509],[106.522176,29.508313],[106.522597,29.508031],[106.522638,29.507931],[106.522499,29.507732],[106.520893,29.508585],[106.521193,29.509012],[106.521558,29.508818],[106.521691,29.508901]]]}},{"id":"491","type":"Feature","properties":{"landuse":"residential","amenity":"unknown","military":"unknown","base_elevation":73},"geometry":{"type":"Polygon","coordinates":[[[106.522213,29.508679],[106.523027,29.509161],[106.523314,29.508483],[106.523083,29.508159],[106.522917,29.508067],[106.522744,29.508083],[106.522237,29.508419],[106.522213,29.508679]]]}},{"id":"492","type":"Feature","properties":{"landuse":"residential","amenity":"unknown","military":"unknown","base_elevation":67},"geometry":{"type":"Polygon","coordinates":[[[106.525037,29.510339],[106.525068,29.510472],[106.525577,29.510384],[106.525546,29.510251],[106.525952,29.51018],[106.525897,29.50994],[106.525968,29.509853],[106.526265,29.509801],[106.526204,29.509534],[106.524903,29.50976],[106.524926,29.509852],[106.524751,29.509884],[106.524729,29.50979],[106.524226,29.509878],[106.524192,29.509982],[106.524091,29.509955],[106.52412,29.509871],[106.52388,29.509805],[106.523721,29.509941],[106.523419,29.510555],[106.523485,29.510746],[106.523815,29.510689],[106.5239,29.510538],[106.524144,29.510501],[106.524291,29.510607],[106.524907,29.5105],[106.524877,29.510367],[106.525037,29.510339]]]}},{"id":"493","type":"Feature","properties":{"landuse":"residential","amenity":"unknown","military":"unknown","base_elevation":69},"geometry":{"type":"Polygon","coordinates":[[[106.522642,29.5123],[106.523739,29.512826],[106.524003,29.513252],[106.524483,29.51367],[106.524479,29.514028],[106.525035,29.514033],[106.525052,29.512655],[106.526098,29.511236],[106.525703,29.51071],[106.524315,29.510944],[106.52424,29.511058],[106.524035,29.511092],[106.523904,29.511014],[106.52285,29.511145],[106.522902,29.5114],[106.522784,29.511409],[106.522787,29.511586],[106.522642,29.511588],[106.522639,29.511326],[106.52249,29.511343],[106.52249,29.511477],[106.522179,29.511493],[106.522178,29.51169],[106.521795,29.511688],[106.521792,29.512581],[106.521978,29.512882],[106.522275,29.512873],[106.522431,29.512462],[106.522642,29.5123]]]}},{"id":"494","type":"Feature","properties":{"landuse":"residential","amenity":"unknown","military":"unknown","base_elevation":83},"geometry":{"type":"Polygon","coordinates":[[[106.521986,29.513253],[106.521716,29.512581],[106.521221,29.512519],[106.520672,29.512581],[106.520804,29.51387],[106.521514,29.513398],[106.521986,29.513253]]]}},{"id":"495","type":"Feature","properties":{"landuse":"residential","amenity":"unknown","military":"unknown","base_elevation":79},"geometry":{"type":"Polygon","coordinates":[[[106.52417,29.514339],[106.523054,29.513667],[106.522217,29.513475],[106.521745,29.513573],[106.521407,29.513767],[106.520876,29.514285],[106.520919,29.515921],[106.520988,29.516101],[106.521134,29.516138],[106.522751,29.515854],[106.524468,29.515681],[106.524377,29.515037],[106.524095,29.51509],[106.524304,29.514815],[106.52417,29.514339]]]}},{"id":"496","type":"Feature","properties":{"landuse":"residential","amenity":"unknown","military":"unknown","base_elevation":67},"geometry":{"type":"Polygon","coordinates":[[[106.524439,29.515952],[106.523347,29.516791],[106.523554,29.516987],[106.523242,29.517317],[106.523258,29.517932],[106.523514,29.517937],[106.523581,29.518016],[106.524135,29.517967],[106.52434,29.517908],[106.524841,29.517558],[106.524979,29.517607],[106.525559,29.516368],[106.525127,29.51637],[106.525099,29.515761],[106.524439,29.515952]]]}},{"id":"497","type":"Feature","properties":{"landuse":"residential","amenity":"unknown","military":"unknown","base_elevation":89},"geometry":{"type":"Polygon","coordinates":[[[106.522339,29.51645],[106.522316,29.51681],[106.52154,29.516889],[106.52147,29.516993],[106.520967,29.517044],[106.521084,29.518057],[106.521205,29.518213],[106.523029,29.518081],[106.52294,29.516838],[106.522803,29.516579],[106.522339,29.51645]]]}},{"id":"498","type":"Feature","properties":{"landuse":"residential","amenity":"unknown","military":"unknown","base_elevation":62},"geometry":{"type":"Polygon","coordinates":[[[106.521272,29.521467],[106.521924,29.522355],[106.523207,29.522336],[106.52395,29.520002],[106.523241,29.519792],[106.522748,29.519085],[106.523603,29.518992],[106.523544,29.518403],[106.523167,29.518356],[106.52118,29.51852],[106.521091,29.518613],[106.521023,29.519847],[106.521272,29.521467]]]}},{"id":"499","type":"Feature","properties":{"landuse":"residential","amenity":"unknown","military":"unknown","base_elevation":115},"geometry":{"type":"Polygon","coordinates":[[[106.523263,29.535858],[106.522925,29.535336],[106.522797,29.534721],[106.522416,29.534733],[106.521275,29.536208],[106.523391,29.536227],[106.523263,29.535858]]]}},{"id":"500","type":"Feature","properties":{"landuse":"residential","amenity":"unknown","military":"unknown","base_elevation":111},"geometry":{"type":"Polygon","coordinates":[[[106.524607,29.542391],[106.52683,29.541064],[106.526386,29.540473],[106.523472,29.542128],[106.523695,29.542422],[106.524197,29.542184],[106.524492,29.542391],[106.524607,29.542391]]]}},{"id":"501","type":"Feature","properties":{"landuse":"residential","amenity":"unknown","military":"unknown","base_elevation":165},"geometry":{"type":"Polygon","coordinates":[[[106.525111,29.544704],[106.524156,29.544214],[106.522692,29.542459],[106.522316,29.542858],[106.521973,29.54343],[106.52114,29.54401],[106.521162,29.54414],[106.521877,29.544474],[106.524041,29.545164],[106.524613,29.545742],[106.524849,29.545467],[106.525149,29.544844],[106.525111,29.544704]]]}},{"id":"502","type":"Feature","properties":{"landuse":"residential","amenity":"unknown","military":"unknown","base_elevation":211},"geometry":{"type":"Polygon","coordinates":[[[106.52276,29.546666],[106.52304,29.547104],[106.52417,29.546528],[106.524068,29.546349],[106.523792,29.546202],[106.52276,29.546666]]]}},{"id":"503","type":"Feature","properties":{"landuse":"residential","amenity":"unknown","military":"unknown","base_elevation":229},"geometry":{"type":"Polygon","coordinates":[[[106.525277,29.548754],[106.525194,29.548535],[106.524536,29.548804],[106.524794,29.549078],[106.524707,29.549196],[106.525293,29.548958],[106.525195,29.548775],[106.525277,29.548754]]]}},{"id":"504","type":"Feature","properties":{"landuse":"residential","amenity":"unknown","military":"unknown","base_elevation":23},"geometry":{"type":"Polygon","coordinates":[[[106.519665,29.551808],[106.519087,29.55179],[106.519292,29.55251],[106.519641,29.552747],[106.521568,29.552556],[106.522625,29.552603],[106.522766,29.552076],[106.5226,29.551933],[106.521544,29.551737],[106.520373,29.551686],[106.519665,29.551808]]]}},{"id":"505","type":"Feature","properties":{"landuse":"residential","amenity":"unknown","military":"unknown","base_elevation":30},"geometry":{"type":"Polygon","coordinates":[[[106.523914,29.552448],[106.522904,29.552366],[106.522824,29.552412],[106.52282,29.552671],[106.523967,29.552717],[106.523914,29.552448]]]}},{"id":"506","type":"Feature","properties":{"landuse":"residential","amenity":"unknown","military":"unknown","base_elevation":46},"geometry":{"type":"Polygon","coordinates":[[[106.527193,29.559717],[106.527756,29.559112],[106.528569,29.559361],[106.528719,29.559296],[106.528935,29.558892],[106.527966,29.558498],[106.526546,29.55809],[106.524673,29.557711],[106.524364,29.55785],[106.524362,29.558614],[106.524418,29.558666],[106.525064,29.55886],[106.526053,29.559627],[106.526869,29.559789],[106.527193,29.559717]]]}},{"id":"507","type":"Feature","properties":{"landuse":"residential","amenity":"unknown","military":"unknown","base_elevation":55},"geometry":{"type":"Polygon","coordinates":[[[106.526105,29.559811],[106.524955,29.558948],[106.524473,29.558809],[106.524368,29.558888],[106.524486,29.559861],[106.524709,29.560778],[106.524811,29.560897],[106.525691,29.560442],[106.525763,29.560134],[106.526068,29.559911],[106.526105,29.559811]]]}},{"id":"508","type":"Feature","properties":{"landuse":"residential","amenity":"unknown","military":"unknown","base_elevation":59},"geometry":{"type":"Polygon","coordinates":[[[106.522262,29.563381],[106.524181,29.563477],[106.524517,29.563117],[106.524525,29.562642],[106.522313,29.562616],[106.522259,29.562924],[106.521971,29.563119],[106.522262,29.563381]]]}},{"id":"509","type":"Feature","properties":{"landuse":"residential","amenity":"unknown","military":"unknown","base_elevation":81},"geometry":{"type":"Polygon","coordinates":[[[106.526167,29.563493],[106.52617,29.563028],[106.525103,29.563013],[106.52524,29.563314],[106.525384,29.563422],[106.526167,29.563493]]]}},{"id":"510","type":"Feature","properties":{"landuse":"residential","amenity":"unknown","military":"unknown","base_elevation":60},"geometry":{"type":"Polygon","coordinates":[[[106.524337,29.563788],[106.52253,29.563786],[106.522408,29.563973],[106.522435,29.565082],[106.522603,29.565236],[106.524865,29.565374],[106.525006,29.565326],[106.525111,29.565113],[106.524766,29.564138],[106.524337,29.563788]]]}},{"id":"511","type":"Feature","properties":{"landuse":"residential","amenity":"unknown","military":"unknown","base_elevation":70},"geometry":{"type":"Polygon","coordinates":[[[106.52595,29.565331],[106.527132,29.565317],[106.527478,29.565089],[106.52765,29.564809],[106.527849,29.564175],[106.527791,29.563948],[106.526953,29.56387],[106.526606,29.563961],[106.52549,29.563949],[106.525299,29.564158],[106.525699,29.565227],[106.52595,29.565331]]]}},{"id":"512","type":"Feature","properties":{"landuse":"residential","amenity":"unknown","military":"unknown","base_elevation":76},"geometry":{"type":"Polygon","coordinates":[[[106.525106,29.568055],[106.525814,29.568159],[106.52564,29.567086],[106.525452,29.566979],[106.524446,29.566933],[106.524398,29.567638],[106.524502,29.56782],[106.525106,29.568055]]]}},{"id":"513","type":"Feature","properties":{"landuse":"residential","amenity":"unknown","military":"unknown","base_elevation":75},"geometry":{"type":"Polygon","coordinates":[[[106.526833,29.567158],[106.526371,29.566976],[106.526117,29.567],[106.525999,29.567114],[106.526105,29.567995],[106.526941,29.568597],[106.52735,29.568381],[106.527808,29.568315],[106.527814,29.5682],[106.526833,29.567158]]]}},{"id":"514","type":"Feature","properties":{"landuse":"residential","amenity":"unknown","military":"unknown","base_elevation":67},"geometry":{"type":"Polygon","coordinates":[[[106.522064,29.566827],[106.521034,29.567135],[106.520932,29.567466],[106.520857,29.567499],[106.520379,29.569063],[106.521168,29.56937],[106.521366,29.569259],[106.522472,29.567522],[106.522064,29.566827]]]}},{"id":"515","type":"Feature","properties":{"landuse":"residential","amenity":"unknown","military":"unknown","base_elevation":70},"geometry":{"type":"Polygon","coordinates":[[[106.523395,29.567669],[106.523164,29.567779],[106.523722,29.568712],[106.524148,29.568561],[106.524186,29.568351],[106.523993,29.567732],[106.523395,29.567669]]]}},{"id":"516","type":"Feature","properties":{"landuse":"residential","amenity":"unknown","military":"unknown","base_elevation":80},"geometry":{"type":"Polygon","coordinates":[[[106.525207,29.568834],[106.524734,29.568793],[106.524763,29.569196],[106.525463,29.569359],[106.525584,29.569498],[106.525923,29.56902],[106.525759,29.568277],[106.525245,29.568206],[106.525207,29.568834]]]}},{"id":"517","type":"Feature","properties":{"landuse":"residential","amenity":"unknown","military":"unknown","base_elevation":78},"geometry":{"type":"Polygon","coordinates":[[[106.524236,29.568694],[106.523794,29.56886],[106.524112,29.569503],[106.524554,29.569338],[106.524236,29.568694]]]}},{"id":"518","type":"Feature","properties":{"landuse":"residential","amenity":"unknown","military":"unknown","base_elevation":84},"geometry":{"type":"Polygon","coordinates":[[[106.524417,29.570216],[106.524685,29.57018],[106.525526,29.569534],[106.525423,29.569405],[106.525165,29.569342],[106.524134,29.569764],[106.524254,29.570121],[106.524417,29.570216]]]}},{"id":"519","type":"Feature","properties":{"landuse":"residential","amenity":"unknown","military":"unknown","base_elevation":78},"geometry":{"type":"Polygon","coordinates":[[[106.522724,29.569639],[106.52255,29.570444],[106.522667,29.570544],[106.523376,29.570246],[106.524027,29.569746],[106.523615,29.569038],[106.522894,29.569378],[106.522883,29.56965],[106.522724,29.569639]]]}},{"id":"520","type":"Feature","properties":{"landuse":"residential","amenity":"unknown","military":"unknown","base_elevation":133},"geometry":{"type":"Polygon","coordinates":[[[106.523718,29.57303],[106.523573,29.573152],[106.523719,29.573354],[106.524084,29.573623],[106.524234,29.573621],[106.524402,29.573277],[106.524683,29.572958],[106.524557,29.572914],[106.524404,29.572995],[106.523718,29.57303]]]}},{"id":"521","type":"Feature","properties":{"landuse":"residential","amenity":"unknown","military":"unknown","base_elevation":134},"geometry":{"type":"Polygon","coordinates":[[[106.5228,29.573324],[106.522444,29.573394],[106.522177,29.573584],[106.521986,29.574408],[106.522385,29.575122],[106.523274,29.575187],[106.524089,29.57406],[106.524073,29.573982],[106.5228,29.573324]]]}},{"id":"522","type":"Feature","properties":{"landuse":"residential","amenity":"unknown","military":"unknown","base_elevation":129},"geometry":{"type":"Polygon","coordinates":[[[106.522415,29.575185],[106.522825,29.575978],[106.523297,29.575285],[106.523268,29.575237],[106.522415,29.575185]]]}},{"id":"523","type":"Feature","properties":{"landuse":"residential","amenity":"unknown","military":"unknown","base_elevation":125},"geometry":{"type":"Polygon","coordinates":[[[106.524321,29.576425],[106.524424,29.575821],[106.524352,29.575662],[106.523521,29.575309],[106.523389,29.575334],[106.522869,29.576068],[106.522933,29.576329],[106.524073,29.576525],[106.524321,29.576425]]]}},{"id":"524","type":"Feature","properties":{"landuse":"residential","amenity":"unknown","military":"unknown","base_elevation":128},"geometry":{"type":"Polygon","coordinates":[[[106.522913,29.579255],[106.523036,29.579278],[106.524072,29.578863],[106.523782,29.578275],[106.52375,29.578025],[106.523181,29.578504],[106.523264,29.57859],[106.522669,29.578963],[106.522913,29.579255]]]}},{"id":"525","type":"Feature","properties":{"landuse":"residential","amenity":"unknown","military":"unknown","base_elevation":142},"geometry":{"type":"Polygon","coordinates":[[[106.521957,29.578213],[106.520818,29.578804],[106.521306,29.579548],[106.521539,29.579777],[106.522073,29.579542],[106.522793,29.579353],[106.52283,29.579271],[106.521957,29.578213]]]}},{"id":"526","type":"Feature","properties":{"landuse":"residential","amenity":"unknown","military":"unknown","base_elevation":138},"geometry":{"type":"Polygon","coordinates":[[[106.521153,29.580133],[106.52148,29.579805],[106.521263,29.579595],[106.520451,29.578388],[106.520863,29.577402],[106.519215,29.577359],[106.519048,29.577435],[106.518451,29.578488],[106.517868,29.580174],[106.517271,29.582539],[106.517262,29.582998],[106.517534,29.5831],[106.517529,29.583319],[106.517311,29.583582],[106.517195,29.583944],[106.517356,29.584851],[106.517907,29.584936],[106.519422,29.585822],[106.520117,29.585958],[106.522319,29.58585],[106.523234,29.585594],[106.52343,29.585438],[106.524269,29.584213],[106.523783,29.583935],[106.523853,29.583441],[106.522783,29.582704],[106.522507,29.582643],[106.522233,29.582692],[106.521181,29.583534],[106.520777,29.583516],[106.520256,29.583018],[106.520158,29.582736],[106.520187,29.582453],[106.519613,29.581898],[106.519617,29.580423],[106.520149,29.580333],[106.520082,29.579868],[106.519867,29.579649],[106.519606,29.579523],[106.519625,29.579473],[106.520068,29.579713],[106.520175,29.579856],[106.520263,29.580235],[106.520848,29.580235],[106.521153,29.580133]]]}},{"id":"527","type":"Feature","properties":{"landuse":"residential","amenity":"unknown","military":"unknown","base_elevation":170},"geometry":{"type":"Polygon","coordinates":[[[106.526549,29.593077],[106.525873,29.59305],[106.525228,29.593129],[106.524141,29.592834],[106.52374,29.592867],[106.523907,29.593266],[106.524217,29.593544],[106.524089,29.593707],[106.523449,29.593517],[106.522352,29.593571],[106.522603,29.594578],[106.526636,29.594777],[106.52687,29.594593],[106.526897,29.594485],[106.526549,29.593883],[106.526549,29.593077]]]}},{"id":"528","type":"Feature","properties":{"landuse":"residential","amenity":"unknown","military":"unknown","base_elevation":168},"geometry":{"type":"Polygon","coordinates":[[[106.521407,29.598157],[106.522183,29.598693],[106.523275,29.598584],[106.524535,29.59872],[106.524967,29.597684],[106.525533,29.5974],[106.525785,29.597047],[106.525992,29.595239],[106.522508,29.595029],[106.521407,29.598157]]]}},{"id":"529","type":"Feature","properties":{"landuse":"residential","amenity":"unknown","military":"unknown","base_elevation":202},"geometry":{"type":"Polygon","coordinates":[[[106.525644,29.598392],[106.526032,29.598574],[106.526172,29.598861],[106.526661,29.598828],[106.526829,29.598713],[106.526148,29.597234],[106.525873,29.597216],[106.525602,29.597483],[106.525077,29.597731],[106.524748,29.598453],[106.525644,29.598392]]]}},{"id":"530","type":"Feature","properties":{"landuse":"residential","amenity":"unknown","military":"unknown","base_elevation":154},"geometry":{"type":"Polygon","coordinates":[[[106.523442,29.598672],[106.522151,29.598769],[106.5217,29.598503],[106.521336,29.598398],[106.520764,29.600336],[106.521028,29.60194],[106.52111,29.602034],[106.521309,29.602062],[106.524115,29.601663],[106.524339,29.601515],[106.52437,29.601375],[106.524101,29.600484],[106.52412,29.60008],[106.523494,29.599936],[106.523631,29.599486],[106.524257,29.59963],[106.524454,29.598983],[106.524082,29.598786],[106.523442,29.598672]]]}},{"id":"531","type":"Feature","properties":{"landuse":"residential","amenity":"unknown","military":"unknown","base_elevation":166},"geometry":{"type":"Polygon","coordinates":[[[106.52597,29.600336],[106.526187,29.5999],[106.526089,29.599558],[106.525525,29.599599],[106.525326,29.599437],[106.525117,29.599102],[106.52465,29.598997],[106.524282,29.600417],[106.524603,29.601348],[106.524739,29.601498],[106.525391,29.601775],[106.526757,29.602028],[106.527048,29.601382],[106.526822,29.600989],[106.526468,29.600933],[106.526164,29.600718],[106.52597,29.600336]]]}},{"id":"532","type":"Feature","properties":{"landuse":"residential","amenity":"unknown","military":"unknown","base_elevation":175},"geometry":{"type":"Polygon","coordinates":[[[106.525427,29.603005],[106.525228,29.603003],[106.525226,29.602913],[106.524236,29.602929],[106.524231,29.602851],[106.523123,29.602867],[106.523158,29.603901],[106.522181,29.60392],[106.522203,29.605181],[106.522491,29.605395],[106.523855,29.605385],[106.523845,29.604359],[106.525322,29.604355],[106.525322,29.605382],[106.52588,29.605379],[106.526024,29.605246],[106.52607,29.603582],[106.525431,29.603564],[106.525427,29.603005]]]}},{"id":"533","type":"Feature","properties":{"landuse":"residential","amenity":"unknown","military":"unknown","base_elevation":172},"geometry":{"type":"Polygon","coordinates":[[[106.521877,29.604048],[106.520703,29.604072],[106.520551,29.603846],[106.520116,29.603877],[106.52031,29.605429],[106.521676,29.605391],[106.521905,29.605224],[106.521877,29.604048]]]}},{"id":"534","type":"Feature","properties":{"landuse":"residential","amenity":"unknown","military":"unknown","base_elevation":167},"geometry":{"type":"Polygon","coordinates":[[[106.523692,29.605804],[106.523434,29.605807],[106.523444,29.606366],[106.522503,29.606375],[106.522497,29.605555],[106.522171,29.605707],[106.522186,29.606983],[106.522306,29.607089],[106.523465,29.607071],[106.523711,29.606865],[106.523692,29.605804]]]}},{"id":"535","type":"Feature","properties":{"landuse":"residential","amenity":"unknown","military":"unknown","base_elevation":172},"geometry":{"type":"Polygon","coordinates":[[[106.524034,29.607042],[106.525354,29.607069],[106.525599,29.606915],[106.525982,29.60562],[106.525911,29.605535],[106.524124,29.605531],[106.52388,29.605737],[106.52388,29.606879],[106.524034,29.607042]]]}},{"id":"536","type":"Feature","properties":{"landuse":"residential","amenity":"unknown","military":"unknown","base_elevation":165},"geometry":{"type":"Polygon","coordinates":[[[106.521924,29.606938],[106.521924,29.605728],[106.52177,29.605568],[106.521057,29.605589],[106.521072,29.606338],[106.521415,29.606334],[106.521434,29.607076],[106.521755,29.607072],[106.521924,29.606938]]]}},{"id":"537","type":"Feature","properties":{"landuse":"residential","amenity":"unknown","military":"unknown","base_elevation":181},"geometry":{"type":"Polygon","coordinates":[[[106.527216,29.607621],[106.525854,29.60731],[106.525685,29.607415],[106.525472,29.608251],[106.526939,29.608568],[106.527216,29.607621]]]}},{"id":"538","type":"Feature","properties":{"landuse":"residential","amenity":"unknown","military":"unknown","base_elevation":167},"geometry":{"type":"Polygon","coordinates":[[[106.523792,29.610839],[106.523759,29.60907],[106.523833,29.608946],[106.524088,29.60881],[106.525154,29.60872],[106.525502,29.607389],[106.525371,29.607261],[106.522792,29.607285],[106.522436,29.607407],[106.522231,29.607606],[106.522307,29.610256],[106.522401,29.610473],[106.522708,29.610733],[106.523617,29.610975],[106.523792,29.610839]]]}},{"id":"539","type":"Feature","properties":{"landuse":"residential","amenity":"unknown","military":"unknown","base_elevation":182},"geometry":{"type":"Polygon","coordinates":[[[106.522483,29.611402],[106.522799,29.613126],[106.523653,29.613243],[106.523937,29.611587],[106.522721,29.611206],[106.522483,29.611402]]]}},{"id":"540","type":"Feature","properties":{"landuse":"residential","amenity":"unknown","military":"unknown","base_elevation":174},"geometry":{"type":"Polygon","coordinates":[[[106.524336,29.614178],[106.524638,29.614048],[106.524924,29.613458],[106.522794,29.613219],[106.522894,29.614093],[106.524336,29.614178]]]}},{"id":"541","type":"Feature","properties":{"landuse":"residential","amenity":"unknown","military":"unknown","base_elevation":150},"geometry":{"type":"Polygon","coordinates":[[[106.519896,29.621809],[106.521074,29.622073],[106.5211,29.620166],[106.519994,29.61987],[106.519896,29.619927],[106.519896,29.621809]]]}},{"id":"542","type":"Feature","properties":{"landuse":"residential","amenity":"unknown","military":"unknown","base_elevation":150},"geometry":{"type":"Polygon","coordinates":[[[106.521284,29.620209],[106.521252,29.622114],[106.521809,29.622239],[106.522261,29.620572],[106.522131,29.620438],[106.521284,29.620209]]]}},{"id":"543","type":"Feature","properties":{"landuse":"residential","amenity":"unknown","military":"unknown","base_elevation":169},"geometry":{"type":"Polygon","coordinates":[[[106.524766,29.621296],[106.524666,29.621184],[106.523679,29.620867],[106.523276,29.620848],[106.522778,29.62158],[106.522606,29.62227],[106.522718,29.622406],[106.523833,29.622705],[106.524074,29.622612],[106.52429,29.621981],[106.524648,29.621562],[106.524766,29.621296]]]}},{"id":"544","type":"Feature","properties":{"landuse":"residential","amenity":"unknown","military":"unknown","base_elevation":185},"geometry":{"type":"Polygon","coordinates":[[[106.525082,29.621488],[106.524397,29.622353],[106.524269,29.622941],[106.525721,29.623918],[106.527658,29.624307],[106.529056,29.623132],[106.525082,29.621488]]]}},{"id":"545","type":"Feature","properties":{"landuse":"residential","amenity":"unknown","military":"unknown","base_elevation":150},"geometry":{"type":"Polygon","coordinates":[[[106.519898,29.623832],[106.520032,29.623948],[106.521298,29.624219],[106.521719,29.622571],[106.519893,29.62214],[106.519898,29.623832]]]}},{"id":"546","type":"Feature","properties":{"landuse":"residential","amenity":"unknown","military":"unknown","base_elevation":154},"geometry":{"type":"Polygon","coordinates":[[[106.522692,29.62269],[106.522508,29.622854],[106.522236,29.624145],[106.522352,29.624379],[106.523313,29.624603],[106.523512,29.624509],[106.523818,29.623082],[106.523743,29.622942],[106.522692,29.62269]]]}},{"id":"547","type":"Feature","properties":{"landuse":"residential","amenity":"unknown","military":"unknown","base_elevation":168},"geometry":{"type":"Polygon","coordinates":[[[106.525508,29.624112],[106.524306,29.623338],[106.524022,29.623343],[106.523781,29.624635],[106.523904,29.624784],[106.524537,29.624868],[106.525857,29.625525],[106.527048,29.624775],[106.526966,29.624519],[106.525508,29.624112]]]}},{"id":"548","type":"Feature","properties":{"landuse":"residential","amenity":"unknown","military":"unknown","base_elevation":151},"geometry":{"type":"Polygon","coordinates":[[[106.519946,29.625887],[106.52049,29.625947],[106.520876,29.625788],[106.521266,29.624432],[106.519987,29.624136],[106.519861,29.624242],[106.519833,29.625767],[106.519946,29.625887]]]}},{"id":"549","type":"Feature","properties":{"landuse":"residential","amenity":"unknown","military":"unknown","base_elevation":195},"geometry":{"type":"Polygon","coordinates":[[[106.526386,29.626193],[106.52704,29.626841],[106.528044,29.625963],[106.527435,29.625406],[106.527027,29.625163],[106.526252,29.625831],[106.526386,29.626193]]]}},{"id":"550","type":"Feature","properties":{"landuse":"residential","amenity":"unknown","military":"unknown","base_elevation":186},"geometry":{"type":"Polygon","coordinates":[[[106.52654,29.62692],[106.525896,29.626306],[106.526022,29.626117],[106.525983,29.626077],[106.525876,29.626073],[106.525394,29.62678],[106.525488,29.626994],[106.526056,29.627369],[106.526737,29.626928],[106.526665,29.626842],[106.52654,29.62692]]]}},{"id":"551","type":"Feature","properties":{"landuse":"residential","amenity":"unknown","military":"unknown","base_elevation":186},"geometry":{"type":"Polygon","coordinates":[[[106.52516,29.627766],[106.524331,29.629185],[106.523745,29.629229],[106.523028,29.630059],[106.522454,29.63113],[106.522687,29.631619],[106.522294,29.632673],[106.526961,29.633153],[106.527354,29.632814],[106.527268,29.632189],[106.526753,29.631415],[106.527032,29.630118],[106.526649,29.629012],[106.52607,29.628406],[106.52516,29.627766]]]}},{"id":"552","type":"Feature","properties":{"landuse":"residential","amenity":"unknown","military":"unknown","base_elevation":198},"geometry":{"type":"Polygon","coordinates":[[[106.52494,29.633289],[106.522129,29.633084],[106.521668,29.633438],[106.5217,29.634856],[106.522097,29.635835],[106.522504,29.636199],[106.52386,29.636464],[106.526403,29.636482],[106.527755,29.635596],[106.527819,29.634766],[106.527261,29.633824],[106.526714,29.633573],[106.52494,29.633289]]]}},{"id":"553","type":"Feature","properties":{"landuse":"residential","amenity":"unknown","military":"unknown","base_elevation":278},"geometry":{"type":"Polygon","coordinates":[[[106.522098,29.640498],[106.522772,29.642351],[106.524649,29.643886],[106.525019,29.64357],[106.525059,29.643162],[106.524687,29.642863],[106.524082,29.642783],[106.523834,29.642568],[106.523806,29.640851],[106.519982,29.637319],[106.51914,29.637874],[106.522098,29.640498]]]}},{"id":"554","type":"Feature","properties":{"landuse":"residential","amenity":"unknown","military":"unknown","base_elevation":272},"geometry":{"type":"Polygon","coordinates":[[[106.520256,29.646747],[106.521466,29.647239],[106.522085,29.647695],[106.523039,29.647092],[106.524141,29.646923],[106.52386,29.645542],[106.52552,29.644799],[106.522677,29.642429],[106.520093,29.643919],[106.519424,29.644426],[106.519075,29.644858],[106.518421,29.646363],[106.520256,29.646747]]]}},{"id":"555","type":"Feature","properties":{"landuse":"residential","amenity":"unknown","military":"unknown","base_elevation":300},"geometry":{"type":"Polygon","coordinates":[[[106.525998,29.644566],[106.525624,29.644186],[106.525255,29.644487],[106.527021,29.645923],[106.527624,29.645669],[106.526702,29.644476],[106.525998,29.644566]]]}},{"id":"556","type":"Feature","properties":{"landuse":"residential","amenity":"unknown","military":"unknown","base_elevation":55},"geometry":{"type":"Polygon","coordinates":[[[106.536803,29.519049],[106.536125,29.519956],[106.534839,29.521182],[106.534335,29.521877],[106.534874,29.521666],[106.537446,29.521303],[106.537289,29.520955],[106.536872,29.520622],[106.537429,29.519427],[106.537423,29.519261],[106.537324,29.51914],[106.536803,29.519049]]]}},{"id":"557","type":"Feature","properties":{"landuse":"residential","amenity":"unknown","military":"unknown","base_elevation":107},"geometry":{"type":"Polygon","coordinates":[[[106.536021,29.523692],[106.535239,29.524085],[106.535273,29.524342],[106.53576,29.52466],[106.536316,29.52525],[106.538499,29.525859],[106.539454,29.525875],[106.540122,29.52415],[106.54011,29.523951],[106.539757,29.523768],[106.539531,29.523148],[106.539288,29.522845],[106.536021,29.523692]]]}},{"id":"558","type":"Feature","properties":{"landuse":"residential","amenity":"unknown","military":"unknown","base_elevation":51},"geometry":{"type":"Polygon","coordinates":[[[106.532199,29.525252],[106.531613,29.52719],[106.531506,29.527656],[106.531507,29.528224],[106.532689,29.528253],[106.533427,29.52805],[106.532973,29.528385],[106.531514,29.528396],[106.531433,29.528462],[106.531444,29.529115],[106.531578,29.529694],[106.532162,29.53179],[106.532259,29.531838],[106.533202,29.531726],[106.533262,29.531654],[106.533667,29.529708],[106.533877,29.529143],[106.53544,29.527482],[106.535242,29.527213],[106.534349,29.527843],[106.534159,29.527849],[106.535152,29.52716],[106.533701,29.525798],[106.53258,29.525227],[106.532307,29.525163],[106.532199,29.525252]]]}},{"id":"559","type":"Feature","properties":{"landuse":"residential","amenity":"unknown","military":"unknown","base_elevation":73},"geometry":{"type":"Polygon","coordinates":[[[106.535787,29.525277],[106.534658,29.524689],[106.534258,29.524563],[106.533812,29.524597],[106.533646,29.524732],[106.533551,29.525015],[106.533565,29.525197],[106.534025,29.525634],[106.533944,29.525772],[106.535396,29.527057],[106.536761,29.528883],[106.539258,29.527711],[106.538078,29.526482],[106.537707,29.525894],[106.537031,29.525548],[106.536313,29.525512],[106.535883,29.525247],[106.535787,29.525277]]]}},{"id":"560","type":"Feature","properties":{"landuse":"residential","amenity":"unknown","military":"unknown","base_elevation":80},"geometry":{"type":"Polygon","coordinates":[[[106.536398,29.529001],[106.536412,29.528808],[106.535584,29.527565],[106.535482,29.527569],[106.534129,29.529024],[106.53379,29.529674],[106.533367,29.531612],[106.533443,29.53167],[106.535126,29.531458],[106.535214,29.531354],[106.535229,29.530494],[106.53538,29.530072],[106.535629,29.529657],[106.536398,29.529001]]]}},{"id":"561","type":"Feature","properties":{"landuse":"residential","amenity":"unknown","military":"unknown","base_elevation":44},"geometry":{"type":"Polygon","coordinates":[[[106.535166,29.532408],[106.535159,29.53178],[106.53503,29.531638],[106.532361,29.531927],[106.53231,29.532021],[106.532586,29.533001],[106.532739,29.532971],[106.533477,29.534798],[106.534225,29.534562],[106.534113,29.534294],[106.534818,29.533742],[106.535166,29.532408]]]}},{"id":"562","type":"Feature","properties":{"landuse":"residential","amenity":"unknown","military":"unknown","base_elevation":67},"geometry":{"type":"Polygon","coordinates":[[[106.538128,29.533765],[106.538067,29.533425],[106.537709,29.533191],[106.536656,29.533394],[106.536396,29.533599],[106.536209,29.534191],[106.536552,29.534691],[106.536584,29.534849],[106.536432,29.535051],[106.536392,29.535298],[106.536485,29.53566],[106.536375,29.535844],[106.536277,29.535856],[106.536565,29.535917],[106.537411,29.535793],[106.539313,29.53481],[106.538775,29.533957],[106.538128,29.533765]]]}},{"id":"563","type":"Feature","properties":{"landuse":"residential","amenity":"unknown","military":"unknown","base_elevation":51},"geometry":{"type":"Polygon","coordinates":[[[106.537056,29.538529],[106.537845,29.539267],[106.538316,29.539597],[106.540999,29.540183],[106.541123,29.539589],[106.5411,29.538834],[106.541212,29.538485],[106.541752,29.537757],[106.541739,29.537344],[106.54169,29.537178],[106.540804,29.536874],[106.53834,29.537529],[106.537056,29.538529]]]}},{"id":"564","type":"Feature","properties":{"landuse":"residential","amenity":"unknown","military":"unknown","base_elevation":170},"geometry":{"type":"Polygon","coordinates":[[[106.530335,29.548651],[106.531778,29.548573],[106.531746,29.54807],[106.530139,29.54811],[106.530105,29.548559],[106.530335,29.548651]]]}},{"id":"565","type":"Feature","properties":{"landuse":"residential","amenity":"unknown","military":"unknown","base_elevation":198},"geometry":{"type":"Polygon","coordinates":[[[106.53287,29.550675],[106.532553,29.550285],[106.532196,29.550291],[106.531994,29.550827],[106.533356,29.551055],[106.533404,29.550814],[106.533342,29.55073],[106.53287,29.550675]]]}},{"id":"566","type":"Feature","properties":{"landuse":"residential","amenity":"unknown","military":"unknown","base_elevation":183},"geometry":{"type":"Polygon","coordinates":[[[106.535601,29.551327],[106.535673,29.551245],[106.53535,29.551083],[106.533471,29.550801],[106.533452,29.551069],[106.534968,29.551378],[106.535434,29.551792],[106.536416,29.551938],[106.536713,29.552132],[106.536807,29.552052],[106.536938,29.552104],[106.536963,29.55199],[106.536485,29.551679],[106.535934,29.551528],[106.535601,29.551327]]]}},{"id":"567","type":"Feature","properties":{"landuse":"residential","amenity":"unknown","military":"unknown","base_elevation":180},"geometry":{"type":"Polygon","coordinates":[[[106.535965,29.553392],[106.536172,29.553646],[106.53658,29.553432],[106.536867,29.553177],[106.536904,29.552928],[106.536604,29.552199],[106.536392,29.55206],[106.535086,29.551835],[106.534675,29.551659],[106.534522,29.552333],[106.534777,29.552534],[106.534832,29.552736],[106.534783,29.552971],[106.534634,29.553108],[106.535412,29.553468],[106.535965,29.553392]]]}},{"id":"568","type":"Feature","properties":{"landuse":"residential","amenity":"unknown","military":"unknown","base_elevation":43},"geometry":{"type":"Polygon","coordinates":[[[106.538641,29.56191],[106.539332,29.561004],[106.53926,29.560734],[106.539582,29.559975],[106.539537,29.559896],[106.539708,29.559437],[106.540406,29.55883],[106.540705,29.55846],[106.539289,29.557826],[106.538418,29.557658],[106.537653,29.557605],[106.537611,29.557944],[106.537466,29.558029],[106.53713,29.557973],[106.537079,29.558054],[106.53642,29.557855],[106.536266,29.557916],[106.536514,29.558188],[106.536609,29.558553],[106.537909,29.561143],[106.538267,29.560988],[106.538392,29.561156],[106.538326,29.561358],[106.538437,29.561653],[106.538641,29.56191]]]}},{"id":"569","type":"Feature","properties":{"landuse":"residential","amenity":"unknown","military":"unknown","base_elevation":55},"geometry":{"type":"Polygon","coordinates":[[[106.52848,29.560452],[106.529211,29.560628],[106.52949,29.560107],[106.528919,29.559854],[106.52848,29.560452]]]}},{"id":"570","type":"Feature","properties":{"landuse":"residential","amenity":"unknown","military":"unknown","base_elevation":48},"geometry":{"type":"Polygon","coordinates":[[[106.53359,29.562688],[106.532163,29.561048],[106.53121,29.560252],[106.530738,29.56052],[106.530266,29.561139],[106.529548,29.561445],[106.529285,29.561704],[106.529041,29.561674],[106.528764,29.562397],[106.528563,29.563468],[106.52878,29.563605],[106.53148,29.563689],[106.532124,29.563931],[106.532889,29.56436],[106.534072,29.563515],[106.53359,29.562688]]]}},{"id":"571","type":"Feature","properties":{"landuse":"residential","amenity":"unknown","military":"unknown","base_elevation":70},"geometry":{"type":"Polygon","coordinates":[[[106.528113,29.566803],[106.528273,29.566552],[106.529663,29.565235],[106.529309,29.564989],[106.52796,29.564639],[106.52778,29.565066],[106.527441,29.565451],[106.526983,29.565609],[106.525908,29.565644],[106.52579,29.565761],[106.525948,29.566799],[106.526106,29.566883],[106.526576,29.5669],[106.526802,29.567007],[106.527813,29.568068],[106.52818,29.567788],[106.528113,29.566803]]]}},{"id":"572","type":"Feature","properties":{"landuse":"residential","amenity":"unknown","military":"unknown","base_elevation":79},"geometry":{"type":"Polygon","coordinates":[[[106.53116,29.566748],[106.531323,29.566265],[106.529938,29.565482],[106.529544,29.565529],[106.52833,29.566632],[106.528319,29.566715],[106.528484,29.566792],[106.528676,29.566752],[106.529633,29.567399],[106.529695,29.567571],[106.530199,29.567543],[106.530296,29.567329],[106.530604,29.567233],[106.531122,29.567214],[106.53116,29.566748]]]}},{"id":"573","type":"Feature","properties":{"landuse":"residential","amenity":"unknown","military":"unknown","base_elevation":86},"geometry":{"type":"Polygon","coordinates":[[[106.529121,29.56899],[106.52906,29.568883],[106.528805,29.568866],[106.528702,29.569291],[106.529011,29.569527],[106.529121,29.56899]]]}},{"id":"574","type":"Feature","properties":{"landuse":"residential","amenity":"unknown","military":"unknown","base_elevation":54},"geometry":{"type":"Polygon","coordinates":[[[106.538325,29.570736],[106.540087,29.571483],[106.540812,29.571624],[106.540992,29.571578],[106.541091,29.571448],[106.541059,29.571359],[106.540156,29.570886],[106.538186,29.569318],[106.537416,29.568604],[106.535733,29.566628],[106.53525,29.566472],[106.534992,29.566532],[106.534786,29.566682],[106.534681,29.566903],[106.534242,29.56969],[106.534751,29.570872],[106.534633,29.571275],[106.534692,29.571521],[106.535931,29.572006],[106.536763,29.572001],[106.536897,29.571961],[106.537644,29.570951],[106.538008,29.570747],[106.538325,29.570736]]]}},{"id":"575","type":"Feature","properties":{"landuse":"residential","amenity":"unknown","military":"unknown","base_elevation":92},"geometry":{"type":"Polygon","coordinates":[[[106.530114,29.571434],[106.530595,29.571317],[106.531363,29.571272],[106.53242,29.570793],[106.532221,29.570512],[106.531869,29.570302],[106.531909,29.569977],[106.529615,29.568738],[106.529336,29.568753],[106.528935,29.570384],[106.529746,29.57032],[106.529294,29.570763],[106.529853,29.57129],[106.530114,29.571434]]]}},{"id":"576","type":"Feature","properties":{"landuse":"residential","amenity":"unknown","military":"unknown","base_elevation":127},"geometry":{"type":"Polygon","coordinates":[[[106.534496,29.573632],[106.533346,29.573588],[106.533308,29.574156],[106.533565,29.574339],[106.534199,29.574353],[106.53433,29.574031],[106.534518,29.573966],[106.534566,29.57375],[106.534496,29.573632]]]}},{"id":"577","type":"Feature","properties":{"landuse":"residential","amenity":"unknown","military":"unknown","base_elevation":117},"geometry":{"type":"Polygon","coordinates":[[[106.537832,29.575554],[106.537349,29.57396],[106.537216,29.573903],[106.536638,29.5743],[106.536767,29.574653],[106.536304,29.574766],[106.536406,29.575113],[106.537018,29.575347],[106.53716,29.575155],[106.537272,29.575249],[106.537227,29.575351],[106.537767,29.575599],[106.537832,29.575554]]]}},{"id":"578","type":"Feature","properties":{"landuse":"residential","amenity":"unknown","military":"unknown","base_elevation":168},"geometry":{"type":"Polygon","coordinates":[[[106.537854,29.579165],[106.539775,29.579441],[106.54076,29.578285],[106.541829,29.578293],[106.541859,29.577523],[106.539777,29.577691],[106.539348,29.577873],[106.537817,29.579077],[106.537854,29.579165]]]}},{"id":"579","type":"Feature","properties":{"landuse":"residential","amenity":"unknown","military":"unknown","base_elevation":165},"geometry":{"type":"Polygon","coordinates":[[[106.535845,29.579734],[106.535924,29.581926],[106.53769,29.581881],[106.537712,29.58133],[106.536722,29.581302],[106.536714,29.580847],[106.536495,29.580364],[106.536592,29.580144],[106.537348,29.579348],[106.537374,29.579179],[106.536883,29.579016],[106.536664,29.579039],[106.535845,29.579734]]]}},{"id":"580","type":"Feature","properties":{"landuse":"residential","amenity":"unknown","military":"unknown","base_elevation":167},"geometry":{"type":"Polygon","coordinates":[[[106.536838,29.581143],[106.537541,29.581181],[106.537664,29.580987],[106.538208,29.580644],[106.538142,29.580478],[106.538281,29.580392],[106.538128,29.579725],[106.537286,29.57959],[106.53665,29.580308],[106.536629,29.580385],[106.536807,29.580646],[106.536838,29.581143]]]}},{"id":"581","type":"Feature","properties":{"landuse":"residential","amenity":"unknown","military":"unknown","base_elevation":166},"geometry":{"type":"Polygon","coordinates":[[[106.534084,29.581332],[106.534189,29.580865],[106.533434,29.580839],[106.533416,29.581281],[106.534084,29.581332]]]}},{"id":"582","type":"Feature","properties":{"landuse":"residential","amenity":"unknown","military":"unknown","base_elevation":163},"geometry":{"type":"Polygon","coordinates":[[[106.535179,29.58044],[106.535213,29.582536],[106.535279,29.582605],[106.535643,29.5826],[106.535702,29.582518],[106.53562,29.579953],[106.535027,29.580195],[106.535179,29.58044]]]}},{"id":"583","type":"Feature","properties":{"landuse":"residential","amenity":"unknown","military":"unknown","base_elevation":142},"geometry":{"type":"Polygon","coordinates":[[[106.533061,29.582588],[106.533125,29.582134],[106.533423,29.582013],[106.533351,29.580617],[106.532636,29.580607],[106.531666,29.581068],[106.53133,29.582231],[106.533061,29.582588]]]}},{"id":"584","type":"Feature","properties":{"landuse":"residential","amenity":"unknown","military":"unknown","base_elevation":148},"geometry":{"type":"Polygon","coordinates":[[[106.534054,29.582191],[106.533225,29.582202],[106.533233,29.582597],[106.535111,29.582557],[106.535129,29.581885],[106.534059,29.581904],[106.534054,29.582191]]]}},{"id":"585","type":"Feature","properties":{"landuse":"residential","amenity":"unknown","military":"unknown","base_elevation":157},"geometry":{"type":"Polygon","coordinates":[[[106.535918,29.583539],[106.537189,29.583522],[106.537128,29.582803],[106.53599,29.582747],[106.535909,29.582856],[106.535918,29.583539]]]}},{"id":"586","type":"Feature","properties":{"landuse":"residential","amenity":"unknown","military":"unknown","base_elevation":164},"geometry":{"type":"Polygon","coordinates":[[[106.537431,29.583583],[106.537425,29.584283],[106.539069,29.584253],[106.539112,29.582865],[106.539021,29.582764],[106.537299,29.582741],[106.537245,29.582764],[106.537287,29.583456],[106.537431,29.583583]]]}},{"id":"587","type":"Feature","properties":{"landuse":"residential","amenity":"unknown","military":"unknown","base_elevation":162},"geometry":{"type":"Polygon","coordinates":[[[106.539128,29.585605],[106.539126,29.58432],[106.537085,29.584348],[106.536999,29.585682],[106.539013,29.585675],[106.539128,29.585605]]]}},{"id":"588","type":"Feature","properties":{"landuse":"residential","amenity":"unknown","military":"unknown","base_elevation":153},"geometry":{"type":"Polygon","coordinates":[[[106.53578,29.584951],[106.535793,29.58567],[106.536891,29.585658],[106.536916,29.584972],[106.536855,29.584883],[106.535877,29.584883],[106.53578,29.584951]]]}},{"id":"589","type":"Feature","properties":{"landuse":"residential","amenity":"unknown","military":"unknown","base_elevation":160},"geometry":{"type":"Polygon","coordinates":[[[106.534225,29.588579],[106.531689,29.589256],[106.53137,29.589487],[106.530322,29.590374],[106.530336,29.59051],[106.530793,29.590863],[106.531549,29.591175],[106.532187,29.591266],[106.534343,29.59113],[106.534471,29.590996],[106.534355,29.588645],[106.534225,29.588579]]]}},{"id":"590","type":"Feature","properties":{"landuse":"residential","amenity":"unknown","military":"unknown","base_elevation":164},"geometry":{"type":"Polygon","coordinates":[[[106.53454,29.592573],[106.534383,29.591772],[106.533965,29.591821],[106.533992,29.59199],[106.532651,29.592073],[106.532438,29.592262],[106.532452,29.592652],[106.534486,29.592633],[106.53454,29.592573]]]}},{"id":"591","type":"Feature","properties":{"landuse":"residential","amenity":"unknown","military":"unknown","base_elevation":166},"geometry":{"type":"Polygon","coordinates":[[[106.533273,29.594649],[106.533246,29.592779],[106.533188,29.592726],[106.532063,29.592734],[106.531975,29.592811],[106.53198,29.593578],[106.531718,29.594129],[106.531754,29.595533],[106.534419,29.59558],[106.534495,29.595524],[106.534604,29.594602],[106.533273,29.594649]]]}},{"id":"592","type":"Feature","properties":{"landuse":"residential","amenity":"unknown","military":"unknown","base_elevation":164},"geometry":{"type":"Polygon","coordinates":[[[106.531676,29.595537],[106.531659,29.594118],[106.53192,29.59356],[106.531898,29.59281],[106.531816,29.592741],[106.530341,29.592757],[106.530265,29.592812],[106.5303,29.59552],[106.530366,29.595572],[106.531676,29.595537]]]}},{"id":"593","type":"Feature","properties":{"landuse":"residential","amenity":"unknown","military":"unknown","base_elevation":164},"geometry":{"type":"Polygon","coordinates":[[[106.530196,29.595524],[106.53017,29.592806],[106.52884,29.592772],[106.528831,29.595451],[106.529029,29.595568],[106.530137,29.595577],[106.530196,29.595524]]]}},{"id":"594","type":"Feature","properties":{"landuse":"residential","amenity":"unknown","military":"unknown","base_elevation":172},"geometry":{"type":"Polygon","coordinates":[[[106.534708,29.595833],[106.534534,29.597481],[106.534806,29.59788],[106.535517,29.598067],[106.535522,29.596062],[106.535247,29.595852],[106.534797,29.595755],[106.534708,29.595833]]]}},{"id":"595","type":"Feature","properties":{"landuse":"residential","amenity":"unknown","military":"unknown","base_elevation":166},"geometry":{"type":"Polygon","coordinates":[[[106.533091,29.595727],[106.531841,29.595729],[106.531762,29.595802],[106.531779,29.596894],[106.531896,29.596985],[106.533134,29.59698],[106.533196,29.596912],[106.533176,29.595811],[106.533091,29.595727]]]}},{"id":"596","type":"Feature","properties":{"landuse":"residential","amenity":"unknown","military":"unknown","base_elevation":166},"geometry":{"type":"Polygon","coordinates":[[[106.528953,29.595757],[106.528841,29.595869],[106.528844,29.597429],[106.52898,29.597532],[106.530109,29.597497],[106.530199,29.597396],[106.530169,29.595772],[106.528953,29.595757]]]}},{"id":"597","type":"Feature","properties":{"landuse":"residential","amenity":"unknown","military":"unknown","base_elevation":165},"geometry":{"type":"Polygon","coordinates":[[[106.530472,29.597558],[106.531642,29.597562],[106.531705,29.597504],[106.531632,29.595741],[106.530318,29.595781],[106.530324,29.597443],[106.530472,29.597558]]]}},{"id":"598","type":"Feature","properties":{"landuse":"residential","amenity":"unknown","military":"unknown","base_elevation":170},"geometry":{"type":"Polygon","coordinates":[[[106.534402,29.595761],[106.533341,29.595723],[106.533249,29.595812],[106.533283,29.597473],[106.533351,29.597553],[106.533945,29.597701],[106.534293,29.59749],[106.53446,29.59585],[106.534402,29.595761]]]}},{"id":"599","type":"Feature","properties":{"landuse":"residential","amenity":"unknown","military":"unknown","base_elevation":122},"geometry":{"type":"Polygon","coordinates":[[[106.538301,29.596761],[106.538093,29.596896],[106.538111,29.596959],[106.537919,29.597007],[106.538003,29.59734],[106.53775,29.597325],[106.537471,29.597662],[106.537555,29.598693],[106.537431,29.599222],[106.537883,29.599365],[106.538066,29.599538],[106.538153,29.600061],[106.538785,29.600969],[106.539569,29.601182],[106.539963,29.601168],[106.540332,29.600983],[106.540582,29.600714],[106.540758,29.599675],[106.540588,29.599503],[106.539147,29.599289],[106.538834,29.599044],[106.538628,29.598712],[106.538575,29.598345],[106.538676,29.59738],[106.538869,29.596659],[106.538745,29.596578],[106.538446,29.596585],[106.538343,29.596628],[106.538301,29.596761]]]}},{"id":"600","type":"Feature","properties":{"landuse":"residential","amenity":"unknown","military":"unknown","base_elevation":168},"geometry":{"type":"Polygon","coordinates":[[[106.533208,29.59747],[106.533146,29.597034],[106.53188,29.597041],[106.531773,29.597127],[106.531778,29.597503],[106.531841,29.597555],[106.533131,29.597543],[106.533208,29.59747]]]}},{"id":"601","type":"Feature","properties":{"landuse":"residential","amenity":"unknown","military":"unknown","base_elevation":170},"geometry":{"type":"Polygon","coordinates":[[[106.533044,29.597904],[106.532874,29.597697],[106.530489,29.597714],[106.530298,29.597872],[106.530302,29.598424],[106.532322,29.598416],[106.532726,29.598581],[106.533044,29.597904]]]}},{"id":"602","type":"Feature","properties":{"landuse":"residential","amenity":"unknown","military":"unknown","base_elevation":175},"geometry":{"type":"Polygon","coordinates":[[[106.534509,29.598819],[106.534678,29.598494],[106.535149,29.598643],[106.535329,29.598177],[106.534798,29.598054],[106.534305,29.598284],[106.534114,29.5987],[106.534509,29.598819]]]}},{"id":"603","type":"Feature","properties":{"landuse":"residential","amenity":"unknown","military":"unknown","base_elevation":169},"geometry":{"type":"Polygon","coordinates":[[[106.528847,29.599176],[106.529113,29.599373],[106.53008,29.599373],[106.53018,29.599284],[106.530194,29.597913],[106.530132,29.597771],[106.529984,29.597703],[106.529023,29.597711],[106.528862,29.597772],[106.528847,29.599176]]]}},{"id":"604","type":"Feature","properties":{"landuse":"residential","amenity":"unknown","military":"unknown","base_elevation":175},"geometry":{"type":"Polygon","coordinates":[[[106.53334,29.599414],[106.533577,29.599259],[106.533961,29.598372],[106.533088,29.598106],[106.532527,29.599345],[106.532586,29.599402],[106.53334,29.599414]]]}},{"id":"605","type":"Feature","properties":{"landuse":"residential","amenity":"unknown","military":"unknown","base_elevation":169},"geometry":{"type":"Polygon","coordinates":[[[106.536138,29.598489],[106.535411,29.598246],[106.534832,29.599526],[106.5349,29.599604],[106.535639,29.599735],[106.535774,29.599666],[106.536138,29.598489]]]}},{"id":"606","type":"Feature","properties":{"landuse":"residential","amenity":"unknown","military":"unknown","base_elevation":171},"geometry":{"type":"Polygon","coordinates":[[[106.535521,29.600646],[106.535624,29.600209],[106.534684,29.600028],[106.534578,29.600671],[106.535521,29.600646]]]}},{"id":"607","type":"Feature","properties":{"landuse":"residential","amenity":"unknown","military":"unknown","base_elevation":170},"geometry":{"type":"Polygon","coordinates":[[[106.534473,29.600627],[106.53454,29.600314],[106.533338,29.600271],[106.533184,29.600561],[106.533299,29.600672],[106.534473,29.600627]]]}},{"id":"608","type":"Feature","properties":{"landuse":"residential","amenity":"unknown","military":"unknown","base_elevation":160},"geometry":{"type":"Polygon","coordinates":[[[106.532749,29.601864],[106.532897,29.601922],[106.533422,29.601787],[106.533578,29.601401],[106.532891,29.601206],[106.532661,29.601674],[106.532749,29.601864]]]}},{"id":"609","type":"Feature","properties":{"landuse":"residential","amenity":"unknown","military":"unknown","base_elevation":102},"geometry":{"type":"Polygon","coordinates":[[[106.539044,29.601959],[106.537841,29.602153],[106.537522,29.602426],[106.537579,29.603457],[106.53777,29.603593],[106.539087,29.603593],[106.539044,29.601959]]]}},{"id":"610","type":"Feature","properties":{"landuse":"residential","amenity":"unknown","military":"unknown","base_elevation":152},"geometry":{"type":"Polygon","coordinates":[[[106.530209,29.6044],[106.530261,29.604454],[106.531646,29.604462],[106.531698,29.604414],[106.531696,29.603298],[106.531532,29.603205],[106.530398,29.603331],[106.530288,29.603469],[106.530209,29.6044]]]}},{"id":"611","type":"Feature","properties":{"landuse":"residential","amenity":"unknown","military":"unknown","base_elevation":118},"geometry":{"type":"Polygon","coordinates":[[[106.535212,29.603771],[106.533853,29.603877],[106.533724,29.604623],[106.534055,29.604876],[106.534389,29.604945],[106.535044,29.604868],[106.53581,29.604978],[106.535743,29.603246],[106.535134,29.603332],[106.535212,29.603771]]]}},{"id":"612","type":"Feature","properties":{"landuse":"residential","amenity":"unknown","military":"unknown","base_elevation":164},"geometry":{"type":"Polygon","coordinates":[[[106.526415,29.602666],[106.52631,29.602804],[106.526233,29.605239],[106.526339,29.605409],[106.527563,29.605661],[106.527834,29.60555],[106.528277,29.603491],[106.528198,29.603209],[106.526415,29.602666]]]}},{"id":"613","type":"Feature","properties":{"landuse":"residential","amenity":"unknown","military":"unknown","base_elevation":162},"geometry":{"type":"Polygon","coordinates":[[[106.528278,29.605499],[106.528352,29.605657],[106.528531,29.605738],[106.529806,29.60573],[106.529946,29.605628],[106.530109,29.603554],[106.530015,29.603443],[106.529882,29.603343],[106.529042,29.603299],[106.528873,29.603402],[106.528278,29.605499]]]}},{"id":"614","type":"Feature","properties":{"landuse":"residential","amenity":"unknown","military":"unknown","base_elevation":102},"geometry":{"type":"Polygon","coordinates":[[[106.537765,29.605305],[106.537907,29.605404],[106.539534,29.605326],[106.539826,29.603993],[106.539773,29.603824],[106.537777,29.603834],[106.537672,29.603954],[106.537765,29.605305]]]}},{"id":"615","type":"Feature","properties":{"landuse":"residential","amenity":"unknown","military":"unknown","base_elevation":171},"geometry":{"type":"Polygon","coordinates":[[[106.529676,29.607484],[106.529855,29.60605],[106.529691,29.605891],[106.528985,29.605897],[106.528761,29.606817],[106.528568,29.606811],[106.528375,29.607518],[106.529543,29.607595],[106.529676,29.607484]]]}},{"id":"616","type":"Feature","properties":{"landuse":"residential","amenity":"unknown","military":"unknown","base_elevation":166},"geometry":{"type":"Polygon","coordinates":[[[106.531921,29.605986],[106.532015,29.607677],[106.532152,29.607822],[106.534271,29.607993],[106.534386,29.60789],[106.534315,29.60644],[106.53424,29.606172],[106.534044,29.605978],[106.533575,29.605845],[106.532032,29.605865],[106.531921,29.605986]]]}},{"id":"617","type":"Feature","properties":{"landuse":"residential","amenity":"unknown","military":"unknown","base_elevation":184},"geometry":{"type":"Polygon","coordinates":[[[106.528963,29.60887],[106.529564,29.607952],[106.529495,29.607836],[106.527834,29.607703],[106.527524,29.608716],[106.528884,29.608892],[106.528963,29.60887]]]}},{"id":"618","type":"Feature","properties":{"landuse":"residential","amenity":"unknown","military":"unknown","base_elevation":163},"geometry":{"type":"Polygon","coordinates":[[[106.534268,29.608147],[106.531947,29.608066],[106.531841,29.608162],[106.531441,29.609428],[106.531598,29.609573],[106.533838,29.609476],[106.534072,29.609408],[106.534276,29.609261],[106.534401,29.609023],[106.534374,29.608226],[106.534268,29.608147]]]}},{"id":"619","type":"Feature","properties":{"landuse":"residential","amenity":"unknown","military":"unknown","base_elevation":147},"geometry":{"type":"Polygon","coordinates":[[[106.53156,29.61264],[106.529864,29.612612],[106.527642,29.612276],[106.526731,29.614599],[106.531828,29.615839],[106.532332,29.615821],[106.532557,29.615672],[106.532718,29.615224],[106.532761,29.614403],[106.532185,29.613213],[106.531907,29.612821],[106.53156,29.61264]]]}},{"id":"620","type":"Feature","properties":{"landuse":"residential","amenity":"unknown","military":"unknown","base_elevation":106},"geometry":{"type":"Polygon","coordinates":[[[106.539586,29.615741],[106.538873,29.615459],[106.539098,29.615035],[106.538259,29.614881],[106.53786,29.614884],[106.536422,29.616998],[106.536486,29.617061],[106.53695,29.617031],[106.538521,29.617346],[106.539586,29.615741]]]}},{"id":"621","type":"Feature","properties":{"landuse":"residential","amenity":"unknown","military":"unknown","base_elevation":145},"geometry":{"type":"Polygon","coordinates":[[[106.52879,29.617457],[106.529945,29.617546],[106.53062,29.617733],[106.533637,29.619246],[106.534469,29.618434],[106.533791,29.618022],[106.533448,29.616791],[106.533147,29.616427],[106.52671,29.614897],[106.526506,29.614953],[106.526217,29.61576],[106.526279,29.616107],[106.526415,29.616216],[106.527982,29.616589],[106.528071,29.616855],[106.527957,29.617327],[106.528101,29.617499],[106.52879,29.617457]]]}},{"id":"622","type":"Feature","properties":{"landuse":"residential","amenity":"unknown","military":"unknown","base_elevation":158},"geometry":{"type":"Polygon","coordinates":[[[106.531473,29.621829],[106.531477,29.621961],[106.533848,29.622743],[106.534838,29.623382],[106.53508,29.622951],[106.535399,29.621703],[106.533109,29.620632],[106.531473,29.621829]]]}},{"id":"623","type":"Feature","properties":{"landuse":"residential","amenity":"unknown","military":"unknown","base_elevation":201},"geometry":{"type":"Polygon","coordinates":[[[106.533995,29.625045],[106.530726,29.623808],[106.530233,29.624554],[106.528742,29.623939],[106.527976,29.624439],[106.528023,29.624573],[106.529675,29.625394],[106.533373,29.62857],[106.53436,29.627824],[106.533083,29.626845],[106.534671,29.625772],[106.534639,29.625605],[106.533995,29.625045]]]}},{"id":"624","type":"Feature","properties":{"landuse":"residential","amenity":"unknown","military":"unknown","base_elevation":198},"geometry":{"type":"Polygon","coordinates":[[[106.530966,29.628589],[106.530369,29.628635],[106.530054,29.628501],[106.529716,29.628207],[106.529636,29.627729],[106.529914,29.627143],[106.530278,29.626687],[106.528789,29.625585],[106.527115,29.627037],[106.529368,29.629466],[106.530674,29.629927],[106.531311,29.630428],[106.532283,29.629539],[106.531131,29.628508],[106.530966,29.628589]]]}},{"id":"625","type":"Feature","properties":{"landuse":"residential","amenity":"unknown","military":"unknown","base_elevation":215},"geometry":{"type":"Polygon","coordinates":[[[106.532058,29.627845],[106.531283,29.628421],[106.532432,29.629411],[106.533109,29.628812],[106.532058,29.627845]]]}},{"id":"626","type":"Feature","properties":{"landuse":"residential","amenity":"unknown","military":"unknown","base_elevation":244},"geometry":{"type":"Polygon","coordinates":[[[106.53983,29.631136],[106.541139,29.630315],[106.540752,29.629961],[106.541568,29.629448],[106.541546,29.628842],[106.54114,29.628682],[106.540173,29.628506],[106.539883,29.628692],[106.539626,29.628543],[106.538602,29.628354],[106.538204,29.628442],[106.537745,29.628405],[106.537633,29.628772],[106.537424,29.628751],[106.539573,29.631107],[106.53983,29.631136]]]}},{"id":"627","type":"Feature","properties":{"landuse":"residential","amenity":"unknown","military":"unknown","base_elevation":224},"geometry":{"type":"Polygon","coordinates":[[[106.533606,29.628911],[106.534669,29.630142],[106.534811,29.630143],[106.535357,29.628804],[106.535336,29.628715],[106.534571,29.628081],[106.534456,29.628067],[106.533608,29.628771],[106.533606,29.628911]]]}},{"id":"628","type":"Feature","properties":{"landuse":"residential","amenity":"unknown","military":"unknown","base_elevation":200},"geometry":{"type":"Polygon","coordinates":[[[106.538855,29.6307],[106.537711,29.631418],[106.537528,29.631105],[106.53749,29.630724],[106.537275,29.630654],[106.536876,29.630871],[106.536176,29.630687],[106.535939,29.630735],[106.535722,29.63145],[106.535076,29.631908],[106.534839,29.631662],[106.534512,29.631781],[106.534055,29.631812],[106.533621,29.632076],[106.533327,29.631752],[106.533032,29.631908],[106.532737,29.631922],[106.531097,29.631662],[106.530547,29.631491],[106.530432,29.631514],[106.529853,29.632002],[106.529833,29.632262],[106.533056,29.637],[106.533693,29.637754],[106.534384,29.638403],[106.535633,29.6392],[106.536402,29.639514],[106.536763,29.63873],[106.537634,29.638001],[106.537793,29.637991],[106.538994,29.63842],[106.541236,29.633679],[106.541208,29.63336],[106.538855,29.6307]]]}},{"id":"629","type":"Feature","properties":{"landuse":"residential","amenity":"unknown","military":"unknown","base_elevation":228},"geometry":{"type":"Polygon","coordinates":[[[106.525385,29.641477],[106.526176,29.642611],[106.526872,29.642231],[106.526602,29.641818],[106.528486,29.640839],[106.529817,29.642829],[106.530601,29.642459],[106.530066,29.641916],[106.526882,29.63737],[106.525312,29.638156],[106.526423,29.639805],[106.525735,29.640476],[106.526118,29.64107],[106.525385,29.641477]]]}},{"id":"630","type":"Feature","properties":{"landuse":"residential","amenity":"unknown","military":"unknown","base_elevation":263},"geometry":{"type":"Polygon","coordinates":[[[106.532936,29.646308],[106.533499,29.64548],[106.532172,29.64473],[106.531716,29.644312],[106.53147,29.643863],[106.53133,29.643255],[106.531145,29.642891],[106.530762,29.642625],[106.529093,29.643462],[106.528312,29.644664],[106.528632,29.645269],[106.529301,29.645201],[106.529847,29.645498],[106.530434,29.646615],[106.530771,29.646897],[106.532168,29.647169],[106.532291,29.646733],[106.532936,29.646308]]]}},{"id":"631","type":"Feature","properties":{"landuse":"residential","amenity":"unknown","military":"unknown","base_elevation":282},"geometry":{"type":"Polygon","coordinates":[[[106.536248,29.644931],[106.534904,29.646386],[106.535738,29.646719],[106.537468,29.645536],[106.536248,29.644931]]]}},{"id":"632","type":"Feature","properties":{"landuse":"residential","amenity":"unknown","military":"unknown","base_elevation":277},"geometry":{"type":"Polygon","coordinates":[[[106.533621,29.647265],[106.533205,29.647414],[106.532955,29.647404],[106.530725,29.646955],[106.530345,29.646645],[106.529749,29.645537],[106.529285,29.645291],[106.528721,29.645368],[106.527413,29.645892],[106.52736,29.646209],[106.528462,29.647109],[106.52905,29.647407],[106.532435,29.648554],[106.532646,29.648351],[106.533026,29.648237],[106.533742,29.648183],[106.534645,29.648546],[106.534818,29.648987],[106.53673,29.648166],[106.534904,29.646386],[106.533621,29.647265]]]}},{"id":"633","type":"Feature","properties":{"landuse":"residential","amenity":"unknown","military":"unknown","base_elevation":19},"geometry":{"type":"Polygon","coordinates":[[[106.548905,29.510011],[106.549667,29.508979],[106.54995,29.508311],[106.550013,29.507297],[106.549723,29.507125],[106.548394,29.507588],[106.547704,29.507952],[106.546066,29.509399],[106.545394,29.509879],[106.546035,29.510665],[106.546192,29.511771],[106.546723,29.511993],[106.547001,29.511498],[106.546979,29.511018],[106.54713,29.510645],[106.54756,29.510204],[106.548099,29.510012],[106.548302,29.509729],[106.548905,29.510011]]]}},{"id":"634","type":"Feature","properties":{"landuse":"residential","amenity":"unknown","military":"unknown","base_elevation":19},"geometry":{"type":"Polygon","coordinates":[[[106.541038,29.512581],[106.541156,29.512695],[106.541395,29.512693],[106.543669,29.512301],[106.543683,29.512415],[106.545627,29.512091],[106.545721,29.512002],[106.544587,29.510448],[106.541988,29.511874],[106.541052,29.512495],[106.541038,29.512581]]]}},{"id":"635","type":"Feature","properties":{"landuse":"residential","amenity":"unknown","military":"unknown","base_elevation":38},"geometry":{"type":"Polygon","coordinates":[[[106.542074,29.51455],[106.542717,29.514437],[106.542996,29.514904],[106.544166,29.514624],[106.543576,29.51243],[106.541194,29.512878],[106.541848,29.514503],[106.542074,29.51455]]]}},{"id":"636","type":"Feature","properties":{"landuse":"residential","amenity":"unknown","military":"unknown","base_elevation":35},"geometry":{"type":"Polygon","coordinates":[[[106.539777,29.5157],[106.540599,29.514747],[106.541508,29.514328],[106.54093,29.512844],[106.538266,29.515248],[106.538755,29.515584],[106.538461,29.516038],[106.538691,29.516302],[106.539147,29.515917],[106.539777,29.5157]]]}},{"id":"637","type":"Feature","properties":{"landuse":"residential","amenity":"unknown","military":"unknown","base_elevation":106},"geometry":{"type":"Polygon","coordinates":[[[106.550962,29.527642],[106.551899,29.526021],[106.552153,29.525078],[106.552333,29.520361],[106.552258,29.520137],[106.552073,29.519997],[106.550579,29.520172],[106.548155,29.520621],[106.540258,29.522449],[106.540038,29.522545],[106.53993,29.522689],[106.539988,29.52317],[106.540157,29.523428],[106.540417,29.523634],[106.5419,29.524269],[106.545592,29.525474],[106.55045,29.527612],[106.550962,29.527642]]]}},{"id":"638","type":"Feature","properties":{"landuse":"residential","amenity":"unknown","military":"unknown","base_elevation":126},"geometry":{"type":"Polygon","coordinates":[[[106.54038,29.526163],[106.541304,29.526475],[106.542938,29.527745],[106.543599,29.528002],[106.544381,29.526597],[106.542052,29.525991],[106.542538,29.524736],[106.540383,29.524221],[106.539794,29.525785],[106.54038,29.526163]]]}},{"id":"639","type":"Feature","properties":{"landuse":"residential","amenity":"unknown","military":"unknown","base_elevation":89},"geometry":{"type":"Polygon","coordinates":[[[106.546714,29.53655],[106.547179,29.536243],[106.547755,29.536241],[106.54785,29.535205],[106.547259,29.534881],[106.545845,29.533111],[106.542841,29.531145],[106.542592,29.531303],[106.542332,29.531798],[106.541619,29.531606],[106.541241,29.531754],[106.541973,29.533296],[106.542249,29.533669],[106.542634,29.532814],[106.543133,29.533006],[106.543093,29.533102],[106.543758,29.533346],[106.543996,29.533781],[106.543335,29.534064],[106.543685,29.53426],[106.544247,29.534985],[106.545389,29.535661],[106.546443,29.536447],[106.546714,29.53655]]]}},{"id":"640","type":"Feature","properties":{"landuse":"residential","amenity":"unknown","military":"unknown","base_elevation":64},"geometry":{"type":"Polygon","coordinates":[[[106.540344,29.534996],[106.539966,29.5346],[106.537942,29.535729],[106.538481,29.536559],[106.538754,29.537208],[106.54006,29.536886],[106.539962,29.536661],[106.539844,29.536694],[106.539628,29.536224],[106.5403,29.535834],[106.541035,29.535783],[106.540999,29.535746],[106.541489,29.535426],[106.541567,29.535794],[106.541773,29.535783],[106.541655,29.535195],[106.541129,29.534476],[106.541022,29.534427],[106.540193,29.534548],[106.540142,29.534583],[106.540432,29.534921],[106.540344,29.534996]]]}},{"id":"641","type":"Feature","properties":{"landuse":"residential","amenity":"unknown","military":"unknown","base_elevation":72},"geometry":{"type":"Polygon","coordinates":[[[106.542776,29.53492],[106.542541,29.53458],[106.542281,29.534443],[106.541585,29.534199],[106.541284,29.534386],[106.54177,29.535038],[106.54203,29.536061],[106.542752,29.535189],[106.542776,29.53492]]]}},{"id":"642","type":"Feature","properties":{"landuse":"residential","amenity":"unknown","military":"unknown","base_elevation":62},"geometry":{"type":"Polygon","coordinates":[[[106.543299,29.537288],[106.543755,29.537439],[106.543937,29.537073],[106.544067,29.536969],[106.544452,29.536998],[106.544736,29.537125],[106.544846,29.537002],[106.544513,29.536687],[106.544673,29.536375],[106.544582,29.536252],[106.544632,29.5362],[106.54364,29.535751],[106.543646,29.535566],[106.543813,29.535382],[106.543935,29.535163],[106.543898,29.535117],[106.543083,29.535114],[106.542955,29.535408],[106.541955,29.536631],[106.541981,29.536993],[106.542086,29.537101],[106.543299,29.537288]]]}},{"id":"643","type":"Feature","properties":{"landuse":"residential","amenity":"unknown","military":"unknown","base_elevation":56},"geometry":{"type":"Polygon","coordinates":[[[106.54319,29.537464],[106.542005,29.537292],[106.541944,29.537344],[106.541977,29.537649],[106.541891,29.538026],[106.542647,29.538233],[106.54319,29.537464]]]}},{"id":"644","type":"Feature","properties":{"landuse":"residential","amenity":"unknown","military":"unknown","base_elevation":35},"geometry":{"type":"Polygon","coordinates":[[[106.54939,29.540015],[106.546349,29.539765],[106.546546,29.540819],[106.548288,29.540711],[106.550154,29.540881],[106.550349,29.540587],[106.54939,29.540015]]]}},{"id":"645","type":"Feature","properties":{"landuse":"residential","amenity":"unknown","military":"unknown","base_elevation":37},"geometry":{"type":"Polygon","coordinates":[[[106.545018,29.540178],[106.54269,29.540329],[106.542761,29.541161],[106.545089,29.541011],[106.545018,29.540178]]]}},{"id":"646","type":"Feature","properties":{"landuse":"residential","amenity":"unknown","military":"unknown","base_elevation":99},"geometry":{"type":"Polygon","coordinates":[[[106.544547,29.55442],[106.544406,29.554706],[106.5445,29.554765],[106.544368,29.554761],[106.544365,29.55485],[106.544512,29.554854],[106.544582,29.555096],[106.544345,29.55509],[106.544351,29.554926],[106.544246,29.554923],[106.544235,29.55523],[106.544702,29.555242],[106.544731,29.554425],[106.544547,29.55442]]]}},{"id":"647","type":"Feature","properties":{"landuse":"residential","amenity":"unknown","military":"unknown","base_elevation":115},"geometry":{"type":"Polygon","coordinates":[[[106.544699,29.557079],[106.544736,29.556475],[106.544158,29.556498],[106.543897,29.55729],[106.544953,29.557556],[106.545019,29.557417],[106.544699,29.557079]]]}},{"id":"648","type":"Feature","properties":{"landuse":"residential","amenity":"unknown","military":"unknown","base_elevation":142},"geometry":{"type":"Polygon","coordinates":[[[106.547115,29.57623],[106.546844,29.576445],[106.547479,29.576942],[106.547691,29.576728],[106.547115,29.57623]]]}},{"id":"649","type":"Feature","properties":{"landuse":"residential","amenity":"unknown","military":"unknown","base_elevation":132},"geometry":{"type":"Polygon","coordinates":[[[106.547241,29.576163],[106.547238,29.576262],[106.547714,29.57666],[106.548428,29.577061],[106.548559,29.577065],[106.548747,29.576768],[106.548298,29.576484],[106.547357,29.576119],[106.547241,29.576163]]]}},{"id":"650","type":"Feature","properties":{"landuse":"residential","amenity":"unknown","military":"unknown","base_elevation":154},"geometry":{"type":"Polygon","coordinates":[[[106.549182,29.578769],[106.548898,29.578448],[106.548148,29.579087],[106.548448,29.579403],[106.548833,29.579141],[106.549182,29.578769]]]}},{"id":"651","type":"Feature","properties":{"landuse":"residential","amenity":"unknown","military":"unknown","base_elevation":179},"geometry":{"type":"Polygon","coordinates":[[[106.540845,29.578379],[106.539893,29.579552],[106.540714,29.580084],[106.541239,29.580231],[106.541676,29.580243],[106.541829,29.578393],[106.540845,29.578379]]]}},{"id":"652","type":"Feature","properties":{"landuse":"residential","amenity":"unknown","military":"unknown","base_elevation":174},"geometry":{"type":"Polygon","coordinates":[[[106.540743,29.581505],[106.540785,29.580248],[106.539795,29.579654],[106.539662,29.579892],[106.539636,29.580806],[106.539507,29.580944],[106.539544,29.580005],[106.538372,29.579923],[106.538455,29.58025],[106.538415,29.580735],[106.53868,29.581482],[106.540743,29.581505]]]}},{"id":"653","type":"Feature","properties":{"landuse":"residential","amenity":"unknown","military":"unknown","base_elevation":163},"geometry":{"type":"Polygon","coordinates":[[[106.541981,29.58095],[106.542006,29.582362],[106.542173,29.582496],[106.543183,29.582494],[106.543186,29.582257],[106.542571,29.5816],[106.542558,29.581337],[106.543196,29.581335],[106.543196,29.580878],[106.543116,29.580747],[106.542079,29.58086],[106.541981,29.58095]]]}},{"id":"654","type":"Feature","properties":{"landuse":"residential","amenity":"unknown","military":"unknown","base_elevation":174},"geometry":{"type":"Polygon","coordinates":[[[106.538879,29.582028],[106.539059,29.582117],[106.540819,29.582142],[106.54083,29.581551],[106.538684,29.581522],[106.538879,29.582028]]]}},{"id":"655","type":"Feature","properties":{"landuse":"residential","amenity":"unknown","military":"unknown","base_elevation":173},"geometry":{"type":"Polygon","coordinates":[[[106.540926,29.582466],[106.541644,29.582466],[106.541666,29.581633],[106.541006,29.581619],[106.540933,29.581675],[106.540926,29.582466]]]}},{"id":"656","type":"Feature","properties":{"landuse":"residential","amenity":"unknown","military":"unknown","base_elevation":167},"geometry":{"type":"Polygon","coordinates":[[[106.539252,29.582841],[106.539251,29.585587],[106.539367,29.585678],[106.540385,29.585669],[106.540379,29.584772],[106.54159,29.584746],[106.541551,29.582963],[106.541193,29.582782],[106.539411,29.582715],[106.539252,29.582841]]]}},{"id":"657","type":"Feature","properties":{"landuse":"residential","amenity":"unknown","military":"unknown","base_elevation":181},"geometry":{"type":"Polygon","coordinates":[[[106.542095,29.58851],[106.541806,29.588585],[106.542092,29.589415],[106.54171,29.589514],[106.54183,29.589861],[106.542762,29.589618],[106.54244,29.588681],[106.542095,29.58851]]]}},{"id":"658","type":"Feature","properties":{"landuse":"residential","amenity":"unknown","military":"unknown","base_elevation":138},"geometry":{"type":"Polygon","coordinates":[[[106.545653,29.588893],[106.545379,29.588929],[106.545318,29.588688],[106.546017,29.588604],[106.546561,29.588235],[106.546859,29.587868],[106.546898,29.587077],[106.54605,29.587204],[106.546065,29.587532],[106.545942,29.587561],[106.545813,29.58737],[106.545671,29.587345],[106.544456,29.587783],[106.544369,29.587951],[106.543728,29.588007],[106.543778,29.588162],[106.543465,29.588257],[106.543516,29.588423],[106.543336,29.588473],[106.543642,29.589285],[106.543867,29.589262],[106.543883,29.589422],[106.543545,29.589478],[106.543816,29.590691],[106.543759,29.591445],[106.544197,29.59154],[106.544606,29.591156],[106.545134,29.590831],[106.546469,29.590314],[106.546751,29.589881],[106.546606,29.589551],[106.546068,29.589767],[106.545653,29.588893]]]}},{"id":"659","type":"Feature","properties":{"landuse":"residential","amenity":"unknown","military":"unknown","base_elevation":187},"geometry":{"type":"Polygon","coordinates":[[[106.540983,29.589924],[106.540652,29.589079],[106.540169,29.589222],[106.540499,29.590067],[106.540983,29.589924]]]}},{"id":"660","type":"Feature","properties":{"landuse":"residential","amenity":"unknown","military":"unknown","base_elevation":175},"geometry":{"type":"Polygon","coordinates":[[[106.541633,29.589467],[106.541822,29.589416],[106.541592,29.58888],[106.540916,29.58902],[106.541486,29.590521],[106.541633,29.590466],[106.54187,29.590086],[106.541633,29.589467]]]}},{"id":"661","type":"Feature","properties":{"landuse":"residential","amenity":"unknown","military":"unknown","base_elevation":184},"geometry":{"type":"Polygon","coordinates":[[[106.539975,29.590539],[106.540279,29.590663],[106.541232,29.590402],[106.541112,29.590072],[106.540363,29.590277],[106.540001,29.589278],[106.539561,29.589399],[106.539975,29.590539]]]}},{"id":"662","type":"Feature","properties":{"landuse":"residential","amenity":"unknown","military":"unknown","base_elevation":169},"geometry":{"type":"Polygon","coordinates":[[[106.542865,29.590176],[106.542756,29.589824],[106.54199,29.590055],[106.541707,29.590535],[106.542865,29.590176]]]}},{"id":"663","type":"Feature","properties":{"landuse":"residential","amenity":"unknown","military":"unknown","base_elevation":102},"geometry":{"type":"Polygon","coordinates":[[[106.544681,29.593365],[106.547383,29.593284],[106.548614,29.591179],[106.548236,29.590607],[106.54759,29.59062],[106.547341,29.591061],[106.546565,29.590729],[106.546223,29.590751],[106.545468,29.591106],[106.544821,29.591583],[106.544681,29.593365]]]}},{"id":"664","type":"Feature","properties":{"landuse":"residential","amenity":"unknown","military":"unknown","base_elevation":123},"geometry":{"type":"Polygon","coordinates":[[[106.54308,29.591119],[106.543074,29.590759],[106.54253,29.590573],[106.542248,29.5907],[106.542002,29.591037],[106.541703,29.591201],[106.541421,29.591651],[106.540777,29.59187],[106.539684,29.592952],[106.539255,29.593057],[106.538878,29.594199],[106.539679,29.594244],[106.539726,29.593962],[106.540333,29.593976],[106.541128,29.593485],[106.541777,29.593635],[106.541881,29.594167],[106.542509,29.592861],[106.54308,29.591119]]]}},{"id":"665","type":"Feature","properties":{"landuse":"residential","amenity":"unknown","military":"unknown","base_elevation":113},"geometry":{"type":"Polygon","coordinates":[[[106.542862,29.59339],[106.542326,29.59459],[106.542145,29.595997],[106.54433,29.595971],[106.544375,29.594243],[106.542862,29.59339]]]}},{"id":"666","type":"Feature","properties":{"landuse":"residential","amenity":"unknown","military":"unknown","base_elevation":109},"geometry":{"type":"Polygon","coordinates":[[[106.544793,29.594771],[106.544623,29.594894],[106.544607,29.596031],[106.546278,29.596034],[106.546265,29.594914],[106.546169,29.594777],[106.544793,29.594771]]]}},{"id":"667","type":"Feature","properties":{"landuse":"residential","amenity":"unknown","military":"unknown","base_elevation":97},"geometry":{"type":"Polygon","coordinates":[[[106.550634,29.595954],[106.547511,29.596367],[106.54751,29.597569],[106.551219,29.597564],[106.551213,29.596239],[106.550624,29.596281],[106.550634,29.595954]]]}},{"id":"668","type":"Feature","properties":{"landuse":"residential","amenity":"unknown","military":"unknown","base_elevation":114},"geometry":{"type":"Polygon","coordinates":[[[106.540608,29.59763],[106.540833,29.596277],[106.539435,29.596404],[106.53896,29.59683],[106.538865,29.59729],[106.539082,29.597409],[106.540608,29.59763]]]}},{"id":"669","type":"Feature","properties":{"landuse":"residential","amenity":"unknown","military":"unknown","base_elevation":97},"geometry":{"type":"Polygon","coordinates":[[[106.543583,29.598907],[106.54436,29.598922],[106.544555,29.59777],[106.544356,29.596318],[106.542098,29.59636],[106.541889,29.597701],[106.54292,29.598008],[106.543273,29.5984],[106.543357,29.598684],[106.543583,29.598907]]]}},{"id":"670","type":"Feature","properties":{"landuse":"residential","amenity":"unknown","military":"unknown","base_elevation":96},"geometry":{"type":"Polygon","coordinates":[[[106.54462,29.596623],[106.544858,29.597576],[106.544567,29.598897],[106.546148,29.598939],[106.546344,29.598666],[106.546341,29.596904],[106.545648,29.596373],[106.544664,29.596393],[106.54462,29.596623]]]}},{"id":"671","type":"Feature","properties":{"landuse":"residential","amenity":"unknown","military":"unknown","base_elevation":112},"geometry":{"type":"Polygon","coordinates":[[[106.538932,29.598882],[106.539415,29.599172],[106.540751,29.599329],[106.540963,29.599221],[106.541214,29.597912],[106.538981,29.59756],[106.538856,29.597648],[106.538755,29.598333],[106.538783,29.598592],[106.538932,29.598882]]]}},{"id":"672","type":"Feature","properties":{"landuse":"residential","amenity":"unknown","military":"unknown","base_elevation":93},"geometry":{"type":"Polygon","coordinates":[[[106.544536,29.599221],[106.544313,29.601157],[106.544358,29.601242],[106.546411,29.601268],[106.546588,29.601118],[106.546571,29.599225],[106.546421,29.599096],[106.544687,29.599108],[106.544536,29.599221]]]}},{"id":"673","type":"Feature","properties":{"landuse":"residential","amenity":"unknown","military":"unknown","base_elevation":102},"geometry":{"type":"Polygon","coordinates":[[[106.544183,29.5999],[106.543122,29.599895],[106.543118,29.600479],[106.542583,29.600491],[106.542617,29.601291],[106.543915,29.601271],[106.54406,29.601171],[106.544183,29.5999]]]}},{"id":"674","type":"Feature","properties":{"landuse":"residential","amenity":"unknown","military":"unknown","base_elevation":90},"geometry":{"type":"Polygon","coordinates":[[[106.548888,29.6002],[106.547488,29.600213],[106.547476,29.601095],[106.55054,29.601073],[106.55054,29.600982],[106.550109,29.60078],[106.549634,29.600686],[106.548888,29.6002]]]}},{"id":"675","type":"Feature","properties":{"landuse":"residential","amenity":"unknown","military":"unknown","base_elevation":106},"geometry":{"type":"Polygon","coordinates":[[[106.548578,29.602201],[106.548025,29.602208],[106.548018,29.601766],[106.547465,29.601773],[106.547483,29.602915],[106.54859,29.602901],[106.548578,29.602201]]]}},{"id":"676","type":"Feature","properties":{"landuse":"residential","amenity":"unknown","military":"unknown","base_elevation":89},"geometry":{"type":"Polygon","coordinates":[[[106.545196,29.602236],[106.54457,29.60178],[106.544245,29.601786],[106.543505,29.603139],[106.543579,29.603213],[106.545073,29.60309],[106.545165,29.60297],[106.545196,29.602236]]]}},{"id":"677","type":"Feature","properties":{"landuse":"residential","amenity":"unknown","military":"unknown","base_elevation":86},"geometry":{"type":"Polygon","coordinates":[[[106.546427,29.602061],[106.545758,29.602064],[106.545764,29.602946],[106.546433,29.602943],[106.546427,29.602061]]]}},{"id":"678","type":"Feature","properties":{"landuse":"residential","amenity":"unknown","military":"unknown","base_elevation":102},"geometry":{"type":"Polygon","coordinates":[[[106.540141,29.602217],[106.539894,29.601931],[106.539239,29.601986],[106.539253,29.603583],[106.53971,29.603583],[106.539894,29.603402],[106.540141,29.602217]]]}},{"id":"679","type":"Feature","properties":{"landuse":"residential","amenity":"unknown","military":"unknown","base_elevation":101},"geometry":{"type":"Polygon","coordinates":[[[106.541443,29.60195],[106.541129,29.602023],[106.540963,29.602213],[106.540094,29.605189],[106.540211,29.605317],[106.541893,29.60524],[106.54213,29.605071],[106.543769,29.60198],[106.543652,29.60187],[106.541443,29.60195]]]}},{"id":"680","type":"Feature","properties":{"landuse":"residential","amenity":"unknown","military":"unknown","base_elevation":98},"geometry":{"type":"Polygon","coordinates":[[[106.547611,29.605157],[106.548624,29.605133],[106.548699,29.605044],[106.548629,29.603302],[106.548549,29.603225],[106.547508,29.603261],[106.547447,29.603338],[106.547489,29.605027],[106.547611,29.605157]]]}},{"id":"681","type":"Feature","properties":{"landuse":"residential","amenity":"unknown","military":"unknown","base_elevation":92},"geometry":{"type":"Polygon","coordinates":[[[106.545684,29.605054],[106.545812,29.605155],[106.546513,29.605134],[106.546612,29.605035],[106.546534,29.603389],[106.546428,29.603315],[106.545794,29.60337],[106.545649,29.603496],[106.545684,29.605054]]]}},{"id":"682","type":"Feature","properties":{"landuse":"residential","amenity":"unknown","military":"unknown","base_elevation":96},"geometry":{"type":"Polygon","coordinates":[[[106.544973,29.60516],[106.545177,29.604959],[106.545124,29.603506],[106.545026,29.603432],[106.543408,29.603534],[106.543189,29.603679],[106.542429,29.605143],[106.542522,29.605231],[106.544973,29.60516]]]}},{"id":"683","type":"Feature","properties":{"landuse":"residential","amenity":"unknown","military":"unknown","base_elevation":102},"geometry":{"type":"Polygon","coordinates":[[[106.547689,29.60693],[106.548597,29.606918],[106.548709,29.606764],[106.548678,29.605618],[106.548564,29.605516],[106.547566,29.605548],[106.547485,29.605626],[106.547495,29.606818],[106.547689,29.60693]]]}},{"id":"684","type":"Feature","properties":{"landuse":"residential","amenity":"unknown","military":"unknown","base_elevation":95},"geometry":{"type":"Polygon","coordinates":[[[106.543909,29.60684],[106.544149,29.60708],[106.545121,29.607052],[106.545052,29.605557],[106.544901,29.605465],[106.543889,29.605543],[106.543909,29.60684]]]}},{"id":"685","type":"Feature","properties":{"landuse":"residential","amenity":"unknown","military":"unknown","base_elevation":96},"geometry":{"type":"Polygon","coordinates":[[[106.542165,29.605755],[106.541576,29.606907],[106.5416,29.60707],[106.543588,29.60707],[106.543665,29.606999],[106.543612,29.605557],[106.543531,29.605493],[106.542604,29.605511],[106.542165,29.605755]]]}},{"id":"686","type":"Feature","properties":{"landuse":"residential","amenity":"unknown","military":"unknown","base_elevation":100},"geometry":{"type":"Polygon","coordinates":[[[106.539853,29.607019],[106.540003,29.607189],[106.541122,29.607147],[106.54173,29.605739],[106.541642,29.605615],[106.540288,29.605666],[106.5401,29.605806],[106.539861,29.606685],[106.539853,29.607019]]]}},{"id":"687","type":"Feature","properties":{"landuse":"residential","amenity":"unknown","military":"unknown","base_elevation":102},"geometry":{"type":"Polygon","coordinates":[[[106.540882,29.608194],[106.540872,29.607775],[106.539946,29.607791],[106.539563,29.608216],[106.540882,29.608194]]]}},{"id":"688","type":"Feature","properties":{"landuse":"residential","amenity":"unknown","military":"unknown","base_elevation":96},"geometry":{"type":"Polygon","coordinates":[[[106.543344,29.611233],[106.543813,29.611063],[106.543794,29.610417],[106.543702,29.61041],[106.54369,29.610294],[106.543392,29.610306],[106.542976,29.610133],[106.541568,29.610144],[106.541357,29.610227],[106.538915,29.610175],[106.53872,29.610346],[106.538665,29.611411],[106.541437,29.611287],[106.542318,29.611115],[106.542335,29.611336],[106.54242,29.611363],[106.543344,29.611233]]]}},{"id":"689","type":"Feature","properties":{"landuse":"residential","amenity":"unknown","military":"unknown","base_elevation":105},"geometry":{"type":"Polygon","coordinates":[[[106.543194,29.616425],[106.541501,29.616117],[106.541158,29.617064],[106.543207,29.617122],[106.543194,29.616425]]]}},{"id":"690","type":"Feature","properties":{"landuse":"residential","amenity":"unknown","military":"unknown","base_elevation":105},"geometry":{"type":"Polygon","coordinates":[[[106.540571,29.618234],[106.541355,29.616069],[106.540017,29.615548],[106.538616,29.617829],[106.539503,29.618101],[106.540571,29.618234]]]}},{"id":"691","type":"Feature","properties":{"landuse":"residential","amenity":"unknown","military":"unknown","base_elevation":110},"geometry":{"type":"Polygon","coordinates":[[[106.543233,29.618251],[106.54321,29.61722],[106.542176,29.617188],[106.542165,29.61831],[106.543108,29.618372],[106.543233,29.618251]]]}},{"id":"692","type":"Feature","properties":{"landuse":"residential","amenity":"unknown","military":"unknown","base_elevation":112},"geometry":{"type":"Polygon","coordinates":[[[106.543751,29.618413],[106.545791,29.618558],[106.545727,29.617285],[106.543517,29.617235],[106.543536,29.618256],[106.543751,29.618413]]]}},{"id":"693","type":"Feature","properties":{"landuse":"residential","amenity":"unknown","military":"unknown","base_elevation":117},"geometry":{"type":"Polygon","coordinates":[[[106.5436,29.620254],[106.545372,29.620354],[106.545291,29.618848],[106.543724,29.618741],[106.543549,29.618889],[106.5436,29.620254]]]}},{"id":"694","type":"Feature","properties":{"landuse":"residential","amenity":"unknown","military":"unknown","base_elevation":112},"geometry":{"type":"Polygon","coordinates":[[[106.53871,29.621255],[106.540459,29.618513],[106.539413,29.618355],[106.538485,29.61808],[106.537932,29.61904],[106.537761,29.6196],[106.537911,29.620388],[106.538265,29.620877],[106.53871,29.621255]]]}},{"id":"695","type":"Feature","properties":{"landuse":"residential","amenity":"unknown","military":"unknown","base_elevation":137},"geometry":{"type":"Polygon","coordinates":[[[106.541158,29.621014],[106.541154,29.62025],[106.540343,29.620176],[106.540306,29.621631],[106.541273,29.621713],[106.54133,29.621572],[106.541158,29.621014]]]}},{"id":"696","type":"Feature","properties":{"landuse":"residential","amenity":"unknown","military":"unknown","base_elevation":140},"geometry":{"type":"Polygon","coordinates":[[[106.541228,29.620661],[106.541517,29.621727],[106.543276,29.621852],[106.543255,29.620435],[106.541303,29.620272],[106.541228,29.620661]]]}},{"id":"697","type":"Feature","properties":{"landuse":"residential","amenity":"unknown","military":"unknown","base_elevation":141},"geometry":{"type":"Polygon","coordinates":[[[106.543595,29.620447],[106.543608,29.621872],[106.545451,29.622023],[106.545379,29.620528],[106.543595,29.620447]]]}},{"id":"698","type":"Feature","properties":{"landuse":"residential","amenity":"unknown","military":"unknown","base_elevation":255},"geometry":{"type":"Polygon","coordinates":[[[106.541602,29.633277],[106.542426,29.632618],[106.542491,29.632217],[106.541043,29.630688],[106.540195,29.631331],[106.54026,29.631648],[106.541602,29.633277]]]}},{"id":"699","type":"Feature","properties":{"landuse":"residential","amenity":"unknown","military":"unknown","base_elevation":154},"geometry":{"type":"Polygon","coordinates":[[[106.547813,29.63909],[106.548006,29.639136],[106.549744,29.638912],[106.550259,29.638679],[106.550141,29.638493],[106.550914,29.637672],[106.55174,29.637019],[106.551976,29.636656],[106.550924,29.636096],[106.55027,29.635891],[106.549465,29.635471],[106.548542,29.634865],[106.547394,29.634334],[106.54703,29.635052],[106.546837,29.636301],[106.546397,29.636768],[106.546989,29.637015],[106.547148,29.637784],[106.547558,29.638171],[106.547813,29.638726],[106.547813,29.63909]]]}},{"id":"700","type":"Feature","properties":{"landuse":"residential","amenity":"unknown","military":"unknown","base_elevation":274},"geometry":{"type":"Polygon","coordinates":[[[106.541913,29.639587],[106.541567,29.640346],[106.542996,29.64091],[106.542498,29.641852],[106.543896,29.642382],[106.545018,29.641411],[106.544576,29.640902],[106.544911,29.640478],[106.544857,29.6403],[106.543655,29.639828],[106.543437,29.639661],[106.542664,29.638498],[106.542579,29.638209],[106.542579,29.637664],[106.542327,29.637247],[106.542081,29.637071],[106.540454,29.636486],[106.540163,29.636549],[106.539403,29.638099],[106.539387,29.638283],[106.539536,29.638438],[106.541769,29.639273],[106.541913,29.639587]]]}},{"id":"701","type":"Feature","properties":{"landuse":"residential","amenity":"unknown","military":"unknown","base_elevation":280},"geometry":{"type":"Polygon","coordinates":[[[106.541701,29.639339],[106.539892,29.638662],[106.53906,29.640356],[106.541092,29.641118],[106.541828,29.639582],[106.541701,29.639339]]]}},{"id":"702","type":"Feature","properties":{"landuse":"residential","amenity":"unknown","military":"unknown","base_elevation":273},"geometry":{"type":"Polygon","coordinates":[[[106.545605,29.641799],[106.546715,29.641467],[106.545475,29.640199],[106.544728,29.640869],[106.544758,29.640981],[106.545605,29.641799]]]}},{"id":"703","type":"Feature","properties":{"landuse":"residential","amenity":"unknown","military":"unknown","base_elevation":273},"geometry":{"type":"Polygon","coordinates":[[[106.548677,29.645245],[106.5484,29.645625],[106.549471,29.646376],[106.550603,29.645524],[106.550585,29.645322],[106.549863,29.64489],[106.549598,29.644604],[106.549809,29.643789],[106.549341,29.643532],[106.548479,29.642101],[106.548221,29.641868],[106.547309,29.641924],[106.546966,29.641766],[106.54688,29.641582],[106.545635,29.641975],[106.544648,29.64246],[106.544582,29.642653],[106.544669,29.642814],[106.547747,29.645116],[106.548114,29.644808],[106.548677,29.645245]]]}},{"id":"704","type":"Feature","properties":{"landuse":"residential","amenity":"unknown","military":"unknown","base_elevation":277},"geometry":{"type":"Polygon","coordinates":[[[106.537496,29.644282],[106.536715,29.644946],[106.538878,29.64578],[106.541903,29.643306],[106.540471,29.642769],[106.537496,29.644282]]]}},{"id":"705","type":"Feature","properties":{"landuse":"residential","amenity":"unknown","military":"unknown","base_elevation":276},"geometry":{"type":"Polygon","coordinates":[[[106.542537,29.643561],[106.542098,29.643391],[106.539089,29.645822],[106.539496,29.64602],[106.542537,29.643561]]]}},{"id":"706","type":"Feature","properties":{"landuse":"residential","amenity":"unknown","military":"unknown","base_elevation":272},"geometry":{"type":"Polygon","coordinates":[[[106.541551,29.646587],[106.541878,29.646797],[106.540747,29.647726],[106.542219,29.649166],[106.545598,29.64652],[106.543538,29.644935],[106.541551,29.646587]]]}},{"id":"707","type":"Feature","properties":{"landuse":"residential","amenity":"unknown","military":"unknown","base_elevation":50},"geometry":{"type":"Polygon","coordinates":[[[106.558576,29.505864],[106.558365,29.50548],[106.557652,29.504972],[106.557518,29.504723],[106.55759,29.504481],[106.558224,29.504156],[106.558331,29.503922],[106.557982,29.502473],[106.558215,29.50186],[106.558166,29.501465],[106.557997,29.501181],[106.557635,29.500942],[106.557294,29.500884],[106.556912,29.500952],[106.556533,29.501176],[106.555804,29.501933],[106.555474,29.502521],[106.555308,29.503252],[106.555241,29.504305],[106.555141,29.504499],[106.554253,29.504547],[106.554146,29.506736],[106.554405,29.506893],[106.556706,29.506707],[106.558325,29.506727],[106.558568,29.506605],[106.558576,29.505864]]]}},{"id":"708","type":"Feature","properties":{"landuse":"residential","amenity":"unknown","military":"unknown","base_elevation":42},"geometry":{"type":"Polygon","coordinates":[[[106.553585,29.506916],[106.553795,29.506777],[106.553857,29.501171],[106.553667,29.501099],[106.550674,29.502526],[106.550517,29.502728],[106.550319,29.506609],[106.550542,29.50682],[106.553585,29.506916]]]}},{"id":"709","type":"Feature","properties":{"landuse":"residential","amenity":"unknown","military":"unknown","base_elevation":101},"geometry":{"type":"Polygon","coordinates":[[[106.55747,29.5159],[106.55628,29.515799],[106.556192,29.516304],[106.560317,29.516631],[106.559732,29.515114],[106.557596,29.514976],[106.55747,29.5159]]]}},{"id":"710","type":"Feature","properties":{"landuse":"residential","amenity":"unknown","military":"unknown","base_elevation":109},"geometry":{"type":"Polygon","coordinates":[[[106.556181,29.518],[106.556407,29.516514],[106.554174,29.516282],[106.55396,29.517776],[106.556181,29.518]]]}},{"id":"711","type":"Feature","properties":{"landuse":"residential","amenity":"unknown","military":"unknown","base_elevation":120},"geometry":{"type":"Polygon","coordinates":[[[106.55903,29.519347],[106.560702,29.519496],[106.560731,29.520017],[106.563947,29.520241],[106.564018,29.519977],[106.56427,29.519892],[106.563657,29.518461],[106.562296,29.518708],[106.55708,29.518264],[106.556908,29.519737],[106.558952,29.519898],[106.55903,29.519347]]]}},{"id":"712","type":"Feature","properties":{"landuse":"residential","amenity":"unknown","military":"unknown","base_elevation":132},"geometry":{"type":"Polygon","coordinates":[[[106.556965,29.520191],[106.556906,29.520765],[106.555565,29.520718],[106.555559,29.522029],[106.559163,29.522079],[106.559195,29.521474],[106.55925,29.521467],[106.559274,29.522078],[106.56299,29.522146],[106.562967,29.521258],[106.562498,29.52107],[106.56273,29.520695],[106.556965,29.520191]]]}},{"id":"713","type":"Feature","properties":{"landuse":"residential","amenity":"unknown","military":"unknown","base_elevation":136},"geometry":{"type":"Polygon","coordinates":[[[106.560789,29.522339],[106.558783,29.522301],[106.558793,29.523884],[106.560725,29.523921],[106.560789,29.522339]]]}},{"id":"714","type":"Feature","properties":{"landuse":"residential","amenity":"unknown","military":"unknown","base_elevation":126},"geometry":{"type":"Polygon","coordinates":[[[106.556371,29.524713],[106.556703,29.52504],[106.55724,29.525152],[106.557487,29.525367],[106.558495,29.525423],[106.558538,29.522314],[106.557047,29.522379],[106.557036,29.522622],[106.556585,29.522902],[106.556371,29.52293],[106.556371,29.524713]]]}},{"id":"715","type":"Feature","properties":{"landuse":"residential","amenity":"unknown","military":"unknown","base_elevation":126},"geometry":{"type":"Polygon","coordinates":[[[106.552884,29.525566],[106.55386,29.525818],[106.55607,29.525883],[106.556113,29.522317],[106.552659,29.522251],[106.552648,29.525323],[106.552884,29.525566]]]}},{"id":"716","type":"Feature","properties":{"landuse":"residential","amenity":"unknown","military":"unknown","base_elevation":125},"geometry":{"type":"Polygon","coordinates":[[[106.556599,29.525195],[106.556255,29.525134],[106.556254,29.525897],[106.557302,29.525906],[106.557306,29.525554],[106.556599,29.525195]]]}},{"id":"717","type":"Feature","properties":{"landuse":"residential","amenity":"unknown","military":"unknown","base_elevation":133},"geometry":{"type":"Polygon","coordinates":[[[106.554114,29.526836],[106.554114,29.526103],[106.553583,29.526117],[106.553239,29.526032],[106.552929,29.52685],[106.553125,29.527028],[106.553893,29.526821],[106.554114,29.526836]]]}},{"id":"718","type":"Feature","properties":{"landuse":"residential","amenity":"unknown","military":"unknown","base_elevation":131},"geometry":{"type":"Polygon","coordinates":[[[106.554935,29.527463],[106.554936,29.527808],[106.555035,29.527944],[106.555032,29.528725],[106.556111,29.528773],[106.556118,29.528514],[106.556298,29.528675],[106.557854,29.528694],[106.55787,29.526301],[106.557798,29.52624],[106.556187,29.526244],[106.556146,29.527406],[106.556135,29.526151],[106.554231,29.526148],[106.554154,29.526957],[106.554554,29.527125],[106.554935,29.527463]],[[106.556076,29.527406],[106.55543,29.527407],[106.556146,29.527406],[106.556076,29.527406]]]}},{"id":"719","type":"Feature","properties":{"landuse":"residential","amenity":"unknown","military":"unknown","base_elevation":134},"geometry":{"type":"Polygon","coordinates":[[[106.559658,29.526286],[106.558107,29.526238],[106.558052,29.528734],[106.560297,29.528752],[106.559733,29.527276],[106.559778,29.5264],[106.559658,29.526286]]]}},{"id":"720","type":"Feature","properties":{"landuse":"residential","amenity":"unknown","military":"unknown","base_elevation":133},"geometry":{"type":"Polygon","coordinates":[[[106.552618,29.528358],[106.552528,29.528152],[106.552569,29.527704],[106.553002,29.527127],[106.552364,29.5268],[106.552021,29.527391],[106.551661,29.527547],[106.551391,29.528066],[106.551898,29.528685],[106.552618,29.528358]]]}},{"id":"721","type":"Feature","properties":{"landuse":"residential","amenity":"unknown","military":"unknown","base_elevation":139},"geometry":{"type":"Polygon","coordinates":[[[106.553083,29.528822],[106.554008,29.528301],[106.554024,29.528088],[106.55292,29.527519],[106.552757,29.527817],[106.552732,29.528166],[106.552823,29.528527],[106.553083,29.528822]]]}},{"id":"722","type":"Feature","properties":{"landuse":"residential","amenity":"unknown","military":"unknown","base_elevation":143},"geometry":{"type":"Polygon","coordinates":[[[106.554391,29.529802],[106.554983,29.529845],[106.55503,29.528876],[106.554604,29.528594],[106.554664,29.528505],[106.554292,29.528273],[106.554095,29.528278],[106.553218,29.528956],[106.553522,29.529165],[106.554033,29.529814],[106.554278,29.530012],[106.554945,29.530054],[106.55497,29.529854],[106.554391,29.529802]]]}},{"id":"723","type":"Feature","properties":{"landuse":"residential","amenity":"unknown","military":"unknown","base_elevation":139},"geometry":{"type":"Polygon","coordinates":[[[106.557824,29.528866],[106.556181,29.52884],[106.556189,29.530154],[106.557802,29.530205],[106.557824,29.528866]]]}},{"id":"724","type":"Feature","properties":{"landuse":"residential","amenity":"unknown","military":"unknown","base_elevation":146},"geometry":{"type":"Polygon","coordinates":[[[106.553863,29.530919],[106.554219,29.530164],[106.552707,29.528483],[106.552091,29.528823],[106.553863,29.530919]]]}},{"id":"725","type":"Feature","properties":{"landuse":"residential","amenity":"unknown","military":"unknown","base_elevation":152},"geometry":{"type":"Polygon","coordinates":[[[106.552389,29.530625],[106.552896,29.530255],[106.551768,29.529224],[106.551294,29.529708],[106.552389,29.530625]]]}},{"id":"726","type":"Feature","properties":{"landuse":"residential","amenity":"unknown","military":"unknown","base_elevation":155},"geometry":{"type":"Polygon","coordinates":[[[106.555339,29.531013],[106.555335,29.530238],[106.554367,29.530188],[106.553994,29.530998],[106.555339,29.531013]]]}},{"id":"727","type":"Feature","properties":{"landuse":"residential","amenity":"unknown","military":"unknown","base_elevation":160},"geometry":{"type":"Polygon","coordinates":[[[106.553534,29.531346],[106.551032,29.531495],[106.55095,29.533117],[106.553526,29.532947],[106.553534,29.531346]]]}},{"id":"728","type":"Feature","properties":{"landuse":"residential","amenity":"unknown","military":"unknown","base_elevation":121},"geometry":{"type":"Polygon","coordinates":[[[106.553992,29.532377],[106.553959,29.533954],[106.55424,29.534489],[106.555373,29.534489],[106.555437,29.534377],[106.556225,29.53433],[106.558286,29.534705],[106.559213,29.533964],[106.559095,29.533598],[106.559623,29.53295],[106.559591,29.532377],[106.553992,29.532377]]]}},{"id":"729","type":"Feature","properties":{"landuse":"residential","amenity":"unknown","military":"unknown","base_elevation":152},"geometry":{"type":"Polygon","coordinates":[[[106.550885,29.533672],[106.550885,29.534376],[106.552904,29.535287],[106.553341,29.535768],[106.554416,29.535428],[106.55346,29.533935],[106.553436,29.533188],[106.551882,29.533196],[106.551171,29.533366],[106.550885,29.533672]]]}},{"id":"730","type":"Feature","properties":{"landuse":"residential","amenity":"unknown","military":"unknown","base_elevation":125},"geometry":{"type":"Polygon","coordinates":[[[106.55507,29.538301],[106.556213,29.538345],[106.556646,29.537652],[106.556681,29.535482],[106.556515,29.535248],[106.5563,29.535136],[106.555645,29.535118],[106.555259,29.53523],[106.554755,29.535566],[106.554341,29.536377],[106.55433,29.536596],[106.554476,29.53684],[106.554755,29.537871],[106.55507,29.538301]]]}},{"id":"731","type":"Feature","properties":{"landuse":"residential","amenity":"unknown","military":"unknown","base_elevation":121},"geometry":{"type":"Polygon","coordinates":[[[106.553033,29.537216],[106.553246,29.536969],[106.553246,29.536629],[106.550349,29.537541],[106.550509,29.538871],[106.55138,29.538639],[106.552091,29.539057],[106.553033,29.540046],[106.553886,29.540185],[106.555414,29.53935],[106.555503,29.538624],[106.554863,29.538562],[106.554312,29.538222],[106.553904,29.538268],[106.553122,29.53751],[106.553033,29.537216]]]}},{"id":"732","type":"Feature","properties":{"landuse":"residential","amenity":"unknown","military":"unknown","base_elevation":80},"geometry":{"type":"Polygon","coordinates":[[[106.555308,29.541128],[106.552873,29.54017],[106.551647,29.538979],[106.551042,29.539675],[106.551362,29.540232],[106.553584,29.541623],[106.55513,29.542118],[106.555379,29.54201],[106.555308,29.541128]]]}},{"id":"733","type":"Feature","properties":{"landuse":"residential","amenity":"unknown","military":"unknown","base_elevation":65},"geometry":{"type":"Polygon","coordinates":[[[106.553877,29.566114],[106.554609,29.565466],[106.554702,29.565221],[106.552893,29.563836],[106.552742,29.5638],[106.55176,29.56459],[106.552792,29.564905],[106.552717,29.56511],[106.553289,29.565686],[106.553536,29.565831],[106.553441,29.565928],[106.553464,29.566011],[106.553877,29.566114]]]}},{"id":"734","type":"Feature","properties":{"landuse":"residential","amenity":"unknown","military":"unknown","base_elevation":37},"geometry":{"type":"Polygon","coordinates":[[[106.560004,29.565369],[106.559376,29.565598],[106.558351,29.566197],[106.55774,29.566328],[106.558377,29.567275],[106.55943,29.566722],[106.559285,29.566238],[106.559742,29.56595],[106.560054,29.566419],[106.560723,29.566166],[106.560004,29.565369]]]}},{"id":"735","type":"Feature","properties":{"landuse":"residential","amenity":"unknown","military":"unknown","base_elevation":55},"geometry":{"type":"Polygon","coordinates":[[[106.558086,29.573625],[106.557992,29.573715],[106.55798,29.574539],[106.558166,29.575408],[106.558393,29.575618],[106.561564,29.575523],[106.561749,29.575373],[106.56171,29.57385],[106.561625,29.57375],[106.561036,29.573565],[106.560167,29.57352],[106.559387,29.573589],[106.558688,29.573867],[106.558371,29.57366],[106.558086,29.573625]]]}},{"id":"736","type":"Feature","properties":{"landuse":"residential","amenity":"unknown","military":"unknown","base_elevation":101},"geometry":{"type":"Polygon","coordinates":[[[106.552066,29.576371],[106.552318,29.575908],[106.552397,29.575593],[106.55241,29.575326],[106.552247,29.575188],[106.551638,29.575147],[106.551566,29.575324],[106.550298,29.575522],[106.550259,29.575898],[106.550149,29.575892],[106.550133,29.576059],[106.549727,29.576223],[106.549734,29.576516],[106.550267,29.576739],[106.550643,29.576804],[106.551871,29.576832],[106.551968,29.576742],[106.552066,29.576371]]]}},{"id":"737","type":"Feature","properties":{"landuse":"residential","amenity":"unknown","military":"unknown","base_elevation":106},"geometry":{"type":"Polygon","coordinates":[[[106.552225,29.576401],[106.552132,29.576754],[106.552234,29.576837],[106.553481,29.576856],[106.553627,29.576738],[106.553666,29.575414],[106.552575,29.575391],[106.552514,29.575862],[106.552225,29.576401]]]}},{"id":"738","type":"Feature","properties":{"landuse":"residential","amenity":"unknown","military":"unknown","base_elevation":109},"geometry":{"type":"Polygon","coordinates":[[[106.558254,29.579847],[106.557892,29.579876],[106.557764,29.580015],[106.557707,29.580879],[106.557946,29.581007],[106.559006,29.58105],[106.5593,29.58096],[106.559404,29.580809],[106.559515,29.580022],[106.558254,29.579847]]]}},{"id":"739","type":"Feature","properties":{"landuse":"residential","amenity":"unknown","military":"unknown","base_elevation":146},"geometry":{"type":"Polygon","coordinates":[[[106.551684,29.580715],[106.552084,29.581259],[106.552977,29.580767],[106.552196,29.580338],[106.55182,29.580516],[106.551684,29.580715]]]}},{"id":"740","type":"Feature","properties":{"landuse":"residential","amenity":"unknown","military":"unknown","base_elevation":148},"geometry":{"type":"Polygon","coordinates":[[[106.553499,29.58109],[106.553043,29.580818],[106.552124,29.581324],[106.552738,29.582157],[106.55366,29.581675],[106.55375,29.581434],[106.553499,29.58109]]]}},{"id":"741","type":"Feature","properties":{"landuse":"residential","amenity":"unknown","military":"unknown","base_elevation":94},"geometry":{"type":"Polygon","coordinates":[[[106.557189,29.581177],[106.556134,29.581267],[106.555817,29.57976],[106.55556,29.579788],[106.555522,29.57942],[106.554637,29.579508],[106.555002,29.581883],[106.555265,29.582471],[106.555478,29.582712],[106.555662,29.582573],[106.556091,29.583017],[106.556971,29.58241],[106.557141,29.58268],[106.556853,29.583567],[106.556985,29.583692],[106.558601,29.58345],[106.55939,29.581925],[106.558188,29.581762],[106.558296,29.581159],[106.557776,29.581117],[106.557534,29.580794],[106.55768,29.579894],[106.558017,29.57974],[106.558363,29.579756],[106.55843,29.579131],[106.558285,29.579009],[106.557695,29.578972],[106.557496,29.579051],[106.557013,29.57991],[106.5572,29.581042],[106.557189,29.581177]]]}},{"id":"742","type":"Feature","properties":{"landuse":"residential","amenity":"unknown","military":"unknown","base_elevation":164},"geometry":{"type":"Polygon","coordinates":[[[106.551589,29.583067],[106.551771,29.582884],[106.551317,29.58275],[106.550582,29.581391],[106.550336,29.581547],[106.550323,29.581645],[106.551021,29.582879],[106.551265,29.583043],[106.551589,29.583067]]]}},{"id":"743","type":"Feature","properties":{"landuse":"residential","amenity":"unknown","military":"unknown","base_elevation":158},"geometry":{"type":"Polygon","coordinates":[[[106.552001,29.582988],[106.551945,29.583342],[106.552247,29.584547],[106.552347,29.584584],[106.554141,29.584145],[106.553759,29.583489],[106.553693,29.58276],[106.553453,29.582209],[106.552001,29.582988]]]}},{"id":"744","type":"Feature","properties":{"landuse":"residential","amenity":"unknown","military":"unknown","base_elevation":113},"geometry":{"type":"Polygon","coordinates":[[[106.560024,29.584979],[106.5608,29.583765],[106.559025,29.583151],[106.558576,29.583961],[106.558646,29.584166],[106.559031,29.58435],[106.559494,29.585021],[106.559717,29.585204],[106.560024,29.584979]]]}},{"id":"745","type":"Feature","properties":{"landuse":"residential","amenity":"unknown","military":"unknown","base_elevation":121},"geometry":{"type":"Polygon","coordinates":[[[106.558294,29.584955],[106.559281,29.585254],[106.559467,29.585248],[106.559057,29.584502],[106.558527,29.584234],[106.558212,29.584767],[106.558294,29.584955]]]}},{"id":"746","type":"Feature","properties":{"landuse":"residential","amenity":"unknown","military":"unknown","base_elevation":151},"geometry":{"type":"Polygon","coordinates":[[[106.552323,29.586075],[106.552175,29.586588],[106.552314,29.586832],[106.55264,29.586989],[106.554038,29.586967],[106.55482,29.586834],[106.554828,29.586469],[106.553555,29.586302],[106.553427,29.586032],[106.553193,29.585901],[106.552929,29.586036],[106.552323,29.586075]]]}},{"id":"747","type":"Feature","properties":{"landuse":"residential","amenity":"unknown","military":"unknown","base_elevation":170},"geometry":{"type":"Polygon","coordinates":[[[106.548489,29.58603],[106.548295,29.586211],[106.548202,29.586625],[106.550107,29.586928],[106.551313,29.58702],[106.551312,29.586835],[106.550652,29.586395],[106.549999,29.586397],[106.549776,29.586354],[106.549251,29.586067],[106.548489,29.58603]]]}},{"id":"748","type":"Feature","properties":{"landuse":"residential","amenity":"unknown","military":"unknown","base_elevation":85},"geometry":{"type":"Polygon","coordinates":[[[106.561174,29.591492],[106.560542,29.591094],[106.559501,29.590701],[106.559347,29.590746],[106.559222,29.58981],[106.559262,29.589576],[106.559218,29.589386],[106.558956,29.589018],[106.55809,29.590534],[106.55977,29.592892],[106.56048,29.592501],[106.56093,29.592494],[106.561442,29.592049],[106.561461,29.591793],[106.561174,29.591492]]]}},{"id":"749","type":"Feature","properties":{"landuse":"residential","amenity":"unknown","military":"unknown","base_elevation":82},"geometry":{"type":"Polygon","coordinates":[[[106.55651,29.594143],[106.556912,29.594312],[106.557444,29.594809],[106.557707,29.595374],[106.557807,29.595808],[106.558035,29.595785],[106.558769,29.595423],[106.558342,29.594671],[106.558498,29.594453],[106.5583,29.593955],[106.55904,29.593765],[106.558573,29.592641],[106.558408,29.592682],[106.558176,29.59261],[106.557776,29.591652],[106.557171,29.591843],[106.557071,29.591767],[106.556721,29.591887],[106.556228,29.592789],[106.555957,29.593568],[106.55596,29.594069],[106.55651,29.594143]]]}},{"id":"750","type":"Feature","properties":{"landuse":"residential","amenity":"unknown","military":"unknown","base_elevation":102},"geometry":{"type":"Polygon","coordinates":[[[106.559562,29.594936],[106.560514,29.594675],[106.560222,29.594199],[106.55948,29.594364],[106.55914,29.593988],[106.558887,29.593906],[106.558429,29.594035],[106.559002,29.594555],[106.559562,29.594936]]]}},{"id":"751","type":"Feature","properties":{"landuse":"residential","amenity":"unknown","military":"unknown","base_elevation":85},"geometry":{"type":"Polygon","coordinates":[[[106.55265,29.594647],[106.554372,29.594607],[106.554368,29.594328],[106.547772,29.594379],[106.547762,29.595874],[106.55131,29.595588],[106.552676,29.595607],[106.55265,29.594647]]]}},{"id":"752","type":"Feature","properties":{"landuse":"residential","amenity":"unknown","military":"unknown","base_elevation":78},"geometry":{"type":"Polygon","coordinates":[[[106.556174,29.594378],[106.556054,29.594458],[106.555983,29.594656],[106.556033,29.595761],[106.557499,29.595924],[106.557234,29.594978],[106.557096,29.594758],[106.556676,29.594499],[106.556174,29.594378]]]}},{"id":"753","type":"Feature","properties":{"landuse":"residential","amenity":"unknown","military":"unknown","base_elevation":80},"geometry":{"type":"Polygon","coordinates":[[[106.554906,29.595794],[106.55138,29.595883],[106.551383,29.597296],[106.552637,29.597279],[106.553363,29.597188],[106.55424,29.596736],[106.554839,29.59671],[106.555087,29.596801],[106.554906,29.595794]]]}},{"id":"754","type":"Feature","properties":{"landuse":"residential","amenity":"unknown","military":"unknown","base_elevation":78},"geometry":{"type":"Polygon","coordinates":[[[106.55844,29.597202],[106.558302,29.597201],[106.558023,29.596915],[106.557495,29.596845],[106.557471,29.596737],[106.557198,29.596646],[106.557197,29.596538],[106.556857,29.596439],[106.556357,29.596466],[106.556368,29.597531],[106.557539,29.597562],[106.557595,29.598675],[106.558466,29.599553],[106.559483,29.599572],[106.559419,29.598604],[106.559312,29.598602],[106.559316,29.598455],[106.55888,29.598231],[106.558755,29.597768],[106.558455,29.597601],[106.55844,29.597202]]]}},{"id":"755","type":"Feature","properties":{"landuse":"residential","amenity":"unknown","military":"unknown","base_elevation":82},"geometry":{"type":"Polygon","coordinates":[[[106.553229,29.597431],[106.551449,29.597499],[106.551446,29.597723],[106.547414,29.597765],[106.547372,29.599641],[106.54887,29.599572],[106.549748,29.600064],[106.550457,29.60036],[106.550887,29.600207],[106.551258,29.599774],[106.551284,29.599505],[106.551739,29.598961],[106.552282,29.598664],[106.552945,29.598556],[106.553654,29.598304],[106.553845,29.597867],[106.553866,29.597247],[106.553229,29.597431]]]}},{"id":"756","type":"Feature","properties":{"landuse":"residential","amenity":"unknown","military":"unknown","base_elevation":84},"geometry":{"type":"Polygon","coordinates":[[[106.556976,29.601007],[106.559604,29.600974],[106.559491,29.599715],[106.558551,29.599722],[106.558365,29.599656],[106.557459,29.598767],[106.557397,29.598651],[106.557417,29.597647],[106.556101,29.597659],[106.556568,29.600743],[106.556976,29.601007]]]}},{"id":"757","type":"Feature","properties":{"landuse":"residential","amenity":"unknown","military":"unknown","base_elevation":98},"geometry":{"type":"Polygon","coordinates":[[[106.552677,29.601759],[106.552676,29.601684],[106.552042,29.601696],[106.552106,29.602776],[106.552223,29.602844],[106.553151,29.602829],[106.553327,29.602644],[106.55326,29.601826],[106.553076,29.601626],[106.552899,29.601755],[106.552677,29.601759]]]}},{"id":"758","type":"Feature","properties":{"landuse":"residential","amenity":"unknown","military":"unknown","base_elevation":94},"geometry":{"type":"Polygon","coordinates":[[[106.549915,29.601782],[106.549172,29.601801],[106.548991,29.60193],[106.549027,29.602739],[106.549122,29.602856],[106.550878,29.602838],[106.550981,29.602736],[106.550935,29.601795],[106.550821,29.60173],[106.550386,29.601745],[106.550145,29.601955],[106.549915,29.601782]]]}},{"id":"759","type":"Feature","properties":{"landuse":"residential","amenity":"unknown","military":"unknown","base_elevation":76},"geometry":{"type":"Polygon","coordinates":[[[106.559286,29.603172],[106.559286,29.603429],[106.55994,29.60343],[106.559937,29.602999],[106.559374,29.602994],[106.559286,29.603172]]]}},{"id":"760","type":"Feature","properties":{"landuse":"residential","amenity":"unknown","military":"unknown","base_elevation":86},"geometry":{"type":"Polygon","coordinates":[[[106.557091,29.605005],[106.559192,29.604689],[106.559024,29.603219],[106.559519,29.601432],[106.558501,29.601513],[106.55682,29.601505],[106.556633,29.6017],[106.556708,29.602983],[106.557091,29.605005]]]}},{"id":"761","type":"Feature","properties":{"landuse":"residential","amenity":"unknown","military":"unknown","base_elevation":97},"geometry":{"type":"Polygon","coordinates":[[[106.553611,29.605079],[106.553725,29.604912],[106.553457,29.603317],[106.553253,29.60314],[106.55151,29.603154],[106.551446,29.603315],[106.551842,29.604795],[106.552227,29.60507],[106.553611,29.605079]]]}},{"id":"762","type":"Feature","properties":{"landuse":"residential","amenity":"unknown","military":"unknown","base_elevation":90},"geometry":{"type":"Polygon","coordinates":[[[106.55522,29.605034],[106.55483,29.603203],[106.554639,29.603118],[106.55383,29.603136],[106.553757,29.603217],[106.554094,29.605045],[106.555159,29.605101],[106.55522,29.605034]]]}},{"id":"763","type":"Feature","properties":{"landuse":"residential","amenity":"unknown","military":"unknown","base_elevation":90},"geometry":{"type":"Polygon","coordinates":[[[106.555406,29.604964],[106.555518,29.605094],[106.556504,29.605082],[106.556583,29.604952],[106.556172,29.603283],[106.556069,29.603129],[106.555173,29.603129],[106.555065,29.603218],[106.555406,29.604964]]]}},{"id":"764","type":"Feature","properties":{"landuse":"residential","amenity":"unknown","military":"unknown","base_elevation":99},"geometry":{"type":"Polygon","coordinates":[[[106.555294,29.605378],[106.554714,29.605327],[106.554646,29.605391],[106.554511,29.606326],[106.555481,29.606323],[106.555294,29.605378]]]}},{"id":"765","type":"Feature","properties":{"landuse":"residential","amenity":"unknown","military":"unknown","base_elevation":102},"geometry":{"type":"Polygon","coordinates":[[[106.552069,29.606354],[106.554015,29.606344],[106.553839,29.605544],[106.553607,29.605388],[106.552191,29.605392],[106.551969,29.605573],[106.552069,29.606354]]]}},{"id":"766","type":"Feature","properties":{"landuse":"residential","amenity":"unknown","military":"unknown","base_elevation":97},"geometry":{"type":"Polygon","coordinates":[[[106.555679,29.605419],[106.55564,29.605336],[106.555481,29.605404],[106.555711,29.606605],[106.556352,29.60669],[106.556656,29.606619],[106.556522,29.60585],[106.556143,29.605422],[106.555679,29.605419]]]}},{"id":"767","type":"Feature","properties":{"landuse":"residential","amenity":"unknown","military":"unknown","base_elevation":79},"geometry":{"type":"Polygon","coordinates":[[[106.557092,29.605265],[106.557441,29.607284],[106.557664,29.607565],[106.559748,29.607783],[106.559916,29.607671],[106.55931,29.604895],[106.557092,29.605265]]]}},{"id":"768","type":"Feature","properties":{"landuse":"residential","amenity":"unknown","military":"unknown","base_elevation":102},"geometry":{"type":"Polygon","coordinates":[[[106.554538,29.606484],[106.554638,29.607061],[106.555602,29.607197],[106.55569,29.607125],[106.555508,29.606476],[106.554538,29.606484]]]}},{"id":"769","type":"Feature","properties":{"landuse":"residential","amenity":"unknown","military":"unknown","base_elevation":98},"geometry":{"type":"Polygon","coordinates":[[[106.555815,29.606747],[106.555727,29.607204],[106.556394,29.607315],[106.556598,29.60725],[106.556663,29.606854],[106.555815,29.606747]]]}},{"id":"770","type":"Feature","properties":{"landuse":"residential","amenity":"unknown","military":"unknown","base_elevation":82},"geometry":{"type":"Polygon","coordinates":[[[106.554706,29.60773],[106.554639,29.607776],[106.554639,29.608689],[106.555287,29.608716],[106.555628,29.608933],[106.556414,29.60844],[106.556367,29.607888],[106.554706,29.60773]]]}},{"id":"771","type":"Feature","properties":{"landuse":"residential","amenity":"unknown","military":"unknown","base_elevation":85},"geometry":{"type":"Polygon","coordinates":[[[106.552147,29.609354],[106.552269,29.60945],[106.554099,29.609401],[106.554263,29.609304],[106.554185,29.60767],[106.553963,29.607669],[106.553974,29.607477],[106.553296,29.607405],[106.55231,29.607432],[106.552111,29.607598],[106.552147,29.609354]]]}},{"id":"772","type":"Feature","properties":{"landuse":"residential","amenity":"unknown","military":"unknown","base_elevation":82},"geometry":{"type":"Polygon","coordinates":[[[106.55829,29.609214],[106.55811,29.609952],[106.559584,29.610214],[106.559973,29.610121],[106.560155,29.610012],[106.560232,29.609848],[106.559946,29.608256],[106.558087,29.607998],[106.55829,29.609214]]]}},{"id":"773","type":"Feature","properties":{"landuse":"residential","amenity":"unknown","military":"unknown","base_elevation":122},"geometry":{"type":"Polygon","coordinates":[[[106.550228,29.619802],[106.550096,29.619881],[106.550042,29.620028],[106.5502,29.620689],[106.550694,29.620722],[106.551079,29.620654],[106.551542,29.620255],[106.551674,29.619875],[106.551674,29.619191],[106.550728,29.619118],[106.550751,29.619614],[106.550565,29.619793],[106.550228,29.619802]]]}},{"id":"774","type":"Feature","properties":{"landuse":"residential","amenity":"unknown","military":"unknown","base_elevation":124},"geometry":{"type":"Polygon","coordinates":[[[106.552529,29.62008],[106.551797,29.620065],[106.551512,29.620545],[106.551099,29.620787],[106.550664,29.620857],[106.549377,29.620801],[106.549382,29.622312],[106.551002,29.622345],[106.55207,29.622051],[106.552536,29.621739],[106.553245,29.620913],[106.553448,29.620223],[106.552531,29.620214],[106.552529,29.62008]]]}},{"id":"775","type":"Feature","properties":{"landuse":"residential","amenity":"unknown","military":"unknown","base_elevation":150},"geometry":{"type":"Polygon","coordinates":[[[106.557856,29.626345],[106.558048,29.624569],[106.557923,29.624493],[106.556293,29.62451],[106.556274,29.625231],[106.556163,29.625317],[106.556582,29.625818],[106.557762,29.62639],[106.557856,29.626345]]]}},{"id":"776","type":"Feature","properties":{"landuse":"residential","amenity":"unknown","military":"unknown","base_elevation":149},"geometry":{"type":"Polygon","coordinates":[[[106.559908,29.626868],[106.560223,29.626985],[106.560997,29.625747],[106.559393,29.624951],[106.558894,29.624792],[106.558213,29.624721],[106.558035,29.625991],[106.558175,29.626202],[106.559776,29.627016],[106.559908,29.626868]]]}},{"id":"777","type":"Feature","properties":{"landuse":"residential","amenity":"unknown","military":"unknown","base_elevation":140},"geometry":{"type":"Polygon","coordinates":[[[106.556105,29.6259],[106.554654,29.626724],[106.555555,29.628436],[106.55714,29.627609],[106.557758,29.626593],[106.557725,29.626482],[106.556552,29.625898],[106.556105,29.6259]]]}},{"id":"778","type":"Feature","properties":{"landuse":"residential","amenity":"unknown","military":"unknown","base_elevation":129},"geometry":{"type":"Polygon","coordinates":[[[106.559878,29.627995],[106.557788,29.626978],[106.557708,29.626991],[106.557298,29.627641],[106.557309,29.627731],[106.558186,29.628674],[106.559342,29.628914],[106.559878,29.627995]]]}},{"id":"779","type":"Feature","properties":{"landuse":"residential","amenity":"unknown","military":"unknown","base_elevation":131},"geometry":{"type":"Polygon","coordinates":[[[106.551353,29.629939],[106.551325,29.62929],[106.552559,29.629146],[106.552065,29.628587],[106.55192,29.628299],[106.551739,29.627536],[106.551074,29.627615],[106.551025,29.62727],[106.549403,29.627657],[106.549455,29.62974],[106.549629,29.629967],[106.551353,29.629939]]]}},{"id":"780","type":"Feature","properties":{"landuse":"residential","amenity":"unknown","military":"unknown","base_elevation":123},"geometry":{"type":"Polygon","coordinates":[[[106.558404,29.629077],[106.557312,29.62795],[106.557048,29.628006],[106.55567,29.628682],[106.556134,29.629576],[106.556985,29.629194],[106.557272,29.629632],[106.558404,29.629077]]]}},{"id":"781","type":"Feature","properties":{"landuse":"residential","amenity":"unknown","military":"unknown","base_elevation":128},"geometry":{"type":"Polygon","coordinates":[[[106.55466,29.635999],[106.553875,29.635826],[106.553435,29.636115],[106.553016,29.636684],[106.561044,29.640922],[106.563166,29.637653],[106.563606,29.637122],[106.56057,29.635677],[106.560151,29.635658],[106.559486,29.63619],[106.558746,29.637327],[106.554969,29.635499],[106.55466,29.635999]]]}},{"id":"782","type":"Feature","properties":{"landuse":"residential","amenity":"unknown","military":"unknown","base_elevation":154},"geometry":{"type":"Polygon","coordinates":[[[106.559658,29.64158],[106.559456,29.641094],[106.558907,29.640778],[106.557845,29.640787],[106.557373,29.640628],[106.55733,29.640311],[106.557643,29.639612],[106.554959,29.63812],[106.554584,29.638101],[106.552974,29.639314],[106.553523,29.639835],[106.554498,29.640032],[106.555206,29.640274],[106.555871,29.640664],[106.556227,29.640979],[106.556647,29.641821],[106.556625,29.642318],[106.556354,29.642701],[106.555755,29.642902],[106.554487,29.642904],[106.554187,29.6431],[106.55394,29.643445],[106.554026,29.643762],[106.555013,29.64378],[106.555356,29.643985],[106.556119,29.643649],[106.556463,29.643631],[106.556976,29.643435],[106.557534,29.64282],[106.558167,29.642316],[106.559551,29.642055],[106.559658,29.64158]]]}},{"id":"783","type":"Feature","properties":{"landuse":"residential","amenity":"unknown","military":"unknown","base_elevation":229},"geometry":{"type":"Polygon","coordinates":[[[106.551804,29.642721],[106.551764,29.642428],[106.550968,29.642434],[106.550505,29.642243],[106.550325,29.641812],[106.550419,29.641211],[106.550331,29.641006],[106.550041,29.640771],[106.549618,29.640743],[106.548515,29.641088],[106.548785,29.641569],[106.54916,29.641572],[106.549416,29.64241],[106.549635,29.642378],[106.549802,29.642706],[106.550095,29.643015],[106.5503,29.643586],[106.550834,29.643436],[106.55077,29.64323],[106.551804,29.642721]]]}},{"id":"784","type":"Feature","properties":{"landuse":"residential","amenity":"unknown","military":"unknown","base_elevation":165},"geometry":{"type":"Polygon","coordinates":[[[106.555776,29.645612],[106.556305,29.647137],[106.556334,29.647659],[106.556037,29.648097],[106.55645,29.648237],[106.557244,29.648218],[106.557529,29.648013],[106.558391,29.647937],[106.561103,29.644701],[106.560629,29.644655],[106.560511,29.644196],[106.559971,29.643827],[106.559729,29.644032],[106.559486,29.644102],[106.558885,29.643869],[106.557498,29.644358],[106.556511,29.644246],[106.556077,29.644358],[106.555873,29.64453],[106.555667,29.644908],[106.555776,29.645612]]]}},{"id":"785","type":"Feature","properties":{"landuse":"residential","amenity":"unknown","military":"unknown","base_elevation":102},"geometry":{"type":"Polygon","coordinates":[[[106.560486,29.499932],[106.558916,29.499992],[106.559811,29.502161],[106.560527,29.502089],[106.561353,29.502125],[106.562593,29.502329],[106.564149,29.502113],[106.564328,29.501838],[106.563915,29.501742],[106.563763,29.501178],[106.563143,29.500711],[106.562937,29.500339],[106.560486,29.499932]]]}},{"id":"786","type":"Feature","properties":{"landuse":"residential","amenity":"unknown","military":"unknown","base_elevation":136},"geometry":{"type":"Polygon","coordinates":[[[106.579088,29.502581],[106.57963,29.501354],[106.579533,29.500523],[106.579164,29.50053],[106.57838,29.500168],[106.577849,29.500139],[106.577637,29.499859],[106.575204,29.500601],[106.57382,29.500592],[106.571385,29.499926],[106.570027,29.500313],[106.569828,29.501332],[106.569767,29.502224],[106.569828,29.50295],[106.570164,29.504002],[106.572735,29.503402],[106.573875,29.502878],[106.573831,29.502145],[106.574064,29.50133],[106.575368,29.501097],[106.575875,29.501263],[106.576646,29.502914],[106.578027,29.502904],[106.579088,29.502581]]]}},{"id":"787","type":"Feature","properties":{"landuse":"residential","amenity":"unknown","military":"unknown","base_elevation":105},"geometry":{"type":"Polygon","coordinates":[[[106.564052,29.501646],[106.564465,29.501766],[106.564341,29.502113],[106.564011,29.502305],[106.56262,29.502461],[106.561202,29.502293],[106.561064,29.502389],[106.56094,29.504199],[106.564094,29.503971],[106.565209,29.503264],[106.567302,29.502629],[106.566531,29.500304],[106.565292,29.500795],[106.56324,29.500483],[106.56386,29.501082],[106.564052,29.501646]]]}},{"id":"788","type":"Feature","properties":{"landuse":"residential","amenity":"unknown","military":"unknown","base_elevation":146},"geometry":{"type":"Polygon","coordinates":[[[106.572632,29.50494],[106.572359,29.504936],[106.57235,29.505121],[106.572628,29.505124],[106.572632,29.50494]]]}},{"id":"789","type":"Feature","properties":{"landuse":"residential","amenity":"unknown","military":"unknown","base_elevation":140},"geometry":{"type":"Polygon","coordinates":[[[106.572093,29.505132],[106.572098,29.504936],[106.571758,29.50494],[106.571749,29.505136],[106.572093,29.505132]]]}},{"id":"790","type":"Feature","properties":{"landuse":"residential","amenity":"unknown","military":"unknown","base_elevation":123},"geometry":{"type":"Polygon","coordinates":[[[106.568487,29.506977],[106.57032,29.506685],[106.569635,29.503895],[106.568077,29.504264],[106.568558,29.506031],[106.568487,29.506977]]]}},{"id":"791","type":"Feature","properties":{"landuse":"residential","amenity":"unknown","military":"unknown","base_elevation":100},"geometry":{"type":"Polygon","coordinates":[[[106.560624,29.509386],[106.561289,29.510628],[106.561836,29.511226],[106.567705,29.511058],[106.567986,29.508768],[106.567994,29.507152],[106.563252,29.507785],[106.561485,29.508756],[106.561267,29.508985],[106.561149,29.509377],[106.560624,29.509386]]]}},{"id":"792","type":"Feature","properties":{"landuse":"residential","amenity":"unknown","military":"unknown","base_elevation":126},"geometry":{"type":"Polygon","coordinates":[[[106.569035,29.512253],[106.569883,29.512804],[106.570312,29.512729],[106.56999,29.5113],[106.568466,29.511356],[106.56837,29.512103],[106.569035,29.512253]]]}},{"id":"793","type":"Feature","properties":{"landuse":"residential","amenity":"unknown","military":"unknown","base_elevation":114},"geometry":{"type":"Polygon","coordinates":[[[106.56763,29.511356],[106.561965,29.511478],[106.563714,29.51342],[106.567437,29.512701],[106.56763,29.511356]]]}},{"id":"794","type":"Feature","properties":{"landuse":"residential","amenity":"unknown","military":"unknown","base_elevation":129},"geometry":{"type":"Polygon","coordinates":[[[106.568606,29.51483],[106.570355,29.514363],[106.570194,29.513672],[106.569711,29.513438],[106.56822,29.513756],[106.568606,29.51483]]]}},{"id":"795","type":"Feature","properties":{"landuse":"residential","amenity":"unknown","military":"unknown","base_elevation":115},"geometry":{"type":"Polygon","coordinates":[[[106.565334,29.515698],[106.568273,29.514942],[106.56748,29.512794],[106.563842,29.513523],[106.565087,29.515063],[106.565334,29.515698]]]}},{"id":"796","type":"Feature","properties":{"landuse":"residential","amenity":"unknown","military":"unknown","base_elevation":120},"geometry":{"type":"Polygon","coordinates":[[[106.56938,29.515383],[106.569249,29.515037],[106.5686,29.515208],[106.569044,29.516423],[106.56967,29.516281],[106.56956,29.515935],[106.570178,29.515797],[106.570015,29.515234],[106.56938,29.515383]]]}},{"id":"797","type":"Feature","properties":{"landuse":"residential","amenity":"unknown","military":"unknown","base_elevation":116},"geometry":{"type":"Polygon","coordinates":[[[106.563895,29.516606],[106.563712,29.516389],[106.56309,29.516786],[106.563272,29.517003],[106.563895,29.516606]]]}},{"id":"798","type":"Feature","properties":{"landuse":"residential","amenity":"unknown","military":"unknown","base_elevation":127},"geometry":{"type":"Polygon","coordinates":[[[106.562701,29.516977],[106.560796,29.516875],[106.560719,29.516963],[106.560957,29.517549],[106.562648,29.51767],[106.562701,29.516977]]]}},{"id":"799","type":"Feature","properties":{"landuse":"residential","amenity":"unknown","military":"unknown","base_elevation":117},"geometry":{"type":"Polygon","coordinates":[[[106.565493,29.515945],[106.565709,29.516539],[106.56753,29.516115],[106.568836,29.519986],[106.569699,29.519466],[106.56928,29.518579],[106.568932,29.518225],[106.568504,29.516769],[106.567536,29.515503],[106.565493,29.515945]]]}},{"id":"800","type":"Feature","properties":{"landuse":"residential","amenity":"unknown","military":"unknown","base_elevation":117},"geometry":{"type":"Polygon","coordinates":[[[106.565494,29.520416],[106.567363,29.520441],[106.568234,29.520287],[106.568799,29.520007],[106.567521,29.516187],[106.565727,29.516585],[106.565911,29.517929],[106.565494,29.520416]]]}},{"id":"801","type":"Feature","properties":{"landuse":"residential","amenity":"unknown","military":"unknown","base_elevation":140},"geometry":{"type":"Polygon","coordinates":[[[106.564328,29.519065],[106.565201,29.518889],[106.565233,29.518114],[106.564047,29.518372],[106.564328,29.519065]]]}},{"id":"802","type":"Feature","properties":{"landuse":"residential","amenity":"unknown","military":"unknown","base_elevation":148},"geometry":{"type":"Polygon","coordinates":[[[106.564277,29.521481],[106.565081,29.521481],[106.565095,29.520856],[106.56477,29.520836],[106.564764,29.521274],[106.564344,29.521287],[106.564277,29.521481]]]}},{"id":"803","type":"Feature","properties":{"landuse":"residential","amenity":"unknown","military":"unknown","base_elevation":150},"geometry":{"type":"Polygon","coordinates":[[[106.56425,29.521739],[106.564207,29.522122],[106.564952,29.52212],[106.565051,29.522056],[106.565072,29.521745],[106.56425,29.521739]]]}},{"id":"804","type":"Feature","properties":{"landuse":"residential","amenity":"unknown","military":"unknown","base_elevation":139},"geometry":{"type":"Polygon","coordinates":[[[106.566807,29.522374],[106.566797,29.523916],[106.567137,29.523952],[106.568314,29.523481],[106.567985,29.522263],[106.566807,29.522374]]]}},{"id":"805","type":"Feature","properties":{"landuse":"residential","amenity":"unknown","military":"unknown","base_elevation":142},"geometry":{"type":"Polygon","coordinates":[[[106.565449,29.523832],[106.566457,29.523879],[106.566447,29.522355],[106.565417,29.522466],[106.565449,29.523832]]]}},{"id":"806","type":"Feature","properties":{"landuse":"residential","amenity":"unknown","military":"unknown","base_elevation":140},"geometry":{"type":"Polygon","coordinates":[[[106.562817,29.522357],[106.560907,29.522376],[106.560875,29.523916],[106.562801,29.523944],[106.562817,29.522357]]]}},{"id":"807","type":"Feature","properties":{"landuse":"residential","amenity":"unknown","military":"unknown","base_elevation":150},"geometry":{"type":"Polygon","coordinates":[[[106.565004,29.523906],[106.565035,29.522429],[106.56303,29.522484],[106.563041,29.523916],[106.565004,29.523906]]]}},{"id":"808","type":"Feature","properties":{"landuse":"residential","amenity":"unknown","military":"unknown","base_elevation":140},"geometry":{"type":"Polygon","coordinates":[[[106.564995,29.524158],[106.560926,29.524119],[106.560832,29.525348],[106.562682,29.525379],[106.562677,29.526054],[106.565013,29.52612],[106.564995,29.524158]]]}},{"id":"809","type":"Feature","properties":{"landuse":"residential","amenity":"unknown","military":"unknown","base_elevation":78},"geometry":{"type":"Polygon","coordinates":[[[106.570376,29.527909],[106.570229,29.528172],[106.570274,29.528289],[106.570856,29.529178],[106.571066,29.529253],[106.575545,29.528247],[106.575483,29.527867],[106.576149,29.527795],[106.57601,29.527128],[106.575553,29.526196],[106.575596,29.526116],[106.57469,29.524638],[106.574124,29.522811],[106.57377,29.52134],[106.573104,29.521348],[106.573107,29.521458],[106.572991,29.521472],[106.572737,29.522069],[106.57017,29.524737],[106.570148,29.524933],[106.570953,29.525993],[106.57168,29.527286],[106.571696,29.527446],[106.571634,29.527734],[106.571302,29.527916],[106.570642,29.527827],[106.570376,29.527909]]]}},{"id":"810","type":"Feature","properties":{"landuse":"residential","amenity":"unknown","military":"unknown","base_elevation":85},"geometry":{"type":"Polygon","coordinates":[[[106.572944,29.529514],[106.572785,29.529143],[106.571677,29.529377],[106.571804,29.529764],[106.572944,29.529514]]]}},{"id":"811","type":"Feature","properties":{"landuse":"residential","amenity":"unknown","military":"unknown","base_elevation":84},"geometry":{"type":"Polygon","coordinates":[[[106.573343,29.532262],[106.574288,29.532593],[106.574395,29.532547],[106.574484,29.532238],[106.574227,29.531868],[106.573384,29.532031],[106.573305,29.53213],[106.573343,29.532262]]]}},{"id":"812","type":"Feature","properties":{"landuse":"residential","amenity":"unknown","military":"unknown","base_elevation":96},"geometry":{"type":"Polygon","coordinates":[[[106.56789,29.535531],[106.568637,29.536196],[106.568761,29.536706],[106.571089,29.536861],[106.571231,29.536521],[106.570609,29.535222],[106.569667,29.535052],[106.568548,29.535114],[106.56789,29.535531]]]}},{"id":"813","type":"Feature","properties":{"landuse":"residential","amenity":"unknown","military":"unknown","base_elevation":94},"geometry":{"type":"Polygon","coordinates":[[[106.571,29.537619],[106.571107,29.537062],[106.570041,29.536954],[106.56869,29.536954],[106.56873,29.538272],[106.570165,29.538237],[106.571,29.537619]]]}},{"id":"814","type":"Feature","properties":{"landuse":"residential","amenity":"unknown","military":"unknown","base_elevation":86},"geometry":{"type":"Polygon","coordinates":[[[106.569535,29.540576],[106.570505,29.540602],[106.570556,29.539783],[106.570741,29.539362],[106.570027,29.53907],[106.569598,29.538573],[106.569306,29.538481],[106.568775,29.538509],[106.568797,29.538886],[106.569535,29.540576]]]}},{"id":"815","type":"Feature","properties":{"landuse":"residential","amenity":"unknown","military":"unknown","base_elevation":83},"geometry":{"type":"Polygon","coordinates":[[[106.573948,29.539847],[106.572039,29.539848],[106.571607,29.540079],[106.571518,29.539991],[106.571434,29.539392],[106.571282,29.539198],[106.570799,29.539979],[106.570856,29.54168],[106.572772,29.542941],[106.57386,29.541663],[106.573935,29.540644],[106.574128,29.540065],[106.573948,29.539847]]]}},{"id":"816","type":"Feature","properties":{"landuse":"residential","amenity":"unknown","military":"unknown","base_elevation":31},"geometry":{"type":"Polygon","coordinates":[[[106.572901,29.543269],[106.570859,29.541885],[106.569614,29.541831],[106.569151,29.54377],[106.56928,29.543959],[106.569678,29.544073],[106.572962,29.54441],[106.573014,29.543492],[106.572901,29.543269]]]}},{"id":"817","type":"Feature","properties":{"landuse":"residential","amenity":"unknown","military":"unknown","base_elevation":68},"geometry":{"type":"Polygon","coordinates":[[[106.567055,29.552714],[106.567227,29.552617],[106.567171,29.552298],[106.56671,29.552418],[106.566636,29.552218],[106.565816,29.552434],[106.565716,29.552779],[106.56616,29.553086],[106.566456,29.552878],[106.566673,29.552869],[106.567131,29.553189],[106.567055,29.552714]]]}},{"id":"818","type":"Feature","properties":{"landuse":"residential","amenity":"unknown","military":"unknown","base_elevation":76},"geometry":{"type":"Polygon","coordinates":[[[106.570621,29.553125],[106.571089,29.553095],[106.571368,29.552589],[106.571088,29.552512],[106.570961,29.552777],[106.570626,29.552778],[106.570621,29.553125]]]}},{"id":"819","type":"Feature","properties":{"landuse":"residential","amenity":"unknown","military":"unknown","base_elevation":75},"geometry":{"type":"Polygon","coordinates":[[[106.566989,29.553926],[106.566901,29.554025],[106.566911,29.554328],[106.567016,29.554452],[106.568219,29.55466],[106.568425,29.554534],[106.568043,29.553414],[106.567238,29.553407],[106.566744,29.553058],[106.566466,29.553035],[106.56642,29.553135],[106.566858,29.553576],[106.566989,29.553926]]]}},{"id":"820","type":"Feature","properties":{"landuse":"residential","amenity":"unknown","military":"unknown","base_elevation":87},"geometry":{"type":"Polygon","coordinates":[[[106.564397,29.561097],[106.564226,29.561491],[106.565296,29.56187],[106.565484,29.561496],[106.564397,29.561097]]]}},{"id":"821","type":"Feature","properties":{"landuse":"residential","amenity":"unknown","military":"unknown","base_elevation":79},"geometry":{"type":"Polygon","coordinates":[[[106.563745,29.561379],[106.563423,29.56162],[106.564662,29.562984],[106.565043,29.562748],[106.563952,29.561489],[106.563745,29.561379]]]}},{"id":"822","type":"Feature","properties":{"landuse":"residential","amenity":"unknown","military":"unknown","base_elevation":74},"geometry":{"type":"Polygon","coordinates":[[[106.564917,29.561844],[106.564244,29.561577],[106.565167,29.562796],[106.565509,29.562596],[106.564917,29.561844]]]}},{"id":"823","type":"Feature","properties":{"landuse":"residential","amenity":"unknown","military":"unknown","base_elevation":65},"geometry":{"type":"Polygon","coordinates":[[[106.566187,29.562495],[106.566924,29.563579],[106.567106,29.563611],[106.567575,29.563345],[106.56653,29.562235],[106.566187,29.562495]]]}},{"id":"824","type":"Feature","properties":{"landuse":"residential","amenity":"unknown","military":"unknown","base_elevation":65},"geometry":{"type":"Polygon","coordinates":[[[106.565143,29.563408],[106.565606,29.563716],[106.565888,29.563629],[106.565917,29.562644],[106.565602,29.562642],[106.564825,29.563081],[106.565143,29.563408]]]}},{"id":"825","type":"Feature","properties":{"landuse":"residential","amenity":"unknown","military":"unknown","base_elevation":57},"geometry":{"type":"Polygon","coordinates":[[[106.563941,29.562506],[106.563687,29.562644],[106.563199,29.562187],[106.562745,29.562175],[106.562372,29.562653],[106.56248,29.562791],[106.562413,29.563083],[106.562568,29.563232],[106.563046,29.563419],[106.563239,29.563603],[106.563341,29.563797],[106.563452,29.563834],[106.563287,29.564179],[106.563766,29.564531],[106.56402,29.564543],[106.564902,29.564352],[106.565248,29.56421],[106.565476,29.563892],[106.564524,29.563206],[106.563941,29.562506]]]}},{"id":"826","type":"Feature","properties":{"landuse":"residential","amenity":"unknown","military":"unknown","base_elevation":82},"geometry":{"type":"Polygon","coordinates":[[[106.560664,29.577517],[106.561461,29.577549],[106.561632,29.576704],[106.561621,29.576189],[106.561351,29.575961],[106.559958,29.575897],[106.559863,29.575969],[106.559854,29.57611],[106.559889,29.577447],[106.560049,29.577607],[106.560664,29.577517]]]}},{"id":"827","type":"Feature","properties":{"landuse":"residential","amenity":"unknown","military":"unknown","base_elevation":81},"geometry":{"type":"Polygon","coordinates":[[[106.573342,29.576011],[106.573275,29.576105],[106.573378,29.576754],[106.573458,29.576824],[106.574768,29.57683],[106.574984,29.576709],[106.574984,29.576183],[106.574314,29.575937],[106.574012,29.576031],[106.573342,29.576011]]]}},{"id":"828","type":"Feature","properties":{"landuse":"residential","amenity":"unknown","military":"unknown","base_elevation":88},"geometry":{"type":"Polygon","coordinates":[[[106.572503,29.576046],[106.571893,29.576351],[106.571885,29.576477],[106.572374,29.576867],[106.573197,29.576785],[106.573095,29.576048],[106.572503,29.576046]]]}},{"id":"829","type":"Feature","properties":{"landuse":"residential","amenity":"unknown","military":"unknown","base_elevation":63},"geometry":{"type":"Polygon","coordinates":[[[106.562821,29.575813],[106.562689,29.57571],[106.562147,29.575769],[106.562036,29.575855],[106.561997,29.576791],[106.561832,29.577579],[106.561898,29.577683],[106.563061,29.577679],[106.563132,29.577609],[106.562821,29.575813]]]}},{"id":"830","type":"Feature","properties":{"landuse":"residential","amenity":"unknown","military":"unknown","base_elevation":80},"geometry":{"type":"Polygon","coordinates":[[[106.574935,29.577093],[106.574803,29.576979],[106.573542,29.576988],[106.573431,29.577163],[106.573541,29.577701],[106.573662,29.577853],[106.573927,29.577955],[106.574782,29.57791],[106.574923,29.57769],[106.574935,29.577093]]]}},{"id":"831","type":"Feature","properties":{"landuse":"residential","amenity":"unknown","military":"unknown","base_elevation":56},"geometry":{"type":"Polygon","coordinates":[[[106.575306,29.57827],[106.575519,29.578434],[106.575706,29.578424],[106.575807,29.578314],[106.576138,29.576811],[106.576472,29.575702],[106.576207,29.575783],[106.576154,29.575685],[106.576178,29.575601],[106.576525,29.575508],[106.57668,29.574889],[106.576605,29.574767],[106.575489,29.574987],[106.575268,29.575097],[106.5752,29.575225],[106.575164,29.576971],[106.575306,29.57827]]]}},{"id":"832","type":"Feature","properties":{"landuse":"residential","amenity":"unknown","military":"unknown","base_elevation":91},"geometry":{"type":"Polygon","coordinates":[[[106.559909,29.577941],[106.560215,29.578247],[106.56081,29.578253],[106.560589,29.577832],[106.559999,29.577844],[106.559909,29.577941]]]}},{"id":"833","type":"Feature","properties":{"landuse":"residential","amenity":"unknown","military":"unknown","base_elevation":75},"geometry":{"type":"Polygon","coordinates":[[[106.561763,29.577879],[106.561455,29.578608],[106.561509,29.578722],[106.562132,29.57891],[106.562511,29.577834],[106.561763,29.577879]]]}},{"id":"834","type":"Feature","properties":{"landuse":"residential","amenity":"unknown","military":"unknown","base_elevation":104},"geometry":{"type":"Polygon","coordinates":[[[106.561361,29.580298],[106.561691,29.580356],[106.561999,29.580273],[106.561268,29.578978],[106.560822,29.579853],[106.560888,29.580008],[106.561361,29.580298]]]}},{"id":"835","type":"Feature","properties":{"landuse":"residential","amenity":"unknown","military":"unknown","base_elevation":92},"geometry":{"type":"Polygon","coordinates":[[[106.567647,29.580492],[106.567688,29.579605],[106.567596,29.579515],[106.56666,29.579527],[106.566558,29.579614],[106.566612,29.581045],[106.567107,29.581023],[106.567359,29.580925],[106.567549,29.580752],[106.567647,29.580492]]]}},{"id":"836","type":"Feature","properties":{"landuse":"residential","amenity":"unknown","military":"unknown","base_elevation":116},"geometry":{"type":"Polygon","coordinates":[[[106.566289,29.579529],[106.564854,29.579523],[106.564795,29.579575],[106.564806,29.580568],[106.564931,29.580829],[106.565392,29.581049],[106.566301,29.581048],[106.566391,29.580957],[106.566385,29.5796],[106.566289,29.579529]]]}},{"id":"837","type":"Feature","properties":{"landuse":"residential","amenity":"unknown","military":"unknown","base_elevation":114},"geometry":{"type":"Polygon","coordinates":[[[106.560869,29.583622],[106.561056,29.582919],[106.561288,29.582483],[106.561709,29.582236],[106.562282,29.581134],[106.560782,29.580328],[106.56057,29.580382],[106.559223,29.582832],[106.559255,29.58298],[106.560445,29.583527],[106.560869,29.583622]]]}},{"id":"838","type":"Feature","properties":{"landuse":"residential","amenity":"unknown","military":"unknown","base_elevation":70},"geometry":{"type":"Polygon","coordinates":[[[106.569714,29.583511],[106.570053,29.583303],[106.570543,29.583193],[106.570994,29.582883],[106.570883,29.582318],[106.570959,29.581973],[106.570905,29.58159],[106.569778,29.581805],[106.569682,29.582225],[106.568724,29.582689],[106.568534,29.58246],[106.567711,29.58385],[106.568673,29.584416],[106.568914,29.584483],[106.569121,29.584367],[106.569714,29.583511]]]}},{"id":"839","type":"Feature","properties":{"landuse":"residential","amenity":"unknown","military":"unknown","base_elevation":74},"geometry":{"type":"Polygon","coordinates":[[[106.565466,29.583253],[106.565983,29.583436],[106.56572,29.58373],[106.565623,29.583968],[106.565702,29.584625],[106.566305,29.584869],[106.566428,29.584817],[106.567957,29.582238],[106.567919,29.582088],[106.564186,29.581953],[106.563998,29.582158],[106.56359,29.582261],[106.562766,29.58281],[106.563166,29.583256],[106.563066,29.583431],[106.563874,29.583898],[106.564556,29.583436],[106.564969,29.583324],[106.565466,29.583253]]]}},{"id":"840","type":"Feature","properties":{"landuse":"residential","amenity":"unknown","military":"unknown","base_elevation":45},"geometry":{"type":"Polygon","coordinates":[[[106.569768,29.583671],[106.569304,29.584376],[106.569164,29.584745],[106.569156,29.585164],[106.571334,29.58494],[106.571538,29.582915],[106.570004,29.583438],[106.569768,29.583671]]]}},{"id":"841","type":"Feature","properties":{"landuse":"residential","amenity":"unknown","military":"unknown","base_elevation":102},"geometry":{"type":"Polygon","coordinates":[[[106.563362,29.584761],[106.562139,29.584222],[106.561561,29.585113],[106.562838,29.585667],[106.562946,29.585638],[106.563394,29.584882],[106.563362,29.584761]]]}},{"id":"842","type":"Feature","properties":{"landuse":"residential","amenity":"unknown","military":"unknown","base_elevation":92},"geometry":{"type":"Polygon","coordinates":[[[106.563614,29.584768],[106.563235,29.585481],[106.564401,29.585982],[106.56544,29.586183],[106.565827,29.586215],[106.566244,29.585187],[106.566206,29.585034],[106.565448,29.58466],[106.564818,29.584488],[106.564127,29.5845],[106.563614,29.584768]]]}},{"id":"843","type":"Feature","properties":{"landuse":"residential","amenity":"unknown","military":"unknown","base_elevation":97},"geometry":{"type":"Polygon","coordinates":[[[106.568471,29.584592],[106.568126,29.584823],[106.567391,29.584407],[106.566916,29.585269],[106.567474,29.585994],[106.567509,29.586917],[106.567654,29.587063],[106.568354,29.58721],[106.569385,29.587208],[106.569268,29.586587],[106.569432,29.586083],[106.569126,29.585556],[106.56901,29.584795],[106.568471,29.584592]]]}},{"id":"844","type":"Feature","properties":{"landuse":"residential","amenity":"unknown","military":"unknown","base_elevation":43},"geometry":{"type":"Polygon","coordinates":[[[106.569435,29.585854],[106.569693,29.586088],[106.569693,29.586377],[106.569961,29.587179],[106.570443,29.587347],[106.571216,29.587347],[106.571388,29.585033],[106.570583,29.585033],[106.569993,29.585145],[106.569542,29.585332],[106.569232,29.585483],[106.569435,29.585854]]]}},{"id":"845","type":"Feature","properties":{"landuse":"residential","amenity":"unknown","military":"unknown","base_elevation":57},"geometry":{"type":"Polygon","coordinates":[[[106.562517,29.593107],[106.562948,29.593193],[106.564276,29.592623],[106.564476,29.592464],[106.564325,29.59206],[106.56411,29.592022],[106.564104,29.591891],[106.562483,29.592004],[106.5624,29.592124],[106.562403,29.592456],[106.562517,29.593107]]]}},{"id":"846","type":"Feature","properties":{"landuse":"residential","amenity":"unknown","military":"unknown","base_elevation":85},"geometry":{"type":"Polygon","coordinates":[[[106.56057,29.59315],[106.560235,29.593301],[106.560614,29.593929],[106.560755,29.593863],[106.560852,29.594037],[106.561055,29.59395],[106.56117,29.594057],[106.562187,29.593571],[106.562007,29.593219],[106.561931,29.592659],[106.561634,29.592669],[106.561637,29.592593],[106.560899,29.592636],[106.5608,29.592577],[106.560506,29.592713],[106.56055,29.592784],[106.560462,29.59283],[106.56057,29.59315]]]}},{"id":"847","type":"Feature","properties":{"landuse":"residential","amenity":"unknown","military":"unknown","base_elevation":39},"geometry":{"type":"Polygon","coordinates":[[[106.568977,29.594887],[106.569331,29.594469],[106.569879,29.594195],[106.569702,29.593379],[106.569575,29.5932],[106.568156,29.593376],[106.567204,29.593391],[106.566032,29.59401],[106.566864,29.595327],[106.567051,29.595487],[106.567303,29.595509],[106.568262,29.595309],[106.568977,29.594887]]]}},{"id":"848","type":"Feature","properties":{"landuse":"residential","amenity":"unknown","military":"unknown","base_elevation":75},"geometry":{"type":"Polygon","coordinates":[[[106.559469,29.59756],[106.559516,29.597713],[106.559746,29.597769],[106.562079,29.597616],[106.561628,29.597018],[106.560568,29.594884],[106.560033,29.59512],[106.560347,29.59563],[106.560528,29.596101],[106.560506,29.596329],[106.560293,29.59672],[106.56044,29.597137],[106.560169,29.59717],[106.560075,29.597338],[106.55984,29.597302],[106.559469,29.59756]]]}},{"id":"849","type":"Feature","properties":{"landuse":"residential","amenity":"unknown","military":"unknown","base_elevation":42},"geometry":{"type":"Polygon","coordinates":[[[106.566561,29.596267],[106.565679,29.595553],[106.564191,29.596342],[106.564157,29.596696],[106.563935,29.597123],[106.563353,29.597559],[106.564093,29.598513],[106.564605,29.599381],[106.565303,29.599195],[106.567372,29.598247],[106.566777,29.597358],[106.567374,29.597057],[106.566925,29.596379],[106.566561,29.596267]]]}},{"id":"850","type":"Feature","properties":{"landuse":"residential","amenity":"unknown","military":"unknown","base_elevation":74},"geometry":{"type":"Polygon","coordinates":[[[106.56354,29.599946],[106.563784,29.599721],[106.563484,29.598792],[106.56326,29.598378],[106.559661,29.598478],[106.559682,29.598934],[106.560461,29.598934],[106.560819,29.599103],[106.562436,29.599121],[106.562719,29.599346],[106.56267,29.599469],[106.563119,29.600143],[106.56354,29.599946]]]}},{"id":"851","type":"Feature","properties":{"landuse":"residential","amenity":"unknown","military":"unknown","base_elevation":57},"geometry":{"type":"Polygon","coordinates":[[[106.568161,29.5984],[106.564718,29.599772],[106.565629,29.601748],[106.568487,29.600617],[106.568552,29.600507],[106.568934,29.600316],[106.569019,29.600104],[106.568161,29.5984]]]}},{"id":"852","type":"Feature","properties":{"landuse":"residential","amenity":"unknown","military":"unknown","base_elevation":76},"geometry":{"type":"Polygon","coordinates":[[[106.560788,29.599352],[106.560405,29.599655],[106.559751,29.599718],[106.559835,29.600951],[106.561175,29.600847],[106.561783,29.600656],[106.562817,29.600178],[106.562822,29.600059],[106.562415,29.599412],[106.562251,29.599324],[106.560788,29.599352]]]}},{"id":"853","type":"Feature","properties":{"landuse":"residential","amenity":"unknown","military":"unknown","base_elevation":76},"geometry":{"type":"Polygon","coordinates":[[[106.569351,29.602001],[106.570435,29.601543],[106.569179,29.600685],[106.567087,29.601506],[106.567709,29.602598],[106.567859,29.602737],[106.568332,29.602924],[106.568911,29.602868],[106.569244,29.60242],[106.569244,29.602178],[106.569351,29.602001]]]}},{"id":"854","type":"Feature","properties":{"landuse":"residential","amenity":"unknown","military":"unknown","base_elevation":95},"geometry":{"type":"Polygon","coordinates":[[[106.566626,29.60464],[106.565389,29.602266],[106.564465,29.602608],[106.565339,29.60508],[106.566626,29.60464]]]}},{"id":"855","type":"Feature","properties":{"landuse":"residential","amenity":"unknown","military":"unknown","base_elevation":77},"geometry":{"type":"Polygon","coordinates":[[[106.560759,29.603884],[106.560955,29.604918],[106.561352,29.604917],[106.563632,29.604492],[106.56381,29.604341],[106.563467,29.603152],[106.562367,29.603617],[106.561864,29.603733],[106.560915,29.603725],[106.560759,29.603884]]]}},{"id":"856","type":"Feature","properties":{"landuse":"residential","amenity":"unknown","military":"unknown","base_elevation":101},"geometry":{"type":"Polygon","coordinates":[[[106.569422,29.605026],[106.569554,29.604749],[106.569809,29.604611],[106.569254,29.604098],[106.568512,29.604379],[106.568109,29.604306],[106.567878,29.604129],[106.567543,29.603612],[106.567221,29.603728],[106.567139,29.603924],[106.566741,29.604267],[106.567536,29.605956],[106.56774,29.606009],[106.569428,29.605532],[106.569527,29.60538],[106.569422,29.605026]]]}},{"id":"857","type":"Feature","properties":{"landuse":"residential","amenity":"unknown","military":"unknown","base_elevation":110},"geometry":{"type":"Polygon","coordinates":[[[106.565921,29.60672],[106.567246,29.606467],[106.567154,29.606265],[106.56715,29.605877],[106.566793,29.605216],[106.5657,29.60552],[106.565516,29.605648],[106.565921,29.60672]]]}},{"id":"858","type":"Feature","properties":{"landuse":"residential","amenity":"unknown","military":"unknown","base_elevation":55},"geometry":{"type":"Polygon","coordinates":[[[106.575762,29.608611],[106.575218,29.607596],[106.575536,29.607296],[106.576127,29.607091],[106.575208,29.605114],[106.573337,29.605971],[106.57303,29.606001],[106.572761,29.605795],[106.572268,29.605926],[106.571803,29.606251],[106.571556,29.606652],[106.571492,29.606857],[106.571567,29.60751],[106.571728,29.607958],[106.57215,29.60823],[106.572318,29.608434],[106.572579,29.609004],[106.57265,29.609451],[106.572836,29.60976],[106.575644,29.608835],[106.575762,29.608611]]]}},{"id":"859","type":"Feature","properties":{"landuse":"residential","amenity":"unknown","military":"unknown","base_elevation":43},"geometry":{"type":"Polygon","coordinates":[[[106.575606,29.610712],[106.574732,29.611205],[106.574172,29.611381],[106.573896,29.611378],[106.573859,29.611677],[106.574271,29.612177],[106.573921,29.612972],[106.574227,29.61347],[106.57437,29.613507],[106.575716,29.61278],[106.576598,29.61268],[106.576712,29.612529],[106.576527,29.61177],[106.576352,29.611449],[106.575912,29.610789],[106.575606,29.610712]]]}},{"id":"860","type":"Feature","properties":{"landuse":"residential","amenity":"unknown","military":"unknown","base_elevation":76},"geometry":{"type":"Polygon","coordinates":[[[106.573835,29.618131],[106.574055,29.618309],[106.574476,29.618316],[106.575083,29.618029],[106.575633,29.617967],[106.576604,29.617541],[106.575019,29.615332],[106.574924,29.615351],[106.574442,29.614761],[106.574154,29.614913],[106.573456,29.614962],[106.573175,29.615144],[106.57253,29.615322],[106.572163,29.615751],[106.572489,29.616479],[106.57341,29.617182],[106.5736,29.617426],[106.573835,29.618131]]]}},{"id":"861","type":"Feature","properties":{"landuse":"residential","amenity":"unknown","military":"unknown","base_elevation":125},"geometry":{"type":"Polygon","coordinates":[[[106.561979,29.627171],[106.561657,29.627747],[106.55998,29.626933],[106.559845,29.62706],[106.560124,29.627314],[106.560368,29.627713],[106.562623,29.628816],[106.562727,29.628782],[106.56312,29.627976],[106.562742,29.627717],[106.562708,29.627523],[106.563113,29.626831],[106.561772,29.62614],[106.561321,29.626856],[106.561979,29.627171]]]}},{"id":"862","type":"Feature","properties":{"landuse":"residential","amenity":"unknown","military":"unknown","base_elevation":119},"geometry":{"type":"Polygon","coordinates":[[[106.560761,29.629217],[106.561431,29.628894],[106.562468,29.629308],[106.562603,29.628994],[106.562583,29.628903],[106.560327,29.627794],[106.560133,29.627825],[106.559606,29.628665],[106.560761,29.629217]]]}},{"id":"863","type":"Feature","properties":{"landuse":"residential","amenity":"unknown","military":"unknown","base_elevation":143},"geometry":{"type":"Polygon","coordinates":[[[106.563499,29.642094],[106.563556,29.642328],[106.564956,29.643049],[106.567318,29.639864],[106.567211,29.639532],[106.567648,29.638816],[106.566148,29.638092],[106.566023,29.63811],[106.563499,29.642094]]]}},{"id":"864","type":"Feature","properties":{"landuse":"residential","amenity":"unknown","military":"unknown","base_elevation":283},"geometry":{"type":"Polygon","coordinates":[[[106.600161,29.504366],[106.599105,29.504092],[106.598727,29.50481],[106.597799,29.504997],[106.598404,29.507047],[106.599687,29.506723],[106.600247,29.505655],[106.600161,29.504366]]]}},{"id":"865","type":"Feature","properties":{"landuse":"residential","amenity":"unknown","military":"unknown","base_elevation":260},"geometry":{"type":"Polygon","coordinates":[[[106.594437,29.504968],[106.592992,29.505002],[106.592622,29.505086],[106.593125,29.507549],[106.594132,29.507361],[106.594297,29.508001],[106.594894,29.508065],[106.595043,29.507946],[106.5945,29.505709],[106.594437,29.504968]]]}},{"id":"866","type":"Feature","properties":{"landuse":"residential","amenity":"unknown","military":"unknown","base_elevation":273},"geometry":{"type":"Polygon","coordinates":[[[106.598946,29.508374],[106.596952,29.508965],[106.597041,29.50922],[106.5967,29.509353],[106.596865,29.510212],[106.596979,29.511626],[106.595054,29.511656],[106.59496,29.512434],[106.595366,29.513841],[106.595752,29.514369],[106.596243,29.513997],[106.596648,29.513461],[106.597385,29.513339],[106.597851,29.51402],[106.598234,29.513815],[106.598355,29.512782],[106.598676,29.511872],[106.598612,29.511236],[106.598428,29.510854],[106.598458,29.510249],[106.599055,29.508714],[106.598946,29.508374]]]}},{"id":"867","type":"Feature","properties":{"landuse":"residential","amenity":"unknown","military":"unknown","base_elevation":155},"geometry":{"type":"Polygon","coordinates":[[[106.579686,29.51579],[106.579757,29.515407],[106.580064,29.515039],[106.580138,29.514004],[106.579869,29.513375],[106.579705,29.513236],[106.579508,29.511987],[106.578814,29.511933],[106.57882,29.512341],[106.578713,29.512416],[106.57811,29.512634],[106.577581,29.512728],[106.577338,29.513435],[106.576571,29.514324],[106.576724,29.51486],[106.577811,29.514979],[106.578033,29.515103],[106.577939,29.515635],[106.578956,29.516588],[106.579396,29.516728],[106.580384,29.516655],[106.580326,29.516391],[106.579841,29.516172],[106.579686,29.51579]]]}},{"id":"868","type":"Feature","properties":{"landuse":"residential","amenity":"unknown","military":"unknown","base_elevation":325},"geometry":{"type":"Polygon","coordinates":[[[106.592297,29.516476],[106.591849,29.51585],[106.591291,29.515334],[106.590988,29.514624],[106.590378,29.514813],[106.590445,29.515363],[106.590983,29.51612],[106.591557,29.517126],[106.591716,29.517151],[106.591959,29.516729],[106.592297,29.516476]]]}},{"id":"869","type":"Feature","properties":{"landuse":"residential","amenity":"unknown","military":"unknown","base_elevation":282},"geometry":{"type":"Polygon","coordinates":[[[106.598288,29.514209],[106.596429,29.515242],[106.596456,29.516283],[106.598461,29.518136],[106.598806,29.518134],[106.598596,29.517375],[106.598536,29.516769],[106.598798,29.515436],[106.598677,29.514873],[106.598288,29.514209]]]}},{"id":"870","type":"Feature","properties":{"landuse":"residential","amenity":"unknown","military":"unknown","base_elevation":275},"geometry":{"type":"Polygon","coordinates":[[[106.599421,29.519847],[106.599215,29.519479],[106.599042,29.519438],[106.597633,29.520235],[106.597583,29.520335],[106.598016,29.522289],[106.598604,29.523328],[106.598834,29.523366],[106.599439,29.522946],[106.599251,29.522568],[106.59962,29.522281],[106.600245,29.522053],[106.600469,29.522232],[106.601281,29.521669],[106.601281,29.521557],[106.599421,29.519847]]]}},{"id":"871","type":"Feature","properties":{"landuse":"residential","amenity":"unknown","military":"unknown","base_elevation":275},"geometry":{"type":"Polygon","coordinates":[[[106.595957,29.523995],[106.596348,29.524106],[106.596608,29.52437],[106.59677,29.524685],[106.59751,29.524335],[106.595726,29.521144],[106.595818,29.520783],[106.595446,29.520096],[106.593045,29.520074],[106.593075,29.52064],[106.593317,29.521218],[106.594483,29.522639],[106.594527,29.523034],[106.594168,29.523611],[106.594247,29.523807],[106.594525,29.523928],[106.595957,29.523995]]]}},{"id":"872","type":"Feature","properties":{"landuse":"residential","amenity":"unknown","military":"unknown","base_elevation":68},"geometry":{"type":"Polygon","coordinates":[[[106.5764,29.523708],[106.575003,29.52423],[106.575256,29.524921],[106.5762,29.526244],[106.576439,29.526995],[106.576651,29.528084],[106.578414,29.527746],[106.5764,29.523708]]]}},{"id":"873","type":"Feature","properties":{"landuse":"residential","amenity":"unknown","military":"unknown","base_elevation":289},"geometry":{"type":"Polygon","coordinates":[[[106.600489,29.53649],[106.599068,29.533615],[106.599087,29.533179],[106.599311,29.532595],[106.599405,29.531991],[106.599375,29.531156],[106.600526,29.531112],[106.600749,29.530884],[106.600737,29.530037],[106.598415,29.530196],[106.598374,29.530107],[106.597413,29.530184],[106.59745,29.530315],[106.596576,29.530361],[106.596656,29.530884],[106.59686,29.530988],[106.597323,29.531443],[106.597361,29.531833],[106.5973,29.532156],[106.597156,29.532308],[106.597156,29.532414],[106.597406,29.532526],[106.597588,29.532513],[106.597877,29.53215],[106.597641,29.531193],[106.598142,29.531325],[106.598226,29.531879],[106.597861,29.532295],[106.598742,29.532387],[106.598484,29.532942],[106.598248,29.532955],[106.598135,29.532843],[106.597801,29.532975],[106.597695,29.532691],[106.597437,29.532638],[106.597543,29.532849],[106.597368,29.532902],[106.597194,29.53281],[106.597217,29.533127],[106.596928,29.533331],[106.596906,29.533503],[106.596921,29.534031],[106.597148,29.534196],[106.597255,29.534057],[106.597535,29.53409],[106.597748,29.534262],[106.597975,29.534625],[106.597604,29.535212],[106.597292,29.534988],[106.597217,29.534836],[106.59708,29.534836],[106.597406,29.535919],[106.597673,29.536208],[106.598098,29.536222],[106.598089,29.537483],[106.598241,29.537754],[106.598013,29.537912],[106.597816,29.538328],[106.598431,29.538486],[106.598537,29.538829],[106.597846,29.539021],[106.597983,29.539226],[106.598355,29.53916],[106.598666,29.538948],[106.598764,29.53914],[106.598597,29.539344],[106.598605,29.539529],[106.598514,29.539635],[106.598173,29.539589],[106.598233,29.539806],[106.598385,29.539952],[106.598385,29.540163],[106.597877,29.540664],[106.597763,29.540585],[106.597619,29.540948],[106.597679,29.541588],[106.597459,29.542064],[106.59793,29.54207],[106.598044,29.541984],[106.598013,29.54143],[106.598544,29.541074],[106.598726,29.541133],[106.598908,29.541549],[106.59939,29.541249],[106.599573,29.541306],[106.599629,29.541496],[106.599826,29.541351],[106.600054,29.541377],[106.599819,29.541621],[106.599584,29.541687],[106.599191,29.542095],[106.599135,29.5423],[106.599191,29.542529],[106.60021,29.54336],[106.600794,29.544377],[106.601776,29.544723],[106.602106,29.545512],[106.602114,29.54573],[106.60222,29.545789],[106.603328,29.545489],[106.604469,29.548453],[106.605167,29.549446],[106.605885,29.550019],[106.606532,29.549455],[106.606656,29.549431],[106.607267,29.549954],[106.607417,29.550029],[106.607627,29.550005],[106.607965,29.549469],[106.608303,29.549235],[106.608555,29.54868],[106.608694,29.548568],[106.608603,29.548283],[106.608861,29.548232],[106.608861,29.548479],[106.609483,29.548251],[106.609644,29.548437],[106.609949,29.548297],[106.609848,29.547832],[106.609545,29.547872],[106.609533,29.547806],[106.609905,29.547535],[106.610193,29.54771],[106.610529,29.54754],[106.610265,29.546181],[106.60975,29.54508],[106.609717,29.544746],[106.609427,29.544539],[106.609419,29.544433],[106.60915,29.544195],[106.608718,29.544436],[106.608725,29.544552],[106.608608,29.544601],[106.608801,29.544905],[106.608653,29.545024],[106.608475,29.545034],[106.608096,29.54402],[106.607704,29.544141],[106.607675,29.544788],[106.607503,29.545416],[106.607187,29.545618],[106.607187,29.545945],[106.60636,29.545916],[106.606189,29.545809],[106.605585,29.545842],[106.605201,29.545542],[106.60483,29.545911],[106.604143,29.54542],[106.604191,29.545202],[106.603329,29.545283],[106.603506,29.544659],[106.603813,29.544405],[106.603282,29.543234],[106.603149,29.543185],[106.602339,29.543501],[106.602083,29.543021],[106.602884,29.542644],[106.60253,29.542078],[106.601963,29.54238],[106.601697,29.541962],[106.601313,29.54207],[106.60095,29.541136],[106.600692,29.540184],[106.600566,29.539226],[106.600795,29.538077],[106.600825,29.537428],[106.600489,29.53649]]]}},{"id":"874","type":"Feature","properties":{"landuse":"residential","amenity":"unknown","military":"unknown","base_elevation":49},"geometry":{"type":"Polygon","coordinates":[[[106.58279,29.536695],[106.582814,29.535847],[106.579018,29.535834],[106.579029,29.536],[106.579161,29.536146],[106.579178,29.536675],[106.579512,29.537036],[106.579886,29.537785],[106.579914,29.53806],[106.580537,29.53846],[106.580968,29.538627],[106.58111,29.53883],[106.581322,29.538707],[106.581209,29.537469],[106.581266,29.537223],[106.581428,29.536989],[106.58279,29.536695]]]}},{"id":"875","type":"Feature","properties":{"landuse":"residential","amenity":"unknown","military":"unknown","base_elevation":93},"geometry":{"type":"Polygon","coordinates":[[[106.576064,29.538466],[106.575423,29.538465],[106.575422,29.538546],[106.575169,29.538579],[106.575321,29.538936],[106.575683,29.539114],[106.576425,29.539314],[106.576559,29.539147],[106.576488,29.538744],[106.576063,29.538533],[106.576064,29.538466]]]}},{"id":"876","type":"Feature","properties":{"landuse":"residential","amenity":"unknown","military":"unknown","base_elevation":67},"geometry":{"type":"Polygon","coordinates":[[[106.585527,29.539344],[106.585074,29.539548],[106.584986,29.539956],[106.584537,29.540107],[106.585943,29.541119],[106.586143,29.541026],[106.585862,29.540366],[106.585626,29.539389],[106.585527,29.539344]]]}},{"id":"877","type":"Feature","properties":{"landuse":"residential","amenity":"unknown","military":"unknown","base_elevation":65},"geometry":{"type":"Polygon","coordinates":[[[106.580903,29.542147],[106.580322,29.540801],[106.579799,29.541],[106.579595,29.541283],[106.580122,29.541716],[106.580421,29.542311],[106.580903,29.542147]]]}},{"id":"878","type":"Feature","properties":{"landuse":"residential","amenity":"unknown","military":"unknown","base_elevation":43},"geometry":{"type":"Polygon","coordinates":[[[106.5783,29.542618],[106.578053,29.542104],[106.577931,29.541592],[106.578198,29.541036],[106.574999,29.54017],[106.57491,29.54034],[106.575532,29.540881],[106.575052,29.541298],[106.575532,29.542334],[106.575514,29.543231],[106.576048,29.544391],[106.576332,29.54453],[106.577099,29.544044],[106.577621,29.543943],[106.578102,29.543703],[106.578341,29.54336],[106.578384,29.543129],[106.5783,29.542618]]]}},{"id":"879","type":"Feature","properties":{"landuse":"residential","amenity":"unknown","military":"unknown","base_elevation":67},"geometry":{"type":"Polygon","coordinates":[[[106.585824,29.54502],[106.586554,29.544867],[106.587112,29.544606],[106.587646,29.544032],[106.587605,29.543699],[106.58697,29.542858],[106.586462,29.542677],[106.586366,29.542242],[106.585863,29.542091],[106.585198,29.54212],[106.58506,29.541959],[106.584703,29.541889],[106.584223,29.542098],[106.584079,29.542595],[106.584159,29.5433],[106.584294,29.543636],[106.584703,29.544288],[106.585824,29.54502]]]}},{"id":"880","type":"Feature","properties":{"landuse":"residential","amenity":"unknown","military":"unknown","base_elevation":36},"geometry":{"type":"Polygon","coordinates":[[[106.57882,29.542319],[106.578643,29.542641],[106.578698,29.543059],[106.578617,29.543451],[106.578268,29.543885],[106.577629,29.544252],[106.578198,29.545102],[106.578998,29.545411],[106.579549,29.545334],[106.579797,29.544855],[106.581219,29.544623],[106.581433,29.544128],[106.580864,29.543293],[106.57978,29.542675],[106.57882,29.542319]]]}},{"id":"881","type":"Feature","properties":{"landuse":"residential","amenity":"unknown","military":"unknown","base_elevation":62},"geometry":{"type":"Polygon","coordinates":[[[106.587054,29.546575],[106.587038,29.545952],[106.587632,29.545881],[106.587568,29.545185],[106.587328,29.544894],[106.587163,29.544847],[106.585703,29.545205],[106.585618,29.545061],[106.584818,29.544709],[106.584938,29.545187],[106.58507,29.546498],[106.585138,29.546576],[106.585676,29.546658],[106.587054,29.546575]]]}},{"id":"882","type":"Feature","properties":{"landuse":"residential","amenity":"unknown","military":"unknown","base_elevation":103},"geometry":{"type":"Polygon","coordinates":[[[106.593841,29.548769],[106.593913,29.548396],[106.594118,29.548231],[106.594285,29.548238],[106.594436,29.548347],[106.594486,29.548215],[106.594239,29.547954],[106.593985,29.547961],[106.593689,29.548083],[106.593583,29.547974],[106.593598,29.547825],[106.59386,29.547499],[106.593719,29.547238],[106.593833,29.546687],[106.594137,29.546509],[106.594129,29.546397],[106.59397,29.546363],[106.593662,29.546519],[106.593818,29.546208],[106.593552,29.545713],[106.593837,29.545532],[106.593894,29.545387],[106.593446,29.544308],[106.593211,29.544215],[106.59309,29.544354],[106.592756,29.544436],[106.592513,29.544275],[106.5921,29.544634],[106.591838,29.545149],[106.592138,29.545651],[106.591974,29.545733],[106.59194,29.545921],[106.592323,29.546489],[106.592672,29.54638],[106.592779,29.546588],[106.592737,29.547416],[106.592384,29.547413],[106.592308,29.54735],[106.592323,29.547152],[106.591929,29.547182],[106.591944,29.547314],[106.591682,29.547611],[106.591424,29.547581],[106.591352,29.547921],[106.591515,29.548017],[106.591648,29.54799],[106.591656,29.548409],[106.591337,29.548786],[106.591591,29.549188],[106.591536,29.549396],[106.591743,29.549497],[106.592289,29.549086],[106.592631,29.548561],[106.593348,29.548769],[106.593325,29.548928],[106.593405,29.548967],[106.593719,29.548947],[106.593841,29.548769]]]}},{"id":"883","type":"Feature","properties":{"landuse":"residential","amenity":"unknown","military":"unknown","base_elevation":102},"geometry":{"type":"Polygon","coordinates":[[[106.593864,29.548906],[106.593416,29.549072],[106.593566,29.549653],[106.594776,29.54955],[106.594763,29.549294],[106.594505,29.548622],[106.59424,29.548598],[106.593864,29.548906]]]}},{"id":"884","type":"Feature","properties":{"landuse":"residential","amenity":"unknown","military":"unknown","base_elevation":99},"geometry":{"type":"Polygon","coordinates":[[[106.592018,29.549815],[106.59217,29.549903],[106.592853,29.549599],[106.593368,29.549567],[106.593344,29.549177],[106.593014,29.549114],[106.592995,29.548787],[106.592707,29.548677],[106.592018,29.549815]]]}},{"id":"885","type":"Feature","properties":{"landuse":"residential","amenity":"unknown","military":"unknown","base_elevation":104},"geometry":{"type":"Polygon","coordinates":[[[106.593703,29.549751],[106.59376,29.550505],[106.594049,29.550495],[106.594425,29.55061],[106.59461,29.550495],[106.594677,29.550038],[106.594629,29.549875],[106.594199,29.549723],[106.593703,29.549751]]]}},{"id":"886","type":"Feature","properties":{"landuse":"residential","amenity":"unknown","military":"unknown","base_elevation":99},"geometry":{"type":"Polygon","coordinates":[[[106.592711,29.549777],[106.592898,29.550401],[106.59247,29.550691],[106.592751,29.551249],[106.59336,29.551072],[106.593626,29.550451],[106.593588,29.549756],[106.593221,29.549662],[106.592893,29.549695],[106.592711,29.549777]]]}},{"id":"887","type":"Feature","properties":{"landuse":"residential","amenity":"unknown","military":"unknown","base_elevation":103},"geometry":{"type":"Polygon","coordinates":[[[106.591678,29.553239],[106.591909,29.553365],[106.592247,29.553412],[106.592456,29.553234],[106.592649,29.552049],[106.592472,29.551634],[106.592011,29.550934],[106.591609,29.550757],[106.591013,29.551181],[106.591013,29.551373],[106.591582,29.552712],[106.591678,29.553239]]]}},{"id":"888","type":"Feature","properties":{"landuse":"residential","amenity":"unknown","military":"unknown","base_elevation":95},"geometry":{"type":"Polygon","coordinates":[[[106.579608,29.561023],[106.57934,29.560411],[106.57982,29.560136],[106.580019,29.56025],[106.580365,29.56026],[106.581046,29.559795],[106.579177,29.557227],[106.578126,29.557866],[106.578066,29.55802],[106.579019,29.559153],[106.579099,29.559289],[106.579066,29.559391],[106.577896,29.560214],[106.578508,29.560851],[106.57909,29.561086],[106.579281,29.561259],[106.580125,29.562763],[106.58144,29.562166],[106.581559,29.562044],[106.581456,29.561692],[106.581253,29.56162],[106.580045,29.562028],[106.579721,29.561121],[106.579608,29.561023]]]}},{"id":"889","type":"Feature","properties":{"landuse":"residential","amenity":"unknown","military":"unknown","base_elevation":123},"geometry":{"type":"Polygon","coordinates":[[[106.578814,29.561537],[106.578525,29.56173],[106.57863,29.562095],[106.579134,29.56198],[106.578814,29.561537]]]}},{"id":"890","type":"Feature","properties":{"landuse":"residential","amenity":"unknown","military":"unknown","base_elevation":86},"geometry":{"type":"Polygon","coordinates":[[[106.580171,29.563144],[106.581739,29.566336],[106.581901,29.566502],[106.582695,29.566281],[106.582744,29.566213],[106.582435,29.564837],[106.581896,29.563055],[106.581544,29.562329],[106.581368,29.562317],[106.580751,29.562574],[106.580218,29.562968],[106.580171,29.563144]]]}},{"id":"891","type":"Feature","properties":{"landuse":"residential","amenity":"unknown","military":"unknown","base_elevation":101},"geometry":{"type":"Polygon","coordinates":[[[106.579678,29.563504],[106.579425,29.564241],[106.57993,29.564522],[106.5802,29.564809],[106.580511,29.564604],[106.5806,29.564458],[106.580513,29.564183],[106.579967,29.563294],[106.579678,29.563504]]]}},{"id":"892","type":"Feature","properties":{"landuse":"residential","amenity":"unknown","military":"unknown","base_elevation":41},"geometry":{"type":"Polygon","coordinates":[[[106.578415,29.564537],[106.578255,29.564724],[106.577953,29.564751],[106.577666,29.565567],[106.578293,29.565695],[106.578643,29.565592],[106.579024,29.565285],[106.579186,29.564816],[106.578415,29.564537]]]}},{"id":"893","type":"Feature","properties":{"landuse":"residential","amenity":"unknown","military":"unknown","base_elevation":87},"geometry":{"type":"Polygon","coordinates":[[[106.580839,29.565052],[106.580504,29.56471],[106.579857,29.565292],[106.581129,29.566034],[106.581268,29.565958],[106.580839,29.565052]]]}},{"id":"894","type":"Feature","properties":{"landuse":"residential","amenity":"unknown","military":"unknown","base_elevation":29},"geometry":{"type":"Polygon","coordinates":[[[106.578582,29.565707],[106.577735,29.565663],[106.57762,29.565923],[106.578306,29.566112],[106.578763,29.565971],[106.578582,29.565707]]]}},{"id":"895","type":"Feature","properties":{"landuse":"residential","amenity":"unknown","military":"unknown","base_elevation":46},"geometry":{"type":"Polygon","coordinates":[[[106.579345,29.566133],[106.580566,29.566625],[106.580997,29.566125],[106.579743,29.565382],[106.579531,29.565572],[106.579311,29.565953],[106.579345,29.566133]]]}},{"id":"896","type":"Feature","properties":{"landuse":"residential","amenity":"unknown","military":"unknown","base_elevation":59},"geometry":{"type":"Polygon","coordinates":[[[106.593717,29.573205],[106.59435,29.574078],[106.594591,29.573816],[106.593894,29.572174],[106.593422,29.5716],[106.593518,29.570868],[106.592923,29.570541],[106.591965,29.571681],[106.589818,29.57347],[106.590871,29.574213],[106.591805,29.573395],[106.591532,29.573173],[106.591893,29.572936],[106.59163,29.572236],[106.591786,29.572013],[106.592393,29.572412],[106.593112,29.572193],[106.593717,29.573205]]]}},{"id":"897","type":"Feature","properties":{"landuse":"residential","amenity":"unknown","military":"unknown","base_elevation":102},"geometry":{"type":"Polygon","coordinates":[[[106.5969,29.575671],[106.596933,29.575426],[106.59641,29.575573],[106.596107,29.574943],[106.595892,29.574882],[106.595683,29.5746],[106.59568,29.574502],[106.595986,29.574314],[106.595804,29.574085],[106.594874,29.573926],[106.594777,29.5747],[106.594538,29.575435],[106.595948,29.575838],[106.596446,29.575826],[106.5969,29.575671]]]}},{"id":"898","type":"Feature","properties":{"landuse":"residential","amenity":"unknown","military":"unknown","base_elevation":49},"geometry":{"type":"Polygon","coordinates":[[[106.577232,29.576423],[106.577708,29.575727],[106.577845,29.575225],[106.577778,29.575076],[106.576779,29.574922],[106.576263,29.577079],[106.576697,29.576998],[106.577018,29.577041],[106.577232,29.576423]]]}},{"id":"899","type":"Feature","properties":{"landuse":"residential","amenity":"unknown","military":"unknown","base_elevation":38},"geometry":{"type":"Polygon","coordinates":[[[106.576768,29.577089],[106.576243,29.577174],[106.576008,29.578172],[106.576507,29.578268],[106.576964,29.577272],[106.576937,29.577166],[106.576768,29.577089]]]}},{"id":"900","type":"Feature","properties":{"landuse":"residential","amenity":"unknown","military":"unknown","base_elevation":95},"geometry":{"type":"Polygon","coordinates":[[[106.597842,29.576928],[106.597912,29.577558],[106.597126,29.578792],[106.597337,29.579291],[106.597111,29.579487],[106.596733,29.57934],[106.596581,29.579625],[106.596378,29.580945],[106.597263,29.580856],[106.598121,29.580278],[106.598437,29.580138],[106.598711,29.580166],[106.599097,29.580437],[106.599473,29.581174],[106.599489,29.581845],[106.600388,29.581832],[106.600661,29.581688],[106.600782,29.581547],[106.600766,29.580894],[106.600283,29.579046],[106.59941,29.576545],[106.597949,29.576368],[106.597568,29.575767],[106.596672,29.576088],[106.597182,29.577092],[106.597842,29.576928]]]}},{"id":"901","type":"Feature","properties":{"landuse":"residential","amenity":"unknown","military":"unknown","base_elevation":109},"geometry":{"type":"Polygon","coordinates":[[[106.589239,29.580829],[106.58949,29.580906],[106.59001,29.580682],[106.588373,29.579012],[106.588229,29.578997],[106.587929,29.579206],[106.588346,29.579681],[106.587548,29.580211],[106.588088,29.581849],[106.588847,29.581677],[106.588615,29.580939],[106.589239,29.580829]]]}},{"id":"902","type":"Feature","properties":{"landuse":"residential","amenity":"unknown","military":"unknown","base_elevation":57},"geometry":{"type":"Polygon","coordinates":[[[106.584686,29.582669],[106.585083,29.582657],[106.585121,29.583004],[106.585412,29.58315],[106.585327,29.582652],[106.585355,29.582267],[106.585482,29.58202],[106.585646,29.582193],[106.585572,29.58266],[106.585685,29.58289],[106.585709,29.583281],[106.585546,29.583665],[106.585308,29.583619],[106.58496,29.583722],[106.584517,29.584415],[106.58493,29.585023],[106.584479,29.585739],[106.584455,29.585863],[106.584559,29.586019],[106.584171,29.586494],[106.583222,29.586626],[106.582257,29.586634],[106.582141,29.588201],[106.585454,29.588351],[106.585372,29.587195],[106.584753,29.586395],[106.585931,29.585597],[106.58631,29.587221],[106.586701,29.587197],[106.586646,29.586482],[106.587419,29.586375],[106.588016,29.585823],[106.587016,29.585164],[106.586631,29.584612],[106.586245,29.584588],[106.586239,29.584312],[106.587767,29.583743],[106.587627,29.583283],[106.587876,29.582681],[106.588099,29.582384],[106.588106,29.582168],[106.587925,29.58175],[106.587531,29.580216],[106.58702,29.57968],[106.588172,29.57891],[106.587408,29.578005],[106.58711,29.577852],[106.587165,29.577705],[106.588016,29.576847],[106.58832,29.576812],[106.588949,29.577793],[106.589192,29.577776],[106.590334,29.5773],[106.591159,29.576071],[106.591368,29.576089],[106.591328,29.576771],[106.591416,29.576882],[106.592065,29.576594],[106.592132,29.576306],[106.591902,29.575854],[106.590652,29.574778],[106.590307,29.574972],[106.590557,29.575278],[106.590334,29.575695],[106.589469,29.575819],[106.588895,29.575554],[106.588618,29.576065],[106.588679,29.5764],[106.588618,29.576459],[106.588205,29.576448],[106.587516,29.575971],[106.586343,29.576888],[106.587116,29.578027],[106.585685,29.578933],[106.58401,29.580329],[106.583532,29.580971],[106.583325,29.581568],[106.58407,29.581646],[106.584686,29.582669]]]}},{"id":"903","type":"Feature","properties":{"landuse":"residential","amenity":"unknown","military":"unknown","base_elevation":117},"geometry":{"type":"Polygon","coordinates":[[[106.589412,29.581639],[106.588212,29.581945],[106.588176,29.582417],[106.587931,29.58276],[106.587725,29.583288],[106.587867,29.583703],[106.590875,29.582886],[106.59104,29.582685],[106.590615,29.581611],[106.590502,29.581546],[106.589412,29.581639]]]}},{"id":"904","type":"Feature","properties":{"landuse":"residential","amenity":"unknown","military":"unknown","base_elevation":132},"geometry":{"type":"Polygon","coordinates":[[[106.598691,29.583372],[106.598676,29.582926],[106.598786,29.58284],[106.598668,29.582615],[106.598215,29.582521],[106.598258,29.582972],[106.598691,29.583372]]]}},{"id":"905","type":"Feature","properties":{"landuse":"residential","amenity":"unknown","military":"unknown","base_elevation":119},"geometry":{"type":"Polygon","coordinates":[[[106.597381,29.582639],[106.596801,29.582279],[106.596735,29.582386],[106.59605,29.581894],[106.595739,29.582207],[106.595541,29.582249],[106.595246,29.582477],[106.594951,29.582307],[106.593942,29.582512],[106.593998,29.582802],[106.593448,29.582956],[106.593773,29.584108],[106.594371,29.584012],[106.594454,29.584402],[106.596356,29.584166],[106.596352,29.584342],[106.59697,29.584257],[106.596976,29.58297],[106.597381,29.582639]]]}},{"id":"906","type":"Feature","properties":{"landuse":"residential","amenity":"unknown","military":"unknown","base_elevation":42},"geometry":{"type":"Polygon","coordinates":[[[106.58308,29.582553],[106.582997,29.582139],[106.582458,29.581698],[106.581691,29.581692],[106.581481,29.581819],[106.58108,29.582342],[106.580964,29.582731],[106.581148,29.58319],[106.582086,29.583418],[106.582553,29.58373],[106.582683,29.584202],[106.582419,29.584885],[106.582815,29.585086],[106.583337,29.58475],[106.583286,29.584441],[106.584054,29.584306],[106.583535,29.583635],[106.58308,29.582553]]]}},{"id":"907","type":"Feature","properties":{"landuse":"residential","amenity":"unknown","military":"unknown","base_elevation":119},"geometry":{"type":"Polygon","coordinates":[[[106.593187,29.582916],[106.591638,29.583224],[106.591702,29.583942],[106.591603,29.584733],[106.591705,29.584822],[106.593127,29.58463],[106.593052,29.584243],[106.59295,29.584136],[106.593488,29.584026],[106.593187,29.582916]]]}},{"id":"908","type":"Feature","properties":{"landuse":"residential","amenity":"unknown","military":"unknown","base_elevation":28},"geometry":{"type":"Polygon","coordinates":[[[106.58242,29.584246],[106.582326,29.583888],[106.581991,29.583644],[106.580778,29.583347],[106.580617,29.583504],[106.580718,29.586103],[106.581201,29.5861],[106.581208,29.586647],[106.580739,29.586652],[106.580751,29.588105],[106.581378,29.58814],[106.581425,29.587412],[106.581903,29.587435],[106.582064,29.585214],[106.58242,29.584246]]]}},{"id":"909","type":"Feature","properties":{"landuse":"residential","amenity":"unknown","military":"unknown","base_elevation":98},"geometry":{"type":"Polygon","coordinates":[[[106.58555,29.58796],[106.585645,29.588575],[106.586458,29.588562],[106.586506,29.588495],[106.586366,29.587828],[106.58555,29.58796]]]}},{"id":"910","type":"Feature","properties":{"landuse":"residential","amenity":"unknown","military":"unknown","base_elevation":119},"geometry":{"type":"Polygon","coordinates":[[[106.594253,29.590705],[106.595484,29.59075],[106.595578,29.590699],[106.596681,29.58919],[106.595226,29.58918],[106.594843,29.589524],[106.594723,29.589916],[106.594521,29.589884],[106.594253,29.590705]]]}},{"id":"911","type":"Feature","properties":{"landuse":"residential","amenity":"unknown","military":"unknown","base_elevation":118},"geometry":{"type":"Polygon","coordinates":[[[106.598147,29.589657],[106.59694,29.589257],[106.595869,29.590636],[106.597556,29.590981],[106.598147,29.589657]]]}},{"id":"912","type":"Feature","properties":{"landuse":"residential","amenity":"unknown","military":"unknown","base_elevation":111},"geometry":{"type":"Polygon","coordinates":[[[106.594037,29.590981],[106.59339,29.591655],[106.593972,29.593314],[106.595108,29.593156],[106.595177,29.593082],[106.595196,29.591748],[106.595429,29.591006],[106.59538,29.590941],[106.594037,29.590981]]]}},{"id":"913","type":"Feature","properties":{"landuse":"residential","amenity":"unknown","military":"unknown","base_elevation":108},"geometry":{"type":"Polygon","coordinates":[[[106.59068,29.592022],[106.589649,29.592182],[106.589805,29.593235],[106.589825,29.593985],[106.58997,29.594086],[106.591135,29.593863],[106.59068,29.592022]]]}},{"id":"914","type":"Feature","properties":{"landuse":"residential","amenity":"unknown","military":"unknown","base_elevation":113},"geometry":{"type":"Polygon","coordinates":[[[106.592688,29.593603],[106.592386,29.592489],[106.591386,29.592591],[106.591654,29.593661],[106.59183,29.593763],[106.592688,29.593603]]]}},{"id":"915","type":"Feature","properties":{"landuse":"residential","amenity":"unknown","military":"unknown","base_elevation":100},"geometry":{"type":"Polygon","coordinates":[[[106.587707,29.594204],[106.589729,29.594056],[106.589638,29.592807],[106.587926,29.592986],[106.587969,29.593501],[106.587707,29.594204]]]}},{"id":"916","type":"Feature","properties":{"landuse":"residential","amenity":"unknown","military":"unknown","base_elevation":27},"geometry":{"type":"Polygon","coordinates":[[[106.583971,29.593909],[106.583516,29.594029],[106.583392,29.594132],[106.583187,29.593674],[106.582848,29.593766],[106.582226,29.592254],[106.581251,29.592507],[106.582053,29.594633],[106.582271,29.594581],[106.582352,29.594729],[106.582706,29.594764],[106.584696,29.594684],[106.585038,29.594346],[106.58446,29.593355],[106.58382,29.5935],[106.583971,29.593909]]]}},{"id":"917","type":"Feature","properties":{"landuse":"residential","amenity":"unknown","military":"unknown","base_elevation":117},"geometry":{"type":"Polygon","coordinates":[[[106.595337,29.594633],[106.598125,29.594681],[106.598165,29.594537],[106.597912,29.593731],[106.597118,29.593539],[106.59603,29.593533],[106.596026,29.594372],[106.595337,29.594363],[106.595337,29.594633]]]}},{"id":"918","type":"Feature","properties":{"landuse":"residential","amenity":"unknown","military":"unknown","base_elevation":112},"geometry":{"type":"Polygon","coordinates":[[[106.592488,29.594927],[106.59512,29.594232],[106.594906,29.593444],[106.592213,29.593982],[106.592488,29.594927]]]}},{"id":"919","type":"Feature","properties":{"landuse":"residential","amenity":"unknown","military":"unknown","base_elevation":112},"geometry":{"type":"Polygon","coordinates":[[[106.591056,29.594153],[106.5901,29.594338],[106.589933,29.5946],[106.590062,29.595482],[106.590376,29.595622],[106.591182,29.595443],[106.591324,29.595169],[106.591056,29.594153]]]}},{"id":"920","type":"Feature","properties":{"landuse":"residential","amenity":"unknown","military":"unknown","base_elevation":101},"geometry":{"type":"Polygon","coordinates":[[[106.588106,29.596045],[106.588288,29.596095],[106.589835,29.595749],[106.589941,29.595621],[106.58978,29.594413],[106.589611,29.594328],[106.587827,29.594721],[106.587763,29.594914],[106.588106,29.596045]]]}},{"id":"921","type":"Feature","properties":{"landuse":"residential","amenity":"unknown","military":"unknown","base_elevation":112},"geometry":{"type":"Polygon","coordinates":[[[106.595362,29.595796],[106.595996,29.595799],[106.596065,29.595858],[106.596054,29.596674],[106.59678,29.596833],[106.596903,29.596267],[106.597636,29.596215],[106.598112,29.594732],[106.595405,29.594732],[106.595348,29.594782],[106.595362,29.595796]]]}},{"id":"922","type":"Feature","properties":{"landuse":"residential","amenity":"unknown","military":"unknown","base_elevation":44},"geometry":{"type":"Polygon","coordinates":[[[106.585247,29.595012],[106.582733,29.595201],[106.582349,29.595307],[106.582718,29.596368],[106.583121,29.596287],[106.583398,29.597064],[106.585766,29.596491],[106.58584,29.596399],[106.585589,29.595922],[106.585472,29.595171],[106.585247,29.595012]]]}},{"id":"923","type":"Feature","properties":{"landuse":"residential","amenity":"unknown","military":"unknown","base_elevation":111},"geometry":{"type":"Polygon","coordinates":[[[106.593081,29.597363],[106.594963,29.596793],[106.595062,29.596617],[106.595139,29.594932],[106.594435,29.595115],[106.594652,29.5958],[106.592742,29.596254],[106.593081,29.597363]]]}},{"id":"924","type":"Feature","properties":{"landuse":"residential","amenity":"unknown","military":"unknown","base_elevation":115},"geometry":{"type":"Polygon","coordinates":[[[106.590412,29.598098],[106.590905,29.598347],[106.591741,29.598132],[106.592014,29.597774],[106.591894,29.597223],[106.590118,29.596337],[106.590412,29.598098]]]}},{"id":"925","type":"Feature","properties":{"landuse":"residential","amenity":"unknown","military":"unknown","base_elevation":105},"geometry":{"type":"Polygon","coordinates":[[[106.588476,29.59928],[106.590269,29.598699],[106.590334,29.598579],[106.590029,29.596339],[106.589909,29.596279],[106.588359,29.59667],[106.588281,29.596787],[106.588345,29.599205],[106.588476,29.59928]]]}},{"id":"926","type":"Feature","properties":{"landuse":"residential","amenity":"unknown","military":"unknown","base_elevation":30},"geometry":{"type":"Polygon","coordinates":[[[106.583514,29.597778],[106.583164,29.598309],[106.583761,29.600519],[106.583987,29.60063],[106.586388,29.599943],[106.586708,29.599763],[106.586984,29.599422],[106.586877,29.597426],[106.586776,29.596989],[106.583514,29.597778]]]}},{"id":"927","type":"Feature","properties":{"landuse":"residential","amenity":"unknown","military":"unknown","base_elevation":106},"geometry":{"type":"Polygon","coordinates":[[[106.592965,29.598499],[106.593089,29.59952],[106.593649,29.600904],[106.594898,29.600235],[106.595309,29.59992],[106.596227,29.598853],[106.594381,29.597516],[106.59283,29.598046],[106.592965,29.598499]]]}},{"id":"928","type":"Feature","properties":{"landuse":"residential","amenity":"unknown","military":"unknown","base_elevation":75},"geometry":{"type":"Polygon","coordinates":[[[106.59876,29.601042],[106.599509,29.598155],[106.598474,29.597977],[106.597871,29.599763],[106.596952,29.601534],[106.598679,29.60112],[106.59876,29.601042]]]}},{"id":"929","type":"Feature","properties":{"landuse":"residential","amenity":"unknown","military":"unknown","base_elevation":94},"geometry":{"type":"Polygon","coordinates":[[[106.588561,29.600874],[106.588937,29.601864],[106.589282,29.602356],[106.589712,29.602697],[106.590311,29.60247],[106.589959,29.601819],[106.592244,29.600872],[106.592782,29.600242],[106.592892,29.600225],[106.592345,29.59839],[106.592121,29.598301],[106.588462,29.599534],[106.5884,29.599639],[106.588561,29.600874]]]}},{"id":"930","type":"Feature","properties":{"landuse":"residential","amenity":"unknown","military":"unknown","base_elevation":23},"geometry":{"type":"Polygon","coordinates":[[[106.587237,29.600117],[106.5844,29.601195],[106.584692,29.602242],[106.584492,29.602721],[106.584266,29.602651],[106.584213,29.602726],[106.58488,29.604235],[106.585202,29.604631],[106.587506,29.60372],[106.587237,29.600117]]]}},{"id":"931","type":"Feature","properties":{"landuse":"residential","amenity":"unknown","military":"unknown","base_elevation":74},"geometry":{"type":"Polygon","coordinates":[[[106.598647,29.601624],[106.598647,29.601477],[106.598542,29.601388],[106.597421,29.601526],[106.595991,29.602053],[106.595441,29.602501],[106.595207,29.602792],[106.595191,29.602919],[106.59665,29.604032],[106.597488,29.604538],[106.597925,29.604513],[106.598188,29.603228],[106.598467,29.602372],[106.598435,29.602048],[106.598647,29.601624]]]}},{"id":"932","type":"Feature","properties":{"landuse":"residential","amenity":"unknown","military":"unknown","base_elevation":57},"geometry":{"type":"Polygon","coordinates":[[[106.594604,29.605255],[106.594966,29.605899],[106.596005,29.606258],[106.596452,29.605885],[106.595852,29.605448],[106.59609,29.605241],[106.595673,29.604915],[106.594847,29.604526],[106.594664,29.604581],[106.594604,29.605255]]]}},{"id":"933","type":"Feature","properties":{"landuse":"residential","amenity":"unknown","military":"unknown","base_elevation":57},"geometry":{"type":"Polygon","coordinates":[[[106.589644,29.607395],[106.589593,29.607595],[106.589891,29.607872],[106.590278,29.607991],[106.591441,29.607069],[106.59001,29.606003],[106.59093,29.605233],[106.591905,29.606066],[106.592147,29.60587],[106.592428,29.605433],[106.592539,29.604978],[106.593012,29.604385],[106.593157,29.603815],[106.592756,29.603053],[106.592569,29.603082],[106.592544,29.603397],[106.591585,29.603656],[106.591432,29.603527],[106.590155,29.603986],[106.590266,29.604174],[106.588567,29.604933],[106.588273,29.605296],[106.587945,29.604867],[106.587413,29.604881],[106.587323,29.605522],[106.586161,29.605733],[106.586659,29.606188],[106.588026,29.606358],[106.58855,29.60651],[106.589563,29.607239],[106.589644,29.607395]]]}},{"id":"934","type":"Feature","properties":{"landuse":"residential","amenity":"unknown","military":"unknown","base_elevation":46},"geometry":{"type":"Polygon","coordinates":[[[106.5956,29.609208],[106.596662,29.609473],[106.596962,29.608279],[106.594811,29.607463],[106.594698,29.607477],[106.594575,29.607776],[106.594688,29.60841],[106.5956,29.609208]]]}},{"id":"935","type":"Feature","properties":{"landuse":"residential","amenity":"unknown","military":"unknown","base_elevation":43},"geometry":{"type":"Polygon","coordinates":[[[106.595722,29.609457],[106.595,29.609087],[106.594707,29.609283],[106.594728,29.609562],[106.59445,29.609912],[106.594068,29.610223],[106.594197,29.610329],[106.593904,29.610875],[106.594103,29.610964],[106.593977,29.611155],[106.596008,29.612174],[106.596072,29.611269],[106.596376,29.609761],[106.59634,29.609595],[106.595722,29.609457]]]}},{"id":"936","type":"Feature","properties":{"landuse":"residential","amenity":"unknown","military":"unknown","base_elevation":51},"geometry":{"type":"Polygon","coordinates":[[[106.597778,29.610551],[106.597981,29.609996],[106.597574,29.609767],[106.596978,29.609679],[106.596345,29.612295],[106.596823,29.612468],[106.59708,29.612141],[106.597579,29.612351],[106.59781,29.61222],[106.598083,29.611707],[106.597955,29.6116],[106.597981,29.611288],[106.597778,29.610551]]]}},{"id":"937","type":"Feature","properties":{"landuse":"residential","amenity":"unknown","military":"unknown","base_elevation":44},"geometry":{"type":"Polygon","coordinates":[[[106.580664,29.613481],[106.57972,29.611965],[106.579471,29.611979],[106.578892,29.61268],[106.578293,29.612936],[106.577465,29.613019],[106.577362,29.613151],[106.577533,29.613777],[106.577833,29.614195],[106.579141,29.61526],[106.579306,29.615225],[106.58055,29.613803],[106.580664,29.613481]]]}},{"id":"938","type":"Feature","properties":{"landuse":"residential","amenity":"unknown","military":"unknown","base_elevation":43},"geometry":{"type":"Polygon","coordinates":[[[106.576628,29.612989],[106.576157,29.613024],[106.574657,29.613762],[106.576448,29.616298],[106.576935,29.615978],[106.577119,29.615685],[106.577518,29.614587],[106.577472,29.614339],[106.576938,29.613514],[106.576821,29.613111],[106.576628,29.612989]]]}},{"id":"939","type":"Feature","properties":{"landuse":"residential","amenity":"unknown","military":"unknown","base_elevation":94},"geometry":{"type":"Polygon","coordinates":[[[106.582218,29.615433],[106.581798,29.614827],[106.581455,29.613623],[106.580981,29.613605],[106.580747,29.614055],[106.579419,29.615512],[106.579162,29.616031],[106.57911,29.616312],[106.579976,29.617096],[106.580639,29.617181],[106.580618,29.616877],[106.58122,29.616811],[106.582143,29.615893],[106.581981,29.615645],[106.582218,29.615433]]]}},{"id":"940","type":"Feature","properties":{"landuse":"residential","amenity":"unknown","military":"unknown","base_elevation":93},"geometry":{"type":"Polygon","coordinates":[[[106.582632,29.619597],[106.582408,29.619016],[106.582003,29.618483],[106.581834,29.617836],[106.581622,29.61759],[106.581163,29.617376],[106.580142,29.61731],[106.580029,29.617415],[106.581002,29.619222],[106.580623,29.619659],[106.580604,29.619772],[106.581739,29.620433],[106.581968,29.620339],[106.58251,29.619826],[106.582632,29.619597]]]}},{"id":"941","type":"Feature","properties":{"landuse":"residential","amenity":"unknown","military":"unknown","base_elevation":81},"geometry":{"type":"Polygon","coordinates":[[[106.579604,29.62018],[106.579249,29.619748],[106.578446,29.619313],[106.577522,29.619822],[106.577061,29.620578],[106.577351,29.621383],[106.577286,29.622294],[106.576234,29.623059],[106.576063,29.623926],[106.576706,29.624719],[106.576717,29.625008],[106.577114,29.625092],[106.577587,29.624265],[106.578124,29.623062],[106.579154,29.622045],[106.578971,29.62157],[106.578455,29.620998],[106.579604,29.62018]]]}},{"id":"942","type":"Feature","properties":{"landuse":"residential","amenity":"unknown","military":"unknown","base_elevation":84},"geometry":{"type":"Polygon","coordinates":[[[106.586642,29.639014],[106.586171,29.63826],[106.585557,29.637847],[106.585332,29.637779],[106.584301,29.639141],[106.58521,29.639743],[106.586446,29.640228],[106.587067,29.639398],[106.586999,29.639253],[106.586642,29.639014]]]}},{"id":"943","type":"Feature","properties":{"landuse":"residential","amenity":"unknown","military":"unknown","base_elevation":169},"geometry":{"type":"Polygon","coordinates":[[[106.609382,29.495877],[106.609444,29.496171],[106.609774,29.496578],[106.611489,29.498136],[106.612122,29.49858],[106.612563,29.499101],[106.612714,29.499574],[106.612735,29.500132],[106.612535,29.500761],[106.612759,29.502271],[106.613289,29.503039],[106.613733,29.502996],[106.614642,29.503469],[106.615089,29.503511],[106.616122,29.50311],[106.616714,29.503086],[106.617189,29.502816],[106.618091,29.501821],[106.617677,29.501149],[106.616915,29.501258],[106.616507,29.501108],[106.616228,29.500417],[106.615791,29.49837],[106.615754,29.496662],[106.613739,29.497055],[106.613448,29.497047],[106.611252,29.495116],[106.610936,29.493715],[106.610802,29.493263],[106.610603,29.492968],[106.61056,29.492632],[106.61091,29.492027],[106.61002,29.491001],[106.609588,29.488842],[106.609148,29.488812],[106.609664,29.490999],[106.609802,29.491275],[106.610394,29.491868],[106.610394,29.492102],[106.610029,29.492953],[106.609182,29.494025],[106.609471,29.495212],[106.609382,29.495877]]]}},{"id":"944","type":"Feature","properties":{"landuse":"residential","amenity":"unknown","military":"unknown","base_elevation":137},"geometry":{"type":"Polygon","coordinates":[[[106.628994,29.501875],[106.629257,29.501913],[106.630574,29.501286],[106.627726,29.497504],[106.626378,29.498045],[106.626279,29.498124],[106.626284,29.498258],[106.627149,29.499775],[106.628994,29.501875]]]}},{"id":"945","type":"Feature","properties":{"landuse":"residential","amenity":"unknown","military":"unknown","base_elevation":157},"geometry":{"type":"Polygon","coordinates":[[[106.626294,29.500114],[106.62611,29.500238],[106.625574,29.500294],[106.625348,29.50047],[106.626763,29.501879],[106.627177,29.501706],[106.627555,29.501841],[106.62697,29.5011],[106.627618,29.500692],[106.626879,29.499837],[106.626044,29.498273],[106.625765,29.498363],[106.626465,29.49984],[106.626294,29.500114]]]}},{"id":"946","type":"Feature","properties":{"landuse":"residential","amenity":"unknown","military":"unknown","base_elevation":139},"geometry":{"type":"Polygon","coordinates":[[[106.627043,29.501925],[106.626713,29.502121],[106.628031,29.503533],[106.628666,29.504734],[106.629143,29.50601],[106.629688,29.506887],[106.630504,29.506696],[106.630795,29.507169],[106.631297,29.509389],[106.631483,29.509617],[106.631712,29.509721],[106.632357,29.509592],[106.632548,29.509318],[106.632194,29.507614],[106.631559,29.507028],[106.631197,29.506397],[106.631091,29.506442],[106.630695,29.505682],[106.630237,29.505399],[106.630036,29.504651],[106.629373,29.503957],[106.628967,29.503297],[106.62847,29.502794],[106.627907,29.502644],[106.627324,29.501959],[106.627043,29.501925]]]}},{"id":"947","type":"Feature","properties":{"landuse":"residential","amenity":"unknown","military":"unknown","base_elevation":137},"geometry":{"type":"Polygon","coordinates":[[[106.634566,29.503018],[106.633728,29.501884],[106.63195,29.501433],[106.629671,29.502645],[106.630777,29.50392],[106.631191,29.504272],[106.631801,29.50542],[106.633443,29.50756],[106.633682,29.507611],[106.636732,29.506129],[106.636964,29.505663],[106.634566,29.503018]]]}},{"id":"948","type":"Feature","properties":{"landuse":"residential","amenity":"unknown","military":"unknown","base_elevation":134},"geometry":{"type":"Polygon","coordinates":[[[106.646082,29.507584],[106.646795,29.507216],[106.647023,29.506903],[106.646872,29.506441],[106.646524,29.505817],[106.645541,29.506297],[106.645935,29.506911],[106.645912,29.507548],[106.646082,29.507584]]]}},{"id":"949","type":"Feature","properties":{"landuse":"residential","amenity":"unknown","military":"unknown","base_elevation":132},"geometry":{"type":"Polygon","coordinates":[[[106.649637,29.506346],[106.649386,29.506302],[106.647472,29.507236],[106.648014,29.509554],[106.648168,29.509678],[106.650868,29.508122],[106.650881,29.507986],[106.649637,29.506346]]]}},{"id":"950","type":"Feature","properties":{"landuse":"residential","amenity":"unknown","military":"unknown","base_elevation":131},"geometry":{"type":"Polygon","coordinates":[[[106.637182,29.50985],[106.638341,29.509137],[106.639146,29.508905],[106.638861,29.508178],[106.638426,29.507451],[106.637467,29.506323],[106.637316,29.50633],[106.636146,29.506918],[106.635802,29.506949],[106.633879,29.507873],[106.63417,29.508318],[106.635188,29.508549],[106.635624,29.508747],[106.636518,29.509772],[106.636879,29.509912],[106.637182,29.50985]]]}},{"id":"951","type":"Feature","properties":{"landuse":"residential","amenity":"unknown","military":"unknown","base_elevation":132},"geometry":{"type":"Polygon","coordinates":[[[106.643204,29.508323],[106.642765,29.508776],[106.642296,29.50894],[106.641759,29.508905],[106.640974,29.508604],[106.640644,29.508704],[106.6404,29.508931],[106.641214,29.510146],[106.644228,29.508548],[106.644363,29.508275],[106.644375,29.507928],[106.643204,29.508323]]]}},{"id":"952","type":"Feature","properties":{"landuse":"residential","amenity":"unknown","military":"unknown","base_elevation":152},"geometry":{"type":"Polygon","coordinates":[[[106.631102,29.509668],[106.630455,29.507214],[106.630097,29.507028],[106.629624,29.507106],[106.62985,29.508023],[106.629781,29.508422],[106.631197,29.51327],[106.632019,29.513292],[106.631914,29.512824],[106.63171,29.510003],[106.631324,29.509865],[106.631102,29.509668]]]}},{"id":"953","type":"Feature","properties":{"landuse":"residential","amenity":"unknown","military":"unknown","base_elevation":138},"geometry":{"type":"Polygon","coordinates":[[[106.632734,29.50953],[106.632548,29.509746],[106.632051,29.509875],[106.631956,29.510012],[106.631989,29.511686],[106.632085,29.511778],[106.632834,29.51174],[106.633431,29.511512],[106.63366,29.511529],[106.633436,29.510868],[106.634257,29.510481],[106.633789,29.508931],[106.633116,29.508765],[106.63281,29.50884],[106.632834,29.50926],[106.632734,29.50953]]]}},{"id":"954","type":"Feature","properties":{"landuse":"residential","amenity":"unknown","military":"unknown","base_elevation":133},"geometry":{"type":"Polygon","coordinates":[[[106.637003,29.510558],[106.636597,29.51052],[106.636165,29.510302],[106.634975,29.509187],[106.634156,29.509041],[106.634701,29.510884],[106.635545,29.512535],[106.635924,29.512625],[106.638143,29.511039],[106.638065,29.510927],[106.638597,29.510614],[106.638534,29.509833],[106.637003,29.510558]]]}},{"id":"955","type":"Feature","properties":{"landuse":"residential","amenity":"unknown","military":"unknown","base_elevation":107},"geometry":{"type":"Polygon","coordinates":[[[106.645248,29.51234],[106.644785,29.511558],[106.644709,29.509483],[106.64448,29.50949],[106.643929,29.509148],[106.641617,29.510346],[106.641512,29.510524],[106.642129,29.511945],[106.642404,29.512178],[106.643636,29.512797],[106.644337,29.513561],[106.644989,29.514635],[106.646224,29.513978],[106.646298,29.513751],[106.645248,29.51234]]]}},{"id":"956","type":"Feature","properties":{"landuse":"residential","amenity":"unknown","military":"unknown","base_elevation":104},"geometry":{"type":"Polygon","coordinates":[[[106.645317,29.511629],[106.64529,29.511778],[106.6467,29.513605],[106.646945,29.513672],[106.648139,29.51326],[106.647998,29.512569],[106.64768,29.51162],[106.647494,29.511318],[106.647241,29.511182],[106.646876,29.511208],[106.646605,29.511005],[106.645317,29.511629]]]}},{"id":"957","type":"Feature","properties":{"landuse":"residential","amenity":"unknown","military":"unknown","base_elevation":115},"geometry":{"type":"Polygon","coordinates":[[[106.639513,29.512221],[106.638877,29.512274],[106.638482,29.512064],[106.63813,29.511631],[106.636144,29.512962],[106.636076,29.513201],[106.637751,29.515542],[106.640029,29.514308],[106.639513,29.512221]]]}},{"id":"958","type":"Feature","properties":{"landuse":"residential","amenity":"unknown","military":"unknown","base_elevation":86},"geometry":{"type":"Polygon","coordinates":[[[106.643529,29.515017],[106.643752,29.515212],[106.64384,29.515193],[106.643851,29.515036],[106.643996,29.514898],[106.644205,29.514879],[106.644393,29.515007],[106.644409,29.515224],[106.644298,29.515346],[106.644095,29.515389],[106.64392,29.515316],[106.643648,29.515512],[106.643637,29.515787],[106.644406,29.516189],[106.64476,29.516544],[106.645343,29.517481],[106.646051,29.51709],[106.645899,29.516866],[106.646473,29.516573],[106.644865,29.514789],[106.644177,29.513627],[106.643535,29.512898],[106.64316,29.512648],[106.642716,29.512441],[106.640324,29.513596],[106.640574,29.514337],[106.641702,29.516312],[106.642495,29.515918],[106.642378,29.515507],[106.64244,29.515299],[106.64273,29.51501],[106.643156,29.514912],[106.643529,29.515017]]]}},{"id":"959","type":"Feature","properties":{"landuse":"residential","amenity":"unknown","military":"unknown","base_elevation":98},"geometry":{"type":"Polygon","coordinates":[[[106.64825,29.513429],[106.647119,29.513809],[106.647047,29.514067],[106.648046,29.515407],[106.648164,29.515472],[106.649159,29.515142],[106.648965,29.514647],[106.648704,29.514398],[106.64825,29.513429]]]}},{"id":"960","type":"Feature","properties":{"landuse":"residential","amenity":"unknown","military":"unknown","base_elevation":95},"geometry":{"type":"Polygon","coordinates":[[[106.64967,29.514278],[106.649568,29.514304],[106.649327,29.514606],[106.649707,29.515319],[106.650243,29.515092],[106.64967,29.514278]]]}},{"id":"961","type":"Feature","properties":{"landuse":"residential","amenity":"unknown","military":"unknown","base_elevation":102},"geometry":{"type":"Polygon","coordinates":[[[106.63957,29.517729],[106.640988,29.516815],[106.641025,29.516635],[106.639914,29.514819],[106.639736,29.514743],[106.638037,29.515751],[106.638004,29.515909],[106.639369,29.517682],[106.63957,29.517729]]]}},{"id":"962","type":"Feature","properties":{"landuse":"residential","amenity":"unknown","military":"unknown","base_elevation":111},"geometry":{"type":"Polygon","coordinates":[[[106.63406,29.516526],[106.633808,29.516694],[106.634378,29.517679],[106.635597,29.516984],[106.635646,29.516843],[106.635252,29.516494],[106.635033,29.516408],[106.634407,29.516581],[106.63406,29.516526]]]}},{"id":"963","type":"Feature","properties":{"landuse":"residential","amenity":"unknown","military":"unknown","base_elevation":89},"geometry":{"type":"Polygon","coordinates":[[[106.641982,29.516437],[106.641925,29.516631],[106.643109,29.518518],[106.643421,29.518365],[106.643501,29.518483],[106.645178,29.517575],[106.644434,29.516502],[106.643345,29.515848],[106.643022,29.515852],[106.641982,29.516437]]]}},{"id":"964","type":"Feature","properties":{"landuse":"residential","amenity":"unknown","military":"unknown","base_elevation":87},"geometry":{"type":"Polygon","coordinates":[[[106.648245,29.518509],[106.648265,29.518701],[106.648102,29.519136],[106.648382,29.519173],[106.648938,29.519469],[106.649988,29.520354],[106.650336,29.520489],[106.651628,29.519896],[106.651684,29.519648],[106.650674,29.519062],[106.649776,29.518418],[106.649238,29.517871],[106.648234,29.518362],[106.648169,29.518011],[106.64768,29.517219],[106.648029,29.517056],[106.647742,29.516581],[106.645679,29.51769],[106.645965,29.51801],[106.645859,29.518059],[106.646474,29.519063],[106.646567,29.519021],[106.646649,29.519158],[106.647493,29.51918],[106.647352,29.518897],[106.648245,29.518509]]]}},{"id":"965","type":"Feature","properties":{"landuse":"residential","amenity":"unknown","military":"unknown","base_elevation":93},"geometry":{"type":"Polygon","coordinates":[[[106.640289,29.519033],[106.640497,29.519085],[106.641004,29.518873],[106.641058,29.518947],[106.642061,29.518449],[106.641277,29.517115],[106.641088,29.517059],[106.639763,29.51794],[106.639748,29.518065],[106.640289,29.519033]]]}},{"id":"966","type":"Feature","properties":{"landuse":"residential","amenity":"unknown","military":"unknown","base_elevation":101},"geometry":{"type":"Polygon","coordinates":[[[106.63733,29.518743],[106.638313,29.518337],[106.637958,29.517689],[106.636802,29.518141],[106.637159,29.518726],[106.63733,29.518743]]]}},{"id":"967","type":"Feature","properties":{"landuse":"residential","amenity":"unknown","military":"unknown","base_elevation":101},"geometry":{"type":"Polygon","coordinates":[[[106.634159,29.518167],[106.634162,29.518665],[106.634684,29.520131],[106.634858,29.520204],[106.636786,29.518981],[106.636888,29.518732],[106.635934,29.517145],[106.635686,29.517065],[106.634451,29.51777],[106.634159,29.518167]]]}},{"id":"968","type":"Feature","properties":{"landuse":"residential","amenity":"unknown","military":"unknown","base_elevation":95},"geometry":{"type":"Polygon","coordinates":[[[106.645209,29.518039],[106.644478,29.518392],[106.644554,29.518497],[106.643754,29.518845],[106.643835,29.518984],[106.643513,29.519122],[106.643758,29.519543],[106.645118,29.518939],[106.645609,29.519821],[106.646065,29.519558],[106.645902,29.519323],[106.645996,29.51928],[106.645379,29.518303],[106.645311,29.518335],[106.645209,29.518039]]]}},{"id":"969","type":"Feature","properties":{"landuse":"residential","amenity":"unknown","military":"unknown","base_elevation":103},"geometry":{"type":"Polygon","coordinates":[[[106.638517,29.518651],[106.638273,29.518603],[106.63737,29.518949],[106.637287,29.519085],[106.637783,29.521077],[106.637979,29.521117],[106.640118,29.520118],[106.640173,29.519966],[106.639968,29.519303],[106.639548,29.518617],[106.639419,29.518535],[106.638637,29.518805],[106.638517,29.518651]]]}},{"id":"970","type":"Feature","properties":{"landuse":"residential","amenity":"unknown","military":"unknown","base_elevation":122},"geometry":{"type":"Polygon","coordinates":[[[106.648505,29.520935],[106.648892,29.520788],[106.648821,29.520645],[106.649203,29.520499],[106.649348,29.520784],[106.649517,29.520723],[106.64943,29.52055],[106.649623,29.520476],[106.648844,29.519574],[106.648556,29.519404],[106.648129,29.519291],[106.64704,29.51962],[106.646845,29.519866],[106.647742,29.521232],[106.647923,29.521163],[106.648001,29.521317],[106.648204,29.521237],[106.648047,29.52094],[106.648432,29.520793],[106.648505,29.520935]]]}},{"id":"971","type":"Feature","properties":{"landuse":"residential","amenity":"unknown","military":"unknown","base_elevation":104},"geometry":{"type":"Polygon","coordinates":[[[106.637433,29.521084],[106.637021,29.519212],[106.636866,29.519143],[106.63491,29.520297],[106.634765,29.520533],[106.635253,29.52206],[106.635687,29.522172],[106.637255,29.521418],[106.637433,29.521084]]]}},{"id":"972","type":"Feature","properties":{"landuse":"residential","amenity":"unknown","military":"unknown","base_elevation":103},"geometry":{"type":"Polygon","coordinates":[[[106.642974,29.520291],[106.642296,29.520255],[106.641239,29.520762],[106.641455,29.521151],[106.642578,29.520597],[106.643056,29.521442],[106.64343,29.521051],[106.642974,29.520291]]]}},{"id":"973","type":"Feature","properties":{"landuse":"residential","amenity":"unknown","military":"unknown","base_elevation":119},"geometry":{"type":"Polygon","coordinates":[[[106.64522,29.521985],[106.645328,29.522197],[106.647097,29.521514],[106.647175,29.521662],[106.647488,29.521537],[106.646597,29.519987],[106.646118,29.52],[106.645566,29.52038],[106.644499,29.520686],[106.644387,29.520778],[106.645129,29.522023],[106.64522,29.521985]]]}},{"id":"974","type":"Feature","properties":{"landuse":"residential","amenity":"unknown","military":"unknown","base_elevation":121},"geometry":{"type":"Polygon","coordinates":[[[106.640805,29.521621],[106.640445,29.520783],[106.640028,29.520607],[106.637902,29.521585],[106.638569,29.523971],[106.640321,29.522952],[106.639908,29.521859],[106.640805,29.521621]]]}},{"id":"975","type":"Feature","properties":{"landuse":"residential","amenity":"unknown","military":"unknown","base_elevation":121},"geometry":{"type":"Polygon","coordinates":[[[106.646134,29.522553],[106.645657,29.522912],[106.645945,29.52351],[106.646123,29.523514],[106.646349,29.523048],[106.646507,29.522922],[106.648024,29.522317],[106.648071,29.522197],[106.647847,29.521861],[106.647581,29.521913],[106.646134,29.522553]]]}},{"id":"976","type":"Feature","properties":{"landuse":"residential","amenity":"unknown","military":"unknown","base_elevation":143},"geometry":{"type":"Polygon","coordinates":[[[106.635538,29.522655],[106.63605,29.524489],[106.638124,29.524119],[106.63833,29.523853],[106.637758,29.521886],[106.637462,29.521725],[106.635538,29.522655]]]}},{"id":"977","type":"Feature","properties":{"landuse":"residential","amenity":"unknown","military":"unknown","base_elevation":114},"geometry":{"type":"Polygon","coordinates":[[[106.641977,29.523335],[106.642323,29.523888],[106.642162,29.52396],[106.642384,29.524484],[106.643129,29.524458],[106.644631,29.523176],[106.64455,29.523193],[106.644358,29.522871],[106.644014,29.522605],[106.643821,29.522323],[106.64309,29.522251],[106.641668,29.522928],[106.641897,29.52338],[106.641977,29.523335]]]}},{"id":"978","type":"Feature","properties":{"landuse":"residential","amenity":"unknown","military":"unknown","base_elevation":110},"geometry":{"type":"Polygon","coordinates":[[[106.647082,29.524986],[106.649054,29.524099],[106.649131,29.523958],[106.649064,29.523704],[106.648289,29.522536],[106.648038,29.522482],[106.646646,29.523048],[106.646275,29.52364],[106.64694,29.524924],[106.647082,29.524986]]]}},{"id":"979","type":"Feature","properties":{"landuse":"residential","amenity":"unknown","military":"unknown","base_elevation":126},"geometry":{"type":"Polygon","coordinates":[[[106.640736,29.526279],[106.640855,29.526367],[106.642268,29.525289],[106.641373,29.523038],[106.641218,29.523079],[106.641099,29.52296],[106.638703,29.524158],[106.639925,29.526725],[106.640736,29.526279]]]}},{"id":"980","type":"Feature","properties":{"landuse":"residential","amenity":"unknown","military":"unknown","base_elevation":136},"geometry":{"type":"Polygon","coordinates":[[[106.636431,29.525866],[106.638794,29.525193],[106.638373,29.524288],[106.636104,29.524707],[106.636431,29.525866]]]}},{"id":"981","type":"Feature","properties":{"landuse":"residential","amenity":"unknown","military":"unknown","base_elevation":97},"geometry":{"type":"Polygon","coordinates":[[[106.649182,29.526571],[106.649261,29.526349],[106.648868,29.52539],[106.648957,29.524792],[106.648882,29.524682],[106.648359,29.52464],[106.647756,29.524864],[106.647177,29.525251],[106.647255,29.525405],[106.647343,29.525371],[106.647816,29.526153],[106.647887,29.526123],[106.64806,29.526344],[106.648387,29.52693],[106.649182,29.526571]]]}},{"id":"982","type":"Feature","properties":{"landuse":"residential","amenity":"unknown","military":"unknown","base_elevation":112},"geometry":{"type":"Polygon","coordinates":[[[106.643116,29.526675],[106.642982,29.52614],[106.642533,29.52545],[106.640938,29.526689],[106.639883,29.527163],[106.638396,29.527679],[106.63866,29.528132],[106.641077,29.527199],[106.642797,29.527439],[106.643116,29.526675]]]}},{"id":"983","type":"Feature","properties":{"landuse":"residential","amenity":"unknown","military":"unknown","base_elevation":98},"geometry":{"type":"Polygon","coordinates":[[[106.650127,29.533096],[106.650002,29.532742],[106.649626,29.532827],[106.649498,29.532539],[106.649081,29.532386],[106.648385,29.531945],[106.647815,29.531143],[106.646803,29.531478],[106.646683,29.531716],[106.647535,29.533851],[106.650127,29.533096]]]}},{"id":"984","type":"Feature","properties":{"landuse":"residential","amenity":"unknown","military":"unknown","base_elevation":325},"geometry":{"type":"Polygon","coordinates":[[[106.608232,29.533682],[106.606679,29.531739],[106.606203,29.531877],[106.606306,29.533727],[106.607836,29.534128],[106.608232,29.533682]]]}},{"id":"985","type":"Feature","properties":{"landuse":"residential","amenity":"unknown","military":"unknown","base_elevation":305},"geometry":{"type":"Polygon","coordinates":[[[106.604482,29.534782],[106.606729,29.53485],[106.606772,29.534034],[106.605412,29.533963],[106.605243,29.533815],[106.605137,29.533461],[106.604489,29.533486],[106.604482,29.534782]]]}},{"id":"986","type":"Feature","properties":{"landuse":"residential","amenity":"unknown","military":"unknown","base_elevation":99},"geometry":{"type":"Polygon","coordinates":[[[106.64909,29.53612],[106.651772,29.535347],[106.651916,29.535142],[106.651741,29.534637],[106.651442,29.533128],[106.651181,29.533022],[106.647605,29.534081],[106.648071,29.535346],[106.64909,29.53612]]]}},{"id":"987","type":"Feature","properties":{"landuse":"residential","amenity":"unknown","military":"unknown","base_elevation":158},"geometry":{"type":"Polygon","coordinates":[[[106.62812,29.537494],[106.629157,29.537321],[106.6296,29.537164],[106.630623,29.5373],[106.632065,29.536581],[106.631658,29.536208],[106.628439,29.536208],[106.62816,29.535928],[106.627696,29.535753],[106.627002,29.536003],[106.627645,29.536861],[106.62765,29.537333],[106.62812,29.537494]]]}},{"id":"988","type":"Feature","properties":{"landuse":"residential","amenity":"unknown","military":"unknown","base_elevation":293},"geometry":{"type":"Polygon","coordinates":[[[106.601001,29.540323],[106.601225,29.541058],[106.602523,29.540694],[106.602459,29.540179],[106.601063,29.54026],[106.601001,29.540323]]]}},{"id":"989","type":"Feature","properties":{"landuse":"residential","amenity":"unknown","military":"unknown","base_elevation":292},"geometry":{"type":"Polygon","coordinates":[[[106.604401,29.541067],[106.604416,29.540998],[106.604773,29.540843],[106.604788,29.540678],[106.604602,29.540499],[106.604014,29.540694],[106.603806,29.540546],[106.603711,29.540321],[106.603369,29.540298],[106.603384,29.540628],[106.603718,29.541166],[106.604575,29.541638],[106.60475,29.541427],[106.604731,29.541357],[106.604401,29.541067]]]}},{"id":"990","type":"Feature","properties":{"landuse":"residential","amenity":"unknown","military":"unknown","base_elevation":292},"geometry":{"type":"Polygon","coordinates":[[[106.607299,29.543392],[106.607423,29.543145],[106.607257,29.543066],[106.607466,29.542828],[106.607739,29.542888],[106.607873,29.543028],[106.607916,29.543402],[106.608287,29.54321],[106.608587,29.543332],[106.608689,29.543238],[106.608528,29.543089],[106.608812,29.543108],[106.609306,29.542884],[106.609606,29.54258],[106.609628,29.542431],[106.609429,29.542221],[106.609139,29.542324],[106.609086,29.542389],[106.609257,29.542529],[106.609241,29.542711],[106.609027,29.54265],[106.608737,29.542968],[106.608555,29.542907],[106.608297,29.542968],[106.60819,29.542804],[106.608324,29.542664],[106.608431,29.542324],[106.607954,29.542118],[106.6079,29.542198],[106.608002,29.54238],[106.608024,29.54266],[106.607831,29.542683],[106.607868,29.542342],[106.607696,29.542314],[106.607755,29.54216],[106.607439,29.541908],[106.607326,29.542002],[106.607289,29.542258],[106.606774,29.542468],[106.606607,29.542254],[106.606779,29.541852],[106.606623,29.541675],[106.606607,29.541493],[106.606972,29.541274],[106.607525,29.5416],[106.607836,29.541624],[106.608469,29.541143],[106.608689,29.541292],[106.608496,29.541428],[106.60856,29.541764],[106.608689,29.541801],[106.608678,29.541624],[106.608925,29.541666],[106.609027,29.541572],[106.608855,29.541339],[106.608973,29.541353],[106.609193,29.541554],[106.6093,29.541456],[106.609086,29.541269],[106.609097,29.541199],[106.608437,29.540741],[106.608319,29.540424],[106.608136,29.540499],[106.608238,29.540807],[106.607959,29.540597],[106.607718,29.540709],[106.607595,29.540527],[106.607739,29.540111],[106.608018,29.539962],[106.60819,29.539962],[106.608324,29.540303],[106.608474,29.540125],[106.608394,29.539691],[106.607954,29.539719],[106.607906,29.539495],[106.607755,29.539477],[106.607557,29.539715],[106.607611,29.539957],[106.607568,29.540102],[106.607401,29.540181],[106.607466,29.540433],[106.607385,29.540555],[106.606699,29.540592],[106.606886,29.540835],[106.606747,29.541082],[106.60664,29.540886],[106.606323,29.540737],[106.606178,29.540877],[106.606243,29.54111],[106.605926,29.541292],[106.605781,29.541269],[106.605637,29.541012],[106.605915,29.54084],[106.605846,29.539972],[106.606028,29.539715],[106.60561,29.539799],[106.605282,29.539976],[106.605148,29.54027],[106.604891,29.54027],[106.60488,29.540443],[106.605127,29.540588],[106.605304,29.540807],[106.605272,29.540933],[106.605363,29.541157],[106.605663,29.541498],[106.605915,29.541498],[106.606001,29.541736],[106.606141,29.541801],[106.606516,29.541834],[106.606323,29.542296],[106.606479,29.542641],[106.606211,29.542874],[106.605626,29.542506],[106.605744,29.542473],[106.605755,29.542338],[106.60562,29.542142],[106.604998,29.542109],[106.604918,29.542221],[106.605052,29.542594],[106.604961,29.542809],[106.605052,29.543136],[106.605066,29.54368],[106.606932,29.543629],[106.606947,29.543829],[106.607278,29.54385],[106.607342,29.543728],[106.607299,29.543392]]]}},{"id":"991","type":"Feature","properties":{"landuse":"residential","amenity":"unknown","military":"unknown","base_elevation":304},"geometry":{"type":"Polygon","coordinates":[[[106.601899,29.546848],[106.601108,29.546717],[106.600972,29.546849],[106.601609,29.547337],[106.601776,29.547627],[106.601829,29.548175],[106.601564,29.548696],[106.601882,29.549079],[106.602542,29.549627],[106.602595,29.549799],[106.602793,29.549729],[106.603384,29.550789],[106.603187,29.550835],[106.603392,29.551218],[106.603341,29.551331],[106.603604,29.551538],[106.603972,29.551284],[106.60453,29.551185],[106.604478,29.5513],[106.604844,29.551908],[106.604987,29.55185],[106.605187,29.552151],[106.605918,29.552571],[106.606093,29.552894],[106.605891,29.553412],[106.606013,29.553715],[106.606415,29.553742],[106.606791,29.553541],[106.60684,29.554085],[106.6067,29.554643],[106.606961,29.555408],[106.607087,29.555451],[106.607124,29.55557],[106.606392,29.556705],[106.606601,29.556843],[106.607068,29.556807],[106.607921,29.555972],[106.608107,29.555976],[106.608964,29.555207],[106.609249,29.554253],[106.60808,29.553534],[106.607462,29.553425],[106.607599,29.552706],[106.607284,29.552452],[106.607652,29.552267],[106.606656,29.550997],[106.604881,29.549552],[106.604419,29.549032],[106.604135,29.548514],[106.603442,29.546591],[106.602569,29.5468],[106.601899,29.546848]]]}},{"id":"992","type":"Feature","properties":{"landuse":"residential","amenity":"unknown","military":"unknown","base_elevation":126},"geometry":{"type":"Polygon","coordinates":[[[106.640975,29.554088],[106.641043,29.554022],[106.641385,29.554036],[106.641408,29.553871],[106.641317,29.553712],[106.64093,29.55362],[106.640558,29.553296],[106.64052,29.553217],[106.640657,29.552887],[106.640277,29.552894],[106.640232,29.552973],[106.640292,29.553138],[106.639913,29.553178],[106.639883,29.55323],[106.640001,29.553307],[106.639931,29.553575],[106.640301,29.553899],[106.640679,29.554451],[106.641006,29.55459],[106.641081,29.55453],[106.640975,29.554088]]]}},{"id":"993","type":"Feature","properties":{"landuse":"residential","amenity":"unknown","military":"unknown","base_elevation":278},"geometry":{"type":"Polygon","coordinates":[[[106.629589,29.56295],[106.62894,29.562404],[106.628698,29.562432],[106.628607,29.562562],[106.628462,29.562338],[106.628269,29.562394],[106.628113,29.562268],[106.628382,29.562138],[106.628339,29.562086],[106.628215,29.561993],[106.628038,29.56203],[106.627738,29.561792],[106.627593,29.561764],[106.627266,29.561456],[106.626585,29.561069],[106.626316,29.560999],[106.6263,29.560808],[106.626204,29.560719],[106.626102,29.560794],[106.625833,29.560757],[106.625758,29.560911],[106.625506,29.56085],[106.62542,29.560757],[106.625495,29.560733],[106.625463,29.560677],[106.624959,29.560481],[106.624562,29.560225],[106.624653,29.560085],[106.6246,29.559982],[106.623902,29.56008],[106.623795,29.560015],[106.623629,29.560089],[106.623881,29.560323],[106.624101,29.560304],[106.62416,29.560453],[106.62453,29.560509],[106.62453,29.560631],[106.624315,29.560645],[106.624203,29.560841],[106.624063,29.560845],[106.623843,29.560715],[106.623747,29.560789],[106.623854,29.560859],[106.623833,29.560967],[106.623699,29.560957],[106.623505,29.560794],[106.623355,29.560999],[106.622937,29.560925],[106.622856,29.561023],[106.623348,29.561196],[106.623754,29.561166],[106.62383,29.561265],[106.623678,29.561423],[106.624167,29.561562],[106.62482,29.561252],[106.624672,29.561123],[106.624706,29.560942],[106.625165,29.560826],[106.625355,29.56108],[106.625495,29.560988],[106.625434,29.560915],[106.62556,29.560912],[106.626708,29.561377],[106.627105,29.561653],[106.627298,29.562063],[106.627099,29.562292],[106.627384,29.562502],[106.627759,29.562539],[106.628028,29.562712],[106.628317,29.562772],[106.628526,29.563001],[106.628789,29.562968],[106.629192,29.563132],[106.629224,29.562987],[106.629245,29.563043],[106.629589,29.56295]]]}},{"id":"994","type":"Feature","properties":{"landuse":"residential","amenity":"unknown","military":"unknown","base_elevation":253},"geometry":{"type":"Polygon","coordinates":[[[106.626059,29.563426],[106.626349,29.563071],[106.626188,29.56294],[106.625946,29.563006],[106.62608,29.56315],[106.626048,29.563248],[106.625646,29.562903],[106.625249,29.562688],[106.625179,29.562567],[106.62505,29.562572],[106.624948,29.562721],[106.624825,29.562716],[106.624573,29.562488],[106.624466,29.561919],[106.624374,29.561834],[106.624181,29.561905],[106.624042,29.562231],[106.624251,29.562478],[106.624305,29.562674],[106.623945,29.562548],[106.623811,29.56238],[106.623656,29.56246],[106.623741,29.56281],[106.624063,29.562777],[106.624294,29.562898],[106.624482,29.562791],[106.624734,29.562945],[106.625265,29.563015],[106.625184,29.563183],[106.625517,29.563416],[106.625721,29.563477],[106.625785,29.563454],[106.625732,29.563365],[106.625876,29.563318],[106.626059,29.563426]]]}},{"id":"995","type":"Feature","properties":{"landuse":"residential","amenity":"unknown","military":"unknown","base_elevation":327},"geometry":{"type":"Polygon","coordinates":[[[106.607788,29.565375],[106.607906,29.565502],[106.608074,29.565539],[106.608254,29.565364],[106.608681,29.5652],[106.608737,29.564867],[106.608463,29.564435],[106.608694,29.564258],[106.608551,29.56406],[106.608224,29.564133],[106.607939,29.563903],[106.607897,29.563733],[106.60798,29.563056],[106.607771,29.56302],[106.607679,29.563131],[106.607325,29.562978],[106.607516,29.562552],[106.607799,29.562596],[106.607889,29.562436],[106.607501,29.562351],[106.607423,29.562148],[106.606623,29.56257],[106.60685,29.56283],[106.606798,29.562949],[106.60666,29.562927],[106.606434,29.56303],[106.606424,29.563427],[106.606226,29.563493],[106.606506,29.564396],[106.6063,29.564548],[106.605967,29.564401],[106.605749,29.564587],[106.606107,29.564967],[106.606353,29.5651],[106.606959,29.565231],[106.607366,29.564909],[106.607785,29.564877],[106.608118,29.564984],[106.608091,29.565175],[106.607788,29.565375]]]}},{"id":"996","type":"Feature","properties":{"landuse":"residential","amenity":"unknown","military":"unknown","base_elevation":299},"geometry":{"type":"Polygon","coordinates":[[[106.613965,29.568306],[106.614305,29.567319],[106.614198,29.56714],[106.614201,29.56675],[106.614375,29.566367],[106.613804,29.565717],[106.613815,29.565413],[106.61401,29.56511],[106.613895,29.564774],[106.613911,29.564282],[106.613748,29.563888],[106.613898,29.563694],[106.613782,29.563584],[106.613804,29.56333],[106.612361,29.563309],[106.611948,29.561258],[106.611343,29.561364],[106.610897,29.56195],[106.609912,29.561072],[106.609585,29.561128],[106.609418,29.56175],[106.609129,29.562152],[106.609021,29.562509],[106.609703,29.562569],[106.610247,29.562901],[106.610293,29.562999],[106.610199,29.563234],[106.610178,29.56368],[106.609692,29.563955],[106.60976,29.564245],[106.609886,29.564227],[106.60996,29.564436],[106.609772,29.564933],[106.609775,29.565313],[106.610266,29.565112],[106.610674,29.565154],[106.612114,29.566571],[106.612436,29.567322],[106.612176,29.567786],[106.612219,29.567952],[106.612506,29.567898],[106.612648,29.567746],[106.612919,29.56773],[106.613412,29.56811],[106.613383,29.568434],[106.613616,29.568547],[106.613965,29.568306]]]}},{"id":"997","type":"Feature","properties":{"landuse":"residential","amenity":"unknown","military":"unknown","base_elevation":122},"geometry":{"type":"Polygon","coordinates":[[[106.600708,29.571437],[106.60105,29.571416],[106.601028,29.57122],[106.60137,29.571164],[106.601361,29.571332],[106.601552,29.571336],[106.601611,29.571206],[106.601842,29.571284],[106.601753,29.571466],[106.601913,29.571548],[106.602091,29.57146],[106.602164,29.571508],[106.602689,29.571222],[106.603182,29.571437],[106.603024,29.571817],[106.60278,29.571889],[106.602547,29.571719],[106.60223,29.57178],[106.602037,29.571948],[106.602257,29.572097],[106.601994,29.572323],[106.60197,29.572466],[106.602158,29.572454],[106.602176,29.572647],[106.602299,29.572677],[106.602358,29.572896],[106.602514,29.57279],[106.602831,29.572976],[106.603241,29.572997],[106.603228,29.573186],[106.603365,29.573317],[106.6033,29.573529],[106.603099,29.573672],[106.602749,29.574221],[106.602954,29.574473],[106.602901,29.574695],[106.603232,29.574785],[106.60347,29.574465],[106.603499,29.574177],[106.603746,29.573947],[106.603825,29.57404],[106.60401,29.573915],[106.604309,29.573495],[106.604475,29.573479],[106.60475,29.573562],[106.604997,29.57431],[106.605417,29.57461],[106.606373,29.574664],[106.606699,29.574561],[106.606862,29.574689],[106.606448,29.57525],[106.60628,29.57523],[106.606113,29.575051],[106.605406,29.575473],[106.605057,29.575865],[106.605117,29.576013],[106.605295,29.575984],[106.605559,29.575799],[106.605795,29.575809],[106.605881,29.575717],[106.605832,29.57561],[106.606194,29.575484],[106.606374,29.575571],[106.606363,29.575769],[106.606224,29.575885],[106.605985,29.575832],[106.605746,29.575947],[106.605792,29.576231],[106.605934,29.576376],[106.605683,29.576299],[106.605694,29.576525],[106.606237,29.576606],[106.606489,29.57634],[106.606674,29.576401],[106.607077,29.576902],[106.60665,29.57728],[106.606782,29.577537],[106.607407,29.577304],[106.607635,29.577122],[106.607632,29.576639],[106.607423,29.576338],[106.606919,29.576245],[106.606776,29.575902],[106.607069,29.575561],[106.606852,29.575123],[106.607101,29.574796],[106.607103,29.574553],[106.607519,29.574411],[106.607492,29.574248],[106.606935,29.574239],[106.606677,29.573751],[106.606076,29.57356],[106.60606,29.57348],[106.60565,29.573511],[106.60503,29.573009],[106.604837,29.572755],[106.60411,29.572594],[106.604033,29.57195],[106.604113,29.571656],[106.604285,29.571381],[106.604901,29.5708],[106.605248,29.571001],[106.605366,29.570814],[106.605111,29.570592],[106.605105,29.57048],[106.605132,29.570315],[106.605344,29.570242],[106.605357,29.570086],[106.604217,29.569737],[106.603641,29.569962],[106.603314,29.569958],[106.603212,29.569328],[106.602729,29.568096],[106.602445,29.568008],[106.602321,29.567625],[106.602628,29.567152],[106.602703,29.567192],[106.602801,29.567124],[106.60284,29.566965],[106.602986,29.567095],[106.603105,29.567054],[106.603282,29.567142],[106.603378,29.566948],[106.603522,29.566944],[106.603525,29.566796],[106.603236,29.566817],[106.603261,29.566693],[106.603159,29.566507],[106.602986,29.566504],[106.602964,29.566825],[106.602807,29.566916],[106.602755,29.566514],[106.602326,29.566581],[106.602301,29.566832],[106.602491,29.566846],[106.602491,29.566966],[106.602106,29.567396],[106.601996,29.56771],[106.601894,29.567784],[106.601814,29.568132],[106.601192,29.568505],[106.601428,29.568991],[106.602007,29.56886],[106.602136,29.569774],[106.6019,29.570372],[106.600704,29.571269],[106.599982,29.570807],[106.59991,29.570438],[106.600217,29.570172],[106.599732,29.569846],[106.599437,29.568987],[106.599542,29.568393],[106.599446,29.568241],[106.5995,29.568087],[106.600143,29.567578],[106.600524,29.567644],[106.600632,29.567522],[106.600487,29.56714],[106.599788,29.566643],[106.599032,29.567072],[106.598615,29.567163],[106.598708,29.567379],[106.597933,29.567316],[106.59892,29.569627],[106.599872,29.572251],[106.600227,29.572309],[106.600382,29.572199],[106.60051,29.571703],[106.600708,29.571437]]]}},{"id":"998","type":"Feature","properties":{"landuse":"residential","amenity":"unknown","military":"unknown","base_elevation":348},"geometry":{"type":"Polygon","coordinates":[[[106.617765,29.572883],[106.617953,29.572291],[106.617814,29.572151],[106.617631,29.571423],[106.616966,29.571455],[106.616875,29.571992],[106.616317,29.572776],[106.615824,29.572837],[106.615217,29.572697],[106.614971,29.572934],[106.614971,29.573084],[106.615035,29.573186],[106.615174,29.573187],[106.615362,29.572995],[106.615604,29.57292],[106.61584,29.572981],[106.615872,29.573246],[106.616464,29.573776],[106.616499,29.573886],[106.61703,29.574148],[106.617122,29.574106],[106.617122,29.573821],[106.617347,29.573821],[106.617481,29.573583],[106.617127,29.573401],[106.617266,29.572962],[106.617765,29.572883]]]}},{"id":"999","type":"Feature","properties":{"landuse":"residential","amenity":"unknown","military":"unknown","base_elevation":130},"geometry":{"type":"Polygon","coordinates":[[[106.608469,29.583676],[106.608587,29.583068],[106.608895,29.582851],[106.608635,29.58241],[106.608399,29.582228],[106.607916,29.58234],[106.607935,29.582587],[106.608294,29.582874],[106.608099,29.583331],[106.608142,29.583805],[106.608469,29.583676]]]}},{"id":"1000","type":"Feature","properties":{"landuse":"residential","amenity":"unknown","military":"unknown","base_elevation":59},"geometry":{"type":"Polygon","coordinates":[[[106.601981,29.59472],[106.601564,29.594179],[106.600985,29.593156],[106.60058,29.594731],[106.600661,29.594851],[106.601768,29.595061],[106.601884,29.595001],[106.601981,29.59472]]]}},{"id":"1001","type":"Feature","properties":{"landuse":"residential","amenity":"unknown","military":"unknown","base_elevation":73},"geometry":{"type":"Polygon","coordinates":[[[106.599484,29.597729],[106.600715,29.593172],[106.6001,29.593055],[106.599468,29.595294],[106.599339,29.595294],[106.598593,29.597599],[106.599484,29.597729]]]}},{"id":"1002","type":"Feature","properties":{"landuse":"residential","amenity":"unknown","military":"unknown","base_elevation":50},"geometry":{"type":"Polygon","coordinates":[[[106.600536,29.594997],[106.60027,29.596037],[106.600239,29.596563],[106.600057,29.59701],[106.600226,29.597148],[106.602668,29.597383],[106.602783,29.597285],[106.60282,29.596193],[106.602619,29.595623],[106.602308,29.595345],[106.601774,29.59516],[106.600662,29.594959],[106.600536,29.594997]]]}},{"id":"1003","type":"Feature","properties":{"landuse":"residential","amenity":"unknown","military":"unknown","base_elevation":92},"geometry":{"type":"Polygon","coordinates":[[[106.61009,29.596004],[106.610222,29.595826],[106.610234,29.595571],[106.609775,29.595519],[106.609672,29.595748],[106.609306,29.595771],[106.609115,29.596041],[106.608497,29.595856],[106.607991,29.5959],[106.60736,29.596522],[106.607071,29.596396],[106.606298,29.597101],[106.606738,29.597671],[106.606961,29.597442],[106.607103,29.5975],[106.607603,29.597154],[106.607954,29.597577],[106.6094,29.598147],[106.60954,29.598977],[106.609958,29.598988],[106.610332,29.598392],[106.610311,29.59801],[106.609889,29.596629],[106.61009,29.596004]]]}},{"id":"1004","type":"Feature","properties":{"landuse":"residential","amenity":"unknown","military":"unknown","base_elevation":49},"geometry":{"type":"Polygon","coordinates":[[[106.604124,29.601036],[106.604333,29.600402],[106.603619,29.599777],[106.604102,29.597328],[106.604129,29.596222],[106.602984,29.596228],[106.602649,29.600929],[106.604124,29.601036]]]}},{"id":"1005","type":"Feature","properties":{"landuse":"residential","amenity":"unknown","military":"unknown","base_elevation":50},"geometry":{"type":"Polygon","coordinates":[[[106.599924,29.597407],[106.599097,29.60084],[106.599258,29.60111],[106.601545,29.601341],[106.602371,29.600734],[106.602649,29.597817],[106.602477,29.597556],[106.600149,29.597286],[106.599924,29.597407]]]}},{"id":"1006","type":"Feature","properties":{"landuse":"residential","amenity":"unknown","military":"unknown","base_elevation":44},"geometry":{"type":"Polygon","coordinates":[[[106.604113,29.601643],[106.602638,29.601428],[106.602573,29.602757],[106.603616,29.602809],[106.604279,29.602729],[106.604113,29.601643]]]}},{"id":"1007","type":"Feature","properties":{"landuse":"residential","amenity":"unknown","military":"unknown","base_elevation":44},"geometry":{"type":"Polygon","coordinates":[[[106.601834,29.604135],[106.602355,29.602819],[106.602439,29.602099],[106.602429,29.601806],[106.602221,29.601588],[106.599183,29.601381],[106.598963,29.601554],[106.598293,29.604432],[106.598615,29.604842],[106.59905,29.605016],[106.601083,29.605333],[106.601834,29.604135]]]}},{"id":"1008","type":"Feature","properties":{"landuse":"residential","amenity":"unknown","military":"unknown","base_elevation":43},"geometry":{"type":"Polygon","coordinates":[[[106.604316,29.603876],[106.603669,29.603437],[106.602455,29.603217],[106.6015,29.605385],[106.604058,29.605631],[106.604347,29.604021],[106.604316,29.603876]]]}},{"id":"1009","type":"Feature","properties":{"landuse":"residential","amenity":"unknown","military":"unknown","base_elevation":47},"geometry":{"type":"Polygon","coordinates":[[[106.649842,29.606505],[106.65074,29.606675],[106.650853,29.606526],[106.650778,29.60647],[106.650918,29.606134],[106.650891,29.606017],[106.65055,29.605815],[106.650244,29.605308],[106.650279,29.605259],[106.650735,29.605626],[106.651135,29.605313],[106.649775,29.604371],[106.648595,29.603942],[106.647688,29.60386],[106.647039,29.603921],[106.64598,29.60421],[106.645301,29.604553],[106.644443,29.605383],[106.644617,29.605602],[106.64474,29.605633],[106.645786,29.605339],[106.646537,29.60529],[106.647063,29.605427],[106.647559,29.605663],[106.647903,29.605957],[106.648388,29.606722],[106.649094,29.60651],[106.64915,29.606568],[106.649842,29.606505]]]}},{"id":"1010","type":"Feature","properties":{"landuse":"residential","amenity":"unknown","military":"unknown","base_elevation":94},"geometry":{"type":"Polygon","coordinates":[[[106.645542,29.620375],[106.645394,29.620241],[106.64334,29.619934],[106.642984,29.620174],[106.642698,29.620759],[106.642306,29.621057],[106.641074,29.620916],[106.640962,29.621004],[106.641267,29.622036],[106.641391,29.622093],[106.643714,29.621685],[106.644788,29.621092],[106.645379,29.620911],[106.645542,29.620375]]]}},{"id":"1011","type":"Feature","properties":{"landuse":"residential","amenity":"unknown","military":"unknown","base_elevation":113},"geometry":{"type":"Polygon","coordinates":[[[106.645354,29.621542],[106.641454,29.622196],[106.641348,29.622339],[106.641605,29.623599],[106.641899,29.623719],[106.642994,29.623354],[106.64544,29.622956],[106.64557,29.622801],[106.645354,29.621542]]]}},{"id":"1012","type":"Feature","properties":{"landuse":"residential","amenity":"unknown","military":"unknown","base_elevation":78},"geometry":{"type":"Polygon","coordinates":[[[106.636497,29.622893],[106.636191,29.623308],[106.635982,29.623807],[106.63608,29.624275],[106.637583,29.624214],[106.638349,29.624321],[106.638562,29.624179],[106.638509,29.621687],[106.637888,29.621632],[106.637207,29.621961],[106.636703,29.622412],[106.636497,29.622893]]]}},{"id":"1013","type":"Feature","properties":{"landuse":"residential","amenity":"unknown","military":"unknown","base_elevation":116},"geometry":{"type":"Polygon","coordinates":[[[106.641335,29.623838],[106.641246,29.623231],[106.641148,29.623168],[106.638822,29.623526],[106.638731,29.623613],[106.638749,29.62419],[106.638955,29.624402],[106.639721,29.624427],[106.640455,29.624311],[106.641167,29.624051],[106.641335,29.623838]]]}},{"id":"1014","type":"Feature","properties":{"landuse":"residential","amenity":"unknown","military":"unknown","base_elevation":156},"geometry":{"type":"Polygon","coordinates":[[[106.61475,29.633096],[106.61579,29.633194],[106.616632,29.632676],[106.617152,29.631697],[106.615035,29.630813],[106.614358,29.630628],[106.613312,29.630483],[106.612877,29.630744],[106.613065,29.630949],[106.613784,29.632343],[106.614014,29.632651],[106.614277,29.632884],[106.61475,29.633096]]]}},{"id":"1015","type":"Feature","properties":{"landuse":"residential","amenity":"unknown","military":"unknown","base_elevation":154},"geometry":{"type":"Polygon","coordinates":[[[106.619229,29.632571],[106.617438,29.631812],[106.616873,29.632776],[106.618029,29.632852],[106.619229,29.632571]]]}},{"id":"1016","type":"Feature","properties":{"landuse":"residential","amenity":"unknown","military":"unknown","base_elevation":116},"geometry":{"type":"Polygon","coordinates":[[[106.610493,29.635035],[106.610656,29.634967],[106.611155,29.634145],[106.611097,29.633988],[106.609505,29.633775],[106.609388,29.633843],[106.609183,29.634538],[106.609162,29.634913],[106.609263,29.635011],[106.610493,29.635035]]]}},{"id":"1017","type":"Feature","properties":{"landuse":"residential","amenity":"unknown","military":"unknown","base_elevation":67},"geometry":{"type":"Polygon","coordinates":[[[106.602202,29.639691],[106.602301,29.641559],[106.60538,29.641344],[106.60549,29.641273],[106.60555,29.64108],[106.605345,29.640864],[106.604719,29.640754],[106.604627,29.640591],[106.604772,29.640158],[106.603432,29.639645],[106.60287,29.639583],[106.602202,29.639691]]]}},{"id":"1018","type":"Feature","properties":{"landuse":"residential","amenity":"unknown","military":"unknown","base_elevation":73},"geometry":{"type":"Polygon","coordinates":[[[106.604121,29.641815],[106.602863,29.641932],[106.602878,29.642502],[106.604174,29.643179],[106.604121,29.641815]]]}},{"id":"1019","type":"Feature","properties":{"landuse":"residential","amenity":"unknown","military":"unknown","base_elevation":91},"geometry":{"type":"Polygon","coordinates":[[[106.604333,29.643359],[106.604272,29.643867],[106.605927,29.64378],[106.605437,29.642527],[106.605393,29.641756],[106.604304,29.641836],[106.604333,29.643359]]]}},{"id":"1020","type":"Feature","properties":{"landuse":"residential","amenity":"unknown","military":"unknown","base_elevation":76},"geometry":{"type":"Polygon","coordinates":[[[106.659152,29.499326],[106.659124,29.499124],[106.657671,29.49799],[106.654912,29.500277],[106.656556,29.501719],[106.656919,29.501717],[106.659152,29.499326]]]}},{"id":"1021","type":"Feature","properties":{"landuse":"residential","amenity":"unknown","military":"unknown","base_elevation":59},"geometry":{"type":"Polygon","coordinates":[[[106.664798,29.501157],[106.664884,29.502835],[106.665451,29.50283],[106.66586,29.502445],[106.666432,29.501585],[106.667388,29.500873],[106.665644,29.499928],[106.665367,29.499978],[106.664946,29.500475],[106.664798,29.501157]]]}},{"id":"1022","type":"Feature","properties":{"landuse":"residential","amenity":"unknown","military":"unknown","base_elevation":58},"geometry":{"type":"Polygon","coordinates":[[[106.657027,29.502187],[106.658014,29.503166],[106.658349,29.503325],[106.661246,29.503312],[106.661327,29.503154],[106.661255,29.501367],[106.660608,29.500353],[106.659634,29.499532],[106.659307,29.499559],[106.657015,29.501898],[106.657027,29.502187]]]}},{"id":"1023","type":"Feature","properties":{"landuse":"residential","amenity":"unknown","military":"unknown","base_elevation":96},"geometry":{"type":"Polygon","coordinates":[[[106.653903,29.501307],[106.653879,29.501464],[106.653758,29.501539],[106.653317,29.50145],[106.653079,29.501538],[106.652931,29.501713],[106.652891,29.501834],[106.653131,29.502092],[106.65393,29.502347],[106.653075,29.502725],[106.653008,29.502625],[106.652179,29.503001],[106.651823,29.502703],[106.65162,29.50264],[106.651321,29.502211],[106.650892,29.502434],[106.650873,29.502626],[106.652492,29.504136],[106.652789,29.504152],[106.655449,29.502832],[106.656022,29.502348],[106.656265,29.501895],[106.654584,29.500379],[106.653677,29.500854],[106.653653,29.501018],[106.653903,29.501307]]]}},{"id":"1024","type":"Feature","properties":{"landuse":"residential","amenity":"unknown","military":"unknown","base_elevation":102},"geometry":{"type":"Polygon","coordinates":[[[106.650278,29.502753],[106.648716,29.503542],[106.64862,29.503783],[106.649807,29.505356],[106.650114,29.505493],[106.652116,29.504519],[106.65217,29.504325],[106.65055,29.502798],[106.650278,29.502753]]]}},{"id":"1025","type":"Feature","properties":{"landuse":"residential","amenity":"unknown","military":"unknown","base_elevation":61},"geometry":{"type":"Polygon","coordinates":[[[106.666648,29.505753],[106.666673,29.505123],[106.66638,29.504941],[106.665958,29.504397],[106.665377,29.50419],[106.665155,29.504175],[106.664959,29.504262],[106.66505,29.505637],[106.666648,29.505753]]]}},{"id":"1026","type":"Feature","properties":{"landuse":"residential","amenity":"unknown","military":"unknown","base_elevation":57},"geometry":{"type":"Polygon","coordinates":[[[106.664562,29.504278],[106.663733,29.504801],[106.66354,29.505861],[106.664022,29.505912],[106.66475,29.505656],[106.664675,29.504353],[106.664562,29.504278]]]}},{"id":"1027","type":"Feature","properties":{"landuse":"residential","amenity":"unknown","military":"unknown","base_elevation":63},"geometry":{"type":"Polygon","coordinates":[[[106.660898,29.505972],[106.660595,29.505825],[106.660151,29.505828],[106.660147,29.505205],[106.659562,29.505076],[106.658512,29.505073],[106.658522,29.506499],[106.660911,29.506514],[106.660898,29.505972]]]}},{"id":"1028","type":"Feature","properties":{"landuse":"residential","amenity":"unknown","military":"unknown","base_elevation":61},"geometry":{"type":"Polygon","coordinates":[[[106.663009,29.505244],[106.662706,29.505464],[106.661984,29.506442],[106.662062,29.506465],[106.662577,29.506057],[106.663122,29.505492],[106.663009,29.505244]]]}},{"id":"1029","type":"Feature","properties":{"landuse":"residential","amenity":"unknown","military":"unknown","base_elevation":104},"geometry":{"type":"Polygon","coordinates":[[[106.652464,29.504752],[106.650345,29.505745],[106.650348,29.506027],[106.651552,29.50766],[106.651732,29.507673],[106.652166,29.507468],[106.651921,29.507085],[106.652926,29.506585],[106.653178,29.506953],[106.653731,29.506701],[106.653843,29.506528],[106.653598,29.505829],[106.652655,29.504784],[106.652464,29.504752]]]}},{"id":"1030","type":"Feature","properties":{"landuse":"residential","amenity":"unknown","military":"unknown","base_elevation":57},"geometry":{"type":"Polygon","coordinates":[[[106.664642,29.506456],[106.664699,29.505949],[106.664605,29.505856],[106.663956,29.506059],[106.663529,29.506036],[106.663438,29.506538],[106.663494,29.506598],[106.664347,29.506676],[106.664642,29.506456]]]}},{"id":"1031","type":"Feature","properties":{"landuse":"residential","amenity":"unknown","military":"unknown","base_elevation":57},"geometry":{"type":"Polygon","coordinates":[[[106.662314,29.50651],[106.663224,29.50658],[106.663301,29.506545],[106.66336,29.506069],[106.663197,29.50605],[106.662338,29.50643],[106.662314,29.50651]]]}},{"id":"1032","type":"Feature","properties":{"landuse":"residential","amenity":"unknown","military":"unknown","base_elevation":57},"geometry":{"type":"Polygon","coordinates":[[[106.662558,29.506755],[106.66242,29.50683],[106.662427,29.506908],[106.662662,29.507263],[106.663216,29.507024],[106.66325,29.506834],[106.662558,29.506755]]]}},{"id":"1033","type":"Feature","properties":{"landuse":"residential","amenity":"unknown","military":"unknown","base_elevation":57},"geometry":{"type":"Polygon","coordinates":[[[106.66332,29.507182],[106.664599,29.507317],[106.664634,29.507042],[106.664524,29.506953],[106.663422,29.506844],[106.66332,29.507182]]]}},{"id":"1034","type":"Feature","properties":{"landuse":"residential","amenity":"unknown","military":"unknown","base_elevation":59},"geometry":{"type":"Polygon","coordinates":[[[106.662631,29.508036],[106.66192,29.506727],[106.661759,29.506783],[106.662494,29.508349],[106.662776,29.509442],[106.663033,29.509393],[106.662631,29.508036]]]}},{"id":"1035","type":"Feature","properties":{"landuse":"residential","amenity":"unknown","military":"unknown","base_elevation":62},"geometry":{"type":"Polygon","coordinates":[[[106.658959,29.509253],[106.658728,29.509115],[106.65872,29.508965],[106.658323,29.508963],[106.658246,29.509504],[106.658248,29.510565],[106.658524,29.511493],[106.658865,29.511606],[106.65898,29.511573],[106.659136,29.511339],[106.658889,29.511015],[106.659189,29.510819],[106.659358,29.510994],[106.659871,29.510718],[106.660945,29.510789],[106.661194,29.510732],[106.660995,29.509829],[106.661113,29.509425],[106.661024,29.508146],[106.660278,29.508106],[106.660212,29.508015],[106.661105,29.50799],[106.6612,29.507493],[106.660564,29.506734],[106.65853,29.506752],[106.658443,29.50681],[106.658451,29.507846],[106.65884,29.507943],[106.659005,29.507835],[106.659076,29.50763],[106.659249,29.507627],[106.65905,29.507945],[106.658929,29.508373],[106.659243,29.509166],[106.658959,29.509253]]]}},{"id":"1036","type":"Feature","properties":{"landuse":"residential","amenity":"unknown","military":"unknown","base_elevation":64},"geometry":{"type":"Polygon","coordinates":[[[106.666581,29.507156],[106.665663,29.507028],[106.665557,29.507845],[106.66583,29.507881],[106.66641,29.507592],[106.666581,29.507156]]]}},{"id":"1037","type":"Feature","properties":{"landuse":"residential","amenity":"unknown","military":"unknown","base_elevation":99},"geometry":{"type":"Polygon","coordinates":[[[106.654602,29.506801],[106.653779,29.506962],[106.653225,29.507221],[106.654023,29.508545],[106.655019,29.508534],[106.655019,29.506801],[106.654602,29.506801]]]}},{"id":"1038","type":"Feature","properties":{"landuse":"residential","amenity":"unknown","military":"unknown","base_elevation":60},"geometry":{"type":"Polygon","coordinates":[[[106.662326,29.508671],[106.66232,29.508461],[106.661727,29.507168],[106.661536,29.507177],[106.661252,29.508099],[106.661252,29.508508],[106.662086,29.508527],[106.662326,29.508671]]]}},{"id":"1039","type":"Feature","properties":{"landuse":"residential","amenity":"unknown","military":"unknown","base_elevation":56},"geometry":{"type":"Polygon","coordinates":[[[106.663847,29.510441],[106.665555,29.510142],[106.665584,29.509348],[106.665432,29.509194],[106.665227,29.509166],[106.664313,29.5094],[106.663518,29.507324],[106.663079,29.507391],[106.662922,29.50746],[106.663616,29.509159],[106.663847,29.510441]]]}},{"id":"1040","type":"Feature","properties":{"landuse":"residential","amenity":"unknown","military":"unknown","base_elevation":99},"geometry":{"type":"Polygon","coordinates":[[[106.654866,29.510571],[106.655019,29.510447],[106.655057,29.508734],[106.653899,29.50875],[106.653035,29.507372],[106.652659,29.507585],[106.652465,29.507819],[106.652407,29.50815],[106.652451,29.508396],[106.652598,29.508792],[106.653325,29.509993],[106.653517,29.510459],[106.653658,29.510574],[106.654866,29.510571]]]}},{"id":"1041","type":"Feature","properties":{"landuse":"residential","amenity":"unknown","military":"unknown","base_elevation":101},"geometry":{"type":"Polygon","coordinates":[[[106.655362,29.510501],[106.655453,29.510616],[106.656549,29.510657],[106.656633,29.510583],[106.656625,29.508254],[106.656507,29.508179],[106.655402,29.508177],[106.655295,29.508279],[106.655362,29.510501]]]}},{"id":"1042","type":"Feature","properties":{"landuse":"residential","amenity":"unknown","military":"unknown","base_elevation":58},"geometry":{"type":"Polygon","coordinates":[[[106.663517,29.511491],[106.663229,29.511303],[106.663191,29.510914],[106.663095,29.510913],[106.663087,29.510546],[106.663344,29.510504],[106.663076,29.509544],[106.662805,29.509577],[106.662929,29.510154],[106.662947,29.511644],[106.663523,29.511643],[106.663517,29.511491]]]}},{"id":"1043","type":"Feature","properties":{"landuse":"residential","amenity":"unknown","military":"unknown","base_elevation":60},"geometry":{"type":"Polygon","coordinates":[[[106.661459,29.509201],[106.661534,29.509099],[106.661824,29.509238],[106.662136,29.509224],[106.66216,29.509371],[106.662326,29.509499],[106.662391,29.509672],[106.661909,29.509813],[106.661918,29.509954],[106.66145,29.509969],[106.661445,29.509791],[106.661158,29.50968],[106.6613,29.510849],[106.661147,29.511901],[106.661497,29.511936],[106.661784,29.512119],[106.662458,29.512057],[106.662459,29.512117],[106.662715,29.512109],[106.662698,29.51177],[106.662132,29.511708],[106.662094,29.511493],[106.661743,29.511489],[106.6617,29.51133],[106.662086,29.511181],[106.662542,29.511132],[106.662548,29.511629],[106.6627,29.511629],[106.662743,29.510294],[106.662325,29.508772],[106.662105,29.508643],[106.661276,29.508604],[106.661273,29.509227],[106.661459,29.509201]]]}},{"id":"1044","type":"Feature","properties":{"landuse":"residential","amenity":"unknown","military":"unknown","base_elevation":75},"geometry":{"type":"Polygon","coordinates":[[[106.660225,29.513606],[106.660232,29.512991],[106.660495,29.512993],[106.660498,29.512711],[106.661079,29.512715],[106.661095,29.51107],[106.660892,29.510876],[106.65969,29.510866],[106.659661,29.513601],[106.660225,29.513606]]]}},{"id":"1045","type":"Feature","properties":{"landuse":"residential","amenity":"unknown","military":"unknown","base_elevation":52},"geometry":{"type":"Polygon","coordinates":[[[106.663012,29.515325],[106.663118,29.515874],[106.663367,29.516189],[106.664935,29.51595],[106.66525,29.515639],[106.665341,29.51506],[106.666249,29.51411],[106.666681,29.513924],[106.66679,29.513604],[106.666617,29.513276],[106.665614,29.512944],[106.66497,29.511919],[106.664955,29.511625],[106.663605,29.511677],[106.663531,29.512941],[106.663025,29.51294],[106.663012,29.515325]]]}},{"id":"1046","type":"Feature","properties":{"landuse":"residential","amenity":"unknown","military":"unknown","base_elevation":93},"geometry":{"type":"Polygon","coordinates":[[[106.656522,29.513654],[106.6566,29.513558],[106.656601,29.511068],[106.656481,29.510922],[106.654687,29.510948],[106.654676,29.511401],[106.65439,29.511639],[106.654408,29.511963],[106.654291,29.512055],[106.65468,29.513129],[106.654442,29.513194],[106.654605,29.513643],[106.656522,29.513654]]]}},{"id":"1047","type":"Feature","properties":{"landuse":"residential","amenity":"unknown","military":"unknown","base_elevation":99},"geometry":{"type":"Polygon","coordinates":[[[106.653008,29.512965],[106.65342,29.512856],[106.652847,29.511034],[106.652637,29.510902],[106.651878,29.511007],[106.651758,29.511112],[106.651809,29.514432],[106.652953,29.514013],[106.652973,29.513888],[106.652761,29.51332],[106.653008,29.512965]]]}},{"id":"1048","type":"Feature","properties":{"landuse":"residential","amenity":"unknown","military":"unknown","base_elevation":90},"geometry":{"type":"Polygon","coordinates":[[[106.656918,29.513556],[106.657946,29.513574],[106.658119,29.51343],[106.658134,29.511968],[106.656907,29.511981],[106.656918,29.513556]]]}},{"id":"1049","type":"Feature","properties":{"landuse":"residential","amenity":"unknown","military":"unknown","base_elevation":74},"geometry":{"type":"Polygon","coordinates":[[[106.661904,29.512761],[106.660914,29.513004],[106.661209,29.51415],[106.661657,29.514021],[106.662196,29.513427],[106.662076,29.513356],[106.662532,29.51282],[106.661904,29.512761]]]}},{"id":"1050","type":"Feature","properties":{"landuse":"residential","amenity":"unknown","military":"unknown","base_elevation":106},"geometry":{"type":"Polygon","coordinates":[[[106.650808,29.514769],[106.651538,29.51464],[106.651567,29.513393],[106.650553,29.513321],[106.650437,29.513494],[106.650808,29.514769]]]}},{"id":"1051","type":"Feature","properties":{"landuse":"residential","amenity":"unknown","military":"unknown","base_elevation":57},"geometry":{"type":"Polygon","coordinates":[[[106.663737,29.518345],[106.664906,29.517743],[106.664477,29.517129],[106.664838,29.517022],[106.665087,29.5165],[106.665102,29.516208],[106.663379,29.516523],[106.663305,29.516647],[106.663397,29.517702],[106.663737,29.518345]]]}},{"id":"1052","type":"Feature","properties":{"landuse":"residential","amenity":"unknown","military":"unknown","base_elevation":66},"geometry":{"type":"Polygon","coordinates":[[[106.657928,29.518133],[106.658228,29.518244],[106.659054,29.518142],[106.66008,29.51833],[106.660156,29.518207],[106.659866,29.517414],[106.659495,29.516838],[106.657639,29.517099],[106.657515,29.517348],[106.657928,29.518133]]]}},{"id":"1053","type":"Feature","properties":{"landuse":"residential","amenity":"unknown","military":"unknown","base_elevation":66},"geometry":{"type":"Polygon","coordinates":[[[106.657942,29.518489],[106.657205,29.517306],[106.656648,29.517426],[106.656599,29.517617],[106.657157,29.5186],[106.657897,29.5186],[106.657942,29.518489]]]}},{"id":"1054","type":"Feature","properties":{"landuse":"residential","amenity":"unknown","military":"unknown","base_elevation":71},"geometry":{"type":"Polygon","coordinates":[[[106.660576,29.518423],[106.661172,29.520091],[106.661311,29.520177],[106.662427,29.519663],[106.661852,29.518134],[106.660576,29.518423]]]}},{"id":"1055","type":"Feature","properties":{"landuse":"residential","amenity":"unknown","military":"unknown","base_elevation":65},"geometry":{"type":"Polygon","coordinates":[[[106.658121,29.518992],[106.657491,29.519256],[106.658104,29.520298],[106.658758,29.520029],[106.658121,29.518992]]]}},{"id":"1056","type":"Feature","properties":{"landuse":"residential","amenity":"unknown","military":"unknown","base_elevation":91},"geometry":{"type":"Polygon","coordinates":[[[106.652973,29.522097],[106.653171,29.522492],[106.653041,29.522953],[106.652784,29.523259],[106.65165,29.523562],[106.651187,29.523768],[106.65011,29.524721],[106.649652,29.5248],[106.64926,29.524744],[106.64911,29.524823],[106.649032,29.525433],[106.649423,29.526326],[106.649395,29.526573],[106.649496,29.526608],[106.649905,29.526423],[106.650205,29.526149],[106.653342,29.524811],[106.653216,29.524548],[106.653192,29.523138],[106.653969,29.522831],[106.653979,29.522692],[106.654279,29.52268],[106.654205,29.52199],[106.653776,29.521262],[106.6528,29.520544],[106.651978,29.520888],[106.652489,29.521807],[106.652714,29.521872],[106.652973,29.522097]]]}},{"id":"1057","type":"Feature","properties":{"landuse":"residential","amenity":"unknown","military":"unknown","base_elevation":115},"geometry":{"type":"Polygon","coordinates":[[[106.652633,29.523188],[106.6529,29.522952],[106.653013,29.522586],[106.652903,29.522241],[106.65249,29.521963],[106.651038,29.521987],[106.650748,29.521912],[106.650102,29.522189],[106.649859,29.521764],[106.648485,29.522314],[106.648429,29.522468],[106.649202,29.523656],[106.649297,29.524085],[106.649204,29.524478],[106.649308,29.524612],[106.649629,29.524665],[106.649991,29.5246],[106.651077,29.523646],[106.651408,29.523496],[106.652633,29.523188]]]}},{"id":"1058","type":"Feature","properties":{"landuse":"residential","amenity":"unknown","military":"unknown","base_elevation":79},"geometry":{"type":"Polygon","coordinates":[[[106.658294,29.527726],[106.658317,29.52782],[106.658176,29.527859],[106.658088,29.527988],[106.658318,29.528863],[106.65842,29.528849],[106.658642,29.529834],[106.6585,29.529858],[106.658657,29.53055],[106.658843,29.530667],[106.659345,29.53057],[106.659684,29.530262],[106.660187,29.529618],[106.660205,29.52945],[106.659184,29.527633],[106.658891,29.52762],[106.658852,29.52755],[106.658294,29.527726]]]}},{"id":"1059","type":"Feature","properties":{"landuse":"residential","amenity":"unknown","military":"unknown","base_elevation":101},"geometry":{"type":"Polygon","coordinates":[[[106.658206,29.530868],[106.658251,29.530765],[106.657542,29.528038],[106.65738,29.527977],[106.655821,29.528465],[106.655768,29.528612],[106.655836,29.529476],[106.655481,29.531242],[106.655541,29.531308],[106.655893,29.531348],[106.658206,29.530868]]]}},{"id":"1060","type":"Feature","properties":{"landuse":"residential","amenity":"unknown","military":"unknown","base_elevation":89},"geometry":{"type":"Polygon","coordinates":[[[106.653786,29.529658],[106.653029,29.531097],[106.65325,29.531192],[106.65324,29.531281],[106.653905,29.531216],[106.655264,29.531381],[106.655674,29.52934],[106.655587,29.528696],[106.65528,29.528654],[106.65455,29.528864],[106.654114,29.52918],[106.653786,29.529658]]]}},{"id":"1061","type":"Feature","properties":{"landuse":"residential","amenity":"unknown","military":"unknown","base_elevation":94},"geometry":{"type":"Polygon","coordinates":[[[106.662686,29.530715],[106.662642,29.530151],[106.662047,29.529325],[106.661847,29.529272],[106.661772,29.529131],[106.661435,29.529258],[106.660945,29.529873],[106.66093,29.530014],[106.661893,29.531721],[106.661834,29.53175],[106.662219,29.532479],[106.662437,29.532561],[106.662808,29.532409],[106.66297,29.532015],[106.662686,29.530715]]]}},{"id":"1062","type":"Feature","properties":{"landuse":"residential","amenity":"unknown","military":"unknown","base_elevation":72},"geometry":{"type":"Polygon","coordinates":[[[106.66374,29.529901],[106.665013,29.531568],[106.665064,29.531827],[106.665987,29.53312],[106.666932,29.532651],[106.66453,29.529581],[106.66374,29.529901]]]}},{"id":"1063","type":"Feature","properties":{"landuse":"residential","amenity":"unknown","military":"unknown","base_elevation":93},"geometry":{"type":"Polygon","coordinates":[[[106.658817,29.531123],[106.65906,29.531598],[106.659199,29.531646],[106.659466,29.532121],[106.65933,29.53218],[106.659641,29.532723],[106.659734,29.532691],[106.660112,29.533292],[106.660344,29.533364],[106.661965,29.532735],[106.661984,29.53256],[106.660468,29.529897],[106.660301,29.529903],[106.659891,29.530479],[106.65967,29.530657],[106.658925,29.530926],[106.658817,29.531123]]]}},{"id":"1064","type":"Feature","properties":{"landuse":"residential","amenity":"unknown","military":"unknown","base_elevation":116},"geometry":{"type":"Polygon","coordinates":[[[106.658205,29.531012],[106.655494,29.531586],[106.655398,29.531701],[106.655245,29.532446],[106.655263,29.532738],[106.655797,29.534269],[106.655909,29.534302],[106.657551,29.533068],[106.659053,29.532389],[106.658681,29.531779],[106.65841,29.531073],[106.658205,29.531012]]]}},{"id":"1065","type":"Feature","properties":{"landuse":"residential","amenity":"unknown","military":"unknown","base_elevation":94},"geometry":{"type":"Polygon","coordinates":[[[106.65487,29.535108],[106.655687,29.534506],[106.655132,29.532764],[106.655105,29.532446],[106.655255,29.531468],[106.653804,29.531283],[106.652859,29.531383],[106.652868,29.531994],[106.653248,29.534529],[106.654376,29.535196],[106.654599,29.535208],[106.65487,29.535108]]]}},{"id":"1066","type":"Feature","properties":{"landuse":"residential","amenity":"unknown","military":"unknown","base_elevation":97},"geometry":{"type":"Polygon","coordinates":[[[106.652572,29.534987],[106.652768,29.534798],[106.652847,29.534531],[106.652597,29.532486],[106.651944,29.532485],[106.651878,29.532548],[106.652237,29.53459],[106.652382,29.534985],[106.652572,29.534987]]]}},{"id":"1067","type":"Feature","properties":{"landuse":"residential","amenity":"unknown","military":"unknown","base_elevation":86},"geometry":{"type":"Polygon","coordinates":[[[106.664832,29.53322],[106.664571,29.532861],[106.664659,29.532814],[106.664025,29.532004],[106.663316,29.53208],[106.663179,29.532422],[106.662523,29.53294],[106.66449,29.53568],[106.664599,29.53568],[106.664616,29.535542],[106.665231,29.534889],[106.665768,29.534511],[106.66523,29.533776],[106.665318,29.533718],[106.664913,29.533174],[106.664832,29.53322]]]}},{"id":"1068","type":"Feature","properties":{"landuse":"residential","amenity":"unknown","military":"unknown","base_elevation":121},"geometry":{"type":"Polygon","coordinates":[[[106.653498,29.534847],[106.653234,29.534882],[106.653046,29.535181],[106.652679,29.535449],[106.652627,29.535599],[106.653377,29.536835],[106.653623,29.536927],[106.655488,29.536306],[106.65486,29.535304],[106.654336,29.535327],[106.653498,29.534847]]]}},{"id":"1069","type":"Feature","properties":{"landuse":"residential","amenity":"unknown","military":"unknown","base_elevation":116},"geometry":{"type":"Polygon","coordinates":[[[106.649961,29.537848],[106.650173,29.537935],[106.652685,29.537137],[106.652515,29.536582],[106.652784,29.536494],[106.65223,29.535743],[106.65196,29.535653],[106.649496,29.536504],[106.649961,29.537848]]]}},{"id":"1070","type":"Feature","properties":{"landuse":"residential","amenity":"unknown","military":"unknown","base_elevation":144},"geometry":{"type":"Polygon","coordinates":[[[106.657752,29.537336],[106.658763,29.538767],[106.658881,29.538799],[106.660466,29.538347],[106.660548,29.538098],[106.660728,29.53812],[106.66086,29.53727],[106.660845,29.536912],[106.66016,29.535839],[106.659983,29.53579],[106.657798,29.537145],[106.657752,29.537336]]]}},{"id":"1071","type":"Feature","properties":{"landuse":"residential","amenity":"unknown","military":"unknown","base_elevation":139},"geometry":{"type":"Polygon","coordinates":[[[106.655729,29.536408],[106.653754,29.537031],[106.653679,29.537268],[106.65455,29.53861],[106.654683,29.53865],[106.655267,29.538252],[106.655766,29.538053],[106.656492,29.537985],[106.655729,29.536408]]]}},{"id":"1072","type":"Feature","properties":{"landuse":"residential","amenity":"unknown","military":"unknown","base_elevation":143},"geometry":{"type":"Polygon","coordinates":[[[106.657467,29.537758],[106.657208,29.537999],[106.655676,29.538271],[106.655344,29.538453],[106.656164,29.539475],[106.65664,29.539286],[106.656985,29.539296],[106.658336,29.538933],[106.658556,29.538813],[106.657681,29.537528],[106.657578,29.537502],[106.657467,29.537758]]]}},{"id":"1073","type":"Feature","properties":{"landuse":"residential","amenity":"unknown","military":"unknown","base_elevation":122},"geometry":{"type":"Polygon","coordinates":[[[106.650139,29.538266],[106.651204,29.540004],[106.651371,29.540101],[106.653927,29.539996],[106.654303,29.539442],[106.653106,29.537591],[106.652867,29.537391],[106.652651,29.537329],[106.650673,29.537949],[106.650139,29.538266]]]}},{"id":"1074","type":"Feature","properties":{"landuse":"residential","amenity":"unknown","military":"unknown","base_elevation":136},"geometry":{"type":"Polygon","coordinates":[[[106.660539,29.541143],[106.661747,29.540669],[106.661832,29.540527],[106.660818,29.538803],[106.660541,29.53873],[106.659133,29.539124],[106.659039,29.539294],[106.6596,29.540105],[106.660356,29.54106],[106.660539,29.541143]]]}},{"id":"1075","type":"Feature","properties":{"landuse":"residential","amenity":"unknown","military":"unknown","base_elevation":124},"geometry":{"type":"Polygon","coordinates":[[[106.653778,29.542219],[106.656577,29.541332],[106.655393,29.540307],[106.654305,29.540342],[106.654321,29.541111],[106.653354,29.541131],[106.653778,29.542219]]]}},{"id":"1076","type":"Feature","properties":{"landuse":"residential","amenity":"unknown","military":"unknown","base_elevation":43},"geometry":{"type":"Polygon","coordinates":[[[106.6642,29.562306],[106.663363,29.561905],[106.662569,29.561732],[106.662424,29.561825],[106.662038,29.561797],[106.661523,29.561498],[106.661646,29.561363],[106.660917,29.560915],[106.660681,29.560995],[106.660681,29.561312],[106.661475,29.562044],[106.661719,29.561846],[106.66207,29.56207],[106.662955,29.56207],[106.663068,29.562707],[106.664103,29.562525],[106.6642,29.562306]]]}},{"id":"1077","type":"Feature","properties":{"landuse":"residential","amenity":"unknown","military":"unknown","base_elevation":27},"geometry":{"type":"Polygon","coordinates":[[[106.665148,29.563471],[106.664539,29.566015],[106.665687,29.566524],[106.665981,29.56637],[106.665954,29.565983],[106.666909,29.565474],[106.666501,29.564695],[106.66685,29.564424],[106.666802,29.563706],[106.665176,29.562964],[106.664932,29.563253],[106.665148,29.563471]]]}},{"id":"1078","type":"Feature","properties":{"landuse":"residential","amenity":"unknown","military":"unknown","base_elevation":344},"geometry":{"type":"Polygon","coordinates":[[[106.665005,29.590358],[106.665858,29.590855],[106.66607,29.590883],[106.666515,29.59121],[106.666998,29.590982],[106.667196,29.591049],[106.667329,29.591407],[106.666738,29.591779],[106.666761,29.592143],[106.666927,29.592254],[106.66756,29.592044],[106.667716,29.592133],[106.667791,29.593401],[106.668837,29.59301],[106.669073,29.592762],[106.668957,29.592476],[106.668976,29.592325],[106.669434,29.591894],[106.66847,29.591339],[106.668364,29.591428],[106.668186,29.591296],[106.668091,29.590984],[106.668116,29.590779],[106.668336,29.590519],[106.668394,29.590014],[106.668508,29.58983],[106.668829,29.589689],[106.668891,29.589444],[106.667746,29.589217],[106.667674,29.589541],[106.667514,29.589799],[106.666571,29.5895],[106.66616,29.589131],[106.66589,29.589216],[106.664833,29.589105],[106.664795,29.589929],[106.665094,29.589952],[106.665005,29.590358]]]}},{"id":"1079","type":"Feature","properties":{"landuse":"residential","amenity":"unknown","military":"unknown","base_elevation":46},"geometry":{"type":"Polygon","coordinates":[[[106.65438,29.603531],[106.654697,29.603219],[106.654847,29.603294],[106.655075,29.603032],[106.655005,29.602657],[106.654901,29.602484],[106.654772,29.602575],[106.654622,29.602263],[106.654801,29.602221],[106.654777,29.602158],[106.65486,29.602123],[106.654702,29.601505],[106.654761,29.601178],[106.654657,29.600803],[106.654775,29.600654],[106.654595,29.600637],[106.654423,29.600409],[106.65423,29.600504],[106.653965,29.600483],[106.653914,29.600539],[106.654037,29.600707],[106.653747,29.600833],[106.652985,29.60025],[106.652457,29.601234],[106.652082,29.601563],[106.651921,29.601512],[106.651843,29.601011],[106.651905,29.600768],[106.650553,29.600497],[106.6504,29.600537],[106.64995,29.601927],[106.649696,29.602305],[106.64925,29.603603],[106.649343,29.603796],[106.64992,29.604082],[106.651406,29.605201],[106.65154,29.605087],[106.652318,29.605703],[106.653794,29.604816],[106.654501,29.604291],[106.654335,29.604098],[106.654244,29.603788],[106.65438,29.603531]]]}},{"id":"1080","type":"Feature","properties":{"landuse":"residential","amenity":"unknown","military":"unknown","base_elevation":99},"geometry":{"type":"Polygon","coordinates":[[[106.654927,29.609062],[106.65484,29.609075],[106.656209,29.610166],[106.656693,29.609717],[106.655347,29.608653],[106.654927,29.609062]]]}},{"id":"1081","type":"Feature","properties":{"landuse":"residential","amenity":"unknown","military":"unknown","base_elevation":87},"geometry":{"type":"Polygon","coordinates":[[[106.658056,29.611256],[106.658227,29.611023],[106.657864,29.610744],[106.656416,29.611894],[106.657333,29.612978],[106.657588,29.612974],[106.659234,29.611958],[106.659158,29.611788],[106.658598,29.611338],[106.658398,29.611523],[106.658056,29.611256]]]}},{"id":"1082","type":"Feature","properties":{"landuse":"residential","amenity":"unknown","military":"unknown","base_elevation":108},"geometry":{"type":"Polygon","coordinates":[[[106.664321,29.61271],[106.663403,29.613236],[106.665282,29.615816],[106.66615,29.61529],[106.664321,29.61271]]]}},{"id":"1083","type":"Feature","properties":{"landuse":"residential","amenity":"unknown","military":"unknown","base_elevation":90},"geometry":{"type":"Polygon","coordinates":[[[106.660584,29.613743],[106.658795,29.614678],[106.658471,29.614953],[106.659801,29.61625],[106.66012,29.616012],[106.660037,29.615921],[106.660413,29.615618],[106.661003,29.61538],[106.661086,29.615068],[106.661316,29.614748],[106.660584,29.613743]]]}},{"id":"1084","type":"Feature","properties":{"landuse":"residential","amenity":"unknown","military":"unknown","base_elevation":118},"geometry":{"type":"Polygon","coordinates":[[[106.662588,29.615476],[106.662829,29.61545],[106.662859,29.615313],[106.66258,29.615308],[106.662588,29.615476]]]}},{"id":"1085","type":"Feature","properties":{"landuse":"residential","amenity":"unknown","military":"unknown","base_elevation":122},"geometry":{"type":"Polygon","coordinates":[[[106.662196,29.615289],[106.662208,29.615612],[106.662401,29.615607],[106.662361,29.615482],[106.662486,29.615371],[106.662471,29.615254],[106.662196,29.615289]]]}},{"id":"1086","type":"Feature","properties":{"landuse":"residential","amenity":"unknown","military":"unknown","base_elevation":112},"geometry":{"type":"Polygon","coordinates":[[[106.663087,29.615663],[106.663354,29.615326],[106.663264,29.615275],[106.662979,29.615562],[106.663087,29.615663]]]}},{"id":"1087","type":"Feature","properties":{"landuse":"residential","amenity":"unknown","military":"unknown","base_elevation":109},"geometry":{"type":"Polygon","coordinates":[[[106.661257,29.615832],[106.661633,29.615513],[106.661413,29.615236],[106.661038,29.615555],[106.661027,29.615758],[106.661257,29.615832]]]}},{"id":"1088","type":"Feature","properties":{"landuse":"residential","amenity":"unknown","military":"unknown","base_elevation":89},"geometry":{"type":"Polygon","coordinates":[[[106.663872,29.617567],[106.662949,29.618257],[106.664763,29.61974],[106.665503,29.619143],[106.663872,29.617567]]]}},{"id":"1089","type":"Feature","properties":{"landuse":"residential","amenity":"unknown","military":"unknown","base_elevation":90},"geometry":{"type":"Polygon","coordinates":[[[106.667102,29.619731],[106.666672,29.618667],[106.664988,29.619852],[106.665514,29.620374],[106.6659,29.620328],[106.665889,29.619936],[106.667102,29.619731]]]}},{"id":"1090","type":"Feature","properties":{"landuse":"residential","amenity":"unknown","military":"unknown","base_elevation":45},"geometry":{"type":"Polygon","coordinates":[[[106.660249,29.62283],[106.660418,29.623079],[106.660606,29.623096],[106.660533,29.622779],[106.660249,29.62283]]]}},{"id":"1091","type":"Feature","properties":{"landuse":"residential","amenity":"unknown","military":"unknown","base_elevation":46},"geometry":{"type":"Polygon","coordinates":[[[106.661974,29.623506],[106.662006,29.623588],[106.662271,29.623606],[106.662341,29.623413],[106.662151,29.623247],[106.66185,29.623399],[106.66185,29.623341],[106.661754,29.623355],[106.661687,29.623161],[106.661467,29.623121],[106.661075,29.622622],[106.660944,29.622634],[106.660761,29.622853],[106.660764,29.622979],[106.660877,29.623068],[106.660823,29.623469],[106.660927,29.623492],[106.661011,29.623702],[106.661856,29.623791],[106.661974,29.623506]]]}},{"id":"1092","type":"Feature","properties":{"landuse":"retail","amenity":"unknown","military":"unknown","base_elevation":123},"geometry":{"type":"Polygon","coordinates":[[[106.513586,29.50628],[106.512676,29.507508],[106.512697,29.507599],[106.513664,29.508149],[106.513797,29.508149],[106.514621,29.506663],[106.513695,29.506256],[106.513586,29.50628]]]}},{"id":"1093","type":"Feature","properties":{"landuse":"retail","amenity":"unknown","military":"unknown","base_elevation":122},"geometry":{"type":"Polygon","coordinates":[[[106.511031,29.50973],[106.511074,29.509921],[106.51199,29.510488],[106.512134,29.510472],[106.513609,29.508448],[106.513572,29.508304],[106.512598,29.507763],[106.512479,29.507788],[106.511031,29.50973]]]}},{"id":"1094","type":"Feature","properties":{"landuse":"retail","amenity":"unknown","military":"unknown","base_elevation":126},"geometry":{"type":"Polygon","coordinates":[[[106.511357,29.511252],[106.51165,29.511097],[106.511906,29.510702],[106.511889,29.510603],[106.510711,29.509907],[106.510092,29.50986],[106.509992,29.509921],[106.51057,29.511193],[106.511357,29.511252]]]}},{"id":"1095","type":"Feature","properties":{"landuse":"retail","amenity":"unknown","military":"unknown","base_elevation":126},"geometry":{"type":"Polygon","coordinates":[[[106.51016,29.511209],[106.509708,29.510161],[106.50924,29.510314],[106.509692,29.511362],[106.51016,29.511209]]]}},{"id":"1096","type":"Feature","properties":{"landuse":"retail","amenity":"unknown","military":"unknown","base_elevation":119},"geometry":{"type":"Polygon","coordinates":[[[106.507514,29.512996],[106.507845,29.513531],[106.508544,29.513199],[106.508662,29.513383],[106.508928,29.513254],[106.508826,29.512592],[106.50871,29.512414],[106.507514,29.512996]]]}},{"id":"1097","type":"Feature","properties":{"landuse":"retail","amenity":"unknown","military":"unknown","base_elevation":110},"geometry":{"type":"Polygon","coordinates":[[[106.513937,29.514346],[106.514286,29.513887],[106.514339,29.513492],[106.514002,29.511796],[106.51088,29.511338],[106.509416,29.511712],[106.509239,29.51186],[106.509099,29.512593],[106.509124,29.51295],[106.509742,29.514546],[106.510096,29.514875],[106.511528,29.515368],[106.511908,29.515378],[106.513937,29.514346]]]}},{"id":"1098","type":"Feature","properties":{"landuse":"retail","amenity":"unknown","military":"unknown","base_elevation":121},"geometry":{"type":"Polygon","coordinates":[[[106.513474,29.516265],[106.513584,29.517201],[106.514028,29.517161],[106.513918,29.516226],[106.513474,29.516265]]]}},{"id":"1099","type":"Feature","properties":{"landuse":"retail","amenity":"unknown","military":"unknown","base_elevation":106},"geometry":{"type":"Polygon","coordinates":[[[106.517041,29.518621],[106.517085,29.516793],[106.516896,29.517095],[106.515379,29.517105],[106.515418,29.518661],[106.515548,29.518757],[106.517041,29.518621]]]}},{"id":"1100","type":"Feature","properties":{"landuse":"retail","amenity":"unknown","military":"unknown","base_elevation":108},"geometry":{"type":"Polygon","coordinates":[[[106.514273,29.522856],[106.517227,29.522679],[106.517169,29.522346],[106.51661,29.520908],[106.515606,29.519989],[106.515327,29.519616],[106.515196,29.517064],[106.514435,29.51702],[106.514012,29.517279],[106.513452,29.517403],[106.513959,29.521854],[106.514161,29.522687],[106.514273,29.522856]]]}},{"id":"1101","type":"Feature","properties":{"landuse":"retail","amenity":"unknown","military":"unknown","base_elevation":29},"geometry":{"type":"Polygon","coordinates":[[[106.522701,29.52934],[106.523179,29.531356],[106.523526,29.532113],[106.523927,29.532077],[106.523839,29.528346],[106.522675,29.528355],[106.522701,29.52934]]]}},{"id":"1102","type":"Feature","properties":{"landuse":"retail","amenity":"unknown","military":"unknown","base_elevation":161},"geometry":{"type":"Polygon","coordinates":[[[106.508258,29.541625],[106.50881,29.54106],[106.509294,29.540806],[106.509331,29.54054],[106.509071,29.54008],[106.509077,29.539847],[106.509495,29.539474],[106.509576,29.539249],[106.50918,29.538636],[106.509339,29.53811],[106.510114,29.538015],[106.511784,29.537486],[106.51138,29.536731],[106.510401,29.536836],[106.51041,29.535625],[106.508547,29.535651],[106.50734,29.537125],[106.507335,29.537514],[106.507551,29.537671],[106.507662,29.538323],[106.507457,29.539884],[106.506781,29.54064],[106.506579,29.540513],[106.506377,29.540757],[106.506449,29.540993],[106.506174,29.541545],[106.507138,29.542096],[106.507845,29.541899],[106.508258,29.541625]]]}},{"id":"1103","type":"Feature","properties":{"landuse":"retail","amenity":"unknown","military":"unknown","base_elevation":189},"geometry":{"type":"Polygon","coordinates":[[[106.512936,29.543469],[106.5131,29.543291],[106.513387,29.541936],[106.513232,29.5418],[106.512319,29.541663],[106.511806,29.543347],[106.51186,29.543427],[106.512573,29.543556],[106.512936,29.543469]]]}},{"id":"1104","type":"Feature","properties":{"landuse":"retail","amenity":"unknown","military":"unknown","base_elevation":46},"geometry":{"type":"Polygon","coordinates":[[[106.522314,29.562807],[106.522313,29.562616],[106.524525,29.562642],[106.524501,29.561466],[106.524013,29.559361],[106.523849,29.557738],[106.523652,29.557623],[106.521685,29.557415],[106.520116,29.557471],[106.519908,29.557647],[106.519778,29.558065],[106.519847,29.560803],[106.519916,29.561006],[106.520155,29.56133],[106.521971,29.563119],[106.522314,29.562807]]]}},{"id":"1105","type":"Feature","properties":{"landuse":"retail","amenity":"unknown","military":"unknown","base_elevation":124},"geometry":{"type":"Polygon","coordinates":[[[106.524481,29.575239],[106.524926,29.574722],[106.525025,29.574393],[106.524934,29.574264],[106.524303,29.574084],[106.524208,29.57411],[106.52351,29.575136],[106.523541,29.57522],[106.524276,29.575508],[106.524434,29.575439],[106.524481,29.575239]]]}},{"id":"1106","type":"Feature","properties":{"landuse":"retail","amenity":"unknown","military":"unknown","base_elevation":142},"geometry":{"type":"Polygon","coordinates":[[[106.51934,29.595936],[106.519236,29.595766],[106.517282,29.595022],[106.516108,29.597067],[106.515585,29.597762],[106.515623,29.597908],[106.517445,29.598828],[106.517784,29.59883],[106.518375,29.597893],[106.51934,29.595936]]]}},{"id":"1107","type":"Feature","properties":{"landuse":"retail","amenity":"unknown","military":"unknown","base_elevation":152},"geometry":{"type":"Polygon","coordinates":[[[106.517787,29.602909],[106.516655,29.602886],[106.516226,29.603167],[106.516251,29.603696],[106.517299,29.603692],[106.517312,29.603961],[106.517554,29.603953],[106.517542,29.603232],[106.517997,29.603224],[106.517911,29.603001],[106.517787,29.602909]]]}},{"id":"1108","type":"Feature","properties":{"landuse":"retail","amenity":"unknown","military":"unknown","base_elevation":131},"geometry":{"type":"Polygon","coordinates":[[[106.50422,29.610592],[106.504092,29.610673],[106.504024,29.610855],[106.504349,29.612767],[106.504427,29.612844],[106.506023,29.613168],[106.506425,29.610566],[106.50422,29.610592]]]}},{"id":"1109","type":"Feature","properties":{"landuse":"retail","amenity":"unknown","military":"unknown","base_elevation":112},"geometry":{"type":"Polygon","coordinates":[[[106.555147,29.519404],[106.555883,29.519645],[106.556908,29.519737],[106.55708,29.518264],[106.553639,29.51799],[106.553607,29.518373],[106.554154,29.518408],[106.554118,29.518902],[106.555147,29.519404]]]}},{"id":"1110","type":"Feature","properties":{"landuse":"retail","amenity":"unknown","military":"unknown","base_elevation":142},"geometry":{"type":"Polygon","coordinates":[[[106.563947,29.520241],[106.565134,29.520373],[106.565311,29.51975],[106.564018,29.519977],[106.563947,29.520241]]]}},{"id":"1111","type":"Feature","properties":{"landuse":"retail","amenity":"unknown","military":"unknown","base_elevation":155},"geometry":{"type":"Polygon","coordinates":[[[106.566898,29.531457],[106.567041,29.530522],[106.56694,29.52993],[106.566854,29.529711],[106.566112,29.529214],[106.565517,29.529907],[106.565894,29.530167],[106.565453,29.530693],[106.565717,29.531287],[106.566898,29.531457]]]}},{"id":"1112","type":"Feature","properties":{"landuse":"retail","amenity":"unknown","military":"unknown","base_elevation":110},"geometry":{"type":"Polygon","coordinates":[[[106.559038,29.539261],[106.559834,29.539247],[106.559813,29.53868],[106.559599,29.538515],[106.558724,29.538535],[106.558719,29.538972],[106.559038,29.539261]]]}},{"id":"1113","type":"Feature","properties":{"landuse":"retail","amenity":"unknown","military":"unknown","base_elevation":68},"geometry":{"type":"Polygon","coordinates":[[[106.570043,29.555026],[106.570576,29.55454],[106.571226,29.55441],[106.57127,29.554221],[106.571041,29.554169],[106.570972,29.554078],[106.571039,29.553333],[106.570941,29.553218],[106.569402,29.553247],[106.569189,29.553091],[106.569158,29.552228],[106.568852,29.552245],[106.568747,29.552111],[106.568733,29.551935],[106.568278,29.551953],[106.568232,29.552384],[106.567886,29.552527],[106.568496,29.554361],[106.568483,29.554625],[106.568757,29.554564],[106.568808,29.554832],[106.568888,29.554825],[106.568929,29.554968],[106.568932,29.555342],[106.569075,29.555343],[106.569122,29.555618],[106.569855,29.55562],[106.570331,29.555489],[106.570043,29.555026]]]}},{"id":"1114","type":"Feature","properties":{"landuse":"retail","amenity":"unknown","military":"unknown","base_elevation":132},"geometry":{"type":"Polygon","coordinates":[[[106.568983,29.559687],[106.569106,29.559713],[106.56992,29.558722],[106.569045,29.558221],[106.568578,29.558586],[106.568983,29.559687]]]}},{"id":"1115","type":"Feature","properties":{"landuse":"retail","amenity":"unknown","military":"unknown","base_elevation":116},"geometry":{"type":"Polygon","coordinates":[[[106.525856,29.575469],[106.525647,29.575282],[106.524793,29.575153],[106.52458,29.575439],[106.524575,29.575794],[106.525485,29.57592],[106.525856,29.575469]]]}},{"id":"1116","type":"Feature","properties":{"landuse":"retail","amenity":"unknown","military":"unknown","base_elevation":114},"geometry":{"type":"Polygon","coordinates":[[[106.527474,29.578363],[106.526703,29.580714],[106.526401,29.581288],[106.527001,29.581588],[106.52767,29.582047],[106.527747,29.582031],[106.528308,29.580837],[106.528613,29.580657],[106.530005,29.581847],[106.530689,29.58226],[106.531188,29.581551],[106.531256,29.581189],[106.53044,29.580346],[106.532334,29.579056],[106.532731,29.576929],[106.530438,29.575549],[106.528904,29.574806],[106.527271,29.574457],[106.52682,29.574581],[106.525584,29.576],[106.525426,29.576359],[106.525348,29.577246],[106.525386,29.577442],[106.52555,29.577606],[106.527474,29.578363]]]}},{"id":"1117","type":"Feature","properties":{"landuse":"retail","amenity":"unknown","military":"unknown","base_elevation":102},"geometry":{"type":"Polygon","coordinates":[[[106.555631,29.601771],[106.555283,29.601578],[106.553591,29.601596],[106.553499,29.601709],[106.553606,29.602754],[106.553714,29.60281],[106.555665,29.602799],[106.555788,29.602687],[106.555797,29.602162],[106.555631,29.601771]]]}},{"id":"1118","type":"Feature","properties":{"landuse":"retail","amenity":"unknown","military":"unknown","base_elevation":108},"geometry":{"type":"Polygon","coordinates":[[[106.550418,29.606809],[106.550398,29.605476],[106.550247,29.605399],[106.549223,29.605423],[106.549125,29.605515],[106.549162,29.60682],[106.549268,29.606911],[106.550304,29.606904],[106.550418,29.606809]]]}},{"id":"1119","type":"Feature","properties":{"landuse":"retail","amenity":"unknown","military":"unknown","base_elevation":104},"geometry":{"type":"Polygon","coordinates":[[[106.543794,29.610417],[106.543813,29.611063],[106.545696,29.610972],[106.545653,29.610216],[106.54369,29.610294],[106.543702,29.61041],[106.543794,29.610417]]]}},{"id":"1120","type":"Feature","properties":{"landuse":"retail","amenity":"unknown","military":"unknown","base_elevation":125},"geometry":{"type":"Polygon","coordinates":[[[106.549171,29.620977],[106.547648,29.62098],[106.547683,29.62218],[106.549183,29.622292],[106.549171,29.620977]]]}},{"id":"1121","type":"Feature","properties":{"landuse":"retail","amenity":"unknown","military":"unknown","base_elevation":141},"geometry":{"type":"Polygon","coordinates":[[[106.566297,29.632152],[106.566337,29.632265],[106.566919,29.632504],[106.567601,29.631356],[106.566921,29.631049],[106.5668,29.631073],[106.566297,29.632152]]]}},{"id":"1122","type":"Feature","properties":{"landuse":"retail","amenity":"unknown","military":"unknown","base_elevation":125},"geometry":{"type":"Polygon","coordinates":[[[106.561241,29.631782],[106.560042,29.633556],[106.560076,29.633638],[106.561701,29.634392],[106.561904,29.634336],[106.562571,29.633104],[106.562968,29.632572],[106.562924,29.632442],[106.561241,29.631782]]]}},{"id":"1123","type":"Feature","properties":{"landuse":"retail","amenity":"unknown","military":"unknown","base_elevation":125},"geometry":{"type":"Polygon","coordinates":[[[106.562098,29.634367],[106.56218,29.634485],[106.56406,29.635373],[106.564314,29.635406],[106.565236,29.633749],[106.565169,29.633617],[106.563317,29.632627],[106.563168,29.632654],[106.562722,29.633171],[106.562098,29.634367]]]}},{"id":"1124","type":"Feature","properties":{"landuse":"retail","amenity":"unknown","military":"unknown","base_elevation":145},"geometry":{"type":"Polygon","coordinates":[[[106.566222,29.635191],[106.56503,29.634658],[106.564471,29.635589],[106.564511,29.635683],[106.565627,29.636203],[106.566222,29.635191]]]}},{"id":"1125","type":"Feature","properties":{"landuse":"retail","amenity":"unknown","military":"unknown","base_elevation":268},"geometry":{"type":"Polygon","coordinates":[[[106.536763,29.63873],[106.536402,29.639514],[106.538074,29.640104],[106.538207,29.64002],[106.538994,29.63842],[106.537793,29.637991],[106.537634,29.638001],[106.536763,29.63873]]]}},{"id":"1126","type":"Feature","properties":{"landuse":"retail","amenity":"unknown","military":"unknown","base_elevation":138},"geometry":{"type":"Polygon","coordinates":[[[106.63195,29.501433],[106.633728,29.501884],[106.633043,29.500792],[106.632694,29.50069],[106.629536,29.502279],[106.629532,29.50247],[106.629671,29.502645],[106.63195,29.501433]]]}},{"id":"1127","type":"Feature","properties":{"landuse":"retail","amenity":"unknown","military":"unknown","base_elevation":262},"geometry":{"type":"Polygon","coordinates":[[[106.593125,29.507549],[106.593268,29.508299],[106.594297,29.508001],[106.594132,29.507361],[106.593125,29.507549]]]}},{"id":"1128","type":"Feature","properties":{"landuse":"retail","amenity":"unknown","military":"unknown","base_elevation":338},"geometry":{"type":"Polygon","coordinates":[[[106.587577,29.5111],[106.587964,29.511768],[106.588174,29.511905],[106.588452,29.511764],[106.588425,29.511564],[106.588855,29.511332],[106.58838,29.510885],[106.588106,29.510317],[106.58758,29.510843],[106.587577,29.5111]]]}},{"id":"1129","type":"Feature","properties":{"landuse":"retail","amenity":"unknown","military":"unknown","base_elevation":333},"geometry":{"type":"Polygon","coordinates":[[[106.589841,29.511865],[106.589223,29.511575],[106.588911,29.511886],[106.589158,29.512365],[106.589236,29.512404],[106.589392,29.512252],[106.589532,29.512259],[106.589734,29.512594],[106.58966,29.512855],[106.588862,29.513102],[106.588951,29.513323],[106.589334,29.513225],[106.589528,29.513313],[106.589479,29.513448],[106.590129,29.51358],[106.590514,29.513349],[106.590075,29.512145],[106.589841,29.511865]]]}},{"id":"1130","type":"Feature","properties":{"landuse":"retail","amenity":"unknown","military":"unknown","base_elevation":274},"geometry":{"type":"Polygon","coordinates":[[[106.596669,29.518713],[106.597488,29.520101],[106.597613,29.520139],[106.598688,29.51951],[106.596748,29.517715],[106.596522,29.517726],[106.596669,29.518713]]]}},{"id":"1131","type":"Feature","properties":{"landuse":"retail","amenity":"unknown","military":"unknown","base_elevation":100},"geometry":{"type":"Polygon","coordinates":[[[106.642505,29.51965],[106.642406,29.519629],[106.640998,29.520324],[106.641015,29.520875],[106.641122,29.521052],[106.641351,29.520964],[106.641239,29.520762],[106.642296,29.520255],[106.642974,29.520291],[106.64343,29.521051],[106.643659,29.520902],[106.642922,29.519761],[106.642764,29.519833],[106.642557,29.519779],[106.642505,29.51965]]]}},{"id":"1132","type":"Feature","properties":{"landuse":"retail","amenity":"unknown","military":"unknown","base_elevation":116},"geometry":{"type":"Polygon","coordinates":[[[106.64455,29.523193],[106.644711,29.523032],[106.644598,29.522835],[106.644646,29.522638],[106.643895,29.52143],[106.643662,29.521539],[106.643448,29.521445],[106.642953,29.52184],[106.64157,29.522522],[106.641531,29.522621],[106.641668,29.522928],[106.64309,29.522251],[106.643821,29.522323],[106.644014,29.522605],[106.644358,29.522871],[106.64455,29.523193]]]}},{"id":"1133","type":"Feature","properties":{"landuse":"retail","amenity":"unknown","military":"unknown","base_elevation":77},"geometry":{"type":"Polygon","coordinates":[[[106.660805,29.528706],[106.661415,29.528418],[106.66075,29.527175],[106.660277,29.526999],[106.659526,29.52729],[106.660395,29.528894],[106.66032,29.529052],[106.660462,29.529137],[106.660551,29.529097],[106.660805,29.528706]]]}},{"id":"1134","type":"Feature","properties":{"landuse":"retail","amenity":"unknown","military":"unknown","base_elevation":228},"geometry":{"type":"Polygon","coordinates":[[[106.599512,29.548136],[106.599303,29.548268],[106.599106,29.548168],[106.599235,29.54799],[106.59906,29.547759],[106.598855,29.547786],[106.598825,29.547509],[106.598582,29.547561],[106.597983,29.548248],[106.598021,29.548353],[106.598294,29.548518],[106.599007,29.548426],[106.599544,29.548946],[106.599873,29.548741],[106.599935,29.5486],[106.599512,29.548136]]]}},{"id":"1135","type":"Feature","properties":{"landuse":"retail","amenity":"unknown","military":"unknown","base_elevation":21},"geometry":{"type":"Polygon","coordinates":[[[106.576285,29.565102],[106.576164,29.564985],[106.574748,29.564522],[106.574635,29.564662],[106.57449,29.564622],[106.574267,29.564882],[106.574333,29.565046],[106.57616,29.565625],[106.576324,29.565221],[106.576232,29.565189],[106.576285,29.565102]]]}},{"id":"1136","type":"Feature","properties":{"landuse":"retail","amenity":"unknown","military":"unknown","base_elevation":46},"geometry":{"type":"Polygon","coordinates":[[[106.572654,29.579957],[106.572855,29.579384],[106.572169,29.579391],[106.570883,29.581246],[106.571899,29.581285],[106.572654,29.579957]]]}},{"id":"1137","type":"Feature","properties":{"landuse":"retail","amenity":"unknown","military":"unknown","base_elevation":38},"geometry":{"type":"Polygon","coordinates":[[[106.582997,29.582139],[106.583057,29.581445],[106.583213,29.58101],[106.583463,29.580565],[106.583781,29.580208],[106.583593,29.580004],[106.583297,29.579941],[106.58193,29.580671],[106.581362,29.581104],[106.580661,29.581927],[106.580512,29.582494],[106.580964,29.582731],[106.58108,29.582342],[106.581481,29.581819],[106.581691,29.581692],[106.582458,29.581698],[106.582997,29.582139]]]}},{"id":"1138","type":"Feature","properties":{"landuse":"retail","amenity":"unknown","military":"unknown","base_elevation":112},"geometry":{"type":"Polygon","coordinates":[[[106.589551,29.587703],[106.590128,29.587199],[106.590267,29.586818],[106.590213,29.586714],[106.58904,29.586514],[106.588105,29.586023],[106.587608,29.586539],[106.586823,29.586658],[106.587139,29.588216],[106.588495,29.588071],[106.588416,29.58757],[106.588672,29.587362],[106.589043,29.587228],[106.589551,29.587703]]]}},{"id":"1139","type":"Feature","properties":{"landuse":"retail","amenity":"unknown","military":"unknown","base_elevation":111},"geometry":{"type":"Polygon","coordinates":[[[106.594435,29.595115],[106.592785,29.595495],[106.593015,29.596194],[106.594652,29.5958],[106.594435,29.595115]]]}},{"id":"1140","type":"Feature","properties":{"landuse":"retail","amenity":"unknown","military":"unknown","base_elevation":90},"geometry":{"type":"Polygon","coordinates":[[[106.593131,29.600634],[106.592556,29.60086],[106.592841,29.601409],[106.593416,29.601183],[106.593131,29.600634]]]}},{"id":"1141","type":"Feature","properties":{"landuse":"unknown","amenity":"college","military":"unknown","base_elevation":131},"geometry":{"type":"Polygon","coordinates":[[[106.572183,29.515589],[106.574469,29.515382],[106.574525,29.513429],[106.576125,29.512327],[106.576134,29.511188],[106.573943,29.511579],[106.572664,29.511475],[106.572261,29.511609],[106.571686,29.511945],[106.571806,29.512431],[106.572347,29.513014],[106.571918,29.513335],[106.572031,29.514642],[106.571434,29.514811],[106.571607,29.515359],[106.572183,29.515589]]]}},{"id":"1142","type":"Feature","properties":{"landuse":"unknown","amenity":"college","military":"unknown","base_elevation":152},"geometry":{"type":"Polygon","coordinates":[[[106.578627,29.516905],[106.578137,29.516214],[106.578075,29.515975],[106.577825,29.515732],[106.577244,29.515698],[106.576884,29.516096],[106.577654,29.517548],[106.578648,29.517317],[106.578627,29.516905]]]}},{"id":"1143","type":"Feature","properties":{"landuse":"unknown","amenity":"college","military":"unknown","base_elevation":123},"geometry":{"type":"Polygon","coordinates":[[[106.656848,29.542778],[106.657742,29.544118],[106.658885,29.543302],[106.657572,29.542346],[106.656848,29.542778]]]}},{"id":"1144","type":"Feature","properties":{"landuse":"unknown","amenity":"college","military":"unknown","base_elevation":73},"geometry":{"type":"Polygon","coordinates":[[[106.662796,29.554946],[106.664106,29.554548],[106.664367,29.554394],[106.664494,29.554142],[106.664484,29.553848],[106.663213,29.552476],[106.66058,29.550135],[106.659928,29.549685],[106.659758,29.549408],[106.659087,29.548859],[106.658465,29.548564],[106.657273,29.548293],[106.657093,29.548382],[106.656917,29.548945],[106.656947,29.549218],[106.656855,29.549607],[106.656706,29.549826],[106.65601,29.552685],[106.65811,29.553493],[106.660774,29.555014],[106.662796,29.554946]]]}},{"id":"1145","type":"Feature","properties":{"landuse":"unknown","amenity":"college","military":"unknown","base_elevation":66},"geometry":{"type":"Polygon","coordinates":[[[106.591191,29.558668],[106.592508,29.558756],[106.592868,29.558503],[106.592715,29.558373],[106.592801,29.558279],[106.592758,29.55775],[106.592309,29.557909],[106.592042,29.557886],[106.591474,29.557575],[106.590937,29.557687],[106.590914,29.558405],[106.591191,29.558668]]]}},{"id":"1146","type":"Feature","properties":{"landuse":"unknown","amenity":"college","military":"unknown","base_elevation":77},"geometry":{"type":"Polygon","coordinates":[[[106.525268,29.565658],[106.525042,29.565553],[106.524598,29.565524],[106.52457,29.566019],[106.525464,29.566058],[106.525268,29.565658]]]}},{"id":"1147","type":"Feature","properties":{"landuse":"unknown","amenity":"college","military":"unknown","base_elevation":169},"geometry":{"type":"Polygon","coordinates":[[[106.523881,29.593609],[106.524089,29.593707],[106.524217,29.593544],[106.523907,29.593266],[106.52367,29.592605],[106.522323,29.592819],[106.522115,29.593357],[106.522352,29.593571],[106.523112,29.593498],[106.523881,29.593609]]]}},{"id":"1148","type":"Feature","properties":{"landuse":"unknown","amenity":"hospital","military":"unknown","base_elevation":135},"geometry":{"type":"Polygon","coordinates":[[[106.501732,29.512176],[106.501134,29.512022],[106.500983,29.512168],[106.501017,29.513019],[106.501959,29.512994],[106.501949,29.512472],[106.501644,29.512354],[106.501732,29.512176]]]}},{"id":"1149","type":"Feature","properties":{"landuse":"unknown","amenity":"hospital","military":"unknown","base_elevation":98},"geometry":{"type":"Polygon","coordinates":[[[106.51767,29.524257],[106.517089,29.524324],[106.517178,29.524791],[106.517494,29.52477],[106.517568,29.524918],[106.518004,29.524755],[106.518152,29.524622],[106.518494,29.523927],[106.518903,29.523623],[106.518842,29.523448],[106.517902,29.52359],[106.517726,29.523712],[106.517619,29.52394],[106.51767,29.524257]]]}},{"id":"1150","type":"Feature","properties":{"landuse":"unknown","amenity":"hospital","military":"unknown","base_elevation":153},"geometry":{"type":"Polygon","coordinates":[[[106.511387,29.535202],[106.510035,29.532368],[106.50968,29.53219],[106.507405,29.532199],[106.507295,29.532311],[106.507353,29.535396],[106.508168,29.535402],[106.508549,29.535534],[106.511419,29.535558],[106.511387,29.535202]]]}},{"id":"1151","type":"Feature","properties":{"landuse":"unknown","amenity":"hospital","military":"unknown","base_elevation":174},"geometry":{"type":"Polygon","coordinates":[[[106.501255,29.539413],[106.500355,29.538996],[106.500105,29.539283],[106.499894,29.539222],[106.499756,29.539417],[106.50084,29.540001],[106.501255,29.539413]]]}},{"id":"1152","type":"Feature","properties":{"landuse":"unknown","amenity":"hospital","military":"unknown","base_elevation":145},"geometry":{"type":"Polygon","coordinates":[[[106.503064,29.545776],[106.50255,29.545765],[106.502246,29.545333],[106.500976,29.545171],[106.500838,29.545892],[106.500554,29.546129],[106.500497,29.546699],[106.501032,29.546923],[106.501717,29.546982],[106.501797,29.54787],[106.5031,29.54772],[106.503742,29.54748],[106.503449,29.546212],[106.503064,29.545776]]]}},{"id":"1153","type":"Feature","properties":{"landuse":"unknown","amenity":"hospital","military":"unknown","base_elevation":70},"geometry":{"type":"Polygon","coordinates":[[[106.504469,29.5517],[106.503987,29.551271],[106.503706,29.551451],[106.503083,29.552603],[106.503113,29.553013],[106.504442,29.552362],[106.50521,29.552167],[106.504469,29.5517]]]}},{"id":"1154","type":"Feature","properties":{"landuse":"unknown","amenity":"hospital","military":"unknown","base_elevation":110},"geometry":{"type":"Polygon","coordinates":[[[106.54278,29.556019],[106.542967,29.555994],[106.543498,29.555532],[106.542066,29.554454],[106.541483,29.554306],[106.541163,29.555344],[106.541858,29.555444],[106.542416,29.555911],[106.54278,29.556019]]]}},{"id":"1155","type":"Feature","properties":{"landuse":"unknown","amenity":"hospital","military":"unknown","base_elevation":145},"geometry":{"type":"Polygon","coordinates":[[[106.537147,29.577549],[106.537147,29.577305],[106.53657,29.576876],[106.535816,29.577225],[106.535883,29.577462],[106.535273,29.577691],[106.535398,29.578219],[106.534482,29.579034],[106.535524,29.579652],[106.536532,29.578677],[106.536637,29.578226],[106.537147,29.577549]]]}},{"id":"1156","type":"Feature","properties":{"landuse":"unknown","amenity":"hospital","military":"unknown","base_elevation":206},"geometry":{"type":"Polygon","coordinates":[[[106.52751,29.597902],[106.527412,29.596933],[106.527623,29.596363],[106.527557,29.595264],[106.527811,29.594834],[106.527794,29.594384],[106.527184,29.594388],[106.526997,29.594782],[106.526306,29.595298],[106.526095,29.596859],[106.526148,29.597234],[106.526829,29.598713],[106.527243,29.598702],[106.527395,29.598554],[106.527364,29.598294],[106.52751,29.597902]]]}},{"id":"1157","type":"Feature","properties":{"landuse":"unknown","amenity":"hospital","military":"unknown","base_elevation":122},"geometry":{"type":"Polygon","coordinates":[[[106.501837,29.597953],[106.501823,29.596841],[106.500887,29.596851],[106.500894,29.597961],[106.501837,29.597953]]]}},{"id":"1158","type":"Feature","properties":{"landuse":"unknown","amenity":"hospital","military":"unknown","base_elevation":120},"geometry":{"type":"Polygon","coordinates":[[[106.503744,29.60061],[106.503615,29.601104],[106.502704,29.601237],[106.502575,29.601448],[106.502479,29.60143],[106.50246,29.601564],[106.50434,29.601894],[106.504644,29.600828],[106.503744,29.60061]]]}},{"id":"1159","type":"Feature","properties":{"landuse":"unknown","amenity":"hospital","military":"unknown","base_elevation":150},"geometry":{"type":"Polygon","coordinates":[[[106.507887,29.625824],[106.509086,29.625775],[106.510107,29.62563],[106.510146,29.624741],[106.510257,29.624246],[106.507724,29.62424],[106.507729,29.62566],[106.507887,29.625824]]]}},{"id":"1160","type":"Feature","properties":{"landuse":"unknown","amenity":"hospital","military":"unknown","base_elevation":155},"geometry":{"type":"Polygon","coordinates":[[[106.524998,29.625436],[106.524379,29.625177],[106.522112,29.624722],[106.521961,29.624841],[106.521644,29.625958],[106.521865,29.626163],[106.523263,29.626195],[106.523503,29.626283],[106.523626,29.626434],[106.524888,29.626673],[106.525132,29.626624],[106.525614,29.625971],[106.525608,29.625859],[106.524998,29.625436]]]}},{"id":"1161","type":"Feature","properties":{"landuse":"unknown","amenity":"hospital","military":"unknown","base_elevation":130},"geometry":{"type":"Polygon","coordinates":[[[106.506083,29.645744],[106.504028,29.644743],[106.503338,29.644123],[106.503036,29.643748],[106.502912,29.643785],[106.502969,29.644819],[106.50284,29.645501],[106.502367,29.646627],[106.502437,29.646716],[106.503399,29.646843],[106.504166,29.647071],[106.504872,29.646712],[106.505789,29.646792],[106.506083,29.645744]]]}},{"id":"1162","type":"Feature","properties":{"landuse":"unknown","amenity":"hospital","military":"unknown","base_elevation":61},"geometry":{"type":"Polygon","coordinates":[[[106.66145,29.509969],[106.661918,29.509954],[106.661909,29.509813],[106.662391,29.509672],[106.662326,29.509499],[106.66216,29.509371],[106.662136,29.509224],[106.661824,29.509238],[106.661534,29.509099],[106.661158,29.50968],[106.661445,29.509791],[106.66145,29.509969]]]}},{"id":"1163","type":"Feature","properties":{"landuse":"unknown","amenity":"hospital","military":"unknown","base_elevation":100},"geometry":{"type":"Polygon","coordinates":[[[106.652514,29.510009],[106.651244,29.508256],[106.648196,29.509933],[106.648183,29.51006],[106.648475,29.510892],[106.651643,29.510904],[106.652784,29.510688],[106.652514,29.510009]]]}},{"id":"1164","type":"Feature","properties":{"landuse":"unknown","amenity":"hospital","military":"unknown","base_elevation":150},"geometry":{"type":"Polygon","coordinates":[[[106.56425,29.521739],[106.565072,29.521745],[106.565081,29.521481],[106.564277,29.521481],[106.56425,29.521739]]]}},{"id":"1165","type":"Feature","properties":{"landuse":"unknown","amenity":"hospital","military":"unknown","base_elevation":117},"geometry":{"type":"Polygon","coordinates":[[[106.55221,29.522877],[106.551039,29.522911],[106.550931,29.524755],[106.551156,29.524898],[106.551924,29.525121],[106.552065,29.525043],[106.55221,29.522877]]]}},{"id":"1166","type":"Feature","properties":{"landuse":"unknown","amenity":"hospital","military":"unknown","base_elevation":288},"geometry":{"type":"Polygon","coordinates":[[[106.60049,29.535194],[106.60045,29.535113],[106.600274,29.535207],[106.600132,29.535041],[106.60004,29.535082],[106.600127,29.535349],[106.60049,29.535194]]]}},{"id":"1167","type":"Feature","properties":{"landuse":"unknown","amenity":"hospital","military":"unknown","base_elevation":118},"geometry":{"type":"Polygon","coordinates":[[[106.658818,29.539264],[106.658651,29.539254],[106.655988,29.540035],[106.655946,29.540213],[106.657195,29.541243],[106.659542,29.542979],[106.659772,29.543045],[106.660706,29.543799],[106.661008,29.543816],[106.661941,29.543412],[106.662016,29.543201],[106.660482,29.541409],[106.658818,29.539264]]]}},{"id":"1168","type":"Feature","properties":{"landuse":"unknown","amenity":"hospital","military":"unknown","base_elevation":103},"geometry":{"type":"Polygon","coordinates":[[[106.550387,29.558021],[106.550005,29.557897],[106.549938,29.558041],[106.550262,29.558179],[106.549779,29.559135],[106.550005,29.559674],[106.55019,29.559943],[106.550447,29.560075],[106.551473,29.560181],[106.551925,29.559623],[106.552095,29.559639],[106.552126,29.559457],[106.551689,29.559399],[106.551658,29.559196],[106.551484,29.559165],[106.551547,29.558775],[106.551048,29.558728],[106.55114,29.557983],[106.550974,29.55808],[106.550387,29.558021]]]}},{"id":"1169","type":"Feature","properties":{"landuse":"unknown","amenity":"hospital","military":"unknown","base_elevation":125},"geometry":{"type":"Polygon","coordinates":[[[106.555281,29.559262],[106.555746,29.559307],[106.555866,29.559566],[106.556041,29.559598],[106.556282,29.559148],[106.556158,29.559045],[106.556379,29.558794],[106.556188,29.558491],[106.555288,29.558936],[106.555216,29.559186],[106.555281,29.559262]]]}},{"id":"1170","type":"Feature","properties":{"landuse":"unknown","amenity":"hospital","military":"unknown","base_elevation":151},"geometry":{"type":"Polygon","coordinates":[[[106.548898,29.578448],[106.548605,29.578197],[106.547684,29.578199],[106.547686,29.578552],[106.547235,29.578555],[106.547237,29.579133],[106.547459,29.579693],[106.548448,29.579403],[106.548148,29.579087],[106.548898,29.578448]]]}},{"id":"1171","type":"Feature","properties":{"landuse":"unknown","amenity":"hospital","military":"unknown","base_elevation":64},"geometry":{"type":"Polygon","coordinates":[[[106.582297,29.58596],[106.582469,29.586038],[106.583084,29.585893],[106.583184,29.586201],[106.583155,29.586588],[106.584067,29.586446],[106.584083,29.586259],[106.584452,29.586026],[106.584242,29.585841],[106.584676,29.585235],[106.584688,29.585081],[106.584054,29.584306],[106.583286,29.584441],[106.583337,29.58475],[106.582815,29.585086],[106.582419,29.584885],[106.582297,29.58596]]]}},{"id":"1172","type":"Feature","properties":{"landuse":"unknown","amenity":"hospital","military":"unknown","base_elevation":81},"geometry":{"type":"Polygon","coordinates":[[[106.565876,29.60213],[106.566326,29.603077],[106.567344,29.602761],[106.566817,29.601747],[106.565876,29.60213]]]}},{"id":"1173","type":"Feature","properties":{"landuse":"unknown","amenity":"hospital","military":"unknown","base_elevation":113},"geometry":{"type":"Polygon","coordinates":[[[106.551256,29.603734],[106.551024,29.603798],[106.551366,29.605091],[106.551557,29.604954],[106.551256,29.603734]]]}},{"id":"1174","type":"Feature","properties":{"landuse":"unknown","amenity":"hospital","military":"unknown","base_elevation":41},"geometry":{"type":"Polygon","coordinates":[[[106.604103,29.607495],[106.603859,29.607417],[106.603947,29.606871],[106.603836,29.606469],[106.602353,29.606241],[106.60232,29.606867],[106.602785,29.607266],[106.602871,29.607603],[106.602587,29.609035],[106.603109,29.609844],[106.604661,29.609853],[106.604587,29.607895],[106.604103,29.607495]]]}},{"id":"1175","type":"Feature","properties":{"landuse":"unknown","amenity":"school","military":"unknown","base_elevation":70},"geometry":{"type":"Polygon","coordinates":[[[106.522944,29.50548],[106.522596,29.505005],[106.522364,29.504841],[106.521993,29.504767],[106.52184,29.505096],[106.521366,29.505341],[106.521249,29.505493],[106.521304,29.505682],[106.522512,29.507331],[106.52406,29.506445],[106.523799,29.506036],[106.52294,29.505887],[106.522944,29.50548]]]}},{"id":"1176","type":"Feature","properties":{"landuse":"unknown","amenity":"school","military":"unknown","base_elevation":117},"geometry":{"type":"Polygon","coordinates":[[[106.506688,29.509595],[106.506335,29.50982],[106.506546,29.510468],[106.507059,29.510327],[106.507047,29.510171],[106.507471,29.510055],[106.507375,29.509784],[106.508306,29.509511],[106.508359,29.509355],[106.508274,29.509121],[106.508546,29.508699],[106.507816,29.508197],[106.507612,29.50844],[106.507811,29.508643],[106.506634,29.508992],[106.506784,29.509352],[106.506688,29.509595]]]}},{"id":"1177","type":"Feature","properties":{"landuse":"unknown","amenity":"school","military":"unknown","base_elevation":128},"geometry":{"type":"Polygon","coordinates":[[[106.499804,29.514192],[106.500112,29.514041],[106.500599,29.51397],[106.500597,29.513723],[106.500945,29.51372],[106.500904,29.512968],[106.499911,29.512962],[106.499798,29.513046],[106.499299,29.513051],[106.499312,29.514189],[106.499804,29.514192]]]}},{"id":"1178","type":"Feature","properties":{"landuse":"unknown","amenity":"school","military":"unknown","base_elevation":117},"geometry":{"type":"Polygon","coordinates":[[[106.502075,29.514293],[106.501859,29.514289],[106.50125,29.514848],[106.501679,29.515178],[106.502028,29.514846],[106.502178,29.514961],[106.502602,29.514559],[106.503208,29.515036],[106.503544,29.514332],[106.503211,29.514023],[106.502079,29.514041],[106.502075,29.514293]]]}},{"id":"1179","type":"Feature","properties":{"landuse":"unknown","amenity":"school","military":"unknown","base_elevation":75},"geometry":{"type":"Polygon","coordinates":[[[106.525067,29.514136],[106.524238,29.514174],[106.524597,29.515587],[106.524731,29.51568],[106.525401,29.515529],[106.525554,29.515365],[106.525471,29.515129],[106.525316,29.515069],[106.525278,29.514913],[106.525373,29.514779],[106.525204,29.514189],[106.525067,29.514136]]]}},{"id":"1180","type":"Feature","properties":{"landuse":"unknown","amenity":"school","military":"unknown","base_elevation":105},"geometry":{"type":"Polygon","coordinates":[[[106.517346,29.518602],[106.518827,29.518411],[106.518833,29.518462],[106.520227,29.518371],[106.520316,29.518292],[106.520182,29.516666],[106.520066,29.516525],[106.517314,29.516594],[106.517346,29.518602]]]}},{"id":"1181","type":"Feature","properties":{"landuse":"unknown","amenity":"school","military":"unknown","base_elevation":128},"geometry":{"type":"Polygon","coordinates":[[[106.504081,29.520996],[106.504081,29.521749],[106.50448,29.521748],[106.504485,29.522058],[106.504752,29.521958],[106.505195,29.521141],[106.505181,29.520931],[106.504875,29.520638],[106.504217,29.520649],[106.504221,29.520879],[106.504081,29.520996]]]}},{"id":"1182","type":"Feature","properties":{"landuse":"unknown","amenity":"school","military":"unknown","base_elevation":130},"geometry":{"type":"Polygon","coordinates":[[[106.50406,29.521766],[106.504056,29.521003],[106.50335,29.521009],[106.50335,29.520839],[106.502678,29.520849],[106.502682,29.520389],[106.502148,29.520391],[106.502147,29.521445],[106.503069,29.521438],[106.503322,29.521777],[106.503333,29.522318],[106.503865,29.522265],[106.504465,29.522059],[106.504466,29.521762],[106.50406,29.521766]]]}},{"id":"1183","type":"Feature","properties":{"landuse":"unknown","amenity":"school","military":"unknown","base_elevation":121},"geometry":{"type":"Polygon","coordinates":[[[106.510917,29.52308],[106.512462,29.523059],[106.512446,29.522352],[106.512143,29.522354],[106.512135,29.521851],[106.511668,29.521269],[106.511313,29.521113],[106.510067,29.521137],[106.510043,29.521016],[106.509656,29.521082],[106.50909,29.521423],[106.50889,29.521853],[106.508894,29.522216],[106.509136,29.523472],[106.510244,29.523702],[106.510242,29.523563],[106.510698,29.52351],[106.510692,29.523177],[106.510917,29.52308]]]}},{"id":"1184","type":"Feature","properties":{"landuse":"unknown","amenity":"school","military":"unknown","base_elevation":63},"geometry":{"type":"Polygon","coordinates":[[[106.518899,29.52585],[106.518329,29.526086],[106.519122,29.52694],[106.520159,29.526283],[106.520433,29.524976],[106.519757,29.524875],[106.519572,29.525534],[106.519211,29.525809],[106.518899,29.52585]]]}},{"id":"1185","type":"Feature","properties":{"landuse":"unknown","amenity":"school","military":"unknown","base_elevation":126},"geometry":{"type":"Polygon","coordinates":[[[106.511778,29.527773],[106.512853,29.528222],[106.513327,29.528283],[106.514113,29.52756],[106.51392,29.527385],[106.513684,29.527578],[106.512593,29.526841],[106.511778,29.527773]]]}},{"id":"1186","type":"Feature","properties":{"landuse":"unknown","amenity":"school","military":"unknown","base_elevation":144},"geometry":{"type":"Polygon","coordinates":[[[106.512015,29.531749],[106.512611,29.532066],[106.513266,29.532038],[106.513286,29.531106],[106.512529,29.530901],[106.512568,29.530786],[106.511725,29.530551],[106.51145,29.531339],[106.5119,29.531453],[106.512015,29.531749]]]}},{"id":"1187","type":"Feature","properties":{"landuse":"unknown","amenity":"school","military":"unknown","base_elevation":176},"geometry":{"type":"Polygon","coordinates":[[[106.510235,29.540527],[106.51059,29.53981],[106.510178,29.539967],[106.510111,29.539825],[106.509915,29.539893],[106.509762,29.539573],[106.509567,29.539498],[106.509364,29.539676],[106.509484,29.53976],[106.509522,29.539971],[106.509453,29.540189],[106.509183,29.540134],[106.50939,29.54054],[106.509381,29.540803],[106.509673,29.540966],[106.510061,29.541043],[106.510169,29.54098],[106.510235,29.540527]]]}},{"id":"1188","type":"Feature","properties":{"landuse":"unknown","amenity":"school","military":"unknown","base_elevation":187},"geometry":{"type":"Polygon","coordinates":[[[106.51424,29.543757],[106.513557,29.543866],[106.513259,29.544316],[106.513232,29.544841],[106.514288,29.544907],[106.514463,29.544751],[106.514461,29.54448],[106.514579,29.544392],[106.5146,29.543833],[106.514261,29.543876],[106.51424,29.543757]]]}},{"id":"1189","type":"Feature","properties":{"landuse":"unknown","amenity":"school","military":"unknown","base_elevation":187},"geometry":{"type":"Polygon","coordinates":[[[106.518453,29.544394],[106.518494,29.544098],[106.517055,29.544102],[106.516979,29.54438],[106.516678,29.544377],[106.516727,29.544952],[106.517178,29.544828],[106.517293,29.545033],[106.518159,29.544697],[106.518453,29.544394]]]}},{"id":"1190","type":"Feature","properties":{"landuse":"unknown","amenity":"school","military":"unknown","base_elevation":206},"geometry":{"type":"Polygon","coordinates":[[[106.520416,29.546461],[106.520739,29.546387],[106.520816,29.546527],[106.521415,29.546416],[106.521221,29.545669],[106.520244,29.545878],[106.520416,29.546461]]]}},{"id":"1191","type":"Feature","properties":{"landuse":"unknown","amenity":"school","military":"unknown","base_elevation":184},"geometry":{"type":"Polygon","coordinates":[[[106.525382,29.549016],[106.524295,29.549312],[106.523163,29.549595],[106.52461,29.550304],[106.525804,29.550016],[106.525382,29.549016]]]}},{"id":"1192","type":"Feature","properties":{"landuse":"unknown","amenity":"school","military":"unknown","base_elevation":76},"geometry":{"type":"Polygon","coordinates":[[[106.503194,29.551496],[106.502556,29.551752],[106.49998,29.5517],[106.500147,29.553242],[106.502616,29.553054],[106.503194,29.551496]]]}},{"id":"1193","type":"Feature","properties":{"landuse":"unknown","amenity":"school","military":"unknown","base_elevation":110},"geometry":{"type":"Polygon","coordinates":[[[106.516864,29.560762],[106.515442,29.560834],[106.51545,29.563371],[106.515565,29.563487],[106.517437,29.563487],[106.518014,29.561469],[106.518026,29.560983],[106.516963,29.561004],[106.516864,29.560762]]]}},{"id":"1194","type":"Feature","properties":{"landuse":"unknown","amenity":"school","military":"unknown","base_elevation":147},"geometry":{"type":"Polygon","coordinates":[[[106.502404,29.565957],[106.502983,29.566264],[106.503277,29.566299],[106.503489,29.56615],[106.503579,29.565503],[106.502312,29.565309],[106.50207,29.564698],[106.501489,29.565074],[106.500375,29.565215],[106.500378,29.566215],[106.500961,29.566163],[106.501386,29.565949],[106.501773,29.565861],[106.502404,29.565957]]]}},{"id":"1195","type":"Feature","properties":{"landuse":"unknown","amenity":"school","military":"unknown","base_elevation":64},"geometry":{"type":"Polygon","coordinates":[[[106.522438,29.566599],[106.522552,29.566741],[106.525457,29.566888],[106.52561,29.56674],[106.525464,29.566058],[106.52457,29.566019],[106.524598,29.565524],[106.52258,29.565384],[106.522462,29.565476],[106.522438,29.566599]]]}},{"id":"1196","type":"Feature","properties":{"landuse":"unknown","amenity":"school","military":"unknown","base_elevation":135},"geometry":{"type":"Polygon","coordinates":[[[106.518056,29.574448],[106.517813,29.574244],[106.517584,29.573663],[106.517605,29.573072],[106.516887,29.572973],[106.516187,29.573934],[106.51679,29.575402],[106.516791,29.575778],[106.516635,29.576376],[106.517005,29.576547],[106.517109,29.57621],[106.517016,29.575773],[106.517235,29.575719],[106.518194,29.576135],[106.518544,29.575672],[106.518725,29.57531],[106.518582,29.574766],[106.518406,29.574591],[106.518056,29.574448]]]}},{"id":"1197","type":"Feature","properties":{"landuse":"unknown","amenity":"school","military":"unknown","base_elevation":113},"geometry":{"type":"Polygon","coordinates":[[[106.507099,29.580044],[106.507408,29.580032],[106.507554,29.579589],[106.507503,29.57932],[106.507314,29.579078],[106.507029,29.578924],[106.506227,29.578858],[106.505513,29.578974],[106.504842,29.580402],[106.505225,29.580604],[106.505272,29.58099],[106.505654,29.581012],[106.507099,29.580044]]]}},{"id":"1198","type":"Feature","properties":{"landuse":"unknown","amenity":"school","military":"unknown","base_elevation":160},"geometry":{"type":"Polygon","coordinates":[[[106.517085,29.589687],[106.518077,29.590368],[106.518396,29.590279],[106.518661,29.589341],[106.51852,29.589247],[106.517541,29.589302],[106.517084,29.58962],[106.517085,29.589687]]]}},{"id":"1199","type":"Feature","properties":{"landuse":"unknown","amenity":"school","military":"unknown","base_elevation":135},"geometry":{"type":"Polygon","coordinates":[[[106.509047,29.590477],[106.509055,29.590194],[106.50914,29.590173],[106.509154,29.589998],[106.50836,29.589497],[106.508111,29.589759],[106.508112,29.59059],[106.508225,29.590597],[106.508201,29.590788],[106.508701,29.590767],[106.509047,29.590477]]]}},{"id":"1200","type":"Feature","properties":{"landuse":"unknown","amenity":"school","military":"unknown","base_elevation":135},"geometry":{"type":"Polygon","coordinates":[[[106.508111,29.589759],[106.507766,29.589441],[106.50727,29.589879],[106.5074,29.590024],[106.507372,29.59064],[106.507278,29.590781],[106.507412,29.590908],[106.507372,29.591212],[106.507522,29.591318],[106.508286,29.591248],[106.508437,29.591127],[106.508457,29.590997],[106.508295,29.590841],[106.508128,29.590845],[106.508111,29.589759]]]}},{"id":"1201","type":"Feature","properties":{"landuse":"unknown","amenity":"school","military":"unknown","base_elevation":139},"geometry":{"type":"Polygon","coordinates":[[[106.49908,29.594146],[106.499079,29.595424],[106.499994,29.595425],[106.499994,29.594999],[106.500644,29.595001],[106.50065,29.594147],[106.49908,29.594146]]]}},{"id":"1202","type":"Feature","properties":{"landuse":"unknown","amenity":"school","military":"unknown","base_elevation":118},"geometry":{"type":"Polygon","coordinates":[[[106.49972,29.600089],[106.499762,29.601236],[106.500543,29.601233],[106.500692,29.60112],[106.500673,29.599926],[106.499854,29.59993],[106.49972,29.600089]]]}},{"id":"1203","type":"Feature","properties":{"landuse":"unknown","amenity":"school","military":"unknown","base_elevation":130},"geometry":{"type":"Polygon","coordinates":[[[106.507583,29.600451],[106.507588,29.600959],[106.507657,29.601015],[106.508936,29.601005],[106.509019,29.600932],[106.509009,29.600414],[106.508939,29.600356],[106.507694,29.60037],[106.507583,29.600451]]]}},{"id":"1204","type":"Feature","properties":{"landuse":"unknown","amenity":"school","military":"unknown","base_elevation":165},"geometry":{"type":"Polygon","coordinates":[[[106.520565,29.602738],[106.519492,29.602849],[106.519423,29.603044],[106.520021,29.603295],[106.520116,29.603877],[106.520551,29.603846],[106.520703,29.604072],[106.521877,29.604048],[106.52181,29.602652],[106.521667,29.602563],[106.520565,29.602738]]]}},{"id":"1205","type":"Feature","properties":{"landuse":"unknown","amenity":"school","military":"unknown","base_elevation":119},"geometry":{"type":"Polygon","coordinates":[[[106.504927,29.603785],[106.504677,29.603984],[106.504199,29.605577],[106.504828,29.605305],[106.505198,29.605256],[106.505488,29.605488],[106.505499,29.605944],[106.505921,29.605939],[106.505882,29.604585],[106.505664,29.604593],[106.505609,29.603743],[106.504927,29.603785]]]}},{"id":"1206","type":"Feature","properties":{"landuse":"unknown","amenity":"school","military":"unknown","base_elevation":178},"geometry":{"type":"Polygon","coordinates":[[[106.523845,29.604359],[106.523855,29.605385],[106.525322,29.605382],[106.525322,29.604355],[106.523845,29.604359]]]}},{"id":"1207","type":"Feature","properties":{"landuse":"unknown","amenity":"school","military":"unknown","base_elevation":132},"geometry":{"type":"Polygon","coordinates":[[[106.513287,29.607654],[106.513759,29.607989],[106.514031,29.607973],[106.513861,29.606548],[106.513759,29.606485],[106.513124,29.606527],[106.5132,29.607301],[106.513378,29.607459],[106.513287,29.607654]]]}},{"id":"1208","type":"Feature","properties":{"landuse":"unknown","amenity":"school","military":"unknown","base_elevation":176},"geometry":{"type":"Polygon","coordinates":[[[106.520286,29.611407],[106.521464,29.611492],[106.521601,29.610795],[106.520269,29.610558],[106.520286,29.611407]]]}},{"id":"1209","type":"Feature","properties":{"landuse":"unknown","amenity":"school","military":"unknown","base_elevation":151},"geometry":{"type":"Polygon","coordinates":[[[106.511977,29.615915],[106.510494,29.615723],[106.510377,29.615802],[106.510388,29.617201],[106.511951,29.617195],[106.511977,29.615915]]]}},{"id":"1210","type":"Feature","properties":{"landuse":"unknown","amenity":"school","military":"unknown","base_elevation":155},"geometry":{"type":"Polygon","coordinates":[[[106.519824,29.619144],[106.52108,29.619149],[106.521077,29.618386],[106.520765,29.618056],[106.51983,29.617662],[106.519824,29.619144]]]}},{"id":"1211","type":"Feature","properties":{"landuse":"unknown","amenity":"school","military":"unknown","base_elevation":232},"geometry":{"type":"Polygon","coordinates":[[[106.517375,29.637565],[106.517044,29.639135],[106.519511,29.639124],[106.519867,29.638764],[106.51857,29.637611],[106.517586,29.637111],[106.517375,29.637565]]]}},{"id":"1212","type":"Feature","properties":{"landuse":"unknown","amenity":"school","military":"unknown","base_elevation":160},"geometry":{"type":"Polygon","coordinates":[[[106.506232,29.637963],[106.505197,29.638223],[106.503882,29.638874],[106.503732,29.639691],[106.507773,29.638901],[106.507608,29.637949],[106.506232,29.637963]]]}},{"id":"1213","type":"Feature","properties":{"landuse":"unknown","amenity":"school","military":"unknown","base_elevation":135},"geometry":{"type":"Polygon","coordinates":[[[106.544723,29.525466],[106.543821,29.525195],[106.543418,29.526226],[106.544428,29.526529],[106.544826,29.525643],[106.544723,29.525466]]]}},{"id":"1214","type":"Feature","properties":{"landuse":"unknown","amenity":"school","military":"unknown","base_elevation":80},"geometry":{"type":"Polygon","coordinates":[[[106.541031,29.530132],[106.54102,29.529819],[106.540578,29.529402],[106.54055,29.527926],[106.540263,29.527814],[106.539553,29.52778],[106.53893,29.527964],[106.537122,29.528825],[106.537133,29.529129],[106.538229,29.52971],[106.538284,29.529644],[106.538927,29.529649],[106.539157,29.529796],[106.539153,29.530196],[106.540482,29.530897],[106.541031,29.530132]]]}},{"id":"1215","type":"Feature","properties":{"landuse":"unknown","amenity":"school","military":"unknown","base_elevation":89},"geometry":{"type":"Polygon","coordinates":[[[106.542249,29.533669],[106.543335,29.534064],[106.543996,29.533781],[106.543758,29.533346],[106.543093,29.533102],[106.543133,29.533006],[106.542634,29.532814],[106.542249,29.533669]]]}},{"id":"1216","type":"Feature","properties":{"landuse":"unknown","amenity":"school","military":"unknown","base_elevation":53},"geometry":{"type":"Polygon","coordinates":[[[106.542872,29.538361],[106.542955,29.538721],[106.543295,29.538998],[106.543508,29.53881],[106.544011,29.537734],[106.54319,29.537464],[106.542647,29.538233],[106.542872,29.538361]]]}},{"id":"1217","type":"Feature","properties":{"landuse":"unknown","amenity":"school","military":"unknown","base_elevation":97},"geometry":{"type":"Polygon","coordinates":[[[106.525748,29.54182],[106.525802,29.54217],[106.525142,29.542399],[106.525228,29.542632],[106.526005,29.542917],[106.526713,29.543024],[106.526762,29.542865],[106.526987,29.542847],[106.527057,29.542371],[106.527234,29.542366],[106.527186,29.542105],[106.526805,29.542128],[106.526574,29.541895],[106.525887,29.54175],[106.525748,29.54182]]]}},{"id":"1218","type":"Feature","properties":{"landuse":"unknown","amenity":"school","military":"unknown","base_elevation":188},"geometry":{"type":"Polygon","coordinates":[[[106.532393,29.549861],[106.532194,29.549882],[106.532072,29.550027],[106.53134,29.550059],[106.530983,29.550271],[106.531215,29.550579],[106.531975,29.550682],[106.532262,29.550155],[106.532558,29.549972],[106.532393,29.549861]]]}},{"id":"1219","type":"Feature","properties":{"landuse":"unknown","amenity":"school","military":"unknown","base_elevation":164},"geometry":{"type":"Polygon","coordinates":[[[106.537658,29.552346],[106.537743,29.552173],[106.537121,29.552018],[106.536963,29.55199],[106.536938,29.552104],[106.536807,29.552052],[106.536713,29.552132],[106.537028,29.552935],[106.53718,29.552934],[106.53745,29.552452],[106.537658,29.552346]]]}},{"id":"1220","type":"Feature","properties":{"landuse":"unknown","amenity":"school","military":"unknown","base_elevation":124},"geometry":{"type":"Polygon","coordinates":[[[106.541077,29.553746],[106.541095,29.554026],[106.542295,29.554219],[106.542389,29.554082],[106.542368,29.553801],[106.541093,29.553386],[106.540833,29.553365],[106.540769,29.55367],[106.541077,29.553746]]]}},{"id":"1221","type":"Feature","properties":{"landuse":"unknown","amenity":"school","military":"unknown","base_elevation":106},"geometry":{"type":"Polygon","coordinates":[[[106.543634,29.554792],[106.543804,29.554516],[106.543484,29.554378],[106.543322,29.554623],[106.543634,29.554792]]]}},{"id":"1222","type":"Feature","properties":{"landuse":"unknown","amenity":"school","military":"unknown","base_elevation":57},"geometry":{"type":"Polygon","coordinates":[[[106.537466,29.558029],[106.537611,29.557944],[106.537656,29.557659],[106.536967,29.557509],[106.536257,29.556998],[106.536033,29.557164],[106.535804,29.557022],[106.535533,29.557306],[106.535869,29.55768],[106.536266,29.557916],[106.53642,29.557855],[106.537079,29.558054],[106.53713,29.557973],[106.537466,29.558029]]]}},{"id":"1223","type":"Feature","properties":{"landuse":"unknown","amenity":"school","military":"unknown","base_elevation":89},"geometry":{"type":"Polygon","coordinates":[[[106.538084,29.55848],[106.537561,29.558452],[106.537374,29.558562],[106.537491,29.558942],[106.537486,29.559373],[106.537699,29.559379],[106.537686,29.559152],[106.538304,29.559105],[106.538304,29.558627],[106.538084,29.55848]]]}},{"id":"1224","type":"Feature","properties":{"landuse":"unknown","amenity":"school","military":"unknown","base_elevation":48},"geometry":{"type":"Polygon","coordinates":[[[106.541527,29.565507],[106.541832,29.56548],[106.540922,29.565832],[106.54095,29.566296],[106.542229,29.567097],[106.542378,29.567059],[106.542607,29.566519],[106.542959,29.566068],[106.542755,29.566516],[106.543104,29.566559],[106.54314,29.566378],[106.543684,29.566246],[106.543511,29.565779],[106.543254,29.565853],[106.543152,29.565653],[106.542803,29.565662],[106.543018,29.565568],[106.543023,29.565475],[106.542803,29.564681],[106.543195,29.564612],[106.543179,29.564429],[106.542691,29.564439],[106.542519,29.564252],[106.541693,29.564304],[106.541527,29.564485],[106.541473,29.564798],[106.541527,29.565507]]]}},{"id":"1225","type":"Feature","properties":{"landuse":"unknown","amenity":"school","military":"unknown","base_elevation":59},"geometry":{"type":"Polygon","coordinates":[[[106.532819,29.56508],[106.533068,29.565148],[106.533118,29.564886],[106.531951,29.564302],[106.531778,29.564348],[106.53117,29.565914],[106.531235,29.566102],[106.53185,29.566446],[106.532094,29.566352],[106.532513,29.565283],[106.532819,29.56508]]]}},{"id":"1226","type":"Feature","properties":{"landuse":"unknown","amenity":"school","military":"unknown","base_elevation":72},"geometry":{"type":"Polygon","coordinates":[[[106.53872,29.572117],[106.53959,29.572031],[106.53956,29.571542],[106.538304,29.57095],[106.538002,29.570976],[106.537861,29.571076],[106.537205,29.571975],[106.537272,29.572075],[106.538378,29.572024],[106.53872,29.572117]]]}},{"id":"1227","type":"Feature","properties":{"landuse":"unknown","amenity":"school","military":"unknown","base_elevation":115},"geometry":{"type":"Polygon","coordinates":[[[106.526374,29.57367],[106.526198,29.573367],[106.526181,29.573055],[106.524834,29.573055],[106.524832,29.573533],[106.525258,29.573535],[106.525259,29.574077],[106.526281,29.57414],[106.526343,29.574102],[106.526374,29.57367]]]}},{"id":"1228","type":"Feature","properties":{"landuse":"unknown","amenity":"school","military":"unknown","base_elevation":131},"geometry":{"type":"Polygon","coordinates":[[[106.541041,29.574226],[106.54088,29.574108],[106.540796,29.573828],[106.539798,29.574075],[106.539948,29.574493],[106.541041,29.574226]]]}},{"id":"1229","type":"Feature","properties":{"landuse":"unknown","amenity":"school","military":"unknown","base_elevation":148},"geometry":{"type":"Polygon","coordinates":[[[106.539985,29.577419],[106.539989,29.577302],[106.540576,29.577166],[106.540521,29.57688],[106.540428,29.576813],[106.539185,29.576903],[106.539099,29.577484],[106.538738,29.577422],[106.538834,29.577009],[106.538183,29.576903],[106.538124,29.576659],[106.537392,29.576554],[106.537224,29.576622],[106.537183,29.576908],[106.536984,29.577006],[106.537262,29.577285],[106.537186,29.577707],[106.536777,29.578163],[106.536679,29.578401],[106.537362,29.578527],[106.537392,29.578423],[106.537883,29.578503],[106.537978,29.578675],[106.53852,29.578298],[106.538488,29.578054],[106.538702,29.577807],[106.539079,29.577621],[106.539055,29.577786],[106.539234,29.577874],[106.539794,29.577625],[106.539796,29.577431],[106.539985,29.577419]]]}},{"id":"1230","type":"Feature","properties":{"landuse":"unknown","amenity":"school","military":"unknown","base_elevation":175},"geometry":{"type":"Polygon","coordinates":[[[106.54223,29.583613],[106.543472,29.583613],[106.543336,29.583286],[106.543368,29.583059],[106.543236,29.582782],[106.542151,29.582785],[106.54201,29.582883],[106.54202,29.583434],[106.54223,29.583613]]]}},{"id":"1231","type":"Feature","properties":{"landuse":"unknown","amenity":"school","military":"unknown","base_elevation":168},"geometry":{"type":"Polygon","coordinates":[[[106.540385,29.585669],[106.54159,29.585666],[106.541523,29.585187],[106.54159,29.584746],[106.540379,29.584772],[106.540385,29.585669]]]}},{"id":"1232","type":"Feature","properties":{"landuse":"unknown","amenity":"school","military":"unknown","base_elevation":168},"geometry":{"type":"Polygon","coordinates":[[[106.539725,29.585833],[106.539715,29.587073],[106.541674,29.586654],[106.541816,29.586549],[106.541725,29.585914],[106.541641,29.585831],[106.539725,29.585833]]]}},{"id":"1233","type":"Feature","properties":{"landuse":"unknown","amenity":"school","military":"unknown","base_elevation":169},"geometry":{"type":"Polygon","coordinates":[[[106.533273,29.594649],[106.534604,29.594602],[106.534659,29.594118],[106.534073,29.593614],[106.533256,29.593633],[106.533273,29.594649]]]}},{"id":"1234","type":"Feature","properties":{"landuse":"unknown","amenity":"school","military":"unknown","base_elevation":119},"geometry":{"type":"Polygon","coordinates":[[[106.540648,29.595559],[106.540433,29.595562],[106.540079,29.595865],[106.539916,29.595714],[106.540236,29.595457],[106.540227,29.595263],[106.53977,29.595023],[106.539233,29.595027],[106.538905,29.595198],[106.537644,29.596522],[106.539066,29.59639],[106.539779,29.59581],[106.539952,29.595969],[106.539435,29.596404],[106.541443,29.596221],[106.541414,29.596115],[106.540648,29.595559]]]}},{"id":"1235","type":"Feature","properties":{"landuse":"unknown","amenity":"school","military":"unknown","base_elevation":139},"geometry":{"type":"Polygon","coordinates":[[[106.536636,29.59674],[106.536596,29.596578],[106.536115,29.596496],[106.535522,29.596062],[106.535517,29.598067],[106.537042,29.598668],[106.537299,29.598558],[106.537324,29.597111],[106.5369,29.597026],[106.536636,29.59674]]]}},{"id":"1236","type":"Feature","properties":{"landuse":"unknown","amenity":"school","military":"unknown","base_elevation":103},"geometry":{"type":"Polygon","coordinates":[[[106.543537,29.599114],[106.543223,29.598903],[106.542804,29.598347],[106.542671,29.598838],[106.542337,29.598792],[106.542353,29.598642],[106.542265,29.598548],[106.541995,29.598511],[106.541824,29.599439],[106.541612,29.599423],[106.541549,29.599818],[106.544189,29.599833],[106.544193,29.599767],[106.543359,29.599761],[106.543339,29.599463],[106.543517,29.599331],[106.543537,29.599114]]]}},{"id":"1237","type":"Feature","properties":{"landuse":"unknown","amenity":"school","military":"unknown","base_elevation":159},"geometry":{"type":"Polygon","coordinates":[[[106.5302,29.604614],[106.530124,29.60553],[106.530289,29.605681],[106.531575,29.605672],[106.531705,29.605582],[106.53165,29.60457],[106.5302,29.604614]]]}},{"id":"1238","type":"Feature","properties":{"landuse":"unknown","amenity":"school","military":"unknown","base_elevation":166},"geometry":{"type":"Polygon","coordinates":[[[106.531663,29.606048],[106.531537,29.605937],[106.530216,29.605938],[106.530086,29.606067],[106.529951,29.607392],[106.530048,29.607513],[106.531528,29.607631],[106.531668,29.607518],[106.531663,29.606048]]]}},{"id":"1239","type":"Feature","properties":{"landuse":"unknown","amenity":"school","military":"unknown","base_elevation":119},"geometry":{"type":"Polygon","coordinates":[[[106.541232,29.620065],[106.541929,29.618706],[106.54186,29.618635],[106.540643,29.618525],[106.539751,29.61998],[106.541232,29.620065]]]}},{"id":"1240","type":"Feature","properties":{"landuse":"unknown","amenity":"school","military":"unknown","base_elevation":120},"geometry":{"type":"Polygon","coordinates":[[[106.541648,29.620071],[106.54312,29.620179],[106.543221,29.620089],[106.543209,29.618779],[106.543134,29.618706],[106.542216,29.618653],[106.541547,29.619919],[106.541648,29.620071]]]}},{"id":"1241","type":"Feature","properties":{"landuse":"unknown","amenity":"school","military":"unknown","base_elevation":186},"geometry":{"type":"Polygon","coordinates":[[[106.535815,29.622111],[106.53541,29.623014],[106.536104,29.623825],[106.537063,29.623184],[106.537487,29.623026],[106.537513,29.622836],[106.536187,29.622122],[106.535815,29.622111]]]}},{"id":"1242","type":"Feature","properties":{"landuse":"unknown","amenity":"school","military":"unknown","base_elevation":201},"geometry":{"type":"Polygon","coordinates":[[[106.532581,29.629751],[106.532432,29.62974],[106.530648,29.631332],[106.530666,29.631422],[106.531113,29.631585],[106.53274,29.631821],[106.533224,29.631688],[106.533789,29.631067],[106.533785,29.630948],[106.532581,29.629751]]]}},{"id":"1243","type":"Feature","properties":{"landuse":"unknown","amenity":"school","military":"unknown","base_elevation":211},"geometry":{"type":"Polygon","coordinates":[[[106.531885,29.636232],[106.530049,29.637227],[106.531669,29.639418],[106.533444,29.638302],[106.531885,29.636232]]]}},{"id":"1244","type":"Feature","properties":{"landuse":"unknown","amenity":"school","military":"unknown","base_elevation":274},"geometry":{"type":"Polygon","coordinates":[[[106.542996,29.64091],[106.541567,29.640346],[106.541122,29.641235],[106.541176,29.641352],[106.542498,29.641852],[106.542996,29.64091]]]}},{"id":"1245","type":"Feature","properties":{"landuse":"unknown","amenity":"school","military":"unknown","base_elevation":265},"geometry":{"type":"Polygon","coordinates":[[[106.538047,29.642632],[106.538326,29.642935],[106.539141,29.643215],[106.539447,29.643154],[106.540101,29.642707],[106.539999,29.642614],[106.538272,29.642007],[106.538063,29.642436],[106.538047,29.642632]]]}},{"id":"1246","type":"Feature","properties":{"landuse":"unknown","amenity":"school","military":"unknown","base_elevation":304},"geometry":{"type":"Polygon","coordinates":[[[106.52683,29.645947],[106.525509,29.644899],[106.52395,29.645583],[106.524189,29.646813],[106.525141,29.646656],[106.52683,29.645947]]]}},{"id":"1247","type":"Feature","properties":{"landuse":"unknown","amenity":"school","military":"unknown","base_elevation":89},"geometry":{"type":"Polygon","coordinates":[[[106.554631,29.501161],[106.555705,29.501756],[106.556428,29.501098],[106.5569,29.500829],[106.556436,29.500234],[106.555656,29.500326],[106.554948,29.500631],[106.554631,29.501161]]]}},{"id":"1248","type":"Feature","properties":{"landuse":"unknown","amenity":"school","military":"unknown","base_elevation":86},"geometry":{"type":"Polygon","coordinates":[[[106.554443,29.501428],[106.554398,29.503723],[106.555012,29.50372],[106.555114,29.503622],[106.555168,29.503075],[106.555369,29.502365],[106.555644,29.501835],[106.554904,29.501433],[106.554443,29.501428]]]}},{"id":"1249","type":"Feature","properties":{"landuse":"unknown","amenity":"school","military":"unknown","base_elevation":137},"geometry":{"type":"Polygon","coordinates":[[[106.573132,29.504974],[106.57356,29.504809],[106.573587,29.504298],[106.573909,29.503994],[106.573889,29.503097],[106.573114,29.503268],[106.573379,29.504348],[106.572567,29.504464],[106.571939,29.504649],[106.571654,29.504565],[106.571134,29.504561],[106.571018,29.504708],[106.570862,29.50528],[106.570781,29.505354],[106.570465,29.50539],[106.570502,29.505515],[106.571652,29.505501],[106.571682,29.505897],[106.572858,29.505851],[106.572827,29.505324],[106.573079,29.505221],[106.573132,29.504974]]]}},{"id":"1250","type":"Feature","properties":{"landuse":"unknown","amenity":"school","military":"unknown","base_elevation":129},"geometry":{"type":"Polygon","coordinates":[[[106.57259,29.511257],[106.572525,29.51056],[106.570482,29.510899],[106.570612,29.511885],[106.57181,29.511691],[106.57259,29.511257]]]}},{"id":"1251","type":"Feature","properties":{"landuse":"unknown","amenity":"school","military":"unknown","base_elevation":95},"geometry":{"type":"Polygon","coordinates":[[[106.556281,29.515686],[106.557365,29.515803],[106.557458,29.514955],[106.556399,29.51491],[106.556281,29.515686]]]}},{"id":"1252","type":"Feature","properties":{"landuse":"unknown","amenity":"school","military":"unknown","base_elevation":114},"geometry":{"type":"Polygon","coordinates":[[[106.562947,29.518406],[106.56537,29.517833],[106.565441,29.517682],[106.564993,29.516188],[106.564818,29.51608],[106.564101,29.516237],[106.563712,29.516389],[106.563895,29.516606],[106.563272,29.517003],[106.56309,29.516786],[106.562701,29.516977],[106.562648,29.51767],[106.560957,29.517549],[106.561222,29.518231],[106.561356,29.51837],[106.562392,29.51846],[106.562947,29.518406]]]}},{"id":"1253","type":"Feature","properties":{"landuse":"unknown","amenity":"school","military":"unknown","base_elevation":128},"geometry":{"type":"Polygon","coordinates":[[[106.556933,29.520181],[106.555581,29.520167],[106.555565,29.520718],[106.556874,29.520737],[106.556933,29.520181]]]}},{"id":"1254","type":"Feature","properties":{"landuse":"unknown","amenity":"school","military":"unknown","base_elevation":154},"geometry":{"type":"Polygon","coordinates":[[[106.56299,29.522146],[106.564111,29.522145],[106.564189,29.520801],[106.56273,29.520695],[106.562498,29.52107],[106.562967,29.521258],[106.56299,29.522146]]]}},{"id":"1255","type":"Feature","properties":{"landuse":"unknown","amenity":"school","military":"unknown","base_elevation":125},"geometry":{"type":"Polygon","coordinates":[[[106.548985,29.525323],[106.549199,29.52457],[106.548007,29.524284],[106.54776,29.524698],[106.547396,29.524557],[106.54713,29.525021],[106.548985,29.525323]]]}},{"id":"1256","type":"Feature","properties":{"landuse":"unknown","amenity":"school","military":"unknown","base_elevation":137},"geometry":{"type":"Polygon","coordinates":[[[106.558597,29.528444],[106.559686,29.528424],[106.559647,29.527519],[106.559248,29.527516],[106.559196,29.527215],[106.558627,29.52715],[106.558597,29.528444]]]}},{"id":"1257","type":"Feature","properties":{"landuse":"unknown","amenity":"school","military":"unknown","base_elevation":141},"geometry":{"type":"Polygon","coordinates":[[[106.555987,29.530124],[106.556029,29.529168],[106.555283,29.529156],[106.555283,29.529057],[106.555091,29.529057],[106.555021,29.530079],[106.555987,29.530124]]]}},{"id":"1258","type":"Feature","properties":{"landuse":"unknown","amenity":"school","military":"unknown","base_elevation":84},"geometry":{"type":"Polygon","coordinates":[[[106.573301,29.530348],[106.572944,29.529514],[106.571804,29.529764],[106.571677,29.529377],[106.571198,29.52948],[106.571099,29.529687],[106.571832,29.530652],[106.573301,29.530348]]]}},{"id":"1259","type":"Feature","properties":{"landuse":"unknown","amenity":"school","military":"unknown","base_elevation":157},"geometry":{"type":"Polygon","coordinates":[[[106.554261,29.531379],[106.553988,29.531589],[106.553971,29.532262],[106.555424,29.532251],[106.555381,29.531383],[106.554261,29.531379]]]}},{"id":"1260","type":"Feature","properties":{"landuse":"unknown","amenity":"school","military":"unknown","base_elevation":146},"geometry":{"type":"Polygon","coordinates":[[[106.553966,29.53814],[106.554567,29.53794],[106.554128,29.536559],[106.553953,29.53639],[106.553684,29.536325],[106.553398,29.536407],[106.553522,29.537043],[106.553326,29.537197],[106.553309,29.537475],[106.553966,29.53814]]]}},{"id":"1261","type":"Feature","properties":{"landuse":"unknown","amenity":"school","military":"unknown","base_elevation":145},"geometry":{"type":"Polygon","coordinates":[[[106.564683,29.537018],[106.564764,29.537633],[106.565343,29.537715],[106.565283,29.536811],[106.564683,29.537018]]]}},{"id":"1262","type":"Feature","properties":{"landuse":"unknown","amenity":"school","military":"unknown","base_elevation":126},"geometry":{"type":"Polygon","coordinates":[[[106.557266,29.55468],[106.557184,29.554557],[106.557183,29.553948],[106.556956,29.553908],[106.556596,29.554198],[106.556382,29.554104],[106.556154,29.554361],[106.556394,29.554732],[106.556327,29.554819],[106.556416,29.554875],[106.556479,29.554798],[106.556911,29.554974],[106.557266,29.55468]]]}},{"id":"1263","type":"Feature","properties":{"landuse":"unknown","amenity":"school","military":"unknown","base_elevation":105},"geometry":{"type":"Polygon","coordinates":[[[106.568885,29.555259],[106.568314,29.55519],[106.568311,29.555346],[106.568653,29.555347],[106.568652,29.555615],[106.569122,29.555618],[106.569075,29.555343],[106.56889,29.555342],[106.568885,29.555259]]]}},{"id":"1264","type":"Feature","properties":{"landuse":"unknown","amenity":"school","military":"unknown","base_elevation":134},"geometry":{"type":"Polygon","coordinates":[[[106.565093,29.558305],[106.565312,29.55831],[106.565655,29.558158],[106.565624,29.557453],[106.565561,29.557405],[106.56497,29.557478],[106.564934,29.55795],[106.565093,29.558305]]]}},{"id":"1265","type":"Feature","properties":{"landuse":"unknown","amenity":"school","military":"unknown","base_elevation":81},"geometry":{"type":"Polygon","coordinates":[[[106.55365,29.56031],[106.553247,29.560351],[106.553286,29.560421],[106.553172,29.560475],[106.553107,29.560371],[106.552768,29.560565],[106.552897,29.560724],[106.552681,29.560854],[106.5529,29.561084],[106.552688,29.561252],[106.552734,29.561367],[106.552859,29.561395],[106.55301,29.56131],[106.553106,29.561354],[106.55318,29.56124],[106.553617,29.561473],[106.553377,29.561814],[106.553744,29.561904],[106.554014,29.561757],[106.554445,29.561352],[106.554914,29.560354],[106.554933,29.560178],[106.554564,29.559784],[106.553688,29.559674],[106.553608,29.560143],[106.55365,29.56031]]]}},{"id":"1266","type":"Feature","properties":{"landuse":"unknown","amenity":"school","military":"unknown","base_elevation":65},"geometry":{"type":"Polygon","coordinates":[[[106.555554,29.561456],[106.555658,29.561804],[106.555348,29.561933],[106.555254,29.562218],[106.55529,29.562284],[106.555467,29.56226],[106.555806,29.562964],[106.556016,29.562968],[106.556108,29.563327],[106.556577,29.563869],[106.556442,29.564311],[106.558458,29.565054],[106.559297,29.565269],[106.559448,29.565148],[106.559065,29.564849],[106.558929,29.564537],[106.559133,29.564289],[106.558712,29.564004],[106.557875,29.563982],[106.557068,29.563462],[106.556712,29.561918],[106.556492,29.561349],[106.55616,29.561368],[106.556037,29.561264],[106.555633,29.561295],[106.555554,29.561456]]]}},{"id":"1267","type":"Feature","properties":{"landuse":"unknown","amenity":"school","military":"unknown","base_elevation":78},"geometry":{"type":"Polygon","coordinates":[[[106.554951,29.563136],[106.554454,29.562912],[106.554288,29.562917],[106.552955,29.563787],[106.553743,29.564364],[106.554179,29.563927],[106.554346,29.56393],[106.554937,29.56339],[106.554951,29.563136]]]}},{"id":"1268","type":"Feature","properties":{"landuse":"unknown","amenity":"school","military":"unknown","base_elevation":82},"geometry":{"type":"Polygon","coordinates":[[[106.559399,29.579839],[106.559523,29.579729],[106.559698,29.578158],[106.558653,29.578095],[106.558486,29.57966],[106.55856,29.579759],[106.559399,29.579839]]]}},{"id":"1269","type":"Feature","properties":{"landuse":"unknown","amenity":"school","military":"unknown","base_elevation":159},"geometry":{"type":"Polygon","coordinates":[[[106.549467,29.57936],[106.549326,29.579538],[106.549677,29.579945],[106.549871,29.580023],[106.550304,29.579754],[106.550099,29.579643],[106.550198,29.579477],[106.549483,29.579127],[106.549467,29.57936]]]}},{"id":"1270","type":"Feature","properties":{"landuse":"unknown","amenity":"school","military":"unknown","base_elevation":57},"geometry":{"type":"Polygon","coordinates":[[[106.570809,29.580202],[106.568599,29.580244],[106.568591,29.581474],[106.568939,29.581606],[106.570883,29.581246],[106.571404,29.580434],[106.570809,29.580202]]]}},{"id":"1271","type":"Feature","properties":{"landuse":"unknown","amenity":"school","military":"unknown","base_elevation":170},"geometry":{"type":"Polygon","coordinates":[[[106.552556,29.58471],[106.552554,29.584768],[106.552423,29.584764],[106.552377,29.585863],[106.552533,29.585937],[106.5528,29.585923],[106.55322,29.585739],[106.552958,29.585288],[106.552978,29.58479],[106.552879,29.584787],[106.552882,29.58472],[106.552556,29.58471]]]}},{"id":"1272","type":"Feature","properties":{"landuse":"unknown","amenity":"school","military":"unknown","base_elevation":171},"geometry":{"type":"Polygon","coordinates":[[[106.551685,29.585394],[106.551236,29.585176],[106.550821,29.585307],[106.549898,29.585358],[106.549558,29.585627],[106.549476,29.58612],[106.550036,29.586342],[106.550742,29.586318],[106.551078,29.586598],[106.551436,29.586729],[106.551869,29.585782],[106.551547,29.585658],[106.551685,29.585394]]]}},{"id":"1273","type":"Feature","properties":{"landuse":"unknown","amenity":"school","military":"unknown","base_elevation":58},"geometry":{"type":"Polygon","coordinates":[[[106.562386,29.595203],[106.562707,29.595054],[106.563226,29.59504],[106.563667,29.59475],[106.564216,29.593711],[106.564326,29.593763],[106.564468,29.593543],[106.564997,29.593334],[106.564808,29.59301],[106.564553,29.592972],[106.562909,29.593701],[106.561598,29.594337],[106.561467,29.594524],[106.561197,29.594613],[106.561119,29.59483],[106.561339,29.595278],[106.56164,29.595179],[106.561807,29.594932],[106.562386,29.595203]]]}},{"id":"1274","type":"Feature","properties":{"landuse":"unknown","amenity":"school","military":"unknown","base_elevation":84},"geometry":{"type":"Polygon","coordinates":[[[106.552876,29.594699],[106.552862,29.595594],[106.554808,29.595562],[106.554806,29.594644],[106.552876,29.594699]]]}},{"id":"1275","type":"Feature","properties":{"landuse":"unknown","amenity":"school","military":"unknown","base_elevation":43},"geometry":{"type":"Polygon","coordinates":[[[106.563524,29.595992],[106.563684,29.595749],[106.563918,29.595579],[106.564417,29.595508],[106.564793,29.59531],[106.564692,29.595147],[106.564247,29.595242],[106.562623,29.595297],[106.562442,29.595461],[106.561966,29.596242],[106.562849,29.597305],[106.563433,29.596856],[106.563568,29.596556],[106.563487,29.596209],[106.563524,29.595992]]]}},{"id":"1276","type":"Feature","properties":{"landuse":"unknown","amenity":"school","military":"unknown","base_elevation":75},"geometry":{"type":"Polygon","coordinates":[[[106.564998,29.601859],[106.564978,29.60145],[106.564551,29.600557],[106.56422,29.599997],[106.564118,29.599964],[106.561656,29.601118],[106.560016,29.601402],[106.559727,29.601685],[106.559447,29.602491],[106.559374,29.602994],[106.559937,29.602999],[106.55994,29.60343],[106.561772,29.603407],[106.563842,29.602685],[106.563938,29.602598],[106.563888,29.602267],[106.564012,29.602582],[106.564441,29.602391],[106.564727,29.602127],[106.56504,29.602119],[106.565081,29.602041],[106.564998,29.601859]],[[106.563217,29.602134],[106.562962,29.601673],[106.563491,29.601026],[106.563888,29.602267],[106.563217,29.602134]]]}},{"id":"1277","type":"Feature","properties":{"landuse":"unknown","amenity":"school","military":"unknown","base_elevation":107},"geometry":{"type":"Polygon","coordinates":[[[106.551366,29.605091],[106.551024,29.603798],[106.551256,29.603734],[106.551097,29.60319],[106.549003,29.603232],[106.549028,29.605038],[106.549154,29.605127],[106.551366,29.605091]]]}},{"id":"1278","type":"Feature","properties":{"landuse":"unknown","amenity":"school","military":"unknown","base_elevation":111},"geometry":{"type":"Polygon","coordinates":[[[106.567367,29.606853],[106.567246,29.606467],[106.565921,29.60672],[106.566181,29.606881],[106.566214,29.607431],[106.566437,29.607774],[106.567275,29.607159],[106.567367,29.606853]]]}},{"id":"1279","type":"Feature","properties":{"landuse":"unknown","amenity":"school","military":"unknown","base_elevation":88},"geometry":{"type":"Polygon","coordinates":[[[106.570764,29.614227],[106.571255,29.614818],[106.57236,29.614422],[106.571431,29.613335],[106.570242,29.61382],[106.570236,29.614047],[106.570533,29.614353],[106.570764,29.614227]]]}},{"id":"1280","type":"Feature","properties":{"landuse":"unknown","amenity":"school","military":"unknown","base_elevation":151},"geometry":{"type":"Polygon","coordinates":[[[106.561772,29.62614],[106.560997,29.625747],[106.560223,29.626985],[106.561006,29.627358],[106.561772,29.62614]]]}},{"id":"1281","type":"Feature","properties":{"landuse":"unknown","amenity":"school","military":"unknown","base_elevation":144},"geometry":{"type":"Polygon","coordinates":[[[106.549187,29.62973],[106.549157,29.627731],[106.547722,29.628062],[106.547751,29.62963],[106.547826,29.629915],[106.549037,29.629904],[106.549187,29.62973]]]}},{"id":"1282","type":"Feature","properties":{"landuse":"unknown","amenity":"school","military":"unknown","base_elevation":170},"geometry":{"type":"Polygon","coordinates":[[[106.549823,29.640394],[106.550384,29.640629],[106.550677,29.640936],[106.552175,29.640625],[106.551955,29.64025],[106.551964,29.639949],[106.552078,29.639745],[106.554345,29.637887],[106.554297,29.637696],[106.552335,29.636665],[106.55021,29.638488],[106.550968,29.639299],[106.550933,29.63994],[106.550561,29.640103],[106.549668,29.640112],[106.549823,29.640394]]]}},{"id":"1283","type":"Feature","properties":{"landuse":"unknown","amenity":"school","military":"unknown","base_elevation":79},"geometry":{"type":"Polygon","coordinates":[[[106.655662,29.503138],[106.652969,29.50446],[106.65298,29.504674],[106.653665,29.505308],[106.653924,29.505715],[106.654182,29.506494],[106.654348,29.506553],[106.658075,29.506511],[106.658165,29.506404],[106.658108,29.504211],[106.657874,29.503482],[106.657692,29.503224],[106.656788,29.502395],[106.656592,29.502419],[106.655662,29.503138]]]}},{"id":"1284","type":"Feature","properties":{"landuse":"unknown","amenity":"school","military":"unknown","base_elevation":277},"geometry":{"type":"Polygon","coordinates":[[[106.597065,29.5035],[106.596867,29.503599],[106.596142,29.504324],[106.595469,29.504369],[106.595032,29.504573],[106.595748,29.505162],[106.596142,29.505161],[106.596415,29.505458],[106.596885,29.505493],[106.596861,29.505944],[106.596745,29.506135],[106.597,29.506873],[106.598134,29.506584],[106.597393,29.504061],[106.597349,29.503587],[106.597065,29.5035]]]}},{"id":"1285","type":"Feature","properties":{"landuse":"unknown","amenity":"school","military":"unknown","base_elevation":59},"geometry":{"type":"Polygon","coordinates":[[[106.664563,29.507421],[106.663518,29.507324],[106.664313,29.5094],[106.665227,29.509166],[106.664724,29.508378],[106.664563,29.507421]]]}},{"id":"1286","type":"Feature","properties":{"landuse":"unknown","amenity":"school","military":"unknown","base_elevation":120},"geometry":{"type":"Polygon","coordinates":[[[106.646462,29.510388],[106.64662,29.510577],[106.647677,29.50993],[106.647753,29.509786],[106.64717,29.507527],[106.647012,29.50747],[106.646332,29.507787],[106.646507,29.510074],[106.646462,29.510388]]]}},{"id":"1287","type":"Feature","properties":{"landuse":"unknown","amenity":"school","military":"unknown","base_elevation":111},"geometry":{"type":"Polygon","coordinates":[[[106.657671,29.508046],[106.657555,29.507984],[106.657159,29.508033],[106.656861,29.508263],[106.656831,29.510555],[106.657652,29.510565],[106.65765,29.509505],[106.658246,29.509504],[106.658237,29.508652],[106.657815,29.508651],[106.657671,29.508046]]]}},{"id":"1288","type":"Feature","properties":{"landuse":"unknown","amenity":"school","military":"unknown","base_elevation":120},"geometry":{"type":"Polygon","coordinates":[[[106.646112,29.510839],[106.646069,29.51009],[106.645124,29.510094],[106.645129,29.511143],[106.645334,29.511236],[106.646112,29.510839]]]}},{"id":"1289","type":"Feature","properties":{"landuse":"unknown","amenity":"school","military":"unknown","base_elevation":297},"geometry":{"type":"Polygon","coordinates":[[[106.600099,29.515519],[106.600616,29.514743],[106.599499,29.513511],[106.598788,29.513922],[106.599086,29.51507],[106.599055,29.515531],[106.600099,29.515519]]]}},{"id":"1290","type":"Feature","properties":{"landuse":"unknown","amenity":"school","military":"unknown","base_elevation":85},"geometry":{"type":"Polygon","coordinates":[[[106.647773,29.516093],[106.647798,29.515935],[106.646542,29.514135],[106.646303,29.514093],[106.645096,29.514719],[106.646767,29.516707],[106.647773,29.516093]]]}},{"id":"1291","type":"Feature","properties":{"landuse":"unknown","amenity":"school","military":"unknown","base_elevation":86},"geometry":{"type":"Polygon","coordinates":[[[106.660059,29.515205],[106.659803,29.515212],[106.659801,29.514676],[106.658404,29.514354],[106.65806,29.514128],[106.656733,29.513873],[106.656336,29.51388],[106.656346,29.514264],[106.655763,29.514279],[106.655679,29.514385],[106.655686,29.514933],[106.655391,29.514987],[106.6553,29.515079],[106.656278,29.517103],[106.659118,29.516672],[106.659111,29.516054],[106.659878,29.51605],[106.659862,29.515665],[106.660067,29.51559],[106.660059,29.515205]]]}},{"id":"1292","type":"Feature","properties":{"landuse":"unknown","amenity":"school","military":"unknown","base_elevation":274},"geometry":{"type":"Polygon","coordinates":[[[106.593081,29.517454],[106.593045,29.519857],[106.595417,29.519885],[106.595413,29.519276],[106.595278,29.518561],[106.594592,29.516294],[106.593022,29.517184],[106.593081,29.517454]]]}},{"id":"1293","type":"Feature","properties":{"landuse":"unknown","amenity":"school","military":"unknown","base_elevation":107},"geometry":{"type":"Polygon","coordinates":[[[106.645518,29.520158],[106.645666,29.519934],[106.645118,29.518939],[106.64372,29.51956],[106.644184,29.520396],[106.644383,29.520508],[106.645518,29.520158]]]}},{"id":"1294","type":"Feature","properties":{"landuse":"unknown","amenity":"school","military":"unknown","base_elevation":106},"geometry":{"type":"Polygon","coordinates":[[[106.642578,29.520597],[106.64106,29.521346],[106.641414,29.522262],[106.641521,29.522328],[106.642585,29.52178],[106.643056,29.521442],[106.642578,29.520597]]]}},{"id":"1295","type":"Feature","properties":{"landuse":"unknown","amenity":"school","military":"unknown","base_elevation":284},"geometry":{"type":"Polygon","coordinates":[[[106.600684,29.522711],[106.600422,29.523083],[106.60031,29.523123],[106.599992,29.52364],[106.600595,29.523817],[106.600711,29.523661],[106.600638,29.523455],[106.600687,29.523244],[106.600987,29.522822],[106.600684,29.522711]]]}},{"id":"1296","type":"Feature","properties":{"landuse":"unknown","amenity":"school","military":"unknown","base_elevation":68},"geometry":{"type":"Polygon","coordinates":[[[106.574395,29.532547],[106.574288,29.532593],[106.57459,29.532856],[106.574999,29.534031],[106.575976,29.533583],[106.576172,29.53332],[106.577292,29.533011],[106.576812,29.531511],[106.574227,29.531868],[106.574484,29.532238],[106.574395,29.532547]]]}},{"id":"1297","type":"Feature","properties":{"landuse":"unknown","amenity":"school","military":"unknown","base_elevation":289},"geometry":{"type":"Polygon","coordinates":[[[106.601584,29.534024],[106.601618,29.533934],[106.60128,29.53369],[106.600942,29.533688],[106.600881,29.533584],[106.600688,29.53362],[106.600674,29.533946],[106.600978,29.534149],[106.601044,29.534369],[106.601132,29.534363],[106.601252,29.534198],[106.601195,29.534049],[106.601584,29.534024]]]}},{"id":"1298","type":"Feature","properties":{"landuse":"unknown","amenity":"school","military":"unknown","base_elevation":96},"geometry":{"type":"Polygon","coordinates":[[[106.663786,29.535132],[106.662241,29.532938],[106.66043,29.533662],[106.660403,29.533913],[106.661717,29.536081],[106.663786,29.535132]]]}},{"id":"1299","type":"Feature","properties":{"landuse":"unknown","amenity":"school","military":"unknown","base_elevation":139},"geometry":{"type":"Polygon","coordinates":[[[106.656589,29.535865],[106.655722,29.534658],[106.65486,29.535304],[106.655488,29.536306],[106.656563,29.535979],[106.656589,29.535865]]]}},{"id":"1300","type":"Feature","properties":{"landuse":"unknown","amenity":"school","military":"unknown","base_elevation":332},"geometry":{"type":"Polygon","coordinates":[[[106.597596,29.536302],[106.597179,29.535899],[106.597141,29.535457],[106.596807,29.535041],[106.596716,29.534724],[106.596473,29.534783],[106.596337,29.534935],[106.596109,29.534948],[106.595897,29.535232],[106.595897,29.535364],[106.596405,29.53576],[106.596435,29.535859],[106.596253,29.536143],[106.59601,29.536123],[106.595866,29.536236],[106.596193,29.536599],[106.596048,29.536731],[106.596026,29.536935],[106.595624,29.537377],[106.595669,29.537582],[106.596041,29.537536],[106.596079,29.537688],[106.596306,29.537773],[106.596739,29.537424],[106.597687,29.537457],[106.598044,29.537391],[106.598108,29.537482],[106.598098,29.536222],[106.597673,29.536208],[106.597596,29.536302]]]}},{"id":"1301","type":"Feature","properties":{"landuse":"unknown","amenity":"school","military":"unknown","base_elevation":92},"geometry":{"type":"Polygon","coordinates":[[[106.576937,29.538739],[106.576725,29.538835],[106.576808,29.539092],[106.57702,29.539294],[106.578037,29.539086],[106.578104,29.538909],[106.577652,29.538191],[106.577007,29.538497],[106.576937,29.538739]]]}},{"id":"1302","type":"Feature","properties":{"landuse":"unknown","amenity":"school","military":"unknown","base_elevation":293},"geometry":{"type":"Polygon","coordinates":[[[106.60156,29.542015],[106.601697,29.541962],[106.601963,29.54238],[106.60253,29.542078],[106.60198,29.540976],[106.601221,29.541171],[106.60156,29.542015]]]}},{"id":"1303","type":"Feature","properties":{"landuse":"unknown","amenity":"school","military":"unknown","base_elevation":293},"geometry":{"type":"Polygon","coordinates":[[[106.60706,29.545313],[106.606932,29.543629],[106.605066,29.54368],[106.604888,29.544081],[106.604879,29.545212],[106.605031,29.54523],[106.605766,29.545821],[106.606189,29.545809],[106.60622,29.545435],[106.60706,29.545313]]]}},{"id":"1304","type":"Feature","properties":{"landuse":"unknown","amenity":"school","military":"unknown","base_elevation":147},"geometry":{"type":"Polygon","coordinates":[[[106.592722,29.54507],[106.593301,29.545756],[106.593819,29.545423],[106.593698,29.545115],[106.593532,29.545157],[106.5934,29.544839],[106.592722,29.54507]]]}},{"id":"1305","type":"Feature","properties":{"landuse":"unknown","amenity":"school","military":"unknown","base_elevation":78},"geometry":{"type":"Polygon","coordinates":[[[106.583141,29.562666],[106.583197,29.562729],[106.584022,29.562688],[106.583665,29.562194],[106.583567,29.562209],[106.583141,29.562666]]]}},{"id":"1306","type":"Feature","properties":{"landuse":"unknown","amenity":"school","military":"unknown","base_elevation":43},"geometry":{"type":"Polygon","coordinates":[[[106.661475,29.562044],[106.662714,29.56312],[106.662845,29.563164],[106.663068,29.562707],[106.662955,29.56207],[106.66207,29.56207],[106.661719,29.561846],[106.661475,29.562044]]]}},{"id":"1307","type":"Feature","properties":{"landuse":"unknown","amenity":"school","military":"unknown","base_elevation":104},"geometry":{"type":"Polygon","coordinates":[[[106.595909,29.576083],[106.59506,29.575845],[106.594855,29.576366],[106.594266,29.576187],[106.593923,29.576699],[106.594213,29.576966],[106.596975,29.577818],[106.597168,29.577089],[106.596636,29.576031],[106.595909,29.576083]]]}},{"id":"1308","type":"Feature","properties":{"landuse":"unknown","amenity":"school","military":"unknown","base_elevation":117},"geometry":{"type":"Polygon","coordinates":[[[106.59697,29.584257],[106.593604,29.584716],[106.593929,29.586265],[106.594437,29.586382],[106.594393,29.586551],[106.597195,29.586534],[106.5973,29.586268],[106.598917,29.586285],[106.598899,29.585379],[106.598979,29.585259],[106.598983,29.584894],[106.598918,29.584575],[106.598685,29.584267],[106.598483,29.583436],[106.597381,29.582639],[106.596976,29.58297],[106.59697,29.584257]]]}},{"id":"1309","type":"Feature","properties":{"landuse":"unknown","amenity":"school","military":"unknown","base_elevation":66},"geometry":{"type":"Polygon","coordinates":[[[106.583132,29.586037],[106.582267,29.586217],[106.582257,29.586503],[106.583155,29.586588],[106.583132,29.586037]]]}},{"id":"1310","type":"Feature","properties":{"landuse":"unknown","amenity":"school","military":"unknown","base_elevation":113},"geometry":{"type":"Polygon","coordinates":[[[106.595465,29.591325],[106.595339,29.592003],[106.595343,29.593058],[106.595408,29.593117],[106.59703,29.592953],[106.597679,29.592814],[106.59736,29.591513],[106.597556,29.590981],[106.595869,29.590636],[106.595465,29.591325]]]}},{"id":"1311","type":"Feature","properties":{"landuse":"unknown","amenity":"school","military":"unknown","base_elevation":77},"geometry":{"type":"Polygon","coordinates":[[[106.585598,29.594834],[106.585784,29.594893],[106.586987,29.594656],[106.586373,29.592718],[106.584595,29.593185],[106.585598,29.594834]]]}},{"id":"1312","type":"Feature","properties":{"landuse":"unknown","amenity":"school","military":"unknown","base_elevation":113},"geometry":{"type":"Polygon","coordinates":[[[106.597102,29.597508],[106.595067,29.597012],[106.594796,29.597285],[106.594381,29.597516],[106.596227,29.598853],[106.597102,29.597508]]]}},{"id":"1313","type":"Feature","properties":{"landuse":"unknown","amenity":"school","military":"unknown","base_elevation":145},"geometry":{"type":"Polygon","coordinates":[[[106.611532,29.604819],[106.610969,29.604539],[106.610878,29.604562],[106.610566,29.604982],[106.611221,29.605294],[106.611532,29.604819]]]}},{"id":"1314","type":"Feature","properties":{"landuse":"unknown","amenity":"school","military":"unknown","base_elevation":123},"geometry":{"type":"Polygon","coordinates":[[[106.645499,29.6218],[106.645701,29.622755],[106.645914,29.622843],[106.646605,29.622736],[106.646507,29.622292],[106.648083,29.622046],[106.647852,29.620868],[106.645572,29.621087],[106.645513,29.621141],[106.645499,29.6218]]]}},{"id":"1315","type":"Feature","properties":{"landuse":"unknown","amenity":"school","military":"unknown","base_elevation":111},"geometry":{"type":"Polygon","coordinates":[[[106.619317,29.628876],[106.619118,29.629184],[106.619912,29.62952],[106.620943,29.630236],[106.621005,29.630181],[106.62052,29.628918],[106.620154,29.628584],[106.619317,29.628876]]]}},{"id":"1316","type":"Feature","properties":{"landuse":"unknown","amenity":"school","military":"unknown","base_elevation":85},"geometry":{"type":"Polygon","coordinates":[[[106.584247,29.637446],[106.583888,29.637265],[106.583947,29.638806],[106.584301,29.639141],[106.585332,29.637779],[106.584772,29.637421],[106.584443,29.637376],[106.584247,29.637446]]]}},{"id":"1317","type":"Feature","properties":{"landuse":"unknown","amenity":"university","military":"unknown","base_elevation":258},"geometry":{"type":"Polygon","coordinates":[[[106.591657,29.497422],[106.591582,29.497704],[106.591634,29.498326],[106.591291,29.498955],[106.590737,29.499454],[106.589744,29.499333],[106.589667,29.499461],[106.590992,29.503226],[106.592155,29.5031],[106.592918,29.502786],[106.593029,29.501908],[106.593849,29.501263],[106.59488,29.500992],[106.595035,29.501344],[106.595507,29.501368],[106.595933,29.501208],[106.596214,29.501235],[106.596955,29.501022],[106.596896,29.500501],[106.59645,29.499552],[106.596031,29.499559],[106.595066,29.498698],[106.594603,29.499109],[106.594214,29.49847],[106.59396,29.498439],[106.593639,29.497889],[106.593185,29.497736],[106.593637,29.496887],[106.593038,29.496069],[106.592487,29.496269],[106.592078,29.496707],[106.591657,29.497422]]]}},{"id":"1318","type":"Feature","properties":{"landuse":"unknown","amenity":"university","military":"unknown","base_elevation":91},"geometry":{"type":"Polygon","coordinates":[[[106.563497,29.506954],[106.566374,29.504755],[106.567072,29.50433],[106.56693,29.504185],[106.562871,29.504434],[106.56092,29.504587],[106.560711,29.50477],[106.560657,29.505403],[106.562821,29.505357],[106.562928,29.506438],[106.563497,29.506954]]]}},{"id":"1319","type":"Feature","properties":{"landuse":"unknown","amenity":"university","military":"unknown","base_elevation":143},"geometry":{"type":"Polygon","coordinates":[[[106.576724,29.51486],[106.576571,29.514324],[106.577338,29.513435],[106.577581,29.512728],[106.57811,29.512634],[106.578713,29.512416],[106.57882,29.512341],[106.578814,29.511933],[106.579508,29.511987],[106.580831,29.51187],[106.580753,29.51111],[106.581942,29.510798],[106.583084,29.510229],[106.583199,29.509197],[106.583181,29.508296],[106.582934,29.507671],[106.582309,29.506972],[106.581695,29.50668],[106.580077,29.506113],[106.578752,29.506758],[106.578552,29.506571],[106.578668,29.506258],[106.577522,29.504886],[106.576131,29.504626],[106.575941,29.50337],[106.575522,29.503288],[106.575368,29.501097],[106.574064,29.50133],[106.573831,29.502145],[106.573991,29.511229],[106.576134,29.511188],[106.576125,29.512327],[106.574525,29.513429],[106.574469,29.515382],[106.576548,29.515644],[106.576515,29.515086],[106.576724,29.51486]]]}},{"id":"1320","type":"Feature","properties":{"landuse":"unknown","amenity":"university","military":"unknown","base_elevation":274},"geometry":{"type":"Polygon","coordinates":[[[106.602845,29.540028],[106.604376,29.539624],[106.606097,29.539565],[106.607433,29.539295],[106.607709,29.539142],[106.608174,29.538528],[106.60775,29.537993],[106.607779,29.53735],[106.608876,29.536133],[106.608953,29.535826],[106.608736,29.535287],[106.60873,29.535049],[106.608917,29.534723],[106.608851,29.534618],[106.609084,29.534474],[106.609104,29.534357],[106.608266,29.533324],[106.607891,29.533151],[106.607304,29.532467],[106.607197,29.532079],[106.607525,29.530895],[106.607394,29.530582],[106.605154,29.529857],[106.604869,29.529863],[106.604381,29.530025],[106.604242,29.529778],[106.603995,29.529638],[106.604087,29.529438],[106.604084,29.528678],[106.604262,29.528387],[106.604281,29.527396],[106.604758,29.526819],[106.604603,29.526572],[106.60373,29.52642],[106.603253,29.525929],[106.603644,29.525456],[106.603616,29.524643],[106.603449,29.523971],[106.601053,29.524239],[106.601201,29.524682],[106.600891,29.524733],[106.600994,29.525265],[106.600933,29.525854],[106.600601,29.52695],[106.600772,29.528416],[106.600961,29.529213],[106.600943,29.529498],[106.600737,29.530037],[106.600749,29.530884],[106.600526,29.531112],[106.599609,29.531158],[106.599609,29.532597],[106.5993,29.53334],[106.599718,29.534478],[106.600987,29.537395],[106.600938,29.538143],[106.600736,29.538907],[106.600898,29.53999],[106.601052,29.540094],[106.602845,29.540028]]]}},{"id":"1321","type":"Feature","properties":{"landuse":"unknown","amenity":"university","military":"unknown","base_elevation":153},"geometry":{"type":"Polygon","coordinates":[[[106.500983,29.53808],[106.501321,29.538051],[106.501414,29.537783],[106.501976,29.537782],[106.501971,29.538117],[106.502854,29.538266],[106.502982,29.53807],[106.503516,29.537778],[106.506744,29.537783],[106.507114,29.537609],[106.507175,29.537502],[106.50715,29.534941],[106.506928,29.534939],[106.506936,29.533039],[106.505092,29.533035],[106.504218,29.533124],[106.504076,29.532997],[106.50313,29.53322],[106.503069,29.533161],[106.502844,29.533331],[106.502832,29.534634],[106.503065,29.534706],[106.502698,29.535775],[106.500911,29.53578],[106.500906,29.536308],[106.500062,29.536306],[106.500004,29.538309],[106.500668,29.538221],[106.500983,29.53808]]]}},{"id":"1322","type":"Feature","properties":{"landuse":"unknown","amenity":"university","military":"unknown","base_elevation":111},"geometry":{"type":"Polygon","coordinates":[[[106.520669,29.537499],[106.521636,29.538611],[106.522623,29.538627],[106.523043,29.538714],[106.523938,29.538588],[106.524752,29.538698],[106.525117,29.538269],[106.52435,29.537838],[106.523777,29.537049],[106.523502,29.536926],[106.523394,29.536745],[106.523391,29.536227],[106.521275,29.536208],[106.520669,29.537499]]]}},{"id":"1323","type":"Feature","properties":{"landuse":"unknown","amenity":"university","military":"unknown","base_elevation":59},"geometry":{"type":"Polygon","coordinates":[[[106.528367,29.563179],[106.528593,29.562178],[106.52914,29.560749],[106.528647,29.560545],[106.527221,29.560323],[106.526465,29.559809],[106.526208,29.55976],[106.526145,29.559956],[106.525851,29.560158],[106.525777,29.560477],[106.52489,29.561023],[106.525043,29.561622],[106.525082,29.562299],[106.525833,29.562448],[106.525832,29.563018],[106.52617,29.563028],[106.526167,29.563493],[106.528056,29.563525],[106.528212,29.563446],[106.528367,29.563179]]]}},{"id":"1324","type":"Feature","properties":{"landuse":null,"amenity":"school","military":null,"base_elevation":302},"geometry":{"type":"Point","coordinates":[106.601757,29.534244]}},{"id":"1325","type":"Feature","properties":{"landuse":null,"amenity":"school","military":null,"base_elevation":290},"geometry":{"type":"Point","coordinates":[106.601172,29.53522]}},{"id":"1326","type":"Feature","properties":{"landuse":null,"amenity":"school","military":null,"base_elevation":292},"geometry":{"type":"Point","coordinates":[106.601006,29.533834]}},{"id":"1327","type":"Feature","properties":{"landuse":"commercial","amenity":null,"military":null,"base_elevation":121},"geometry":{"type":"Point","coordinates":[106.558789,29.516964]}},{"id":"1328","type":"Feature","properties":{"landuse":null,"amenity":"hospital","military":null,"base_elevation":127},"geometry":{"type":"Point","coordinates":[106.509324,29.509917]}},{"id":"1329","type":"Feature","properties":{"landuse":null,"amenity":"school","military":null,"base_elevation":103},"geometry":{"type":"Point","coordinates":[106.572762,29.554115]}},{"id":"1330","type":"Feature","properties":{"landuse":null,"amenity":"school","military":null,"base_elevation":130},"geometry":{"type":"Point","coordinates":[106.569049,29.561023]}},{"id":"1331","type":"Feature","properties":{"landuse":null,"amenity":"hospital","military":null,"base_elevation":107},"geometry":{"type":"Point","coordinates":[106.56985,29.562751]}},{"id":"1332","type":"Feature","properties":{"landuse":null,"amenity":"hospital","military":null,"base_elevation":117},"geometry":{"type":"Point","coordinates":[106.572907,29.555474]}},{"id":"1333","type":"Feature","properties":{"landuse":null,"amenity":"hospital","military":null,"base_elevation":153},"geometry":{"type":"Point","coordinates":[106.563537,29.524307]}},{"id":"1334","type":"Feature","properties":{"landuse":null,"amenity":"school","military":null,"base_elevation":130},"geometry":{"type":"Point","coordinates":[106.568123,29.513112]}},{"id":"1335","type":"Feature","properties":{"landuse":null,"amenity":"school","military":null,"base_elevation":106},"geometry":{"type":"Point","coordinates":[106.570609,29.538562]}},{"id":"1336","type":"Feature","properties":{"landuse":null,"amenity":"school","military":null,"base_elevation":131},"geometry":{"type":"Point","coordinates":[106.557724,29.560538]}},{"id":"1337","type":"Feature","properties":{"landuse":null,"amenity":"hospital","military":null,"base_elevation":97},"geometry":{"type":"Point","coordinates":[106.542784,29.562374]}},{"id":"1338","type":"Feature","properties":{"landuse":"residential","amenity":null,"military":null,"base_elevation":320},"geometry":{"type":"Point","coordinates":[106.605853,29.533786]}},{"id":"1339","type":"Feature","properties":{"landuse":"residential","amenity":null,"military":null,"base_elevation":322},"geometry":{"type":"Point","coordinates":[106.605756,29.533518]}},{"id":"1340","type":"Feature","properties":{"landuse":null,"amenity":"clinic","military":null,"base_elevation":96},"geometry":{"type":"Point","coordinates":[106.55901,29.604481]}},{"id":"1341","type":"Feature","properties":{"landuse":null,"amenity":"school","military":null,"base_elevation":124},"geometry":{"type":"Point","coordinates":[106.550429,29.604165]}},{"id":"1342","type":"Feature","properties":{"landuse":"residential","amenity":null,"military":null,"base_elevation":147},"geometry":{"type":"Point","coordinates":[106.560066,29.521782]}},{"id":"1343","type":"Feature","properties":{"landuse":null,"amenity":"college","military":null,"base_elevation":126},"geometry":{"type":"Point","coordinates":[106.555054,29.55916]}},{"id":"1344","type":"Feature","properties":{"landuse":null,"amenity":"clinic","military":null,"base_elevation":129},"geometry":{"type":"Point","coordinates":[106.516031,29.577511]}},{"id":"1345","type":"Feature","properties":{"landuse":null,"amenity":"hospital","military":null,"base_elevation":149},"geometry":{"type":"Point","coordinates":[106.549792,29.556356]}},{"id":"1346","type":"Feature","properties":{"landuse":null,"amenity":"school","military":null,"base_elevation":84},"geometry":{"type":"Point","coordinates":[106.57232,29.552251]}},{"id":"1347","type":"Feature","properties":{"landuse":null,"amenity":"school","military":null,"base_elevation":169},"geometry":{"type":"Point","coordinates":[106.535985,29.601164]}},{"id":"1348","type":"Feature","properties":{"landuse":null,"amenity":"hospital","military":null,"base_elevation":160},"geometry":{"type":"Point","coordinates":[106.566002,29.531499]}},{"id":"1349","type":"Feature","properties":{"landuse":null,"amenity":"clinic","military":null,"base_elevation":113},"geometry":{"type":"Point","coordinates":[106.545156,29.555144]}}]}