{"type":"FeatureCollection","features":[{"id":"('node', 530774230)","type":"Feature","properties":{"railway":"station","bridge":null,"tunnel":null,"layer":null,"name":"\u91cd\u5e86","base_elevation":66,"location":null,"level":null},"geometry":{"type":"Point","coordinates":[106.541581,29.551514]}},{"id":"('node', 654769359)","type":"Feature","properties":{"railway":"station","bridge":null,"tunnel":null,"layer":null,"name":"\u91cd\u5e86\u5317","base_elevation":131,"location":null,"level":null},"geometry":{"type":"Point","coordinates":[106.547273,29.612322]}},{"id":"('node', 661044018)","type":"Feature","properties":{"railway":"station","bridge":null,"tunnel":null,"layer":null,"name":"\u9ec4\u82b1\u56ed","base_elevation":30,"location":null,"level":null},"geometry":{"type":"Point","coordinates":[106.561228,29.566137]}},{"id":"('node', 661044857)","type":"Feature","properties":{"railway":"station","bridge":null,"tunnel":null,"layer":null,"name":"\u5927\u6eaa\u6c9f","base_elevation":21,"location":null,"level":null},"geometry":{"type":"Point","coordinates":[106.554816,29.568877]}},{"id":"('node', 661044866)","type":"Feature","properties":{"railway":"station","bridge":null,"tunnel":null,"layer":null,"name":"\u66fe\u5bb6\u5ca9","base_elevation":23,"location":null,"level":null},"geometry":{"type":"Point","coordinates":[106.54643,29.569245]}},{"id":"('node', 661053277)","type":"Feature","properties":{"railway":"station","bridge":null,"tunnel":null,"layer":null,"name":"\u8c22\u5bb6\u6e7e","base_elevation":118,"location":null,"level":null},"geometry":{"type":"Point","coordinates":[106.513804,29.52193]}},{"id":"('node', 661053425)","type":"Feature","properties":{"railway":"station","bridge":null,"tunnel":null,"layer":null,"name":"\u52a8\u7269\u56ed","base_elevation":102,"location":null,"level":null},"geometry":{"type":"Point","coordinates":[106.505594,29.502787]}},{"id":"('node', 1681825138)","type":"Feature","properties":{"railway":"station","bridge":null,"tunnel":null,"layer":null,"name":"\u5510\u5bb6\u6cb1","base_elevation":81,"location":null,"level":null},"geometry":{"type":"Point","coordinates":[106.638099,29.615242]}},{"id":"('node', 1854002074)","type":"Feature","properties":{"railway":"station","bridge":null,"tunnel":null,"layer":null,"name":"\u534e\u65b0\u8857","base_elevation":73,"location":null,"level":null},"geometry":{"type":"Point","coordinates":[106.533416,29.566727]}},{"id":"('node', 1855168787)","type":"Feature","properties":{"railway":"station","bridge":null,"tunnel":null,"layer":null,"name":"\u5357\u576a","base_elevation":164,"location":null,"level":null},"geometry":{"type":"Point","coordinates":[106.565977,29.529055]}},{"id":"('node', 1855168788)","type":"Feature","properties":{"railway":"station","bridge":null,"tunnel":null,"layer":null,"name":"\u56db\u516c\u91cc","base_elevation":130,"location":null,"level":null},"geometry":{"type":"Point","coordinates":[106.572477,29.519469]}},{"id":"('node', 1855168789)","type":"Feature","properties":{"railway":"station","bridge":null,"tunnel":null,"layer":null,"name":"\u91cd\u5e86\u5de5\u5546\u5927\u5b66","base_elevation":131,"location":null,"level":null},"geometry":{"type":"Point","coordinates":[106.570158,29.510165]}},{"id":"('node', 1856531415)","type":"Feature","properties":{"railway":"station","bridge":null,"tunnel":null,"layer":null,"name":"\u91d1\u6e1d","base_elevation":146,"location":null,"level":null},"geometry":{"type":"Point","coordinates":[106.566977,29.638203]}},{"id":"('node', 1856531416)","type":"Feature","properties":{"railway":"station","bridge":null,"tunnel":null,"layer":null,"name":"\u9f99\u5934\u5bfa","base_elevation":130,"location":null,"level":null},"geometry":{"type":"Point","coordinates":[106.545968,29.619666]}},{"id":"('node', 1856531417)","type":"Feature","properties":{"railway":"station","bridge":null,"tunnel":null,"layer":null,"name":"\u72ee\u5b50\u576a","base_elevation":97,"location":null,"level":null},"geometry":{"type":"Point","coordinates":[106.545405,29.604094]}},{"id":"('node', 1856531418)","type":"Feature","properties":{"railway":"station","bridge":null,"tunnel":null,"layer":null,"name":"\u5510\u5bb6\u9662\u5b50","base_elevation":119,"location":null,"level":null},"geometry":{"type":"Point","coordinates":[106.536926,29.601994]}},{"id":"('node', 1856531419)","type":"Feature","properties":{"railway":"station","bridge":null,"tunnel":null,"layer":null,"name":"\u7ae5\u5bb6\u9662\u5b50","base_elevation":145,"location":null,"level":null},"geometry":{"type":"Point","coordinates":[106.551503,29.631254]}},{"id":"('node', 1856754755)","type":"Feature","properties":{"railway":"station","bridge":null,"tunnel":null,"layer":null,"name":"\u89c2\u97f3\u6865","base_elevation":124,"location":null,"level":null},"geometry":{"type":"Point","coordinates":[106.528942,29.576143]}},{"id":"('node', 1856754775)","type":"Feature","properties":{"railway":"station","bridge":null,"tunnel":null,"layer":null,"name":"\u90d1\u5bb6\u9662\u5b50","base_elevation":169,"location":null,"level":null},"geometry":{"type":"Point","coordinates":[106.526245,29.602262]}},{"id":"('node', 2154566014)","type":"Feature","properties":{"railway":"station","bridge":null,"tunnel":null,"layer":null,"name":"\u82b1\u5349\u56ed","base_elevation":129,"location":null,"level":null},"geometry":{"type":"Point","coordinates":[106.508984,29.585957]}},{"id":"('node', 3345481879)","type":"Feature","properties":{"railway":"station","bridge":null,"tunnel":null,"layer":null,"name":"\u5927\u5267\u9662","base_elevation":90,"location":null,"level":null},"geometry":{"type":"Point","coordinates":[106.57348,29.571912]}},{"id":"('node', 3345481880)","type":"Feature","properties":{"railway":"station","bridge":null,"tunnel":null,"layer":null,"name":"\u5218\u5bb6\u576a","base_elevation":78,"location":null,"level":null},"geometry":{"type":"Point","coordinates":[106.651984,29.527631]}},{"id":"('node', 3345481882)","type":"Feature","properties":{"railway":"station","bridge":null,"tunnel":null,"layer":null,"name":"\u4e0a\u65b0\u8857","base_elevation":92,"location":null,"level":null},"geometry":{"type":"Point","coordinates":[106.59356,29.558983]}},{"id":"('node', 5175082631)","type":"Feature","properties":{"railway":"station","bridge":null,"tunnel":null,"layer":null,"name":"\u5357\u6e56","base_elevation":118,"location":null,"level":null},"geometry":{"type":"Point","coordinates":[106.55353,29.519563]}},{"id":"('node', 5324215612)","type":"Feature","properties":{"railway":"station","bridge":null,"tunnel":null,"layer":null,"name":"\u5927\u576a","base_elevation":189,"location":null,"level":null},"geometry":{"type":"Point","coordinates":[106.51538,29.544332]}},{"id":"('node', 5619893122)","type":"Feature","properties":{"railway":"station","bridge":null,"tunnel":null,"layer":"-3","name":"\u4e24\u8def\u53e3","base_elevation":123,"location":null,"level":null},"geometry":{"type":"Point","coordinates":[106.544598,29.555831]}},{"id":"('node', 6168594029)","type":"Feature","properties":{"railway":"station","bridge":null,"tunnel":null,"layer":null,"name":"\u6e2f\u57ce","base_elevation":117,"location":null,"level":null},"geometry":{"type":"Point","coordinates":[106.628419,29.622613]}},{"id":"('node', 6168960218)","type":"Feature","properties":{"railway":"station","bridge":null,"tunnel":null,"layer":null,"name":"\u8c22\u5bb6\u6e7e","base_elevation":117,"location":null,"level":null},"geometry":{"type":"Point","coordinates":[106.515543,29.522953]}},{"id":"('node', 6168960265)","type":"Feature","properties":{"railway":"station","bridge":null,"tunnel":null,"layer":null,"name":"\u6c11\u5b89\u5927\u9053","base_elevation":192,"location":null,"level":null},"geometry":{"type":"Point","coordinates":[106.524647,29.611446]}},{"id":"('node', 6475285730)","type":"Feature","properties":{"railway":"station","bridge":null,"tunnel":null,"layer":null,"name":"\u725b\u89d2\u6cb1","base_elevation":35,"location":null,"level":null},"geometry":{"type":"Point","coordinates":[106.53885,29.56348]}},{"id":"('node', 6475297511)","type":"Feature","properties":{"railway":"station","bridge":null,"tunnel":null,"layer":null,"name":"\u5609\u5dde\u8def","base_elevation":148,"location":null,"level":null},"geometry":{"type":"Point","coordinates":[106.518245,29.598345]}},{"id":"('node', 6586946648)","type":"Feature","properties":{"railway":"station","bridge":null,"tunnel":null,"layer":null,"name":"\u7ea2\u65d7\u6cb3\u6c9f","base_elevation":152,"location":null,"level":null},"geometry":{"type":"Point","coordinates":[106.522458,29.588133]}},{"id":"('node', 6586947629)","type":"Feature","properties":{"railway":"station","bridge":null,"tunnel":null,"layer":null,"name":"\u7ea2\u571f\u5730","base_elevation":191,"location":null,"level":null},"geometry":{"type":"Point","coordinates":[106.547246,29.586865]}},{"id":"('node', 6586951129)","type":"Feature","properties":{"railway":"station","bridge":null,"tunnel":null,"layer":null,"name":"\u5c0f\u4ec0\u5b57","base_elevation":110,"location":null,"level":null},"geometry":{"type":"Point","coordinates":[106.579959,29.562955]}},{"id":"('node', 7165568414)","type":"Feature","properties":{"railway":"station","bridge":null,"tunnel":null,"layer":"-2","name":"\u4e24\u8def\u53e3","base_elevation":115,"location":null,"level":null},"geometry":{"type":"Point","coordinates":[106.545585,29.555446]}},{"id":"('node', 7170325142)","type":"Feature","properties":{"railway":"station","bridge":null,"tunnel":null,"layer":null,"name":"\u9ec4\u6ce5\u585d","base_elevation":166,"location":null,"level":null},"geometry":{"type":"Point","coordinates":[106.534423,29.591239]}},{"id":"('node', 7221049073)","type":"Feature","properties":{"railway":"station","bridge":null,"tunnel":null,"layer":null,"name":"\u91cd\u5e86\u5317\u7ad9\u5357\u5e7f\u573a","base_elevation":124,"location":null,"level":null},"geometry":{"type":"Point","coordinates":[106.546201,29.60978]}},{"id":"('node', 7221052172)","type":"Feature","properties":{"railway":"station","bridge":null,"tunnel":null,"layer":null,"name":"\u91cd\u5e86\u5317\u7ad9\u5317\u5e7f\u573a","base_elevation":129,"location":null,"level":null},"geometry":{"type":"Point","coordinates":[106.547435,29.614839]}},{"id":"('node', 7704474990)","type":"Feature","properties":{"railway":"station","bridge":null,"tunnel":null,"layer":null,"name":"\u725b\u89d2\u6cb1","base_elevation":61,"location":null,"level":null},"geometry":{"type":"Point","coordinates":[106.53878,29.561881]}},{"id":"('node', 7706042457)","type":"Feature","properties":{"railway":"station","bridge":null,"tunnel":null,"layer":null,"name":"\u8f83\u573a\u53e3","base_elevation":119,"location":null,"level":null},"geometry":{"type":"Point","coordinates":[106.570838,29.556726]}},{"id":"('node', 7706068679)","type":"Feature","properties":{"railway":"station","bridge":null,"tunnel":null,"layer":null,"name":"\u4e03\u661f\u5c97","base_elevation":161,"location":null,"level":null},"geometry":{"type":"Point","coordinates":[106.558332,29.557138]}},{"id":"('node', 7706068684)","type":"Feature","properties":{"railway":"station","bridge":null,"tunnel":null,"layer":null,"name":"\u8f83\u573a\u53e3","base_elevation":119,"location":null,"level":null},"geometry":{"type":"Point","coordinates":[106.567833,29.556385]}},{"id":"('node', 7706119485)","type":"Feature","properties":{"railway":"station","bridge":null,"tunnel":null,"layer":null,"name":"\u5c0f\u4ec0\u5b57","base_elevation":128,"location":null,"level":null},"geometry":{"type":"Point","coordinates":[106.579193,29.561815]}},{"id":"('node', 9159661016)","type":"Feature","properties":{"railway":"station","bridge":null,"tunnel":null,"layer":null,"name":"\u671d\u5929\u95e8","base_elevation":79,"location":null,"level":null},"geometry":{"type":"Point","coordinates":[106.582514,29.56729]}},{"id":"('node', 9228486099)","type":"Feature","properties":{"railway":"station","bridge":null,"tunnel":null,"layer":null,"name":"\u6768\u5bb6\u576a","base_elevation":125,"location":null,"level":null},"geometry":{"type":"Point","coordinates":[106.510154,29.510702]}},{"id":"('node', 9351362643)","type":"Feature","properties":{"railway":"station","bridge":null,"tunnel":null,"layer":null,"name":"\u674e\u5b50\u575d","base_elevation":62,"location":null,"level":null},"geometry":{"type":"Point","coordinates":[106.533922,29.555662]}},{"id":"('node', 9351362645)","type":"Feature","properties":{"railway":"station","bridge":null,"tunnel":null,"layer":null,"name":"\u4f5b\u56fe\u5173","base_elevation":89,"location":null,"level":null},"geometry":{"type":"Point","coordinates":[106.527749,29.552104]}},{"id":"('node', 9351362648)","type":"Feature","properties":{"railway":"station","bridge":null,"tunnel":null,"layer":null,"name":"\u8881\u5bb6\u5c97","base_elevation":155,"location":null,"level":null},"geometry":{"type":"Point","coordinates":[106.509948,29.531581]}},{"id":"('node', 9436112301)","type":"Feature","properties":{"railway":"station","bridge":null,"tunnel":null,"layer":null,"name":"\u5316\u9f99\u6865","base_elevation":57,"location":null,"level":null},"geometry":{"type":"Point","coordinates":[106.514902,29.552715]}},{"id":"('node', 9436112302)","type":"Feature","properties":{"railway":"station","bridge":null,"tunnel":null,"layer":null,"name":"\u674e\u5bb6\u576a","base_elevation":141,"location":null,"level":null},"geometry":{"type":"Point","coordinates":[106.517393,29.566827]}},{"id":"('node', 9436112303)","type":"Feature","properties":{"railway":"station","bridge":null,"tunnel":null,"layer":null,"name":"\u8682\u8757\u6881","base_elevation":143,"location":null,"level":null},"geometry":{"type":"Point","coordinates":[106.521721,29.572909]}},{"id":"('node', 9436243351)","type":"Feature","properties":{"railway":"station","bridge":null,"tunnel":null,"layer":null,"name":"\u77f3\u76d8\u6cb3","base_elevation":97,"location":null,"level":null},"geometry":{"type":"Point","coordinates":[106.593844,29.641648]}},{"id":"('node', 9436243352)","type":"Feature","properties":{"railway":"station","bridge":null,"tunnel":null,"layer":null,"name":"\u4f55\u5bb6\u6881","base_elevation":85,"location":null,"level":null},"geometry":{"type":"Point","coordinates":[106.592441,29.627752]}},{"id":"('node', 9436243354)","type":"Feature","properties":{"railway":"station","bridge":null,"tunnel":null,"layer":null,"name":"\u6e89\u6f9c\u6eaa","base_elevation":58,"location":null,"level":null},"geometry":{"type":"Point","coordinates":[106.567793,29.59714]}},{"id":"('node', 9436243355)","type":"Feature","properties":{"railway":"station","bridge":null,"tunnel":null,"layer":null,"name":"\u5218\u5bb6\u53f0","base_elevation":91,"location":null,"level":null},"geometry":{"type":"Point","coordinates":[106.560278,29.575678]}},{"id":"('node', 9454904417)","type":"Feature","properties":{"railway":"station","bridge":null,"tunnel":null,"layer":null,"name":"\u4fdd\u7a0e\u6e2f","base_elevation":88,"location":null,"level":null},"geometry":{"type":"Point","coordinates":[106.57995,29.619483]}},{"id":"('node', 9454904422)","type":"Feature","properties":{"railway":"station","bridge":null,"tunnel":null,"layer":null,"name":"\u5934\u5858","base_elevation":111,"location":null,"level":null},"geometry":{"type":"Point","coordinates":[106.570048,29.611]}},{"id":"('node', 9454904446)","type":"Feature","properties":{"railway":"station","bridge":null,"tunnel":null,"layer":null,"name":"\u4e94\u91cc\u5e97","base_elevation":106,"location":null,"level":null},"geometry":{"type":"Point","coordinates":[106.565091,29.588682]}},{"id":"('node', 9454904452)","type":"Feature","properties":{"railway":"station","bridge":null,"tunnel":null,"layer":null,"name":"\u6c5f\u5317\u57ce","base_elevation":109,"location":null,"level":null},"geometry":{"type":"Point","coordinates":[106.568343,29.578698]}},{"id":"('node', 9454904480)","type":"Feature","properties":{"railway":"station","bridge":null,"tunnel":null,"layer":null,"name":"\u9ca4\u9c7c\u6c60","base_elevation":131,"location":null,"level":null},"geometry":{"type":"Point","coordinates":[106.547965,29.575875]}},{"id":"('node', 9454942295)","type":"Feature","properties":{"railway":"station","bridge":null,"tunnel":null,"layer":null,"name":"\u89c2\u97f3\u6865","base_elevation":137,"location":null,"level":null},"geometry":{"type":"Point","coordinates":[106.531192,29.575881]}},{"id":"('node', 9466105448)","type":"Feature","properties":{"railway":"station","bridge":null,"tunnel":null,"layer":null,"name":"\u9ca4\u9c7c\u6c60","base_elevation":152,"location":null,"level":null},"geometry":{"type":"Point","coordinates":[106.546387,29.576905]}},{"id":"('node', 9466236598)","type":"Feature","properties":{"railway":"station","bridge":null,"tunnel":null,"layer":null,"name":"\u4e94\u91cc\u5e97","base_elevation":106,"location":null,"level":null},"geometry":{"type":"Point","coordinates":[106.561579,29.588067]}},{"id":"('node', 9693509273)","type":"Feature","properties":{"railway":"station","bridge":null,"tunnel":null,"layer":null,"name":"\u4e09\u4e9a\u6e7e","base_elevation":149,"location":null,"level":null},"geometry":{"type":"Point","coordinates":[106.580966,29.641126]}},{"id":"('node', 9693509274)","type":"Feature","properties":{"railway":"station","bridge":null,"tunnel":null,"layer":null,"name":"\u6c11\u5fc3\u4f73\u56ed","base_elevation":146,"location":null,"level":null},"geometry":{"type":"Point","coordinates":[106.565476,29.630218]}},{"id":"('node', 9693509275)","type":"Feature","properties":{"railway":"station","bridge":null,"tunnel":null,"layer":null,"name":"\u9f99\u5934\u5bfa\u516c\u56ed","base_elevation":102,"location":null,"level":null},"geometry":{"type":"Point","coordinates":[106.546944,29.601444]}},{"id":"('node', 9709069266)","type":"Feature","properties":{"railway":"station","bridge":null,"tunnel":null,"layer":null,"name":"\u94dc\u5143\u5c40","base_elevation":54,"location":null,"level":null},"geometry":{"type":"Point","coordinates":[106.547758,29.539989]}},{"id":"('node', 9794385154)","type":"Feature","properties":{"railway":"station","bridge":null,"tunnel":null,"layer":null,"name":"\u5510\u5bb6\u6cb1","base_elevation":109,"location":null,"level":null},"geometry":{"type":"Point","coordinates":[106.655731,29.608319]}},{"id":"('node', 9794385155)","type":"Feature","properties":{"railway":"station","bridge":null,"tunnel":null,"layer":null,"name":"\u592a\u5e73\u51b2","base_elevation":69,"location":null,"level":null},"geometry":{"type":"Point","coordinates":[106.637822,29.608614]}},{"id":"('node', 9794408823)","type":"Feature","properties":{"railway":"station","bridge":null,"tunnel":null,"layer":null,"name":"\u94c1\u5c71\u576a","base_elevation":103,"location":null,"level":null},"geometry":{"type":"Point","coordinates":[106.665568,29.616608]}},{"id":"('node', 9794606697)","type":"Feature","properties":{"railway":"station","bridge":null,"tunnel":null,"layer":null,"name":"\u9ed1\u77f3\u5b50","base_elevation":109,"location":null,"level":null},"geometry":{"type":"Point","coordinates":[106.617492,29.627579]}},{"id":"('node', 9794606716)","type":"Feature","properties":{"railway":"station","bridge":null,"tunnel":null,"layer":null,"name":"\u5bf8\u6ee9","base_elevation":86,"location":null,"level":null},"geometry":{"type":"Point","coordinates":[106.60236,29.624637]}},{"id":"('node', 9954696071)","type":"Feature","properties":{"railway":"station","bridge":null,"tunnel":null,"layer":null,"name":"\u9e45\u5cad","base_elevation":191,"location":null,"level":null},"geometry":{"type":"Point","coordinates":[106.529487,29.550791]}},{"id":"('node', 9954696073)","type":"Feature","properties":{"railway":"station","bridge":null,"tunnel":null,"layer":null,"name":"\u5927\u576a","base_elevation":201,"location":null,"level":null},"geometry":{"type":"Point","coordinates":[106.515398,29.543377]}},{"id":"('node', 9954696074)","type":"Feature","properties":{"railway":"station","bridge":null,"tunnel":null,"layer":null,"name":"\u77f3\u6cb9\u8def","base_elevation":178,"location":null,"level":null},"geometry":{"type":"Point","coordinates":[106.504386,29.540958]}},{"id":"('node', 10047377279)","type":"Feature","properties":{"railway":"station","bridge":null,"tunnel":null,"layer":null,"name":"\u4ec1\u6d4e","base_elevation":147,"location":null,"level":null},"geometry":{"type":"Point","coordinates":[106.595709,29.567968]}},{"id":"('node', 10058478065)","type":"Feature","properties":{"railway":"station","bridge":null,"tunnel":null,"layer":null,"name":"\u957f\u751f\u6865","base_elevation":105,"location":null,"level":null},"geometry":{"type":"Point","coordinates":[106.654173,29.513752]}},{"id":"('node', 10177654725)","type":"Feature","properties":{"railway":"station","bridge":null,"tunnel":null,"layer":null,"name":"\u4e34\u6c5f\u95e8","base_elevation":130,"location":null,"level":null},"geometry":{"type":"Point","coordinates":[106.571155,29.561091]}},{"id":"('node', 10180119399)","type":"Feature","properties":{"railway":"station","bridge":null,"tunnel":null,"layer":null,"name":"\u6e1d\u9c81","base_elevation":90,"location":null,"level":null},"geometry":{"type":"Point","coordinates":[106.556062,29.598115]}},{"id":"('node', 10180121917)","type":"Feature","properties":{"railway":"station","bridge":null,"tunnel":null,"layer":null,"name":"\u5f39\u5b50\u77f3","base_elevation":127,"location":null,"level":null},"geometry":{"type":"Point","coordinates":[106.58854,29.588742]}},{"id":"('node', 10180121928)","type":"Feature","properties":{"railway":"station","bridge":null,"tunnel":null,"layer":null,"name":"\u6d82\u5c71","base_elevation":130,"location":null,"level":null},"geometry":{"type":"Point","coordinates":[106.596415,29.579027]}},{"id":"('node', 10180186033)","type":"Feature","properties":{"railway":"station","bridge":null,"tunnel":null,"layer":null,"name":"\u52a8\u6b65\u516c\u56ed","base_elevation":122,"location":null,"level":null},"geometry":{"type":"Point","coordinates":[106.501354,29.606582]}},{"id":"('node', 10180186099)","type":"Feature","properties":{"railway":"station","bridge":null,"tunnel":null,"layer":null,"name":"\u6d2a\u6e56\u4e1c\u8def","base_elevation":149,"location":null,"level":null},"geometry":{"type":"Point","coordinates":[106.508486,29.610424]}},{"id":"('node', 10576237993)","type":"Feature","properties":{"railway":"station","bridge":null,"tunnel":null,"layer":null,"name":"\u540e\u5821","base_elevation":119,"location":null,"level":null},"geometry":{"type":"Point","coordinates":[106.565489,29.541059]}},{"id":"('node', 10727318423)","type":"Feature","properties":{"railway":"station","bridge":null,"tunnel":null,"layer":null,"name":"\u548c\u7766\u8def","base_elevation":203,"location":null,"level":null},"geometry":{"type":"Point","coordinates":[106.529668,29.632432]}},{"id":"('node', 10727318434)","type":"Feature","properties":{"railway":"station","bridge":null,"tunnel":null,"layer":null,"name":"\u4eba\u548c","base_elevation":159,"location":null,"level":null},"geometry":{"type":"Point","coordinates":[106.518464,29.625984]}},{"id":"('node', 10727318446)","type":"Feature","properties":{"railway":"station","bridge":null,"tunnel":null,"layer":null,"name":"\u5e78\u798f\u5e7f\u573a","base_elevation":145,"location":null,"level":null},"geometry":{"type":"Point","coordinates":[106.504656,29.619794]}},{"id":"('node', 10743557892)","type":"Feature","properties":{"railway":"station","bridge":null,"tunnel":null,"layer":null,"name":"\u5927\u793c\u5802","base_elevation":86,"location":null,"level":null},"geometry":{"type":"Point","coordinates":[106.552259,29.56436]}},{"id":"('node', 10770007943)","type":"Feature","properties":{"railway":"station","bridge":null,"tunnel":null,"layer":null,"name":"\u5357\u576a","base_elevation":159,"location":null,"level":null},"geometry":{"type":"Point","coordinates":[106.566113,29.530416]}},{"id":"('node', 11193733882)","type":"Feature","properties":{"railway":"station","bridge":null,"tunnel":null,"layer":null,"name":"\u6ee9\u5b50\u53e3","base_elevation":89,"location":null,"level":null},"geometry":{"type":"Point","coordinates":[106.524163,29.502423]}},{"id":"('node', 11193733883)","type":"Feature","properties":{"railway":"station","bridge":null,"tunnel":null,"layer":null,"name":"\u6768\u5bb6\u576a","base_elevation":133,"location":null,"level":null},"geometry":{"type":"Point","coordinates":[106.511415,29.511346]}},{"id":"('node', 11193733892)","type":"Feature","properties":{"railway":"station","bridge":null,"tunnel":null,"layer":null,"name":"\u77f3\u576a\u6865","base_elevation":124,"location":null,"level":null},"geometry":{"type":"Point","coordinates":[106.502841,29.518416]}},{"id":"('node', 11193836266)","type":"Feature","properties":{"railway":"station","bridge":null,"tunnel":null,"layer":null,"name":"\u4e07\u5bff\u8def","base_elevation":135,"location":null,"level":null},"geometry":{"type":"Point","coordinates":[106.558391,29.526109]}},{"id":"('node', 11193836267)","type":"Feature","properties":{"railway":"station","bridge":null,"tunnel":null,"layer":null,"name":"\u5357\u6e56","base_elevation":110,"location":null,"level":null},"geometry":{"type":"Point","coordinates":[106.552668,29.5182]}},{"id":"('node', 11193836270)","type":"Feature","properties":{"railway":"station","bridge":null,"tunnel":null,"layer":null,"name":"\u5170\u82b1\u8def","base_elevation":60,"location":null,"level":null},"geometry":{"type":"Point","coordinates":[106.553972,29.507415]}},{"id":"('node', 11247352724)","type":"Feature","properties":{"railway":"station","bridge":null,"tunnel":null,"layer":null,"name":"\u4e0a\u6d69","base_elevation":103,"location":null,"level":null},"geometry":{"type":"Point","coordinates":[106.590377,29.549522]}},{"id":"('node', 11368943452)","type":"Feature","properties":{"railway":"station","bridge":null,"tunnel":null,"layer":null,"name":"\u767e\u4e50\u56ed","base_elevation":90,"location":null,"level":null},"geometry":{"type":"Point","coordinates":[106.662571,29.517218]}},{"id":"('node', 11368943457)","type":"Feature","properties":{"railway":"station","bridge":null,"tunnel":null,"layer":null,"name":"\u6843\u82b1\u6865","base_elevation":92,"location":null,"level":null},"geometry":{"type":"Point","coordinates":[106.658261,29.506419]}},{"id":"('node', 11572781031)","type":"Feature","properties":{"railway":"station","bridge":null,"tunnel":null,"layer":null,"name":"\u9f99\u6eaa","base_elevation":149,"location":null,"level":null},"geometry":{"type":"Point","coordinates":[106.512573,29.592108]}},{"id":"('node', 11572781036)","type":"Feature","properties":{"railway":"station","bridge":null,"tunnel":null,"layer":null,"name":"\u5927\u5e86\u6751","base_elevation":117,"location":null,"level":null},"geometry":{"type":"Point","coordinates":[106.500277,29.579049]}},{"id":"('node', 13542958826)","type":"Feature","properties":{"railway":"station","bridge":null,"tunnel":null,"layer":null,"name":"\u82b1\u5349\u56ed","base_elevation":124,"location":null,"level":null},"geometry":{"type":"Point","coordinates":[106.50947,29.584993]}},{"id":"('node', 13542958829)","type":"Feature","properties":{"railway":"station","bridge":null,"tunnel":null,"layer":null,"name":"\u5609\u5dde\u8def","base_elevation":148,"location":null,"level":null},"geometry":{"type":"Point","coordinates":[106.5169,29.600335]}},{"id":"('node', 13683742700)","type":"Feature","properties":{"railway":"station","bridge":null,"tunnel":null,"layer":null,"name":"\u5de5\u8d38","base_elevation":135,"location":null,"level":null},"geometry":{"type":"Point","coordinates":[106.5596,29.534485]}},{"id":"('way', 38252846)","type":"Feature","properties":{"railway":"rail","bridge":null,"tunnel":null,"layer":null,"name":null,"base_elevation":73,"location":null,"level":null},"geometry":{"type":"LineString","coordinates":[[106.543273,29.552733],[106.539231,29.550474],[106.538906,29.550272],[106.53825,29.549839],[106.537966,29.549633],[106.537695,29.549408],[106.537219,29.548973],[106.536913,29.548719],[106.536624,29.548508]]}},{"id":"('way', 51816117)","type":"Feature","properties":{"railway":"monorail","bridge":"viaduct","tunnel":null,"layer":"2","name":"2\u53f7\u7ebf","base_elevation":59,"location":null,"level":null},"geometry":{"type":"LineString","coordinates":[[106.566848,29.56385],[106.567415,29.563441]]}},{"id":"('way', 55945927)","type":"Feature","properties":{"railway":"rail","bridge":null,"tunnel":null,"layer":null,"name":"\u6e1d\u6000\u7ebf","base_elevation":87,"location":null,"level":null},"geometry":{"type":"LineString","coordinates":[[106.643143,29.61022],[106.642646,29.610639],[106.642061,29.611173],[106.641472,29.611701],[106.641001,29.612113]]}},{"id":"('way', 128519689)","type":"Feature","properties":{"railway":"rail","bridge":null,"tunnel":null,"layer":null,"name":null,"base_elevation":53,"location":null,"level":null},"geometry":{"type":"LineString","coordinates":[[106.533939,29.545951],[106.534115,29.546215],[106.534254,29.546369],[106.534398,29.546522],[106.53457,29.546672],[106.534782,29.54682],[106.534986,29.546927],[106.535229,29.547028],[106.535593,29.547181],[106.535861,29.547295],[106.536244,29.547421],[106.536595,29.547505],[106.536843,29.547593],[106.541994,29.549804]]}},{"id":"('way', 148292743)","type":"Feature","properties":{"railway":"monorail","bridge":"viaduct","tunnel":null,"layer":"3","name":"2\u53f7\u7ebf","base_elevation":100,"location":null,"level":null},"geometry":{"type":"LineString","coordinates":[[106.512538,29.538594],[106.511808,29.537124],[106.511732,29.536959],[106.511665,29.536817],[106.511584,29.536609],[106.511547,29.536448],[106.511515,29.536247],[106.511509,29.536068],[106.511512,29.535891],[106.511529,29.535534],[106.511535,29.535359],[106.511533,29.535176],[106.511529,29.534996],[106.511509,29.534815],[106.511474,29.534633],[106.511431,29.534455],[106.511387,29.534306],[106.511319,29.534122],[106.511225,29.533949],[106.511134,29.5338],[106.510312,29.532439],[106.510135,29.532107],[106.510017,29.531842],[106.509927,29.531583],[106.509857,29.531357],[106.509781,29.531031],[106.509758,29.530892],[106.509735,29.530691],[106.509735,29.530511],[106.509746,29.530334],[106.509774,29.530152],[106.509802,29.530017],[106.509854,29.529847],[106.509916,29.529675],[106.509998,29.529502],[106.510097,29.52934],[106.510199,29.529185],[106.510316,29.529035],[106.510443,29.528889],[106.51362,29.525388],[106.513735,29.525248],[106.513837,29.525094],[106.51391,29.524926],[106.513964,29.524759],[106.513991,29.52458],[106.513996,29.524406],[106.513985,29.524224],[106.513781,29.52193],[106.51373,29.521353],[106.513212,29.516557],[106.513191,29.516389],[106.513157,29.516193],[106.513116,29.516015],[106.513058,29.51584],[106.512987,29.515673],[106.512901,29.515507],[106.512805,29.515343],[106.512707,29.51519],[106.511157,29.512883],[106.510934,29.512538],[106.510792,29.512283],[106.510666,29.512001],[106.510306,29.511131],[106.510135,29.510705],[106.509876,29.510061],[106.507709,29.504888],[106.507637,29.504726],[106.50756,29.504554],[106.507471,29.504387],[106.507376,29.504226],[106.507263,29.504053],[106.507159,29.503921],[106.507038,29.503789],[106.506898,29.503652],[106.506756,29.503526],[106.506606,29.503403],[106.506451,29.503285],[106.506278,29.503179],[106.506124,29.503095],[106.505572,29.502817],[106.504702,29.502379],[106.50351,29.501833],[106.503286,29.501761],[106.503047,29.501726],[106.50283,29.501713],[106.502521,29.501729],[106.502257,29.501781],[106.502012,29.501867],[106.501851,29.501937],[106.501364,29.502167],[106.501183,29.502248],[106.500968,29.502332],[106.500775,29.50238],[106.500574,29.502413],[106.500365,29.502426],[106.495315,29.502379],[106.493311,29.50231],[106.493063,29.502301],[106.492835,29.502281],[106.492673,29.502258],[106.492494,29.502208],[106.49235,29.502167],[106.492205,29.502113],[106.492086,29.502058],[106.491941,29.501984],[106.491758,29.501869],[106.491579,29.50174],[106.491448,29.50161],[106.491314,29.501456],[106.491203,29.501296],[106.490793,29.500655],[106.49069,29.500511],[106.490608,29.500404],[106.49046,29.500232],[106.490309,29.50009],[106.490143,29.499978],[106.489982,29.49988],[106.489798,29.499789],[106.489605,29.499723],[106.489401,29.499674],[106.489195,29.499635],[106.488991,29.499608],[106.487068,29.49943],[106.486868,29.499402],[106.486647,29.499367],[106.486448,29.499332],[106.486252,29.499283],[106.486054,29.49923],[106.485874,29.499169],[106.485692,29.4991],[106.485503,29.499025],[106.484925,29.498778],[106.484358,29.498535],[106.484189,29.498448],[106.484043,29.498358],[106.483901,29.498247],[106.483772,29.498121],[106.483669,29.497991],[106.483547,29.497821],[106.483429,29.497646],[106.482641,29.496476],[106.482539,29.496312],[106.482444,29.496147],[106.482365,29.495981],[106.482298,29.495816],[106.482255,29.495637],[106.482232,29.495454],[106.482227,29.495282],[106.482243,29.49509],[106.482274,29.494918],[106.482315,29.494737],[106.482895,29.492699],[106.48293,29.492491],[106.482927,29.492318],[106.482893,29.492165],[106.482822,29.492021],[106.482702,29.491865],[106.482555,29.49173],[106.482337,29.491599],[106.482139,29.491539],[106.481939,29.491509],[106.481714,29.491492],[106.48108,29.491454],[106.480788,29.49141],[106.480444,29.491319],[106.480131,29.491204],[106.479837,29.491059],[106.479089,29.490549],[106.478903,29.490435],[106.47873,29.490361],[106.478565,29.490293],[106.478367,29.490238],[106.478144,29.49019],[106.477504,29.49009],[106.477294,29.490049],[106.477091,29.490011],[106.476888,29.489952],[106.476711,29.48988],[106.476514,29.489801],[106.476346,29.489708],[106.476183,29.489602],[106.476043,29.48948],[106.475912,29.489319],[106.475817,29.48919],[106.475706,29.489009],[106.475606,29.488814],[106.474833,29.487107],[106.474711,29.48675],[106.474626,29.486397],[106.47438,29.485015],[106.474292,29.484456],[106.474204,29.483892],[106.473962,29.482537],[106.473926,29.482318],[106.473893,29.48212],[106.473867,29.481928],[106.473759,29.481189],[106.473749,29.481014],[106.473733,29.479622],[106.473737,29.479415],[106.473735,29.475804],[106.473719,29.475632],[106.473677,29.475462],[106.473605,29.475302],[106.473495,29.475159],[106.473356,29.475028],[106.473189,29.474924],[106.47299,29.474827],[106.472398,29.474587],[106.471845,29.474365],[106.471131,29.474096],[106.470952,29.474018],[106.47077,29.473932],[106.470604,29.473832],[106.470439,29.473715],[106.470268,29.473589],[106.469997,29.473386],[106.469124,29.472727],[106.468852,29.47249],[106.468716,29.47234],[106.468594,29.472183],[106.468508,29.472062],[106.468408,29.47182],[106.468337,29.47159],[106.468275,29.471209],[106.468229,29.470852],[106.468191,29.470472],[106.468198,29.470037],[106.46821,29.469303]]}},{"id":"('way', 155824719)","type":"Feature","properties":{"railway":"rail","bridge":null,"tunnel":null,"layer":null,"name":null,"base_elevation":97,"location":null,"level":null},"geometry":{"type":"LineString","coordinates":[[106.640225,29.612759],[106.640629,29.612333],[106.641622,29.611397],[106.6419,29.611029],[106.642096,29.610675],[106.642338,29.6101]]}},{"id":"('way', 155824720)","type":"Feature","properties":{"railway":"rail","bridge":"yes","tunnel":null,"layer":"2","name":null,"base_elevation":91,"location":null,"level":null},"geometry":{"type":"LineString","coordinates":[[106.642663,29.608158],[106.642619,29.608757],[106.642565,29.609152],[106.642489,29.60957],[106.642338,29.6101]]}},{"id":"('way', 155824727)","type":"Feature","properties":{"railway":"rail","bridge":null,"tunnel":null,"layer":null,"name":null,"base_elevation":86,"location":null,"level":null},"geometry":{"type":"LineString","coordinates":[[106.635447,29.613018],[106.638989,29.613129],[106.639025,29.613125],[106.639168,29.613108],[106.639418,29.613047],[106.639583,29.612994],[106.639746,29.612932],[106.639931,29.612847],[106.640268,29.612658]]}},{"id":"('way', 155824778)","type":"Feature","properties":{"railway":"rail","bridge":null,"tunnel":null,"layer":null,"name":null,"base_elevation":93,"location":null,"level":null},"geometry":{"type":"LineString","coordinates":[[106.63517,29.613351],[106.638308,29.613456],[106.638531,29.613461],[106.63881,29.61342],[106.639022,29.613381],[106.639307,29.61326],[106.639545,29.613151],[106.639931,29.612918],[106.640268,29.612658],[106.640629,29.612333]]}},{"id":"('way', 174721848)","type":"Feature","properties":{"railway":"monorail","bridge":"yes","tunnel":null,"layer":"3","name":"3\u53f7\u7ebf","base_elevation":18,"location":null,"level":null},"geometry":{"type":"LineString","coordinates":[[106.538793,29.561895],[106.538732,29.56195],[106.538685,29.561989],[106.538645,29.56202],[106.538593,29.562059],[106.538543,29.562095],[106.538447,29.562158],[106.53835,29.562217],[106.538228,29.562279],[106.538103,29.562337],[106.537942,29.562406],[106.537787,29.562466],[106.537439,29.562595],[106.535758,29.563235],[106.534943,29.563548],[106.534801,29.563606],[106.534682,29.56366],[106.534424,29.563787],[106.534193,29.563915],[106.534016,29.564031],[106.533867,29.56417],[106.533771,29.56427],[106.533674,29.564373],[106.533583,29.564511],[106.533499,29.564648],[106.533443,29.564758],[106.533391,29.564891],[106.53335,29.565015],[106.53332,29.565127],[106.533292,29.56528],[106.533281,29.565388],[106.533276,29.565511],[106.533279,29.565615],[106.533291,29.565707],[106.533329,29.565936],[106.533379,29.566162],[106.533506,29.56671]]}},{"id":"('way', 174883793)","type":"Feature","properties":{"railway":"monorail","bridge":"viaduct","tunnel":null,"layer":"2","name":"3\u53f7\u7ebf","base_elevation":89,"location":null,"level":null},"geometry":{"type":"LineString","coordinates":[[106.545442,29.607008],[106.545402,29.605873],[106.545416,29.605123],[106.545405,29.604089],[106.545398,29.603406],[106.545394,29.603074],[106.545381,29.60282],[106.545358,29.602663],[106.545328,29.602516],[106.545285,29.602385],[106.545214,29.602266],[106.545127,29.602131],[106.545005,29.601998],[106.544855,29.601862],[106.544718,29.601759],[106.544524,29.601667],[106.544299,29.601602],[106.544101,29.601562],[106.543895,29.601536],[106.543702,29.601528],[106.543391,29.601529],[106.542221,29.601549],[106.541494,29.601561],[106.540478,29.601593],[106.539869,29.601631],[106.539112,29.601698],[106.538632,29.60174],[106.538136,29.601803],[106.537601,29.601888],[106.536927,29.602014],[106.536252,29.602141],[106.53337,29.602694],[106.532215,29.602901],[106.531795,29.602971]]}},{"id":"('way', 174883796)","type":"Feature","properties":{"railway":"monorail","bridge":"viaduct","tunnel":null,"layer":"2","name":"3\u53f7\u7ebf","base_elevation":131,"location":null,"level":null},"geometry":{"type":"LineString","coordinates":[[106.559243,29.651351],[106.560937,29.649116],[106.562136,29.647739],[106.563706,29.64615],[106.567658,29.642151],[106.568238,29.641342],[106.568705,29.640635],[106.568805,29.640442],[106.568871,29.640181],[106.568889,29.639845],[106.568817,29.639516],[106.568667,29.639266],[106.568561,29.639125],[106.568297,29.638893],[106.567943,29.638675],[106.567629,29.638525],[106.566967,29.638219],[106.566196,29.637863],[106.563456,29.636554],[106.557138,29.633503],[106.55645,29.633114],[106.554215,29.632025]]}},{"id":"('way', 174883812)","type":"Feature","properties":{"railway":"platform","bridge":null,"tunnel":null,"layer":"2","name":null,"base_elevation":128,"location":null,"level":null},"geometry":{"type":"Polygon","coordinates":[[[106.572259,29.518973],[106.572596,29.519987],[106.572696,29.519961],[106.572359,29.518948],[106.572259,29.518973]]]}},{"id":"('way', 174883813)","type":"Feature","properties":{"railway":"platform","bridge":null,"tunnel":null,"layer":"2","name":null,"base_elevation":128,"location":null,"level":null},"geometry":{"type":"Polygon","coordinates":[[[106.570084,29.509692],[106.570055,29.510157],[106.57006,29.51062],[106.570116,29.510621],[106.570115,29.510156],[106.57014,29.509692],[106.570084,29.509692]]]}},{"id":"('way', 174883814)","type":"Feature","properties":{"railway":"platform","bridge":null,"tunnel":null,"layer":"2","name":null,"base_elevation":128,"location":null,"level":null},"geometry":{"type":"Polygon","coordinates":[[[106.570222,29.509693],[106.570193,29.510158],[106.570198,29.510621],[106.570254,29.510622],[106.570253,29.510157],[106.570278,29.509693],[106.570222,29.509693]]]}},{"id":"('way', 175007923)","type":"Feature","properties":{"railway":"monorail","bridge":null,"tunnel":null,"layer":null,"name":"3\u53f7\u7ebf","base_elevation":128,"location":null,"level":null},"geometry":{"type":"LineString","coordinates":[[106.554215,29.632025],[106.553667,29.63183],[106.551988,29.631399],[106.551498,29.63127],[106.550799,29.631096],[106.550206,29.630937],[106.549642,29.630745]]}},{"id":"('way', 175009144)","type":"Feature","properties":{"railway":"rail","bridge":null,"tunnel":null,"layer":null,"name":"\u6e1d\u6000\u7ebf","base_elevation":110,"location":null,"level":null},"geometry":{"type":"LineString","coordinates":[[106.5893,29.633243],[106.589099,29.633151]]}},{"id":"('way', 175009145)","type":"Feature","properties":{"railway":"rail","bridge":null,"tunnel":null,"layer":null,"name":"\u6e1d\u6000\u7ebf","base_elevation":112,"location":null,"level":null},"geometry":{"type":"LineString","coordinates":[[106.630267,29.630503],[106.629782,29.631151]]}},{"id":"('way', 175009152)","type":"Feature","properties":{"railway":"rail","bridge":null,"tunnel":null,"layer":null,"name":"\u6e1d\u6000\u7ebf","base_elevation":96,"location":null,"level":null},"geometry":{"type":"LineString","coordinates":[[106.574105,29.620309],[106.573952,29.62003],[106.573783,29.619758],[106.573498,29.619362],[106.573217,29.619013],[106.572899,29.618666],[106.572539,29.618341],[106.572099,29.617974],[106.571622,29.617617],[106.57099,29.617209],[106.563039,29.612354],[106.562725,29.612147],[106.562285,29.611901],[106.561819,29.611666],[106.56124,29.611405],[106.560663,29.611201],[106.560061,29.611058],[106.559595,29.610974],[106.558935,29.61087],[106.558377,29.610845],[106.557602,29.610829],[106.555835,29.610933],[106.555608,29.610944],[106.554046,29.611022],[106.553406,29.611054],[106.552933,29.611077],[106.551883,29.611129],[106.551268,29.611154],[106.55001,29.611213],[106.543923,29.611507],[106.541357,29.611645],[106.541026,29.611661],[106.53676,29.611842],[106.535918,29.611892],[106.534789,29.611987]]}},{"id":"('way', 175009156)","type":"Feature","properties":{"railway":"rail","bridge":null,"tunnel":null,"layer":null,"name":null,"base_elevation":92,"location":null,"level":null},"geometry":{"type":"LineString","coordinates":[[106.55511,29.61102],[106.555357,29.611006],[106.556633,29.610932],[106.557626,29.610888],[106.55839,29.610886],[106.558922,29.610927],[106.559537,29.611007],[106.560055,29.611096],[106.560739,29.611282],[106.561225,29.611456],[106.561793,29.611701],[106.562246,29.611925],[106.562618,29.612134],[106.562985,29.612376],[106.563787,29.612939],[106.564847,29.613761],[106.567548,29.615787],[106.567583,29.615813],[106.567915,29.616081],[106.568241,29.616342],[106.569243,29.617134],[106.569455,29.617272],[106.571274,29.61876],[106.573203,29.620241]]}},{"id":"('way', 175009157)","type":"Feature","properties":{"railway":"rail","bridge":null,"tunnel":null,"layer":null,"name":"\u6e1d\u6000\u7ebf","base_elevation":105,"location":null,"level":null},"geometry":{"type":"LineString","coordinates":[[106.627484,29.633224],[106.625898,29.634633],[106.62512,29.635267],[106.624199,29.635963]]}},{"id":"('way', 175009158)","type":"Feature","properties":{"railway":"rail","bridge":null,"tunnel":null,"layer":null,"name":"\u6e1d\u6000\u7ebf","base_elevation":104,"location":null,"level":null},"geometry":{"type":"LineString","coordinates":[[106.587314,29.632359],[106.583854,29.630823],[106.582417,29.630185]]}},{"id":"('way', 175009161)","type":"Feature","properties":{"railway":"rail","bridge":null,"tunnel":null,"layer":null,"name":"\u6e1d\u6000\u7ebf","base_elevation":71,"location":null,"level":null},"geometry":{"type":"LineString","coordinates":[[106.604047,29.635973],[106.603482,29.635866],[106.602367,29.635732]]}},{"id":"('way', 175020347)","type":"Feature","properties":{"railway":"platform","bridge":null,"tunnel":null,"layer":"2","name":null,"base_elevation":143,"location":null,"level":null},"geometry":{"type":"Polygon","coordinates":[[[106.566468,29.638076],[106.567369,29.638491],[106.5674,29.63844],[106.566499,29.638025],[106.566468,29.638076]]]}},{"id":"('way', 175020348)","type":"Feature","properties":{"railway":"platform","bridge":null,"tunnel":null,"layer":null,"name":null,"base_elevation":143,"location":null,"level":null},"geometry":{"type":"Polygon","coordinates":[[[106.550984,29.631222],[106.551966,29.631463],[106.551984,29.631407],[106.551002,29.631167],[106.550984,29.631222]]]}},{"id":"('way', 175020351)","type":"Feature","properties":{"railway":"platform","bridge":null,"tunnel":null,"layer":"2","name":null,"base_elevation":115,"location":null,"level":null},"geometry":{"type":"Polygon","coordinates":[[[106.536292,29.602076],[106.537533,29.601843],[106.537523,29.601803],[106.537267,29.601826],[106.536418,29.60199],[106.536283,29.602038],[106.536292,29.602076]]]}},{"id":"('way', 175020357)","type":"Feature","properties":{"railway":"platform","bridge":null,"tunnel":null,"layer":"2","name":null,"base_elevation":96,"location":null,"level":null},"geometry":{"type":"Polygon","coordinates":[[[106.54533,29.603515],[106.54531,29.603648],[106.545318,29.604511],[106.54534,29.604628],[106.545395,29.604628],[106.545385,29.603515],[106.54533,29.603515]]]}},{"id":"('way', 175020363)","type":"Feature","properties":{"railway":"platform","bridge":null,"tunnel":null,"layer":"2","name":null,"base_elevation":96,"location":null,"level":null},"geometry":{"type":"Polygon","coordinates":[[[106.545451,29.603517],[106.545463,29.604626],[106.545521,29.604625],[106.545542,29.60451],[106.545534,29.603656],[106.545508,29.603517],[106.545451,29.603517]]]}},{"id":"('way', 175020365)","type":"Feature","properties":{"railway":"platform","bridge":null,"tunnel":null,"layer":"2","name":null,"base_elevation":143,"location":null,"level":null},"geometry":{"type":"Polygon","coordinates":[[[106.566541,29.637963],[106.567442,29.638378],[106.567473,29.638327],[106.566571,29.637912],[106.566541,29.637963]]]}},{"id":"('way', 175020366)","type":"Feature","properties":{"railway":"platform","bridge":null,"tunnel":null,"layer":null,"name":null,"base_elevation":141,"location":null,"level":null},"geometry":{"type":"Polygon","coordinates":[[[106.551028,29.631098],[106.55201,29.631339],[106.552028,29.631284],[106.551046,29.631043],[106.551028,29.631098]]]}},{"id":"('way', 175020369)","type":"Feature","properties":{"railway":"platform","bridge":null,"tunnel":null,"layer":"2","name":null,"base_elevation":113,"location":null,"level":null},"geometry":{"type":"Polygon","coordinates":[[[106.536477,29.602174],[106.537314,29.602017],[106.537558,29.601951],[106.537549,29.601913],[106.536306,29.602143],[106.536315,29.602182],[106.536477,29.602174]]]}},{"id":"('way', 176115075)","type":"Feature","properties":{"railway":"platform","bridge":null,"tunnel":null,"layer":"1","name":null,"base_elevation":118,"location":null,"level":null},"geometry":{"type":"Polygon","coordinates":[[[106.513662,29.521528],[106.513719,29.522354],[106.513799,29.522348],[106.513729,29.521524],[106.513662,29.521528]]]}},{"id":"('way', 176115076)","type":"Feature","properties":{"railway":"platform","bridge":null,"tunnel":null,"layer":"1","name":null,"base_elevation":118,"location":null,"level":null},"geometry":{"type":"Polygon","coordinates":[[[106.513834,29.521517],[106.513904,29.522341],[106.513971,29.522337],[106.513901,29.521513],[106.513834,29.521517]]]}},{"id":"('way', 177942784)","type":"Feature","properties":{"railway":"rail","bridge":"yes","tunnel":null,"layer":"1","name":"\u6e1d\u6000\u7ebf","base_elevation":95,"location":null,"level":null},"geometry":{"type":"LineString","coordinates":[[106.63397,29.622067],[106.633737,29.62252],[106.633596,29.622794]]}},{"id":"('way', 177942786)","type":"Feature","properties":{"railway":"rail","bridge":null,"tunnel":null,"layer":null,"name":"\u6e1d\u6000\u7ebf","base_elevation":80,"location":null,"level":null},"geometry":{"type":"LineString","coordinates":[[106.641001,29.612113],[106.64069,29.612414],[106.639994,29.61315],[106.639373,29.613749],[106.638,29.615075],[106.637135,29.616204],[106.636719,29.616824],[106.636082,29.617957],[106.635702,29.618661],[106.635201,29.619806],[106.634926,29.620281],[106.634604,29.620847],[106.634301,29.621384],[106.634296,29.621395],[106.634017,29.62197],[106.63397,29.622067]]}},{"id":"('way', 183196930)","type":"Feature","properties":{"railway":"rail","bridge":null,"tunnel":null,"layer":null,"name":null,"base_elevation":67,"location":null,"level":null},"geometry":{"type":"LineString","coordinates":[[106.535394,29.547548],[106.534917,29.547152],[106.534691,29.546982],[106.53449,29.54677],[106.534317,29.546567],[106.534159,29.546333],[106.534039,29.546133],[106.533939,29.545951],[106.533779,29.54568]]}},{"id":"('way', 183196931)","type":"Feature","properties":{"railway":"rail","bridge":null,"tunnel":null,"layer":null,"name":"\u673a\u8d70\u7ebf","base_elevation":68,"location":null,"level":null},"geometry":{"type":"LineString","coordinates":[[106.543367,29.552603],[106.543032,29.55242],[106.542775,29.55226],[106.538825,29.550043],[106.538496,29.549843],[106.538177,29.549628],[106.537844,29.549391],[106.537099,29.548817]]}},{"id":"('way', 263356152)","type":"Feature","properties":{"railway":"rail","bridge":null,"tunnel":null,"layer":null,"name":"\u6caa\u84c9\u7ebf","base_elevation":92,"location":null,"level":null},"geometry":{"type":"LineString","coordinates":[[106.610663,29.64065],[106.607091,29.639739]]}},{"id":"('way', 263356160)","type":"Feature","properties":{"railway":"rail","bridge":null,"tunnel":null,"layer":null,"name":"\u6e1d\u6000\u7ebf","base_elevation":77,"location":null,"level":null},"geometry":{"type":"LineString","coordinates":[[106.64319,29.610273],[106.642688,29.610678],[106.642116,29.61122],[106.640889,29.612289],[106.640014,29.6132],[106.638079,29.615106],[106.63761,29.615684],[106.636784,29.616858],[106.63616,29.617974],[106.635773,29.618699],[106.635307,29.619814],[106.635075,29.620262],[106.634673,29.621009],[106.634194,29.621942]]}},{"id":"('way', 263356164)","type":"Feature","properties":{"railway":"rail","bridge":null,"tunnel":null,"layer":null,"name":"\u6caa\u84c9\u7ebf","base_elevation":81,"location":null,"level":null},"geometry":{"type":"LineString","coordinates":[[106.648735,29.645047],[106.646948,29.645304],[106.645151,29.645513],[106.643692,29.645631],[106.642452,29.645703]]}},{"id":"('way', 263356174)","type":"Feature","properties":{"railway":"rail","bridge":"viaduct","tunnel":null,"layer":"1","name":"\u6caa\u84c9\u7ebf","base_elevation":39,"location":null,"level":null},"geometry":{"type":"LineString","coordinates":[[106.586532,29.633284],[106.589758,29.634382],[106.591211,29.634902],[106.593575,29.635682],[106.59777,29.63718],[106.599862,29.637853],[106.60091,29.638156],[106.601974,29.638428],[106.607091,29.639739]]}},{"id":"('way', 306028176)","type":"Feature","properties":{"railway":"monorail","bridge":null,"tunnel":null,"layer":null,"name":null,"base_elevation":132,"location":null,"level":null},"geometry":{"type":"LineString","coordinates":[[106.554367,29.633375],[106.554367,29.633342],[106.55434,29.633191],[106.554309,29.633093],[106.554244,29.632968],[106.554147,29.632838],[106.553755,29.632536],[106.554049,29.632716],[106.554214,29.632856],[106.554304,29.632974],[106.554382,29.633149],[106.554418,29.633339],[106.554419,29.633369]]}},{"id":"('way', 306028177)","type":"Feature","properties":{"railway":"monorail","bridge":null,"tunnel":null,"layer":null,"name":null,"base_elevation":130,"location":null,"level":null},"geometry":{"type":"LineString","coordinates":[[106.555967,29.6329],[106.555605,29.632783],[106.55531,29.632717],[106.55514,29.632707],[106.554886,29.632712],[106.554748,29.632712],[106.554635,29.632695],[106.554383,29.632648],[106.554095,29.632576],[106.55399,29.632546],[106.55382,29.632466],[106.553684,29.632405],[106.553474,29.632343],[106.552238,29.632028],[106.552144,29.632004],[106.550411,29.631555],[106.549307,29.631277]]}},{"id":"('way', 306028179)","type":"Feature","properties":{"railway":"monorail","bridge":null,"tunnel":null,"layer":null,"name":null,"base_elevation":142,"location":null,"level":null},"geometry":{"type":"LineString","coordinates":[[106.555338,29.63534],[106.555094,29.635201],[106.554956,29.635078],[106.554844,29.634929],[106.554776,29.634805],[106.554727,29.634654],[106.554713,29.634574],[106.554705,29.634445],[106.554705,29.63409],[106.554742,29.634336],[106.554793,29.63462],[106.554826,29.634737],[106.554908,29.634889],[106.55502,29.635033],[106.555139,29.635141],[106.55538,29.635276]]}},{"id":"('way', 306028183)","type":"Feature","properties":{"railway":"monorail","bridge":null,"tunnel":null,"layer":null,"name":null,"base_elevation":130,"location":null,"level":null},"geometry":{"type":"LineString","coordinates":[[106.553184,29.632319],[106.553331,29.632385],[106.553422,29.632421],[106.553669,29.632496],[106.553755,29.632536],[106.55418,29.632736],[106.554274,29.632799],[106.554376,29.632891],[106.554491,29.633067],[106.554564,29.633294],[106.554615,29.633485],[106.55464,29.633645],[106.554642,29.63381],[106.554657,29.63393],[106.554705,29.63409],[106.554757,29.634268],[106.554811,29.634455],[106.554899,29.634654],[106.555012,29.634802],[106.555113,29.634896],[106.555261,29.635001],[106.555527,29.635136],[106.556793,29.635743]]}},{"id":"('way', 306028184)","type":"Feature","properties":{"railway":"monorail","bridge":null,"tunnel":null,"layer":null,"name":null,"base_elevation":135,"location":null,"level":null},"geometry":{"type":"LineString","coordinates":[[106.55399,29.632546],[106.554617,29.632849],[106.555496,29.633265]]}},{"id":"('way', 306028185)","type":"Feature","properties":{"railway":"monorail","bridge":null,"tunnel":null,"layer":null,"name":null,"base_elevation":130,"location":null,"level":null},"geometry":{"type":"LineString","coordinates":[[106.553422,29.632421],[106.552935,29.632297],[106.551192,29.631846],[106.55033,29.631623]]}},{"id":"('way', 306028186)","type":"Feature","properties":{"railway":"monorail","bridge":null,"tunnel":null,"layer":null,"name":null,"base_elevation":138,"location":null,"level":null},"geometry":{"type":"LineString","coordinates":[[106.552144,29.632004],[106.551823,29.631853],[106.551718,29.631814],[106.550173,29.631422],[106.549303,29.631204]]}},{"id":"('way', 306028187)","type":"Feature","properties":{"railway":"monorail","bridge":null,"tunnel":null,"layer":null,"name":null,"base_elevation":136,"location":null,"level":null},"geometry":{"type":"LineString","coordinates":[[106.554705,29.63409],[106.554813,29.63434],[106.554932,29.634576],[106.555078,29.634748],[106.555229,29.634868],[106.555488,29.635004],[106.556845,29.635661]]}},{"id":"('way', 327734433)","type":"Feature","properties":{"railway":"subway","bridge":"viaduct","tunnel":null,"layer":"2","name":"6\u53f7\u7ebf","base_elevation":66,"location":null,"level":null},"geometry":{"type":"LineString","coordinates":[[106.646473,29.529521],[106.647873,29.528989],[106.648701,29.528697],[106.649775,29.528328],[106.650195,29.528204],[106.650322,29.528159],[106.651355,29.527796],[106.651979,29.527592],[106.652695,29.527353],[106.65323,29.527163],[106.653852,29.526915],[106.654642,29.526492],[106.655116,29.526186],[106.65568,29.525713],[106.655959,29.525409],[106.656174,29.525176],[106.656644,29.524523],[106.657004,29.523833],[106.657175,29.523395],[106.657297,29.523017],[106.65737,29.522603],[106.657426,29.522195],[106.657431,29.521691],[106.657386,29.521072],[106.657285,29.520458],[106.657168,29.520047],[106.656953,29.519518],[106.656755,29.519088],[106.656462,29.518517],[106.655502,29.516494]]}},{"id":"('way', 327734435)","type":"Feature","properties":{"railway":"subway","bridge":"yes","tunnel":null,"layer":"2","name":"6\u53f7\u7ebf","base_elevation":62,"location":null,"level":null},"geometry":{"type":"LineString","coordinates":[[106.583827,29.561524],[106.591274,29.559563]]}},{"id":"('way', 327734436)","type":"Feature","properties":{"railway":"subway","bridge":"viaduct","tunnel":null,"layer":"2","name":"6\u53f7\u7ebf","base_elevation":42,"location":null,"level":null},"geometry":{"type":"LineString","coordinates":[[106.573179,29.572609],[106.573491,29.571912],[106.57647,29.565249]]}},{"id":"('way', 340142045)","type":"Feature","properties":{"railway":"rail","bridge":"viaduct","tunnel":null,"layer":"1","name":"\u6e1d\u6000\u7ebf","base_elevation":74,"location":null,"level":null},"geometry":{"type":"LineString","coordinates":[[106.591944,29.634423],[106.591342,29.63417],[106.5893,29.633243]]}},{"id":"('way', 340142046)","type":"Feature","properties":{"railway":"rail","bridge":null,"tunnel":null,"layer":null,"name":"\u6e1d\u6000\u7ebf","base_elevation":74,"location":null,"level":null},"geometry":{"type":"LineString","coordinates":[[106.594997,29.635052],[106.594373,29.635006],[106.593544,29.634863],[106.592696,29.63467],[106.592329,29.63456],[106.591944,29.634423]]}},{"id":"('way', 343121041)","type":"Feature","properties":{"railway":"rail","bridge":null,"tunnel":null,"layer":null,"name":"\u6e1d\u6000\u7ebf","base_elevation":103,"location":null,"level":null},"geometry":{"type":"LineString","coordinates":[[106.586572,29.633171],[106.584128,29.632351],[106.58284,29.631917],[106.582245,29.631688],[106.581706,29.631442],[106.581144,29.631148],[106.580609,29.630833],[106.580019,29.630447],[106.579483,29.630041],[106.578974,29.629625],[106.578502,29.629191],[106.578049,29.628706],[106.577674,29.628256],[106.57406,29.623573]]}},{"id":"('way', 343125469)","type":"Feature","properties":{"railway":"rail","bridge":null,"tunnel":null,"layer":null,"name":null,"base_elevation":67,"location":null,"level":null},"geometry":{"type":"LineString","coordinates":[[106.543064,29.552383],[106.542799,29.552218],[106.538837,29.54999],[106.538474,29.549773],[106.538156,29.549553],[106.537761,29.549263],[106.537586,29.549139],[106.537099,29.548817]]}},{"id":"('way', 343141288)","type":"Feature","properties":{"railway":"rail","bridge":null,"tunnel":null,"layer":null,"name":"\u6caa\u84c9\u7ebf","base_elevation":104,"location":null,"level":null},"geometry":{"type":"LineString","coordinates":[[106.54733,29.613144],[106.541093,29.61345],[106.535179,29.613723]]}},{"id":"('way', 343424811)","type":"Feature","properties":{"railway":"rail","bridge":"viaduct","tunnel":null,"layer":null,"name":"\u6e1d\u6000\u7ebf","base_elevation":85,"location":null,"level":null},"geometry":{"type":"LineString","coordinates":[[106.574105,29.620309],[106.574316,29.620699],[106.574506,29.621097],[106.574618,29.621372],[106.574721,29.621645],[106.574794,29.621945],[106.57503,29.623019]]}},{"id":"('way', 343426454)","type":"Feature","properties":{"railway":"rail","bridge":null,"tunnel":null,"layer":null,"name":null,"base_elevation":129,"location":null,"level":null},"geometry":{"type":"LineString","coordinates":[[106.564365,29.61665],[106.563359,29.614933]]}},{"id":"('way', 343426456)","type":"Feature","properties":{"railway":"rail","bridge":null,"tunnel":null,"layer":null,"name":"\u6caa\u84c9\u7ebf","base_elevation":106,"location":null,"level":null},"geometry":{"type":"LineString","coordinates":[[106.557505,29.611894],[106.557075,29.611893],[106.556481,29.611961],[106.555782,29.612063],[106.555216,29.612155],[106.554582,29.612258],[106.554079,29.612341],[106.553463,29.612443],[106.552761,29.612569],[106.550735,29.612898],[106.550208,29.612966],[106.549622,29.613031],[106.54733,29.613144]]}},{"id":"('way', 343426458)","type":"Feature","properties":{"railway":"rail","bridge":"yes","tunnel":null,"layer":null,"name":"\u6e1d\u6000\u7ebf","base_elevation":100,"location":null,"level":null},"geometry":{"type":"LineString","coordinates":[[106.568074,29.619653],[106.567758,29.619488],[106.567422,29.619288],[106.567118,29.619078],[106.566749,29.618797],[106.566405,29.618476]]}},{"id":"('way', 343426460)","type":"Feature","properties":{"railway":"rail","bridge":null,"tunnel":null,"layer":null,"name":"\u6e1d\u6000\u7ebf","base_elevation":95,"location":null,"level":null},"geometry":{"type":"LineString","coordinates":[[106.571051,29.621123],[106.569164,29.620193],[106.568074,29.619653]]}},{"id":"('way', 343426461)","type":"Feature","properties":{"railway":"rail","bridge":"viaduct","tunnel":null,"layer":"1","name":"\u6e1d\u6000\u7ebf","base_elevation":81,"location":null,"level":null},"geometry":{"type":"LineString","coordinates":[[106.57406,29.623573],[106.573813,29.623242],[106.573512,29.622893],[106.573119,29.622506],[106.572698,29.622152],[106.572134,29.621768],[106.571689,29.621481],[106.571051,29.621123]]}},{"id":"('way', 343426462)","type":"Feature","properties":{"railway":"rail","bridge":"viaduct","tunnel":null,"layer":"1","name":"\u6e1d\u6000\u7ebf","base_elevation":100,"location":null,"level":null},"geometry":{"type":"LineString","coordinates":[[106.589759,29.634214],[106.586572,29.633171]]}},{"id":"('way', 343426463)","type":"Feature","properties":{"railway":"rail","bridge":null,"tunnel":null,"layer":null,"name":"\u6e1d\u6000\u7ebf","base_elevation":110,"location":null,"level":null},"geometry":{"type":"LineString","coordinates":[[106.611128,29.637745],[106.610302,29.637687],[106.608786,29.637397]]}},{"id":"('way', 343426464)","type":"Feature","properties":{"railway":"rail","bridge":"viaduct","tunnel":null,"layer":"1","name":"\u6e1d\u6000\u7ebf","base_elevation":63,"location":null,"level":null},"geometry":{"type":"LineString","coordinates":[[106.608786,29.637397],[106.608084,29.637231],[106.603747,29.636183],[106.602261,29.63594],[106.596848,29.635358],[106.594299,29.635148],[106.59331,29.635053],[106.592636,29.634955],[106.591984,29.634829],[106.591379,29.634678],[106.590875,29.634539],[106.589759,29.634214]]}},{"id":"('way', 343426465)","type":"Feature","properties":{"railway":"rail","bridge":null,"tunnel":null,"layer":null,"name":"\u6e1d\u6000\u7ebf","base_elevation":115,"location":null,"level":null},"geometry":{"type":"LineString","coordinates":[[106.610934,29.637556],[106.610135,29.637522],[106.609231,29.637369]]}},{"id":"('way', 343426466)","type":"Feature","properties":{"railway":"rail","bridge":"yes","tunnel":null,"layer":null,"name":"\u6e1d\u6000\u7ebf","base_elevation":84,"location":null,"level":null},"geometry":{"type":"LineString","coordinates":[[106.609231,29.637369],[106.607674,29.636983],[106.604047,29.635973]]}},{"id":"('way', 343426467)","type":"Feature","properties":{"railway":"rail","bridge":"viaduct","tunnel":null,"layer":"1","name":"\u6e1d\u6000\u7ebf","base_elevation":71,"location":null,"level":null},"geometry":{"type":"LineString","coordinates":[[106.602367,29.635732],[106.596506,29.635165],[106.594997,29.635052]]}},{"id":"('way', 343428908)","type":"Feature","properties":{"railway":"rail","bridge":null,"tunnel":null,"layer":null,"name":"\u6e1d\u6000\u7ebf","base_elevation":92,"location":null,"level":null},"geometry":{"type":"LineString","coordinates":[[106.631826,29.626586],[106.631552,29.627419]]}},{"id":"('way', 343428909)","type":"Feature","properties":{"railway":"rail","bridge":"yes","tunnel":null,"layer":null,"name":"\u6e1d\u6000\u7ebf","base_elevation":85,"location":null,"level":null},"geometry":{"type":"LineString","coordinates":[[106.631552,29.627419],[106.631128,29.628831],[106.631002,29.629181],[106.630723,29.629819],[106.630517,29.630131],[106.630267,29.630503]]}},{"id":"('way', 343428910)","type":"Feature","properties":{"railway":"rail","bridge":"yes","tunnel":null,"layer":null,"name":"\u6e1d\u6000\u7ebf","base_elevation":84,"location":null,"level":null},"geometry":{"type":"LineString","coordinates":[[106.631736,29.627534],[106.631343,29.628608],[106.631025,29.629434],[106.630788,29.629989],[106.630424,29.630645]]}},{"id":"('way', 343428911)","type":"Feature","properties":{"railway":"rail","bridge":null,"tunnel":null,"layer":null,"name":"\u6e1d\u6000\u7ebf","base_elevation":106,"location":null,"level":null},"geometry":{"type":"LineString","coordinates":[[106.630424,29.630645],[106.630122,29.631121]]}},{"id":"('way', 343428913)","type":"Feature","properties":{"railway":"rail","bridge":null,"tunnel":null,"layer":null,"name":"\u6e1d\u6000\u7ebf","base_elevation":105,"location":null,"level":null},"geometry":{"type":"LineString","coordinates":[[106.628129,29.633501],[106.627503,29.63401],[106.625938,29.635134],[106.624944,29.635818],[106.624284,29.636175]]}},{"id":"('way', 343428916)","type":"Feature","properties":{"railway":"rail","bridge":"viaduct","tunnel":null,"layer":"1","name":"\u90d1\u6e1d\u9ad8\u901f\u7ebf","base_elevation":47,"location":null,"level":null},"geometry":{"type":"LineString","coordinates":[[106.608701,29.640953],[106.607782,29.640666],[106.605025,29.639741],[106.604249,29.639481],[106.598949,29.637704],[106.589702,29.634492]]}},{"id":"('way', 343428920)","type":"Feature","properties":{"railway":"rail","bridge":null,"tunnel":null,"layer":null,"name":"\u5174\u80e1\u7ebf","base_elevation":85,"location":null,"level":null},"geometry":{"type":"LineString","coordinates":[[106.588772,29.640295],[106.593088,29.63996]]}},{"id":"('way', 343428921)","type":"Feature","properties":{"railway":"rail","bridge":"viaduct","tunnel":null,"layer":null,"name":"\u5174\u80e1\u7ebf","base_elevation":54,"location":null,"level":null},"geometry":{"type":"LineString","coordinates":[[106.593088,29.63996],[106.5982,29.639578],[106.601787,29.639262],[106.602079,29.639214]]}},{"id":"('way', 343428922)","type":"Feature","properties":{"railway":"rail","bridge":null,"tunnel":null,"layer":null,"name":"\u5174\u80e1\u7ebf","base_elevation":73,"location":null,"level":null},"geometry":{"type":"LineString","coordinates":[[106.602079,29.639214],[106.60233,29.639187],[106.604735,29.638749]]}},{"id":"('way', 343428923)","type":"Feature","properties":{"railway":"rail","bridge":"viaduct","tunnel":null,"layer":null,"name":"\u5174\u80e1\u7ebf","base_elevation":79,"location":null,"level":null},"geometry":{"type":"LineString","coordinates":[[106.604735,29.638749],[106.605795,29.638602]]}},{"id":"('way', 343428925)","type":"Feature","properties":{"railway":"rail","bridge":null,"tunnel":null,"layer":null,"name":"\u5174\u80e1\u7ebf","base_elevation":106,"location":null,"level":null},"geometry":{"type":"LineString","coordinates":[[106.630313,29.631326],[106.630548,29.630783]]}},{"id":"('way', 343428926)","type":"Feature","properties":{"railway":"rail","bridge":null,"tunnel":null,"layer":null,"name":"\u5174\u80e1\u7ebf","base_elevation":106,"location":null,"level":null},"geometry":{"type":"LineString","coordinates":[[106.628784,29.634399],[106.629122,29.633867],[106.629383,29.63345]]}},{"id":"('way', 343428929)","type":"Feature","properties":{"railway":"rail","bridge":null,"tunnel":null,"layer":null,"name":"\u5174\u80e1\u7ebf","base_elevation":98,"location":null,"level":null},"geometry":{"type":"LineString","coordinates":[[106.634776,29.620283],[106.63461,29.620552],[106.634301,29.621053],[106.634033,29.621559],[106.633767,29.622062]]}},{"id":"('way', 343428930)","type":"Feature","properties":{"railway":"rail","bridge":"yes","tunnel":null,"layer":"1","name":"\u5174\u80e1\u7ebf","base_elevation":96,"location":null,"level":null},"geometry":{"type":"LineString","coordinates":[[106.633767,29.622062],[106.633379,29.622822]]}},{"id":"('way', 343428931)","type":"Feature","properties":{"railway":"rail","bridge":null,"tunnel":null,"layer":null,"name":"\u5174\u80e1\u7ebf","base_elevation":96,"location":null,"level":null},"geometry":{"type":"LineString","coordinates":[[106.633379,29.622822],[106.633161,29.62323]]}},{"id":"('way', 343428932)","type":"Feature","properties":{"railway":"rail","bridge":null,"tunnel":null,"layer":null,"name":"\u6e1d\u6000\u7ebf","base_elevation":81,"location":null,"level":null},"geometry":{"type":"LineString","coordinates":[[106.633596,29.622794],[106.633149,29.623681],[106.632817,29.624332]]}},{"id":"('way', 343428933)","type":"Feature","properties":{"railway":"rail","bridge":"yes","tunnel":null,"layer":null,"name":"\u6e1d\u6000\u7ebf","base_elevation":81,"location":null,"level":null},"geometry":{"type":"LineString","coordinates":[[106.632817,29.624332],[106.632322,29.625392]]}},{"id":"('way', 343428934)","type":"Feature","properties":{"railway":"rail","bridge":"yes","tunnel":null,"layer":"1","name":"\u5174\u80e1\u7ebf","base_elevation":90,"location":null,"level":null},"geometry":{"type":"LineString","coordinates":[[106.633161,29.62323],[106.63127,29.626745]]}},{"id":"('way', 343428935)","type":"Feature","properties":{"railway":"rail","bridge":null,"tunnel":null,"layer":null,"name":"\u5174\u80e1\u7ebf","base_elevation":89,"location":null,"level":null},"geometry":{"type":"LineString","coordinates":[[106.63127,29.626745],[106.630998,29.627242]]}},{"id":"('way', 343428936)","type":"Feature","properties":{"railway":"rail","bridge":"yes","tunnel":null,"layer":null,"name":"\u5174\u80e1\u7ebf","base_elevation":89,"location":null,"level":null},"geometry":{"type":"LineString","coordinates":[[106.630998,29.627242],[106.630182,29.628735]]}},{"id":"('way', 343428937)","type":"Feature","properties":{"railway":"rail","bridge":null,"tunnel":null,"layer":null,"name":"\u5174\u80e1\u7ebf","base_elevation":107,"location":null,"level":null},"geometry":{"type":"LineString","coordinates":[[106.630182,29.628735],[106.629943,29.629148]]}},{"id":"('way', 343428938)","type":"Feature","properties":{"railway":"rail","bridge":null,"tunnel":null,"layer":null,"name":"\u6e1d\u6000\u7ebf","base_elevation":81,"location":null,"level":null},"geometry":{"type":"LineString","coordinates":[[106.632322,29.625392],[106.632109,29.625847]]}},{"id":"('way', 343428940)","type":"Feature","properties":{"railway":"rail","bridge":"yes","tunnel":null,"layer":null,"name":"\u6e1d\u6000\u7ebf","base_elevation":86,"location":null,"level":null},"geometry":{"type":"LineString","coordinates":[[106.632109,29.625847],[106.631826,29.626586]]}},{"id":"('way', 343428942)","type":"Feature","properties":{"railway":"rail","bridge":"yes","tunnel":null,"layer":"1","name":"\u6e1d\u6000\u7ebf","base_elevation":80,"location":null,"level":null},"geometry":{"type":"LineString","coordinates":[[106.632982,29.624463],[106.632315,29.62608]]}},{"id":"('way', 343428943)","type":"Feature","properties":{"railway":"rail","bridge":null,"tunnel":null,"layer":null,"name":"\u6e1d\u6000\u7ebf","base_elevation":90,"location":null,"level":null},"geometry":{"type":"LineString","coordinates":[[106.632315,29.62608],[106.632101,29.626618],[106.631736,29.627534]]}},{"id":"('way', 343428944)","type":"Feature","properties":{"railway":"rail","bridge":null,"tunnel":null,"layer":null,"name":"\u5174\u80e1\u7ebf","base_elevation":81,"location":null,"level":null},"geometry":{"type":"LineString","coordinates":[[106.633038,29.624497],[106.633873,29.622723]]}},{"id":"('way', 343428945)","type":"Feature","properties":{"railway":"rail","bridge":"yes","tunnel":null,"layer":"1","name":"\u5174\u80e1\u7ebf","base_elevation":93,"location":null,"level":null},"geometry":{"type":"LineString","coordinates":[[106.633873,29.622723],[106.634242,29.621953]]}},{"id":"('way', 343428946)","type":"Feature","properties":{"railway":"rail","bridge":"yes","tunnel":null,"layer":null,"name":"\u5174\u80e1\u7ebf","base_elevation":81,"location":null,"level":null},"geometry":{"type":"LineString","coordinates":[[106.63237,29.62611],[106.633038,29.624497]]}},{"id":"('way', 343428947)","type":"Feature","properties":{"railway":"rail","bridge":null,"tunnel":null,"layer":null,"name":"\u5174\u80e1\u7ebf","base_elevation":90,"location":null,"level":null},"geometry":{"type":"LineString","coordinates":[[106.63178,29.627567],[106.63237,29.62611]]}},{"id":"('way', 343428948)","type":"Feature","properties":{"railway":"rail","bridge":"yes","tunnel":null,"layer":null,"name":"\u5174\u80e1\u7ebf","base_elevation":87,"location":null,"level":null},"geometry":{"type":"LineString","coordinates":[[106.630548,29.630783],[106.631085,29.629443],[106.63178,29.627567]]}},{"id":"('way', 343428950)","type":"Feature","properties":{"railway":"rail","bridge":null,"tunnel":null,"layer":null,"name":"\u90d1\u6e1d\u9ad8\u901f\u7ebf","base_elevation":98,"location":null,"level":null},"geometry":{"type":"LineString","coordinates":[[106.589702,29.634492],[106.588176,29.633966]]}},{"id":"('way', 343442713)","type":"Feature","properties":{"railway":"rail","bridge":null,"tunnel":null,"layer":null,"name":"\u6caa\u84c9\u7ebf","base_elevation":82,"location":null,"level":null},"geometry":{"type":"LineString","coordinates":[[106.664345,29.642467],[106.663086,29.642657],[106.657773,29.643527]]}},{"id":"('way', 343442714)","type":"Feature","properties":{"railway":"rail","bridge":"viaduct","tunnel":null,"layer":"2","name":"\u6caa\u84c9\u7ebf","base_elevation":65,"location":null,"level":null},"geometry":{"type":"LineString","coordinates":[[106.66775,29.642212],[106.666545,29.64226],[106.665487,29.642346],[106.664345,29.642467]]}},{"id":"('way', 343442718)","type":"Feature","properties":{"railway":"rail","bridge":"viaduct","tunnel":null,"layer":"2","name":"\u90d1\u6e1d\u9ad8\u901f\u7ebf","base_elevation":68,"location":null,"level":null},"geometry":{"type":"LineString","coordinates":[[106.663631,29.643032],[106.664985,29.64291],[106.666531,29.642806],[106.667965,29.642764]]}},{"id":"('way', 343442719)","type":"Feature","properties":{"railway":"rail","bridge":null,"tunnel":null,"layer":null,"name":"\u90d1\u6e1d\u9ad8\u901f\u7ebf","base_elevation":101,"location":null,"level":null},"geometry":{"type":"LineString","coordinates":[[106.657957,29.643791],[106.658728,29.643659],[106.660483,29.643409],[106.662115,29.643194],[106.663631,29.643032]]}},{"id":"('way', 343449635)","type":"Feature","properties":{"railway":"rail","bridge":"yes","tunnel":null,"layer":"2","name":"\u6e1d\u6000\u7ebf","base_elevation":43,"location":null,"level":null},"geometry":{"type":"LineString","coordinates":[[106.657065,29.613701],[106.656183,29.612482],[106.655743,29.61188],[106.655035,29.611017],[106.654651,29.610625],[106.654091,29.610147],[106.653517,29.609763],[106.653093,29.609518],[106.652167,29.609084],[106.65126,29.60875],[106.650579,29.608582],[106.649921,29.608465],[106.648843,29.608385],[106.6476,29.608438],[106.646834,29.608546],[106.646156,29.608718],[106.645541,29.608902],[106.644936,29.609147],[106.644438,29.609396],[106.643767,29.609769],[106.643143,29.61022]]}},{"id":"('way', 343449636)","type":"Feature","properties":{"railway":"rail","bridge":null,"tunnel":null,"layer":null,"name":"\u5174\u80e1\u7ebf","base_elevation":79,"location":null,"level":null},"geometry":{"type":"LineString","coordinates":[[106.643104,29.610177],[106.642608,29.610603],[106.642029,29.611147],[106.641425,29.611675],[106.640965,29.612089],[106.640649,29.612392],[106.639957,29.61313],[106.639336,29.6137],[106.637969,29.615048],[106.637488,29.615653],[106.637077,29.616172],[106.636675,29.616801],[106.636245,29.617535],[106.636015,29.617943],[106.635633,29.618623],[106.635071,29.619795],[106.634776,29.620283]]}},{"id":"('way', 343449637)","type":"Feature","properties":{"railway":"rail","bridge":null,"tunnel":null,"layer":null,"name":"\u5174\u80e1\u7ebf","base_elevation":65,"location":null,"level":null},"geometry":{"type":"LineString","coordinates":[[106.664621,29.620473],[106.664183,29.620067],[106.663482,29.619492],[106.660896,29.617558],[106.660115,29.616915],[106.658928,29.615795],[106.658319,29.615179],[106.655801,29.611866],[106.655102,29.610989],[106.654692,29.610577]]}},{"id":"('way', 343449639)","type":"Feature","properties":{"railway":"rail","bridge":null,"tunnel":null,"layer":null,"name":"\u6e1d\u6000\u7ebf","base_elevation":72,"location":null,"level":null},"geometry":{"type":"LineString","coordinates":[[106.669781,29.623938],[106.668502,29.623541],[106.667571,29.623145],[106.66626,29.622485],[106.665442,29.621953],[106.664353,29.621084]]}},{"id":"('way', 343449640)","type":"Feature","properties":{"railway":"rail","bridge":"yes","tunnel":null,"layer":"1","name":"\u6e1d\u6000\u7ebf","base_elevation":83,"location":null,"level":null},"geometry":{"type":"LineString","coordinates":[[106.660206,29.617278],[106.659374,29.616481]]}},{"id":"('way', 343449641)","type":"Feature","properties":{"railway":"rail","bridge":"viaduct","tunnel":null,"layer":"1","name":"\u6e1d\u6000\u7ebf","base_elevation":81,"location":null,"level":null},"geometry":{"type":"LineString","coordinates":[[106.664353,29.621084],[106.663717,29.620473],[106.661459,29.618437]]}},{"id":"('way', 343449642)","type":"Feature","properties":{"railway":"rail","bridge":null,"tunnel":null,"layer":null,"name":"\u6e1d\u6000\u7ebf","base_elevation":81,"location":null,"level":null},"geometry":{"type":"LineString","coordinates":[[106.661459,29.618437],[106.660206,29.617278]]}},{"id":"('way', 343449643)","type":"Feature","properties":{"railway":"rail","bridge":null,"tunnel":null,"layer":null,"name":"\u5174\u80e1\u7ebf","base_elevation":79,"location":null,"level":null},"geometry":{"type":"LineString","coordinates":[[106.665632,29.622785],[106.665815,29.623085],[106.665875,29.62322],[106.665971,29.623421],[106.666034,29.623589]]}},{"id":"('way', 343449644)","type":"Feature","properties":{"railway":"rail","bridge":null,"tunnel":null,"layer":null,"name":"\u5174\u80e1\u7ebf","base_elevation":76,"location":null,"level":null},"geometry":{"type":"LineString","coordinates":[[106.634242,29.621953],[106.635113,29.620298],[106.635355,29.619844],[106.63583,29.61873],[106.636212,29.617985],[106.636837,29.616885],[106.637642,29.615734],[106.638102,29.615155],[106.640039,29.61325],[106.640635,29.612612],[106.64096,29.612299],[106.642148,29.611247],[106.642725,29.610713],[106.643219,29.610313]]}},{"id":"('way', 343449645)","type":"Feature","properties":{"railway":"rail","bridge":"yes","tunnel":null,"layer":"2","name":"\u5174\u80e1\u7ebf","base_elevation":45,"location":null,"level":null},"geometry":{"type":"LineString","coordinates":[[106.654692,29.610577],[106.654182,29.610119],[106.653493,29.609649],[106.6522,29.608984],[106.65124,29.608633],[106.650117,29.608394],[106.648779,29.60827],[106.648203,29.608277],[106.647538,29.608348],[106.646806,29.608442],[106.646355,29.60855],[106.645487,29.608808],[106.644945,29.609037],[106.644473,29.609276],[106.643961,29.609558],[106.643104,29.610177]]}},{"id":"('way', 343449646)","type":"Feature","properties":{"railway":"rail","bridge":null,"tunnel":null,"layer":null,"name":"\u6e1d\u6000\u7ebf","base_elevation":83,"location":null,"level":null},"geometry":{"type":"LineString","coordinates":[[106.659374,29.616481],[106.658361,29.615403],[106.657824,29.614732],[106.657065,29.613701]]}},{"id":"('way', 343449647)","type":"Feature","properties":{"railway":"rail","bridge":"yes","tunnel":null,"layer":"2","name":"\u5174\u80e1\u7ebf","base_elevation":43,"location":null,"level":null},"geometry":{"type":"LineString","coordinates":[[106.643219,29.610313],[106.643768,29.609905],[106.644166,29.609659],[106.644548,29.609465],[106.645032,29.609247],[106.645491,29.609061],[106.645899,29.608924],[106.646371,29.6088],[106.646953,29.608671],[106.647498,29.608596],[106.648158,29.60853],[106.648814,29.608523],[106.649414,29.608557],[106.650001,29.608625],[106.650693,29.608754],[106.6515,29.608992],[106.652122,29.60921],[106.652994,29.60963],[106.653983,29.610255],[106.654544,29.610709],[106.654946,29.611106],[106.655611,29.61192],[106.656081,29.612533],[106.658041,29.615264]]}},{"id":"('way', 343449648)","type":"Feature","properties":{"railway":"rail","bridge":null,"tunnel":null,"layer":null,"name":"\u5174\u80e1\u7ebf","base_elevation":81,"location":null,"level":null},"geometry":{"type":"LineString","coordinates":[[106.658041,29.615264],[106.658446,29.61579],[106.659165,29.616541]]}},{"id":"('way', 343449649)","type":"Feature","properties":{"railway":"rail","bridge":"yes","tunnel":null,"layer":"1","name":"\u5174\u80e1\u7ebf","base_elevation":81,"location":null,"level":null},"geometry":{"type":"LineString","coordinates":[[106.659165,29.616541],[106.660093,29.617411]]}},{"id":"('way', 343449650)","type":"Feature","properties":{"railway":"rail","bridge":null,"tunnel":null,"layer":null,"name":"\u5174\u80e1\u7ebf","base_elevation":79,"location":null,"level":null},"geometry":{"type":"LineString","coordinates":[[106.660093,29.617411],[106.661327,29.618533]]}},{"id":"('way', 343449651)","type":"Feature","properties":{"railway":"rail","bridge":"viaduct","tunnel":null,"layer":"1","name":"\u5174\u80e1\u7ebf","base_elevation":79,"location":null,"level":null},"geometry":{"type":"LineString","coordinates":[[106.661327,29.618533],[106.663722,29.620731]]}},{"id":"('way', 343449652)","type":"Feature","properties":{"railway":"rail","bridge":null,"tunnel":null,"layer":null,"name":"\u5174\u80e1\u7ebf","base_elevation":95,"location":null,"level":null},"geometry":{"type":"LineString","coordinates":[[106.663722,29.620731],[106.664077,29.62108]]}},{"id":"('way', 343449768)","type":"Feature","properties":{"railway":"rail","bridge":null,"tunnel":null,"layer":null,"name":"\u90d1\u6e1d\u9ad8\u901f\u7ebf","base_elevation":91,"location":null,"level":null},"geometry":{"type":"LineString","coordinates":[[106.643619,29.64596],[106.644743,29.645864],[106.646091,29.645707],[106.647721,29.645474],[106.648475,29.645362]]}},{"id":"('way', 343452478)","type":"Feature","properties":{"railway":"rail","bridge":null,"tunnel":null,"layer":null,"name":null,"base_elevation":101,"location":null,"level":null},"geometry":{"type":"LineString","coordinates":[[106.565085,29.617919],[106.565344,29.618303],[106.565534,29.618551],[106.565715,29.618778],[106.565943,29.619008],[106.566183,29.619231],[106.566435,29.619408],[106.566743,29.619604],[106.567401,29.620022],[106.568494,29.620712]]}},{"id":"('way', 343452480)","type":"Feature","properties":{"railway":"rail","bridge":"viaduct","tunnel":null,"layer":"1","name":"\u90d1\u6e1d\u9ad8\u901f\u7ebf","base_elevation":98,"location":null,"level":null},"geometry":{"type":"LineString","coordinates":[[106.588176,29.633966],[106.586496,29.633384]]}},{"id":"('way', 343452481)","type":"Feature","properties":{"railway":"rail","bridge":null,"tunnel":null,"layer":null,"name":"\u90d1\u6e1d\u9ad8\u901f\u7ebf","base_elevation":106,"location":null,"level":null},"geometry":{"type":"LineString","coordinates":[[106.586496,29.633384],[106.582572,29.632022],[106.581737,29.631679],[106.580997,29.631307],[106.58031,29.630907],[106.57968,29.630477],[106.579114,29.630055],[106.578604,29.629616],[106.578161,29.629193],[106.577766,29.628748],[106.577438,29.62834],[106.575302,29.625407],[106.574857,29.62488],[106.574474,29.624485],[106.574128,29.624148]]}},{"id":"('way', 343452482)","type":"Feature","properties":{"railway":"rail","bridge":"viaduct","tunnel":null,"layer":"1","name":"\u90d1\u6e1d\u9ad8\u901f\u7ebf","base_elevation":84,"location":null,"level":null},"geometry":{"type":"LineString","coordinates":[[106.574128,29.624148],[106.573801,29.62386],[106.573457,29.623575],[106.573098,29.623301],[106.572712,29.623026],[106.570802,29.621858],[106.56861,29.620508],[106.568169,29.620206],[106.567813,29.619939],[106.567511,29.619694],[106.567206,29.61944],[106.566746,29.619032],[106.566393,29.618667],[106.566099,29.618335]]}},{"id":"('way', 343452484)","type":"Feature","properties":{"railway":"rail","bridge":null,"tunnel":null,"layer":null,"name":"\u6caa\u84c9\u7ebf","base_elevation":92,"location":null,"level":null},"geometry":{"type":"LineString","coordinates":[[106.565918,29.618435],[106.566223,29.618712],[106.566523,29.618964],[106.567227,29.619433],[106.567686,29.619678],[106.570977,29.621325]]}},{"id":"('way', 343452487)","type":"Feature","properties":{"railway":"rail","bridge":null,"tunnel":null,"layer":null,"name":null,"base_elevation":117,"location":null,"level":null},"geometry":{"type":"LineString","coordinates":[[106.560668,29.612144],[106.560422,29.612013],[106.560096,29.611857],[106.559661,29.611717],[106.559154,29.611611],[106.558596,29.61153],[106.558239,29.611502],[106.558009,29.611496],[106.557603,29.611532],[106.557166,29.611605],[106.556333,29.61184],[106.555364,29.612044],[106.554733,29.612133]]}},{"id":"('way', 343452488)","type":"Feature","properties":{"railway":"rail","bridge":null,"tunnel":null,"layer":null,"name":"\u90d1\u6e1d\u9ad8\u901f\u7ebf","base_elevation":101,"location":null,"level":null},"geometry":{"type":"LineString","coordinates":[[106.561113,29.611933],[106.560841,29.611792],[106.560527,29.61166],[106.560139,29.611533],[106.559692,29.611415],[106.559277,29.611328],[106.558946,29.611271],[106.558522,29.611223],[106.558126,29.611208],[106.557502,29.611226],[106.555358,29.611443],[106.554825,29.611497],[106.554381,29.611542],[106.554,29.611582],[106.553568,29.611627],[106.552309,29.61176],[106.551634,29.611829],[106.549757,29.611989],[106.544155,29.612256]]}},{"id":"('way', 343596938)","type":"Feature","properties":{"railway":"rail","bridge":null,"tunnel":null,"layer":null,"name":"\u6210\u6e1d\u7ebf","base_elevation":14,"location":null,"level":null},"geometry":{"type":"LineString","coordinates":[[106.527521,29.504473],[106.527711,29.504265],[106.52804,29.503969],[106.528293,29.50377],[106.528567,29.50356],[106.529027,29.50322],[106.529652,29.502767],[106.529867,29.502615],[106.530442,29.502237],[106.530847,29.502002],[106.531065,29.501872],[106.534427,29.499833],[106.540336,29.49626],[106.540611,29.496097],[106.54064,29.49608],[106.540893,29.495932],[106.541291,29.495695],[106.541574,29.495525],[106.541841,29.495366],[106.542159,29.495173],[106.542354,29.495055],[106.542504,29.494971],[106.542976,29.494678],[106.54325,29.494484],[106.543553,29.49424],[106.543719,29.49407],[106.54384,29.493927],[106.544029,29.493649],[106.544085,29.493561],[106.544256,29.493168],[106.544395,29.492779],[106.544491,29.49249],[106.544579,29.492164],[106.544647,29.491848],[106.544671,29.491551],[106.544652,29.491259],[106.54461,29.490834],[106.544552,29.490432],[106.54445,29.489645],[106.544304,29.488754],[106.544005,29.486646],[106.543948,29.486239],[106.543871,29.485861],[106.543758,29.485483],[106.543605,29.485106],[106.543434,29.48477],[106.543141,29.484301],[106.542985,29.484072],[106.542806,29.483859],[106.542441,29.483481],[106.542016,29.483127],[106.541682,29.482884],[106.541315,29.482668],[106.54077,29.482372],[106.540108,29.482114],[106.539611,29.481989],[106.539112,29.481903],[106.537416,29.481693],[106.535947,29.481551],[106.535491,29.481532],[106.534991,29.481572],[106.534593,29.481606],[106.534133,29.481701],[106.532151,29.48212],[106.530252,29.482526],[106.527865,29.483079],[106.526356,29.483481],[106.52562,29.4837],[106.525162,29.483888],[106.524645,29.484113],[106.523974,29.484485],[106.520704,29.486258]]}},{"id":"('way', 397686039)","type":"Feature","properties":{"railway":"monorail","bridge":"yes","tunnel":null,"layer":"2","name":null,"base_elevation":102,"location":null,"level":null},"geometry":{"type":"LineString","coordinates":[[106.499612,29.501841],[106.500448,29.501604],[106.50056,29.50158],[106.500678,29.501564],[106.501235,29.501508],[106.501477,29.501471],[106.501592,29.501443],[106.501717,29.501396],[106.501871,29.501309],[106.502001,29.501259],[106.502127,29.501223],[106.502237,29.501198],[106.502357,29.501194],[106.502476,29.501187],[106.502594,29.501199],[106.502707,29.501227],[106.502814,29.501269],[106.503039,29.501383],[106.503411,29.501558],[106.504242,29.501971]]}},{"id":"('way', 455164455)","type":"Feature","properties":{"railway":"rail","bridge":null,"tunnel":null,"layer":null,"name":null,"base_elevation":111,"location":null,"level":null},"geometry":{"type":"LineString","coordinates":[[106.56457,29.613837],[106.56476,29.613959],[106.565553,29.614528],[106.565623,29.614578]]}},{"id":"('way', 455164457)","type":"Feature","properties":{"railway":"rail","bridge":null,"tunnel":null,"layer":null,"name":null,"base_elevation":110,"location":null,"level":null},"geometry":{"type":"LineString","coordinates":[[106.564139,29.613591],[106.564424,29.613798],[106.564649,29.613958],[106.565088,29.614262],[106.565531,29.614575],[106.565589,29.614616]]}},{"id":"('way', 455164458)","type":"Feature","properties":{"railway":"rail","bridge":null,"tunnel":null,"layer":null,"name":null,"base_elevation":102,"location":null,"level":null},"geometry":{"type":"LineString","coordinates":[[106.566024,29.614975],[106.566078,29.615019],[106.566244,29.615152],[106.566348,29.615248],[106.566568,29.61545]]}},{"id":"('way', 455164460)","type":"Feature","properties":{"railway":"rail","bridge":null,"tunnel":null,"layer":null,"name":null,"base_elevation":96,"location":null,"level":null},"geometry":{"type":"LineString","coordinates":[[106.56598,29.615025],[106.566033,29.615063],[106.566568,29.61545],[106.566663,29.615538],[106.566981,29.615828],[106.567288,29.616089],[106.567449,29.616225]]}},{"id":"('way', 455164462)","type":"Feature","properties":{"railway":"rail","bridge":null,"tunnel":null,"layer":null,"name":null,"base_elevation":101,"location":null,"level":null},"geometry":{"type":"LineString","coordinates":[[106.565951,29.615059],[106.565999,29.615095],[106.56667,29.615592],[106.566981,29.615828]]}},{"id":"('way', 455164464)","type":"Feature","properties":{"railway":"rail","bridge":null,"tunnel":null,"layer":null,"name":null,"base_elevation":91,"location":null,"level":null},"geometry":{"type":"LineString","coordinates":[[106.555458,29.611101],[106.556828,29.611035],[106.5576,29.610999],[106.558164,29.610995],[106.55871,29.611017],[106.559344,29.611087],[106.559978,29.611194],[106.560615,29.611367],[106.561128,29.611543],[106.561677,29.61179],[106.562163,29.612041],[106.562587,29.612322],[106.563065,29.612726],[106.563369,29.612997],[106.563738,29.613334],[106.563851,29.613438],[106.563945,29.613526],[106.564225,29.613839],[106.564379,29.614002],[106.564495,29.614113],[106.564633,29.614232],[106.564783,29.614337],[106.565391,29.614763],[106.56595,29.615156],[106.566085,29.615251],[106.566708,29.61572],[106.566987,29.615917],[106.567449,29.616225],[106.567876,29.616526],[106.568451,29.616929]]}},{"id":"('way', 455164465)","type":"Feature","properties":{"railway":"rail","bridge":null,"tunnel":null,"layer":null,"name":null,"base_elevation":101,"location":null,"level":null},"geometry":{"type":"LineString","coordinates":[[106.566085,29.615251],[106.566234,29.61534],[106.566525,29.615502],[106.56667,29.615592]]}},{"id":"('way', 455164466)","type":"Feature","properties":{"railway":"rail","bridge":null,"tunnel":null,"layer":null,"name":null,"base_elevation":107,"location":null,"level":null},"geometry":{"type":"LineString","coordinates":[[106.564202,29.613685],[106.564329,29.613823],[106.564508,29.614024],[106.564607,29.61412],[106.564739,29.614228],[106.564916,29.614358],[106.565437,29.614716],[106.565478,29.614744]]}},{"id":"('way', 455164467)","type":"Feature","properties":{"railway":"rail","bridge":null,"tunnel":null,"layer":null,"name":null,"base_elevation":110,"location":null,"level":null},"geometry":{"type":"LineString","coordinates":[[106.564424,29.613798],[106.564555,29.613914],[106.564712,29.614054],[106.564845,29.614162],[106.564975,29.614259],[106.565501,29.614628],[106.56555,29.614662]]}},{"id":"('way', 455164468)","type":"Feature","properties":{"railway":"rail","bridge":null,"tunnel":null,"layer":null,"name":null,"base_elevation":93,"location":null,"level":null},"geometry":{"type":"LineString","coordinates":[[106.566059,29.614935],[106.566117,29.614978],[106.566339,29.615146],[106.566472,29.615258],[106.566709,29.615476],[106.566924,29.615673],[106.567117,29.615857],[106.567307,29.616045],[106.567498,29.616208],[106.567707,29.616391],[106.567876,29.616526]]}},{"id":"('way', 455164469)","type":"Feature","properties":{"railway":"rail","bridge":null,"tunnel":null,"layer":null,"name":null,"base_elevation":103,"location":null,"level":null},"geometry":{"type":"LineString","coordinates":[[106.566091,29.614898],[106.566157,29.614944],[106.566292,29.615042],[106.566388,29.615116],[106.566472,29.615201],[106.566603,29.615356],[106.566709,29.615476]]}},{"id":"('way', 455164470)","type":"Feature","properties":{"railway":"rail","bridge":null,"tunnel":null,"layer":null,"name":null,"base_elevation":95,"location":null,"level":null},"geometry":{"type":"LineString","coordinates":[[106.566764,29.615404],[106.566851,29.615497],[106.567005,29.615672],[106.567103,29.615773],[106.567206,29.615864],[106.567355,29.615993],[106.567688,29.616277]]}},{"id":"('way', 455164471)","type":"Feature","properties":{"railway":"rail","bridge":null,"tunnel":null,"layer":null,"name":null,"base_elevation":99,"location":null,"level":null},"geometry":{"type":"LineString","coordinates":[[106.566458,29.615126],[106.566583,29.615264],[106.566785,29.615498],[106.567117,29.615857]]}},{"id":"('way', 455164472)","type":"Feature","properties":{"railway":"rail","bridge":null,"tunnel":null,"layer":null,"name":null,"base_elevation":95,"location":null,"level":null},"geometry":{"type":"LineString","coordinates":[[106.563979,29.613475],[106.564139,29.613591],[106.564358,29.613723],[106.56457,29.613837],[106.564952,29.614043],[106.565108,29.614136],[106.566158,29.614869],[106.566264,29.614955],[106.566458,29.615126],[106.566764,29.615404],[106.567799,29.616306]]}},{"id":"('way', 455164473)","type":"Feature","properties":{"railway":"rail","bridge":null,"tunnel":null,"layer":null,"name":null,"base_elevation":110,"location":null,"level":null},"geometry":{"type":"LineString","coordinates":[[106.554574,29.611096],[106.555856,29.611032],[106.556205,29.611014],[106.557614,29.610942],[106.558172,29.610948],[106.558709,29.610967],[106.559363,29.611036],[106.560003,29.611155],[106.560665,29.611326],[106.561158,29.611498],[106.561701,29.611753],[106.562191,29.61201],[106.562619,29.61229],[106.563111,29.612705],[106.563417,29.612975],[106.563734,29.613263],[106.563979,29.613475],[106.564202,29.613685],[106.564571,29.614013],[106.564704,29.614128],[106.56489,29.614267],[106.565161,29.614458],[106.565463,29.61467],[106.565513,29.614704]]}},{"id":"('way', 455164481)","type":"Feature","properties":{"railway":"rail","bridge":null,"tunnel":null,"layer":null,"name":null,"base_elevation":98,"location":null,"level":null},"geometry":{"type":"LineString","coordinates":[[106.542446,29.61155],[106.54392,29.611464],[106.550007,29.611167],[106.550446,29.611145],[106.551025,29.611117],[106.551603,29.611099],[106.552163,29.611069],[106.555935,29.61087],[106.557587,29.610725]]}},{"id":"('way', 455164482)","type":"Feature","properties":{"railway":"rail","bridge":null,"tunnel":null,"layer":null,"name":null,"base_elevation":100,"location":null,"level":null},"geometry":{"type":"LineString","coordinates":[[106.551862,29.611227],[106.550984,29.611335],[106.550457,29.611413],[106.550023,29.611454],[106.549717,29.611473],[106.543936,29.611749],[106.543031,29.611792],[106.542484,29.611793],[106.541782,29.611807]]}},{"id":"('way', 455164488)","type":"Feature","properties":{"railway":"rail","bridge":null,"tunnel":null,"layer":null,"name":"\u6e1d\u6000\u7ebf","base_elevation":99,"location":null,"level":null},"geometry":{"type":"LineString","coordinates":[[106.566405,29.618476],[106.566159,29.618177],[106.565933,29.617903],[106.565767,29.617615],[106.565602,29.617318],[106.565486,29.617012],[106.565181,29.615976],[106.565059,29.615559],[106.56493,29.615187],[106.564739,29.614788],[106.564473,29.614335],[106.564234,29.614004],[106.563964,29.613663],[106.563663,29.613343],[106.563326,29.61304],[106.562972,29.612705],[106.562583,29.612385],[106.562121,29.612073],[106.561641,29.611837],[106.561081,29.611591],[106.560603,29.611409],[106.559961,29.611244],[106.55933,29.611133],[106.558702,29.61106],[106.558159,29.611034],[106.557599,29.611043],[106.556416,29.611103],[106.553902,29.611227],[106.552916,29.611331],[106.551747,29.611512],[106.550959,29.611553],[106.550067,29.611592],[106.543961,29.611895],[106.543922,29.611893],[106.54374,29.611903],[106.543519,29.611902],[106.543276,29.611891],[106.542343,29.611852],[106.541782,29.611807]]}},{"id":"('way', 455164489)","type":"Feature","properties":{"railway":"rail","bridge":null,"tunnel":null,"layer":null,"name":null,"base_elevation":103,"location":null,"level":null},"geometry":{"type":"LineString","coordinates":[[106.542887,29.611495],[106.543142,29.611466],[106.543379,29.611432],[106.543914,29.611359],[106.54421,29.611313],[106.549615,29.611047],[106.550001,29.611052],[106.551244,29.61108]]}},{"id":"('way', 455164490)","type":"Feature","properties":{"railway":"rail","bridge":null,"tunnel":null,"layer":null,"name":null,"base_elevation":101,"location":null,"level":null},"geometry":{"type":"LineString","coordinates":[[106.541023,29.611619],[106.542002,29.611572],[106.542446,29.61155],[106.542714,29.611519],[106.542887,29.611495],[106.543124,29.611453],[106.543524,29.61137],[106.543674,29.611348],[106.543912,29.61131],[106.544208,29.611269],[106.549606,29.611005],[106.549998,29.611001],[106.550315,29.611009],[106.55057,29.611028],[106.550912,29.611058],[106.551244,29.61108],[106.551603,29.611099]]}},{"id":"('way', 455164491)","type":"Feature","properties":{"railway":"platform","bridge":null,"tunnel":null,"layer":null,"name":null,"base_elevation":108,"location":null,"level":null},"geometry":{"type":"Polygon","coordinates":[[[106.544928,29.611957],[106.544924,29.611903],[106.549562,29.611677],[106.549566,29.611731],[106.544928,29.611957]]]}},{"id":"('way', 455164492)","type":"Feature","properties":{"railway":"platform","bridge":null,"tunnel":null,"layer":null,"name":null,"base_elevation":108,"location":null,"level":null},"geometry":{"type":"Polygon","coordinates":[[[106.544233,29.611804],[106.54423,29.611752],[106.549894,29.611475],[106.549897,29.611527],[106.544233,29.611804]]]}},{"id":"('way', 455164493)","type":"Feature","properties":{"railway":"platform","bridge":null,"tunnel":null,"layer":null,"name":null,"base_elevation":109,"location":null,"level":null},"geometry":{"type":"Polygon","coordinates":[[[106.544205,29.611389],[106.544202,29.611344],[106.549871,29.611063],[106.549874,29.611107],[106.544205,29.611389]]]}},{"id":"('way', 455164494)","type":"Feature","properties":{"railway":"platform","bridge":null,"tunnel":null,"layer":null,"name":null,"base_elevation":110,"location":null,"level":null},"geometry":{"type":"Polygon","coordinates":[[[106.544217,29.611623],[106.544214,29.61157],[106.549885,29.611289],[106.549888,29.611342],[106.544217,29.611623]]]}},{"id":"('way', 455169170)","type":"Feature","properties":{"railway":"rail","bridge":null,"tunnel":null,"layer":null,"name":null,"base_elevation":131,"location":null,"level":null},"geometry":{"type":"LineString","coordinates":[[106.577797,29.629122],[106.578031,29.629529]]}},{"id":"('way', 455169171)","type":"Feature","properties":{"railway":"rail","bridge":null,"tunnel":null,"layer":null,"name":null,"base_elevation":122,"location":null,"level":null},"geometry":{"type":"LineString","coordinates":[[106.578926,29.63073],[106.579329,29.631207]]}},{"id":"('way', 455169172)","type":"Feature","properties":{"railway":"rail","bridge":null,"tunnel":null,"layer":null,"name":null,"base_elevation":102,"location":null,"level":null},"geometry":{"type":"LineString","coordinates":[[106.574007,29.624312],[106.574318,29.624599],[106.574558,29.624855],[106.574791,29.625106],[106.57501,29.625367],[106.575403,29.625863],[106.576762,29.627666],[106.57725,29.628364],[106.577491,29.628697],[106.577797,29.629122],[106.578116,29.629569],[106.578335,29.629877],[106.578704,29.630367],[106.579329,29.631207],[106.57953,29.631498],[106.579723,29.631747],[106.579911,29.63194],[106.580073,29.63209],[106.580246,29.632235],[106.580429,29.632366],[106.580825,29.632641],[106.581181,29.632842],[106.581521,29.633078],[106.581732,29.633223],[106.581902,29.63333],[106.582503,29.633723],[106.583014,29.634068],[106.583195,29.634184],[106.587284,29.63686]]}},{"id":"('way', 455169173)","type":"Feature","properties":{"railway":"rail","bridge":null,"tunnel":null,"layer":null,"name":null,"base_elevation":102,"location":null,"level":null},"geometry":{"type":"LineString","coordinates":[[106.579677,29.631777],[106.579866,29.631975],[106.580023,29.632123],[106.580199,29.632272],[106.580389,29.632397],[106.580654,29.632586],[106.581335,29.633039],[106.581669,29.633262],[106.58172,29.633296],[106.582213,29.633626],[106.583107,29.634186],[106.583163,29.634222],[106.587252,29.636889]]}},{"id":"('way', 455169174)","type":"Feature","properties":{"railway":"rail","bridge":null,"tunnel":null,"layer":null,"name":null,"base_elevation":129,"location":null,"level":null},"geometry":{"type":"LineString","coordinates":[[106.578254,29.629933],[106.578459,29.630161],[106.578536,29.630246],[106.578668,29.630394]]}},{"id":"('way', 455169175)","type":"Feature","properties":{"railway":"rail","bridge":null,"tunnel":null,"layer":null,"name":null,"base_elevation":129,"location":null,"level":null},"geometry":{"type":"LineString","coordinates":[[106.57829,29.629899],[106.578459,29.630161],[106.578625,29.630418]]}},{"id":"('way', 455169176)","type":"Feature","properties":{"railway":"rail","bridge":"viaduct","tunnel":null,"layer":"1","name":null,"base_elevation":86,"location":null,"level":null},"geometry":{"type":"LineString","coordinates":[[106.57397,29.624342],[106.57373,29.624142],[106.573449,29.62392],[106.573158,29.623713],[106.57172,29.622801],[106.570684,29.622144],[106.570168,29.621823],[106.568468,29.620756]]}},{"id":"('way', 455169178)","type":"Feature","properties":{"railway":"rail","bridge":"viaduct","tunnel":null,"layer":"1","name":null,"base_elevation":86,"location":null,"level":null},"geometry":{"type":"LineString","coordinates":[[106.568494,29.620712],[106.570195,29.62179],[106.570712,29.622112],[106.573186,29.623681],[106.573481,29.623884],[106.573765,29.624104],[106.574007,29.624312]]}},{"id":"('way', 455169180)","type":"Feature","properties":{"railway":"rail","bridge":null,"tunnel":null,"layer":null,"name":null,"base_elevation":95,"location":null,"level":null},"geometry":{"type":"LineString","coordinates":[[106.581917,29.634755],[106.581798,29.634636],[106.581684,29.634514],[106.581586,29.634402],[106.581485,29.63428],[106.581399,29.634166],[106.581319,29.634058],[106.580555,29.632958],[106.580191,29.632517],[106.579634,29.631803],[106.579441,29.631555],[106.578883,29.630755],[106.578625,29.630418],[106.578254,29.629933],[106.578246,29.629923],[106.578035,29.629619],[106.577751,29.629235],[106.577397,29.628733],[106.577158,29.628406],[106.576632,29.627708],[106.576018,29.626931],[106.575133,29.625743],[106.574972,29.625531],[106.574763,29.625271],[106.57456,29.625046],[106.574335,29.624799],[106.574134,29.624595],[106.573913,29.624386]]}},{"id":"('way', 455169181)","type":"Feature","properties":{"railway":"rail","bridge":null,"tunnel":null,"layer":null,"name":null,"base_elevation":88,"location":null,"level":null},"geometry":{"type":"LineString","coordinates":[[106.586929,29.638079],[106.583263,29.63571]]}},{"id":"('way', 455169187)","type":"Feature","properties":{"railway":"rail","bridge":"viaduct","tunnel":null,"layer":"1","name":null,"base_elevation":89,"location":null,"level":null},"geometry":{"type":"LineString","coordinates":[[106.57172,29.622801],[106.571956,29.622971],[106.572455,29.623343],[106.572704,29.623518],[106.573095,29.623767],[106.573391,29.623963],[106.573677,29.624183],[106.573913,29.624386]]}},{"id":"('way', 455169189)","type":"Feature","properties":{"railway":"rail","bridge":null,"tunnel":null,"layer":null,"name":null,"base_elevation":97,"location":null,"level":null},"geometry":{"type":"LineString","coordinates":[[106.57397,29.624342],[106.574278,29.624627],[106.574518,29.624883],[106.57475,29.625133],[106.574967,29.625393],[106.575359,29.625888],[106.576703,29.627691],[106.577202,29.628383],[106.577441,29.62871],[106.577795,29.629211],[106.578031,29.629529],[106.57808,29.629595],[106.57829,29.629899],[106.578668,29.630394],[106.578926,29.63073],[106.579484,29.63153],[106.579677,29.631777],[106.580235,29.632494],[106.580599,29.632934],[106.581362,29.634034],[106.581435,29.634131],[106.581517,29.634228],[106.581607,29.634326],[106.581701,29.634421],[106.581807,29.634522],[106.581905,29.634614],[106.582019,29.634712],[106.582135,29.634802],[106.582266,29.634895],[106.582407,29.634993],[106.582766,29.635229],[106.582826,29.635267]]}},{"id":"('way', 455169190)","type":"Feature","properties":{"railway":"rail","bridge":"yes","tunnel":null,"layer":"1","name":null,"base_elevation":86,"location":null,"level":null},"geometry":{"type":"LineString","coordinates":[[106.570712,29.622112],[106.57044,29.621967],[106.570168,29.621823]]}},{"id":"('way', 455169191)","type":"Feature","properties":{"railway":"rail","bridge":"yes","tunnel":null,"layer":"1","name":null,"base_elevation":86,"location":null,"level":null},"geometry":{"type":"LineString","coordinates":[[106.570195,29.62179],[106.57044,29.621967],[106.570684,29.622144]]}},{"id":"('way', 455172610)","type":"Feature","properties":{"railway":"rail","bridge":"viaduct","tunnel":null,"layer":"1","name":"\u90d1\u6e1d\u9ad8\u901f\u7ebf","base_elevation":49,"location":null,"level":null},"geometry":{"type":"LineString","coordinates":[[106.58967,29.634529],[106.599048,29.637836],[106.604983,29.639811],[106.607817,29.640754],[106.608683,29.640999]]}},{"id":"('way', 455172611)","type":"Feature","properties":{"railway":"rail","bridge":null,"tunnel":null,"layer":null,"name":"\u90d1\u6e1d\u9ad8\u901f\u7ebf","base_elevation":98,"location":null,"level":null},"geometry":{"type":"LineString","coordinates":[[106.588144,29.634003],[106.58967,29.634529]]}},{"id":"('way', 455172612)","type":"Feature","properties":{"railway":"rail","bridge":"viaduct","tunnel":null,"layer":"1","name":"\u90d1\u6e1d\u9ad8\u901f\u7ebf","base_elevation":98,"location":null,"level":null},"geometry":{"type":"LineString","coordinates":[[106.586475,29.63343],[106.588144,29.634003]]}},{"id":"('way', 455172613)","type":"Feature","properties":{"railway":"rail","bridge":null,"tunnel":null,"layer":null,"name":"\u90d1\u6e1d\u9ad8\u901f\u7ebf","base_elevation":109,"location":null,"level":null},"geometry":{"type":"LineString","coordinates":[[106.563893,29.615025],[106.564224,29.615537],[106.564863,29.616725],[106.565107,29.617155],[106.565311,29.617458],[106.565526,29.617749],[106.565777,29.618062],[106.566044,29.618363]]}},{"id":"('way', 455172614)","type":"Feature","properties":{"railway":"rail","bridge":null,"tunnel":null,"layer":null,"name":"\u90d1\u6e1d\u9ad8\u901f\u7ebf","base_elevation":106,"location":null,"level":null},"geometry":{"type":"LineString","coordinates":[[106.57409,29.624187],[106.574423,29.624517],[106.574829,29.624935],[106.575298,29.625497],[106.577361,29.628339],[106.577729,29.628795],[106.578086,29.629192],[106.578543,29.629645],[106.579035,29.630071],[106.579622,29.630516],[106.580277,29.630947],[106.580967,29.631349],[106.58171,29.631722],[106.582549,29.632067],[106.586475,29.63343]]}},{"id":"('way', 455172615)","type":"Feature","properties":{"railway":"rail","bridge":"viaduct","tunnel":null,"layer":"1","name":"\u90d1\u6e1d\u9ad8\u901f\u7ebf","base_elevation":86,"location":null,"level":null},"geometry":{"type":"LineString","coordinates":[[106.566044,29.618363],[106.566377,29.618721],[106.566862,29.619208],[106.567169,29.619488],[106.567472,29.619722],[106.567786,29.61998],[106.568136,29.620243],[106.568582,29.620557],[106.572653,29.623055],[106.573075,29.623335],[106.57344,29.623621],[106.573774,29.6239],[106.57409,29.624187]]}},{"id":"('way', 504782634)","type":"Feature","properties":{"railway":"rail","bridge":null,"tunnel":null,"layer":null,"name":null,"base_elevation":97,"location":null,"level":null},"geometry":{"type":"LineString","coordinates":[[106.587688,29.63645],[106.583652,29.633803],[106.583562,29.633746],[106.583518,29.63372],[106.583392,29.633644],[106.583246,29.633575],[106.583114,29.633511],[106.582972,29.633455],[106.58282,29.6334],[106.582671,29.633353],[106.582486,29.633302],[106.581917,29.633156]]}},{"id":"('way', 504782635)","type":"Feature","properties":{"railway":"rail","bridge":null,"tunnel":null,"layer":null,"name":null,"base_elevation":98,"location":null,"level":null},"geometry":{"type":"LineString","coordinates":[[106.587623,29.63651],[106.583645,29.633903],[106.583508,29.633811],[106.583379,29.633737],[106.583244,29.633669],[106.58309,29.633595],[106.582948,29.633535],[106.582766,29.633466],[106.58225,29.633279],[106.581917,29.633156]]}},{"id":"('way', 504782636)","type":"Feature","properties":{"railway":"rail","bridge":null,"tunnel":null,"layer":null,"name":null,"base_elevation":97,"location":null,"level":null},"geometry":{"type":"LineString","coordinates":[[106.58225,29.633279],[106.582559,29.633364],[106.582697,29.633402],[106.582823,29.633441],[106.582954,29.633488],[106.58308,29.633541],[106.583196,29.633595],[106.583313,29.633656],[106.583414,29.633705],[106.583534,29.633779],[106.583643,29.633848],[106.587654,29.63648]]}},{"id":"('way', 504782637)","type":"Feature","properties":{"railway":"rail","bridge":null,"tunnel":null,"layer":null,"name":null,"base_elevation":100,"location":null,"level":null},"geometry":{"type":"LineString","coordinates":[[106.582279,29.633392],[106.582602,29.633512],[106.582848,29.633597],[106.582977,29.633648],[106.58311,29.633706],[106.583241,29.63376],[106.583364,29.633829],[106.583451,29.633879],[106.583492,29.633904],[106.587563,29.636569]]}},{"id":"('way', 504782638)","type":"Feature","properties":{"railway":"rail","bridge":null,"tunnel":null,"layer":null,"name":null,"base_elevation":98,"location":null,"level":null},"geometry":{"type":"LineString","coordinates":[[106.582279,29.633392],[106.582605,29.633478],[106.58274,29.633517],[106.582876,29.633562],[106.583006,29.633613],[106.58314,29.633669],[106.583258,29.633729],[106.583379,29.633784],[106.58348,29.633844],[106.583589,29.633914],[106.587591,29.636539]]}},{"id":"('way', 504782639)","type":"Feature","properties":{"railway":"rail","bridge":null,"tunnel":null,"layer":null,"name":null,"base_elevation":100,"location":null,"level":null},"geometry":{"type":"LineString","coordinates":[[106.582602,29.633512],[106.583015,29.633705],[106.583249,29.633817],[106.583357,29.633875],[106.583423,29.633912],[106.583547,29.633989],[106.587535,29.636598]]}},{"id":"('way', 504782640)","type":"Feature","properties":{"railway":"rail","bridge":null,"tunnel":null,"layer":null,"name":null,"base_elevation":100,"location":null,"level":null},"geometry":{"type":"LineString","coordinates":[[106.583015,29.633705],[106.583182,29.633811],[106.58332,29.633897],[106.583394,29.633947],[106.587505,29.636632]]}},{"id":"('way', 504782641)","type":"Feature","properties":{"railway":"rail","bridge":null,"tunnel":null,"layer":null,"name":null,"base_elevation":107,"location":null,"level":null},"geometry":{"type":"LineString","coordinates":[[106.581917,29.633156],[106.581756,29.633101],[106.581616,29.633051],[106.581494,29.633],[106.581373,29.632944],[106.581181,29.632842]]}},{"id":"('way', 504782642)","type":"Feature","properties":{"railway":"rail","bridge":null,"tunnel":null,"layer":null,"name":null,"base_elevation":113,"location":null,"level":null},"geometry":{"type":"LineString","coordinates":[[106.582279,29.633392],[106.582059,29.633319],[106.581896,29.63326],[106.581733,29.633177],[106.581609,29.633111],[106.581521,29.633078]]}},{"id":"('way', 504782643)","type":"Feature","properties":{"railway":"rail","bridge":null,"tunnel":null,"layer":null,"name":null,"base_elevation":101,"location":null,"level":null},"geometry":{"type":"LineString","coordinates":[[106.581902,29.63333],[106.58224,29.633491],[106.582909,29.633847],[106.582986,29.633886],[106.583083,29.633926],[106.583302,29.634056],[106.587404,29.636737]]}},{"id":"('way', 504782645)","type":"Feature","properties":{"railway":"rail","bridge":null,"tunnel":null,"layer":null,"name":null,"base_elevation":100,"location":null,"level":null},"geometry":{"type":"LineString","coordinates":[[106.58224,29.633491],[106.58257,29.633623],[106.582889,29.633744],[106.583013,29.633798],[106.583118,29.63385],[106.583199,29.633892],[106.583359,29.633988],[106.583461,29.634055],[106.587459,29.636673]]}},{"id":"('way', 504782647)","type":"Feature","properties":{"railway":"rail","bridge":null,"tunnel":null,"layer":null,"name":null,"base_elevation":101,"location":null,"level":null},"geometry":{"type":"LineString","coordinates":[[106.58257,29.633623],[106.582834,29.63376],[106.582981,29.633834],[106.583078,29.633882],[106.583327,29.634026],[106.583433,29.634092],[106.587429,29.636709]]}},{"id":"('way', 504782649)","type":"Feature","properties":{"railway":"rail","bridge":null,"tunnel":null,"layer":null,"name":null,"base_elevation":101,"location":null,"level":null},"geometry":{"type":"LineString","coordinates":[[106.582909,29.633847],[106.583276,29.634087],[106.584913,29.635159],[106.58737,29.636767]]}},{"id":"('way', 504782651)","type":"Feature","properties":{"railway":"rail","bridge":null,"tunnel":null,"layer":null,"name":null,"base_elevation":101,"location":null,"level":null},"geometry":{"type":"LineString","coordinates":[[106.582503,29.633723],[106.582857,29.633911],[106.582931,29.633939],[106.583043,29.633999],[106.583249,29.63412],[106.587337,29.6368]]}},{"id":"('way', 504782653)","type":"Feature","properties":{"railway":"rail","bridge":null,"tunnel":null,"layer":null,"name":null,"base_elevation":101,"location":null,"level":null},"geometry":{"type":"LineString","coordinates":[[106.582857,29.633911],[106.583055,29.63406],[106.583218,29.634156],[106.587308,29.636831]]}},{"id":"('way', 504782655)","type":"Feature","properties":{"railway":"rail","bridge":null,"tunnel":null,"layer":null,"name":null,"base_elevation":103,"location":null,"level":null},"geometry":{"type":"LineString","coordinates":[[106.582213,29.633626],[106.582524,29.63388],[106.58298,29.634252],[106.583077,29.634325],[106.583146,29.634372],[106.587188,29.637013]]}},{"id":"('way', 504782657)","type":"Feature","properties":{"railway":"rail","bridge":null,"tunnel":null,"layer":null,"name":null,"base_elevation":103,"location":null,"level":null},"geometry":{"type":"LineString","coordinates":[[106.582524,29.63388],[106.582752,29.63412],[106.582822,29.634188],[106.58289,29.63425],[106.582962,29.634303],[106.583044,29.634363],[106.587156,29.637048]]}},{"id":"('way', 504782659)","type":"Feature","properties":{"railway":"rail","bridge":null,"tunnel":null,"layer":null,"name":null,"base_elevation":103,"location":null,"level":null},"geometry":{"type":"LineString","coordinates":[[106.581335,29.633039],[106.581472,29.633157],[106.581572,29.633244],[106.58166,29.633324],[106.581758,29.63342],[106.581848,29.63351],[106.582245,29.633928],[106.582458,29.634155],[106.582542,29.634242],[106.582632,29.634325],[106.58272,29.6344],[106.582816,29.634473],[106.582901,29.634534],[106.582928,29.634556],[106.58304,29.634633],[106.583146,29.634704],[106.584374,29.635507],[106.586994,29.63722]]}},{"id":"('way', 504782661)","type":"Feature","properties":{"railway":"rail","bridge":null,"tunnel":null,"layer":null,"name":null,"base_elevation":103,"location":null,"level":null},"geometry":{"type":"LineString","coordinates":[[106.582245,29.633928],[106.582592,29.634219],[106.58271,29.634318],[106.582816,29.634402],[106.582936,29.634493],[106.583042,29.634567],[106.58315,29.634636],[106.584431,29.635474],[106.587032,29.637177]]}},{"id":"('way', 504782662)","type":"Feature","properties":{"railway":"rail","bridge":null,"tunnel":null,"layer":null,"name":null,"base_elevation":103,"location":null,"level":null},"geometry":{"type":"LineString","coordinates":[[106.58172,29.633296],[106.581846,29.633408],[106.582341,29.63389],[106.58261,29.634164],[106.58269,29.634242],[106.582764,29.634306],[106.582856,29.634374],[106.582969,29.634453],[106.58707,29.637137]]}},{"id":"('way', 504782664)","type":"Feature","properties":{"railway":"rail","bridge":null,"tunnel":null,"layer":null,"name":null,"base_elevation":103,"location":null,"level":null},"geometry":{"type":"LineString","coordinates":[[106.582341,29.63389],[106.582621,29.634128],[106.582764,29.634249],[106.58287,29.634332],[106.582994,29.634423],[106.583072,29.634475],[106.587098,29.637107]]}},{"id":"('way', 504782666)","type":"Feature","properties":{"railway":"rail","bridge":null,"tunnel":null,"layer":null,"name":null,"base_elevation":103,"location":null,"level":null},"geometry":{"type":"LineString","coordinates":[[106.582621,29.634128],[106.583019,29.634393],[106.587126,29.637076]]}},{"id":"('way', 504782668)","type":"Feature","properties":{"railway":"rail","bridge":null,"tunnel":null,"layer":null,"name":null,"base_elevation":102,"location":null,"level":null},"geometry":{"type":"LineString","coordinates":[[106.580654,29.632586],[106.580797,29.632699],[106.580883,29.632775],[106.580963,29.632851],[106.581046,29.632938],[106.581128,29.633036],[106.581206,29.633131],[106.581278,29.633227],[106.581547,29.633579],[106.581941,29.634095],[106.582021,29.634197],[106.582105,29.6343],[106.582196,29.634399],[106.582282,29.634488],[106.582377,29.634575],[106.582478,29.634659],[106.582586,29.634739],[106.582695,29.634816],[106.582813,29.634896],[106.582962,29.634998]]}},{"id":"('way', 504782671)","type":"Feature","properties":{"railway":"rail","bridge":null,"tunnel":null,"layer":null,"name":null,"base_elevation":99,"location":null,"level":null},"geometry":{"type":"LineString","coordinates":[[106.582962,29.634998],[106.58693,29.637585]]}},{"id":"('way', 504782673)","type":"Feature","properties":{"railway":"rail","bridge":null,"tunnel":null,"layer":null,"name":null,"base_elevation":109,"location":null,"level":null},"geometry":{"type":"LineString","coordinates":[[106.581547,29.633579],[106.58183,29.634045],[106.581887,29.634135],[106.581957,29.634227],[106.582026,29.634312],[106.582109,29.634406],[106.582189,29.634493],[106.582271,29.634576],[106.582366,29.634665],[106.582471,29.634753],[106.582582,29.634834],[106.582693,29.634909],[106.582914,29.635055]]}},{"id":"('way', 504782675)","type":"Feature","properties":{"railway":"rail","bridge":null,"tunnel":null,"layer":null,"name":null,"base_elevation":99,"location":null,"level":null},"geometry":{"type":"LineString","coordinates":[[106.582914,29.635055],[106.586878,29.637645]]}},{"id":"('way', 504782677)","type":"Feature","properties":{"railway":"rail","bridge":null,"tunnel":null,"layer":null,"name":null,"base_elevation":103,"location":null,"level":null},"geometry":{"type":"LineString","coordinates":[[106.581278,29.633227],[106.581396,29.633422],[106.581464,29.633536],[106.581495,29.633587],[106.581812,29.634112],[106.581876,29.634208],[106.581948,29.634305],[106.582032,29.634407],[106.582128,29.634514],[106.582241,29.634632],[106.582348,29.634732],[106.58245,29.634816],[106.582564,29.634903],[106.582682,29.634983],[106.582872,29.635104]]}},{"id":"('way', 504782680)","type":"Feature","properties":{"railway":"rail","bridge":null,"tunnel":null,"layer":null,"name":null,"base_elevation":95,"location":null,"level":null},"geometry":{"type":"LineString","coordinates":[[106.582872,29.635104],[106.586835,29.637692]]}},{"id":"('way', 504782682)","type":"Feature","properties":{"railway":"rail","bridge":null,"tunnel":null,"layer":null,"name":null,"base_elevation":105,"location":null,"level":null},"geometry":{"type":"LineString","coordinates":[[106.581495,29.633587],[106.581676,29.633979],[106.581721,29.63407],[106.581776,29.634166],[106.581837,29.63426],[106.5819,29.634345],[106.581955,29.634417],[106.582023,29.634497],[106.582109,29.634597],[106.582207,29.634698],[106.582314,29.634797],[106.582418,29.634885],[106.582516,29.634962],[106.582625,29.635038],[106.582821,29.635164]]}},{"id":"('way', 504782684)","type":"Feature","properties":{"railway":"rail","bridge":null,"tunnel":null,"layer":null,"name":null,"base_elevation":93,"location":null,"level":null},"geometry":{"type":"LineString","coordinates":[[106.582821,29.635164],[106.586794,29.637756]]}},{"id":"('way', 504782686)","type":"Feature","properties":{"railway":"rail","bridge":null,"tunnel":null,"layer":null,"name":null,"base_elevation":108,"location":null,"level":null},"geometry":{"type":"LineString","coordinates":[[106.582826,29.635267],[106.583337,29.635602]]}},{"id":"('way', 504782689)","type":"Feature","properties":{"railway":"rail","bridge":null,"tunnel":null,"layer":null,"name":null,"base_elevation":90,"location":null,"level":null},"geometry":{"type":"LineString","coordinates":[[106.583337,29.635602],[106.587012,29.638008]]}},{"id":"('way', 504782692)","type":"Feature","properties":{"railway":"rail","bridge":null,"tunnel":null,"layer":null,"name":null,"base_elevation":100,"location":null,"level":null},"geometry":{"type":"LineString","coordinates":[[106.583263,29.63571],[106.582744,29.635372]]}},{"id":"('way', 504782695)","type":"Feature","properties":{"railway":"rail","bridge":null,"tunnel":null,"layer":null,"name":null,"base_elevation":96,"location":null,"level":null},"geometry":{"type":"LineString","coordinates":[[106.582744,29.635372],[106.582679,29.635332],[106.582538,29.635237],[106.5824,29.635147],[106.582272,29.635053],[106.582141,29.634952],[106.582026,29.634855],[106.581917,29.634755]]}},{"id":"('way', 533420305)","type":"Feature","properties":{"railway":"subway","bridge":"yes","tunnel":null,"layer":"4","name":"\u73af\u7ebf","base_elevation":72,"location":null,"level":null},"geometry":{"type":"LineString","coordinates":[[106.522324,29.522439],[106.533898,29.522432]]}},{"id":"('way', 551320868)","type":"Feature","properties":{"railway":"monorail","bridge":"viaduct","tunnel":null,"layer":"2","name":"3\u53f7\u7ebf","base_elevation":14,"location":null,"level":null},"geometry":{"type":"LineString","coordinates":[[106.567773,29.526979],[106.568842,29.525892],[106.569655,29.525026],[106.572137,29.522527],[106.572364,29.52226],[106.572631,29.521822],[106.572786,29.521431],[106.572841,29.521179],[106.572841,29.52098],[106.572826,29.520798],[106.57279,29.5206],[106.572593,29.520018],[106.57241,29.519485],[106.572167,29.51877],[106.571927,29.518051],[106.571853,29.517702],[106.571818,29.517484],[106.571715,29.516886],[106.571643,29.516402],[106.571573,29.51608],[106.571294,29.515154],[106.570987,29.514223],[106.57075,29.513491],[106.570414,29.512462],[106.570291,29.511843],[106.570207,29.511346],[106.570151,29.510806],[106.570135,29.510162],[106.570167,29.509663],[106.57023,29.509088],[106.570292,29.50861],[106.570359,29.508001],[106.570433,29.507408],[106.57046,29.507036],[106.570458,29.506847],[106.57045,29.506667],[106.570426,29.506488],[106.570393,29.506312],[106.570365,29.506156],[106.570317,29.505957],[106.570273,29.505795],[106.570001,29.504752],[106.569637,29.503549],[106.569452,29.502909],[106.569407,29.502634],[106.569379,29.502371],[106.569378,29.502041],[106.56941,29.501654],[106.569519,29.501193],[106.569641,29.500526],[106.569727,29.500062],[106.570218,29.49749],[106.570315,29.496852],[106.570364,29.496394],[106.570348,29.495614],[106.570284,29.495039],[106.570185,29.494505],[106.570054,29.493988],[106.569899,29.493476],[106.569633,29.492783],[106.569565,29.492618],[106.569327,29.492048],[106.56908,29.491439],[106.568898,29.49099],[106.568491,29.490068],[106.568316,29.489488],[106.568142,29.488923],[106.567915,29.488108],[106.567644,29.487085],[106.567509,29.486678],[106.567333,29.486254],[106.567139,29.485888],[106.566993,29.485677],[106.566909,29.485558],[106.566418,29.484944],[106.56605,29.484554],[106.563654,29.482387],[106.56271,29.481518],[106.562178,29.481027],[106.561807,29.480685],[106.561396,29.480304],[106.561184,29.480075],[106.560999,29.479845],[106.560781,29.479538],[106.560602,29.479216],[106.560449,29.478896],[106.560326,29.478571],[106.560081,29.477792],[106.559224,29.474817],[106.558985,29.473969],[106.558872,29.47353],[106.5588,29.473091],[106.55876,29.472661],[106.55877,29.472168],[106.558797,29.471549],[106.558861,29.47037],[106.558895,29.469718],[106.558925,29.469169],[106.558982,29.468033],[106.558988,29.467734],[106.558969,29.467432],[106.558928,29.467129],[106.558875,29.466897],[106.558744,29.466438],[106.558578,29.466026],[106.558416,29.46574],[106.558239,29.465471],[106.557615,29.464569],[106.557145,29.463892],[106.556413,29.462851],[106.556093,29.462435],[106.555888,29.462155],[106.55535,29.461408],[106.55502,29.460909],[106.554956,29.460795],[106.55468,29.460309],[106.554589,29.460131],[106.554502,29.459936],[106.554429,29.459739],[106.554355,29.459543],[106.554197,29.458979],[106.554028,29.458371],[106.553727,29.457566],[106.553544,29.457175],[106.553353,29.456786],[106.552267,29.454897],[106.551607,29.453753],[106.551473,29.453511],[106.55139,29.453345],[106.551314,29.453166],[106.551237,29.452972],[106.551161,29.452732],[106.551099,29.452505],[106.550973,29.452029],[106.550842,29.451508],[106.550697,29.450937],[106.550356,29.449592],[106.549892,29.44776],[106.549832,29.44756],[106.549762,29.44736],[106.549684,29.447174],[106.549595,29.446981],[106.5494,29.446646],[106.549106,29.446218],[106.54879,29.445772],[106.547793,29.444371],[106.547563,29.444047],[106.547361,29.44374],[106.5472,29.443454],[106.547023,29.443087],[106.546948,29.442907],[106.546877,29.442714],[106.546818,29.442516],[106.546766,29.442313],[106.546729,29.442125],[106.546705,29.441957],[106.546684,29.441792],[106.546666,29.441593],[106.54666,29.441378],[106.546666,29.441126],[106.546688,29.440844],[106.546739,29.440501],[106.54682,29.44002],[106.546969,29.43914],[106.547084,29.438473],[106.547161,29.438019],[106.547202,29.437735],[106.547221,29.437468],[106.547224,29.437218],[106.547209,29.436974],[106.54718,29.43673],[106.547135,29.43649],[106.547052,29.436163],[106.546965,29.43591],[106.546836,29.435588],[106.546747,29.435406],[106.546639,29.435199],[106.54657,29.435088],[106.54649,29.434966],[106.546213,29.434618],[106.545694,29.434092],[106.545112,29.433518],[106.544244,29.432657],[106.544108,29.432493],[106.543978,29.432328],[106.543797,29.432054],[106.543671,29.43185],[106.543571,29.431651],[106.543466,29.431429],[106.543384,29.431203],[106.543321,29.431],[106.543264,29.430775],[106.543212,29.430511],[106.543149,29.430152],[106.543054,29.429551],[106.542886,29.428544],[106.542642,29.427033],[106.542505,29.426156],[106.542449,29.425806],[106.542382,29.425478],[106.542289,29.425096],[106.542186,29.424717],[106.542048,29.424321],[106.541658,29.423381],[106.540388,29.420345],[106.540283,29.420087],[106.5402,29.419828],[106.540133,29.419553],[106.540083,29.419276],[106.540048,29.41897],[106.540019,29.418253],[106.539961,29.417199],[106.539877,29.415761],[106.539819,29.414068],[106.539678,29.409701],[106.539505,29.405048],[106.539295,29.400909],[106.539272,29.399988],[106.539238,29.399324],[106.539172,29.398537],[106.539103,29.397946],[106.538959,29.397112],[106.538686,29.395779],[106.536198,29.384316],[106.535943,29.383372],[106.535519,29.381469],[106.535459,29.381148],[106.535344,29.380606],[106.535222,29.380064],[106.535151,29.379824],[106.535064,29.379646],[106.53495,29.379481],[106.53483,29.379344],[106.534766,29.379277],[106.534641,29.379185],[106.534488,29.379098],[106.534368,29.37904],[106.534189,29.378968],[106.534003,29.378922],[106.53374,29.378889],[106.53356,29.37889],[106.532127,29.378938],[106.530151,29.379009],[106.529176,29.379082],[106.528256,29.379219],[106.527629,29.379295],[106.527447,29.379311],[106.527258,29.379318],[106.526873,29.37933],[106.523435,29.379287],[106.522771,29.379287],[106.522528,29.37929],[106.522331,29.379284],[106.522149,29.379266],[106.521936,29.37923],[106.521729,29.379177],[106.521534,29.379111],[106.521199,29.378942],[106.52067,29.378683],[106.520094,29.378417],[106.519527,29.378157],[106.519255,29.378037],[106.518968,29.377921],[106.518771,29.377859],[106.518581,29.377837],[106.518414,29.377829],[106.518226,29.377835],[106.518001,29.377862],[106.517731,29.377937],[106.51748,29.378027],[106.516736,29.378322],[106.514261,29.379427],[106.513868,29.379603],[106.513612,29.379742],[106.513222,29.37995],[106.512809,29.38018],[106.512472,29.380364],[106.512128,29.38052],[106.511823,29.380633],[106.51157,29.380678],[106.511215,29.380708],[106.510696,29.380726],[106.509714,29.380721],[106.509174,29.380717],[106.508913,29.380701],[106.508673,29.380676],[106.508384,29.380609],[106.508127,29.380526],[106.507861,29.380425],[106.507553,29.380278],[106.50715,29.380064],[106.506755,29.379843],[106.506281,29.379599],[106.505867,29.379377],[106.505588,29.379235],[106.505304,29.37912],[106.505082,29.379031],[106.504716,29.378923],[106.504523,29.378876],[106.504338,29.37883],[106.504162,29.378806],[106.503997,29.378786],[106.503743,29.378765],[106.503483,29.378756],[106.502947,29.378759],[106.50202,29.378766]]}},{"id":"('way', 551320869)","type":"Feature","properties":{"railway":"monorail","bridge":null,"tunnel":null,"layer":null,"name":null,"base_elevation":130,"location":null,"level":null},"geometry":{"type":"LineString","coordinates":[[106.555323,29.63354],[106.555157,29.633479],[106.555052,29.633415],[106.554959,29.633347],[106.554835,29.633219],[106.554742,29.633108],[106.554627,29.632991],[106.554471,29.632866],[106.554256,29.632724],[106.553799,29.632506],[106.553633,29.632437],[106.553374,29.632367],[106.553184,29.632319],[106.552729,29.632204],[106.551763,29.631945],[106.550549,29.631633],[106.549311,29.631326]]}},{"id":"('way', 555489349)","type":"Feature","properties":{"railway":"subway","bridge":null,"tunnel":null,"layer":null,"name":null,"base_elevation":120,"location":null,"level":null},"geometry":{"type":"LineString","coordinates":[[106.641506,29.533429],[106.641682,29.533299],[106.641809,29.533188],[106.641937,29.533021],[106.642054,29.532862],[106.642203,29.532704],[106.642404,29.532522],[106.642628,29.532392],[106.642827,29.532289],[106.643214,29.532071],[106.643253,29.532049]]}},{"id":"('way', 555489350)","type":"Feature","properties":{"railway":"subway","bridge":null,"tunnel":null,"layer":null,"name":null,"base_elevation":118,"location":null,"level":null},"geometry":{"type":"LineString","coordinates":[[106.645891,29.530483],[106.645537,29.53071],[106.644843,29.531089],[106.644233,29.53143],[106.643946,29.531603],[106.643831,29.531641],[106.643317,29.531917],[106.64316,29.532008],[106.643113,29.532033],[106.641959,29.532665],[106.641575,29.532852],[106.641225,29.533037]]}},{"id":"('way', 555489351)","type":"Feature","properties":{"railway":"subway","bridge":null,"tunnel":null,"layer":null,"name":null,"base_elevation":118,"location":null,"level":null},"geometry":{"type":"LineString","coordinates":[[106.6412,29.533002],[106.641804,29.532698],[106.642061,29.532556],[106.642329,29.532408],[106.642671,29.532222],[106.643083,29.531997],[106.643126,29.531968],[106.643286,29.531882],[106.643813,29.531609],[106.644209,29.531388],[106.644828,29.531052],[106.645171,29.530851],[106.645423,29.530672],[106.645628,29.530479],[106.645806,29.53025]]}},{"id":"('way', 555489352)","type":"Feature","properties":{"railway":"subway","bridge":"viaduct","tunnel":null,"layer":"3","name":null,"base_elevation":86,"location":null,"level":null},"geometry":{"type":"LineString","coordinates":[[106.645806,29.53025],[106.646053,29.52994],[106.646195,29.529751],[106.646375,29.529604],[106.646571,29.529468],[106.646841,29.529323],[106.64729,29.529125],[106.647892,29.528917],[106.648596,29.528663],[106.649053,29.528517],[106.649752,29.528286]]}},{"id":"('way', 555489363)","type":"Feature","properties":{"railway":"subway","bridge":null,"tunnel":null,"layer":null,"name":null,"base_elevation":118,"location":null,"level":null},"geometry":{"type":"LineString","coordinates":[[106.643083,29.531997],[106.64275,29.532138],[106.642489,29.532211],[106.642064,29.532275],[106.641776,29.532294],[106.641614,29.532292],[106.641225,29.532306],[106.641191,29.532305],[106.641041,29.532344],[106.64078,29.532415]]}},{"id":"('way', 555489364)","type":"Feature","properties":{"railway":"subway","bridge":null,"tunnel":null,"layer":null,"name":null,"base_elevation":120,"location":null,"level":null},"geometry":{"type":"LineString","coordinates":[[106.64091,29.532597],[106.641117,29.532539],[106.641282,29.532488],[106.641514,29.532459],[106.641929,29.532412],[106.642222,29.532372],[106.64244,29.532309],[106.642671,29.532222]]}},{"id":"('way', 555489365)","type":"Feature","properties":{"railway":"subway","bridge":null,"tunnel":null,"layer":null,"name":null,"base_elevation":124,"location":null,"level":null},"geometry":{"type":"LineString","coordinates":[[106.642329,29.532408],[106.64198,29.532532],[106.641662,29.532616],[106.641335,29.532679],[106.641023,29.532755]]}},{"id":"('way', 555489366)","type":"Feature","properties":{"railway":"subway","bridge":"viaduct","tunnel":null,"layer":"3","name":null,"base_elevation":86,"location":null,"level":null},"geometry":{"type":"LineString","coordinates":[[106.64983,29.52843],[106.649137,29.528685],[106.648516,29.528878],[106.647844,29.52913],[106.647439,29.529326],[106.646957,29.529626],[106.646455,29.529995],[106.646122,29.530296],[106.645891,29.530483]]}},{"id":"('way', 562710301)","type":"Feature","properties":{"railway":"rail","bridge":null,"tunnel":null,"layer":null,"name":null,"base_elevation":118,"location":null,"level":null},"geometry":{"type":"LineString","coordinates":[[106.557501,29.611995],[106.556503,29.612012],[106.555703,29.612127],[106.555248,29.6122],[106.554592,29.612308]]}},{"id":"('way', 562796072)","type":"Feature","properties":{"railway":"rail","bridge":null,"tunnel":null,"layer":null,"name":null,"base_elevation":102,"location":null,"level":null},"geometry":{"type":"LineString","coordinates":[[106.553006,29.611636],[106.555933,29.611336],[106.556167,29.611312],[106.557478,29.611178],[106.55802,29.611147],[106.558451,29.611161],[106.558877,29.611186],[106.559467,29.61126],[106.559872,29.611368],[106.560418,29.611553],[106.561031,29.611774],[106.561407,29.611926],[106.561775,29.612117],[106.562194,29.612404]]}},{"id":"('way', 563225172)","type":"Feature","properties":{"railway":"rail","bridge":null,"tunnel":null,"layer":null,"name":"\u673a\u8d70\u7ebf","base_elevation":62,"location":null,"level":null},"geometry":{"type":"LineString","coordinates":[[106.543652,29.55224],[106.543278,29.552015],[106.542903,29.551847]]}},{"id":"('way', 563225173)","type":"Feature","properties":{"railway":"rail","bridge":null,"tunnel":null,"layer":null,"name":"\u673a\u8d70\u7ebf","base_elevation":57,"location":null,"level":null},"geometry":{"type":"LineString","coordinates":[[106.539129,29.549741],[106.542903,29.551847],[106.543243,29.552065],[106.543622,29.552283]]}},{"id":"('way', 563225174)","type":"Feature","properties":{"railway":"rail","bridge":null,"tunnel":null,"layer":null,"name":"\u673a\u8d70\u7ebf","base_elevation":62,"location":null,"level":null},"geometry":{"type":"LineString","coordinates":[[106.543524,29.552402],[106.543156,29.55219],[106.542877,29.552066],[106.539193,29.55001],[106.538574,29.549659],[106.538112,29.549364],[106.537634,29.549045],[106.537389,29.548888],[106.536715,29.548505]]}},{"id":"('way', 563225175)","type":"Feature","properties":{"railway":"rail","bridge":null,"tunnel":null,"layer":null,"name":"\u673a\u8d70\u7ebf","base_elevation":65,"location":null,"level":null},"geometry":{"type":"LineString","coordinates":[[106.543503,29.55244],[106.54315,29.55224],[106.542877,29.552066]]}},{"id":"('way', 563225176)","type":"Feature","properties":{"railway":"rail","bridge":null,"tunnel":null,"layer":null,"name":null,"base_elevation":57,"location":null,"level":null},"geometry":{"type":"LineString","coordinates":[[106.537247,29.548703],[106.537608,29.548869],[106.537856,29.549001],[106.538128,29.549155],[106.539129,29.549741],[106.539571,29.549945],[106.53987,29.550095],[106.542941,29.551805],[106.543081,29.551883],[106.543278,29.552015]]}},{"id":"('way', 563225177)","type":"Feature","properties":{"railway":"rail","bridge":null,"tunnel":null,"layer":null,"name":null,"base_elevation":58,"location":null,"level":null},"geometry":{"type":"LineString","coordinates":[[106.543243,29.552065],[106.543022,29.551965],[106.542882,29.551886],[106.538484,29.549428],[106.538163,29.549239],[106.537911,29.549087],[106.537247,29.548703],[106.536609,29.548346],[106.536359,29.548204],[106.535876,29.547881],[106.535394,29.547548]]}},{"id":"('way', 563225178)","type":"Feature","properties":{"railway":"rail","bridge":null,"tunnel":null,"layer":null,"name":null,"base_elevation":59,"location":null,"level":null},"geometry":{"type":"LineString","coordinates":[[106.536419,29.548302],[106.536603,29.548396],[106.53724,29.54876],[106.537417,29.548855],[106.537708,29.549035],[106.538097,29.5493],[106.538575,29.549606],[106.542913,29.552032],[106.543156,29.55219]]}},{"id":"('way', 563225180)","type":"Feature","properties":{"railway":"rail","bridge":null,"tunnel":null,"layer":null,"name":null,"base_elevation":70,"location":null,"level":null},"geometry":{"type":"LineString","coordinates":[[106.537219,29.548973],[106.537811,29.549429],[106.538144,29.549666],[106.538458,29.54988],[106.538802,29.550088],[106.542723,29.552284],[106.543032,29.55242]]}},{"id":"('way', 563225181)","type":"Feature","properties":{"railway":"rail","bridge":null,"tunnel":null,"layer":null,"name":"\u673a\u8d70\u7ebf","base_elevation":68,"location":null,"level":null},"geometry":{"type":"LineString","coordinates":[[106.543401,29.552564],[106.543064,29.552383],[106.542775,29.55226]]}},{"id":"('way', 579557005)","type":"Feature","properties":{"railway":"rail","bridge":null,"tunnel":null,"layer":null,"name":"\u6e1d\u6000\u7ebf","base_elevation":100,"location":null,"level":null},"geometry":{"type":"LineString","coordinates":[[106.538315,29.611877],[106.538662,29.611868],[106.53924,29.61183],[106.539698,29.611807],[106.539935,29.611796],[106.540752,29.611757],[106.541313,29.611791],[106.541782,29.611807]]}},{"id":"('way', 579557006)","type":"Feature","properties":{"railway":"rail","bridge":null,"tunnel":null,"layer":null,"name":null,"base_elevation":97,"location":null,"level":null},"geometry":{"type":"LineString","coordinates":[[106.537479,29.611858],[106.538303,29.611819],[106.538674,29.611802],[106.54022,29.611728],[106.541362,29.611674],[106.543925,29.611552],[106.550013,29.611263],[106.551859,29.611175],[106.552493,29.611145],[106.552791,29.61113],[106.55343,29.6111],[106.554036,29.611071],[106.554574,29.611045],[106.55511,29.61102]]}},{"id":"('way', 579561721)","type":"Feature","properties":{"railway":"rail","bridge":null,"tunnel":null,"layer":null,"name":null,"base_elevation":99,"location":null,"level":null},"geometry":{"type":"LineString","coordinates":[[106.551859,29.611175],[106.550993,29.611284],[106.550021,29.611407],[106.54965,29.611438],[106.547191,29.611544],[106.543933,29.611704],[106.542999,29.611739],[106.542484,29.611793]]}},{"id":"('way', 584176192)","type":"Feature","properties":{"railway":"subway","bridge":"yes","tunnel":null,"layer":"1","name":"\u73af\u7ebf","base_elevation":64,"location":null,"level":null},"geometry":{"type":"LineString","coordinates":[[106.569462,29.587829],[106.582255,29.588715],[106.583891,29.588788]]}},{"id":"('way', 584178337)","type":"Feature","properties":{"railway":"monorail","bridge":"viaduct","tunnel":null,"layer":"1","name":"2\u53f7\u7ebf","base_elevation":72,"location":null,"level":null},"geometry":{"type":"LineString","coordinates":[[106.517738,29.548986],[106.517865,29.54922],[106.517998,29.549422],[106.518191,29.549617],[106.518437,29.549814],[106.518663,29.549929],[106.518867,29.550022],[106.519061,29.550097],[106.519282,29.550175],[106.523453,29.551384],[106.523658,29.55144],[106.523856,29.551488],[106.524055,29.551521],[106.524254,29.551541],[106.524457,29.551543],[106.525021,29.551537],[106.525192,29.551544],[106.525376,29.551552],[106.525466,29.551555],[106.526024,29.551596],[106.526282,29.551615],[106.526556,29.551652],[106.527088,29.551798],[106.527756,29.55209],[106.528395,29.552417],[106.529034,29.552756],[106.529378,29.552927],[106.529583,29.55302],[106.529805,29.553103],[106.530144,29.553205],[106.531326,29.553502],[106.531528,29.553561],[106.531734,29.553643],[106.531936,29.553739],[106.53215,29.553881],[106.532282,29.553985],[106.533535,29.555211]]}},{"id":"('way', 631572307)","type":"Feature","properties":{"railway":"rail","bridge":null,"tunnel":null,"layer":null,"name":null,"base_elevation":93,"location":null,"level":null},"geometry":{"type":"LineString","coordinates":[[106.635439,29.61399],[106.637514,29.614044],[106.637753,29.614011],[106.63794,29.613995],[106.63824,29.613932],[106.638633,29.613782],[106.639223,29.613414],[106.639584,29.613196],[106.639931,29.612918]]}},{"id":"('way', 631572308)","type":"Feature","properties":{"railway":"rail","bridge":null,"tunnel":null,"layer":null,"name":null,"base_elevation":92,"location":null,"level":null},"geometry":{"type":"LineString","coordinates":[[106.639223,29.613414],[106.638966,29.613634],[106.638687,29.613835],[106.6384,29.614036],[106.637602,29.61444],[106.637131,29.614683],[106.636837,29.614785],[106.636734,29.614821],[106.636224,29.614876],[106.635674,29.614865]]}},{"id":"('way', 631572309)","type":"Feature","properties":{"railway":"rail","bridge":null,"tunnel":null,"layer":null,"name":null,"base_elevation":94,"location":null,"level":null},"geometry":{"type":"LineString","coordinates":[[106.639584,29.613196],[106.639217,29.613485],[106.638936,29.613707]]}},{"id":"('way', 631572893)","type":"Feature","properties":{"railway":"platform","bridge":null,"tunnel":null,"layer":null,"name":null,"base_elevation":70,"location":null,"level":null},"geometry":{"type":"Polygon","coordinates":[[[106.543156,29.552537],[106.543124,29.552579],[106.543096,29.552618],[106.542511,29.552292],[106.539473,29.550593],[106.539059,29.550349],[106.538754,29.550149],[106.538801,29.550107],[106.539137,29.550298],[106.539833,29.550687],[106.542648,29.552256],[106.543156,29.552537]]]}},{"id":"('way', 631572894)","type":"Feature","properties":{"railway":"platform","bridge":null,"tunnel":null,"layer":null,"name":null,"base_elevation":62,"location":null,"level":null},"geometry":{"type":"Polygon","coordinates":[[[106.538274,29.549554],[106.53852,29.549712],[106.538972,29.549964],[106.540823,29.551003],[106.542721,29.55206],[106.54305,29.552221],[106.543299,29.552355],[106.543222,29.55246],[106.542978,29.552314],[106.542776,29.552178],[106.538882,29.549998],[106.538571,29.549812],[106.538241,29.549595],[106.538274,29.549554]]]}},{"id":"('way', 631572895)","type":"Feature","properties":{"railway":"platform","bridge":null,"tunnel":null,"layer":null,"name":null,"base_elevation":57,"location":null,"level":null},"geometry":{"type":"Polygon","coordinates":[[[106.538342,29.549434],[106.538378,29.549386],[106.538734,29.549589],[106.539233,29.549866],[106.539867,29.55022],[106.543011,29.551981],[106.543242,29.552086],[106.543424,29.552187],[106.543348,29.552291],[106.543068,29.552121],[106.542903,29.55201],[106.538829,29.549733],[106.538632,29.549617],[106.538342,29.549434]]]}},{"id":"('way', 658745467)","type":"Feature","properties":{"railway":"subway","bridge":"yes","tunnel":null,"layer":"1","name":"4\u53f7\u7ebf","base_elevation":95,"location":null,"level":null},"geometry":{"type":"LineString","coordinates":[[106.609696,29.626931],[106.608589,29.626813],[106.608192,29.626741],[106.607729,29.626605],[106.607321,29.626439],[106.607003,29.626283],[106.606487,29.625968],[106.605593,29.625411]]}},{"id":"('way', 658745471)","type":"Feature","properties":{"railway":"subway","bridge":null,"tunnel":null,"layer":null,"name":null,"base_elevation":98,"location":null,"level":null},"geometry":{"type":"LineString","coordinates":[[106.654247,29.605516],[106.655005,29.605971],[106.655382,29.60625],[106.655694,29.606571],[106.655727,29.606606],[106.655969,29.606864],[106.656047,29.606964],[106.65651,29.607465],[106.656601,29.607564],[106.656699,29.607673],[106.656974,29.607902],[106.657066,29.607968],[106.657158,29.608033],[106.657251,29.60809],[106.657361,29.608142],[106.657489,29.60819],[106.657661,29.608241],[106.657861,29.6083],[106.658033,29.60835],[106.658131,29.608388],[106.658217,29.608422],[106.658298,29.608463],[106.658429,29.608541],[106.658519,29.608594],[106.658846,29.608791]]}},{"id":"('way', 658745473)","type":"Feature","properties":{"railway":"subway","bridge":"yes","tunnel":null,"layer":"1","name":null,"base_elevation":74,"location":null,"level":null},"geometry":{"type":"LineString","coordinates":[[106.638744,29.608718],[106.63944,29.608676],[106.639701,29.608664],[106.639963,29.608653]]}},{"id":"('way', 658745475)","type":"Feature","properties":{"railway":"subway","bridge":null,"tunnel":null,"layer":null,"name":null,"base_elevation":113,"location":null,"level":null},"geometry":{"type":"LineString","coordinates":[[106.656264,29.607283],[106.656509,29.607556],[106.656721,29.607768],[106.656964,29.608029],[106.657112,29.608185],[106.657447,29.60854],[106.657524,29.608619],[106.657588,29.608675],[106.657684,29.608754],[106.657895,29.608919],[106.657916,29.608935]]}},{"id":"('way', 658867537)","type":"Feature","properties":{"railway":"subway","bridge":"yes","tunnel":null,"layer":"2","name":null,"base_elevation":83,"location":null,"level":null},"geometry":{"type":"LineString","coordinates":[[106.576295,29.520394],[106.576007,29.520469],[106.575741,29.520606],[106.575564,29.520727],[106.575407,29.520881],[106.575263,29.521058],[106.575144,29.521294],[106.575058,29.521534],[106.575023,29.521746],[106.575043,29.521974],[106.575104,29.522173],[106.575204,29.522372],[106.57533,29.522569],[106.575583,29.522818],[106.576288,29.523458],[106.576576,29.523816],[106.576793,29.524186]]}},{"id":"('way', 658867539)","type":"Feature","properties":{"railway":"subway","bridge":null,"tunnel":null,"layer":null,"name":null,"base_elevation":103,"location":null,"level":null},"geometry":{"type":"LineString","coordinates":[[106.57834,29.521144],[106.57823,29.521061],[106.577899,29.520808],[106.577854,29.520774],[106.577817,29.520746],[106.577622,29.520602],[106.577407,29.52049],[106.577165,29.520403],[106.576855,29.520357],[106.576575,29.520352],[106.576295,29.520394]]}},{"id":"('way', 658867541)","type":"Feature","properties":{"railway":"subway","bridge":null,"tunnel":null,"layer":null,"name":"\u73af\u7ebf","base_elevation":100,"location":null,"level":null},"geometry":{"type":"LineString","coordinates":[[106.540243,29.521716],[106.540507,29.521658],[106.541654,29.521406]]}},{"id":"('way', 658867546)","type":"Feature","properties":{"railway":"subway","bridge":null,"tunnel":null,"layer":"-1","name":"\u73af\u7ebf","base_elevation":90,"location":null,"level":null},"geometry":{"type":"LineString","coordinates":[[106.533898,29.522432],[106.535014,29.522467],[106.535655,29.522486],[106.536381,29.522485],[106.537104,29.522421]]}},{"id":"('way', 658867548)","type":"Feature","properties":{"railway":"subway","bridge":null,"tunnel":null,"layer":null,"name":"\u73af\u7ebf","base_elevation":112,"location":null,"level":null},"geometry":{"type":"LineString","coordinates":[[106.516754,29.522822],[106.517511,29.52282]]}},{"id":"('way', 671273725)","type":"Feature","properties":{"railway":"rail","bridge":null,"tunnel":null,"layer":null,"name":null,"base_elevation":138,"location":null,"level":null},"geometry":{"type":"LineString","coordinates":[[106.562844,29.613069],[106.563022,29.613354],[106.563164,29.613652],[106.563263,29.613924]]}},{"id":"('way', 671273727)","type":"Feature","properties":{"railway":"rail","bridge":null,"tunnel":null,"layer":null,"name":null,"base_elevation":104,"location":null,"level":null},"geometry":{"type":"LineString","coordinates":[[106.551858,29.61185],[106.551346,29.61193],[106.550964,29.611997],[106.550194,29.612139],[106.549662,29.612191],[106.54464,29.612416],[106.543974,29.612382],[106.542908,29.612278],[106.542411,29.612173]]}},{"id":"('way', 671273729)","type":"Feature","properties":{"railway":"rail","bridge":null,"tunnel":null,"layer":null,"name":"\u90d1\u6e1d\u9ad8\u901f\u7ebf","base_elevation":108,"location":null,"level":null},"geometry":{"type":"LineString","coordinates":[[106.566099,29.618335],[106.565851,29.618048],[106.565598,29.617748],[106.565392,29.61747],[106.56517,29.617161],[106.564909,29.616695],[106.564243,29.615457],[106.563949,29.615006]]}},{"id":"('way', 671273732)","type":"Feature","properties":{"railway":"rail","bridge":null,"tunnel":null,"layer":null,"name":null,"base_elevation":131,"location":null,"level":null},"geometry":{"type":"LineString","coordinates":[[106.563373,29.614509],[106.563378,29.614731]]}},{"id":"('way', 671273733)","type":"Feature","properties":{"railway":"rail","bridge":"yes","tunnel":null,"layer":"1","name":null,"base_elevation":131,"location":null,"level":null},"geometry":{"type":"LineString","coordinates":[[106.563378,29.614731],[106.563402,29.615776]]}},{"id":"('way', 671273734)","type":"Feature","properties":{"railway":"rail","bridge":null,"tunnel":null,"layer":null,"name":null,"base_elevation":102,"location":null,"level":null},"geometry":{"type":"LineString","coordinates":[[106.563402,29.615776],[106.563409,29.616302],[106.563435,29.616609],[106.563482,29.616862],[106.563587,29.617171],[106.563707,29.617415],[106.563857,29.617672],[106.564014,29.617914],[106.564238,29.618154],[106.564455,29.618352],[106.564707,29.618557],[106.564963,29.618741],[106.565457,29.619036],[106.566999,29.619885],[106.567518,29.620162]]}},{"id":"('way', 671275835)","type":"Feature","properties":{"railway":"rail","bridge":null,"tunnel":null,"layer":null,"name":null,"base_elevation":102,"location":null,"level":null},"geometry":{"type":"LineString","coordinates":[[106.552449,29.611787],[106.552763,29.611779],[106.553021,29.611772]]}},{"id":"('way', 671275836)","type":"Feature","properties":{"railway":"rail","bridge":null,"tunnel":null,"layer":null,"name":null,"base_elevation":116,"location":null,"level":null},"geometry":{"type":"LineString","coordinates":[[106.554825,29.611497],[106.555392,29.611488]]}},{"id":"('way', 671275837)","type":"Feature","properties":{"railway":"rail","bridge":null,"tunnel":null,"layer":null,"name":null,"base_elevation":104,"location":null,"level":null},"geometry":{"type":"LineString","coordinates":[[106.551862,29.611891],[106.551003,29.61209],[106.5501,29.612311],[106.549787,29.612363],[106.549597,29.612377],[106.544939,29.6126],[106.544505,29.612594],[106.544275,29.612568],[106.544046,29.61253],[106.543248,29.612404],[106.54274,29.612317],[106.541977,29.612131]]}},{"id":"('way', 671275838)","type":"Feature","properties":{"railway":"rail","bridge":null,"tunnel":null,"layer":null,"name":null,"base_elevation":100,"location":null,"level":null},"geometry":{"type":"LineString","coordinates":[[106.54274,29.612317],[106.542212,29.612233],[106.541554,29.612136],[106.54072,29.612098],[106.540065,29.612067],[106.539249,29.612085],[106.536684,29.612202]]}},{"id":"('way', 671275839)","type":"Feature","properties":{"railway":"rail","bridge":null,"tunnel":null,"layer":null,"name":null,"base_elevation":100,"location":null,"level":null},"geometry":{"type":"LineString","coordinates":[[106.536678,29.612155],[106.539257,29.612025],[106.540066,29.612005],[106.540347,29.61201],[106.541121,29.612059]]}},{"id":"('way', 671275840)","type":"Feature","properties":{"railway":"rail","bridge":null,"tunnel":null,"layer":null,"name":null,"base_elevation":105,"location":null,"level":null},"geometry":{"type":"LineString","coordinates":[[106.542908,29.612278],[106.543722,29.612417],[106.544128,29.612466],[106.544657,29.612466],[106.549663,29.612226],[106.550246,29.612165],[106.550964,29.611997]]}},{"id":"('way', 671275841)","type":"Feature","properties":{"railway":"rail","bridge":null,"tunnel":null,"layer":null,"name":null,"base_elevation":107,"location":null,"level":null},"geometry":{"type":"LineString","coordinates":[[106.551003,29.61209],[106.550382,29.612285],[106.550152,29.612333],[106.549783,29.612398],[106.549607,29.612415],[106.544937,29.612635],[106.54444,29.612624],[106.544172,29.612602],[106.543852,29.61255],[106.543248,29.612404]]}},{"id":"('way', 671275842)","type":"Feature","properties":{"railway":"rail","bridge":null,"tunnel":null,"layer":null,"name":null,"base_elevation":103,"location":null,"level":null},"geometry":{"type":"LineString","coordinates":[[106.542212,29.612233],[106.541758,29.612227],[106.541458,29.612265],[106.54125,29.612313],[106.541015,29.612394],[106.540731,29.612522],[106.540543,29.612635],[106.540307,29.61282],[106.540169,29.612914],[106.540032,29.613],[106.539704,29.613145],[106.539437,29.613206],[106.539126,29.613269],[106.53876,29.613321],[106.538591,29.613306],[106.538204,29.613312],[106.537928,29.613285],[106.536352,29.613243],[106.535937,29.613227],[106.535532,29.613173],[106.535034,29.613065]]}},{"id":"('way', 671291030)","type":"Feature","properties":{"railway":"rail","bridge":null,"tunnel":null,"layer":null,"name":null,"base_elevation":104,"location":null,"level":null},"geometry":{"type":"LineString","coordinates":[[106.552598,29.61249],[106.551576,29.612593],[106.55116,29.612608],[106.550883,29.612604],[106.550271,29.612574],[106.549841,29.612566],[106.549597,29.612576],[106.544765,29.612801],[106.544113,29.61286],[106.543421,29.613011],[106.543126,29.613098],[106.542877,29.613172],[106.54187,29.613307],[106.54119,29.613398]]}},{"id":"('way', 671291031)","type":"Feature","properties":{"railway":"rail","bridge":null,"tunnel":null,"layer":null,"name":null,"base_elevation":118,"location":null,"level":null},"geometry":{"type":"LineString","coordinates":[[106.552598,29.61249],[106.554733,29.612133],[106.555057,29.612114],[106.555375,29.612086]]}},{"id":"('way', 671291032)","type":"Feature","properties":{"railway":"rail","bridge":null,"tunnel":null,"layer":null,"name":null,"base_elevation":104,"location":null,"level":null},"geometry":{"type":"LineString","coordinates":[[106.54187,29.613307],[106.541234,29.613336],[106.540335,29.613341],[106.539587,29.613329],[106.53876,29.613321]]}},{"id":"('way', 671291033)","type":"Feature","properties":{"railway":"rail","bridge":null,"tunnel":null,"layer":null,"name":null,"base_elevation":111,"location":null,"level":null},"geometry":{"type":"LineString","coordinates":[[106.535376,29.6132],[106.53589,29.613284],[106.536645,29.613294],[106.537608,29.613328],[106.538204,29.613312]]}},{"id":"('way', 671291034)","type":"Feature","properties":{"railway":"rail","bridge":null,"tunnel":null,"layer":null,"name":null,"base_elevation":113,"location":null,"level":null},"geometry":{"type":"LineString","coordinates":[[106.550883,29.612604],[106.549989,29.612605],[106.549608,29.612608],[106.54477,29.612844],[106.544109,29.612906],[106.543544,29.613006],[106.543126,29.613098]]}},{"id":"('way', 671291035)","type":"Feature","properties":{"railway":"rail","bridge":null,"tunnel":null,"layer":null,"name":"\u6caa\u84c9\u7ebf","base_elevation":106,"location":null,"level":null},"geometry":{"type":"LineString","coordinates":[[106.557513,29.611833],[106.557074,29.611839],[106.556498,29.611911],[106.55576,29.612022],[106.555375,29.612086],[106.554746,29.612189],[106.554056,29.612303],[106.553818,29.612342],[106.553447,29.612395],[106.552624,29.612535],[106.552242,29.612599],[106.550656,29.612871],[106.549614,29.61299],[106.547324,29.613098]]}},{"id":"('way', 671291036)","type":"Feature","properties":{"railway":"rail","bridge":null,"tunnel":null,"layer":null,"name":null,"base_elevation":116,"location":null,"level":null},"geometry":{"type":"LineString","coordinates":[[106.552598,29.61249],[106.552012,29.612589],[106.551596,29.612659],[106.550584,29.612819],[106.550111,29.612906],[106.549614,29.612947],[106.543972,29.613216],[106.542702,29.613275],[106.542244,29.613348]]}},{"id":"('way', 671291037)","type":"Feature","properties":{"railway":"rail","bridge":null,"tunnel":null,"layer":null,"name":null,"base_elevation":114,"location":null,"level":null},"geometry":{"type":"LineString","coordinates":[[106.542702,29.613275],[106.543091,29.613216],[106.543319,29.613181],[106.544236,29.613073],[106.544894,29.613017],[106.549547,29.612784],[106.55074,29.612735],[106.550959,29.612719],[106.551596,29.612659]]}},{"id":"('way', 671291038)","type":"Feature","properties":{"railway":"rail","bridge":null,"tunnel":null,"layer":null,"name":null,"base_elevation":114,"location":null,"level":null},"geometry":{"type":"LineString","coordinates":[[106.550959,29.612719],[106.549867,29.612739],[106.544233,29.61301],[106.543091,29.613216]]}},{"id":"('way', 671291039)","type":"Feature","properties":{"railway":"rail","bridge":null,"tunnel":null,"layer":null,"name":null,"base_elevation":104,"location":null,"level":null},"geometry":{"type":"LineString","coordinates":[[106.541093,29.61345],[106.541786,29.613463],[106.542537,29.613432],[106.549629,29.613075],[106.550252,29.613017],[106.551683,29.612787],[106.552303,29.61268],[106.553012,29.612564]]}},{"id":"('way', 671291040)","type":"Feature","properties":{"railway":"rail","bridge":null,"tunnel":null,"layer":null,"name":null,"base_elevation":117,"location":null,"level":null},"geometry":{"type":"LineString","coordinates":[[106.551683,29.612787],[106.551247,29.612898],[106.550969,29.612989],[106.550437,29.61316],[106.550013,29.613247],[106.549662,29.613273],[106.544384,29.61353],[106.54382,29.613501],[106.543339,29.613463],[106.543146,29.613448],[106.542537,29.613432]]}},{"id":"('way', 671291041)","type":"Feature","properties":{"railway":"rail","bridge":null,"tunnel":null,"layer":null,"name":null,"base_elevation":118,"location":null,"level":null},"geometry":{"type":"LineString","coordinates":[[106.543146,29.613448],[106.544004,29.61347],[106.544399,29.613481],[106.549661,29.613228],[106.549951,29.613195],[106.550416,29.613111],[106.551247,29.612898]]}},{"id":"('way', 671291042)","type":"Feature","properties":{"railway":"rail","bridge":null,"tunnel":null,"layer":null,"name":null,"base_elevation":106,"location":null,"level":null},"geometry":{"type":"LineString","coordinates":[[106.555216,29.612155],[106.554911,29.61223],[106.554592,29.612308],[106.553478,29.612484],[106.553012,29.612564],[106.551631,29.61289],[106.551157,29.613064],[106.5507,29.613207],[106.550196,29.613336],[106.549992,29.613386],[106.549676,29.613422],[106.544585,29.613667],[106.544228,29.613655],[106.543785,29.613625],[106.543194,29.613602],[106.543051,29.61359],[106.542274,29.613513],[106.541786,29.613463]]}},{"id":"('way', 671291043)","type":"Feature","properties":{"railway":"rail","bridge":null,"tunnel":null,"layer":null,"name":null,"base_elevation":118,"location":null,"level":null},"geometry":{"type":"LineString","coordinates":[[106.543194,29.613602],[106.543996,29.613675],[106.544577,29.613698],[106.544918,29.613687],[106.549678,29.613461],[106.550021,29.613426],[106.550612,29.613292],[106.551157,29.613064]]}},{"id":"('way', 671961250)","type":"Feature","properties":{"railway":"rail","bridge":null,"tunnel":null,"layer":null,"name":null,"base_elevation":14,"location":null,"level":null},"geometry":{"type":"LineString","coordinates":[[106.530019,29.502642],[106.530298,29.502499],[106.53124,29.502042],[106.531689,29.50183],[106.531923,29.501714],[106.532549,29.501344],[106.53472,29.500016],[106.535517,29.49954],[106.536353,29.499043],[106.537988,29.498045],[106.538254,29.497875],[106.53871,29.497548],[106.539126,29.497249],[106.539632,29.496886],[106.540181,29.496492],[106.540537,29.496235],[106.540681,29.496132],[106.540818,29.496032],[106.541148,29.495794],[106.541291,29.495695]]}},{"id":"('way', 672164470)","type":"Feature","properties":{"railway":"subway","bridge":"yes","tunnel":null,"layer":"2","name":"4\u53f7\u7ebf","base_elevation":39,"location":null,"level":null},"geometry":{"type":"LineString","coordinates":[[106.605593,29.625411],[106.605159,29.62519],[106.604762,29.625039],[106.604426,29.624948],[106.604073,29.624884],[106.602355,29.624654],[106.600336,29.624396],[106.599816,29.62438],[106.599345,29.62442],[106.598841,29.624523],[106.597485,29.624838],[106.596501,29.625021],[106.591452,29.625879],[106.590866,29.625975],[106.590276,29.626057]]}},{"id":"('way', 689863040)","type":"Feature","properties":{"railway":"monorail","bridge":null,"tunnel":null,"layer":null,"name":"3\u53f7\u7ebf","base_elevation":147,"location":null,"level":null},"geometry":{"type":"LineString","coordinates":[[106.531795,29.602971],[106.531108,29.60305],[106.530613,29.603093],[106.530238,29.603102],[106.52987,29.603099]]}},{"id":"('way', 697308379)","type":"Feature","properties":{"railway":"rail","bridge":null,"tunnel":null,"layer":null,"name":null,"base_elevation":15,"location":null,"level":null},"geometry":{"type":"LineString","coordinates":[[106.540585,29.497428],[106.540215,29.497551],[106.540031,29.497634],[106.53975,29.497789],[106.539588,29.497882],[106.539387,29.498031],[106.539248,29.498137],[106.539,29.498322],[106.538848,29.498417],[106.538815,29.498437],[106.535837,29.500256],[106.535193,29.500632],[106.534742,29.500896],[106.534444,29.501048],[106.534158,29.501185],[106.533818,29.501318],[106.533788,29.501328],[106.533598,29.50139],[106.533117,29.50152],[106.532656,29.501644],[106.532318,29.501737]]}},{"id":"('way', 758827952)","type":"Feature","properties":{"railway":"rail","bridge":"viaduct","tunnel":null,"layer":"1","name":"\u6caa\u84c9\u7ebf","base_elevation":81,"location":null,"level":null},"geometry":{"type":"LineString","coordinates":[[106.570977,29.621325],[106.571527,29.621637],[106.571977,29.621886],[106.57241,29.62217],[106.572873,29.622539],[106.573345,29.622948],[106.573701,29.62332],[106.574,29.623623]]}},{"id":"('way', 758827953)","type":"Feature","properties":{"railway":"rail","bridge":null,"tunnel":null,"layer":null,"name":"\u6caa\u84c9\u7ebf","base_elevation":102,"location":null,"level":null},"geometry":{"type":"LineString","coordinates":[[106.574,29.623623],[106.577292,29.627968]]}},{"id":"('way', 767445055)","type":"Feature","properties":{"railway":"monorail","bridge":"yes","tunnel":null,"layer":"3","name":"3\u53f7\u7ebf","base_elevation":54,"location":null,"level":null},"geometry":{"type":"LineString","coordinates":[[106.547927,29.538719],[106.547845,29.539037],[106.547821,29.539367],[106.547799,29.540001],[106.547319,29.553115],[106.547286,29.553315],[106.547242,29.5535],[106.547135,29.553809],[106.547044,29.554069],[106.546924,29.554291]]}},{"id":"('way', 772417047)","type":"Feature","properties":{"railway":"rail","bridge":null,"tunnel":null,"layer":null,"name":"\u6caa\u84c9\u7ebf","base_elevation":104,"location":null,"level":null},"geometry":{"type":"LineString","coordinates":[[106.547324,29.613098],[106.542244,29.613348],[106.54119,29.613398],[106.535178,29.613678]]}},{"id":"('way', 772421402)","type":"Feature","properties":{"railway":"platform","bridge":null,"tunnel":null,"layer":null,"name":null,"base_elevation":108,"location":null,"level":null},"geometry":{"type":"Polygon","coordinates":[[[106.549857,29.610785],[106.549868,29.610968],[106.544199,29.611251],[106.544187,29.611068],[106.549857,29.610785]]]}},{"id":"('way', 772422123)","type":"Feature","properties":{"railway":"platform","bridge":null,"tunnel":null,"layer":null,"name":null,"base_elevation":117,"location":null,"level":null},"geometry":{"type":"Polygon","coordinates":[[[106.544997,29.613095],[106.549635,29.612865],[106.549888,29.612852],[106.549886,29.612817],[106.549632,29.612812],[106.544994,29.613042],[106.54453,29.613071],[106.544203,29.613111],[106.544202,29.613148],[106.544538,29.61312],[106.544997,29.613095]]]}},{"id":"('way', 772422124)","type":"Feature","properties":{"railway":"platform","bridge":null,"tunnel":null,"layer":null,"name":null,"base_elevation":119,"location":null,"level":null},"geometry":{"type":"Polygon","coordinates":[[[106.54422,29.613415],[106.544218,29.613378],[106.544596,29.613365],[106.545011,29.613339],[106.549649,29.613109],[106.549901,29.613093],[106.549901,29.613136],[106.549652,29.61316],[106.545015,29.61339],[106.544594,29.61341],[106.54422,29.613415]]]}},{"id":"('way', 772422125)","type":"Feature","properties":{"railway":"platform","bridge":null,"tunnel":null,"layer":null,"name":null,"base_elevation":128,"location":null,"level":null},"geometry":{"type":"Polygon","coordinates":[[[106.545038,29.61371],[106.549679,29.613488],[106.549688,29.613626],[106.545047,29.613848],[106.545038,29.61371]]]}},{"id":"('way', 772422126)","type":"Feature","properties":{"railway":"platform","bridge":null,"tunnel":null,"layer":null,"name":null,"base_elevation":126,"location":null,"level":null},"geometry":{"type":"Polygon","coordinates":[[[106.545031,29.61358],[106.545027,29.613524],[106.54966,29.613294],[106.549664,29.61335],[106.545031,29.61358]]]}},{"id":"('way', 772422127)","type":"Feature","properties":{"railway":"platform","bridge":null,"tunnel":null,"layer":null,"name":null,"base_elevation":115,"location":null,"level":null},"geometry":{"type":"Polygon","coordinates":[[[106.544989,29.612909],[106.544986,29.612855],[106.54962,29.612627],[106.549624,29.612681],[106.544989,29.612909]]]}},{"id":"('way', 772422128)","type":"Feature","properties":{"railway":"platform","bridge":null,"tunnel":null,"layer":null,"name":null,"base_elevation":111,"location":null,"level":null},"geometry":{"type":"Polygon","coordinates":[[[106.544972,29.612724],[106.544968,29.612672],[106.549608,29.612442],[106.549611,29.61249],[106.544972,29.612724]]]}},{"id":"('way', 772422129)","type":"Feature","properties":{"railway":"platform","bridge":null,"tunnel":null,"layer":null,"name":null,"base_elevation":109,"location":null,"level":null},"geometry":{"type":"Polygon","coordinates":[[[106.544962,29.612536],[106.544959,29.612486],[106.549594,29.612254],[106.549598,29.612304],[106.544962,29.612536]]]}},{"id":"('way', 772422130)","type":"Feature","properties":{"railway":"platform","bridge":null,"tunnel":null,"layer":null,"name":null,"base_elevation":108,"location":null,"level":null},"geometry":{"type":"Polygon","coordinates":[[[106.544953,29.612347],[106.544949,29.612293],[106.54958,29.612064],[106.549583,29.612118],[106.544953,29.612347]]]}},{"id":"('way', 772422131)","type":"Feature","properties":{"railway":"platform","bridge":null,"tunnel":null,"layer":null,"name":null,"base_elevation":108,"location":null,"level":null},"geometry":{"type":"Polygon","coordinates":[[[106.544934,29.612151],[106.544931,29.612098],[106.549572,29.611867],[106.549576,29.611921],[106.544934,29.612151]]]}},{"id":"('way', 772423481)","type":"Feature","properties":{"railway":"rail","bridge":null,"tunnel":null,"layer":null,"name":"\u90d1\u6e1d\u9ad8\u901f\u7ebf","base_elevation":102,"location":null,"level":null},"geometry":{"type":"LineString","coordinates":[[106.544162,29.612295],[106.549769,29.612025],[106.551858,29.61185],[106.552449,29.611787],[106.553031,29.611729],[106.553577,29.611673],[106.555392,29.611488],[106.557559,29.611268],[106.558103,29.611255],[106.55847,29.61127],[106.55887,29.611307],[106.559263,29.611368],[106.559636,29.611452],[106.560058,29.61156],[106.560503,29.611702],[106.560773,29.61182],[106.561071,29.611974]]}},{"id":"('way', 773885643)","type":"Feature","properties":{"railway":"subway","bridge":"yes","tunnel":null,"layer":"1","name":null,"base_elevation":86,"location":null,"level":null},"geometry":{"type":"LineString","coordinates":[[106.576793,29.524186],[106.578444,29.52752],[106.5786,29.527837]]}},{"id":"('way', 775318790)","type":"Feature","properties":{"railway":"monorail","bridge":"viaduct","tunnel":null,"layer":"1","name":"2\u53f7\u7ebf","base_elevation":67,"location":null,"level":null},"geometry":{"type":"LineString","coordinates":[[106.533494,29.555246],[106.532266,29.554009],[106.532126,29.553904],[106.531914,29.553769],[106.531714,29.553674],[106.531508,29.553594],[106.531313,29.553534],[106.530584,29.553359],[106.530118,29.553237],[106.529771,29.553132],[106.529578,29.55305],[106.529368,29.552958],[106.529022,29.552789],[106.528379,29.552445],[106.527737,29.55212],[106.527094,29.551831],[106.526792,29.55175],[106.52654,29.551691],[106.526282,29.55165],[106.526042,29.551633],[106.525446,29.551602],[106.525228,29.551588],[106.525012,29.551579],[106.524443,29.551584],[106.524246,29.551581],[106.524052,29.551564],[106.523852,29.551528],[106.523647,29.551479],[106.523447,29.551427],[106.51928,29.550208],[106.519055,29.550134],[106.518849,29.550054],[106.518635,29.54996],[106.518403,29.549837],[106.518162,29.549643],[106.517966,29.549442],[106.517819,29.549239],[106.51768,29.549006]]}},{"id":"('way', 775318792)","type":"Feature","properties":{"railway":"monorail","bridge":"viaduct","tunnel":null,"layer":"2","name":"2\u53f7\u7ebf","base_elevation":56,"location":null,"level":null},"geometry":{"type":"LineString","coordinates":[[106.567446,29.563467],[106.566907,29.563868]]}},{"id":"('way', 775956479)","type":"Feature","properties":{"railway":"rail","bridge":null,"tunnel":null,"layer":null,"name":"\u5174\u80e1\u7ebf","base_elevation":84,"location":null,"level":null},"geometry":{"type":"LineString","coordinates":[[106.593085,29.639924],[106.588768,29.64025]]}},{"id":"('way', 775956480)","type":"Feature","properties":{"railway":"rail","bridge":"viaduct","tunnel":null,"layer":null,"name":"\u5174\u80e1\u7ebf","base_elevation":54,"location":null,"level":null},"geometry":{"type":"LineString","coordinates":[[106.602067,29.639169],[106.601793,29.639207],[106.598189,29.63953],[106.593085,29.639924]]}},{"id":"('way', 775956481)","type":"Feature","properties":{"railway":"rail","bridge":null,"tunnel":null,"layer":null,"name":"\u5174\u80e1\u7ebf","base_elevation":73,"location":null,"level":null},"geometry":{"type":"LineString","coordinates":[[106.604754,29.638689],[106.602393,29.639119],[106.602067,29.639169]]}},{"id":"('way', 775956484)","type":"Feature","properties":{"railway":"rail","bridge":"viaduct","tunnel":null,"layer":null,"name":"\u5174\u80e1\u7ebf","base_elevation":77,"location":null,"level":null},"geometry":{"type":"LineString","coordinates":[[106.60574,29.638513],[106.604754,29.638689]]}},{"id":"('way', 776193707)","type":"Feature","properties":{"railway":"rail","bridge":null,"tunnel":null,"layer":null,"name":null,"base_elevation":110,"location":null,"level":null},"geometry":{"type":"LineString","coordinates":[[106.640635,29.612612],[106.640889,29.612289]]}},{"id":"('way', 776193708)","type":"Feature","properties":{"railway":"rail","bridge":null,"tunnel":null,"layer":null,"name":null,"base_elevation":82,"location":null,"level":null},"geometry":{"type":"LineString","coordinates":[[106.635113,29.620298],[106.634673,29.621009]]}},{"id":"('way', 776193709)","type":"Feature","properties":{"railway":"rail","bridge":null,"tunnel":null,"layer":null,"name":null,"base_elevation":78,"location":null,"level":null},"geometry":{"type":"LineString","coordinates":[[106.632101,29.626618],[106.632433,29.625551],[106.632809,29.624622],[106.633149,29.623681]]}},{"id":"('way', 776193712)","type":"Feature","properties":{"railway":"rail","bridge":null,"tunnel":null,"layer":null,"name":"\u6e1d\u6000\u7ebf","base_elevation":71,"location":null,"level":null},"geometry":{"type":"LineString","coordinates":[[106.664298,29.621131],[106.665341,29.622022],[106.666185,29.622555],[106.667504,29.623273],[106.668435,29.623667],[106.669749,29.624082]]}},{"id":"('way', 776193713)","type":"Feature","properties":{"railway":"rail","bridge":"viaduct","tunnel":null,"layer":"1","name":"\u6e1d\u6000\u7ebf","base_elevation":81,"location":null,"level":null},"geometry":{"type":"LineString","coordinates":[[106.661402,29.618483],[106.66366,29.620519],[106.664298,29.621131]]}},{"id":"('way', 776193714)","type":"Feature","properties":{"railway":"rail","bridge":null,"tunnel":null,"layer":null,"name":"\u6e1d\u6000\u7ebf","base_elevation":81,"location":null,"level":null},"geometry":{"type":"LineString","coordinates":[[106.660149,29.617324],[106.661402,29.618483]]}},{"id":"('way', 776193715)","type":"Feature","properties":{"railway":"rail","bridge":"yes","tunnel":null,"layer":"1","name":"\u6e1d\u6000\u7ebf","base_elevation":83,"location":null,"level":null},"geometry":{"type":"LineString","coordinates":[[106.659316,29.616525],[106.660149,29.617324]]}},{"id":"('way', 776193716)","type":"Feature","properties":{"railway":"rail","bridge":null,"tunnel":null,"layer":null,"name":"\u6e1d\u6000\u7ebf","base_elevation":83,"location":null,"level":null},"geometry":{"type":"LineString","coordinates":[[106.657,29.613737],[106.65776,29.614769],[106.658299,29.615444],[106.659316,29.616525]]}},{"id":"('way', 776193717)","type":"Feature","properties":{"railway":"rail","bridge":"yes","tunnel":null,"layer":"2","name":"\u6e1d\u6000\u7ebf","base_elevation":43,"location":null,"level":null},"geometry":{"type":"LineString","coordinates":[[106.64319,29.610273],[106.643737,29.609877],[106.644137,29.60963],[106.644529,29.609425],[106.645019,29.609208],[106.645464,29.609018],[106.645881,29.608877],[106.646346,29.608757],[106.646935,29.608621],[106.647494,29.608543],[106.648149,29.608476],[106.648807,29.608472],[106.649418,29.608509],[106.65001,29.608576],[106.650697,29.608703],[106.651517,29.608945],[106.652136,29.609146],[106.653053,29.609576],[106.653471,29.609817],[106.65404,29.610198],[106.654594,29.610671],[106.654974,29.611059],[106.655678,29.611918],[106.656117,29.612518],[106.657,29.613737]]}},{"id":"('way', 776193718)","type":"Feature","properties":{"railway":"rail","bridge":null,"tunnel":null,"layer":null,"name":null,"base_elevation":102,"location":null,"level":null},"geometry":{"type":"LineString","coordinates":[[106.55169,29.611727],[106.550072,29.611636],[106.547271,29.611774],[106.54493,29.611875],[106.543541,29.612073],[106.543045,29.612116]]}},{"id":"('way', 776193719)","type":"Feature","properties":{"railway":"rail","bridge":null,"tunnel":null,"layer":null,"name":null,"base_elevation":102,"location":null,"level":null},"geometry":{"type":"LineString","coordinates":[[106.53676,29.611842],[106.537479,29.611858],[106.537915,29.611868],[106.538315,29.611877]]}},{"id":"('way', 776193720)","type":"Feature","properties":{"railway":"rail","bridge":null,"tunnel":null,"layer":null,"name":null,"base_elevation":102,"location":null,"level":null},"geometry":{"type":"LineString","coordinates":[[106.538303,29.611819],[106.537915,29.611868],[106.537493,29.611916]]}},{"id":"('way', 776193722)","type":"Feature","properties":{"railway":"rail","bridge":null,"tunnel":null,"layer":null,"name":null,"base_elevation":100,"location":null,"level":null},"geometry":{"type":"LineString","coordinates":[[106.53924,29.61183],[106.538674,29.611802]]}},{"id":"('way', 776193723)","type":"Feature","properties":{"railway":"rail","bridge":null,"tunnel":null,"layer":null,"name":null,"base_elevation":106,"location":null,"level":null},"geometry":{"type":"LineString","coordinates":[[106.539126,29.613269],[106.539959,29.613221]]}},{"id":"('way', 776193724)","type":"Feature","properties":{"railway":"rail","bridge":null,"tunnel":null,"layer":null,"name":null,"base_elevation":105,"location":null,"level":null},"geometry":{"type":"LineString","coordinates":[[106.539222,29.612782],[106.538819,29.612882],[106.538418,29.612929]]}},{"id":"('way', 776193725)","type":"Feature","properties":{"railway":"rail","bridge":null,"tunnel":null,"layer":null,"name":null,"base_elevation":104,"location":null,"level":null},"geometry":{"type":"LineString","coordinates":[[106.539183,29.6127],[106.538571,29.61285],[106.538106,29.613004]]}},{"id":"('way', 776193726)","type":"Feature","properties":{"railway":"rail","bridge":null,"tunnel":null,"layer":null,"name":null,"base_elevation":104,"location":null,"level":null},"geometry":{"type":"LineString","coordinates":[[106.53702,29.613192],[106.537624,29.613135],[106.538106,29.613004],[106.538418,29.612929],[106.539199,29.612741]]}},{"id":"('way', 776193727)","type":"Feature","properties":{"railway":"rail","bridge":null,"tunnel":null,"layer":null,"name":null,"base_elevation":112,"location":null,"level":null},"geometry":{"type":"LineString","coordinates":[[106.535939,29.613173],[106.53702,29.613192],[106.537928,29.613285]]}},{"id":"('way', 776193728)","type":"Feature","properties":{"railway":"rail","bridge":null,"tunnel":null,"layer":null,"name":null,"base_elevation":100,"location":null,"level":null},"geometry":{"type":"LineString","coordinates":[[106.539257,29.612025],[106.539655,29.612045],[106.540065,29.612067]]}},{"id":"('way', 776193729)","type":"Feature","properties":{"railway":"rail","bridge":null,"tunnel":null,"layer":null,"name":null,"base_elevation":100,"location":null,"level":null},"geometry":{"type":"LineString","coordinates":[[106.540066,29.612005],[106.539655,29.612045],[106.539249,29.612085]]}},{"id":"('way', 776193730)","type":"Feature","properties":{"railway":"rail","bridge":null,"tunnel":null,"layer":null,"name":null,"base_elevation":100,"location":null,"level":null},"geometry":{"type":"LineString","coordinates":[[106.535454,29.61218],[106.537291,29.611977],[106.53819,29.611932],[106.539237,29.611916],[106.540183,29.61194]]}},{"id":"('way', 776193731)","type":"Feature","properties":{"railway":"rail","bridge":null,"tunnel":null,"layer":null,"name":null,"base_elevation":102,"location":null,"level":null},"geometry":{"type":"LineString","coordinates":[[106.541026,29.611661],[106.54022,29.611728]]}},{"id":"('way', 776193732)","type":"Feature","properties":{"railway":"rail","bridge":null,"tunnel":null,"layer":null,"name":null,"base_elevation":102,"location":null,"level":null},"geometry":{"type":"LineString","coordinates":[[106.541357,29.611645],[106.542002,29.611572]]}},{"id":"('way', 776200025)","type":"Feature","properties":{"railway":"rail","bridge":null,"tunnel":null,"layer":null,"name":null,"base_elevation":110,"location":null,"level":null},"geometry":{"type":"LineString","coordinates":[[106.641472,29.611701],[106.641194,29.611914],[106.640965,29.612089]]}},{"id":"('way', 776200026)","type":"Feature","properties":{"railway":"rail","bridge":null,"tunnel":null,"layer":null,"name":null,"base_elevation":110,"location":null,"level":null},"geometry":{"type":"LineString","coordinates":[[106.641425,29.611675],[106.641194,29.611914],[106.641001,29.612113]]}},{"id":"('way', 776206042)","type":"Feature","properties":{"railway":"rail","bridge":"yes","tunnel":null,"layer":"1","name":"\u6e1d\u6000\u7ebf","base_elevation":93,"location":null,"level":null},"geometry":{"type":"LineString","coordinates":[[106.634194,29.621942],[106.633824,29.62271]]}},{"id":"('way', 776206043)","type":"Feature","properties":{"railway":"rail","bridge":null,"tunnel":null,"layer":null,"name":"\u6e1d\u6000\u7ebf","base_elevation":80,"location":null,"level":null},"geometry":{"type":"LineString","coordinates":[[106.633824,29.62271],[106.633484,29.623437],[106.632982,29.624463]]}},{"id":"('way', 776206044)","type":"Feature","properties":{"railway":"rail","bridge":null,"tunnel":null,"layer":null,"name":null,"base_elevation":97,"location":null,"level":null},"geometry":{"type":"LineString","coordinates":[[106.63461,29.620552],[106.63434,29.621096],[106.634217,29.621447],[106.634017,29.62197]]}},{"id":"('way', 776206045)","type":"Feature","properties":{"railway":"rail","bridge":null,"tunnel":null,"layer":null,"name":null,"base_elevation":88,"location":null,"level":null},"geometry":{"type":"LineString","coordinates":[[106.635075,29.620262],[106.634667,29.620877],[106.634296,29.621395]]}},{"id":"('way', 776206046)","type":"Feature","properties":{"railway":"rail","bridge":null,"tunnel":null,"layer":null,"name":null,"base_elevation":79,"location":null,"level":null},"geometry":{"type":"LineString","coordinates":[[106.634776,29.620283],[106.635009,29.619782],[106.635579,29.618596],[106.635967,29.617925],[106.636623,29.616773],[106.63703,29.616154],[106.637431,29.615619],[106.637929,29.615015],[106.63979,29.613217],[106.64011,29.612886],[106.640225,29.612759],[106.640649,29.612392]]}},{"id":"('way', 776206047)","type":"Feature","properties":{"railway":"rail","bridge":null,"tunnel":null,"layer":null,"name":null,"base_elevation":84,"location":null,"level":null},"geometry":{"type":"LineString","coordinates":[[106.634033,29.621559],[106.634249,29.621045],[106.634636,29.620217],[106.634932,29.619726],[106.635502,29.618554],[106.635868,29.617881],[106.636535,29.61674],[106.63695,29.616095],[106.637359,29.615567],[106.637865,29.614946],[106.639347,29.613495],[106.639664,29.613263]]}},{"id":"('way', 776206048)","type":"Feature","properties":{"railway":"rail","bridge":null,"tunnel":null,"layer":null,"name":null,"base_elevation":79,"location":null,"level":null},"geometry":{"type":"LineString","coordinates":[[106.64011,29.612886],[106.639664,29.613263],[106.63789,29.614982],[106.637383,29.615603],[106.636979,29.616129],[106.636574,29.616756],[106.635912,29.617905],[106.635531,29.618579],[106.634965,29.619759],[106.634693,29.620261],[106.634301,29.621053]]}},{"id":"('way', 780635574)","type":"Feature","properties":{"railway":"monorail","bridge":"viaduct","tunnel":null,"layer":"3","name":"2\u53f7\u7ebf","base_elevation":99,"location":null,"level":null},"geometry":{"type":"LineString","coordinates":[[106.468375,29.469303],[106.468349,29.470727],[106.468338,29.471199],[106.468353,29.471448],[106.468376,29.471594],[106.468431,29.47177],[106.468527,29.472017],[106.468666,29.472218],[106.468771,29.472354],[106.468893,29.472487],[106.469176,29.472723],[106.470033,29.473364],[106.470321,29.473588],[106.470468,29.473697],[106.470631,29.473808],[106.470796,29.4739],[106.470971,29.473987],[106.471862,29.474331],[106.472417,29.474549],[106.473013,29.474783],[106.473205,29.474881],[106.473385,29.474992],[106.473537,29.475138],[106.473647,29.475285],[106.473721,29.475458],[106.473758,29.475631],[106.473772,29.475804],[106.473768,29.479682],[106.473787,29.481013],[106.473799,29.481183],[106.473874,29.481742],[106.473901,29.481927],[106.47393,29.482112],[106.473963,29.482312],[106.473998,29.482524],[106.474038,29.482736],[106.474081,29.482952],[106.474241,29.483885],[106.47433,29.484452],[106.474418,29.485011],[106.474673,29.486397],[106.474752,29.486745],[106.474872,29.487097],[106.475636,29.488788],[106.475741,29.488989],[106.475841,29.489158],[106.47595,29.489307],[106.476077,29.489455],[106.476217,29.489579],[106.47637,29.48968],[106.476527,29.489773],[106.476707,29.489843],[106.476895,29.489909],[106.477086,29.489966],[106.477294,29.490008],[106.477509,29.490053],[106.478144,29.490151],[106.478357,29.490198],[106.478565,29.490251],[106.478753,29.490329],[106.478933,29.490409],[106.479113,29.490516],[106.479821,29.490993],[106.480141,29.491153],[106.480465,29.491276],[106.480789,29.49136],[106.481087,29.491401],[106.481714,29.491447],[106.481942,29.49147],[106.482139,29.4915],[106.482356,29.491568],[106.482579,29.491695],[106.482736,29.491837],[106.482862,29.492012],[106.482941,29.492178],[106.482966,29.492313],[106.482974,29.4925],[106.482934,29.492701],[106.482357,29.494744],[106.482315,29.494916],[106.482279,29.4951],[106.482263,29.495281],[106.482269,29.495457],[106.48229,29.495603],[106.482339,29.495801],[106.482403,29.495976],[106.482483,29.496138],[106.482577,29.496302],[106.482675,29.496458],[106.483558,29.497769],[106.483659,29.497914],[106.483791,29.498078],[106.483914,29.498203],[106.484071,29.498333],[106.484212,29.498418],[106.484373,29.4985],[106.484939,29.498744],[106.485521,29.498994],[106.485687,29.499062],[106.485879,29.499136],[106.486066,29.499195],[106.486267,29.499253],[106.48646,29.499297],[106.486655,29.499332],[106.486861,29.499369],[106.48706,29.499395],[106.487263,29.499417],[106.489007,29.499571],[106.489213,29.499603],[106.489424,29.49964],[106.489624,29.499692],[106.489806,29.499756],[106.490002,29.49985],[106.490173,29.499951],[106.490335,29.50007],[106.490479,29.5002],[106.490615,29.50035],[106.490725,29.500498],[106.490821,29.500632],[106.491235,29.501282],[106.49135,29.501438],[106.491476,29.501589],[106.491609,29.501718],[106.491762,29.501837],[106.491945,29.501952],[106.492106,29.502035],[106.492228,29.502087],[106.492368,29.502139],[106.492508,29.502181],[106.492679,29.502218],[106.492883,29.502248],[106.493026,29.502262],[106.493309,29.502276],[106.495313,29.502346],[106.500346,29.502386],[106.500558,29.502378],[106.50075,29.502351],[106.500952,29.5023],[106.501165,29.502219],[106.501354,29.502134],[106.501831,29.501909],[106.501989,29.501833],[106.502239,29.501738],[106.502501,29.501668],[106.502835,29.501638],[106.503084,29.501648],[106.50332,29.501682],[106.503523,29.501747],[106.50375,29.501843],[106.504739,29.502327],[106.50561,29.502757],[106.506166,29.503031],[106.506332,29.503138],[106.506492,29.503245],[106.506645,29.503363],[106.50679,29.503489],[106.506939,29.503624],[106.507085,29.503773],[106.507188,29.503895],[106.507301,29.504036],[106.507428,29.504233],[106.507517,29.504396],[106.50761,29.504578],[106.507677,29.504716],[106.507743,29.504866],[106.509911,29.51005],[106.510173,29.510697],[106.510344,29.511119],[106.510572,29.511685],[106.510699,29.511999],[106.510823,29.512275],[106.510968,29.512529],[106.511194,29.512869],[106.512733,29.515167],[106.512932,29.515493],[106.513021,29.515659],[106.513092,29.515828],[106.513152,29.516006],[106.513192,29.516187],[106.513227,29.516381],[106.513252,29.516552],[106.513778,29.521354],[106.51383,29.521928],[106.513878,29.522445],[106.51402,29.524229],[106.514031,29.524414],[106.514027,29.524586],[106.514002,29.524772],[106.513948,29.524947],[106.513867,29.525111],[106.513759,29.525278],[106.513653,29.525409],[106.510343,29.529051],[106.510231,29.529199],[106.510126,29.529353],[106.510035,29.529515],[106.509929,29.529744],[106.509864,29.529924],[106.509807,29.530159],[106.509787,29.530344],[106.509771,29.530513],[106.509775,29.530689],[106.509793,29.530864],[106.509824,29.531021],[106.5099,29.531345],[106.509968,29.531577],[106.510053,29.53183],[106.510168,29.53209],[106.510343,29.532419],[106.510434,29.532573],[106.511174,29.533782],[106.511259,29.533938],[106.511352,29.534109],[106.511426,29.534303],[106.51147,29.53445],[106.511518,29.534629],[106.511546,29.534812],[106.511566,29.534996],[106.511571,29.53518],[106.511573,29.535359],[106.511566,29.535539],[106.511547,29.535892],[106.511546,29.536068],[106.511553,29.536242],[106.51158,29.536425],[106.511635,29.536622],[106.511705,29.536819],[106.511845,29.537115],[106.511935,29.537291],[106.512574,29.538582]]}},{"id":"('way', 782651541)","type":"Feature","properties":{"railway":"subway","bridge":"yes","tunnel":null,"layer":"1","name":"4\u53f7\u7ebf","base_elevation":68,"location":null,"level":null},"geometry":{"type":"LineString","coordinates":[[106.642909,29.60884],[106.642062,29.608817],[106.640841,29.608782],[106.63982,29.608748],[106.638744,29.608718],[106.637828,29.608706],[106.636388,29.60867],[106.635866,29.608667],[106.635214,29.608737],[106.634836,29.60882],[106.63454,29.608919],[106.634178,29.609064],[106.63387,29.609214],[106.633527,29.609412],[106.633301,29.609573],[106.633088,29.609746],[106.632838,29.609985],[106.632515,29.610343],[106.632385,29.610564],[106.632226,29.61081],[106.632081,29.61112],[106.631961,29.611437],[106.631895,29.611699],[106.631844,29.611977],[106.631824,29.612314],[106.631662,29.617039],[106.631673,29.61749]]}},{"id":"('way', 782651542)","type":"Feature","properties":{"railway":"subway","bridge":"yes","tunnel":null,"layer":"3","name":null,"base_elevation":43,"location":null,"level":null},"geometry":{"type":"LineString","coordinates":[[106.642918,29.608744],[106.64325,29.608755],[106.643566,29.608754],[106.643906,29.60874],[106.644314,29.608701],[106.644623,29.608659],[106.644857,29.608623],[106.64502,29.608592],[106.645166,29.60856],[106.645408,29.608501],[106.645627,29.608431],[106.64581,29.608377],[106.646104,29.608297],[106.646363,29.608216],[106.647308,29.607925],[106.649353,29.607261],[106.651465,29.606594]]}},{"id":"('way', 782651544)","type":"Feature","properties":{"railway":"subway","bridge":"yes","tunnel":null,"layer":"1","name":null,"base_elevation":81,"location":null,"level":null},"geometry":{"type":"LineString","coordinates":[[106.639441,29.608641],[106.639963,29.608653],[106.641113,29.608684],[106.642842,29.608741],[106.642918,29.608744]]}},{"id":"('way', 782676527)","type":"Feature","properties":{"railway":"subway","bridge":"yes","tunnel":null,"layer":"1","name":"\u73af\u7ebf","base_elevation":65,"location":null,"level":null},"geometry":{"type":"LineString","coordinates":[[106.586484,29.542033],[106.585076,29.541047],[106.584705,29.540768],[106.58437,29.540455],[106.584139,29.540199],[106.583939,29.539897],[106.583771,29.539596],[106.583604,29.539225],[106.583491,29.538866],[106.583408,29.53828],[106.583343,29.537478],[106.583269,29.536678],[106.583194,29.53617],[106.583034,29.535716],[106.582869,29.535327],[106.582643,29.534927],[106.582151,29.534229],[106.581239,29.533025],[106.580774,29.532259],[106.580636,29.531985],[106.580052,29.530849],[106.579575,29.529928],[106.579187,29.529169],[106.578761,29.528289],[106.578456,29.527672],[106.576009,29.522775],[106.575825,29.522449],[106.575584,29.522095],[106.575292,29.521808],[106.574943,29.521513],[106.574529,29.521267]]}},{"id":"('way', 783183104)","type":"Feature","properties":{"railway":"rail","bridge":null,"tunnel":null,"layer":null,"name":null,"base_elevation":101,"location":null,"level":null},"geometry":{"type":"LineString","coordinates":[[106.542289,29.612116],[106.542887,29.612117],[106.543045,29.612116],[106.544402,29.612095],[106.549954,29.611812],[106.550478,29.611808],[106.551406,29.611783],[106.552309,29.61176]]}},{"id":"('way', 783183105)","type":"Feature","properties":{"railway":"rail","bridge":null,"tunnel":null,"layer":null,"name":null,"base_elevation":92,"location":null,"level":null},"geometry":{"type":"LineString","coordinates":[[106.567915,29.616081],[106.568147,29.616301],[106.568555,29.616688],[106.569365,29.617365],[106.569591,29.617526],[106.573157,29.620265]]}},{"id":"('way', 783183106)","type":"Feature","properties":{"railway":"rail","bridge":null,"tunnel":null,"layer":null,"name":null,"base_elevation":91,"location":null,"level":null},"geometry":{"type":"LineString","coordinates":[[106.573571,29.620813],[106.569839,29.617982],[106.569392,29.617621],[106.569265,29.617473],[106.569071,29.617296],[106.568838,29.617065],[106.568587,29.616816],[106.568147,29.616301]]}},{"id":"('way', 783183107)","type":"Feature","properties":{"railway":"rail","bridge":null,"tunnel":null,"layer":null,"name":null,"base_elevation":91,"location":null,"level":null},"geometry":{"type":"LineString","coordinates":[[106.569994,29.618221],[106.569531,29.617848],[106.569289,29.617657],[106.569193,29.617552],[106.569116,29.617442],[106.568838,29.617065]]}},{"id":"('way', 783183108)","type":"Feature","properties":{"railway":"rail","bridge":null,"tunnel":null,"layer":null,"name":null,"base_elevation":92,"location":null,"level":null},"geometry":{"type":"LineString","coordinates":[[106.573231,29.620199],[106.57127,29.618703],[106.569382,29.617137],[106.569264,29.61705],[106.568826,29.616723],[106.568364,29.616362],[106.567915,29.616081]]}},{"id":"('way', 783183109)","type":"Feature","properties":{"railway":"rail","bridge":null,"tunnel":null,"layer":null,"name":null,"base_elevation":92,"location":null,"level":null},"geometry":{"type":"LineString","coordinates":[[106.568364,29.616362],[106.568731,29.616589],[106.568843,29.616692],[106.569293,29.617017],[106.569375,29.617072],[106.571312,29.61866],[106.572286,29.619387],[106.573275,29.620145]]}},{"id":"('way', 783183110)","type":"Feature","properties":{"railway":"rail","bridge":null,"tunnel":null,"layer":null,"name":null,"base_elevation":93,"location":null,"level":null},"geometry":{"type":"LineString","coordinates":[[106.573316,29.620099],[106.571121,29.618431],[106.569824,29.617406],[106.569375,29.617072]]}},{"id":"('way', 783183111)","type":"Feature","properties":{"railway":"rail","bridge":null,"tunnel":null,"layer":null,"name":null,"base_elevation":93,"location":null,"level":null},"geometry":{"type":"LineString","coordinates":[[106.568731,29.616589],[106.569332,29.616972],[106.569512,29.617081],[106.570102,29.617536],[106.570899,29.618161],[106.573387,29.620045]]}},{"id":"('way', 783183112)","type":"Feature","properties":{"railway":"rail","bridge":null,"tunnel":null,"layer":null,"name":null,"base_elevation":93,"location":null,"level":null},"geometry":{"type":"LineString","coordinates":[[106.573436,29.619999],[106.571663,29.618688],[106.570069,29.617401],[106.569375,29.61693],[106.56913,29.616755],[106.568768,29.616493],[106.56854,29.61636],[106.56823,29.616178],[106.568122,29.616115],[106.567849,29.615959],[106.567548,29.615787]]}},{"id":"('way', 783183113)","type":"Feature","properties":{"railway":"rail","bridge":null,"tunnel":null,"layer":null,"name":null,"base_elevation":93,"location":null,"level":null},"geometry":{"type":"LineString","coordinates":[[106.568768,29.616493],[106.569297,29.616804],[106.569401,29.616898],[106.569903,29.617228],[106.572732,29.619423],[106.573464,29.61996]]}},{"id":"('way', 783183114)","type":"Feature","properties":{"railway":"rail","bridge":null,"tunnel":null,"layer":null,"name":null,"base_elevation":93,"location":null,"level":null},"geometry":{"type":"LineString","coordinates":[[106.573497,29.619914],[106.572297,29.618988],[106.571423,29.618373],[106.570825,29.617857],[106.570045,29.617264],[106.569586,29.616928],[106.569432,29.616857],[106.569268,29.616737],[106.568768,29.616493]]}},{"id":"('way', 783183115)","type":"Feature","properties":{"railway":"rail","bridge":null,"tunnel":null,"layer":null,"name":null,"base_elevation":93,"location":null,"level":null},"geometry":{"type":"LineString","coordinates":[[106.56854,29.61636],[106.569178,29.616648],[106.569463,29.616816],[106.569533,29.616857],[106.570458,29.617489],[106.57138,29.618264],[106.572532,29.619097],[106.573555,29.619884]]}},{"id":"('way', 783183116)","type":"Feature","properties":{"railway":"rail","bridge":null,"tunnel":null,"layer":null,"name":null,"base_elevation":93,"location":null,"level":null},"geometry":{"type":"LineString","coordinates":[[106.573576,29.619833],[106.572815,29.619252],[106.57141,29.618215],[106.570237,29.617256],[106.56967,29.61686],[106.569497,29.61677],[106.569309,29.616646],[106.56877,29.616407],[106.568444,29.616269],[106.56823,29.616178]]}},{"id":"('way', 783183117)","type":"Feature","properties":{"railway":"rail","bridge":null,"tunnel":null,"layer":null,"name":null,"base_elevation":93,"location":null,"level":null},"geometry":{"type":"LineString","coordinates":[[106.568444,29.616269],[106.568908,29.616423],[106.568939,29.616434],[106.569328,29.616611],[106.569491,29.616688],[106.569534,29.616721],[106.569787,29.616844],[106.57093,29.617728],[106.57215,29.618676],[106.573558,29.619737]]}},{"id":"('way', 783183118)","type":"Feature","properties":{"railway":"rail","bridge":null,"tunnel":null,"layer":null,"name":null,"base_elevation":93,"location":null,"level":null},"geometry":{"type":"LineString","coordinates":[[106.573499,29.619613],[106.572612,29.618955],[106.571229,29.617918],[106.570018,29.616935],[106.569734,29.616739],[106.569575,29.616666],[106.569334,29.616557],[106.568908,29.616423]]}},{"id":"('way', 783183119)","type":"Feature","properties":{"railway":"rail","bridge":null,"tunnel":null,"layer":null,"name":null,"base_elevation":93,"location":null,"level":null},"geometry":{"type":"LineString","coordinates":[[106.567849,29.615959],[106.56795,29.616003],[106.568376,29.616188],[106.569232,29.61648],[106.569525,29.616576],[106.569619,29.616618],[106.569808,29.616707],[106.570338,29.617096],[106.571121,29.617728],[106.571974,29.618403],[106.572701,29.618912],[106.573333,29.619418]]}},{"id":"('way', 783183120)","type":"Feature","properties":{"railway":"rail","bridge":null,"tunnel":null,"layer":null,"name":null,"base_elevation":93,"location":null,"level":null},"geometry":{"type":"LineString","coordinates":[[106.573234,29.619265],[106.572871,29.618979],[106.572276,29.618534],[106.571749,29.618183],[106.571293,29.6178],[106.570317,29.617002],[106.570015,29.616782],[106.569842,29.61667],[106.569645,29.616579],[106.569574,29.616552],[106.568878,29.616314],[106.568253,29.616105],[106.568212,29.616091],[106.56795,29.616003]]}},{"id":"('way', 783183121)","type":"Feature","properties":{"railway":"rail","bridge":null,"tunnel":null,"layer":null,"name":null,"base_elevation":93,"location":null,"level":null},"geometry":{"type":"LineString","coordinates":[[106.568253,29.616105],[106.568838,29.616252],[106.569275,29.616386],[106.569614,29.616525],[106.569671,29.616539],[106.569953,29.616662],[106.570403,29.616994],[106.571691,29.618073],[106.572889,29.618928],[106.573136,29.619118]]}},{"id":"('way', 783584512)","type":"Feature","properties":{"railway":"subway","bridge":"yes","tunnel":null,"layer":"1","name":"\u73af\u7ebf","base_elevation":65,"location":null,"level":null},"geometry":{"type":"LineString","coordinates":[[106.574625,29.521138],[106.575084,29.521425],[106.575516,29.521767],[106.575776,29.522015],[106.576016,29.522309],[106.576243,29.52268],[106.576524,29.523235],[106.57854,29.527438],[106.578918,29.528236],[106.57935,29.529116],[106.579716,29.529875],[106.580679,29.531961],[106.58084,29.532264],[106.581278,29.533007],[106.582704,29.53494],[106.582972,29.535352],[106.583175,29.535821],[106.58333,29.536181],[106.58341,29.536663],[106.583491,29.537472],[106.58356,29.538283],[106.58361,29.538732],[106.583742,29.539252],[106.584011,29.539834],[106.584281,29.540255],[106.584762,29.540745],[106.585113,29.541016],[106.58653,29.542003]]}},{"id":"('way', 815644102)","type":"Feature","properties":{"railway":"monorail","bridge":"yes","tunnel":null,"layer":"2","name":null,"base_elevation":103,"location":null,"level":null},"geometry":{"type":"LineString","coordinates":[[106.504168,29.50209],[106.50376,29.501894],[106.503514,29.501787],[106.503291,29.501731],[106.503035,29.50169],[106.502826,29.501684],[106.502575,29.501653],[106.502347,29.501594],[106.502115,29.50154],[106.501972,29.501508],[106.501823,29.501488],[106.501658,29.501491],[106.500693,29.5016],[106.50059,29.501613],[106.500495,29.501635],[106.49946,29.501925]]}},{"id":"('way', 815644103)","type":"Feature","properties":{"railway":"platform","bridge":null,"tunnel":null,"layer":"1","name":null,"base_elevation":100,"location":null,"level":null},"geometry":{"type":"Polygon","coordinates":[[[106.504987,29.502593],[106.505013,29.502554],[106.50612,29.503106],[106.506094,29.503145],[106.504987,29.502593]]]}},{"id":"('way', 815644104)","type":"Feature","properties":{"railway":"platform","bridge":null,"tunnel":null,"layer":"1","name":null,"base_elevation":100,"location":null,"level":null},"geometry":{"type":"Polygon","coordinates":[[[106.505027,29.502531],[106.505053,29.502491],[106.50616,29.503039],[106.506133,29.50308],[106.505027,29.502531]]]}},{"id":"('way', 815644814)","type":"Feature","properties":{"railway":"monorail","bridge":"yes","tunnel":null,"layer":"3","name":null,"base_elevation":104,"location":null,"level":null},"geometry":{"type":"LineString","coordinates":[[106.504242,29.501971],[106.504369,29.502049],[106.504739,29.502327]]}},{"id":"('way', 815644815)","type":"Feature","properties":{"railway":"monorail","bridge":"yes","tunnel":null,"layer":"3","name":null,"base_elevation":104,"location":null,"level":null},"geometry":{"type":"LineString","coordinates":[[106.504702,29.502379],[106.504168,29.50209]]}},{"id":"('way', 815816602)","type":"Feature","properties":{"railway":"monorail","bridge":null,"tunnel":null,"layer":null,"name":"2\u53f7\u7ebf","base_elevation":180,"location":null,"level":null},"geometry":{"type":"LineString","coordinates":[[106.513113,29.539786],[106.513004,29.539533],[106.512538,29.538594]]}},{"id":"('way', 815816604)","type":"Feature","properties":{"railway":"monorail","bridge":null,"tunnel":null,"layer":null,"name":"2\u53f7\u7ebf","base_elevation":180,"location":null,"level":null},"geometry":{"type":"LineString","coordinates":[[106.512574,29.538582],[106.513039,29.539522],[106.513155,29.53977]]}},{"id":"('way', 815816609)","type":"Feature","properties":{"railway":"monorail","bridge":"viaduct","tunnel":null,"layer":"2","name":"2\u53f7\u7ebf","base_elevation":20,"location":null,"level":null},"geometry":{"type":"LineString","coordinates":[[106.56656,29.564136],[106.566297,29.564339],[106.566029,29.564513],[106.565698,29.56471],[106.565465,29.564804],[106.565101,29.564934],[106.564735,29.565057],[106.56437,29.56518],[106.563963,29.565307],[106.561804,29.56595],[106.561234,29.566152],[106.560643,29.56637],[106.560281,29.566516],[106.559701,29.566772],[106.559212,29.56702],[106.558731,29.56727],[106.557148,29.568176],[106.556842,29.568333],[106.556602,29.568439],[106.556302,29.568546],[106.555886,29.568665],[106.555438,29.568756],[106.554821,29.568896]]}},{"id":"('way', 815816610)","type":"Feature","properties":{"railway":"monorail","bridge":"viaduct","tunnel":null,"layer":"2","name":"2\u53f7\u7ebf","base_elevation":20,"location":null,"level":null},"geometry":{"type":"LineString","coordinates":[[106.554809,29.56886],[106.555431,29.568721],[106.555904,29.568616],[106.556289,29.56851],[106.556552,29.568417],[106.556827,29.568296],[106.557135,29.568144],[106.558702,29.567248],[106.559078,29.56705],[106.55949,29.566834],[106.55988,29.566647],[106.560265,29.566476],[106.560635,29.566331],[106.56122,29.566123],[106.561796,29.565918],[106.563961,29.565272],[106.564345,29.56515],[106.564717,29.565023],[106.565092,29.564899],[106.565338,29.564813],[106.565651,29.564688],[106.565987,29.564494],[106.566238,29.564323],[106.566507,29.564115]]}},{"id":"('way', 825292320)","type":"Feature","properties":{"railway":"subway","bridge":"yes","tunnel":null,"layer":"1","name":null,"base_elevation":85,"location":null,"level":null},"geometry":{"type":"LineString","coordinates":[[106.578918,29.528236],[106.578647,29.527819],[106.578547,29.527672],[106.578444,29.52752]]}},{"id":"('way', 825292321)","type":"Feature","properties":{"railway":"subway","bridge":"yes","tunnel":null,"layer":"2","name":null,"base_elevation":83,"location":null,"level":null},"geometry":{"type":"LineString","coordinates":[[106.576836,29.524168],[106.576617,29.523794],[106.576321,29.523422],[106.575606,29.522778],[106.575375,29.522548],[106.57524,29.522333],[106.575153,29.522156],[106.575098,29.521955],[106.575073,29.521743],[106.57511,29.521545],[106.575194,29.521304],[106.57532,29.521057],[106.575455,29.520891],[106.575606,29.520754],[106.575791,29.520631],[106.576016,29.520518],[106.576312,29.52043]]}},{"id":"('way', 825292322)","type":"Feature","properties":{"railway":"subway","bridge":null,"tunnel":null,"layer":null,"name":null,"base_elevation":102,"location":null,"level":null},"geometry":{"type":"LineString","coordinates":[[106.576312,29.52043],[106.576561,29.520403],[106.576851,29.5204],[106.577138,29.520443],[106.57739,29.520532],[106.577594,29.520633],[106.577782,29.520779],[106.577863,29.52084],[106.578198,29.521095],[106.578302,29.521175],[106.578463,29.521319],[106.578586,29.52148],[106.578707,29.521681],[106.578798,29.521942],[106.578833,29.52209],[106.578911,29.522414],[106.578986,29.522894],[106.579056,29.52309],[106.579168,29.523415],[106.579281,29.523646],[106.579565,29.524157],[106.579958,29.524658],[106.580367,29.525207]]}},{"id":"('way', 825292323)","type":"Feature","properties":{"railway":"subway","bridge":"yes","tunnel":null,"layer":"1","name":null,"base_elevation":86,"location":null,"level":null},"geometry":{"type":"LineString","coordinates":[[106.578647,29.527819],[106.578494,29.527504],[106.576836,29.524168]]}},{"id":"('way', 825292324)","type":"Feature","properties":{"railway":"subway","bridge":"yes","tunnel":null,"layer":"1","name":null,"base_elevation":85,"location":null,"level":null},"geometry":{"type":"LineString","coordinates":[[106.578494,29.527504],[106.578547,29.527672],[106.5786,29.527837],[106.578761,29.528289]]}},{"id":"('way', 825814189)","type":"Feature","properties":{"railway":"monorail","bridge":"viaduct","tunnel":null,"layer":"2","name":"2\u53f7\u7ebf","base_elevation":21,"location":null,"level":null},"geometry":{"type":"LineString","coordinates":[[106.548694,29.569246],[106.549908,29.569087],[106.550402,29.569042],[106.550714,29.569031],[106.551035,29.569046],[106.552086,29.56917],[106.552312,29.569194],[106.552523,29.569208],[106.552717,29.569209],[106.552922,29.569204],[106.553124,29.569188],[106.553308,29.56917],[106.55351,29.569134],[106.553717,29.569097],[106.553905,29.569059],[106.554195,29.568998],[106.554809,29.56886]]}},{"id":"('way', 825814190)","type":"Feature","properties":{"railway":"monorail","bridge":"viaduct","tunnel":null,"layer":"2","name":"2\u53f7\u7ebf","base_elevation":20,"location":null,"level":null},"geometry":{"type":"LineString","coordinates":[[106.554821,29.568896],[106.554204,29.569033],[106.553922,29.569093],[106.553719,29.56913],[106.553515,29.569173],[106.553312,29.569204],[106.553118,29.569224],[106.552916,29.569241],[106.552727,29.569242],[106.552517,29.569242],[106.552317,29.569228],[106.552086,29.569208],[106.551036,29.569076],[106.550713,29.569065],[106.550397,29.569078],[106.549902,29.569122],[106.548704,29.569277]]}},{"id":"('way', 825814191)","type":"Feature","properties":{"railway":"monorail","bridge":"viaduct","tunnel":null,"layer":"2","name":"2\u53f7\u7ebf","base_elevation":23,"location":null,"level":null},"geometry":{"type":"LineString","coordinates":[[106.542733,29.568085],[106.543116,29.568347],[106.543383,29.568499],[106.543672,29.56865],[106.544048,29.568807],[106.544576,29.568978],[106.545172,29.569109],[106.545795,29.569174],[106.546434,29.569226],[106.547072,29.569261],[106.547657,29.569294],[106.548169,29.569299],[106.548694,29.569246]]}},{"id":"('way', 825814192)","type":"Feature","properties":{"railway":"monorail","bridge":"viaduct","tunnel":null,"layer":"2","name":"2\u53f7\u7ebf","base_elevation":23,"location":null,"level":null},"geometry":{"type":"LineString","coordinates":[[106.548704,29.569277],[106.548154,29.569336],[106.547659,29.56933],[106.547072,29.5693],[106.546428,29.569264],[106.545787,29.569215],[106.545171,29.569152],[106.54456,29.569014],[106.544056,29.568851],[106.543655,29.568688],[106.543382,29.568544],[106.543065,29.568367],[106.542709,29.56811]]}},{"id":"('way', 825814193)","type":"Feature","properties":{"railway":"monorail","bridge":"viaduct","tunnel":null,"layer":"2","name":"2\u53f7\u7ebf","base_elevation":29,"location":null,"level":null},"geometry":{"type":"LineString","coordinates":[[106.542709,29.56811],[106.540885,29.566625]]}},{"id":"('way', 825814194)","type":"Feature","properties":{"railway":"monorail","bridge":"viaduct","tunnel":null,"layer":"2","name":"2\u53f7\u7ebf","base_elevation":32,"location":null,"level":null},"geometry":{"type":"LineString","coordinates":[[106.540912,29.566602],[106.542733,29.568085]]}},{"id":"('way', 825814195)","type":"Feature","properties":{"railway":"monorail","bridge":"viaduct","tunnel":null,"layer":"2","name":"2\u53f7\u7ebf","base_elevation":34,"location":null,"level":null},"geometry":{"type":"LineString","coordinates":[[106.538868,29.563475],[106.539125,29.564001],[106.539331,29.564405],[106.539926,29.565627],[106.540068,29.565848],[106.54025,29.566047],[106.540548,29.566306],[106.540912,29.566602]]}},{"id":"('way', 825814196)","type":"Feature","properties":{"railway":"monorail","bridge":"viaduct","tunnel":null,"layer":"2","name":"2\u53f7\u7ebf","base_elevation":32,"location":null,"level":null},"geometry":{"type":"LineString","coordinates":[[106.540885,29.566625],[106.540188,29.566058],[106.539903,29.565789],[106.539702,29.565467],[106.53943,29.564749],[106.539282,29.564433],[106.539096,29.564027],[106.538832,29.563485]]}},{"id":"('way', 825814197)","type":"Feature","properties":{"railway":"monorail","bridge":"viaduct","tunnel":null,"layer":"2","name":"2\u53f7\u7ebf","base_elevation":30,"location":null,"level":null},"geometry":{"type":"LineString","coordinates":[[106.538832,29.563485],[106.538532,29.562877],[106.538445,29.562694],[106.538166,29.562089],[106.537841,29.561379],[106.537452,29.560533],[106.537166,29.559954],[106.536653,29.559047],[106.536552,29.558871],[106.536366,29.558536],[106.536246,29.558328],[106.536092,29.558103],[106.535916,29.557878]]}},{"id":"('way', 825814198)","type":"Feature","properties":{"railway":"monorail","bridge":"viaduct","tunnel":null,"layer":"2","name":"2\u53f7\u7ebf","base_elevation":32,"location":null,"level":null},"geometry":{"type":"LineString","coordinates":[[106.53595,29.557852],[106.53613,29.558098],[106.536286,29.558312],[106.5364,29.558516],[106.53659,29.558861],[106.536693,29.559046],[106.537207,29.559939],[106.537492,29.56051],[106.537875,29.561359],[106.538028,29.561688],[106.538482,29.562682],[106.538604,29.56293],[106.538868,29.563475]]}},{"id":"('way', 825814199)","type":"Feature","properties":{"railway":"monorail","bridge":"viaduct","tunnel":null,"layer":"2","name":"2\u53f7\u7ebf","base_elevation":53,"location":null,"level":null},"geometry":{"type":"LineString","coordinates":[[106.534334,29.556066],[106.53595,29.557852]]}},{"id":"('way', 825814200)","type":"Feature","properties":{"railway":"monorail","bridge":"viaduct","tunnel":null,"layer":"2","name":"2\u53f7\u7ebf","base_elevation":53,"location":null,"level":null},"geometry":{"type":"LineString","coordinates":[[106.535916,29.557878],[106.534295,29.556097]]}},{"id":"('way', 830186746)","type":"Feature","properties":{"railway":"subway","bridge":"yes","tunnel":null,"layer":"1","name":"4\u53f7\u7ebf","base_elevation":69,"location":null,"level":null},"geometry":{"type":"LineString","coordinates":[[106.63162,29.61749],[106.631612,29.617039],[106.631772,29.612317],[106.631799,29.611975],[106.631841,29.611689],[106.631907,29.611427],[106.632028,29.611105],[106.63218,29.610771],[106.632408,29.610401],[106.632754,29.609955],[106.633018,29.609706],[106.633481,29.609337],[106.633958,29.60904],[106.63445,29.608829],[106.635037,29.608646],[106.635541,29.608553],[106.63609,29.6085],[106.637827,29.608543],[106.638763,29.608567],[106.640229,29.608597],[106.641149,29.608625],[106.642935,29.608596]]}},{"id":"('way', 832751093)","type":"Feature","properties":{"railway":"station","bridge":null,"tunnel":null,"layer":null,"name":"\u6d77\u5ce1\u8def","base_elevation":100,"location":null,"level":null},"geometry":{"type":"Polygon","coordinates":[[[106.543374,29.520919],[106.543405,29.521022],[106.543418,29.521065],[106.543431,29.521109],[106.543456,29.52119],[106.542137,29.521486],[106.542076,29.521493],[106.541686,29.521517],[106.54168,29.521493],[106.541667,29.52145],[106.541654,29.521406],[106.541625,29.521304],[106.542447,29.521123],[106.543374,29.520919]]]}},{"id":"('way', 834576554)","type":"Feature","properties":{"railway":"rail","bridge":null,"tunnel":null,"layer":null,"name":null,"base_elevation":55,"location":null,"level":null},"geometry":{"type":"LineString","coordinates":[[106.542923,29.550858],[106.537659,29.548589],[106.537139,29.548299]]}},{"id":"('way', 834576555)","type":"Feature","properties":{"railway":"rail","bridge":null,"tunnel":null,"layer":null,"name":null,"base_elevation":55,"location":null,"level":null},"geometry":{"type":"LineString","coordinates":[[106.542818,29.550741],[106.537612,29.548506],[106.537032,29.548195]]}},{"id":"('way', 834576556)","type":"Feature","properties":{"railway":"rail","bridge":null,"tunnel":null,"layer":null,"name":null,"base_elevation":55,"location":null,"level":null},"geometry":{"type":"LineString","coordinates":[[106.542576,29.550581],[106.537032,29.548195],[106.536757,29.548038],[106.536503,29.547897]]}},{"id":"('way', 834576557)","type":"Feature","properties":{"railway":"rail","bridge":null,"tunnel":null,"layer":null,"name":null,"base_elevation":55,"location":null,"level":null},"geometry":{"type":"LineString","coordinates":[[106.542299,29.550392],[106.536503,29.547897],[106.536123,29.547757],[106.535651,29.54757],[106.53546,29.54748],[106.53512,29.54729],[106.534917,29.547152]]}},{"id":"('way', 834576558)","type":"Feature","properties":{"railway":"rail","bridge":null,"tunnel":null,"layer":null,"name":null,"base_elevation":55,"location":null,"level":null},"geometry":{"type":"LineString","coordinates":[[106.542053,29.550218],[106.53724,29.548156],[106.536699,29.547931],[106.536463,29.547854],[106.536123,29.547757]]}},{"id":"('way', 834576559)","type":"Feature","properties":{"railway":"rail","bridge":null,"tunnel":null,"layer":null,"name":null,"base_elevation":54,"location":null,"level":null},"geometry":{"type":"LineString","coordinates":[[106.54198,29.550116],[106.537454,29.548178],[106.537159,29.548077],[106.536699,29.547931]]}},{"id":"('way', 834576560)","type":"Feature","properties":{"railway":"rail","bridge":null,"tunnel":null,"layer":null,"name":null,"base_elevation":54,"location":null,"level":null},"geometry":{"type":"LineString","coordinates":[[106.542007,29.550072],[106.537504,29.548142],[106.537275,29.548063],[106.536961,29.547966],[106.536463,29.547854]]}},{"id":"('way', 834576561)","type":"Feature","properties":{"railway":"rail","bridge":null,"tunnel":null,"layer":null,"name":null,"base_elevation":54,"location":null,"level":null},"geometry":{"type":"LineString","coordinates":[[106.542036,29.55001],[106.53783,29.54821],[106.537452,29.548076],[106.536961,29.547966]]}},{"id":"('way', 834576562)","type":"Feature","properties":{"railway":"rail","bridge":null,"tunnel":null,"layer":null,"name":null,"base_elevation":54,"location":null,"level":null},"geometry":{"type":"LineString","coordinates":[[106.542001,29.549938],[106.535861,29.547295]]}},{"id":"('way', 834576563)","type":"Feature","properties":{"railway":"rail","bridge":null,"tunnel":null,"layer":null,"name":null,"base_elevation":53,"location":null,"level":null},"geometry":{"type":"LineString","coordinates":[[106.542038,29.549882],[106.536657,29.54757],[106.536244,29.547421]]}},{"id":"('way', 834576564)","type":"Feature","properties":{"railway":"rail","bridge":null,"tunnel":null,"layer":null,"name":null,"base_elevation":65,"location":null,"level":null},"geometry":{"type":"LineString","coordinates":[[106.535837,29.547516],[106.535097,29.547111],[106.534805,29.546938],[106.534571,29.546768],[106.534406,29.5466],[106.534188,29.546332],[106.534115,29.546215]]}},{"id":"('way', 834576568)","type":"Feature","properties":{"railway":"rail","bridge":null,"tunnel":null,"layer":null,"name":null,"base_elevation":55,"location":null,"level":null},"geometry":{"type":"LineString","coordinates":[[106.542866,29.5511],[106.53855,29.549237],[106.538238,29.549057],[106.537765,29.548754],[106.537523,29.548589],[106.537139,29.548299],[106.536757,29.548038]]}},{"id":"('way', 834576569)","type":"Feature","properties":{"railway":"rail","bridge":null,"tunnel":null,"layer":null,"name":null,"base_elevation":55,"location":null,"level":null},"geometry":{"type":"LineString","coordinates":[[106.543287,29.551339],[106.538567,29.549303],[106.538218,29.549088],[106.537765,29.548754]]}},{"id":"('way', 834576570)","type":"Feature","properties":{"railway":"rail","bridge":null,"tunnel":null,"layer":null,"name":null,"base_elevation":56,"location":null,"level":null},"geometry":{"type":"LineString","coordinates":[[106.543257,29.551396],[106.53899,29.549559],[106.538505,29.549336],[106.538186,29.549127],[106.537748,29.548778],[106.537523,29.548589]]}},{"id":"('way', 834576571)","type":"Feature","properties":{"railway":"rail","bridge":null,"tunnel":null,"layer":null,"name":null,"base_elevation":56,"location":null,"level":null},"geometry":{"type":"LineString","coordinates":[[106.54323,29.551446],[106.53928,29.549766],[106.538505,29.549336]]}},{"id":"('way', 835159930)","type":"Feature","properties":{"railway":"monorail","bridge":"yes","tunnel":null,"layer":"1","name":null,"base_elevation":106,"location":null,"level":null},"geometry":{"type":"LineString","coordinates":[[106.498714,29.502093],[106.498856,29.50208],[106.499022,29.502059],[106.499167,29.502035],[106.49934,29.502001],[106.500551,29.501671],[106.500645,29.501652],[106.500759,29.501634],[106.501549,29.50154]]}},{"id":"('way', 844060857)","type":"Feature","properties":{"railway":"rail","bridge":"yes","tunnel":null,"layer":"2","name":"\u6e1d\u718a\u7ebf","base_elevation":80,"location":null,"level":null},"geometry":{"type":"LineString","coordinates":[[106.607267,29.639171],[106.606302,29.639134],[106.605666,29.639076],[106.604537,29.638873],[106.603209,29.638514],[106.590426,29.634194],[106.589906,29.633984],[106.58941,29.633742]]}},{"id":"('way', 878019566)","type":"Feature","properties":{"railway":"subway","bridge":"yes","tunnel":null,"layer":"5","name":"10\u53f7\u7ebf","base_elevation":60,"location":null,"level":null},"geometry":{"type":"LineString","coordinates":[[106.563061,29.552826],[106.565247,29.54205]]}},{"id":"('way', 885584961)","type":"Feature","properties":{"railway":"rail","bridge":null,"tunnel":null,"layer":null,"name":"\u6caa\u84c9\u7ebf","base_elevation":105,"location":null,"level":null},"geometry":{"type":"LineString","coordinates":[[106.577292,29.627968],[106.577701,29.628521],[106.578059,29.628948],[106.578513,29.629399],[106.579029,29.629845],[106.579518,29.630238],[106.580077,29.63062],[106.580603,29.630957],[106.581136,29.631257],[106.581603,29.631514],[106.582082,29.631737],[106.582637,29.631958],[106.586532,29.633284]]}},{"id":"('way', 907042297)","type":"Feature","properties":{"railway":"subway","bridge":"yes","tunnel":null,"layer":"3","name":"10\u53f7\u7ebf","base_elevation":16,"location":null,"level":null},"geometry":{"type":"LineString","coordinates":[[106.546274,29.573552],[106.54628,29.569706],[106.546282,29.568546]]}},{"id":"('way', 937894522)","type":"Feature","properties":{"railway":"rail","bridge":null,"tunnel":null,"layer":null,"name":"\u5174\u80e1\u7ebf","base_elevation":77,"location":null,"level":null},"geometry":{"type":"LineString","coordinates":[[106.606506,29.63834],[106.60574,29.638513]]}},{"id":"('way', 937894523)","type":"Feature","properties":{"railway":"rail","bridge":null,"tunnel":null,"layer":null,"name":"\u5174\u80e1\u7ebf","base_elevation":79,"location":null,"level":null},"geometry":{"type":"LineString","coordinates":[[106.605795,29.638602],[106.606278,29.638543],[106.606677,29.638507]]}},{"id":"('way', 972467226)","type":"Feature","properties":{"railway":"monorail","bridge":"viaduct","tunnel":null,"layer":"2","name":"3\u53f7\u7ebf","base_elevation":14,"location":null,"level":null},"geometry":{"type":"LineString","coordinates":[[106.502019,29.378642],[106.502945,29.378627],[106.50325,29.378661],[106.503451,29.378681],[106.503876,29.378732],[106.504091,29.378758],[106.50434,29.378798],[106.50452,29.378835],[106.504713,29.378876],[106.504877,29.378927],[106.505115,29.379],[106.505318,29.379082],[106.505606,29.379212],[106.50717,29.38004],[106.507561,29.380241],[106.507878,29.380392],[106.508137,29.380492],[106.508379,29.380573],[106.508683,29.380635],[106.508987,29.380678],[106.509285,29.380686],[106.509701,29.380689],[106.510267,29.380689],[106.510697,29.380691],[106.511206,29.380679],[106.511616,29.380641],[106.511881,29.380577],[106.512108,29.380498],[106.512423,29.380353],[106.512863,29.380116],[106.513895,29.379554],[106.514257,29.379395],[106.514899,29.379089],[106.517273,29.378057],[106.517614,29.377935],[106.517967,29.377834],[106.518298,29.377796],[106.518611,29.377795],[106.518903,29.377856],[106.519232,29.37798],[106.519544,29.378117],[106.520114,29.37838],[106.520691,29.378658],[106.521469,29.379033],[106.52161,29.379089],[106.521742,29.379134],[106.521895,29.379178],[106.522082,29.379219],[106.522287,29.37924],[106.522544,29.379249],[106.523438,29.379248],[106.526874,29.379292],[106.527266,29.379285],[106.527463,29.379272],[106.527742,29.379247],[106.529198,29.379046],[106.529453,29.379018],[106.52995,29.378984],[106.533552,29.378847],[106.533799,29.378846],[106.534007,29.378869],[106.534196,29.378898],[106.534385,29.37895],[106.53455,29.379013],[106.534697,29.379097],[106.534856,29.379213],[106.534974,29.379318],[106.535102,29.379463],[106.535203,29.37963],[106.535278,29.379792],[106.535328,29.379934],[106.535357,29.380052],[106.53547,29.380585],[106.535583,29.381119],[106.535624,29.381318],[106.535673,29.381555],[106.535765,29.381939],[106.536071,29.38336],[106.536141,29.383775],[106.53621,29.38412],[106.536296,29.384505],[106.537192,29.388782],[106.538359,29.394178],[106.538725,29.395778],[106.539006,29.397103],[106.539145,29.397945],[106.539214,29.398541],[106.539281,29.399324],[106.539317,29.399986],[106.539346,29.400907],[106.539546,29.405045],[106.539721,29.409703],[106.539869,29.41407],[106.539921,29.415761],[106.540001,29.417199],[106.540059,29.418239],[106.540081,29.41896],[106.540121,29.419269],[106.540169,29.419547],[106.540233,29.41982],[106.540319,29.420079],[106.540424,29.420339],[106.541687,29.423367],[106.542081,29.424312],[106.542219,29.424709],[106.542332,29.425086],[106.542423,29.425471],[106.542486,29.425802],[106.542543,29.426153],[106.542685,29.427032],[106.543098,29.429551],[106.543192,29.430142],[106.543251,29.430504],[106.543305,29.430775],[106.543358,29.430992],[106.543425,29.431195],[106.543498,29.43141],[106.543605,29.431637],[106.54371,29.431845],[106.543825,29.432036],[106.543999,29.4323],[106.54415,29.432485],[106.544281,29.432644],[106.545145,29.433494],[106.545743,29.434075],[106.546252,29.434599],[106.546537,29.434954],[106.54661,29.435071],[106.546682,29.435185],[106.546875,29.435575],[106.547001,29.435897],[106.547092,29.436154],[106.547175,29.436486],[106.547218,29.436722],[106.547245,29.43697],[106.547264,29.437217],[106.547261,29.43747],[106.547239,29.437734],[106.547205,29.438028],[106.547124,29.438481],[106.547006,29.439147],[106.546775,29.440509],[106.546727,29.440847],[106.5467,29.441121],[106.546695,29.44138],[106.546703,29.44159],[106.546722,29.441789],[106.546738,29.441957],[106.546767,29.442125],[106.546805,29.442317],[106.546864,29.442515],[106.546923,29.442716],[106.546987,29.442898],[106.547062,29.443083],[106.547229,29.44344],[106.547398,29.443734],[106.547594,29.444026],[106.547832,29.444358],[106.548838,29.445769],[106.549149,29.446201],[106.549442,29.446638],[106.549635,29.446974],[106.549723,29.447167],[106.549798,29.447355],[106.549869,29.447552],[106.549927,29.447754],[106.550394,29.449584],[106.550738,29.450934],[106.550878,29.451504],[106.551008,29.452021],[106.551133,29.452498],[106.551192,29.452721],[106.551269,29.45296],[106.551347,29.453157],[106.551422,29.45333],[106.551506,29.453497],[106.55164,29.45374],[106.552299,29.454882],[106.553387,29.456778],[106.55358,29.457157],[106.553769,29.457555],[106.554082,29.458362],[106.554299,29.45896],[106.554502,29.459521],[106.554571,29.459709],[106.554649,29.459904],[106.554825,29.460275],[106.554976,29.460549],[106.55511,29.460767],[106.555167,29.460857],[106.555453,29.461364],[106.556145,29.462366],[106.556453,29.462834],[106.557182,29.463874],[106.55766,29.464558],[106.558274,29.465448],[106.558454,29.465721],[106.558609,29.466014],[106.558786,29.466428],[106.558923,29.466886],[106.558971,29.467126],[106.559013,29.467422],[106.559032,29.467735],[106.55902,29.46804],[106.558962,29.469178],[106.558935,29.46972],[106.558899,29.47037],[106.55884,29.471551],[106.558808,29.472175],[106.558798,29.472659],[106.558836,29.47309],[106.55891,29.473526],[106.559026,29.473976],[106.559258,29.474806],[106.560125,29.477784],[106.560366,29.478557],[106.560484,29.478884],[106.560637,29.479194],[106.560822,29.479526],[106.561029,29.479818],[106.561222,29.480054],[106.56152,29.480367],[106.561841,29.480661],[106.562212,29.481002],[106.562748,29.481497],[106.563689,29.482365],[106.566085,29.484527],[106.566455,29.48491],[106.566938,29.485544],[106.567021,29.485662],[106.567169,29.485874],[106.567366,29.486239],[106.567552,29.486675],[106.567678,29.487078],[106.56796,29.488108],[106.568189,29.488916],[106.568349,29.489465],[106.568534,29.490057],[106.568948,29.490981],[106.569128,29.491426],[106.56937,29.492029],[106.569601,29.492586],[106.569679,29.492774],[106.569947,29.493465],[106.570109,29.493977],[106.570239,29.494498],[106.570296,29.494811],[106.570337,29.495035],[106.570398,29.495613],[106.570412,29.496398],[106.570364,29.496856],[106.570257,29.497499],[106.569766,29.500075],[106.56968,29.500534],[106.569558,29.501193],[106.569451,29.501659],[106.569423,29.502042],[106.569423,29.502369],[106.569448,29.502631],[106.569496,29.502901],[106.569679,29.503542],[106.570042,29.504745],[106.570316,29.505786],[106.570359,29.505954],[106.570403,29.506149],[106.570435,29.506307],[106.570469,29.506481],[106.570493,29.506663],[106.570502,29.506847],[106.570508,29.507039],[106.570475,29.507413],[106.570398,29.50801],[106.570329,29.508612],[106.57027,29.509096],[106.570207,29.509667],[106.570176,29.510164],[106.57019,29.510804],[106.570247,29.511343],[106.570337,29.51184],[106.570454,29.512452],[106.570788,29.513482],[106.571027,29.51421],[106.571335,29.515141],[106.571627,29.516074],[106.571744,29.516579],[106.571884,29.517316],[106.57201,29.517839],[106.57218,29.518353],[106.572324,29.51878],[106.572381,29.518946],[106.572545,29.519453],[106.572719,29.519999],[106.572865,29.520591],[106.57288,29.520818],[106.572884,29.521106],[106.572872,29.521234],[106.57284,29.521447],[106.572684,29.521829],[106.572408,29.522277],[106.572175,29.522549],[106.569682,29.525052],[106.568828,29.525958],[106.567806,29.527004]]}},{"id":"('way', 1026012965)","type":"Feature","properties":{"railway":"platform","bridge":null,"tunnel":null,"layer":"-4","name":null,"base_elevation":86,"location":null,"level":null},"geometry":{"type":"Polygon","coordinates":[[[106.500651,29.553601],[106.500617,29.553469],[106.498988,29.553792],[106.499022,29.553924],[106.500651,29.553601]]]}},{"id":"('way', 1026451680)","type":"Feature","properties":{"railway":"platform","bridge":null,"tunnel":null,"layer":null,"name":null,"base_elevation":45,"location":null,"level":null},"geometry":{"type":"Polygon","coordinates":[[[106.514893,29.553351],[106.514963,29.553332],[106.514542,29.552166],[106.514472,29.552185],[106.514893,29.553351]]]}},{"id":"('way', 1026451681)","type":"Feature","properties":{"railway":"platform","bridge":null,"tunnel":null,"layer":null,"name":null,"base_elevation":43,"location":null,"level":null},"geometry":{"type":"Polygon","coordinates":[[[106.515071,29.553315],[106.515141,29.553296],[106.51472,29.55213],[106.51465,29.55215],[106.515071,29.553315]]]}},{"id":"('way', 1026451683)","type":"Feature","properties":{"railway":"subway","bridge":"yes","tunnel":null,"layer":"2","name":null,"base_elevation":59,"location":null,"level":null},"geometry":{"type":"LineString","coordinates":[[106.514539,29.552083],[106.514488,29.55178]]}},{"id":"('way', 1026451684)","type":"Feature","properties":{"railway":"platform","bridge":null,"tunnel":null,"layer":null,"name":null,"base_elevation":129,"location":null,"level":null},"geometry":{"type":"Polygon","coordinates":[[[106.517492,29.56623],[106.51735,29.566225],[106.517285,29.567445],[106.517426,29.56745],[106.517492,29.56623]]]}},{"id":"('way', 1026451688)","type":"Feature","properties":{"railway":"platform","bridge":null,"tunnel":null,"layer":null,"name":null,"base_elevation":144,"location":null,"level":null},"geometry":{"type":"Polygon","coordinates":[[[106.521076,29.572574],[106.521026,29.572663],[106.522293,29.5732],[106.522343,29.57311],[106.521076,29.572574]]]}},{"id":"('way', 1026451694)","type":"Feature","properties":{"railway":"platform","bridge":null,"tunnel":null,"layer":null,"name":null,"base_elevation":132,"location":null,"level":null},"geometry":{"type":"Polygon","coordinates":[[[106.530606,29.575523],[106.530534,29.575634],[106.531757,29.576235],[106.531829,29.576123],[106.530606,29.575523]]]}},{"id":"('way', 1026451697)","type":"Feature","properties":{"railway":"platform","bridge":null,"tunnel":null,"layer":null,"name":null,"base_elevation":124,"location":"underground","level":null},"geometry":{"type":"Polygon","coordinates":[[[106.547258,29.575948],[106.547288,29.576072],[106.548653,29.575817],[106.548622,29.575692],[106.547258,29.575948]]]}},{"id":"('way', 1026451698)","type":"Feature","properties":{"railway":"platform","bridge":null,"tunnel":null,"layer":null,"name":null,"base_elevation":150,"location":null,"level":null},"geometry":{"type":"Polygon","coordinates":[[[106.546432,29.576286],[106.546313,29.576289],[106.546352,29.57751],[106.546471,29.577507],[106.546432,29.576286]]]}},{"id":"('way', 1026722333)","type":"Feature","properties":{"railway":"platform","bridge":null,"tunnel":null,"layer":"-4","name":null,"base_elevation":87,"location":null,"level":null},"geometry":{"type":"Polygon","coordinates":[[[106.559581,29.575635],[106.559584,29.575749],[106.560982,29.575725],[106.560979,29.575611],[106.559581,29.575635]]]}},{"id":"('way', 1026722343)","type":"Feature","properties":{"railway":"platform","bridge":null,"tunnel":null,"layer":"-4","name":null,"base_elevation":102,"location":null,"level":"-5"},"geometry":{"type":"Polygon","coordinates":[[[106.568343,29.579284],[106.568415,29.579284],[106.568414,29.57822],[106.568341,29.578221],[106.568343,29.579284]]]}},{"id":"('way', 1026722345)","type":"Feature","properties":{"railway":"platform","bridge":null,"tunnel":null,"layer":"-3","name":null,"base_elevation":102,"location":null,"level":"-4"},"geometry":{"type":"Polygon","coordinates":[[[106.568368,29.579276],[106.56844,29.579276],[106.568439,29.578212],[106.568366,29.578213],[106.568368,29.579276]]]}},{"id":"('way', 1026722348)","type":"Feature","properties":{"railway":"platform","bridge":null,"tunnel":null,"layer":null,"name":null,"base_elevation":99,"location":null,"level":null},"geometry":{"type":"Polygon","coordinates":[[[106.565291,29.58833],[106.565172,29.588293],[106.564905,29.588976],[106.565029,29.589013],[106.565291,29.58833]]]}},{"id":"('way', 1026722352)","type":"Feature","properties":{"railway":"subway","bridge":"yes","tunnel":null,"layer":"1","name":"\u73af\u7ebf","base_elevation":64,"location":null,"level":null},"geometry":{"type":"LineString","coordinates":[[106.583891,29.588825],[106.582253,29.588755],[106.569463,29.587861]]}},{"id":"('way', 1026722358)","type":"Feature","properties":{"railway":"subway","bridge":"yes","tunnel":null,"layer":"1","name":"\u73af\u7ebf","base_elevation":116,"location":null,"level":null},"geometry":{"type":"LineString","coordinates":[[106.564414,29.587829],[106.564634,29.587806],[106.564866,29.587788],[106.565983,29.587749]]}},{"id":"('way', 1026722359)","type":"Feature","properties":{"railway":"subway","bridge":"yes","tunnel":null,"layer":"1","name":"\u73af\u7ebf","base_elevation":117,"location":null,"level":null},"geometry":{"type":"LineString","coordinates":[[106.565983,29.587786],[106.564868,29.587826],[106.564647,29.587844]]}},{"id":"('way', 1026722360)","type":"Feature","properties":{"railway":"platform","bridge":null,"tunnel":null,"layer":"-2","name":null,"base_elevation":87,"location":null,"level":"-2"},"geometry":{"type":"Polygon","coordinates":[[[106.562372,29.588121],[106.56237,29.587994],[106.560949,29.588006],[106.56095,29.588134],[106.562372,29.588121]]]}},{"id":"('way', 1026722361)","type":"Feature","properties":{"railway":"platform","bridge":null,"tunnel":null,"layer":"-3","name":null,"base_elevation":90,"location":null,"level":"-3"},"geometry":{"type":"Polygon","coordinates":[[[106.562264,29.588006],[106.560975,29.588013],[106.560976,29.588141],[106.562264,29.588134],[106.562264,29.588006]]]}},{"id":"('way', 1026750578)","type":"Feature","properties":{"railway":"subway","bridge":"yes","tunnel":null,"layer":"2","name":"9\u53f7\u7ebf","base_elevation":45,"location":null,"level":null},"geometry":{"type":"LineString","coordinates":[[106.516891,29.558328],[106.515005,29.553355],[106.514793,29.552773],[106.514539,29.552083],[106.514327,29.551509],[106.514257,29.551341],[106.51418,29.551173],[106.51408,29.55093],[106.514015,29.550783],[106.513887,29.550509],[106.513777,29.550325],[106.513679,29.55016],[106.513577,29.550027],[106.513459,29.549884]]}},{"id":"('way', 1026750579)","type":"Feature","properties":{"railway":"subway","bridge":"yes","tunnel":null,"layer":"2","name":"9\u53f7\u7ebf","base_elevation":45,"location":null,"level":null},"geometry":{"type":"LineString","coordinates":[[106.513518,29.549854],[106.51362,29.549982],[106.513726,29.550138],[106.513833,29.550286],[106.513937,29.550486],[106.51406,29.550748],[106.514135,29.550903],[106.514238,29.551162],[106.514319,29.551336],[106.514389,29.551505],[106.514488,29.55178],[106.514591,29.55207],[106.514844,29.552758],[106.515053,29.553341],[106.516954,29.558306]]}},{"id":"('way', 1026750584)","type":"Feature","properties":{"railway":"platform","bridge":null,"tunnel":null,"layer":null,"name":null,"base_elevation":53,"location":null,"level":null},"geometry":{"type":"Polygon","coordinates":[[[106.568063,29.597786],[106.568127,29.597755],[106.567442,29.596688],[106.567378,29.596719],[106.568063,29.597786]]]}},{"id":"('way', 1026750585)","type":"Feature","properties":{"railway":"platform","bridge":null,"tunnel":null,"layer":null,"name":null,"base_elevation":53,"location":null,"level":null},"geometry":{"type":"Polygon","coordinates":[[[106.568216,29.597712],[106.56828,29.597681],[106.567595,29.596615],[106.567532,29.596646],[106.568216,29.597712]]]}},{"id":"('way', 1026750588)","type":"Feature","properties":{"railway":"subway","bridge":null,"tunnel":null,"layer":null,"name":"9\u53f7\u7ebf","base_elevation":46,"location":null,"level":null},"geometry":{"type":"LineString","coordinates":[[106.56545,29.593551],[106.566155,29.594629]]}},{"id":"('way', 1026750589)","type":"Feature","properties":{"railway":"subway","bridge":null,"tunnel":null,"layer":null,"name":"9\u53f7\u7ebf","base_elevation":46,"location":null,"level":null},"geometry":{"type":"LineString","coordinates":[[106.566113,29.594658],[106.565403,29.593566]]}},{"id":"('way', 1026750590)","type":"Feature","properties":{"railway":"subway","bridge":"viaduct","tunnel":null,"layer":"1","name":"9\u53f7\u7ebf","base_elevation":46,"location":null,"level":null},"geometry":{"type":"LineString","coordinates":[[106.569288,29.601015],[106.569304,29.600843],[106.569315,29.600648],[106.569314,29.600435],[106.569302,29.600234],[106.569276,29.600029],[106.569233,29.599817],[106.56919,29.599649],[106.569119,29.599436],[106.569049,29.599247],[106.568963,29.599064],[106.568885,29.598911],[106.568765,29.598703],[106.568617,29.598466],[106.568399,29.598135],[106.567772,29.597158],[106.566113,29.594658]]}},{"id":"('way', 1026750591)","type":"Feature","properties":{"railway":"subway","bridge":"viaduct","tunnel":null,"layer":"1","name":"9\u53f7\u7ebf","base_elevation":44,"location":null,"level":null},"geometry":{"type":"LineString","coordinates":[[106.566155,29.594629],[106.567253,29.596258],[106.567818,29.597135],[106.568443,29.598105],[106.568596,29.598342],[106.568749,29.598572],[106.568881,29.598796],[106.568977,29.598973],[106.569056,29.599134],[106.569134,29.599319],[106.569196,29.599486],[106.569253,29.599675],[106.5693,29.599862],[106.569325,29.599992],[106.569353,29.600186],[106.569362,29.600343],[106.569368,29.600488],[106.569364,29.600765],[106.569352,29.600945],[106.569341,29.601031]]}},{"id":"('way', 1027041523)","type":"Feature","properties":{"railway":"platform","bridge":null,"tunnel":null,"layer":"-3","name":null,"base_elevation":107,"location":"underground","level":"-3"},"geometry":{"type":"Polygon","coordinates":[[[106.569481,29.610606],[106.569403,29.610713],[106.570631,29.611376],[106.570704,29.611273],[106.569481,29.610606]]]}},{"id":"('way', 1027041524)","type":"Feature","properties":{"railway":"platform","bridge":null,"tunnel":null,"layer":"-2","name":null,"base_elevation":106,"location":"underground","level":"-2"},"geometry":{"type":"Polygon","coordinates":[[[106.569476,29.610613],[106.569401,29.610718],[106.570625,29.611386],[106.5707,29.61128],[106.569476,29.610613]]]}},{"id":"('way', 1027041529)","type":"Feature","properties":{"railway":"platform","bridge":null,"tunnel":null,"layer":"-2","name":null,"base_elevation":84,"location":null,"level":"-2"},"geometry":{"type":"Polygon","coordinates":[[[106.579499,29.618986],[106.57945,29.619033],[106.580506,29.619868],[106.580555,29.619821],[106.579499,29.618986]]]}},{"id":"('way', 1027041530)","type":"Feature","properties":{"railway":"platform","bridge":null,"tunnel":null,"layer":"-2","name":null,"base_elevation":83,"location":null,"level":"-2"},"geometry":{"type":"Polygon","coordinates":[[[106.580404,29.61997],[106.580449,29.619926],[106.579399,29.619094],[106.579353,29.619137],[106.580404,29.61997]]]}},{"id":"('way', 1046892077)","type":"Feature","properties":{"railway":"rail","bridge":null,"tunnel":null,"layer":null,"name":null,"base_elevation":70,"location":null,"level":null},"geometry":{"type":"LineString","coordinates":[[106.53512,29.54729],[106.535615,29.547627],[106.536082,29.547916]]}},{"id":"('way', 1046892079)","type":"Feature","properties":{"railway":"rail","bridge":null,"tunnel":null,"layer":null,"name":"\u673a\u8d70\u7ebf","base_elevation":81,"location":null,"level":null},"geometry":{"type":"LineString","coordinates":[[106.534414,29.547076],[106.535008,29.547468],[106.535287,29.547624],[106.535585,29.547794]]}},{"id":"('way', 1046892082)","type":"Feature","properties":{"railway":"rail","bridge":null,"tunnel":null,"layer":null,"name":null,"base_elevation":75,"location":null,"level":null},"geometry":{"type":"LineString","coordinates":[[106.535813,29.54789],[106.536065,29.548095],[106.536389,29.548347]]}},{"id":"('way', 1046892083)","type":"Feature","properties":{"railway":"rail","bridge":null,"tunnel":null,"layer":null,"name":null,"base_elevation":79,"location":null,"level":null},"geometry":{"type":"LineString","coordinates":[[106.535781,29.547923],[106.536065,29.548095],[106.536419,29.548302]]}},{"id":"('way', 1046892084)","type":"Feature","properties":{"railway":"rail","bridge":null,"tunnel":null,"layer":null,"name":null,"base_elevation":69,"location":null,"level":null},"geometry":{"type":"LineString","coordinates":[[106.536603,29.548396],[106.536892,29.548537],[106.537247,29.548703]]}},{"id":"('way', 1046892085)","type":"Feature","properties":{"railway":"rail","bridge":null,"tunnel":null,"layer":null,"name":null,"base_elevation":69,"location":null,"level":null},"geometry":{"type":"LineString","coordinates":[[106.536609,29.548346],[106.536892,29.548537],[106.53724,29.54876]]}},{"id":"('way', 1046905678)","type":"Feature","properties":{"railway":"rail","bridge":null,"tunnel":null,"layer":null,"name":null,"base_elevation":63,"location":null,"level":null},"geometry":{"type":"LineString","coordinates":[[106.54315,29.55224],[106.542879,29.552124],[106.538542,29.549696],[106.538167,29.549463],[106.537508,29.549034],[106.536715,29.548505],[106.536419,29.548302],[106.535813,29.54789]]}},{"id":"('way', 1046905679)","type":"Feature","properties":{"railway":"rail","bridge":null,"tunnel":null,"layer":null,"name":null,"base_elevation":75,"location":null,"level":null},"geometry":{"type":"LineString","coordinates":[[106.535394,29.547548],[106.535494,29.547642],[106.535596,29.547729],[106.535813,29.54789]]}},{"id":"('way', 1046905681)","type":"Feature","properties":{"railway":"rail","bridge":null,"tunnel":null,"layer":null,"name":null,"base_elevation":79,"location":null,"level":null},"geometry":{"type":"LineString","coordinates":[[106.533663,29.546335],[106.533851,29.546493],[106.534343,29.546926],[106.534605,29.547132],[106.535039,29.54743],[106.535398,29.547672],[106.535585,29.547794],[106.535781,29.547923],[106.536389,29.548347]]}},{"id":"('way', 1046905683)","type":"Feature","properties":{"railway":"rail","bridge":null,"tunnel":null,"layer":null,"name":null,"base_elevation":81,"location":null,"level":null},"geometry":{"type":"LineString","coordinates":[[106.535394,29.547548],[106.534908,29.547217]]}},{"id":"('way', 1046905684)","type":"Feature","properties":{"railway":"rail","bridge":null,"tunnel":null,"layer":null,"name":null,"base_elevation":74,"location":null,"level":null},"geometry":{"type":"LineString","coordinates":[[106.537099,29.548817],[106.53691,29.54869],[106.536624,29.548508],[106.536389,29.548347]]}},{"id":"('way', 1046948951)","type":"Feature","properties":{"railway":"rail","bridge":null,"tunnel":null,"layer":null,"name":null,"base_elevation":51,"location":null,"level":null},"geometry":{"type":"LineString","coordinates":[[106.527557,29.504506],[106.527744,29.504299],[106.528082,29.503998],[106.52829,29.50383],[106.528678,29.503544],[106.529058,29.503269],[106.529282,29.503103]]}},{"id":"('way', 1054154217)","type":"Feature","properties":{"railway":"platform","bridge":null,"tunnel":null,"layer":"-2","name":null,"base_elevation":82,"location":null,"level":"-2"},"geometry":{"type":"Polygon","coordinates":[[[106.592414,29.62714],[106.592276,29.627157],[106.592471,29.628365],[106.592609,29.628349],[106.592414,29.62714]]]}},{"id":"('way', 1055889725)","type":"Feature","properties":{"railway":"platform","bridge":null,"tunnel":null,"layer":null,"name":null,"base_elevation":65,"location":null,"level":null},"geometry":{"type":"Polygon","coordinates":[[[106.533599,29.567204],[106.533356,29.566163],[106.533228,29.566185],[106.533473,29.567228],[106.533599,29.567204]]]}},{"id":"('way', 1055889726)","type":"Feature","properties":{"railway":"monorail","bridge":"yes","tunnel":null,"layer":"3","name":"3\u53f7\u7ebf","base_elevation":54,"location":null,"level":null},"geometry":{"type":"LineString","coordinates":[[106.546872,29.554261],[106.546995,29.554062],[106.547098,29.553803],[106.547208,29.553501],[106.547252,29.553314],[106.547285,29.553095],[106.547741,29.540005],[106.547768,29.539358],[106.547796,29.539028],[106.547866,29.538719]]}},{"id":"('way', 1055889727)","type":"Feature","properties":{"railway":"platform","bridge":null,"tunnel":null,"layer":null,"name":null,"base_elevation":36,"location":null,"level":null},"geometry":{"type":"Polygon","coordinates":[[[106.538462,29.562206],[106.538551,29.562148],[106.538619,29.562101],[106.538689,29.56205],[106.538767,29.561986],[106.538832,29.561927],[106.538883,29.561877],[106.538934,29.561823],[106.538986,29.561763],[106.539033,29.561704],[106.539069,29.561659],[106.53911,29.561599],[106.539149,29.561543],[106.539115,29.561525],[106.539035,29.56164],[106.538998,29.561688],[106.538955,29.56174],[106.538927,29.561774],[106.538896,29.561808],[106.538853,29.561852],[106.538805,29.561899],[106.538742,29.561956],[106.538662,29.562022],[106.538597,29.562072],[106.538527,29.56212],[106.538439,29.562177],[106.538462,29.562206]]]}},{"id":"('way', 1055889728)","type":"Feature","properties":{"railway":"platform","bridge":null,"tunnel":null,"layer":null,"name":null,"base_elevation":33,"location":null,"level":null},"geometry":{"type":"Polygon","coordinates":[[[106.538408,29.562126],[106.538474,29.562083],[106.538542,29.562035],[106.538607,29.561986],[106.538688,29.561923],[106.538748,29.561868],[106.538803,29.561815],[106.538857,29.561758],[106.538907,29.5617],[106.538954,29.561639],[106.538992,29.561589],[106.539058,29.561497],[106.539023,29.561477],[106.538956,29.56157],[106.53892,29.561619],[106.538876,29.56167],[106.538822,29.561732],[106.538775,29.561783],[106.538726,29.56183],[106.538663,29.561886],[106.538583,29.561952],[106.538518,29.562002],[106.538448,29.56205],[106.538379,29.562092],[106.538408,29.562126]]]}},{"id":"('way', 1055889729)","type":"Feature","properties":{"railway":"platform","bridge":null,"tunnel":null,"layer":"-3","name":null,"base_elevation":114,"location":null,"level":null},"geometry":{"type":"Polygon","coordinates":[[[106.545139,29.555832],[106.545844,29.555353],[106.545926,29.555298],[106.546015,29.555237],[106.546102,29.555177],[106.546024,29.55509],[106.545061,29.555744],[106.545139,29.555832]]]}},{"id":"('way', 1055889732)","type":"Feature","properties":{"railway":"monorail","bridge":"yes","tunnel":null,"layer":"3","name":"3\u53f7\u7ebf","base_elevation":19,"location":null,"level":null},"geometry":{"type":"LineString","coordinates":[[106.533337,29.566743],[106.533205,29.566179],[106.533166,29.566007],[106.533138,29.565851],[106.53312,29.565726],[106.533113,29.565601],[106.533106,29.565479],[106.533115,29.565333],[106.533133,29.565203],[106.533161,29.565084],[106.533207,29.564943],[106.533256,29.564822],[106.533315,29.564696],[106.533393,29.564563],[106.533468,29.564449],[106.533561,29.564335],[106.533659,29.564228],[106.533744,29.564137],[106.533822,29.564071],[106.533925,29.563995],[106.534052,29.563918],[106.534164,29.563853],[106.534414,29.563726],[106.534567,29.563654],[106.534724,29.563585],[106.535742,29.563198],[106.53742,29.562559],[106.537707,29.562452],[106.537892,29.562382],[106.538021,29.562332],[106.538136,29.562282],[106.538214,29.562246],[106.538298,29.562203],[106.538376,29.56216],[106.538451,29.562114],[106.538534,29.562059],[106.538613,29.561999],[106.538694,29.561934],[106.538769,29.561868]]}},{"id":"('way', 1055889735)","type":"Feature","properties":{"railway":"platform","bridge":null,"tunnel":null,"layer":"-2","name":null,"base_elevation":115,"location":null,"level":null},"geometry":{"type":"Polygon","coordinates":[[[106.545219,29.555719],[106.543982,29.555808],[106.543994,29.555937],[106.545231,29.555848],[106.545219,29.555719]]]}},{"id":"('way', 1055889737)","type":"Feature","properties":{"railway":"platform","bridge":null,"tunnel":null,"layer":null,"name":null,"base_elevation":31,"location":null,"level":null},"geometry":{"type":"Polygon","coordinates":[[[106.539036,29.563948],[106.538559,29.562966],[106.538507,29.562986],[106.538984,29.563967],[106.539036,29.563948]]]}},{"id":"('way', 1055889738)","type":"Feature","properties":{"railway":"platform","bridge":null,"tunnel":null,"layer":null,"name":null,"base_elevation":36,"location":null,"level":null},"geometry":{"type":"Polygon","coordinates":[[[106.53916,29.563903],[106.538683,29.562921],[106.538631,29.562941],[106.538885,29.563463],[106.538993,29.563684],[106.539108,29.563921],[106.539128,29.563914],[106.53916,29.563903]]]}},{"id":"('way', 1055889739)","type":"Feature","properties":{"railway":"platform","bridge":null,"tunnel":null,"layer":null,"name":null,"base_elevation":130,"location":null,"level":null},"geometry":{"type":"Polygon","coordinates":[[[106.560202,29.53443],[106.558985,29.534451],[106.558987,29.53453],[106.560204,29.534508],[106.560202,29.53443]]]}},{"id":"('way', 1057086589)","type":"Feature","properties":{"railway":"platform","bridge":null,"tunnel":null,"layer":null,"name":null,"base_elevation":144,"location":null,"level":null},"geometry":{"type":"Polygon","coordinates":[[[106.504532,29.61992],[106.504655,29.61992],[106.50465,29.618654],[106.504526,29.618654],[106.504532,29.61992]]]}},{"id":"('way', 1066662495)","type":"Feature","properties":{"railway":"subway","bridge":"yes","tunnel":null,"layer":"1","name":"4\u53f7\u7ebf","base_elevation":95,"location":null,"level":null},"geometry":{"type":"LineString","coordinates":[[106.605618,29.625383],[106.606485,29.625917],[106.607041,29.626252],[106.607342,29.626403],[106.607749,29.626562],[106.6082,29.626693],[106.60859,29.626765],[106.609702,29.62689]]}},{"id":"('way', 1066662496)","type":"Feature","properties":{"railway":"subway","bridge":"yes","tunnel":null,"layer":"2","name":"4\u53f7\u7ebf","base_elevation":39,"location":null,"level":null},"geometry":{"type":"LineString","coordinates":[[106.59026,29.626012],[106.590859,29.625931],[106.591436,29.625834],[106.596491,29.624985],[106.597472,29.624801],[106.598826,29.624493],[106.599334,29.624382],[106.599812,29.624339],[106.600354,29.624361],[106.602358,29.624614],[106.604082,29.624853],[106.604435,29.624913],[106.604816,29.625008],[106.605185,29.625157],[106.605618,29.625383]]}},{"id":"('way', 1084547147)","type":"Feature","properties":{"railway":"subway","bridge":"viaduct","tunnel":null,"layer":"1","name":"9\u53f7\u7ebf","base_elevation":55,"location":null,"level":null},"geometry":{"type":"LineString","coordinates":[[106.505958,29.550438],[106.505313,29.550895]]}},{"id":"('way', 1084547148)","type":"Feature","properties":{"railway":"subway","bridge":"viaduct","tunnel":null,"layer":"1","name":"9\u53f7\u7ebf","base_elevation":55,"location":null,"level":null},"geometry":{"type":"LineString","coordinates":[[106.50529,29.550846],[106.505924,29.550402]]}},{"id":"('way', 1085235031)","type":"Feature","properties":{"railway":"subway","bridge":null,"tunnel":null,"layer":null,"name":null,"base_elevation":91,"location":null,"level":null},"geometry":{"type":"LineString","coordinates":[[106.657916,29.608935],[106.660019,29.610579]]}},{"id":"('way', 1085235032)","type":"Feature","properties":{"railway":"subway","bridge":null,"tunnel":null,"layer":null,"name":null,"base_elevation":91,"location":null,"level":null},"geometry":{"type":"LineString","coordinates":[[106.657517,29.608498],[106.657649,29.608637],[106.657717,29.608707],[106.657774,29.60876],[106.657836,29.608808],[106.657932,29.608882],[106.657961,29.608904],[106.660053,29.610544]]}},{"id":"('way', 1085235033)","type":"Feature","properties":{"railway":"subway","bridge":null,"tunnel":null,"layer":null,"name":null,"base_elevation":87,"location":null,"level":null},"geometry":{"type":"LineString","coordinates":[[106.657112,29.608185],[106.657326,29.608351],[106.657517,29.608498],[106.657968,29.608846],[106.657996,29.608868],[106.660088,29.610511]]}},{"id":"('way', 1085235034)","type":"Feature","properties":{"railway":"subway","bridge":null,"tunnel":null,"layer":null,"name":null,"base_elevation":84,"location":null,"level":null},"geometry":{"type":"LineString","coordinates":[[106.657326,29.608351],[106.657572,29.608489],[106.65779,29.608613],[106.657871,29.608662],[106.657926,29.608695],[106.658035,29.60878],[106.65806,29.6088],[106.660155,29.610447]]}},{"id":"('way', 1085235035)","type":"Feature","properties":{"railway":"subway","bridge":null,"tunnel":null,"layer":null,"name":null,"base_elevation":84,"location":null,"level":null},"geometry":{"type":"LineString","coordinates":[[106.657572,29.608489],[106.658002,29.608813],[106.658029,29.608833],[106.660122,29.610477]]}},{"id":"('way', 1085235036)","type":"Feature","properties":{"railway":"subway","bridge":null,"tunnel":null,"layer":null,"name":null,"base_elevation":91,"location":null,"level":null},"geometry":{"type":"LineString","coordinates":[[106.656618,29.60779],[106.656871,29.608051],[106.657466,29.608669],[106.657541,29.608733],[106.657638,29.608813],[106.657733,29.608889],[106.657843,29.60897],[106.657874,29.608993],[106.659968,29.610635]]}},{"id":"('way', 1085235037)","type":"Feature","properties":{"railway":"subway","bridge":null,"tunnel":null,"layer":null,"name":null,"base_elevation":93,"location":null,"level":null},"geometry":{"type":"LineString","coordinates":[[106.657466,29.608669],[106.657554,29.608778],[106.657618,29.608845],[106.657669,29.608894],[106.657811,29.609002],[106.657843,29.609026],[106.659934,29.61067]]}},{"id":"('way', 1085235038)","type":"Feature","properties":{"railway":"subway","bridge":null,"tunnel":null,"layer":null,"name":null,"base_elevation":93,"location":null,"level":null},"geometry":{"type":"LineString","coordinates":[[106.657066,29.608329],[106.657314,29.608593],[106.657412,29.608695],[106.657496,29.608787],[106.657578,29.608874],[106.657658,29.608949],[106.657775,29.609038],[106.657807,29.609063],[106.659901,29.610703]]}},{"id":"('way', 1085235039)","type":"Feature","properties":{"railway":"subway","bridge":null,"tunnel":null,"layer":null,"name":null,"base_elevation":96,"location":null,"level":null},"geometry":{"type":"LineString","coordinates":[[106.657314,29.608593],[106.657434,29.608768],[106.657484,29.608836],[106.657538,29.608897],[106.657605,29.608962],[106.657677,29.609021],[106.657742,29.60907],[106.657774,29.609094],[106.659866,29.610735]]}},{"id":"('way', 1085235040)","type":"Feature","properties":{"railway":"subway","bridge":null,"tunnel":null,"layer":null,"name":null,"base_elevation":96,"location":null,"level":null},"geometry":{"type":"LineString","coordinates":[[106.656871,29.608051],[106.657066,29.608329],[106.65737,29.608763],[106.657438,29.60885],[106.657494,29.608917],[106.657553,29.608979],[106.657627,29.609043],[106.657709,29.609103],[106.657735,29.609123],[106.659834,29.610767]]}},{"id":"('way', 1085235041)","type":"Feature","properties":{"railway":"subway","bridge":null,"tunnel":null,"layer":null,"name":null,"base_elevation":108,"location":null,"level":null},"geometry":{"type":"LineString","coordinates":[[106.655828,29.606809],[106.656264,29.607283],[106.656359,29.607419],[106.656472,29.607579],[106.656618,29.60779],[106.656774,29.608014],[106.656995,29.608331],[106.657133,29.608528],[106.657378,29.60888],[106.657444,29.608962],[106.657523,29.609041],[106.65761,29.609116],[106.657658,29.609154],[106.658659,29.609938]]}},{"id":"('way', 1085235042)","type":"Feature","properties":{"railway":"subway","bridge":null,"tunnel":null,"layer":null,"name":null,"base_elevation":108,"location":null,"level":null},"geometry":{"type":"LineString","coordinates":[[106.657133,29.608528],[106.657252,29.608767],[106.657324,29.608879],[106.657395,29.608976],[106.657483,29.609069],[106.657574,29.609145],[106.657626,29.609186],[106.658623,29.609967]]}},{"id":"('way', 1085235043)","type":"Feature","properties":{"railway":"subway","bridge":null,"tunnel":null,"layer":null,"name":null,"base_elevation":108,"location":null,"level":null},"geometry":{"type":"LineString","coordinates":[[106.656995,29.608331],[106.657155,29.608674],[106.657221,29.608806],[106.657288,29.608913],[106.657378,29.609026],[106.65745,29.609102],[106.657548,29.609178],[106.657596,29.609216],[106.658597,29.61]]}},{"id":"('way', 1085235044)","type":"Feature","properties":{"railway":"subway","bridge":null,"tunnel":null,"layer":null,"name":null,"base_elevation":108,"location":null,"level":null},"geometry":{"type":"LineString","coordinates":[[106.656774,29.608014],[106.656917,29.608306],[106.65705,29.608581],[106.657077,29.608635],[106.657145,29.608765],[106.657214,29.608885],[106.657296,29.609],[106.657387,29.609101],[106.657512,29.609207],[106.657564,29.609247],[106.658561,29.610029]]}},{"id":"('way', 1085235045)","type":"Feature","properties":{"railway":"subway","bridge":null,"tunnel":null,"layer":null,"name":null,"base_elevation":79,"location":null,"level":null},"geometry":{"type":"LineString","coordinates":[[106.657454,29.608281],[106.657755,29.608396],[106.657904,29.608466],[106.658007,29.608522],[106.658116,29.608588],[106.658179,29.608637],[106.660374,29.610323]]}},{"id":"('way', 1085235046)","type":"Feature","properties":{"railway":"subway","bridge":null,"tunnel":null,"layer":null,"name":null,"base_elevation":81,"location":null,"level":null},"geometry":{"type":"LineString","coordinates":[[106.656721,29.607768],[106.657002,29.607987],[106.657102,29.608065],[106.657226,29.608149],[106.657353,29.608227],[106.657454,29.608281],[106.657686,29.608407],[106.657813,29.608487],[106.65805,29.608662],[106.658109,29.608706],[106.660305,29.610383]]}},{"id":"('way', 1085235047)","type":"Feature","properties":{"railway":"subway","bridge":null,"tunnel":null,"layer":null,"name":null,"base_elevation":116,"location":null,"level":null},"geometry":{"type":"LineString","coordinates":[[106.655794,29.606829],[106.656031,29.607082],[106.656234,29.607304],[106.656359,29.607419],[106.656509,29.607556]]}},{"id":"('way', 1085235048)","type":"Feature","properties":{"railway":"subway","bridge":null,"tunnel":null,"layer":null,"name":null,"base_elevation":116,"location":null,"level":null},"geometry":{"type":"LineString","coordinates":[[106.656234,29.607304],[106.656472,29.607579]]}},{"id":"('way', 1085235049)","type":"Feature","properties":{"railway":"subway","bridge":null,"tunnel":null,"layer":null,"name":null,"base_elevation":115,"location":null,"level":null},"geometry":{"type":"LineString","coordinates":[[106.656699,29.607673],[106.657002,29.607987]]}},{"id":"('way', 1085235050)","type":"Feature","properties":{"railway":"subway","bridge":null,"tunnel":null,"layer":null,"name":null,"base_elevation":76,"location":null,"level":null},"geometry":{"type":"LineString","coordinates":[[106.658519,29.608594],[106.659871,29.60967],[106.660449,29.610129]]}},{"id":"('way', 1085235051)","type":"Feature","properties":{"railway":"subway","bridge":null,"tunnel":null,"layer":null,"name":null,"base_elevation":75,"location":null,"level":null},"geometry":{"type":"LineString","coordinates":[[106.655851,29.60632],[106.657031,29.607587],[106.657051,29.607608],[106.657115,29.607676],[106.657186,29.60774],[106.657266,29.607798],[106.657354,29.607855],[106.65782,29.608121],[106.658237,29.608359],[106.658382,29.608442],[106.65846,29.608493],[106.658524,29.608539],[106.658624,29.608613],[106.658846,29.608791],[106.660245,29.609898],[106.660589,29.610171]]}},{"id":"('way', 1085235052)","type":"Feature","properties":{"railway":"subway","bridge":null,"tunnel":null,"layer":null,"name":null,"base_elevation":75,"location":null,"level":null},"geometry":{"type":"LineString","coordinates":[[106.659871,29.60967],[106.660245,29.609898]]}},{"id":"('way', 1085235053)","type":"Feature","properties":{"railway":"subway","bridge":null,"tunnel":null,"layer":null,"name":null,"base_elevation":112,"location":null,"level":null},"geometry":{"type":"LineString","coordinates":[[106.656151,29.606452],[106.657118,29.607521],[106.657144,29.607549],[106.65723,29.607641],[106.657312,29.607716],[106.6574,29.607781],[106.657533,29.607863],[106.657766,29.607996]]}},{"id":"('way', 1085235054)","type":"Feature","properties":{"railway":"subway","bridge":null,"tunnel":null,"layer":null,"name":null,"base_elevation":111,"location":null,"level":null},"geometry":{"type":"LineString","coordinates":[[106.655803,29.60635],[106.656981,29.607624],[106.657027,29.607674],[106.657119,29.607763],[106.65722,29.60784],[106.657363,29.607932],[106.657505,29.607996],[106.65782,29.608121]]}},{"id":"('way', 1085235055)","type":"Feature","properties":{"railway":"subway","bridge":null,"tunnel":null,"layer":null,"name":null,"base_elevation":105,"location":null,"level":null},"geometry":{"type":"LineString","coordinates":[[106.656206,29.606416],[106.657172,29.60748],[106.657199,29.607509],[106.657261,29.607577],[106.657348,29.607666],[106.657427,29.607733],[106.657766,29.607996],[106.658237,29.608359]]}},{"id":"('way', 1085235056)","type":"Feature","properties":{"railway":"subway","bridge":null,"tunnel":null,"layer":null,"name":null,"base_elevation":101,"location":null,"level":null},"geometry":{"type":"LineString","coordinates":[[106.654841,29.607415],[106.657587,29.609598],[106.659506,29.611124]]}},{"id":"('way', 1085235057)","type":"Feature","properties":{"railway":"subway","bridge":null,"tunnel":null,"layer":null,"name":null,"base_elevation":108,"location":null,"level":null},"geometry":{"type":"LineString","coordinates":[[106.657587,29.609598],[106.657412,29.60943],[106.657366,29.609367],[106.657333,29.60932],[106.657298,29.609269],[106.657239,29.609147],[106.657199,29.60905],[106.657155,29.60892],[106.65705,29.608581]]}},{"id":"('way', 1085235058)","type":"Feature","properties":{"railway":"subway","bridge":null,"tunnel":null,"layer":null,"name":null,"base_elevation":108,"location":null,"level":null},"geometry":{"type":"LineString","coordinates":[[106.657167,29.609114],[106.656917,29.608306]]}},{"id":"('way', 1085235062)","type":"Feature","properties":{"railway":"subway","bridge":"yes","tunnel":null,"layer":"1","name":null,"base_elevation":74,"location":null,"level":null},"geometry":{"type":"LineString","coordinates":[[106.638763,29.608567],[106.639441,29.608641],[106.639701,29.608664],[106.63996,29.608688]]}},{"id":"('way', 1085235063)","type":"Feature","properties":{"railway":"subway","bridge":"yes","tunnel":null,"layer":"1","name":null,"base_elevation":81,"location":null,"level":null},"geometry":{"type":"LineString","coordinates":[[106.63944,29.608676],[106.63996,29.608688],[106.641109,29.608732],[106.642844,29.608788],[106.642903,29.608789]]}},{"id":"('way', 1085235065)","type":"Feature","properties":{"railway":"subway","bridge":"yes","tunnel":null,"layer":"3","name":null,"base_elevation":46,"location":null,"level":null},"geometry":{"type":"LineString","coordinates":[[106.642903,29.608789],[106.643268,29.608794],[106.643582,29.608795],[106.643916,29.608774],[106.644327,29.608732],[106.64461,29.608698],[106.644857,29.608657],[106.645031,29.608627],[106.645197,29.608587],[106.64555,29.608503],[106.645846,29.608414],[106.646114,29.608338],[106.646386,29.608253],[106.651482,29.606636]]}},{"id":"('way', 1085235066)","type":"Feature","properties":{"railway":"subway","bridge":null,"tunnel":null,"layer":null,"name":null,"base_elevation":120,"location":null,"level":null},"geometry":{"type":"LineString","coordinates":[[106.654867,29.606157],[106.654934,29.606177],[106.655126,29.606263],[106.655303,29.606363],[106.655438,29.606457],[106.655614,29.60662],[106.655794,29.606829]]}},{"id":"('way', 1085235067)","type":"Feature","properties":{"railway":"subway","bridge":null,"tunnel":null,"layer":null,"name":null,"base_elevation":120,"location":null,"level":null},"geometry":{"type":"LineString","coordinates":[[106.654888,29.606121],[106.655092,29.6062],[106.655282,29.606305],[106.655484,29.606445],[106.655653,29.606599],[106.655828,29.606809]]}},{"id":"('way', 1085235072)","type":"Feature","properties":{"railway":"subway","bridge":null,"tunnel":null,"layer":null,"name":null,"base_elevation":113,"location":null,"level":null},"geometry":{"type":"LineString","coordinates":[[106.654706,29.605489],[106.655054,29.605889],[106.655082,29.605922],[106.655129,29.605971],[106.655187,29.606028],[106.655428,29.606225]]}},{"id":"('way', 1085235073)","type":"Feature","properties":{"railway":"subway","bridge":null,"tunnel":null,"layer":null,"name":null,"base_elevation":109,"location":null,"level":null},"geometry":{"type":"LineString","coordinates":[[106.654749,29.605453],[106.655095,29.605859],[106.655158,29.605932],[106.655428,29.606225],[106.655515,29.606323],[106.655597,29.606415]]}},{"id":"('way', 1085235074)","type":"Feature","properties":{"railway":"subway","bridge":null,"tunnel":null,"layer":null,"name":null,"base_elevation":103,"location":null,"level":null},"geometry":{"type":"LineString","coordinates":[[106.654795,29.605424],[106.65514,29.605826],[106.655394,29.606123],[106.655425,29.606164],[106.655479,29.606241],[106.655597,29.606415],[106.655727,29.606606]]}},{"id":"('way', 1085725881)","type":"Feature","properties":{"railway":"platform","bridge":null,"tunnel":null,"layer":"-3","name":null,"base_elevation":116,"location":"underground","level":null},"geometry":{"type":"Polygon","coordinates":[[[106.578843,29.56136],[106.579464,29.5623],[106.579554,29.562254],[106.578933,29.561315],[106.578843,29.56136]]]}},{"id":"('way', 1085725885)","type":"Feature","properties":{"railway":"platform","bridge":null,"tunnel":null,"layer":"-3","name":null,"base_elevation":67,"location":"underground","level":null},"geometry":{"type":"Polygon","coordinates":[[[106.582134,29.566846],[106.582713,29.567809],[106.582772,29.567782],[106.582193,29.566819],[106.582134,29.566846]]]}},{"id":"('way', 1085725886)","type":"Feature","properties":{"railway":"platform","bridge":null,"tunnel":null,"layer":"-3","name":null,"base_elevation":74,"location":"underground","level":null},"geometry":{"type":"Polygon","coordinates":[[[106.582217,29.566808],[106.582789,29.56777],[106.582859,29.567738],[106.582287,29.566776],[106.582217,29.566808]]]}},{"id":"('way', 1085725887)","type":"Feature","properties":{"railway":"platform","bridge":null,"tunnel":null,"layer":"-3","name":null,"base_elevation":74,"location":"underground","level":null},"geometry":{"type":"Polygon","coordinates":[[[106.582314,29.566762],[106.58288,29.567731],[106.582939,29.567704],[106.582373,29.566735],[106.582314,29.566762]]]}},{"id":"('way', 1085725889)","type":"Feature","properties":{"railway":"platform","bridge":null,"tunnel":null,"layer":"-2","name":null,"base_elevation":110,"location":null,"level":null},"geometry":{"type":"Polygon","coordinates":[[[106.567278,29.55661],[106.568404,29.556262],[106.568365,29.556169],[106.56724,29.556516],[106.567278,29.55661]]]}},{"id":"('way', 1112268276)","type":"Feature","properties":{"railway":"monorail","bridge":"yes","tunnel":null,"layer":"2","name":null,"base_elevation":125,"location":null,"level":null},"geometry":{"type":"LineString","coordinates":[[106.572167,29.51877],[106.572126,29.518369]]}},{"id":"('way', 1112268277)","type":"Feature","properties":{"railway":"monorail","bridge":"yes","tunnel":null,"layer":"2","name":null,"base_elevation":123,"location":null,"level":null},"geometry":{"type":"LineString","coordinates":[[106.571694,29.516571],[106.571752,29.516895],[106.571857,29.517387],[106.571941,29.517782],[106.572065,29.518189],[106.572126,29.518369],[106.572168,29.518492],[106.572217,29.518615],[106.572324,29.51878]]}},{"id":"('way', 1112309835)","type":"Feature","properties":{"railway":"monorail","bridge":null,"tunnel":null,"layer":null,"name":"3\u53f7\u7ebf","base_elevation":147,"location":null,"level":null},"geometry":{"type":"LineString","coordinates":[[106.529876,29.603027],[106.530234,29.603039],[106.530615,29.603037],[106.531109,29.603009],[106.531787,29.60293]]}},{"id":"('way', 1112309836)","type":"Feature","properties":{"railway":"monorail","bridge":"viaduct","tunnel":null,"layer":"2","name":"3\u53f7\u7ebf","base_elevation":89,"location":null,"level":null},"geometry":{"type":"LineString","coordinates":[[106.531787,29.60293],[106.532208,29.602867],[106.533364,29.602657],[106.536239,29.6021],[106.536916,29.601972],[106.537595,29.601848],[106.538115,29.601759],[106.538632,29.601696],[106.539102,29.60165],[106.539879,29.601577],[106.54048,29.601554],[106.541486,29.601516],[106.542224,29.601509],[106.543404,29.601495],[106.543715,29.601491],[106.543946,29.601495],[106.544136,29.601523],[106.544332,29.601565],[106.544557,29.60164],[106.544748,29.601731],[106.544898,29.601836],[106.545059,29.60199],[106.545187,29.602123],[106.545273,29.602256],[106.545338,29.602377],[106.545383,29.602515],[106.54541,29.602662],[106.545419,29.602806],[106.545434,29.603074],[106.545437,29.603408],[106.545443,29.604089],[106.545452,29.60512],[106.545448,29.605868],[106.545483,29.607008]]}},{"id":"('way', 1112325318)","type":"Feature","properties":{"railway":"monorail","bridge":"viaduct","tunnel":null,"layer":"2","name":"3\u53f7\u7ebf","base_elevation":131,"location":null,"level":null},"geometry":{"type":"LineString","coordinates":[[106.554236,29.631995],[106.555408,29.632549],[106.556465,29.633089],[106.557168,29.633472],[106.563488,29.636517],[106.566216,29.637826],[106.566986,29.638189],[106.567643,29.638499],[106.567966,29.638647],[106.568332,29.638862],[106.568605,29.639097],[106.568732,29.639262],[106.568863,29.639505],[106.568937,29.639833],[106.568924,29.640178],[106.568858,29.64046],[106.568747,29.640656],[106.568267,29.64136],[106.567689,29.642171],[106.563738,29.646176],[106.56217,29.647766],[106.560971,29.64914],[106.559273,29.651369]]}},{"id":"('way', 1112325319)","type":"Feature","properties":{"railway":"monorail","bridge":null,"tunnel":null,"layer":null,"name":"3\u53f7\u7ebf","base_elevation":128,"location":null,"level":null},"geometry":{"type":"LineString","coordinates":[[106.549657,29.630716],[106.550213,29.630909],[106.550809,29.631059],[106.551509,29.631237],[106.552,29.631362],[106.553687,29.631788],[106.554236,29.631995]]}},{"id":"('way', 1112346387)","type":"Feature","properties":{"railway":"monorail","bridge":"viaduct","tunnel":null,"layer":"3","name":"3\u53f7\u7ebf","base_elevation":72,"location":null,"level":null},"geometry":{"type":"LineString","coordinates":[[106.533494,29.567366],[106.533454,29.567233],[106.533344,29.566768],[106.533337,29.566743]]}},{"id":"('way', 1112346388)","type":"Feature","properties":{"railway":"monorail","bridge":"viaduct","tunnel":null,"layer":"3","name":"3\u53f7\u7ebf","base_elevation":73,"location":null,"level":null},"geometry":{"type":"LineString","coordinates":[[106.533506,29.56671],[106.533623,29.567199]]}},{"id":"('way', 1112346389)","type":"Feature","properties":{"railway":"monorail","bridge":"viaduct","tunnel":null,"layer":"3","name":"3\u53f7\u7ebf","base_elevation":57,"location":null,"level":null},"geometry":{"type":"LineString","coordinates":[[106.541034,29.558832],[106.540911,29.558958],[106.540816,29.559072],[106.540727,29.55917],[106.540629,29.559285],[106.540517,29.559433],[106.540432,29.559541],[106.540355,29.559649],[106.539933,29.560262],[106.539339,29.561181],[106.539238,29.561325],[106.539112,29.561504],[106.539023,29.561631],[106.53899,29.561676],[106.538948,29.561729],[106.5389,29.561784],[106.538855,29.561833],[106.538793,29.561895]]}},{"id":"('way', 1112346390)","type":"Feature","properties":{"railway":"monorail","bridge":"viaduct","tunnel":null,"layer":"3","name":"3\u53f7\u7ebf","base_elevation":61,"location":null,"level":null},"geometry":{"type":"LineString","coordinates":[[106.538769,29.561868],[106.538835,29.561802],[106.538913,29.561713],[106.538995,29.561608],[106.539087,29.561477],[106.539154,29.561389],[106.539207,29.561313],[106.539275,29.561212],[106.539305,29.561163],[106.540118,29.559913],[106.540249,29.559716],[106.54033,29.559592],[106.540418,29.559476],[106.540512,29.559355],[106.540602,29.559237],[106.54071,29.55911],[106.540796,29.559005],[106.540889,29.558904],[106.540986,29.558801],[106.540993,29.558794]]}},{"id":"('way', 1112647187)","type":"Feature","properties":{"railway":"subway","bridge":"yes","tunnel":null,"layer":"1","name":"\u73af\u7ebf","base_elevation":92,"location":null,"level":null},"geometry":{"type":"LineString","coordinates":[[106.574529,29.521267],[106.573884,29.520907],[106.573379,29.520635]]}},{"id":"('way', 1112647188)","type":"Feature","properties":{"railway":"subway","bridge":"yes","tunnel":null,"layer":"1","name":"\u73af\u7ebf","base_elevation":92,"location":null,"level":null},"geometry":{"type":"LineString","coordinates":[[106.573338,29.520395],[106.573972,29.520765],[106.574625,29.521138]]}},{"id":"('way', 1112647189)","type":"Feature","properties":{"railway":"station","bridge":null,"tunnel":null,"layer":"1","name":"\u56db\u516c\u91cc","base_elevation":92,"location":null,"level":null},"geometry":{"type":"Polygon","coordinates":[[[106.574509,29.521295],[106.574529,29.521267],[106.574625,29.521138],[106.574652,29.521102],[106.573329,29.520346],[106.573338,29.520395],[106.573379,29.520635],[106.573385,29.520667],[106.574509,29.521295]]]}},{"id":"('way', 1112647190)","type":"Feature","properties":{"railway":"subway","bridge":null,"tunnel":null,"layer":null,"name":"\u73af\u7ebf","base_elevation":104,"location":null,"level":null},"geometry":{"type":"LineString","coordinates":[[106.544649,29.520749],[106.544779,29.52072]]}},{"id":"('way', 1112647192)","type":"Feature","properties":{"railway":"subway","bridge":null,"tunnel":null,"layer":null,"name":"\u73af\u7ebf","base_elevation":106,"location":null,"level":null},"geometry":{"type":"LineString","coordinates":[[106.544218,29.520936],[106.54399,29.520986],[106.543431,29.521109]]}},{"id":"('way', 1112647193)","type":"Feature","properties":{"railway":"subway","bridge":null,"tunnel":null,"layer":null,"name":"\u73af\u7ebf","base_elevation":106,"location":null,"level":null},"geometry":{"type":"LineString","coordinates":[[106.544805,29.520807],[106.544673,29.520836]]}},{"id":"('way', 1112647195)","type":"Feature","properties":{"railway":"subway","bridge":null,"tunnel":null,"layer":null,"name":"\u73af\u7ebf","base_elevation":105,"location":null,"level":null},"geometry":{"type":"LineString","coordinates":[[106.543405,29.521022],[106.544164,29.520855],[106.544193,29.520849]]}},{"id":"('way', 1112647199)","type":"Feature","properties":{"railway":"subway","bridge":null,"tunnel":null,"layer":null,"name":"\u73af\u7ebf","base_elevation":100,"location":null,"level":null},"geometry":{"type":"LineString","coordinates":[[106.54168,29.521493],[106.541571,29.521517],[106.541173,29.521604],[106.540267,29.521803]]}},{"id":"('way', 1112647200)","type":"Feature","properties":{"railway":"subway","bridge":null,"tunnel":null,"layer":null,"name":"\u73af\u7ebf","base_elevation":94,"location":null,"level":null},"geometry":{"type":"LineString","coordinates":[[106.537115,29.522467],[106.536384,29.522533],[106.535664,29.52253],[106.535006,29.522508],[106.533899,29.522468]]}},{"id":"('way', 1112647201)","type":"Feature","properties":{"railway":"subway","bridge":"yes","tunnel":null,"layer":"4","name":"\u73af\u7ebf","base_elevation":72,"location":null,"level":null},"geometry":{"type":"LineString","coordinates":[[106.533899,29.522468],[106.522325,29.522486]]}},{"id":"('way', 1112651485)","type":"Feature","properties":{"railway":"station","bridge":null,"tunnel":null,"layer":null,"name":"\u6d77\u68e0\u6eaa","base_elevation":90,"location":null,"level":null},"geometry":{"type":"Polygon","coordinates":[[[106.583372,29.538277],[106.583221,29.536689],[106.583477,29.536673],[106.583612,29.538267],[106.583372,29.538277]]]}},{"id":"('way', 1112651486)","type":"Feature","properties":{"railway":"station","bridge":null,"tunnel":null,"layer":"2","name":"\u7f57\u5bb6\u575d","base_elevation":84,"location":null,"level":null},"geometry":{"type":"Polygon","coordinates":[[[106.57881,29.528461],[106.579034,29.528379],[106.579749,29.529853],[106.579525,29.529935],[106.57881,29.528461]]]}},{"id":"('way', 1112651487)","type":"Feature","properties":{"railway":"subway","bridge":null,"tunnel":null,"layer":null,"name":"\u73af\u7ebf","base_elevation":112,"location":null,"level":null},"geometry":{"type":"LineString","coordinates":[[106.51751,29.522905],[106.516761,29.522955]]}},{"id":"('way', 1112707019)","type":"Feature","properties":{"railway":"subway","bridge":"yes","tunnel":null,"layer":"4","name":"\u73af\u7ebf","base_elevation":72,"location":null,"level":null},"geometry":{"type":"LineString","coordinates":[[106.517511,29.52282],[106.518377,29.522798],[106.51931,29.522719],[106.520651,29.522523],[106.521482,29.52245],[106.522324,29.522439]]}},{"id":"('way', 1112707020)","type":"Feature","properties":{"railway":"subway","bridge":"yes","tunnel":null,"layer":"4","name":"\u73af\u7ebf","base_elevation":72,"location":null,"level":null},"geometry":{"type":"LineString","coordinates":[[106.522325,29.522486],[106.521488,29.522501],[106.52066,29.522568],[106.519317,29.522765],[106.518381,29.522849],[106.51751,29.522905]]}},{"id":"('way', 1112832412)","type":"Feature","properties":{"railway":"platform","bridge":null,"tunnel":null,"layer":"-2","name":null,"base_elevation":84,"location":null,"level":"-2"},"geometry":{"type":"Polygon","coordinates":[[[106.579499,29.618986],[106.579544,29.618943],[106.5806,29.619778],[106.580555,29.619821],[106.579499,29.618986]]]}},{"id":"('way', 1112832413)","type":"Feature","properties":{"railway":"platform","bridge":null,"tunnel":null,"layer":"-2","name":null,"base_elevation":83,"location":null,"level":"-2"},"geometry":{"type":"Polygon","coordinates":[[[106.579307,29.619181],[106.579353,29.619137],[106.580404,29.61997],[106.580357,29.620014],[106.579307,29.619181]]]}},{"id":"('way', 1128107328)","type":"Feature","properties":{"railway":"rail","bridge":null,"tunnel":null,"layer":null,"name":"\u6e1d\u718a\u7ebf","base_elevation":121,"location":null,"level":null},"geometry":{"type":"LineString","coordinates":[[106.612135,29.639113],[106.611376,29.63909],[106.610612,29.639085]]}},{"id":"('way', 1134456893)","type":"Feature","properties":{"railway":"subway","bridge":"yes","tunnel":null,"layer":"5","name":"10\u53f7\u7ebf","base_elevation":64,"location":null,"level":null},"geometry":{"type":"LineString","coordinates":[[106.565359,29.54207],[106.563171,29.552841]]}},{"id":"('way', 1134456894)","type":"Feature","properties":{"railway":"subway","bridge":"yes","tunnel":null,"layer":"3","name":"10\u53f7\u7ebf","base_elevation":16,"location":null,"level":null},"geometry":{"type":"LineString","coordinates":[[106.546338,29.568544],[106.546336,29.569705],[106.546329,29.573549]]}},{"id":"('way', 1197016808)","type":"Feature","properties":{"railway":"rail","bridge":null,"tunnel":null,"layer":null,"name":"\u90d1\u6e1d\u6e1d\u6000\u8054\u7edc\u7ebf","base_elevation":99,"location":null,"level":null},"geometry":{"type":"LineString","coordinates":[[106.5624,29.611331],[106.562245,29.611235],[106.561948,29.6111],[106.561538,29.610952],[106.561233,29.610866],[106.560893,29.610773],[106.560568,29.6107],[106.560296,29.610656],[106.560108,29.610626],[106.55981,29.610601],[106.559365,29.610601],[106.558883,29.61062],[106.558317,29.610663],[106.557587,29.610725],[106.555835,29.610933]]}},{"id":"('way', 1197016810)","type":"Feature","properties":{"railway":"rail","bridge":null,"tunnel":null,"layer":null,"name":"\u90d1\u6e1d\u6e1d\u6000\u8054\u7edc\u7ebf","base_elevation":121,"location":null,"level":null},"geometry":{"type":"LineString","coordinates":[[106.566142,29.614031],[106.56594,29.613855],[106.565684,29.613656],[106.565367,29.613426],[106.565309,29.613381]]}},{"id":"('way', 1197016811)","type":"Feature","properties":{"railway":"rail","bridge":"yes","tunnel":null,"layer":"1","name":"\u90d1\u6e1d\u6e1d\u6000\u8054\u7edc\u7ebf","base_elevation":86,"location":null,"level":null},"geometry":{"type":"LineString","coordinates":[[106.570802,29.621858],[106.570456,29.621572],[106.570097,29.621215],[106.569823,29.620904],[106.569577,29.620555],[106.569361,29.620198],[106.569211,29.619912],[106.56902,29.619433],[106.568646,29.618514],[106.568294,29.61765],[106.567987,29.616855],[106.567761,29.616314],[106.567599,29.615956],[106.567179,29.615256],[106.566741,29.61468],[106.566467,29.614361],[106.566142,29.614031]]}},{"id":"('way', 1214305382)","type":"Feature","properties":{"railway":"subway","bridge":"viaduct","tunnel":null,"layer":"2","name":"6\u53f7\u7ebf","base_elevation":66,"location":null,"level":null},"geometry":{"type":"LineString","coordinates":[[106.65556,29.516478],[106.655894,29.517218],[106.656518,29.518495],[106.656806,29.519074],[106.657014,29.519506],[106.657223,29.520032],[106.657337,29.520442],[106.657447,29.52106],[106.657492,29.521674],[106.657478,29.522188],[106.657425,29.522604],[106.657341,29.523017],[106.657227,29.523395],[106.657058,29.52384],[106.656687,29.524529],[106.656214,29.525192],[106.655712,29.525726],[106.655149,29.52621],[106.654669,29.526525],[106.653872,29.526954],[106.653246,29.527204],[106.652713,29.52739],[106.652003,29.527628],[106.651377,29.527833],[106.650349,29.528198],[106.650222,29.528244],[106.649806,29.528384],[106.647904,29.529036],[106.647456,29.529216],[106.646507,29.529631]]}},{"id":"('way', 1214317361)","type":"Feature","properties":{"railway":"subway","bridge":"viaduct","tunnel":null,"layer":"2","name":"6\u53f7\u7ebf","base_elevation":42,"location":null,"level":null},"geometry":{"type":"LineString","coordinates":[[106.576507,29.565266],[106.573532,29.571923],[106.573217,29.572624]]}},{"id":"('way', 1214317363)","type":"Feature","properties":{"railway":"subway","bridge":"yes","tunnel":null,"layer":"2","name":"6\u53f7\u7ebf","base_elevation":62,"location":null,"level":null},"geometry":{"type":"LineString","coordinates":[[106.59129,29.559599],[106.583846,29.561578]]}},{"id":"('way', 1214317366)","type":"Feature","properties":{"railway":"subway","bridge":null,"tunnel":null,"layer":null,"name":null,"base_elevation":130,"location":null,"level":null},"geometry":{"type":"LineString","coordinates":[[106.641959,29.532665],[106.641606,29.532882],[106.641507,29.532957],[106.641266,29.533095]]}},{"id":"('way', 1214317367)","type":"Feature","properties":{"railway":"subway","bridge":null,"tunnel":null,"layer":null,"name":null,"base_elevation":130,"location":null,"level":null},"geometry":{"type":"LineString","coordinates":[[106.641804,29.532698],[106.641512,29.532825],[106.641162,29.532949]]}},{"id":"('way', 1214317368)","type":"Feature","properties":{"railway":"subway","bridge":null,"tunnel":null,"layer":null,"name":null,"base_elevation":129,"location":null,"level":null},"geometry":{"type":"LineString","coordinates":[[106.641786,29.532668],[106.641446,29.532752],[106.641287,29.532804],[106.641276,29.532808],[106.641099,29.532861]]}},{"id":"('way', 1214317369)","type":"Feature","properties":{"railway":"subway","bridge":null,"tunnel":null,"layer":null,"name":null,"base_elevation":127,"location":null,"level":null},"geometry":{"type":"LineString","coordinates":[[106.642061,29.532556],[106.641786,29.532668],[106.641348,29.532839],[106.641134,29.53291]]}},{"id":"('way', 1214317370)","type":"Feature","properties":{"railway":"subway","bridge":null,"tunnel":null,"layer":null,"name":null,"base_elevation":126,"location":null,"level":null},"geometry":{"type":"LineString","coordinates":[[106.64198,29.532532],[106.64171,29.532577],[106.641499,29.532603],[106.641346,29.532626],[106.641232,29.53265],[106.640995,29.532715]]}},{"id":"('way', 1214317371)","type":"Feature","properties":{"railway":"subway","bridge":null,"tunnel":null,"layer":null,"name":null,"base_elevation":124,"location":null,"level":null},"geometry":{"type":"LineString","coordinates":[[106.641929,29.532412],[106.641587,29.532479],[106.641261,29.532551],[106.640946,29.532646]]}},{"id":"('way', 1214317372)","type":"Feature","properties":{"railway":"subway","bridge":null,"tunnel":null,"layer":null,"name":null,"base_elevation":122,"location":null,"level":null},"geometry":{"type":"LineString","coordinates":[[106.642064,29.532275],[106.641577,29.532329],[106.641183,29.532374],[106.641051,29.532406],[106.64082,29.53247]]}},{"id":"('way', 1214317374)","type":"Feature","properties":{"railway":"subway","bridge":null,"tunnel":null,"layer":null,"name":null,"base_elevation":122,"location":null,"level":null},"geometry":{"type":"LineString","coordinates":[[106.643724,29.531795],[106.644078,29.531603],[106.644481,29.531378],[106.645171,29.531005],[106.645866,29.530627]]}},{"id":"('way', 1214317375)","type":"Feature","properties":{"railway":"subway","bridge":null,"tunnel":null,"layer":null,"name":null,"base_elevation":121,"location":null,"level":null},"geometry":{"type":"LineString","coordinates":[[106.642489,29.532211],[106.642172,29.532231],[106.641239,29.532246],[106.640997,29.532243]]}},{"id":"('way', 1214317376)","type":"Feature","properties":{"railway":"subway","bridge":null,"tunnel":null,"layer":null,"name":null,"base_elevation":119,"location":null,"level":null},"geometry":{"type":"LineString","coordinates":[[106.643113,29.532033],[106.642404,29.532522]]}},{"id":"('way', 1214317377)","type":"Feature","properties":{"railway":"subway","bridge":null,"tunnel":null,"layer":null,"name":null,"base_elevation":125,"location":null,"level":null},"geometry":{"type":"LineString","coordinates":[[106.643946,29.531603],[106.644481,29.531378]]}},{"id":"('way', 1214317549)","type":"Feature","properties":{"railway":"subway","bridge":"viaduct","tunnel":null,"layer":"2","name":null,"base_elevation":79,"location":null,"level":null},"geometry":{"type":"LineString","coordinates":[[106.649752,29.528286],[106.649902,29.528249],[106.65004,29.528225],[106.650195,29.528204]]}},{"id":"('way', 1214317550)","type":"Feature","properties":{"railway":"subway","bridge":"viaduct","tunnel":null,"layer":"2","name":null,"base_elevation":79,"location":null,"level":null},"geometry":{"type":"LineString","coordinates":[[106.650222,29.528244],[106.650078,29.528316],[106.649967,29.52837],[106.64983,29.52843]]}},{"id":"('way', 1214317772)","type":"Feature","properties":{"railway":"subway","bridge":null,"tunnel":null,"layer":null,"name":null,"base_elevation":119,"location":null,"level":null},"geometry":{"type":"LineString","coordinates":[[106.643286,29.531882],[106.643561,29.531765],[106.643831,29.531641]]}},{"id":"('way', 1214317773)","type":"Feature","properties":{"railway":"subway","bridge":null,"tunnel":null,"layer":null,"name":null,"base_elevation":119,"location":null,"level":null},"geometry":{"type":"LineString","coordinates":[[106.643813,29.531609],[106.643561,29.531765],[106.643317,29.531917]]}},{"id":"('way', 1217809641)","type":"Feature","properties":{"railway":"subway","bridge":"viaduct","tunnel":null,"layer":"3","name":"6\u53f7\u7ebf","base_elevation":64,"location":null,"level":null},"geometry":{"type":"LineString","coordinates":[[106.661546,29.514731],[106.661791,29.515077],[106.661944,29.51531],[106.6621,29.515607],[106.662451,29.516651],[106.662596,29.517209],[106.662946,29.518459],[106.663023,29.518987],[106.663035,29.519307],[106.662993,29.519593],[106.662897,29.519941],[106.662741,29.520344],[106.662478,29.520884],[106.662218,29.521243],[106.661896,29.521605],[106.661376,29.522022],[106.660767,29.522438],[106.660421,29.522655],[106.660091,29.522856],[106.65835,29.52395],[106.657828,29.524292],[106.65666,29.525066],[106.656228,29.52539],[106.655571,29.525986],[106.655202,29.526288],[106.654965,29.526465],[106.654648,29.526675],[106.654235,29.526914],[106.653809,29.527131],[106.653504,29.527263],[106.652951,29.527468],[106.652069,29.527778],[106.651426,29.527988]]}},{"id":"('way', 1217809642)","type":"Feature","properties":{"railway":"subway","bridge":"viaduct","tunnel":null,"layer":"3","name":"6\u53f7\u7ebf","base_elevation":64,"location":null,"level":null},"geometry":{"type":"LineString","coordinates":[[106.651308,29.527663],[106.651917,29.527445],[106.652799,29.52714],[106.653629,29.526813],[106.654367,29.526402],[106.655075,29.525944],[106.656875,29.524849],[106.657808,29.524265],[106.658326,29.523927],[106.660069,29.522832],[106.660407,29.522625],[106.660737,29.52241],[106.661357,29.521988],[106.661864,29.521581],[106.662177,29.521224],[106.662448,29.520862],[106.66269,29.520328],[106.66284,29.519915],[106.662935,29.519591],[106.662974,29.519297],[106.662957,29.518991],[106.662879,29.518481],[106.662546,29.517222],[106.662395,29.516657],[106.662051,29.515621],[106.661902,29.515345],[106.661744,29.515097],[106.661499,29.514763]]}},{"id":"('way', 1218449474)","type":"Feature","properties":{"railway":"monorail","bridge":null,"tunnel":null,"layer":null,"name":null,"base_elevation":131,"location":null,"level":null},"geometry":{"type":"LineString","coordinates":[[106.551025,29.631405],[106.554038,29.632186],[106.554498,29.632315],[106.554881,29.632432],[106.555208,29.632566],[106.555967,29.6329],[106.564132,29.636806]]}},{"id":"('way', 1218449475)","type":"Feature","properties":{"railway":"monorail","bridge":null,"tunnel":null,"layer":null,"name":null,"base_elevation":140,"location":null,"level":null},"geometry":{"type":"LineString","coordinates":[[106.555937,29.635536],[106.556699,29.635889]]}},{"id":"('way', 1218449476)","type":"Feature","properties":{"railway":"monorail","bridge":null,"tunnel":null,"layer":null,"name":null,"base_elevation":141,"location":null,"level":null},"geometry":{"type":"LineString","coordinates":[[106.556973,29.636116],[106.555893,29.635603]]}},{"id":"('way', 1224701576)","type":"Feature","properties":{"railway":"rail","bridge":null,"tunnel":null,"layer":null,"name":"\u6e1d\u6000\u7ebf","base_elevation":102,"location":null,"level":null},"geometry":{"type":"LineString","coordinates":[[106.576375,29.625931],[106.576088,29.625587],[106.575861,29.625264],[106.575643,29.624886],[106.575468,29.624518],[106.575334,29.624165],[106.575209,29.623761],[106.57503,29.623019]]}},{"id":"('way', 1224701578)","type":"Feature","properties":{"railway":"rail","bridge":null,"tunnel":null,"layer":null,"name":"\u6e1d\u6000\u7ebf","base_elevation":107,"location":null,"level":null},"geometry":{"type":"LineString","coordinates":[[106.578348,29.627963],[106.577353,29.626966]]}},{"id":"('way', 1224701579)","type":"Feature","properties":{"railway":"rail","bridge":null,"tunnel":null,"layer":null,"name":"\u6e1d\u718a\u7ebf","base_elevation":101,"location":null,"level":null},"geometry":{"type":"LineString","coordinates":[[106.587282,29.632564],[106.585388,29.631582],[106.583854,29.630823]]}},{"id":"('way', 1224701581)","type":"Feature","properties":{"railway":"rail","bridge":null,"tunnel":null,"layer":null,"name":"\u6e1d\u718a\u7ebf","base_elevation":108,"location":null,"level":null},"geometry":{"type":"LineString","coordinates":[[106.58941,29.633742],[106.588909,29.633477]]}},{"id":"('way', 1224701582)","type":"Feature","properties":{"railway":"rail","bridge":"yes","tunnel":null,"layer":"2","name":"\u6e1d\u718a\u7ebf","base_elevation":81,"location":null,"level":null},"geometry":{"type":"LineString","coordinates":[[106.58934,29.633904],[106.58987,29.634068],[106.590401,29.634237],[106.603188,29.638562],[106.604513,29.638933],[106.605664,29.63914],[106.606307,29.639187],[106.607269,29.639229]]}},{"id":"('way', 1224701583)","type":"Feature","properties":{"railway":"rail","bridge":null,"tunnel":null,"layer":null,"name":"\u6e1d\u718a\u7ebf","base_elevation":106,"location":null,"level":null},"geometry":{"type":"LineString","coordinates":[[106.584128,29.632351],[106.58934,29.633904]]}},{"id":"('way', 1224701584)","type":"Feature","properties":{"railway":"rail","bridge":null,"tunnel":null,"layer":null,"name":null,"base_elevation":109,"location":null,"level":null},"geometry":{"type":"LineString","coordinates":[[106.585388,29.631582],[106.583825,29.630908]]}},{"id":"('way', 1234566490)","type":"Feature","properties":{"railway":"platform","bridge":null,"tunnel":null,"layer":"-3","name":null,"base_elevation":102,"location":null,"level":"-4"},"geometry":{"type":"Polygon","coordinates":[[[106.568292,29.578136],[106.568365,29.578136],[106.568366,29.578213],[106.568368,29.579276],[106.568367,29.579357],[106.568294,29.579357],[106.568292,29.578136]]]}},{"id":"('way', 1234566491)","type":"Feature","properties":{"railway":"platform","bridge":null,"tunnel":null,"layer":"-4","name":null,"base_elevation":101,"location":null,"level":"-5"},"geometry":{"type":"Polygon","coordinates":[[[106.568267,29.578144],[106.56834,29.578144],[106.568341,29.578221],[106.568343,29.579284],[106.568342,29.579365],[106.568269,29.579365],[106.568267,29.578144]]]}},{"id":"('way', 1240672911)","type":"Feature","properties":{"railway":"subway","bridge":null,"tunnel":null,"layer":null,"name":null,"base_elevation":83,"location":null,"level":null},"geometry":{"type":"LineString","coordinates":[[106.600801,29.582383],[106.60084,29.582148],[106.601033,29.581699],[106.601217,29.5813],[106.601274,29.58113],[106.601319,29.580944],[106.601338,29.580768],[106.601343,29.580633],[106.601338,29.580487]]}},{"id":"('way', 1240672912)","type":"Feature","properties":{"railway":"subway","bridge":null,"tunnel":null,"layer":null,"name":null,"base_elevation":83,"location":null,"level":null},"geometry":{"type":"LineString","coordinates":[[106.600859,29.582389],[106.600895,29.582112],[106.601015,29.581836],[106.601196,29.581429],[106.601259,29.581283],[106.601296,29.581171],[106.601319,29.580944]]}},{"id":"('way', 1240672913)","type":"Feature","properties":{"railway":"subway","bridge":null,"tunnel":null,"layer":null,"name":null,"base_elevation":82,"location":null,"level":null},"geometry":{"type":"LineString","coordinates":[[106.600914,29.582395],[106.60095,29.582146],[106.601031,29.581894],[106.60122,29.581435],[106.601259,29.581283]]}},{"id":"('way', 1240672914)","type":"Feature","properties":{"railway":"subway","bridge":null,"tunnel":null,"layer":null,"name":null,"base_elevation":80,"location":null,"level":null},"geometry":{"type":"LineString","coordinates":[[106.600972,29.5824],[106.601079,29.582013],[106.601179,29.581771]]}},{"id":"('way', 1240672915)","type":"Feature","properties":{"railway":"subway","bridge":null,"tunnel":null,"layer":null,"name":null,"base_elevation":80,"location":null,"level":null},"geometry":{"type":"LineString","coordinates":[[106.601031,29.582406],[106.601179,29.581771],[106.601252,29.581493],[106.601266,29.581383],[106.601296,29.581171]]}},{"id":"('way', 1240672916)","type":"Feature","properties":{"railway":"subway","bridge":null,"tunnel":null,"layer":null,"name":null,"base_elevation":78,"location":null,"level":null},"geometry":{"type":"LineString","coordinates":[[106.601252,29.581493],[106.601235,29.581841],[106.601144,29.582418]]}},{"id":"('way', 1240672917)","type":"Feature","properties":{"railway":"subway","bridge":null,"tunnel":null,"layer":null,"name":null,"base_elevation":80,"location":null,"level":null},"geometry":{"type":"LineString","coordinates":[[106.601075,29.582411],[106.60117,29.581982],[106.601235,29.581841]]}},{"id":"('way', 1240672918)","type":"Feature","properties":{"railway":"subway","bridge":null,"tunnel":null,"layer":null,"name":null,"base_elevation":78,"location":null,"level":null},"geometry":{"type":"LineString","coordinates":[[106.598219,29.574854],[106.598397,29.575054],[106.59854,29.575174],[106.598719,29.575303],[106.599356,29.57572],[106.599495,29.57583],[106.599619,29.575947],[106.599738,29.576075],[106.599836,29.576212],[106.599891,29.576299],[106.599947,29.576397],[106.599994,29.576493],[106.600032,29.576583],[106.600156,29.576969],[106.600228,29.577203],[106.600315,29.577483],[106.600361,29.577631],[106.600398,29.577727],[106.600576,29.578114],[106.600686,29.578448],[106.600722,29.578579],[106.600748,29.578658],[106.600783,29.578745],[106.601399,29.580019],[106.601456,29.580175],[106.601493,29.580304],[106.60152,29.580443],[106.601527,29.580609],[106.601451,29.581278],[106.601382,29.581566],[106.601285,29.581846],[106.601186,29.582422]]}},{"id":"('way', 1240672919)","type":"Feature","properties":{"railway":"subway","bridge":null,"tunnel":null,"layer":null,"name":null,"base_elevation":78,"location":null,"level":null},"geometry":{"type":"LineString","coordinates":[[106.601451,29.581278],[106.601405,29.581722],[106.60143,29.582054],[106.601388,29.582442]]}},{"id":"('way', 1240672920)","type":"Feature","properties":{"railway":"subway","bridge":null,"tunnel":null,"layer":null,"name":null,"base_elevation":78,"location":null,"level":null},"geometry":{"type":"LineString","coordinates":[[106.601345,29.582438],[106.601363,29.582297],[106.601379,29.582171],[106.601377,29.581882],[106.601405,29.581722]]}},{"id":"('way', 1240672921)","type":"Feature","properties":{"railway":"subway","bridge":null,"tunnel":null,"layer":null,"name":null,"base_elevation":78,"location":null,"level":null},"geometry":{"type":"LineString","coordinates":[[106.601296,29.582433],[106.601377,29.581882]]}},{"id":"('way', 1240672922)","type":"Feature","properties":{"railway":"subway","bridge":null,"tunnel":null,"layer":null,"name":null,"base_elevation":78,"location":null,"level":null},"geometry":{"type":"LineString","coordinates":[[106.601245,29.582428],[106.601288,29.582047],[106.601382,29.581566]]}},{"id":"('way', 1240672923)","type":"Feature","properties":{"railway":"subway","bridge":null,"tunnel":null,"layer":null,"name":null,"base_elevation":91,"location":null,"level":null},"geometry":{"type":"LineString","coordinates":[[106.601338,29.580487],[106.601316,29.58035],[106.601278,29.580228],[106.601226,29.580098],[106.600612,29.578821],[106.600552,29.578683],[106.600509,29.578543],[106.600479,29.578239],[106.600461,29.578133],[106.600339,29.577749],[106.600259,29.577492],[106.600175,29.577223],[106.600083,29.576926],[106.599953,29.576508],[106.599883,29.576367],[106.599806,29.57623],[106.599705,29.576091],[106.599583,29.575968],[106.599458,29.575853],[106.599323,29.575747],[106.598699,29.575338],[106.598517,29.575205],[106.598372,29.575085],[106.598179,29.57487]]}},{"id":"('way', 1343520057)","type":"Feature","properties":{"railway":"rail","bridge":null,"tunnel":null,"layer":null,"name":"\u6e1d\u6000\u7ebf","base_elevation":102,"location":null,"level":null},"geometry":{"type":"LineString","coordinates":[[106.538315,29.611877],[106.537493,29.611916],[106.536187,29.611969]]}},{"id":"('way', 1383565793)","type":"Feature","properties":{"railway":"subway","bridge":null,"tunnel":null,"layer":null,"name":null,"base_elevation":103,"location":null,"level":null},"geometry":{"type":"LineString","coordinates":[[106.600339,29.577749],[106.600436,29.578444],[106.600468,29.578679],[106.600479,29.578732],[106.600872,29.580023]]}},{"id":"('way', 1383565800)","type":"Feature","properties":{"railway":"subway","bridge":null,"tunnel":null,"layer":null,"name":null,"base_elevation":99,"location":null,"level":null},"geometry":{"type":"LineString","coordinates":[[106.598567,29.574734],[106.599365,29.57533],[106.599411,29.575365],[106.599457,29.575406],[106.599505,29.575453],[106.599586,29.575538],[106.599671,29.57564],[106.599792,29.575815],[106.599909,29.576048],[106.600024,29.5763],[106.600092,29.576515],[106.600101,29.576581],[106.600156,29.576969]]}},{"id":"('way', 1383565801)","type":"Feature","properties":{"railway":"subway","bridge":null,"tunnel":null,"layer":null,"name":null,"base_elevation":102,"location":null,"level":null},"geometry":{"type":"LineString","coordinates":[[106.599792,29.575815],[106.599673,29.575574],[106.59953,29.575372],[106.599382,29.575216],[106.599331,29.575153],[106.599277,29.575082],[106.599229,29.575012],[106.599186,29.57493],[106.599126,29.574797],[106.599049,29.574574],[106.599031,29.57452]]}},{"id":"('way', 1383565802)","type":"Feature","properties":{"railway":"subway","bridge":null,"tunnel":null,"layer":null,"name":null,"base_elevation":105,"location":null,"level":null},"geometry":{"type":"LineString","coordinates":[[106.59953,29.575372],[106.599349,29.575105],[106.599304,29.575034],[106.599259,29.574948],[106.599226,29.574861],[106.599126,29.574556],[106.599109,29.574502]]}},{"id":"('way', 1383565803)","type":"Feature","properties":{"railway":"subway","bridge":null,"tunnel":null,"layer":null,"name":null,"base_elevation":105,"location":null,"level":null},"geometry":{"type":"LineString","coordinates":[[106.599673,29.575574],[106.599326,29.574856],[106.599286,29.574767],[106.599253,29.574679],[106.599208,29.574537],[106.59919,29.574482]]}},{"id":"('way', 1383565804)","type":"Feature","properties":{"railway":"subway","bridge":null,"tunnel":null,"layer":null,"name":null,"base_elevation":102,"location":null,"level":null},"geometry":{"type":"LineString","coordinates":[[106.599909,29.576048],[106.599757,29.575836],[106.599684,29.575754],[106.599624,29.575696],[106.599551,29.575635],[106.599463,29.575565],[106.59937,29.575498],[106.599078,29.575284],[106.599052,29.575265],[106.598808,29.575078],[106.598628,29.574898],[106.598549,29.574811],[106.59849,29.574734],[106.598432,29.574644],[106.598382,29.574552],[106.598336,29.574448],[106.598269,29.574244]]}},{"id":"('way', 1383565805)","type":"Feature","properties":{"railway":"subway","bridge":null,"tunnel":null,"layer":null,"name":null,"base_elevation":129,"location":null,"level":null},"geometry":{"type":"LineString","coordinates":[[106.598808,29.575078],[106.598684,29.574991],[106.598604,29.574926],[106.598511,29.574835],[106.598441,29.574757],[106.598375,29.57466],[106.598318,29.574568],[106.59827,29.574469],[106.598199,29.574261]]}},{"id":"('way', 1383565806)","type":"Feature","properties":{"railway":"subway","bridge":null,"tunnel":null,"layer":null,"name":null,"base_elevation":119,"location":null,"level":null},"geometry":{"type":"LineString","coordinates":[[106.599052,29.575265],[106.598859,29.575166],[106.598744,29.575098],[106.598648,29.57503],[106.598562,29.574963],[106.598463,29.57487],[106.598399,29.574795],[106.598317,29.574685],[106.598253,29.574581],[106.598205,29.574481],[106.598134,29.574276]]}},{"id":"('way', 1383565807)","type":"Feature","properties":{"railway":"subway","bridge":null,"tunnel":null,"layer":null,"name":null,"base_elevation":112,"location":null,"level":null},"geometry":{"type":"LineString","coordinates":[[106.59937,29.575498],[106.599113,29.575359],[106.598844,29.575209],[106.598716,29.575136],[106.598622,29.575074],[106.598517,29.574997],[106.59845,29.574935],[106.598381,29.574861],[106.598313,29.574781],[106.598252,29.574701],[106.598193,29.574603],[106.598145,29.574499],[106.598077,29.574289]]}},{"id":"('way', 1383565808)","type":"Feature","properties":{"railway":"subway","bridge":null,"tunnel":null,"layer":null,"name":null,"base_elevation":121,"location":null,"level":null},"geometry":{"type":"LineString","coordinates":[[106.599113,29.575359],[106.598814,29.57524],[106.598685,29.575174],[106.598574,29.575103],[106.598471,29.575028],[106.598417,29.574966],[106.598337,29.574891],[106.598259,29.574802],[106.598195,29.574713],[106.598128,29.574602],[106.598084,29.574499],[106.598025,29.57437],[106.597898,29.573964]]}},{"id":"('way', 1383565817)","type":"Feature","properties":{"railway":"subway","bridge":null,"tunnel":null,"layer":null,"name":null,"base_elevation":84,"location":null,"level":null},"geometry":{"type":"LineString","coordinates":[[106.601542,29.581001],[106.601573,29.580703],[106.601576,29.580603],[106.601567,29.580484],[106.60155,29.580362],[106.601529,29.580256],[106.601503,29.580157],[106.601456,29.58004],[106.601422,29.579948],[106.600969,29.579024],[106.600686,29.578448]]}},{"id":"('way', 1383565818)","type":"Feature","properties":{"railway":"subway","bridge":null,"tunnel":null,"layer":null,"name":null,"base_elevation":103,"location":null,"level":null},"geometry":{"type":"LineString","coordinates":[[106.600259,29.577492],[106.600244,29.57735],[106.600228,29.577203]]}},{"id":"('way', 1383565819)","type":"Feature","properties":{"railway":"subway","bridge":null,"tunnel":null,"layer":null,"name":null,"base_elevation":101,"location":null,"level":null},"geometry":{"type":"LineString","coordinates":[[106.600175,29.577223],[106.600244,29.57735],[106.600315,29.577483]]}},{"id":"('way', 1383565820)","type":"Feature","properties":{"railway":"subway","bridge":null,"tunnel":null,"layer":null,"name":null,"base_elevation":99,"location":null,"level":null},"geometry":{"type":"LineString","coordinates":[[106.600092,29.576515],[106.600576,29.578114]]}},{"id":"('way', 1383565821)","type":"Feature","properties":{"railway":"subway","bridge":null,"tunnel":null,"layer":null,"name":null,"base_elevation":90,"location":null,"level":null},"geometry":{"type":"LineString","coordinates":[[106.600969,29.579024],[106.600537,29.577573]]}},{"id":"('way', 1383565823)","type":"Feature","properties":{"railway":"subway","bridge":null,"tunnel":null,"layer":null,"name":null,"base_elevation":97,"location":null,"level":null},"geometry":{"type":"LineString","coordinates":[[106.600376,29.577055],[106.59996,29.575677]]}},{"id":"('way', 1383565825)","type":"Feature","properties":{"railway":"subway","bridge":null,"tunnel":null,"layer":null,"name":null,"base_elevation":99,"location":null,"level":null},"geometry":{"type":"LineString","coordinates":[[106.600024,29.5763],[106.599924,29.575961],[106.599837,29.575667],[106.599469,29.574477],[106.599452,29.574421]]}},{"id":"('way', 1383565826)","type":"Feature","properties":{"railway":"subway","bridge":null,"tunnel":null,"layer":null,"name":null,"base_elevation":102,"location":null,"level":null},"geometry":{"type":"LineString","coordinates":[[106.599837,29.575667],[106.599769,29.575215],[106.599742,29.575115],[106.599541,29.57446],[106.599524,29.574404]]}},{"id":"('way', 1383565827)","type":"Feature","properties":{"railway":"subway","bridge":null,"tunnel":null,"layer":null,"name":null,"base_elevation":102,"location":null,"level":null},"geometry":{"type":"LineString","coordinates":[[106.599769,29.575215],[106.599711,29.574765],[106.5997,29.574672],[106.599683,29.574577],[106.599641,29.574437],[106.599624,29.57438]]}},{"id":"('way', 1383565828)","type":"Feature","properties":{"railway":"subway","bridge":null,"tunnel":null,"layer":null,"name":null,"base_elevation":100,"location":null,"level":null},"geometry":{"type":"LineString","coordinates":[[106.599924,29.575961],[106.599901,29.575771],[106.599895,29.57568],[106.599896,29.575582],[106.599905,29.575484],[106.599958,29.575188]]}},{"id":"('way', 1408811117)","type":"Feature","properties":{"railway":"subway","bridge":null,"tunnel":null,"layer":null,"name":null,"base_elevation":107,"location":null,"level":null},"geometry":{"type":"LineString","coordinates":[[106.600436,29.578444],[106.600274,29.577905]]}},{"id":"('way', 1408811118)","type":"Feature","properties":{"railway":"subway","bridge":null,"tunnel":null,"layer":null,"name":null,"base_elevation":104,"location":null,"level":null},"geometry":{"type":"LineString","coordinates":[[106.600083,29.576926],[106.599919,29.576591],[106.599815,29.576379],[106.599763,29.576291],[106.599702,29.576206],[106.599639,29.576128],[106.599577,29.576062],[106.599515,29.575996],[106.599446,29.575935],[106.599374,29.575876],[106.599292,29.57582],[106.598632,29.575436]]}},{"id":"('way', 1408811120)","type":"Feature","properties":{"railway":"subway","bridge":null,"tunnel":null,"layer":null,"name":null,"base_elevation":106,"location":null,"level":null},"geometry":{"type":"LineString","coordinates":[[106.600132,29.577439],[106.600048,29.577176],[106.600031,29.577104],[106.60002,29.577027],[106.599919,29.576591]]}},{"id":"('way', 1409872400)","type":"Feature","properties":{"railway":"subway","bridge":"viaduct","tunnel":null,"layer":"3","name":null,"base_elevation":76,"location":null,"level":null},"geometry":{"type":"LineString","coordinates":[[106.651426,29.527988],[106.651331,29.528021],[106.649875,29.528505],[106.649621,29.528582],[106.649377,29.528643],[106.649137,29.528685]]}},{"id":"('way', 1409872401)","type":"Feature","properties":{"railway":"subway","bridge":"viaduct","tunnel":null,"layer":"3","name":null,"base_elevation":77,"location":null,"level":null},"geometry":{"type":"LineString","coordinates":[[106.649053,29.528517],[106.649284,29.528414],[106.649496,29.528311],[106.649765,29.528207],[106.651163,29.527712],[106.651308,29.527663]]}},{"id":"('way', 1412899267)","type":"Feature","properties":{"railway":"subway","bridge":null,"tunnel":null,"layer":null,"name":null,"base_elevation":103,"location":null,"level":null},"geometry":{"type":"LineString","coordinates":[[106.577899,29.520808],[106.578048,29.520951],[106.578198,29.521095]]}},{"id":"('way', 1412899268)","type":"Feature","properties":{"railway":"subway","bridge":null,"tunnel":null,"layer":null,"name":null,"base_elevation":107,"location":null,"level":null},"geometry":{"type":"LineString","coordinates":[[106.577854,29.520774],[106.577822,29.520741],[106.577586,29.520496],[106.577363,29.520273],[106.577106,29.520068],[106.576894,29.519928],[106.576634,29.519772]]}},{"id":"('way', 1412899269)","type":"Feature","properties":{"railway":"subway","bridge":null,"tunnel":null,"layer":null,"name":null,"base_elevation":103,"location":null,"level":null},"geometry":{"type":"LineString","coordinates":[[106.57823,29.521061],[106.578048,29.520951],[106.577863,29.52084]]}},{"id":"('way', 1412899270)","type":"Feature","properties":{"railway":"subway","bridge":null,"tunnel":null,"layer":null,"name":null,"base_elevation":113,"location":null,"level":null},"geometry":{"type":"LineString","coordinates":[[106.579056,29.52309],[106.57926,29.52343]]}},{"id":"('way', 1412899271)","type":"Feature","properties":{"railway":"subway","bridge":null,"tunnel":null,"layer":null,"name":null,"base_elevation":121,"location":null,"level":null},"geometry":{"type":"LineString","coordinates":[[106.579565,29.524157],[106.579905,29.524776],[106.580271,29.525273]]}},{"id":"('way', 1412899272)","type":"Feature","properties":{"railway":"subway","bridge":null,"tunnel":null,"layer":null,"name":null,"base_elevation":102,"location":null,"level":null},"geometry":{"type":"LineString","coordinates":[[106.578833,29.52209],[106.578983,29.522389],[106.579107,29.522572],[106.580976,29.52513]]}},{"id":"('way', 1412899273)","type":"Feature","properties":{"railway":"subway","bridge":null,"tunnel":null,"layer":null,"name":null,"base_elevation":102,"location":null,"level":null},"geometry":{"type":"LineString","coordinates":[[106.578586,29.52148],[106.578827,29.521759],[106.578983,29.522012],[106.579314,29.522457],[106.581188,29.525007]]}},{"id":"('way', 1412899274)","type":"Feature","properties":{"railway":"subway","bridge":null,"tunnel":null,"layer":null,"name":null,"base_elevation":104,"location":null,"level":null},"geometry":{"type":"LineString","coordinates":[[106.578954,29.521716],[106.57915,29.521877],[106.579273,29.522003],[106.579512,29.522306],[106.5814,29.524876]]}},{"id":"('way', 1412899275)","type":"Feature","properties":{"railway":"subway","bridge":null,"tunnel":null,"layer":null,"name":null,"base_elevation":102,"location":null,"level":null},"geometry":{"type":"LineString","coordinates":[[106.578707,29.521681],[106.578817,29.521912],[106.578888,29.522061],[106.579017,29.522277],[106.579187,29.522503],[106.581083,29.525067]]}},{"id":"('way', 1412899276)","type":"Feature","properties":{"railway":"subway","bridge":null,"tunnel":null,"layer":null,"name":null,"base_elevation":102,"location":null,"level":null},"geometry":{"type":"LineString","coordinates":[[106.578463,29.521319],[106.578798,29.521636],[106.578921,29.52178],[106.579153,29.522051],[106.579402,29.522384],[106.581295,29.524951]]}},{"id":"('way', 1412899277)","type":"Feature","properties":{"railway":"subway","bridge":null,"tunnel":null,"layer":null,"name":null,"base_elevation":103,"location":null,"level":null},"geometry":{"type":"LineString","coordinates":[[106.578854,29.521607],[106.579005,29.521697],[106.579177,29.521802],[106.57934,29.52194],[106.5796,29.522248],[106.581494,29.524822]]}},{"id":"('way', 1412899278)","type":"Feature","properties":{"railway":"subway","bridge":null,"tunnel":null,"layer":null,"name":null,"base_elevation":109,"location":null,"level":null},"geometry":{"type":"LineString","coordinates":[[106.579718,29.522187],[106.581617,29.524769]]}},{"id":"('way', 1412899279)","type":"Feature","properties":{"railway":"subway","bridge":null,"tunnel":null,"layer":null,"name":null,"base_elevation":109,"location":null,"level":null},"geometry":{"type":"LineString","coordinates":[[106.579504,29.521711],[106.579694,29.521882],[106.579871,29.522085],[106.581751,29.524671]]}},{"id":"('way', 1412899280)","type":"Feature","properties":{"railway":"subway","bridge":null,"tunnel":null,"layer":null,"name":null,"base_elevation":104,"location":null,"level":null},"geometry":{"type":"LineString","coordinates":[[106.57834,29.521144],[106.578586,29.521312],[106.578839,29.521442],[106.579233,29.521594],[106.579504,29.521711],[106.579678,29.521821],[106.579933,29.522031],[106.581168,29.523694],[106.581864,29.524619]]}},{"id":"('way', 1412899281)","type":"Feature","properties":{"railway":"subway","bridge":null,"tunnel":null,"layer":null,"name":null,"base_elevation":105,"location":null,"level":null},"geometry":{"type":"LineString","coordinates":[[106.578983,29.522537],[106.580914,29.525174]]}},{"id":"('way', 1412899282)","type":"Feature","properties":{"railway":"subway","bridge":null,"tunnel":null,"layer":null,"name":null,"base_elevation":104,"location":null,"level":null},"geometry":{"type":"LineString","coordinates":[[106.578911,29.522414],[106.578983,29.522537],[106.579289,29.523108],[106.580837,29.525222]]}},{"id":"('way', 1412899283)","type":"Feature","properties":{"railway":"subway","bridge":null,"tunnel":null,"layer":null,"name":null,"base_elevation":105,"location":null,"level":null},"geometry":{"type":"LineString","coordinates":[[106.578839,29.521442],[106.579302,29.521679],[106.579469,29.521774],[106.579624,29.521898],[106.579815,29.52212],[106.581698,29.524713]]}},{"id":"('way', 1412899284)","type":"Feature","properties":{"railway":"subway","bridge":null,"tunnel":null,"layer":null,"name":null,"base_elevation":106,"location":null,"level":null},"geometry":{"type":"LineString","coordinates":[[106.579304,29.52182],[106.579464,29.521977],[106.579648,29.522219],[106.581545,29.524797]]}},{"id":"('way', 1412899285)","type":"Feature","properties":{"railway":"subway","bridge":null,"tunnel":null,"layer":null,"name":null,"base_elevation":105,"location":null,"level":null},"geometry":{"type":"LineString","coordinates":[[106.579155,29.521714],[106.579291,29.521772],[106.579471,29.521884],[106.579592,29.52198],[106.579761,29.522156],[106.581652,29.524744]]}},{"id":"('way', 1412899286)","type":"Feature","properties":{"railway":"subway","bridge":null,"tunnel":null,"layer":null,"name":null,"base_elevation":104,"location":null,"level":null},"geometry":{"type":"LineString","coordinates":[[106.579005,29.521697],[106.579177,29.521833],[106.579324,29.521989],[106.579557,29.522286],[106.581453,29.524851]]}},{"id":"('way', 1412899287)","type":"Feature","properties":{"railway":"subway","bridge":null,"tunnel":null,"layer":null,"name":null,"base_elevation":102,"location":null,"level":null},"geometry":{"type":"LineString","coordinates":[[106.581332,29.524923],[106.579458,29.522368],[106.579227,29.522053],[106.579012,29.52178],[106.578954,29.521716],[106.578854,29.521607],[106.578546,29.521327]]}},{"id":"('way', 1412899288)","type":"Feature","properties":{"railway":"subway","bridge":null,"tunnel":null,"layer":null,"name":null,"base_elevation":104,"location":null,"level":null},"geometry":{"type":"LineString","coordinates":[[106.581241,29.524984],[106.579353,29.522417],[106.57923,29.522253],[106.578921,29.52178]]}},{"id":"('way', 1412899289)","type":"Feature","properties":{"railway":"subway","bridge":null,"tunnel":null,"layer":null,"name":null,"base_elevation":102,"location":null,"level":null},"geometry":{"type":"LineString","coordinates":[[106.57834,29.521144],[106.578546,29.521327],[106.578741,29.521474],[106.578967,29.521609],[106.579155,29.521714],[106.579304,29.52182],[106.579353,29.521854],[106.579551,29.522011],[106.579718,29.522187]]}},{"id":"('way', 1412899290)","type":"Feature","properties":{"railway":"subway","bridge":null,"tunnel":null,"layer":null,"name":null,"base_elevation":102,"location":null,"level":null},"geometry":{"type":"LineString","coordinates":[[106.581128,29.525045],[106.579251,29.522508],[106.578817,29.521912]]}},{"id":"('way', 1412899291)","type":"Feature","properties":{"railway":"subway","bridge":null,"tunnel":null,"layer":null,"name":null,"base_elevation":102,"location":null,"level":null},"geometry":{"type":"LineString","coordinates":[[106.581032,29.525103],[106.579149,29.52255],[106.579016,29.522349],[106.578888,29.522061]]}},{"id":"('way', 1417604559)","type":"Feature","properties":{"railway":"platform","bridge":null,"tunnel":null,"layer":null,"name":null,"base_elevation":55,"location":null,"level":null},"geometry":{"type":"Polygon","coordinates":[[[106.534327,29.556043],[106.534356,29.556023],[106.533596,29.5552],[106.533562,29.555221],[106.534327,29.556043]]]}},{"id":"('way', 1417604560)","type":"Feature","properties":{"railway":"platform","bridge":null,"tunnel":null,"layer":null,"name":null,"base_elevation":48,"location":null,"level":null},"geometry":{"type":"Polygon","coordinates":[[[106.534217,29.556119],[106.534261,29.556086],[106.533509,29.555302],[106.533464,29.555334],[106.534217,29.556119]]]}},{"id":"('way', 1455930725)","type":"Feature","properties":{"railway":"rail","bridge":"viaduct","tunnel":null,"layer":"2","name":"\u90d1\u6e1d\u9ad8\u901f\u7ebf","base_elevation":70,"location":null,"level":null},"geometry":{"type":"LineString","coordinates":[[106.663638,29.643081],[106.664991,29.642959],[106.666534,29.642855],[106.667966,29.642813]]}},{"id":"('way', 1455930732)","type":"Feature","properties":{"railway":"rail","bridge":null,"tunnel":null,"layer":null,"name":"\u90d1\u6e1d\u9ad8\u901f\u7ebf","base_elevation":91,"location":null,"level":null},"geometry":{"type":"LineString","coordinates":[[106.643625,29.646009],[106.64475,29.645913],[106.6461,29.645756],[106.64773,29.645522],[106.648485,29.64541]]}},{"id":"('way', 1455930735)","type":"Feature","properties":{"railway":"rail","bridge":null,"tunnel":null,"layer":null,"name":"\u90d1\u6e1d\u9ad8\u901f\u7ebf","base_elevation":101,"location":null,"level":null},"geometry":{"type":"LineString","coordinates":[[106.657968,29.643839],[106.658738,29.643708],[106.660492,29.643458],[106.662123,29.643243],[106.663638,29.643081]]}},{"id":"('way', 1455938135)","type":"Feature","properties":{"railway":"rail","bridge":"viaduct","tunnel":null,"layer":"1","name":"\u6caa\u84c9\u7ebf","base_elevation":81,"location":null,"level":null},"geometry":{"type":"LineString","coordinates":[[106.571006,29.621292],[106.571551,29.621583],[106.572007,29.621845],[106.572455,29.622139],[106.572913,29.622517],[106.573392,29.622932],[106.573735,29.623264],[106.574057,29.623625]]}},{"id":"('way', 1455938136)","type":"Feature","properties":{"railway":"rail","bridge":null,"tunnel":null,"layer":null,"name":"\u6caa\u84c9\u7ebf","base_elevation":105,"location":null,"level":null},"geometry":{"type":"LineString","coordinates":[[106.574057,29.623625],[106.577356,29.627932]]}},{"id":"('way', 1455938137)","type":"Feature","properties":{"railway":"rail","bridge":null,"tunnel":null,"layer":null,"name":"\u6caa\u84c9\u7ebf","base_elevation":105,"location":null,"level":null},"geometry":{"type":"LineString","coordinates":[[106.577356,29.627932],[106.577765,29.628482],[106.578119,29.628905],[106.57857,29.629353],[106.579083,29.629797],[106.579568,29.630187],[106.580124,29.630566],[106.580647,29.630902],[106.581178,29.6312],[106.581642,29.631456],[106.582116,29.631677],[106.582668,29.631896],[106.58656,29.633221]]}},{"id":"('way', 1455938138)","type":"Feature","properties":{"railway":"rail","bridge":"viaduct","tunnel":null,"layer":"1","name":"\u6caa\u84c9\u7ebf","base_elevation":40,"location":null,"level":null},"geometry":{"type":"LineString","coordinates":[[106.58656,29.633221],[106.589787,29.634319],[106.59124,29.634839],[106.593604,29.635619],[106.597798,29.637117],[106.599887,29.637789],[106.600934,29.638092],[106.601996,29.638363],[106.607112,29.639675]]}},{"id":"('way', 1455938139)","type":"Feature","properties":{"railway":"rail","bridge":null,"tunnel":null,"layer":null,"name":"\u6caa\u84c9\u7ebf","base_elevation":92,"location":null,"level":null},"geometry":{"type":"LineString","coordinates":[[106.610684,29.640585],[106.607112,29.639675]]}},{"id":"('way', 1455938140)","type":"Feature","properties":{"railway":"rail","bridge":null,"tunnel":null,"layer":null,"name":"\u6caa\u84c9\u7ebf","base_elevation":92,"location":null,"level":null},"geometry":{"type":"LineString","coordinates":[[106.565965,29.618404],[106.566262,29.618678],[106.566548,29.618929],[106.567261,29.619397],[106.56773,29.619641],[106.571006,29.621292]]}},{"id":"('way', 1455938142)","type":"Feature","properties":{"railway":"rail","bridge":"viaduct","tunnel":null,"layer":"2","name":"\u6caa\u84c9\u7ebf","base_elevation":64,"location":null,"level":null},"geometry":{"type":"LineString","coordinates":[[106.667748,29.642145],[106.666539,29.642192],[106.665479,29.642279],[106.664333,29.6424]]}},{"id":"('way', 1455938143)","type":"Feature","properties":{"railway":"rail","bridge":null,"tunnel":null,"layer":null,"name":"\u6caa\u84c9\u7ebf","base_elevation":81,"location":null,"level":null},"geometry":{"type":"LineString","coordinates":[[106.648721,29.644981],[106.646937,29.645237],[106.645142,29.645446],[106.643686,29.645564],[106.642448,29.645636]]}},{"id":"('way', 1455938150)","type":"Feature","properties":{"railway":"rail","bridge":null,"tunnel":null,"layer":null,"name":"\u6caa\u84c9\u7ebf","base_elevation":82,"location":null,"level":null},"geometry":{"type":"LineString","coordinates":[[106.664333,29.6424],[106.663072,29.642591],[106.657759,29.643461]]}},{"id":"('way', 1470016673)","type":"Feature","properties":{"railway":"platform","bridge":null,"tunnel":null,"layer":null,"name":null,"base_elevation":177,"location":null,"level":null},"geometry":{"type":"Polygon","coordinates":[[[106.503889,29.540746],[106.504824,29.541247],[106.50489,29.541154],[106.503954,29.540653],[106.503889,29.540746]]]}},{"id":"('way', 1470016674)","type":"Feature","properties":{"railway":"platform","bridge":null,"tunnel":null,"layer":null,"name":null,"base_elevation":197,"location":null,"level":null},"geometry":{"type":"Polygon","coordinates":[[[106.514803,29.543436],[106.516044,29.543393],[106.51604,29.543287],[106.514798,29.54333],[106.514803,29.543436]]]}},{"id":"('way', 1470016675)","type":"Feature","properties":{"railway":"platform","bridge":null,"tunnel":null,"layer":null,"name":null,"base_elevation":184,"location":null,"level":null},"geometry":{"type":"Polygon","coordinates":[[[106.528913,29.550788],[106.530079,29.55088],[106.530088,29.550796],[106.528921,29.550705],[106.528913,29.550788]]]}},{"id":"('way', 1470016676)","type":"Feature","properties":{"railway":"platform","bridge":null,"tunnel":null,"layer":null,"name":null,"base_elevation":156,"location":null,"level":null},"geometry":{"type":"Polygon","coordinates":[[[106.558767,29.556921],[106.559638,29.557006],[106.559648,29.556927],[106.558777,29.556842],[106.558767,29.556921]]]}},{"id":"('way', 1478705521)","type":"Feature","properties":{"railway":"rail","bridge":null,"tunnel":null,"layer":null,"name":null,"base_elevation":49,"location":null,"level":null},"geometry":{"type":"LineString","coordinates":[[106.530596,29.502585],[106.530929,29.502404],[106.531383,29.502132]]}},{"id":"('way', 1478705522)","type":"Feature","properties":{"railway":"rail","bridge":null,"tunnel":null,"layer":null,"name":null,"base_elevation":48,"location":null,"level":null},"geometry":{"type":"LineString","coordinates":[[106.529328,29.503148],[106.529762,29.502942],[106.530345,29.502693],[106.530596,29.502585],[106.532153,29.501915],[106.532478,29.501763]]}},{"id":"('way', 1478705523)","type":"Feature","properties":{"railway":"rail","bridge":null,"tunnel":null,"layer":null,"name":null,"base_elevation":49,"location":null,"level":null},"geometry":{"type":"LineString","coordinates":[[106.52829,29.50383],[106.528728,29.503559],[106.529252,29.503253],[106.529687,29.503044],[106.530948,29.502519]]}},{"id":"('way', 1478705535)","type":"Feature","properties":{"railway":"rail","bridge":null,"tunnel":null,"layer":null,"name":null,"base_elevation":31,"location":null,"level":null},"geometry":{"type":"LineString","coordinates":[[106.532234,29.501655],[106.532611,29.501471],[106.533122,29.501221],[106.533301,29.501116],[106.537833,29.498384],[106.538121,29.498218],[106.538327,29.498106]]}},{"id":"('way', 1478705542)","type":"Feature","properties":{"railway":"rail","bridge":null,"tunnel":null,"layer":null,"name":null,"base_elevation":19,"location":null,"level":null},"geometry":{"type":"LineString","coordinates":[[106.539705,29.497666],[106.539285,29.497839],[106.539169,29.49789],[106.538631,29.498218],[106.538456,29.498324],[106.536537,29.499487],[106.535175,29.500312],[106.533703,29.501196],[106.533556,29.501284],[106.533358,29.501382],[106.533127,29.501485],[106.532656,29.501644]]}},{"id":"('way', 1478705550)","type":"Feature","properties":{"railway":"rail","bridge":null,"tunnel":null,"layer":null,"name":null,"base_elevation":38,"location":null,"level":null},"geometry":{"type":"LineString","coordinates":[[106.53188,29.501901],[106.532324,29.501693],[106.532686,29.501525],[106.533072,29.501345],[106.533444,29.501142],[106.537301,29.498787],[106.537393,29.498721],[106.537562,29.498587],[106.537833,29.498384]]}},{"id":"('way', 1478705551)","type":"Feature","properties":{"railway":"rail","bridge":null,"tunnel":null,"layer":null,"name":null,"base_elevation":16,"location":null,"level":null},"geometry":{"type":"LineString","coordinates":[[106.540239,29.497501],[106.539913,29.497599],[106.539705,29.497666],[106.539348,29.497779],[106.539132,29.497863],[106.538931,29.497958],[106.538578,29.498168],[106.538411,29.498267],[106.536488,29.499431],[106.535148,29.500277],[106.533672,29.501158],[106.53352,29.501248],[106.533324,29.501352],[106.533169,29.50142],[106.532891,29.501522],[106.532318,29.501737],[106.53188,29.501901],[106.531597,29.502024]]}},{"id":"('way', 1478705561)","type":"Feature","properties":{"railway":"rail","bridge":null,"tunnel":null,"layer":null,"name":null,"base_elevation":27,"location":null,"level":null},"geometry":{"type":"LineString","coordinates":[[106.53871,29.497548],[106.5384,29.497743],[106.535868,29.499276],[106.531881,29.50169],[106.531752,29.501755],[106.531293,29.501976],[106.530844,29.502192],[106.530709,29.502257],[106.530415,29.502398]]}},{"id":"('way', 1478705562)","type":"Feature","properties":{"railway":"rail","bridge":null,"tunnel":null,"layer":null,"name":null,"base_elevation":23,"location":null,"level":null},"geometry":{"type":"LineString","coordinates":[[106.531293,29.501976],[106.53152,29.501846],[106.538837,29.497425],[106.539126,29.497249]]}},{"id":"('way', 1478705563)","type":"Feature","properties":{"railway":"rail","bridge":null,"tunnel":null,"layer":null,"name":null,"base_elevation":20,"location":null,"level":null},"geometry":{"type":"LineString","coordinates":[[106.539632,29.496886],[106.539094,29.497218],[106.530992,29.502104],[106.530844,29.502192]]}},{"id":"('way', 1478705564)","type":"Feature","properties":{"railway":"rail","bridge":null,"tunnel":null,"layer":null,"name":null,"base_elevation":16,"location":null,"level":null},"geometry":{"type":"LineString","coordinates":[[106.528567,29.50356],[106.529043,29.503251],[106.529282,29.503103],[106.529526,29.502945],[106.530019,29.502642],[106.530415,29.502398],[106.530683,29.502236],[106.539279,29.497038],[106.539657,29.496809],[106.539985,29.496611],[106.540181,29.496492]]}},{"id":"('way', 1478705565)","type":"Feature","properties":{"railway":"rail","bridge":null,"tunnel":null,"layer":null,"name":null,"base_elevation":22,"location":null,"level":null},"geometry":{"type":"LineString","coordinates":[[106.530683,29.502236],[106.531284,29.50182],[106.538601,29.497395],[106.53889,29.49723],[106.539279,29.497038]]}},{"id":"('way', 1478705566)","type":"Feature","properties":{"railway":"rail","bridge":null,"tunnel":null,"layer":null,"name":null,"base_elevation":51,"location":null,"level":null},"geometry":{"type":"LineString","coordinates":[[106.529526,29.502945],[106.530559,29.502203],[106.530847,29.502002]]}},{"id":"('way', 1478705567)","type":"Feature","properties":{"railway":"rail","bridge":null,"tunnel":null,"layer":null,"name":null,"base_elevation":14,"location":null,"level":null},"geometry":{"type":"LineString","coordinates":[[106.531341,29.501687],[106.531711,29.501438],[106.531949,29.501283],[106.540302,29.496232],[106.540585,29.496062],[106.540613,29.496045],[106.5419,29.495283],[106.542194,29.495105],[106.542468,29.494935],[106.543068,29.494543]]}},{"id":"('way', 1478705568)","type":"Feature","properties":{"railway":"rail","bridge":null,"tunnel":null,"layer":null,"name":null,"base_elevation":49,"location":null,"level":null},"geometry":{"type":"LineString","coordinates":[[106.531065,29.501872],[106.531341,29.501687],[106.532415,29.500913],[106.532833,29.50064],[106.535266,29.499167]]}},{"id":"('way', 1478705569)","type":"Feature","properties":{"railway":"rail","bridge":null,"tunnel":null,"layer":null,"name":null,"base_elevation":45,"location":null,"level":null},"geometry":{"type":"LineString","coordinates":[[106.528678,29.503544],[106.529152,29.503251],[106.529328,29.503148],[106.529653,29.502952],[106.530848,29.502401],[106.531383,29.502132],[106.531597,29.502024],[106.532234,29.501655],[106.532397,29.501557],[106.53709,29.498719]]}},{"id":"('way', 1492451021)","type":"Feature","properties":{"railway":"subway","bridge":null,"tunnel":null,"layer":null,"name":null,"base_elevation":105,"location":null,"level":null},"geometry":{"type":"LineString","coordinates":[[106.544195,29.520857],[106.543877,29.520965]]}},{"id":"('way', 1492451023)","type":"Feature","properties":{"railway":"subway","bridge":null,"tunnel":null,"layer":null,"name":null,"base_elevation":106,"location":null,"level":null},"geometry":{"type":"LineString","coordinates":[[106.544206,29.520893],[106.543877,29.520965]]}},{"id":"('way', 1492451025)","type":"Feature","properties":{"railway":"subway","bridge":null,"tunnel":null,"layer":null,"name":null,"base_elevation":106,"location":null,"level":null},"geometry":{"type":"LineString","coordinates":[[106.543576,29.521031],[106.54399,29.520986]]}},{"id":"('way', 1492451026)","type":"Feature","properties":{"railway":"subway","bridge":null,"tunnel":null,"layer":null,"name":null,"base_elevation":101,"location":null,"level":null},"geometry":{"type":"LineString","coordinates":[[106.54092,29.521614],[106.540255,29.52176]]}},{"id":"('way', 1492451027)","type":"Feature","properties":{"railway":"subway","bridge":null,"tunnel":null,"layer":null,"name":null,"base_elevation":100,"location":null,"level":null},"geometry":{"type":"LineString","coordinates":[[106.541556,29.521474],[106.541365,29.521539],[106.541173,29.521604]]}},{"id":"('way', 1492451028)","type":"Feature","properties":{"railway":"subway","bridge":null,"tunnel":null,"layer":null,"name":null,"base_elevation":100,"location":null,"level":null},"geometry":{"type":"LineString","coordinates":[[106.541162,29.521561],[106.541365,29.521539],[106.541571,29.521517]]}},{"id":"('way', 1492451029)","type":"Feature","properties":{"railway":"subway","bridge":null,"tunnel":null,"layer":null,"name":null,"base_elevation":101,"location":null,"level":null},"geometry":{"type":"LineString","coordinates":[[106.54092,29.521614],[106.540777,29.521629],[106.540507,29.521658]]}},{"id":"('way', 1492451030)","type":"Feature","properties":{"railway":"subway","bridge":null,"tunnel":null,"layer":null,"name":null,"base_elevation":106,"location":null,"level":null},"geometry":{"type":"LineString","coordinates":[[106.543877,29.520965],[106.543576,29.521031],[106.543418,29.521065]]}},{"id":"('way', 1492451031)","type":"Feature","properties":{"railway":"subway","bridge":null,"tunnel":null,"layer":null,"name":null,"base_elevation":100,"location":null,"level":null},"geometry":{"type":"LineString","coordinates":[[106.541667,29.52145],[106.541556,29.521474],[106.541162,29.521561],[106.54092,29.521614]]}},{"id":"('way', 1492886025)","type":"Feature","properties":{"railway":"rail","bridge":null,"tunnel":null,"layer":null,"name":"\u6e1d\u718a\u7ebf","base_elevation":120,"location":null,"level":null},"geometry":{"type":"LineString","coordinates":[[106.610613,29.639143],[106.611375,29.639148],[106.612134,29.639171]]}},{"id":"('way', 1498096276)","type":"Feature","properties":{"railway":"rail","bridge":null,"tunnel":null,"layer":null,"name":null,"base_elevation":105,"location":null,"level":null},"geometry":{"type":"LineString","coordinates":[[106.568468,29.620756],[106.567856,29.620369],[106.567518,29.620162],[106.566191,29.619308],[106.565782,29.619008],[106.565388,29.618551],[106.564906,29.617889]]}},{"id":"('way', 1498096277)","type":"Feature","properties":{"railway":"rail","bridge":null,"tunnel":null,"layer":null,"name":null,"base_elevation":102,"location":null,"level":null},"geometry":{"type":"LineString","coordinates":[[106.566999,29.619885],[106.56773,29.620352]]}},{"id":"('way', 1498096278)","type":"Feature","properties":{"railway":"rail","bridge":null,"tunnel":null,"layer":null,"name":null,"base_elevation":105,"location":null,"level":null},"geometry":{"type":"LineString","coordinates":[[106.567856,29.620369],[106.567401,29.620022]]}},{"id":"('way', 1498383564)","type":"Feature","properties":{"railway":"platform","bridge":null,"tunnel":null,"layer":"-4","name":null,"base_elevation":109,"location":"underground","level":null},"geometry":{"type":"Polygon","coordinates":[[[106.579393,29.563188],[106.579715,29.56308],[106.579975,29.562984],[106.580291,29.562854],[106.580536,29.562744],[106.580552,29.562769],[106.580487,29.562799],[106.580506,29.562833],[106.580234,29.562952],[106.580216,29.562918],[106.579986,29.563009],[106.579757,29.563098],[106.579774,29.563134],[106.579476,29.563231],[106.579462,29.563198],[106.579406,29.563218],[106.579393,29.563188]]]}},{"id":"('way', 1498383565)","type":"Feature","properties":{"railway":"platform","bridge":null,"tunnel":null,"layer":"-4","name":null,"base_elevation":109,"location":"underground","level":null},"geometry":{"type":"Polygon","coordinates":[[[106.579366,29.563122],[106.579355,29.563095],[106.579411,29.563077],[106.579397,29.563043],[106.579685,29.562945],[106.579701,29.562979],[106.579926,29.562894],[106.580152,29.562803],[106.580134,29.562771],[106.580398,29.562654],[106.580418,29.562688],[106.580483,29.562658],[106.580498,29.562683],[106.580257,29.562791],[106.57994,29.562921],[106.579686,29.563015],[106.579366,29.563122]]]}},{"id":"('way', 1498693639)","type":"Feature","properties":{"railway":"platform","bridge":null,"tunnel":null,"layer":null,"name":null,"base_elevation":119,"location":null,"level":null},"geometry":{"type":"Polygon","coordinates":[[[106.545015,29.61339],[106.549652,29.61316],[106.549901,29.613136],[106.549902,29.613181],[106.549655,29.613211],[106.545018,29.613441],[106.544594,29.613453],[106.544221,29.613451],[106.54422,29.613415],[106.544594,29.61341],[106.545015,29.61339]]]}},{"id":"('way', 1498693640)","type":"Feature","properties":{"railway":"platform","bridge":null,"tunnel":null,"layer":null,"name":null,"base_elevation":117,"location":null,"level":null},"geometry":{"type":"Polygon","coordinates":[[[106.549635,29.612865],[106.544997,29.613095],[106.544538,29.61312],[106.544202,29.613148],[106.544201,29.613186],[106.544547,29.613163],[106.545001,29.613148],[106.549638,29.612918],[106.54989,29.612889],[106.549888,29.612852],[106.549635,29.612865]]]}},{"id":"('way', 1498693641)","type":"Feature","properties":{"railway":"platform","bridge":null,"tunnel":null,"layer":null,"name":null,"base_elevation":109,"location":null,"level":null},"geometry":{"type":"Polygon","coordinates":[[[106.549874,29.611107],[106.549877,29.611152],[106.544208,29.611433],[106.544205,29.611389],[106.549874,29.611107]]]}},{"id":"('way', 1498693642)","type":"Feature","properties":{"railway":"platform","bridge":null,"tunnel":null,"layer":null,"name":null,"base_elevation":109,"location":null,"level":null},"geometry":{"type":"Polygon","coordinates":[[[106.549888,29.611342],[106.549892,29.611395],[106.54422,29.611676],[106.544217,29.611623],[106.549888,29.611342]]]}},{"id":"('way', 1498693643)","type":"Feature","properties":{"railway":"platform","bridge":null,"tunnel":null,"layer":null,"name":null,"base_elevation":108,"location":null,"level":null},"geometry":{"type":"Polygon","coordinates":[[[106.549897,29.611527],[106.549901,29.611578],[106.544236,29.611856],[106.544233,29.611804],[106.549897,29.611527]]]}},{"id":"('way', 1498693644)","type":"Feature","properties":{"railway":"platform","bridge":null,"tunnel":null,"layer":null,"name":null,"base_elevation":108,"location":null,"level":null},"geometry":{"type":"Polygon","coordinates":[[[106.549566,29.611731],[106.549569,29.611785],[106.544931,29.612011],[106.544928,29.611957],[106.549566,29.611731]]]}},{"id":"('way', 1498693645)","type":"Feature","properties":{"railway":"platform","bridge":null,"tunnel":null,"layer":null,"name":null,"base_elevation":108,"location":null,"level":null},"geometry":{"type":"Polygon","coordinates":[[[106.549576,29.611921],[106.549579,29.611973],[106.544938,29.612204],[106.544934,29.612151],[106.549576,29.611921]]]}},{"id":"('way', 1498693646)","type":"Feature","properties":{"railway":"platform","bridge":null,"tunnel":null,"layer":null,"name":null,"base_elevation":108,"location":null,"level":null},"geometry":{"type":"Polygon","coordinates":[[[106.549583,29.612118],[106.549586,29.612165],[106.544956,29.612394],[106.544953,29.612347],[106.549583,29.612118]]]}},{"id":"('way', 1498693647)","type":"Feature","properties":{"railway":"platform","bridge":null,"tunnel":null,"layer":null,"name":null,"base_elevation":109,"location":null,"level":null},"geometry":{"type":"Polygon","coordinates":[[[106.549598,29.612304],[106.549601,29.61235],[106.544965,29.612582],[106.544962,29.612536],[106.549598,29.612304]]]}},{"id":"('way', 1498693648)","type":"Feature","properties":{"railway":"platform","bridge":null,"tunnel":null,"layer":null,"name":null,"base_elevation":113,"location":null,"level":null},"geometry":{"type":"Polygon","coordinates":[[[106.549611,29.61249],[106.549614,29.612544],[106.544975,29.612775],[106.544972,29.612724],[106.549611,29.61249]]]}},{"id":"('way', 1498693649)","type":"Feature","properties":{"railway":"platform","bridge":null,"tunnel":null,"layer":null,"name":null,"base_elevation":115,"location":null,"level":null},"geometry":{"type":"Polygon","coordinates":[[[106.549624,29.612681],[106.549627,29.612734],[106.544993,29.612962],[106.544989,29.612909],[106.549624,29.612681]]]}},{"id":"('way', 1498693650)","type":"Feature","properties":{"railway":"platform","bridge":null,"tunnel":null,"layer":null,"name":null,"base_elevation":127,"location":null,"level":null},"geometry":{"type":"Polygon","coordinates":[[[106.549664,29.61335],[106.549667,29.613402],[106.545034,29.613632],[106.545031,29.61358],[106.549664,29.61335]]]}},{"id":"('way', 1498693651)","type":"Feature","properties":{"railway":"rail","bridge":null,"tunnel":null,"layer":null,"name":null,"base_elevation":118,"location":null,"level":null},"geometry":{"type":"LineString","coordinates":[[106.552012,29.612589],[106.552624,29.612535]]}},{"id":"('way', 1498693652)","type":"Feature","properties":{"railway":"rail","bridge":null,"tunnel":null,"layer":null,"name":null,"base_elevation":106,"location":null,"level":null},"geometry":{"type":"LineString","coordinates":[[106.554056,29.612303],[106.553788,29.612366],[106.553463,29.612443]]}},{"id":"('way', 1498693653)","type":"Feature","properties":{"railway":"rail","bridge":null,"tunnel":null,"layer":null,"name":null,"base_elevation":106,"location":null,"level":null},"geometry":{"type":"LineString","coordinates":[[106.553447,29.612395],[106.553788,29.612366],[106.554079,29.612341]]}},{"id":"('way', 1498693654)","type":"Feature","properties":{"railway":"rail","bridge":null,"tunnel":null,"layer":null,"name":null,"base_elevation":122,"location":null,"level":null},"geometry":{"type":"LineString","coordinates":[[106.554582,29.612258],[106.554911,29.61223],[106.555248,29.6122]]}},{"id":"('way', 1498693655)","type":"Feature","properties":{"railway":"rail","bridge":null,"tunnel":null,"layer":null,"name":null,"base_elevation":122,"location":null,"level":null},"geometry":{"type":"LineString","coordinates":[[106.555364,29.612044],[106.555057,29.612114],[106.554746,29.612189]]}},{"id":"('way', 1498693656)","type":"Feature","properties":{"railway":"rail","bridge":null,"tunnel":null,"layer":null,"name":null,"base_elevation":117,"location":null,"level":null},"geometry":{"type":"LineString","coordinates":[[106.552303,29.61268],[106.552761,29.612569]]}},{"id":"('way', 1498693657)","type":"Feature","properties":{"railway":"rail","bridge":null,"tunnel":null,"layer":null,"name":null,"base_elevation":102,"location":null,"level":null},"geometry":{"type":"LineString","coordinates":[[106.551346,29.61193],[106.551862,29.611891],[106.552449,29.611838],[106.552763,29.611779],[106.553031,29.611729]]}},{"id":"('way', 1498693658)","type":"Feature","properties":{"railway":"rail","bridge":null,"tunnel":null,"layer":null,"name":null,"base_elevation":102,"location":null,"level":null},"geometry":{"type":"LineString","coordinates":[[106.551406,29.611783],[106.552028,29.611719]]}},{"id":"('way', 1498693659)","type":"Feature","properties":{"railway":"rail","bridge":null,"tunnel":null,"layer":null,"name":null,"base_elevation":101,"location":null,"level":null},"geometry":{"type":"LineString","coordinates":[[106.543541,29.612073],[106.544417,29.612052],[106.550215,29.611771],[106.55169,29.611727],[106.552028,29.611719],[106.552434,29.611695],[106.553006,29.611636],[106.553568,29.611627]]}},{"id":"('way', 1498693660)","type":"Feature","properties":{"railway":"rail","bridge":null,"tunnel":null,"layer":null,"name":null,"base_elevation":108,"location":null,"level":null},"geometry":{"type":"LineString","coordinates":[[106.553577,29.611673],[106.554,29.611582]]}},{"id":"('way', 1498693661)","type":"Feature","properties":{"railway":"rail","bridge":null,"tunnel":null,"layer":null,"name":null,"base_elevation":113,"location":null,"level":null},"geometry":{"type":"LineString","coordinates":[[106.555358,29.611443],[106.555933,29.611336]]}},{"id":"('way', 1498693662)","type":"Feature","properties":{"railway":"rail","bridge":null,"tunnel":null,"layer":null,"name":null,"base_elevation":113,"location":null,"level":null},"geometry":{"type":"LineString","coordinates":[[106.556167,29.611312],[106.555304,29.611313]]}},{"id":"('way', 1498693663)","type":"Feature","properties":{"railway":"rail","bridge":null,"tunnel":null,"layer":null,"name":null,"base_elevation":111,"location":null,"level":null},"geometry":{"type":"LineString","coordinates":[[106.555458,29.611101],[106.556416,29.611103]]}},{"id":"('way', 1498693664)","type":"Feature","properties":{"railway":"rail","bridge":null,"tunnel":null,"layer":null,"name":null,"base_elevation":109,"location":null,"level":null},"geometry":{"type":"LineString","coordinates":[[106.55511,29.61102],[106.555608,29.610944]]}},{"id":"('way', 1498693665)","type":"Feature","properties":{"railway":"rail","bridge":null,"tunnel":null,"layer":null,"name":null,"base_elevation":103,"location":null,"level":null},"geometry":{"type":"LineString","coordinates":[[106.553426,29.611152],[106.553733,29.611112],[106.554036,29.611071]]}},{"id":"('way', 1498693666)","type":"Feature","properties":{"railway":"rail","bridge":null,"tunnel":null,"layer":null,"name":null,"base_elevation":97,"location":null,"level":null},"geometry":{"type":"LineString","coordinates":[[106.550067,29.611592],[106.550772,29.611523],[106.551078,29.611479],[106.551704,29.611332],[106.552175,29.611264],[106.552644,29.61119]]}},{"id":"('way', 1498693667)","type":"Feature","properties":{"railway":"rail","bridge":null,"tunnel":null,"layer":null,"name":null,"base_elevation":97,"location":null,"level":null},"geometry":{"type":"LineString","coordinates":[[106.554574,29.611096],[106.554044,29.611122],[106.553426,29.611152],[106.552644,29.61119],[106.551862,29.611227],[106.550993,29.611284]]}},{"id":"('way', 1498693668)","type":"Feature","properties":{"railway":"rail","bridge":null,"tunnel":null,"layer":null,"name":null,"base_elevation":98,"location":null,"level":null},"geometry":{"type":"LineString","coordinates":[[106.552175,29.611264],[106.55264,29.611235],[106.555138,29.611116],[106.555458,29.611101]]}},{"id":"('way', 1498693669)","type":"Feature","properties":{"railway":"rail","bridge":null,"tunnel":null,"layer":null,"name":null,"base_elevation":111,"location":null,"level":null},"geometry":{"type":"LineString","coordinates":[[106.556205,29.611014],[106.556828,29.611035]]}},{"id":"('way', 1498693670)","type":"Feature","properties":{"railway":"rail","bridge":null,"tunnel":null,"layer":null,"name":null,"base_elevation":111,"location":null,"level":null},"geometry":{"type":"LineString","coordinates":[[106.554574,29.611096],[106.555138,29.611116]]}},{"id":"('way', 1498693671)","type":"Feature","properties":{"railway":"rail","bridge":null,"tunnel":null,"layer":null,"name":null,"base_elevation":109,"location":null,"level":null},"geometry":{"type":"LineString","coordinates":[[106.555357,29.611006],[106.555856,29.611032]]}},{"id":"('way', 1498693672)","type":"Feature","properties":{"railway":"rail","bridge":null,"tunnel":null,"layer":null,"name":null,"base_elevation":103,"location":null,"level":null},"geometry":{"type":"LineString","coordinates":[[106.55343,29.6111],[106.553733,29.611112],[106.554044,29.611122]]}},{"id":"('way', 1498693673)","type":"Feature","properties":{"railway":"rail","bridge":null,"tunnel":null,"layer":null,"name":null,"base_elevation":97,"location":null,"level":null},"geometry":{"type":"LineString","coordinates":[[106.553406,29.611054],[106.552791,29.61113]]}},{"id":"('way', 1498693674)","type":"Feature","properties":{"railway":"rail","bridge":null,"tunnel":null,"layer":null,"name":null,"base_elevation":110,"location":null,"level":null},"geometry":{"type":"LineString","coordinates":[[106.554046,29.611022],[106.554574,29.611045]]}},{"id":"('way', 1498693675)","type":"Feature","properties":{"railway":"rail","bridge":null,"tunnel":null,"layer":null,"name":null,"base_elevation":98,"location":null,"level":null},"geometry":{"type":"LineString","coordinates":[[106.552163,29.611069],[106.552933,29.611077]]}},{"id":"('way', 1498693676)","type":"Feature","properties":{"railway":"rail","bridge":null,"tunnel":null,"layer":null,"name":null,"base_elevation":97,"location":null,"level":null},"geometry":{"type":"LineString","coordinates":[[106.552493,29.611145],[106.551883,29.611129]]}},{"id":"('way', 1498693677)","type":"Feature","properties":{"railway":"rail","bridge":null,"tunnel":null,"layer":null,"name":null,"base_elevation":103,"location":null,"level":null},"geometry":{"type":"LineString","coordinates":[[106.550446,29.611145],[106.551268,29.611154]]}},{"id":"('way', 1498693678)","type":"Feature","properties":{"railway":"rail","bridge":null,"tunnel":null,"layer":null,"name":null,"base_elevation":102,"location":null,"level":null},"geometry":{"type":"LineString","coordinates":[[106.556333,29.61184],[106.555508,29.611929],[106.555141,29.611942],[106.554729,29.611912],[106.554184,29.611823],[106.553856,29.611776],[106.553525,29.611759],[106.553021,29.611772],[106.552449,29.611838]]}},{"id":"('way', 1498693679)","type":"Feature","properties":{"railway":"rail","bridge":null,"tunnel":null,"layer":null,"name":null,"base_elevation":108,"location":null,"level":null},"geometry":{"type":"LineString","coordinates":[[106.536539,29.611909],[106.537479,29.611858]]}},{"id":"('way', 1498693680)","type":"Feature","properties":{"railway":"rail","bridge":null,"tunnel":null,"layer":null,"name":"\u6e1d\u6000\u7ebf","base_elevation":110,"location":null,"level":null},"geometry":{"type":"LineString","coordinates":[[106.534852,29.612145],[106.535571,29.612018],[106.536187,29.611969]]}},{"id":"('way', 1498693681)","type":"Feature","properties":{"railway":"rail","bridge":null,"tunnel":null,"layer":null,"name":"\u90d1\u6e1d\u9ad8\u901f\u7ebf","base_elevation":101,"location":null,"level":null},"geometry":{"type":"LineString","coordinates":[[106.544155,29.612256],[106.543439,29.612209],[106.542686,29.612151],[106.542289,29.612116],[106.541512,29.612046],[106.540671,29.611879],[106.540378,29.611826],[106.539935,29.611796]]}},{"id":"('way', 1498693682)","type":"Feature","properties":{"railway":"rail","bridge":null,"tunnel":null,"layer":null,"name":null,"base_elevation":102,"location":null,"level":null},"geometry":{"type":"LineString","coordinates":[[106.543671,29.611638],[106.542233,29.611702],[106.541835,29.6117],[106.541362,29.611674]]}},{"id":"('way', 1498693683)","type":"Feature","properties":{"railway":"rail","bridge":null,"tunnel":null,"layer":null,"name":"\u90d1\u6e1d\u9ad8\u901f\u7ebf","base_elevation":100,"location":null,"level":null},"geometry":{"type":"LineString","coordinates":[[106.538662,29.611868],[106.539193,29.611863],[106.539574,29.611893],[106.540183,29.61194],[106.541121,29.612059],[106.541533,29.612082],[106.541977,29.612131],[106.542411,29.612173],[106.543078,29.612235],[106.543422,29.612266],[106.544162,29.612295]]}},{"id":"('way', 1500620452)","type":"Feature","properties":{"railway":"platform","bridge":null,"tunnel":null,"layer":"-3","name":null,"base_elevation":167,"location":"underground","level":null},"geometry":{"type":"Polygon","coordinates":[[[106.525636,29.602123],[106.525673,29.602031],[106.526847,29.602391],[106.52681,29.602483],[106.525636,29.602123]]]}},{"id":"('way', 1500620453)","type":"Feature","properties":{"railway":"platform","bridge":null,"tunnel":null,"layer":"-3","name":null,"base_elevation":147,"location":"underground","level":null},"geometry":{"type":"Polygon","coordinates":[[[106.518061,29.598875],[106.518115,29.598571],[106.518191,29.598312],[106.518279,29.598085],[106.518419,29.59781],[106.518513,29.597852],[106.518377,29.598122],[106.518288,29.598349],[106.518222,29.59858],[106.518165,29.598882],[106.518061,29.598875]]]}},{"id":"('way', 1500620454)","type":"Feature","properties":{"railway":"platform","bridge":null,"tunnel":null,"layer":"-3","name":null,"base_elevation":122,"location":"underground","level":null},"geometry":{"type":"Polygon","coordinates":[[[106.547545,29.615465],[106.547392,29.615472],[106.547313,29.614208],[106.547465,29.6142],[106.547545,29.615465]]]}},{"id":"('way', 1500620455)","type":"Feature","properties":{"railway":"platform","bridge":null,"tunnel":null,"layer":"-4","name":null,"base_elevation":124,"location":"underground","level":null},"geometry":{"type":"Polygon","coordinates":[[[106.546709,29.614937],[106.546701,29.614802],[106.548148,29.614734],[106.548157,29.61487],[106.546709,29.614937]]]}},{"id":"('way', 1500623375)","type":"Feature","properties":{"railway":"platform","bridge":null,"tunnel":null,"layer":"-4","name":null,"base_elevation":147,"location":"underground","level":null},"geometry":{"type":"Polygon","coordinates":[[[106.507759,29.610475],[106.507759,29.610364],[106.509212,29.610363],[106.509212,29.610474],[106.507759,29.610475]]]}},{"id":"('way', 1500623376)","type":"Feature","properties":{"railway":"platform","bridge":null,"tunnel":null,"layer":"-3","name":null,"base_elevation":193,"location":"underground","level":null},"geometry":{"type":"Polygon","coordinates":[[[106.523933,29.611282],[106.523954,29.611216],[106.525349,29.611559],[106.525328,29.611625],[106.523933,29.611282]]]}},{"id":"('way', 1500623377)","type":"Feature","properties":{"railway":"platform","bridge":null,"tunnel":null,"layer":"-3","name":null,"base_elevation":192,"location":"underground","level":null},"geometry":{"type":"Polygon","coordinates":[[[106.525328,29.611625],[106.525307,29.61169],[106.523912,29.611347],[106.523933,29.611282],[106.525328,29.611625]]]}},{"id":"('way', 1500623378)","type":"Feature","properties":{"railway":"platform","bridge":null,"tunnel":null,"layer":"-4","name":null,"base_elevation":193,"location":"underground","level":null},"geometry":{"type":"Polygon","coordinates":[[[106.523935,29.61129],[106.523956,29.611224],[106.525351,29.611567],[106.52533,29.611633],[106.523935,29.61129]]]}},{"id":"('way', 1500623379)","type":"Feature","properties":{"railway":"platform","bridge":null,"tunnel":null,"layer":"-4","name":null,"base_elevation":192,"location":"underground","level":null},"geometry":{"type":"Polygon","coordinates":[[[106.52533,29.611633],[106.525309,29.611698],[106.523914,29.611355],[106.523935,29.61129],[106.52533,29.611633]]]}},{"id":"('way', 1500623380)","type":"Feature","properties":{"railway":"platform","bridge":null,"tunnel":null,"layer":"-2","name":null,"base_elevation":140,"location":"underground","level":null},"geometry":{"type":"Polygon","coordinates":[[[106.566149,29.630483],[106.566088,29.630579],[106.56482,29.629969],[106.564881,29.629873],[106.566149,29.630483]]]}},{"id":"('way', 1500623381)","type":"Feature","properties":{"railway":"platform","bridge":null,"tunnel":null,"layer":"-3","name":null,"base_elevation":120,"location":"underground","level":null},"geometry":{"type":"Polygon","coordinates":[[[106.545531,29.61034],[106.545464,29.610342],[106.545428,29.609246],[106.545495,29.609244],[106.545531,29.61034]]]}},{"id":"('way', 1500623382)","type":"Feature","properties":{"railway":"platform","bridge":null,"tunnel":null,"layer":"-3","name":null,"base_elevation":121,"location":"underground","level":null},"geometry":{"type":"Polygon","coordinates":[[[106.54568,29.610335],[106.545613,29.610337],[106.545577,29.60924],[106.545643,29.609238],[106.54568,29.610335]]]}},{"id":"('way', 1500623383)","type":"Feature","properties":{"railway":"platform","bridge":null,"tunnel":null,"layer":"-5","name":null,"base_elevation":122,"location":"underground","level":null},"geometry":{"type":"Polygon","coordinates":[[[106.545443,29.609867],[106.545438,29.609724],[106.546901,29.609686],[106.546906,29.609829],[106.545443,29.609867]]]}},{"id":"('way', 1500623384)","type":"Feature","properties":{"railway":"platform","bridge":null,"tunnel":null,"layer":"-3","name":null,"base_elevation":118,"location":"underground","level":null},"geometry":{"type":"Polygon","coordinates":[[[106.54698,29.608859],[106.547143,29.608851],[106.547222,29.610128],[106.547059,29.610135],[106.54698,29.608859]]]}},{"id":"('way', 1500645110)","type":"Feature","properties":{"railway":"platform","bridge":null,"tunnel":null,"layer":"-3","name":null,"base_elevation":116,"location":null,"level":null},"geometry":{"type":"Polygon","coordinates":[[[106.514822,29.523059],[106.514812,29.522925],[106.516252,29.522843],[106.516262,29.522976],[106.514822,29.523059]]]}},{"id":"('way', 1500662488)","type":"Feature","properties":{"railway":"platform","bridge":null,"tunnel":null,"layer":"-3","name":null,"base_elevation":86,"location":null,"level":null},"geometry":{"type":"Polygon","coordinates":[[[106.500648,29.553608],[106.500614,29.553476],[106.498985,29.553799],[106.499019,29.553931],[106.500648,29.553608]]]}},{"id":"('way', 1501212069)","type":"Feature","properties":{"railway":"subway","bridge":"yes","tunnel":null,"layer":"2","name":"4\u53f7\u7ebf","base_elevation":43,"location":null,"level":null},"geometry":{"type":"LineString","coordinates":[[106.651576,29.606783],[106.651246,29.606837],[106.650896,29.606924],[106.648998,29.607526],[106.647726,29.607943],[106.64701,29.608167],[106.646193,29.608428],[106.645803,29.608538],[106.64492,29.608718],[106.644223,29.608805],[106.643742,29.608845],[106.643394,29.608853],[106.642909,29.60884]]}},{"id":"('way', 1501212070)","type":"Feature","properties":{"railway":"subway","bridge":"yes","tunnel":null,"layer":"2","name":"4\u53f7\u7ebf","base_elevation":46,"location":null,"level":null},"geometry":{"type":"LineString","coordinates":[[106.642935,29.608596],[106.644566,29.608569],[106.644862,29.608551],[106.645099,29.608544],[106.645381,29.608517],[106.645591,29.608484],[106.64584,29.608438],[106.646118,29.608375],[106.646577,29.608253],[106.646989,29.608138],[106.647707,29.6079],[106.650886,29.606887],[106.651252,29.606772],[106.651557,29.606705]]}},{"id":"('way', 1502888766)","type":"Feature","properties":{"railway":"platform","bridge":null,"tunnel":null,"layer":"-4","name":null,"base_elevation":147,"location":"underground","level":null},"geometry":{"type":"Polygon","coordinates":[[[106.516574,29.6008],[106.516696,29.60085],[106.517224,29.599867],[106.517102,29.599817],[106.516574,29.6008]]]}}]}