{"type":"FeatureCollection","features":[{"id":"0","type":"Feature","properties":{"waterway":"unknown","natural":"water","base_elevation":100},"geometry":{"type":"Polygon","coordinates":[[[106.506043,29.503809],[106.50613,29.503883],[106.506231,29.503873],[106.506109,29.503671],[106.506042,29.503737],[106.506043,29.503809]]]}},{"id":"1","type":"Feature","properties":{"waterway":"unknown","natural":"water","base_elevation":116},"geometry":{"type":"Polygon","coordinates":[[[106.501227,29.507534],[106.501149,29.507574],[106.501085,29.507504],[106.501171,29.507443],[106.501233,29.50732],[106.501351,29.507247],[106.501396,29.507278],[106.501418,29.507366],[106.501498,29.507415],[106.501777,29.507378],[106.501753,29.507175],[106.501815,29.507042],[106.50193,29.507016],[106.50208,29.507056],[106.502144,29.507107],[106.502013,29.507224],[106.502008,29.507275],[106.502077,29.507317],[106.502222,29.507299],[106.502589,29.506862],[106.502193,29.506639],[106.502168,29.506591],[106.502037,29.506776],[106.501652,29.50684],[106.501362,29.507011],[106.501153,29.50706],[106.500767,29.507092],[106.500595,29.507202],[106.500574,29.5074],[106.500432,29.507482],[106.500343,29.507639],[106.500343,29.507746],[106.500491,29.507961],[106.500577,29.508031],[106.500719,29.508024],[106.50085,29.507896],[106.500826,29.507818],[106.500878,29.507785],[106.500926,29.507807],[106.501271,29.507589],[106.501227,29.507534]]]}},{"id":"2","type":"Feature","properties":{"waterway":"unknown","natural":"water","base_elevation":111},"geometry":{"type":"Polygon","coordinates":[[[106.50614,29.508062],[106.505915,29.50824],[106.505561,29.508109],[106.505056,29.508109],[106.504928,29.508062],[106.503887,29.508146],[106.503404,29.508277],[106.502782,29.508595],[106.50246,29.508678],[106.502278,29.508781],[106.502063,29.509005],[106.50202,29.509201],[106.50202,29.509379],[106.50276,29.511078],[106.502996,29.511396],[106.503666,29.511993],[106.503857,29.512103],[106.50422,29.512142],[106.505571,29.511536],[106.505711,29.511526],[106.50585,29.511582],[106.505936,29.511685],[106.505915,29.511797],[106.5054,29.512712],[106.505357,29.512927],[106.505251,29.513205],[106.505089,29.513375],[106.505164,29.513422],[106.505335,29.5133],[106.505561,29.512692],[106.506037,29.51189],[106.506056,29.511765],[106.50602,29.511647],[106.505915,29.511498],[106.505775,29.511433],[106.505486,29.511461],[106.504192,29.512033],[106.503899,29.512012],[106.503734,29.51192],[106.503503,29.511753],[106.502939,29.51122],[106.502842,29.511047],[106.502642,29.510471],[106.502181,29.509416],[106.50216,29.509239],[106.502224,29.509052],[106.502331,29.508884],[106.502492,29.5088],[106.502868,29.508688],[106.503226,29.508642],[106.504283,29.508361],[106.505014,29.508212],[106.505271,29.508212],[106.505947,29.508286],[106.506086,29.508221],[106.506215,29.50824],[106.506451,29.507997],[106.506558,29.507782],[106.506558,29.507679],[106.50644,29.507315],[106.506355,29.507278],[106.50644,29.507661],[106.506387,29.507885],[106.506215,29.508062],[106.506151,29.50781],[106.505829,29.507642],[106.505829,29.507455],[106.505947,29.507325],[106.506151,29.507315],[106.506172,29.507222],[106.506001,29.507222],[106.505765,29.507343],[106.505657,29.507539],[106.505657,29.507652],[106.505829,29.507773],[106.506086,29.507829],[106.50614,29.508062]]]}},{"id":"3","type":"Feature","properties":{"waterway":"unknown","natural":"water","base_elevation":118},"geometry":{"type":"Polygon","coordinates":[[[106.501557,29.509931],[106.501549,29.509796],[106.501385,29.50946],[106.501224,29.509315],[106.501071,29.509289],[106.500983,29.509359],[106.500964,29.50952],[106.501066,29.509618],[106.501266,29.509582],[106.501341,29.509624],[106.501385,29.509718],[106.501361,29.509889],[106.501152,29.510108],[106.501162,29.510259],[106.501272,29.51044],[106.501345,29.510448],[106.501419,29.510403],[106.501506,29.510398],[106.501549,29.510344],[106.501527,29.510253],[106.50142,29.510132],[106.501441,29.510027],[106.501557,29.509931]]]}},{"id":"4","type":"Feature","properties":{"waterway":"unknown","natural":"water","base_elevation":116},"geometry":{"type":"Polygon","coordinates":[[[106.50334,29.514843],[106.503188,29.515253],[106.503083,29.51534],[106.502959,29.515387],[106.502411,29.515414],[106.502084,29.515535],[106.501945,29.515684],[106.50174,29.516285],[106.501498,29.516618],[106.501272,29.516728],[106.500904,29.516727],[106.500699,29.51666],[106.500374,29.516279],[106.499939,29.516211],[106.499639,29.516317],[106.499385,29.516266],[106.499038,29.515948],[106.498889,29.515493],[106.498798,29.515401],[106.498221,29.515279],[106.498191,29.515384],[106.498744,29.515501],[106.498846,29.515672],[106.498888,29.515914],[106.499006,29.516082],[106.499363,29.516351],[106.499602,29.516412],[106.499714,29.516403],[106.499937,29.516282],[106.50017,29.516329],[106.500486,29.516564],[106.500666,29.516741],[106.500802,29.516819],[106.50097,29.516827],[106.50143,29.51679],[106.50164,29.5166],[106.501815,29.516496],[106.501886,29.516362],[106.501973,29.515928],[106.502043,29.515734],[106.502184,29.515588],[106.502487,29.515509],[106.503129,29.515482],[106.503288,29.51538],[106.503382,29.515235],[106.503582,29.514694],[106.503732,29.514458],[106.503928,29.514249],[106.503857,29.514171],[106.503599,29.514355],[106.503507,29.514495],[106.50334,29.514843]]]}},{"id":"5","type":"Feature","properties":{"waterway":"unknown","natural":"water","base_elevation":157},"geometry":{"type":"Polygon","coordinates":[[[106.505966,29.5354],[106.505899,29.535255],[106.505778,29.535204],[106.505783,29.535605],[106.505899,29.535549],[106.505966,29.5354]]]}},{"id":"6","type":"Feature","properties":{"waterway":"unknown","natural":"water","base_elevation":162},"geometry":{"type":"Polygon","coordinates":[[[106.502826,29.544553],[106.502917,29.544644],[106.502904,29.544685],[106.50298,29.544694],[106.503092,29.544766],[106.503084,29.544819],[106.503198,29.544818],[106.503255,29.544709],[106.503329,29.544718],[106.503333,29.544535],[106.503274,29.544557],[106.503209,29.544496],[106.503166,29.54438],[106.503063,29.54428],[106.502866,29.544317],[106.502768,29.544286],[106.502728,29.544212],[106.502593,29.544266],[106.502297,29.544215],[106.502303,29.544317],[106.502231,29.544417],[106.502246,29.544431],[106.502346,29.544487],[106.502468,29.544455],[106.502515,29.544542],[106.502826,29.544553]]]}},{"id":"7","type":"Feature","properties":{"waterway":"unknown","natural":"water","base_elevation":166},"geometry":{"type":"Polygon","coordinates":[[[106.500611,29.545247],[106.500698,29.545164],[106.500638,29.545105],[106.500634,29.545047],[106.500696,29.544941],[106.50064,29.544773],[106.500488,29.544821],[106.500406,29.54477],[106.500353,29.544837],[106.499695,29.545311],[106.499759,29.545383],[106.499961,29.545454],[106.500072,29.545423],[106.500105,29.545345],[106.500182,29.545293],[106.500406,29.545286],[106.500465,29.545233],[106.500611,29.545247]]]}},{"id":"8","type":"Feature","properties":{"waterway":"unknown","natural":"water","base_elevation":162},"geometry":{"type":"Polygon","coordinates":[[[106.504448,29.54542],[106.504537,29.545164],[106.50444,29.545129],[106.504198,29.545237],[106.504023,29.54524],[106.503974,29.545367],[106.504038,29.545506],[106.504277,29.545563],[106.504327,29.545608],[106.504454,29.545598],[106.504476,29.54557],[106.504448,29.54542]]]}},{"id":"9","type":"Feature","properties":{"waterway":"unknown","natural":"water","base_elevation":45},"geometry":{"type":"Polygon","coordinates":[[[106.507869,29.553047],[106.507885,29.552914],[106.508089,29.552758],[106.508338,29.552498],[106.508671,29.552376],[106.509169,29.552102],[106.509334,29.552094],[106.509516,29.552004],[106.509685,29.551973],[106.509721,29.551921],[106.509746,29.551719],[106.509912,29.55171],[106.509981,29.551686],[106.51003,29.551625],[106.510051,29.551539],[106.510021,29.55144],[106.509879,29.551334],[106.509765,29.551343],[106.509648,29.551376],[106.509456,29.551571],[106.509332,29.551622],[106.509105,29.55151],[106.508877,29.551479],[106.508726,29.551514],[106.508339,29.551868],[106.507993,29.55189],[106.507866,29.551965],[106.507727,29.552163],[106.507641,29.552374],[106.507464,29.552478],[106.507442,29.552817],[106.507396,29.552944],[106.507144,29.553236],[106.5071,29.553558],[106.507111,29.553916],[106.507017,29.554185],[106.506785,29.554498],[106.506821,29.554703],[106.506886,29.554748],[106.506971,29.554765],[106.507083,29.554574],[106.507208,29.554538],[106.507315,29.554539],[106.507417,29.554582],[106.50749,29.554659],[106.507541,29.554631],[106.507531,29.554456],[106.507619,29.554236],[106.507603,29.554086],[106.507708,29.553845],[106.507692,29.553624],[106.507898,29.553282],[106.507898,29.553118],[106.507869,29.553047]],[[106.507321,29.554401],[106.507291,29.554481],[106.507112,29.554463],[106.507081,29.554438],[106.507116,29.554304],[106.50722,29.554296],[106.507321,29.554401]]]}},{"id":"10","type":"Feature","properties":{"waterway":"unknown","natural":"water","base_elevation":239},"geometry":{"type":"Polygon","coordinates":[[[106.502392,29.572734],[106.502253,29.572559],[106.502094,29.572471],[106.502016,29.572473],[106.50185,29.57262],[106.501815,29.572897],[106.502071,29.573121],[106.502239,29.573175],[106.502314,29.573161],[106.502387,29.57312],[106.502471,29.573001],[106.502479,29.572948],[106.502392,29.572734]],[[106.502224,29.57289],[106.502114,29.572804],[106.502123,29.572765],[106.502243,29.572805],[106.502264,29.572844],[106.502224,29.57289]]]}},{"id":"11","type":"Feature","properties":{"waterway":"unknown","natural":"water","base_elevation":243},"geometry":{"type":"Polygon","coordinates":[[[106.502692,29.573177],[106.502565,29.573281],[106.502567,29.573356],[106.502619,29.573421],[106.502752,29.573424],[106.502819,29.573319],[106.502817,29.573273],[106.502797,29.573214],[106.502692,29.573177]]]}},{"id":"12","type":"Feature","properties":{"waterway":"unknown","natural":"water","base_elevation":111},"geometry":{"type":"Polygon","coordinates":[[[106.503489,29.598831],[106.503201,29.598484],[106.502943,29.598368],[106.502804,29.598342],[106.502557,29.598389],[106.502392,29.598468],[106.502246,29.598686],[106.502161,29.598934],[106.502184,29.599238],[106.502269,29.599698],[106.502319,29.599816],[106.502522,29.600093],[106.502901,29.60032],[106.503061,29.600458],[106.503174,29.60063],[106.503231,29.600635],[106.503232,29.600606],[106.503175,29.600424],[106.502688,29.600094],[106.502426,29.599817],[106.502289,29.59924],[106.502274,29.599076],[106.502313,29.59884],[106.502364,29.598762],[106.502447,29.598719],[106.502677,29.598669],[106.502828,29.598673],[106.502928,29.598691],[106.503154,29.598807],[106.503303,29.599032],[106.503383,29.5991],[106.503608,29.599109],[106.503788,29.598997],[106.504477,29.598307],[106.504649,29.597915],[106.505239,29.596945],[106.505615,29.596236],[106.50599,29.595947],[106.506065,29.595443],[106.50599,29.595173],[106.505486,29.594855],[106.504681,29.594678],[106.50466,29.594492],[106.505014,29.594156],[106.505389,29.593727],[106.505786,29.593073],[106.505615,29.592831],[106.504746,29.592383],[106.504241,29.592187],[106.504316,29.591917],[106.504767,29.591487],[106.50481,29.591124],[106.504621,29.591118],[106.504488,29.591077],[106.504349,29.591096],[106.503801,29.591711],[106.503716,29.592001],[106.503866,29.592299],[106.504198,29.592579],[106.505025,29.592859],[106.505207,29.593017],[106.505228,29.593214],[106.50511,29.593475],[106.50481,29.59382],[106.504424,29.593988],[106.504155,29.59423],[106.503898,29.594585],[106.503887,29.594939],[106.504477,29.595098],[106.505121,29.595145],[106.505572,29.595238],[106.505561,29.595686],[106.504703,29.597253],[106.504016,29.59841],[106.503669,29.598788],[106.503609,29.598831],[106.503489,29.598831]]]}},{"id":"13","type":"Feature","properties":{"waterway":"unknown","natural":"water","base_elevation":123},"geometry":{"type":"Polygon","coordinates":[[[106.507578,29.599371],[106.507535,29.599035],[106.507471,29.598979],[106.507342,29.599016],[106.507256,29.599109],[106.507374,29.599352],[106.507599,29.599576],[106.507728,29.599641],[106.508565,29.599641],[106.508715,29.599576],[106.509059,29.599268],[106.509101,29.599184],[106.509101,29.599072],[106.509016,29.598941],[106.508908,29.598904],[106.508812,29.598951],[106.508747,29.599063],[106.508704,29.599324],[106.508587,29.599464],[106.508479,29.599501],[106.508018,29.599539],[106.507707,29.599529],[106.507642,29.599483],[106.507578,29.599371]]]}},{"id":"14","type":"Feature","properties":{"waterway":"unknown","natural":"water","base_elevation":137},"geometry":{"type":"Polygon","coordinates":[[[106.506832,29.612337],[106.507034,29.611916],[106.507135,29.611865],[106.50727,29.611885],[106.507423,29.611963],[106.507668,29.612297],[106.507776,29.612224],[106.507837,29.612247],[106.507834,29.612306],[106.508053,29.612313],[106.508071,29.612271],[106.508013,29.612186],[106.507929,29.61214],[106.507781,29.611916],[106.507761,29.611838],[106.507809,29.611764],[106.507785,29.611702],[106.507604,29.611537],[106.507458,29.611526],[106.507265,29.611442],[106.506694,29.611485],[106.506577,29.61145],[106.50639,29.611479],[106.50634,29.611623],[106.506415,29.611786],[106.506415,29.611919],[106.50639,29.612011],[106.506319,29.611996],[106.506291,29.612079],[106.506326,29.61214],[106.506326,29.612205],[106.506284,29.612266],[106.506319,29.612337],[106.506369,29.612371],[106.506718,29.612428],[106.506832,29.612337]]]}},{"id":"15","type":"Feature","properties":{"waterway":"unknown","natural":"water","base_elevation":138},"geometry":{"type":"Polygon","coordinates":[[[106.502994,29.617322],[106.502927,29.617409],[106.502848,29.61742],[106.50277,29.617507],[106.50265,29.61783],[106.502546,29.617944],[106.502563,29.617989],[106.502422,29.618035],[106.502409,29.618125],[106.502525,29.618132],[106.502864,29.617902],[106.502936,29.61789],[106.503079,29.617908],[106.503441,29.618132],[106.503708,29.618156],[106.503829,29.618132],[106.503857,29.618025],[106.504002,29.617913],[106.503996,29.61788],[106.503732,29.617912],[106.503433,29.617742],[106.503446,29.617657],[106.503523,29.617568],[106.50371,29.617479],[106.503729,29.617404],[106.503824,29.617318],[106.50384,29.617269],[106.503795,29.617143],[106.503576,29.61691],[106.503047,29.616615],[106.502844,29.616444],[106.502609,29.61636],[106.502532,29.616242],[106.502698,29.616125],[106.502209,29.61582],[106.501712,29.616139],[106.5015,29.616333],[106.501455,29.616449],[106.501578,29.616507],[106.501689,29.616498],[106.501857,29.616575],[106.50199,29.616769],[106.501901,29.617011],[106.501745,29.617137],[106.5017,29.617273],[106.501834,29.617302],[106.502013,29.617263],[106.502113,29.617147],[106.502303,29.61706],[106.502615,29.616992],[106.502819,29.617083],[106.502966,29.617201],[106.502994,29.617322]]]}},{"id":"16","type":"Feature","properties":{"waterway":"unknown","natural":"water","base_elevation":146},"geometry":{"type":"Polygon","coordinates":[[[106.50237,29.618873],[106.502368,29.620112],[106.502936,29.620112],[106.502938,29.618874],[106.50237,29.618873]]]}},{"id":"17","type":"Feature","properties":{"waterway":"unknown","natural":"water","base_elevation":146},"geometry":{"type":"Polygon","coordinates":[[[106.502062,29.61975],[106.501958,29.619681],[106.501942,29.619603],[106.502007,29.61954],[106.502009,29.619407],[106.502069,29.619329],[106.502054,29.619022],[106.502084,29.618968],[106.502082,29.61865],[106.50217,29.61865],[106.50217,29.618619],[106.502061,29.618618],[106.501973,29.618685],[106.502004,29.619194],[106.501959,29.61923],[106.501886,29.619504],[106.501936,29.619847],[106.502028,29.619865],[106.502062,29.619913],[106.502065,29.620227],[106.501992,29.620284],[106.501937,29.620409],[106.501977,29.620426],[106.502106,29.620255],[106.502124,29.620183],[106.502103,29.619895],[106.50207,29.619865],[106.502062,29.61975]]]}},{"id":"18","type":"Feature","properties":{"waterway":"unknown","natural":"water","base_elevation":144},"geometry":{"type":"Polygon","coordinates":[[[106.503224,29.619227],[106.503283,29.619337],[106.503273,29.619468],[106.503333,29.619533],[106.503352,29.619655],[106.503181,29.619908],[106.503157,29.620232],[106.503311,29.620431],[106.503352,29.620407],[106.503203,29.620199],[106.503209,29.619945],[106.503352,29.619814],[106.503355,29.619685],[106.503404,29.619657],[106.503377,29.619579],[106.50341,29.61943],[106.50336,29.61939],[106.503363,29.61934],[106.503283,29.619229],[106.503302,29.619025],[106.50327,29.618903],[106.503303,29.618705],[106.503254,29.618622],[106.503151,29.618622],[106.50315,29.618652],[106.503226,29.618653],[106.503203,29.61888],[106.503232,29.619024],[106.503224,29.619227]]]}},{"id":"19","type":"Feature","properties":{"waterway":"unknown","natural":"water","base_elevation":155},"geometry":{"type":"Polygon","coordinates":[[[106.506911,29.627381],[106.507069,29.627526],[106.507423,29.627726],[106.507646,29.627694],[106.507863,29.627864],[106.508097,29.627894],[106.508298,29.627859],[106.508435,29.627698],[106.508622,29.627682],[106.508778,29.627808],[106.508842,29.628265],[106.509065,29.628512],[106.509102,29.628719],[106.509226,29.628761],[106.509253,29.628862],[106.509827,29.629351],[106.510071,29.629487],[106.51039,29.629482],[106.51058,29.629295],[106.510519,29.62906],[106.510347,29.628871],[106.510135,29.628754],[106.509953,29.628535],[106.509743,29.628083],[106.509596,29.627934],[106.509588,29.62781],[106.50969,29.627752],[106.509784,29.627787],[106.509886,29.62768],[106.510038,29.627663],[106.510476,29.627323],[106.510669,29.62729],[106.510634,29.627094],[106.510371,29.626859],[106.510221,29.626782],[106.509931,29.62681],[106.50977,29.626784],[106.509607,29.626668],[106.509617,29.626579],[106.507855,29.626582],[106.507812,29.626784],[106.507734,29.626934],[106.507292,29.627157],[106.507061,29.627171],[106.50693,29.627258],[106.506911,29.627381]]]}},{"id":"20","type":"Feature","properties":{"waterway":"unknown","natural":"water","base_elevation":132},"geometry":{"type":"Polygon","coordinates":[[[106.498152,29.636851],[106.498477,29.636847],[106.498685,29.63672],[106.498968,29.636674],[106.500024,29.637025],[106.500495,29.637241],[106.500727,29.637305],[106.501185,29.637351],[106.501267,29.637326],[106.501292,29.63714],[106.501266,29.637062],[106.501189,29.637],[106.500982,29.636978],[106.500537,29.636684],[106.499719,29.636449],[106.499421,29.636185],[106.499362,29.636044],[106.499352,29.635875],[106.499404,29.635676],[106.499471,29.635556],[106.499597,29.635435],[106.499882,29.63502],[106.500384,29.634655],[106.500052,29.634225],[106.499564,29.634598],[106.49906,29.635272],[106.498833,29.635673],[106.49851,29.635991],[106.498376,29.636052],[106.498238,29.636033],[106.498104,29.635871],[106.49767,29.635793],[106.497232,29.635801],[106.497113,29.635879],[106.497124,29.636337],[106.497063,29.636469],[106.497159,29.636463],[106.497652,29.637098],[106.497912,29.637076],[106.498152,29.636851]]]}},{"id":"21","type":"Feature","properties":{"waterway":"unknown","natural":"water","base_elevation":144},"geometry":{"type":"Polygon","coordinates":[[[106.558003,29.520444],[106.557906,29.520501],[106.557899,29.52054],[106.557927,29.52062],[106.558024,29.520659],[106.5581,29.520635],[106.558143,29.520575],[106.558078,29.52045],[106.558003,29.520444]]]}},{"id":"22","type":"Feature","properties":{"waterway":"unknown","natural":"water","base_elevation":151},"geometry":{"type":"Polygon","coordinates":[[[106.559319,29.520699],[106.559172,29.520706],[106.559135,29.520752],[106.559136,29.520823],[106.559204,29.520892],[106.559379,29.520903],[106.559406,29.520795],[106.559319,29.520699]]]}},{"id":"23","type":"Feature","properties":{"waterway":"unknown","natural":"water","base_elevation":56},"geometry":{"type":"Polygon","coordinates":[[[106.537105,29.53303],[106.53747,29.532907],[106.538024,29.532938],[106.538237,29.532825],[106.538201,29.532466],[106.538001,29.532302],[106.537942,29.53221],[106.537234,29.532189],[106.536916,29.532476],[106.536397,29.532671],[106.535902,29.532763],[106.535407,29.533164],[106.535147,29.534087],[106.535171,29.534312],[106.535537,29.53463],[106.535878,29.53502],[106.536008,29.53502],[106.536067,29.534836],[106.535996,29.534589],[106.535949,29.534087],[106.536138,29.533451],[106.536303,29.533256],[106.536633,29.533082],[106.537105,29.53303]]]}},{"id":"24","type":"Feature","properties":{"waterway":"unknown","natural":"water","base_elevation":212},"geometry":{"type":"Polygon","coordinates":[[[106.532589,29.551786],[106.532414,29.551906],[106.532463,29.552048],[106.532592,29.552078],[106.53293,29.552036],[106.532942,29.551843],[106.532725,29.551749],[106.532589,29.551786]]]}},{"id":"25","type":"Feature","properties":{"waterway":"unknown","natural":"water","base_elevation":9},"geometry":{"type":"Polygon","coordinates":[[[106.579503,29.554256],[106.579667,29.554397],[106.579638,29.554425],[106.580365,29.555126],[106.580387,29.555114],[106.580585,29.555294],[106.580603,29.555314],[106.580571,29.55534],[106.580675,29.555442],[106.580713,29.555423],[106.581283,29.55598],[106.58132,29.556018],[106.581288,29.556049],[106.581391,29.556144],[106.581437,29.556118],[106.581833,29.556576],[106.58186,29.556564],[106.581965,29.556672],[106.581934,29.556688],[106.582432,29.557167],[106.582409,29.55719],[106.582743,29.557559],[106.582771,29.557543],[106.582853,29.557642],[106.582894,29.557747],[106.583223,29.558138],[106.583206,29.558179],[106.583271,29.55827],[106.583309,29.55826],[106.583583,29.558657],[106.583684,29.558749],[106.583662,29.558765],[106.583888,29.559106],[106.583859,29.559128],[106.583969,29.559333],[106.58401,29.559338],[106.584061,29.559449],[106.584029,29.559459],[106.584187,29.559786],[106.584683,29.560743],[106.584835,29.560973],[106.585252,29.562077],[106.585461,29.562987],[106.585649,29.56466],[106.585836,29.564998],[106.585869,29.565154],[106.585901,29.565418],[106.585882,29.566097],[106.585748,29.566344],[106.585721,29.567418],[106.58546,29.569521],[106.585402,29.569526],[106.585046,29.570794],[106.584977,29.570927],[106.584881,29.571043],[106.584545,29.571193],[106.584193,29.571143],[106.583434,29.570539],[106.583276,29.570173],[106.583202,29.570142],[106.582983,29.569808],[106.582093,29.569142],[106.581285,29.568432],[106.58045,29.567816],[106.57989,29.567528],[106.579659,29.567532],[106.579539,29.567488],[106.579449,29.567332],[106.578458,29.566854],[106.578211,29.566817],[106.576381,29.566058],[106.575065,29.565687],[106.574308,29.565571],[106.574138,29.565669],[106.573904,29.565677],[106.573407,29.565633],[106.572068,29.565312],[106.571962,29.565197],[106.571074,29.565098],[106.570846,29.565022],[106.570718,29.564944],[106.570616,29.565003],[106.570297,29.564846],[106.570087,29.564814],[106.567063,29.564836],[106.565873,29.564968],[106.56341,29.565625],[106.562011,29.566103],[106.561632,29.566422],[106.560947,29.566723],[106.558517,29.568141],[106.557256,29.568701],[106.556448,29.568723],[106.554915,29.568982],[106.553506,29.569268],[106.552927,29.569321],[106.551839,29.569298],[106.551239,29.569254],[106.55099,29.569485],[106.548535,29.569709],[106.547188,29.569709],[106.545257,29.569559],[106.544038,29.569283],[106.543351,29.569015],[106.542424,29.56844],[106.541909,29.567842],[106.541291,29.567596],[106.540622,29.566909],[106.540203,29.566626],[106.539235,29.56539],[106.538886,29.564577],[106.538774,29.564014],[106.538176,29.562714],[106.537686,29.561347],[106.53712,29.560744],[106.536176,29.559854],[106.535712,29.558585],[106.534099,29.556666],[106.532571,29.55577],[106.529335,29.554255],[106.528777,29.554277],[106.528194,29.554068],[106.527078,29.553754],[106.525635,29.553503],[106.523957,29.553113],[106.522566,29.552836],[106.522391,29.553106],[106.522228,29.553176],[106.521992,29.553204],[106.521705,29.553179],[106.521577,29.553198],[106.520879,29.553106],[106.520349,29.553097],[106.5199,29.553181],[106.519843,29.553232],[106.519546,29.553344],[106.51895,29.553407],[106.518545,29.553542],[106.517772,29.553392],[106.517602,29.553411],[106.517173,29.55353],[106.515946,29.553978],[106.514748,29.554259],[106.513929,29.554576],[106.512572,29.55483],[106.507663,29.55642],[106.50586,29.557166],[106.504659,29.557443],[106.502582,29.558189],[106.500839,29.558533],[106.499835,29.558548],[106.498522,29.558772],[106.497724,29.558682],[106.497037,29.558712],[106.496419,29.558473],[106.495818,29.558085],[106.494805,29.557786],[106.493758,29.557428],[106.491029,29.556308],[106.490368,29.556084],[106.489467,29.555845],[106.489192,29.555823],[106.488248,29.555501],[106.48775,29.555524],[106.486849,29.555397],[106.48724,29.559607],[106.488248,29.559854],[106.490308,29.559668],[106.49198,29.559947],[106.493329,29.560399],[106.494145,29.560899],[106.494702,29.561086],[106.49575,29.561071],[106.49841,29.561668],[106.499423,29.561833],[106.50041,29.561668],[106.501354,29.561347],[106.501998,29.561071],[106.5032,29.560877],[106.504659,29.560354],[106.506204,29.559981],[106.508762,29.559653],[106.509225,29.559533],[106.510135,29.559384],[106.511508,29.55922],[106.514684,29.558383],[106.516864,29.557562],[106.517853,29.557152],[106.518563,29.557189],[106.521503,29.556798],[106.524348,29.556707],[106.524775,29.556787],[106.525116,29.556727],[106.525442,29.556732],[106.525749,29.556895],[106.52671,29.557143],[106.527345,29.557153],[106.527887,29.557414],[106.528255,29.557521],[106.528671,29.557511],[106.529888,29.558008],[106.53198,29.558575],[106.532495,29.558982],[106.532624,29.559034],[106.532755,29.559027],[106.532886,29.55912],[106.532981,29.559461],[106.533839,29.560258],[106.534293,29.560932],[106.5344,29.561225],[106.534589,29.561536],[106.534852,29.561763],[106.53514,29.562318],[106.535349,29.562449],[106.53537,29.562662],[106.535316,29.5628],[106.535418,29.563478],[106.535848,29.563941],[106.535573,29.564504],[106.535873,29.565093],[106.535965,29.565209],[106.53608,29.565271],[106.536246,29.565518],[106.536287,29.565789],[106.536571,29.566835],[106.536931,29.567447],[106.53803,29.568611],[106.539489,29.569709],[106.540897,29.570552],[106.541156,29.570546],[106.542095,29.571012],[106.542454,29.571082],[106.542503,29.571213],[106.542594,29.571311],[106.542766,29.57139],[106.542964,29.571395],[106.544069,29.571661],[106.544648,29.571698],[106.545421,29.572062],[106.546209,29.572146],[106.547059,29.572299],[106.547497,29.572309],[106.548049,29.572207],[106.548296,29.572211],[106.548414,29.57216],[106.549181,29.572151],[106.549331,29.572081],[106.549401,29.571969],[106.549841,29.572043],[106.550002,29.572039],[106.550922,29.572359],[106.557582,29.572344],[106.559535,29.572094],[106.562246,29.57167],[106.562651,29.571567],[106.563004,29.571361],[106.563289,29.571251],[106.563666,29.571197],[106.564293,29.571202],[106.564697,29.57117],[106.565409,29.571019],[106.566481,29.570861],[106.56755,29.570553],[106.568736,29.570363],[106.570327,29.569906],[106.571051,29.569826],[106.571782,29.569891],[106.572603,29.569856],[106.573255,29.569903],[106.573777,29.569886],[106.574657,29.570125],[106.574869,29.570155],[106.575183,29.570112],[106.575328,29.569995],[106.575719,29.56993],[106.575883,29.569962],[106.576044,29.569944],[106.576181,29.569983],[106.576296,29.56996],[106.576344,29.570096],[106.576476,29.569988],[106.577154,29.570128],[106.577481,29.57034],[106.577607,29.570485],[106.577589,29.570611],[106.577674,29.570679],[106.577835,29.570702],[106.578514,29.570984],[106.578584,29.570975],[106.578468,29.570791],[106.578549,29.570744],[106.578678,29.570732],[106.578849,29.57091],[106.579042,29.570977],[106.579482,29.571351],[106.579555,29.571395],[106.579595,29.571357],[106.579624,29.571375],[106.579597,29.571423],[106.57964,29.571458],[106.579908,29.571568],[106.580188,29.571815],[106.58073,29.572328],[106.580968,29.572606],[106.581121,29.572851],[106.581118,29.572941],[106.581073,29.572993],[106.580992,29.572981],[106.580965,29.57292],[106.580885,29.572918],[106.580703,29.572655],[106.580614,29.572592],[106.580536,29.572599],[106.580528,29.57292],[106.580472,29.573056],[106.580142,29.573399],[106.57992,29.573779],[106.579498,29.574262],[106.57937,29.574469],[106.579252,29.574773],[106.579128,29.575377],[106.578737,29.576009],[106.57809,29.576891],[106.577978,29.577126],[106.577839,29.577844],[106.577503,29.578512],[106.577506,29.578927],[106.577414,29.579413],[106.577489,29.579482],[106.577465,29.579677],[106.577446,29.57983],[106.577308,29.580073],[106.577115,29.580229],[106.576922,29.58008],[106.576948,29.57994],[106.576854,29.579627],[106.57683,29.579224],[106.576792,29.579147],[106.57672,29.579105],[106.576575,29.579086],[106.576167,29.579077],[106.576071,29.579105],[106.575848,29.579478],[106.57566,29.579898],[106.575269,29.580392],[106.574708,29.580751],[106.574107,29.581057],[106.573555,29.581712],[106.573447,29.581932],[106.573308,29.582345],[106.573276,29.58259],[106.573318,29.583105],[106.573308,29.58352],[106.573375,29.583889],[106.573295,29.584584],[106.573251,29.584658],[106.573102,29.584771],[106.573059,29.584947],[106.57315,29.585102],[106.573395,29.585103],[106.573445,29.585083],[106.573516,29.584972],[106.573605,29.585011],[106.573509,29.585146],[106.573461,29.585469],[106.573246,29.58553],[106.572895,29.586213],[106.572838,29.58638],[106.572782,29.587161],[106.572559,29.588001],[106.572546,29.588407],[106.572342,29.589365],[106.572423,29.590004],[106.572248,29.591066],[106.572195,29.591765],[106.572176,29.592225],[106.57235,29.593557],[106.57246,29.594049],[106.572463,29.594186],[106.57242,29.594298],[106.572348,29.594364],[106.57227,29.594564],[106.572337,29.594881],[106.573359,29.597671],[106.573732,29.598592],[106.573871,29.59928],[106.573965,29.599543],[106.574284,29.600241],[106.574424,29.600453],[106.57478,29.600805],[106.575059,29.601213],[106.575164,29.601316],[106.575679,29.602046],[106.575749,29.602202],[106.57573,29.602365],[106.575647,29.602477],[106.575515,29.602571],[106.575416,29.602711],[106.575429,29.603079],[106.57548,29.603235],[106.575784,29.603625],[106.576642,29.605528],[106.576824,29.606045],[106.577095,29.606565],[106.577763,29.60734],[106.578055,29.60775],[106.578318,29.608007],[106.57853,29.608305],[106.578686,29.608419],[106.579211,29.608508],[106.579434,29.608823],[106.579482,29.608956],[106.579464,29.609093],[106.579332,29.609392],[106.579327,29.609604],[106.579455,29.609905],[106.579946,29.610059],[106.580102,29.610147],[106.580874,29.61098],[106.581239,29.611507],[106.581373,29.611621],[106.581483,29.611659],[106.581754,29.611642],[106.581891,29.611686],[106.581982,29.611773],[106.582001,29.611859],[106.582143,29.61205],[106.582733,29.612388],[106.583288,29.612477],[106.583621,29.612603],[106.584037,29.612806],[106.585053,29.613449],[106.585646,29.613658],[106.585788,29.613737],[106.585669,29.613977],[106.585398,29.613951],[106.585415,29.614115],[106.586885,29.615072],[106.587676,29.615828],[106.58777,29.616073],[106.588017,29.61629],[106.588484,29.616604],[106.594266,29.61986],[106.595476,29.620276],[106.595855,29.620552],[106.596147,29.620694],[106.596501,29.620818],[106.596648,29.620801],[106.597059,29.620638],[106.597171,29.620648],[106.597601,29.621116],[106.597995,29.621382],[106.598255,29.621638],[106.598464,29.621757],[106.598908,29.621879],[106.599607,29.622221],[106.601377,29.622902],[106.602369,29.623226],[106.60319,29.623376],[106.603628,29.623383],[106.60411,29.623348],[106.604352,29.623371],[106.605046,29.623576],[106.605762,29.623895],[106.606044,29.623989],[106.606382,29.624019],[106.606892,29.623977],[106.607895,29.623821],[106.608343,29.623788],[106.608858,29.62383],[106.610223,29.623849],[106.610832,29.623739],[106.611309,29.623592],[106.611618,29.623445],[106.613345,29.623044],[106.613659,29.622935],[106.614056,29.622706],[106.614413,29.62228],[106.614625,29.622179],[106.614767,29.622028],[106.614946,29.621914],[106.615081,29.621874],[106.616111,29.621811],[106.616196,29.621879],[106.616258,29.622098],[106.616328,29.622205],[106.61647,29.62227],[106.616625,29.622287],[106.616811,29.622254],[106.616915,29.622196],[106.617068,29.62203],[106.617141,29.622035],[106.617551,29.622296],[106.617709,29.622343],[106.617843,29.622317],[106.618208,29.622035],[106.618326,29.621911],[106.618495,29.621645],[106.618868,29.621459],[106.619074,29.621433],[106.619388,29.621464],[106.620214,29.621254],[106.620711,29.621216],[106.621314,29.621114],[106.622194,29.620888],[106.622982,29.620613],[106.623275,29.620578],[106.623537,29.620452],[106.625174,29.619379],[106.625278,29.619256],[106.625702,29.618568],[106.626088,29.618171],[106.626268,29.617931],[106.626464,29.617392],[106.626601,29.61683],[106.626748,29.616518],[106.626799,29.616301],[106.626842,29.616026],[106.626837,29.615797],[106.62678,29.615347],[106.626689,29.614965],[106.626507,29.614764],[106.626233,29.61465],[106.626193,29.61451],[106.626198,29.614205],[106.626306,29.613846],[106.626185,29.613566],[106.626171,29.613442],[106.626445,29.612216],[106.626464,29.611978],[106.626432,29.611108],[106.62637,29.610775],[106.626359,29.610432],[106.626432,29.610208],[106.626992,29.609609],[106.627274,29.609177],[106.627397,29.608753],[106.627483,29.608354],[106.627392,29.60751],[106.627537,29.606999],[106.627513,29.606736],[106.627425,29.606501],[106.627657,29.606211],[106.627695,29.605931],[106.627944,29.605409],[106.628077,29.605024],[106.628132,29.604665],[106.628328,29.603993],[106.628524,29.603765],[106.628569,29.603655],[106.628626,29.603354],[106.628529,29.603165],[106.628513,29.603056],[106.628819,29.602559],[106.628897,29.602069],[106.628991,29.601852],[106.628931,29.601582],[106.629007,29.601162],[106.629063,29.601048],[106.629269,29.600796],[106.629688,29.600553],[106.629771,29.600476],[106.630254,29.599625],[106.630479,29.599534],[106.631238,29.59911],[106.631437,29.599037],[106.631734,29.598795],[106.631842,29.598545],[106.632015,29.597394],[106.632239,29.597265],[106.632528,29.597202],[106.633188,29.596276],[106.633741,29.596062],[106.634151,29.596029],[106.634194,29.596001],[106.634189,29.595756],[106.634481,29.595388],[106.634556,29.595192],[106.63461,29.595157],[106.634862,29.59518],[106.635111,29.595096],[106.63543,29.594818],[106.635648,29.594499],[106.635784,29.594359],[106.6362,29.594035],[106.63668,29.593757],[106.637169,29.593543],[106.637716,29.593076],[106.638518,29.592717],[106.638818,29.592533],[106.639188,29.592188],[106.639266,29.592153],[106.63954,29.592209],[106.640635,29.592572],[106.640701,29.592785],[106.640843,29.592985],[106.640934,29.592992],[106.641009,29.592955],[106.640985,29.592757],[106.641018,29.592719],[106.641197,29.592712],[106.641575,29.592759],[106.641785,29.592953],[106.642715,29.593067],[106.64297,29.593149],[106.643249,29.593335],[106.64415,29.594102],[106.644325,29.594161],[106.64462,29.594128],[106.644738,29.594156],[106.645011,29.594319],[106.645365,29.594648],[106.645175,29.594788],[106.645094,29.594888],[106.645035,29.595241],[106.644963,29.595453],[106.64481,29.595684],[106.644628,29.595877],[106.644314,29.596099],[106.644158,29.596376],[106.644008,29.596484],[106.643853,29.59654],[106.643273,29.596386],[106.643096,29.596376],[106.642914,29.596425],[106.642807,29.596505],[106.642734,29.596635],[106.642573,29.597074],[106.642581,29.597209],[106.642678,29.597479],[106.642852,29.597729],[106.643196,29.598065],[106.644268,29.598894],[106.644646,29.59911],[106.64511,29.599431],[106.64529,29.599677],[106.645333,29.599961],[106.645075,29.600819],[106.644706,29.601297],[106.643444,29.602446],[106.64256,29.603565],[106.64208,29.604543],[106.641779,29.605744],[106.641805,29.606006],[106.642071,29.606252],[106.642457,29.606431],[106.643264,29.606715],[106.643716,29.60671],[106.644132,29.606647],[106.645166,29.606325],[106.646106,29.606239],[106.646421,29.606171],[106.646739,29.606249],[106.646937,29.606475],[106.647046,29.606678],[106.647024,29.606884],[106.646612,29.607961],[106.646345,29.60855],[106.645264,29.609647],[106.64523,29.609864],[106.645384,29.610058],[106.645685,29.610192],[106.646843,29.610297],[106.647152,29.610297],[106.647547,29.610117],[106.647859,29.609812],[106.648171,29.609327],[106.648178,29.608785],[106.648235,29.608399],[106.64849,29.608173],[106.648785,29.608015],[106.649235,29.608046],[106.649547,29.608132],[106.650388,29.608826],[106.651054,29.609522],[106.651512,29.610132],[106.651811,29.61001],[106.651724,29.609847],[106.651146,29.609214],[106.649676,29.607998],[106.649315,29.607864],[106.648843,29.607812],[106.648328,29.607961],[106.647993,29.608117],[106.647788,29.608505],[106.647788,29.609177],[106.647684,29.609603],[106.647401,29.609946],[106.64723,29.610073],[106.646853,29.610132],[106.645836,29.609961],[106.645764,29.609847],[106.64586,29.609612],[106.646417,29.609133],[106.646813,29.608523],[106.647124,29.607686],[106.647465,29.607003],[106.647484,29.606768],[106.64738,29.606478],[106.646972,29.606088],[106.646672,29.605879],[106.646328,29.605834],[106.645987,29.605938],[106.645456,29.60591],[106.645061,29.606057],[106.644204,29.606292],[106.643383,29.606358],[106.642923,29.606279],[106.642425,29.605993],[106.642288,29.605734],[106.642272,29.605483],[106.642432,29.604245],[106.642844,29.603573],[106.643659,29.602565],[106.645144,29.6012],[106.645565,29.600453],[106.645728,29.599968],[106.645624,29.599595],[106.645135,29.599162],[106.644749,29.598924],[106.642981,29.597603],[106.642793,29.597151],[106.642788,29.597076],[106.643034,29.59692],[106.643179,29.596656],[106.6433,29.5966],[106.643421,29.596572],[106.644134,29.596752],[106.644317,29.59674],[106.644416,29.596696],[106.644574,29.596351],[106.644673,29.596241],[106.645277,29.595786],[106.645475,29.595541],[106.645548,29.595388],[106.645679,29.595245],[106.646014,29.595122],[106.646629,29.595192],[106.647318,29.595378],[106.647737,29.595558],[106.64793,29.595712],[106.648034,29.595877],[106.648176,29.596208],[106.648305,29.596386],[106.648721,29.596752],[106.648836,29.596889],[106.64882,29.597148],[106.648694,29.59751],[106.648729,29.597647],[106.649086,29.597876],[106.64965,29.598049],[106.649846,29.598319],[106.650341,29.598459],[106.650665,29.598671],[106.650853,29.598855],[106.65114,29.599061],[106.651674,29.599406],[106.652264,29.599716],[106.652489,29.599788],[106.652811,29.599781],[106.652924,29.59973],[106.653004,29.599649],[106.653057,29.599485],[106.653136,29.599463],[106.653679,29.599629],[106.654029,29.599644],[106.654557,29.59949],[106.654995,29.599257],[106.655158,29.599131],[106.655571,29.598606],[106.655805,29.598398],[106.655877,29.598179],[106.655853,29.597848],[106.655727,29.597631],[106.655617,29.5973],[106.655644,29.597109],[106.655923,29.5966],[106.655944,29.596362],[106.655863,29.596194],[106.655687,29.596022],[106.655595,29.595882],[106.655579,29.595761],[106.655622,29.595443],[106.655831,29.594907],[106.655906,29.594823],[106.656373,29.594683],[106.656513,29.59458],[106.656663,29.594455],[106.656727,29.594352],[106.656759,29.594133],[106.656845,29.593993],[106.657033,29.593913],[106.657467,29.593526],[106.658074,29.593274],[106.658343,29.592986],[106.658589,29.592281],[106.658707,29.592076],[106.658884,29.591856],[106.659136,29.591404],[106.659213,29.591202],[106.659307,29.590746],[106.659549,29.590415],[106.660026,29.589319],[106.660397,29.588129],[106.660702,29.58735],[106.661046,29.586706],[106.661721,29.585298],[106.661947,29.584472],[106.662371,29.583469],[106.662548,29.583124],[106.662757,29.582811],[106.663089,29.582102],[106.663406,29.581612],[106.663578,29.581286],[106.663728,29.58081],[106.664613,29.579102],[106.664811,29.578477],[106.665117,29.577782],[106.665337,29.577409],[106.66575,29.576893],[106.665788,29.576606],[106.666126,29.575946],[106.666236,29.57582],[106.66633,29.575778],[106.666847,29.575638],[106.667142,29.575307],[106.667351,29.575291],[106.667587,29.575384],[106.667944,29.57564],[106.668604,29.576196],[106.669162,29.576592],[106.670412,29.577105],[106.670761,29.577161],[106.670986,29.577096],[106.671544,29.576737],[106.671823,29.576485],[106.672112,29.57607],[106.672858,29.575237],[106.67303,29.574997],[106.673293,29.574416],[106.673491,29.574064],[106.673679,29.573639],[106.673711,29.573499],[106.673689,29.573322],[106.673228,29.572795],[106.673051,29.572473],[106.672912,29.572323],[106.672745,29.572249],[106.672145,29.572272],[106.671962,29.572174],[106.671903,29.571731],[106.671909,29.571511],[106.671962,29.571362],[106.672069,29.571166],[106.67267,29.57035],[106.673191,29.569487],[106.673534,29.568997],[106.673893,29.568721],[106.67451,29.568413],[106.675015,29.568106],[106.675487,29.567924],[106.675776,29.567863],[106.676055,29.567882],[106.677128,29.568166],[106.67753,29.568152],[106.677761,29.56818],[106.679738,29.568714],[106.680433,29.568775],[106.68131,29.568747],[106.68227,29.568626],[106.683407,29.568374],[106.683498,29.568388],[106.683866,29.568619],[106.684198,29.568721],[106.685105,29.568756],[106.685443,29.568838],[106.686835,29.569629],[106.687248,29.569895],[106.687766,29.570347],[106.68827,29.570669],[106.688745,29.570905],[106.689394,29.571684],[106.689622,29.572004],[106.689702,29.572286],[106.690778,29.574309],[106.691153,29.574663],[106.69143,29.574836],[106.691773,29.575279],[106.691883,29.575501],[106.692055,29.575715],[106.692328,29.575792],[106.692452,29.575855],[106.692519,29.575932],[106.692532,29.57613],[106.692478,29.576261],[106.692468,29.576394],[106.692486,29.576553],[106.692728,29.577203],[106.692913,29.577626],[106.693256,29.578265],[106.693602,29.578654],[106.693846,29.578818],[106.694236,29.578887],[106.694477,29.578993],[106.694597,29.579147],[106.694707,29.57921],[106.695179,29.579331],[106.695627,29.57941],[106.69582,29.579335],[106.695997,29.579172],[106.696097,29.579186],[106.696366,29.579511],[106.696495,29.579541],[106.696542,29.579589],[106.697003,29.580224],[106.697254,29.580502],[106.69821,29.581349],[106.699457,29.582687],[106.699645,29.582813],[106.699822,29.582886],[106.699962,29.582883],[106.700423,29.582736],[106.70064,29.582606],[106.701102,29.582181],[106.701295,29.582076],[106.701727,29.581948],[106.701957,29.58196],[106.702078,29.582037],[106.70237,29.582534],[106.702472,29.582613],[106.702569,29.582636],[106.702845,29.582543],[106.703001,29.582559],[106.703137,29.582613],[106.703451,29.582946],[106.703663,29.583084],[106.704173,29.583133],[106.70431,29.583215],[106.70439,29.583296],[106.70447,29.583565],[106.704548,29.583653],[106.704881,29.583763],[106.705216,29.583931],[106.706351,29.584733],[106.706919,29.585022],[106.707751,29.585291],[106.708191,29.585477],[106.709749,29.585729],[106.710114,29.585846],[106.710454,29.586042],[106.711066,29.586186],[106.713072,29.586366],[106.714311,29.586324],[106.715427,29.58613],[106.715908,29.586137],[106.71654,29.586205],[106.717238,29.586126],[106.717981,29.586088],[106.718616,29.58614],[106.719091,29.586333],[106.719944,29.586508],[106.720347,29.586552],[106.720899,29.586727],[106.721551,29.586874],[106.721803,29.587003],[106.722138,29.587259],[106.72297,29.587614],[106.723686,29.588013],[106.725043,29.58853],[106.72529,29.588568],[106.725799,29.588878],[106.726618,29.589172],[106.726961,29.589361],[106.727267,29.58958],[106.727782,29.58965],[106.728125,29.589979],[106.728712,29.590636],[106.728948,29.590828],[106.729166,29.591152],[106.729439,29.591383],[106.729874,29.591859],[106.730633,29.592435],[106.730748,29.592556],[106.730837,29.592719],[106.731102,29.593428],[106.73169,29.594018],[106.73206,29.594571],[106.732368,29.594825],[106.732859,29.595122],[106.732953,29.595236],[106.733355,29.595861],[106.733822,29.596766],[106.734114,29.597153],[106.734275,29.597617],[106.740232,29.594312],[106.740096,29.593892],[106.739433,29.592512],[106.738811,29.591022],[106.738135,29.589631],[106.737918,29.589447],[106.737722,29.589356],[106.737451,29.589291],[106.737081,29.589286],[106.736971,29.589244],[106.736896,29.589174],[106.73666,29.588904],[106.736241,29.58853],[106.73615,29.588414],[106.736094,29.588286],[106.736137,29.587775],[106.735651,29.586802],[106.735469,29.586555],[106.735434,29.586475],[106.735426,29.586301],[106.735324,29.586294],[106.735123,29.586366],[106.73471,29.586352],[106.734543,29.586231],[106.734503,29.586135],[106.734525,29.585822],[106.734597,29.585445],[106.734726,29.585155],[106.734787,29.584927],[106.734785,29.584833],[106.73464,29.584458],[106.734594,29.584206],[106.734498,29.583219],[106.734431,29.582999],[106.734431,29.582816],[106.734234,29.581949],[106.734216,29.581752],[106.734243,29.581591],[106.734447,29.581092],[106.734452,29.580999],[106.734382,29.580936],[106.734144,29.580854],[106.734144,29.58056],[106.734106,29.580395],[106.733921,29.579898],[106.733755,29.579674],[106.733929,29.579109],[106.733889,29.578211],[106.733733,29.577439],[106.733379,29.576277],[106.733366,29.576151],[106.733396,29.576039],[106.733564,29.575944],[106.733583,29.575892],[106.733339,29.575585],[106.732993,29.574705],[106.732883,29.57397],[106.732687,29.573714],[106.732392,29.573231],[106.732363,29.573135],[106.732376,29.572853],[106.732237,29.572748],[106.731555,29.571554],[106.731405,29.571194],[106.731148,29.5709],[106.730686,29.570235],[106.730115,29.569536],[106.727964,29.567144],[106.727052,29.566249],[106.726599,29.565693],[106.726422,29.565516],[106.7261,29.565269],[106.725883,29.565154],[106.725431,29.565029],[106.72526,29.564893],[106.725183,29.564664],[106.724938,29.564331],[106.724614,29.563757],[106.724429,29.5635],[106.724161,29.562945],[106.723697,29.562247],[106.722852,29.561289],[106.722026,29.560673],[106.721097,29.559905],[106.720438,29.559515],[106.720282,29.559385],[106.719483,29.558622],[106.718815,29.557693],[106.717895,29.556802],[106.717694,29.556639],[106.717369,29.556503],[106.716887,29.556202],[106.715679,29.555656],[106.715516,29.555554],[106.715124,29.555215],[106.714808,29.555085],[106.712887,29.5541],[106.710929,29.553528],[106.710774,29.553459],[106.710581,29.553272],[106.71031,29.55313],[106.709913,29.55302],[106.709577,29.552968],[106.707678,29.55217],[106.707611,29.552177],[106.707459,29.552283],[106.707359,29.552297],[106.706981,29.552294],[106.706667,29.552219],[106.706337,29.552297],[106.706187,29.552299],[106.705739,29.552219],[106.704897,29.551851],[106.704294,29.551734],[106.701973,29.551711],[106.700718,29.551848],[106.698342,29.552462],[106.697258,29.552691],[106.696381,29.552829],[106.694458,29.553055],[106.693473,29.553085],[106.693186,29.553057],[106.692653,29.552954],[106.691588,29.552667],[106.691126,29.552579],[106.69074,29.55257],[106.689844,29.55267],[106.689139,29.552838],[106.688372,29.553158],[106.688015,29.553405],[106.687463,29.553867],[106.684727,29.555673],[106.683818,29.556205],[106.680564,29.557987],[106.680011,29.558258],[106.679698,29.558353],[106.678386,29.559047],[106.678037,29.559315],[106.676388,29.560134],[106.676004,29.560365],[106.675548,29.560696],[106.674585,29.561125],[106.673952,29.561456],[106.673435,29.561599],[106.671629,29.562614],[106.671385,29.562807],[106.67111,29.56322],[106.671133,29.563374],[106.67129,29.563536],[106.671359,29.563697],[106.671125,29.563678],[106.671029,29.563699],[106.670637,29.563916],[106.670519,29.564048],[106.670264,29.564532],[106.669843,29.564951],[106.669578,29.565098],[106.669154,29.565152],[106.669012,29.565224],[106.668293,29.565787],[106.668014,29.566057],[106.667665,29.566706],[106.667367,29.566766],[106.667056,29.566962],[106.666566,29.567102],[106.666049,29.567368],[106.66573,29.567472],[106.665686,29.567505],[106.665679,29.567578],[106.665839,29.567823],[106.665833,29.567879],[106.665557,29.567837],[106.665423,29.567849],[106.664789,29.567953],[106.66443,29.568096],[106.66347,29.569151],[106.663197,29.569295],[106.663071,29.56941],[106.662939,29.569627],[106.662939,29.569762],[106.663181,29.570373],[106.663181,29.570578],[106.663106,29.570844],[106.663159,29.571582],[106.663218,29.57174],[106.663824,29.572736],[106.664121,29.572951],[106.664129,29.572986],[106.663969,29.573159],[106.663934,29.573252],[106.664103,29.57402],[106.664091,29.574263],[106.663781,29.57454],[106.663443,29.575076],[106.663403,29.575251],[106.663417,29.575573],[106.66299,29.576347],[106.662615,29.576863],[106.662532,29.577073],[106.662341,29.577292],[106.662228,29.577376],[106.66184,29.577526],[106.661657,29.577675],[106.661534,29.577833],[106.661432,29.578193],[106.661453,29.578566],[106.661389,29.579084],[106.660863,29.58046],[106.660311,29.581692],[106.66015,29.582116],[106.659458,29.583422],[106.65905,29.584285],[106.658669,29.585456],[106.658605,29.586058],[106.658492,29.586529],[106.658304,29.587136],[106.658031,29.587821],[106.657827,29.58818],[106.657569,29.588516],[106.657457,29.588717],[106.657113,29.589561],[106.656818,29.589818],[106.656502,29.590018],[106.656207,29.590084],[106.656073,29.590182],[106.655981,29.59028],[106.65589,29.590452],[106.655842,29.590639],[106.655692,29.590921],[106.655625,29.590986],[106.655284,29.59115],[106.65516,29.591583],[106.654539,29.591786],[106.654182,29.591751],[106.654101,29.591786],[106.653841,29.592034],[106.65302,29.592143],[106.652573,29.592339],[106.652468,29.592484],[106.652248,29.59253],[106.652146,29.592505],[106.652041,29.592426],[106.651821,29.592416],[106.651661,29.592451],[106.651317,29.5924],[106.650821,29.592253],[106.649507,29.591952],[106.649249,29.591828],[106.648512,29.591336],[106.646323,29.589776],[106.645454,29.589216],[106.645066,29.588883],[106.644969,29.588708],[106.644759,29.588547],[106.644609,29.588453],[106.644035,29.588204],[106.643761,29.588024],[106.643244,29.58791],[106.64252,29.587957],[106.64227,29.587999],[106.641924,29.58815],[106.64149,29.588171],[106.641119,29.588341],[106.64109,29.588425],[106.641125,29.588584],[106.641114,29.588619],[106.641069,29.588624],[106.639899,29.58846],[106.639709,29.588365],[106.639017,29.58833],[106.638917,29.588272],[106.638807,29.588087],[106.638716,29.588059],[106.638266,29.58802],[106.63818,29.588052],[106.638105,29.588339],[106.637944,29.588355],[106.635763,29.5881],[106.635728,29.588038],[106.635777,29.587763],[106.63575,29.587719],[106.6355,29.587702],[106.635312,29.587777],[106.63307,29.589095],[106.632968,29.589109],[106.632823,29.589011],[106.63263,29.589055],[106.631254,29.590163],[106.630965,29.590107],[106.630525,29.590448],[106.630466,29.590522],[106.630477,29.59068],[106.630315,29.590916],[106.629943,29.591159],[106.629618,29.591551],[106.62935,29.591726],[106.629066,29.591968],[106.62895,29.592094],[106.628818,29.592444],[106.628513,29.592582],[106.628462,29.592638],[106.628392,29.592906],[106.628076,29.593209],[106.627832,29.593531],[106.627789,29.593629],[106.627794,29.59417],[106.627494,29.594541],[106.627439,29.594706],[106.627049,29.595178],[106.626815,29.595348],[106.626354,29.59587],[106.626176,29.596256],[106.625895,29.596649],[106.625815,29.597167],[106.625788,29.597211],[106.625549,29.597309],[106.625447,29.597426],[106.625195,29.597869],[106.624975,29.598098],[106.624803,29.598447],[106.624635,29.598608],[106.624527,29.598942],[106.623905,29.600122],[106.623401,29.600908],[106.623366,29.600987],[106.623382,29.601209],[106.623331,29.601521],[106.623272,29.601591],[106.623076,29.601645],[106.622985,29.601705],[106.62262,29.6023],[106.62244,29.602473],[106.622352,29.602771],[106.622304,29.603263],[106.622132,29.603643],[106.621971,29.604296],[106.621984,29.604399],[106.622132,29.604506],[106.622162,29.60459],[106.622108,29.605071],[106.621942,29.60549],[106.621861,29.605808],[106.621869,29.606108],[106.622019,29.606659],[106.621904,29.607177],[106.62185,29.607274],[106.621738,29.607347],[106.621475,29.607703],[106.621209,29.607916],[106.621048,29.608093],[106.620842,29.608636],[106.620786,29.608921],[106.620311,29.610054],[106.620174,29.610618],[106.620155,29.610842],[106.620182,29.611031],[106.62033,29.61132],[106.620448,29.612025],[106.620662,29.612426],[106.620745,29.612789],[106.620737,29.612967],[106.62059,29.613319],[106.620472,29.613487],[106.620311,29.613652],[106.619648,29.614067],[106.619351,29.614356],[106.618632,29.615121],[106.618358,29.615352],[106.617996,29.615893],[106.617524,29.616378],[106.617293,29.616448],[106.616473,29.616436],[106.615545,29.616763],[106.614625,29.616949],[106.614067,29.617162],[106.613474,29.617148],[106.612718,29.617269],[106.612173,29.6175],[106.611551,29.617675],[106.611044,29.617684],[106.61048,29.617626],[106.608933,29.617649],[106.608289,29.617584],[106.608185,29.617609],[106.60806,29.617724],[106.607629,29.617738],[106.607541,29.617698],[106.607385,29.617476],[106.607283,29.617262],[106.607179,29.617204],[106.606669,29.617129],[106.606404,29.617245],[106.606122,29.617269],[106.605977,29.617211],[106.605682,29.617015],[106.605317,29.616882],[106.605162,29.616858],[106.604625,29.616973],[106.604411,29.616956],[106.604059,29.616823],[106.603896,29.616802],[106.603555,29.616833],[106.603402,29.616809],[106.602903,29.616607],[106.601857,29.616271],[106.600715,29.615793],[106.60021,29.615651],[106.599368,29.615282],[106.598285,29.614921],[106.597788,29.614671],[106.597,29.614431],[106.596045,29.614058],[106.594816,29.613473],[106.5941,29.613184],[106.592089,29.612113],[106.591925,29.612053],[106.591477,29.611964],[106.591335,29.611852],[106.590992,29.61147],[106.590713,29.611241],[106.589447,29.61036],[106.588315,29.609427],[106.586732,29.607799],[106.585965,29.6074],[106.585846,29.607204],[106.58584,29.607107],[106.585603,29.60696],[106.585472,29.606638],[106.585,29.606078],[106.584734,29.605838],[106.584289,29.605623],[106.583968,29.605369],[106.583928,29.605296],[106.5839,29.604921],[106.583709,29.604499],[106.583578,29.604084],[106.583589,29.604014],[106.583859,29.603813],[106.583514,29.602954],[106.583253,29.602144],[106.582129,29.598281],[106.582096,29.598139],[106.582127,29.597815],[106.582097,29.597717],[106.581776,29.596775],[106.58162,29.596204],[106.581566,29.596076],[106.581384,29.595833],[106.581306,29.595646],[106.58052,29.5931],[106.579871,29.590371],[106.579852,29.590149],[106.579909,29.589818],[106.579936,29.589163],[106.57989,29.588668],[106.579718,29.588003],[106.579702,29.587758],[106.579737,29.587192],[106.579855,29.586368],[106.579978,29.584777],[106.579989,29.582902],[106.57985,29.582419],[106.580322,29.580989],[106.580464,29.580777],[106.580622,29.580397],[106.580845,29.580094],[106.581848,29.579867],[106.582087,29.579687],[106.582038,29.579582],[106.582167,29.57959],[106.582323,29.579533],[106.58385,29.578395],[106.584401,29.577917],[106.585088,29.577255],[106.58526,29.577131],[106.58538,29.576996],[106.585517,29.57663],[106.585606,29.576539],[106.586504,29.57593],[106.587322,29.575286],[106.5885,29.574033],[106.588894,29.57352],[106.589339,29.572764],[106.589567,29.572263],[106.590104,29.570142],[106.590318,29.568873],[106.590394,29.567648],[106.590552,29.565971],[106.590552,29.56522],[106.590452,29.562551],[106.590386,29.561067],[106.59033,29.5608],[106.59021,29.560414],[106.589913,29.559779],[106.589369,29.557913],[106.588765,29.556555],[106.586349,29.551622],[106.585767,29.550495],[106.585517,29.550122],[106.585123,29.549627],[106.584485,29.549009],[106.583954,29.548612],[106.583041,29.548087],[106.582395,29.54787],[106.581861,29.547775],[106.581545,29.547674],[106.580657,29.54732],[106.580113,29.547154],[106.5796,29.546883],[106.579085,29.546414],[106.575695,29.545444],[106.574906,29.545247],[106.573718,29.545019],[106.571661,29.544802],[106.569083,29.544468],[106.567407,29.544085],[106.564483,29.543577],[106.563907,29.543549],[106.563413,29.543577],[106.561396,29.543808],[106.56049,29.543868],[106.559945,29.543854],[106.558491,29.5437],[106.557984,29.543518],[106.55693,29.543409],[106.55611,29.543374],[106.555112,29.543285],[106.554666,29.543203],[106.553937,29.542996],[106.552861,29.542804],[106.551641,29.542216],[106.550783,29.54185],[106.55037,29.541621],[106.550195,29.541474],[106.550013,29.541256],[106.549728,29.541163],[106.549425,29.541169],[106.549053,29.541078],[106.548642,29.541031],[106.548441,29.541047],[106.547996,29.541234],[106.547765,29.541295],[106.546615,29.541369],[106.542806,29.541759],[106.5418,29.542044],[106.540968,29.542075],[106.540598,29.541988],[106.538851,29.541811],[106.538381,29.541645],[106.538072,29.541487],[106.53716,29.540944],[106.536406,29.540816],[106.535969,29.540611],[106.535599,29.540284],[106.535475,29.540118],[106.535354,29.539885],[106.535229,29.539374],[106.535143,29.539197],[106.534488,29.538319],[106.53349,29.537097],[106.533115,29.536574],[106.532643,29.535762],[106.532238,29.534946],[106.531747,29.534095],[106.531536,29.533454],[106.531302,29.532919],[106.531125,29.532564],[106.530819,29.532098],[106.530749,29.531892],[106.530798,29.531169],[106.530631,29.528784],[106.530486,29.527374],[106.530567,29.526959],[106.531168,29.52526],[106.531318,29.524662],[106.531366,29.524298],[106.531345,29.524013],[106.530996,29.523108],[106.530964,29.522865],[106.531001,29.522454],[106.531087,29.522249],[106.531366,29.522057],[106.531543,29.521983],[106.532015,29.52195],[106.53223,29.52189],[106.532493,29.521745],[106.532745,29.521535],[106.53363,29.520489],[106.534547,29.519756],[106.53481,29.519453],[106.535186,29.518855],[106.535282,29.518584],[106.535422,29.517782],[106.535431,29.517255],[106.53532,29.516951],[106.535426,29.515946],[106.535089,29.515583],[106.535027,29.515351],[106.535299,29.514656],[106.535404,29.513392],[106.535443,29.513228],[106.535804,29.512986],[106.536137,29.512875],[106.536574,29.51282],[106.537546,29.512618],[106.538436,29.51238],[106.538823,29.512343],[106.539118,29.512184],[106.539402,29.511956],[106.539643,29.511858],[106.539971,29.511741],[106.540636,29.511629],[106.541703,29.511316],[106.542218,29.511125],[106.542744,29.510854],[106.543318,29.510443],[106.543935,29.509929],[106.544627,29.509603],[106.545104,29.509257],[106.545298,29.50908],[106.545598,29.508886],[106.546818,29.507738],[106.547288,29.507196],[106.547712,29.506666],[106.547998,29.505786],[106.548273,29.505344],[106.548642,29.504976],[106.548893,29.504049],[106.548769,29.502641],[106.549391,29.501575],[106.549557,29.501145],[106.549779,29.500798],[106.549836,29.50065],[106.549809,29.499826],[106.549889,29.499476],[106.550061,29.499196],[106.550243,29.498991],[106.550245,29.498696],[106.546018,29.497729],[106.543667,29.497338],[106.543484,29.497511],[106.543184,29.49811],[106.54305,29.498472],[106.54298,29.498799],[106.542935,29.49886],[106.542583,29.498818],[106.542452,29.498846],[106.542331,29.498953],[106.54221,29.499126],[106.542111,29.499341],[106.541762,29.499857],[106.541526,29.500023],[106.54085,29.500296],[106.540735,29.50038],[106.540518,29.500627],[106.539837,29.501026],[106.539531,29.501246],[106.539182,29.501418],[106.538892,29.501479],[106.538501,29.501685],[106.537707,29.501969],[106.537342,29.502166],[106.535733,29.502595],[106.534992,29.502908],[106.534531,29.503141],[106.532847,29.50379],[106.532021,29.504206],[106.531565,29.504523],[106.53106,29.504794],[106.529692,29.505616],[106.52951,29.505817],[106.529435,29.506036],[106.529403,29.506676],[106.529325,29.506988],[106.528968,29.507544],[106.528614,29.507913],[106.528453,29.508127],[106.528072,29.508772],[106.527783,29.509379],[106.527718,29.509677],[106.52767,29.510532],[106.527493,29.511064],[106.526656,29.512049],[106.526629,29.51218],[106.526645,29.512385],[106.527,29.513225],[106.527123,29.513678],[106.527166,29.51421],[106.527139,29.514817],[106.526963,29.515905],[106.527053,29.516451],[106.527206,29.517053],[106.527174,29.517158],[106.527101,29.517252],[106.526651,29.5177],[106.52645,29.517994],[106.526322,29.518621],[106.526424,29.518812],[106.526354,29.518883],[106.526196,29.519481],[106.526303,29.519719],[106.526088,29.52049],[106.525664,29.520619],[106.525653,29.521059],[106.525403,29.521343],[106.525398,29.52152],[106.525702,29.521866],[106.52563,29.522128],[106.525813,29.52276],[106.525794,29.523103],[106.525488,29.523298],[106.525427,29.523491],[106.525434,29.523671],[106.525286,29.523753],[106.525284,29.524152],[106.525652,29.524545],[106.525631,29.52463],[106.525437,29.524576],[106.525222,29.524625],[106.525187,29.525455],[106.525367,29.525519],[106.525604,29.52592],[106.525696,29.526474],[106.525823,29.526527],[106.525897,29.526865],[106.525868,29.52693],[106.525454,29.526948],[106.525358,29.527212],[106.525377,29.527271],[106.525456,29.527319],[106.525418,29.527478],[106.525484,29.527532],[106.525706,29.527543],[106.525944,29.527709],[106.525948,29.52779],[106.525744,29.528294],[106.525905,29.529115],[106.525852,29.530036],[106.525539,29.530165],[106.52544,29.530319],[106.525385,29.530543],[106.525463,29.530675],[106.525515,29.530946],[106.525485,29.531148],[106.525972,29.531619],[106.526195,29.533345],[106.525916,29.533412],[106.525883,29.533473],[106.525953,29.533792],[106.526222,29.534151],[106.527182,29.534893],[106.527305,29.535071],[106.52737,29.535356],[106.52738,29.535678],[106.527364,29.536546],[106.527332,29.536812],[106.527354,29.537022],[106.52759,29.538212],[106.52775,29.538739],[106.52789,29.539029],[106.528051,29.539253],[106.528764,29.539953],[106.529167,29.540424],[106.529542,29.540769],[106.529778,29.541138],[106.530106,29.541428],[106.531621,29.542587],[106.532176,29.542916],[106.532619,29.543126],[106.533233,29.543383],[106.533399,29.543425],[106.53363,29.543402],[106.534102,29.543187],[106.534284,29.543168],[106.534553,29.543308],[106.534944,29.543724],[106.535035,29.54384],[106.535062,29.543938],[106.535035,29.544013],[106.534923,29.544088],[106.534338,29.544232],[106.53429,29.544298],[106.5343,29.544461],[106.534655,29.545161],[106.534915,29.54559],[106.535011,29.545824],[106.535309,29.546029],[106.535628,29.546195],[106.535727,29.546211],[106.535998,29.54612],[106.536596,29.546062],[106.537634,29.546015],[106.538434,29.546097],[106.539273,29.54627],[106.540183,29.546603],[106.541129,29.547011],[106.541719,29.547198],[106.541854,29.547282],[106.542071,29.547497],[106.542224,29.547567],[106.544064,29.54826],[106.54519,29.548582],[106.547652,29.549548],[106.548409,29.550052],[106.548918,29.550346],[106.550453,29.55099],[106.551756,29.551345],[106.552735,29.551692],[106.553594,29.551916],[106.553991,29.552165],[106.554924,29.552239],[106.556143,29.552243],[106.558243,29.552048],[106.558744,29.551921],[106.559247,29.551836],[106.559408,29.55194],[106.559582,29.551821],[106.559942,29.551707],[106.560398,29.551656],[106.561785,29.551224],[106.569345,29.550053],[106.570886,29.550284],[106.571487,29.550427],[106.571906,29.550469],[106.57236,29.550594],[106.572455,29.550755],[106.572519,29.550785],[106.57268,29.550686],[106.573232,29.550812],[106.573453,29.55089],[106.573599,29.55099],[106.574556,29.551103],[106.574802,29.551341],[106.575219,29.551512],[106.576028,29.55173],[106.576909,29.552239],[106.579261,29.554102],[106.57929,29.554083],[106.579374,29.554146],[106.579411,29.554177],[106.579389,29.554196],[106.579477,29.554271],[106.579503,29.554256]],[[106.533356,29.511844],[106.534107,29.511682],[106.534781,29.511673],[106.535245,29.511583],[106.535438,29.511617],[106.535473,29.511715],[106.535427,29.511816],[106.535164,29.511956],[106.534879,29.512058],[106.534667,29.512082],[106.53457,29.512151],[106.534563,29.512317],[106.534392,29.512985],[106.53426,29.513263],[106.534271,29.513433],[106.534231,29.513645],[106.534164,29.513748],[106.53403,29.513853],[106.533981,29.514063],[106.533917,29.514194],[106.533195,29.514649],[106.532739,29.514878],[106.532442,29.51523],[106.531862,29.515562],[106.531746,29.515777],[106.531688,29.515787],[106.531621,29.515665],[106.531621,29.51549],[106.531522,29.515179],[106.531194,29.514715],[106.530983,29.514161],[106.530846,29.513664],[106.530865,29.513545],[106.531009,29.513309],[106.531092,29.513237],[106.531267,29.513195],[106.531546,29.513207],[106.531838,29.513099],[106.532133,29.512663],[106.532216,29.512604],[106.532506,29.512523],[106.532595,29.51242],[106.532683,29.512219],[106.532879,29.512058],[106.533356,29.511844]],[[106.526853,29.530671],[106.526919,29.530652],[106.526983,29.530753],[106.527026,29.530951],[106.526994,29.531039],[106.526919,29.531031],[106.526837,29.530929],[106.526822,29.530842],[106.526853,29.530671]],[[106.526903,29.533198],[106.526975,29.533205],[106.527058,29.533281],[106.52715,29.53347],[106.527281,29.533902],[106.527265,29.533993],[106.527203,29.534018],[106.527069,29.533955],[106.526895,29.533622],[106.526867,29.533258],[106.526903,29.533198]],[[106.559328,29.547198],[106.560254,29.547196],[106.560822,29.547271],[106.561224,29.547392],[106.561868,29.547658],[106.56215,29.54781],[106.562332,29.547975],[106.562515,29.548216],[106.562657,29.548472],[106.562716,29.548692],[106.562718,29.548885],[106.56263,29.54903],[106.562405,29.549133],[106.560897,29.549627],[106.558392,29.550365],[106.557341,29.550626],[106.557016,29.550652],[106.556702,29.550621],[106.556225,29.550516],[106.555075,29.550153],[106.554831,29.550101],[106.554347,29.54981],[106.553939,29.549479],[106.553709,29.549264],[106.553611,29.549052],[106.55388,29.548689],[106.554232,29.548385],[106.554719,29.548123],[106.555252,29.54794],[106.555824,29.547855],[106.556835,29.547865],[106.557824,29.547677],[106.558458,29.547462],[106.558929,29.547352],[106.559328,29.547198]],[[106.588999,29.559651],[106.589094,29.559681],[106.589109,29.559724],[106.588971,29.559771],[106.589052,29.559934],[106.588937,29.559969],[106.588878,29.559915],[106.588887,29.559783],[106.588906,29.559711],[106.588999,29.559651]],[[106.58924,29.560443],[106.5894,29.560614],[106.589502,29.560843],[106.589596,29.561178],[106.589592,29.561441],[106.589454,29.561451],[106.589385,29.561371],[106.589324,29.561262],[106.589273,29.561026],[106.589112,29.560817],[106.589086,29.560676],[106.58902,29.560577],[106.58902,29.560384],[106.589071,29.560344],[106.589206,29.560367],[106.58924,29.560443]],[[106.577315,29.581106],[106.577237,29.581295],[106.577141,29.581426],[106.577116,29.581546],[106.576965,29.581847],[106.57685,29.582321],[106.576737,29.583172],[106.57659,29.583942],[106.5765,29.584007],[106.576394,29.583769],[106.576451,29.583532],[106.576425,29.582953],[106.576384,29.582841],[106.576178,29.582676],[106.576124,29.58258],[106.576116,29.58247],[106.576288,29.58178],[106.5764,29.581104],[106.576524,29.580877],[106.576674,29.580768],[106.576805,29.580679],[106.577099,29.580606],[106.577272,29.580702],[106.577261,29.580849],[106.577312,29.580992],[106.577315,29.581106]],[[106.573714,29.587218],[106.573876,29.587509],[106.57393,29.587748],[106.574075,29.588015],[106.574181,29.588432],[106.574149,29.58846],[106.574061,29.588437],[106.574039,29.588393],[106.57396,29.587932],[106.573804,29.587764],[106.573569,29.587427],[106.573308,29.586865],[106.573171,29.586228],[106.573214,29.586094],[106.57327,29.586064],[106.573453,29.586088],[106.573561,29.586164],[106.573714,29.587218]],[[106.682597,29.558701],[106.682675,29.558249],[106.682788,29.558246],[106.682965,29.558484],[106.682951,29.558843],[106.682989,29.559008],[106.682737,29.558885],[106.682597,29.558701]],[[106.683179,29.559457],[106.683289,29.559501],[106.683386,29.559646],[106.683418,29.559858],[106.683413,29.559928],[106.683375,29.559961],[106.683249,29.5599],[106.683163,29.559765],[106.683101,29.559536],[106.683179,29.559457]],[[106.68058,29.560192],[106.680374,29.559996],[106.680336,29.559919],[106.680341,29.559576],[106.680013,29.559063],[106.680003,29.558937],[106.680087,29.55896],[106.680191,29.559065],[106.680827,29.559898],[106.680942,29.559998],[106.681607,29.560019],[106.681758,29.560052],[106.682369,29.560873],[106.682495,29.561072],[106.682506,29.56117],[106.682372,29.561251],[106.682313,29.561242],[106.682069,29.56113],[106.681699,29.560897],[106.681243,29.560771],[106.68105,29.560684],[106.680875,29.560593],[106.68073,29.560467],[106.68058,29.560192]],[[106.679692,29.560705],[106.680335,29.560637],[106.68067,29.560843],[106.680704,29.5609],[106.679998,29.561195],[106.679319,29.561377],[106.679089,29.561408],[106.678904,29.561338],[106.678815,29.561251],[106.678815,29.560824],[106.678853,29.560705],[106.67892,29.560631],[106.67899,29.560607],[106.679242,29.560621],[106.679692,29.560705]],[[106.681457,29.561135],[106.681591,29.561146],[106.681833,29.561275],[106.682586,29.561335],[106.682704,29.561382],[106.682745,29.56147],[106.68268,29.561639],[106.68271,29.561764],[106.682935,29.562098],[106.68297,29.562212],[106.682954,29.562303],[106.68271,29.562471],[106.682594,29.562488],[106.682458,29.56245],[106.68201,29.562138],[106.681889,29.562021],[106.681385,29.56127],[106.681382,29.5612],[106.681457,29.561135]],[[106.683591,29.563139],[106.683611,29.563076],[106.6837,29.563062],[106.68374,29.563085],[106.683988,29.563374],[106.684163,29.563504],[106.684276,29.563686],[106.684308,29.563881],[106.684232,29.563886],[106.683591,29.563139]],[[106.684783,29.56456],[106.684616,29.564281],[106.684424,29.564142],[106.684413,29.563926],[106.68505,29.564471],[106.68523,29.564942],[106.685171,29.564944],[106.685053,29.564857],[106.684783,29.56456]],[[106.707585,29.577308],[106.707265,29.576944],[106.707011,29.576858],[106.706769,29.576672],[106.706538,29.576599],[106.706074,29.576585],[106.705551,29.576273],[106.704369,29.575372],[106.704095,29.575097],[106.703575,29.5747],[106.702966,29.57412],[106.702427,29.573513],[106.702309,29.573205],[106.701995,29.572757],[106.701394,29.572186],[106.700624,29.571761],[106.700359,29.571528],[106.700131,29.571306],[106.699382,29.570427],[106.698596,29.56965],[106.698275,29.569104],[106.698092,29.568682],[106.697977,29.568539],[106.697698,29.568295],[106.697199,29.567987],[106.696679,29.567497],[106.696561,29.56741],[106.696266,29.567282],[106.696177,29.567107],[106.696099,29.567032],[106.695598,29.566757],[106.694849,29.566503],[106.694627,29.566274],[106.69419,29.565971],[106.693583,29.565698],[106.693283,29.565607],[106.692816,29.565406],[106.692677,29.565327],[106.692065,29.564804],[106.691794,29.564655],[106.69125,29.564443],[106.691035,29.564328],[106.690349,29.563883],[106.689855,29.563848],[106.689018,29.563104],[106.688592,29.562805],[106.688297,29.562656],[106.687197,29.562217],[106.686183,29.56175],[106.685572,29.561639],[106.685309,29.561629],[106.684619,29.56175],[106.68429,29.561681],[106.684126,29.561592],[106.683944,29.561345],[106.683796,29.560815],[106.683796,29.560591],[106.68385,29.560388],[106.684316,29.55963],[106.684751,29.55913],[106.685534,29.558487],[106.686315,29.557913],[106.687428,29.557259],[106.688047,29.557038],[106.688222,29.556944],[106.688731,29.55651],[106.689032,29.556328],[106.689708,29.555997],[106.690845,29.55568],[106.691478,29.555549],[106.69239,29.555418],[106.696217,29.554991],[106.696872,29.554882],[106.698146,29.554574],[106.698964,29.554436],[106.704774,29.554177],[106.70604,29.55424],[106.706619,29.554324],[106.707635,29.554497],[106.70804,29.554613],[106.709065,29.554984],[106.710192,29.555278],[106.711852,29.555869],[106.713756,29.556664],[106.714588,29.557103],[106.715851,29.557964],[106.718665,29.560761],[106.71992,29.562299],[106.720145,29.562625],[106.721422,29.563748],[106.721934,29.564314],[106.723777,29.566501],[106.725105,29.56797],[106.725507,29.568316],[106.72636,29.568889],[106.726588,29.569078],[106.727116,29.569711],[106.727841,29.570756],[106.728455,29.57153],[106.729479,29.57293],[106.730354,29.574288],[106.730783,29.575179],[106.731008,29.575762],[106.73162,29.577875],[106.732006,29.581094],[106.732135,29.58234],[106.732172,29.583026],[106.732167,29.583464],[106.731958,29.584304],[106.731856,29.584533],[106.731738,29.584607],[106.731593,29.584621],[106.731153,29.584574],[106.729925,29.584276],[106.728197,29.583912],[106.727017,29.583721],[106.726497,29.583502],[106.726153,29.583422],[106.725746,29.583245],[106.724587,29.583049],[106.724319,29.58297],[106.723782,29.582699],[106.723546,29.582639],[106.722983,29.582401],[106.722329,29.582307],[106.720918,29.581943],[106.720414,29.581869],[106.719764,29.581836],[106.719502,29.581775],[106.718402,29.581216],[106.718016,29.580866],[106.717206,29.580245],[106.716712,29.579989],[106.716573,29.579807],[106.716508,29.579629],[106.716487,29.579438],[106.71654,29.579293],[106.716653,29.579233],[106.716718,29.579158],[106.716696,29.579074],[106.716578,29.578906],[106.716347,29.578766],[106.715945,29.578594],[106.715232,29.578351],[106.714974,29.578305],[106.714722,29.578295],[106.713467,29.57851],[106.713247,29.578463],[106.713021,29.578319],[106.71263,29.57788],[106.712388,29.577703],[106.712104,29.577283],[106.711954,29.577189],[106.711509,29.577054],[106.711326,29.576942],[106.710932,29.576884],[106.710787,29.576651],[106.710699,29.576345],[106.710607,29.576289],[106.710495,29.57627],[106.710323,29.576294],[106.710221,29.576401],[106.710087,29.576765],[106.709964,29.576858],[106.709626,29.577022],[106.709535,29.577189],[106.709411,29.577301],[106.709256,29.577348],[106.708993,29.577297],[106.708137,29.577273],[106.707678,29.577325],[106.707585,29.577308]],[[106.735163,29.588244],[106.73501,29.588096],[106.734852,29.587497],[106.734809,29.58715],[106.734825,29.587035],[106.734889,29.586993],[106.735018,29.587047],[106.735132,29.587327],[106.735557,29.588036],[106.735564,29.588235],[106.735474,29.58835],[106.735372,29.58836],[106.735282,29.588276],[106.735163,29.588244]]]}},{"id":"26","type":"Feature","properties":{"waterway":"unknown","natural":"water","base_elevation":58},"geometry":{"type":"Polygon","coordinates":[[[106.537326,29.569323],[106.537299,29.569278],[106.53713,29.569187],[106.537076,29.569069],[106.536993,29.569036],[106.536898,29.569059],[106.536891,29.569138],[106.537101,29.569274],[106.537165,29.5694],[106.537326,29.569323]]]}},{"id":"27","type":"Feature","properties":{"waterway":"unknown","natural":"water","base_elevation":115},"geometry":{"type":"Polygon","coordinates":[[[106.524727,29.570933],[106.524523,29.570961],[106.524515,29.571034],[106.524661,29.571038],[106.524726,29.570966],[106.524727,29.570933]]]}},{"id":"28","type":"Feature","properties":{"waterway":"unknown","natural":"water","base_elevation":56},"geometry":{"type":"Polygon","coordinates":[[[106.576574,29.571044],[106.576244,29.570933],[106.576049,29.57095],[106.576001,29.570988],[106.575916,29.571248],[106.57555,29.571197],[106.575546,29.571448],[106.57543,29.571862],[106.575508,29.572062],[106.575628,29.572192],[106.575785,29.572161],[106.57603,29.571925],[106.576115,29.571885],[106.576303,29.57188],[106.576354,29.571852],[106.576762,29.571156],[106.576574,29.571044]]]}},{"id":"29","type":"Feature","properties":{"waterway":"unknown","natural":"water","base_elevation":75},"geometry":{"type":"Polygon","coordinates":[[[106.574188,29.571619],[106.573895,29.572377],[106.57445,29.572652],[106.574534,29.572659],[106.575121,29.572347],[106.575161,29.572251],[106.575019,29.572032],[106.574906,29.571929],[106.574188,29.571619]]]}},{"id":"30","type":"Feature","properties":{"waterway":"unknown","natural":"water","base_elevation":139},"geometry":{"type":"Polygon","coordinates":[[[106.553455,29.580482],[106.553392,29.580495],[106.553423,29.58061],[106.553486,29.580596],[106.553455,29.580482]]]}},{"id":"31","type":"Feature","properties":{"waterway":"unknown","natural":"water","base_elevation":130},"geometry":{"type":"Polygon","coordinates":[[[106.50993,29.582624],[106.509979,29.58256],[106.509936,29.582521],[106.509785,29.582581],[106.509636,29.582713],[106.509682,29.582742],[106.509806,29.582734],[106.509891,29.582874],[106.51007,29.582911],[106.510172,29.582845],[106.510172,29.582705],[106.510021,29.582624],[106.50993,29.582624]]]}},{"id":"32","type":"Feature","properties":{"waterway":"unknown","natural":"water","base_elevation":128},"geometry":{"type":"Polygon","coordinates":[[[106.511618,29.583272],[106.511669,29.583164],[106.511563,29.583059],[106.511503,29.583051],[106.511354,29.582854],[106.511248,29.582854],[106.511197,29.582906],[106.511133,29.58308],[106.511018,29.583125],[106.510988,29.583183],[106.511024,29.583235],[106.5111,29.583222],[106.511106,29.583262],[106.511351,29.583412],[106.511424,29.58337],[106.511494,29.583417],[106.511627,29.583346],[106.511618,29.583272]]]}},{"id":"33","type":"Feature","properties":{"waterway":"unknown","natural":"water","base_elevation":122},"geometry":{"type":"Polygon","coordinates":[[[106.509588,29.585338],[106.509863,29.585372],[106.510075,29.585505],[106.510389,29.585464],[106.510946,29.585559],[106.511134,29.585563],[106.511319,29.585522],[106.511547,29.585573],[106.511672,29.585471],[106.511715,29.585358],[106.511554,29.585355],[106.51148,29.58544],[106.511358,29.585484],[106.51124,29.585447],[106.510997,29.585471],[106.510663,29.585437],[106.510612,29.585352],[106.51062,29.585249],[106.510703,29.585123],[106.510616,29.585061],[106.510385,29.585078],[106.510224,29.585143],[106.510118,29.585085],[106.510055,29.584887],[106.51002,29.584854],[106.509937,29.584854],[106.509936,29.584803],[106.509849,29.584801],[106.509839,29.584747],[106.509396,29.584795],[106.509329,29.584832],[106.5094,29.584965],[106.5094,29.585105],[106.509156,29.585221],[106.509015,29.585245],[106.508834,29.585198],[106.508815,29.585013],[106.509003,29.58486],[106.508607,29.58489],[106.508454,29.585174],[106.508599,29.585559],[106.509058,29.585553],[106.509486,29.58545],[106.509588,29.585338]]]}},{"id":"34","type":"Feature","properties":{"waterway":"unknown","natural":"water","base_elevation":85},"geometry":{"type":"Polygon","coordinates":[[[106.55391,29.592516],[106.553435,29.592097],[106.553111,29.591957],[106.552915,29.591791],[106.552856,29.591632],[106.552888,29.591336],[106.552848,29.591185],[106.552781,29.591166],[106.552725,29.591194],[106.552676,29.590886],[106.552365,29.590765],[106.55243,29.590709],[106.552295,29.590536],[106.552282,29.590441],[106.552177,29.590501],[106.552062,29.590508],[106.551933,29.590466],[106.551866,29.590756],[106.551944,29.590895],[106.551907,29.591082],[106.551748,29.591082],[106.551684,29.590965],[106.551603,29.590923],[106.551617,29.591087],[106.55181,29.591168],[106.552065,29.59118],[106.552169,29.591306],[106.552381,29.591462],[106.552354,29.591726],[106.552478,29.592001],[106.5527,29.592129],[106.552902,29.592121],[106.553104,29.592192],[106.553315,29.592423],[106.553485,29.592539],[106.553604,29.59272],[106.553701,29.592771],[106.553753,29.5929],[106.55387,29.592932],[106.554021,29.592913],[106.554066,29.592851],[106.554009,29.59267],[106.55391,29.592516]]]}},{"id":"35","type":"Feature","properties":{"waterway":"unknown","natural":"water","base_elevation":40},"geometry":{"type":"Polygon","coordinates":[[[106.563837,29.596824],[106.563928,29.596582],[106.563901,29.596248],[106.563858,29.596099],[106.563891,29.595982],[106.564046,29.595852],[106.564137,29.595814],[106.564617,29.595819],[106.5648,29.595786],[106.565312,29.595441],[106.565473,29.595378],[106.56565,29.59535],[106.565862,29.595399],[106.566211,29.595637],[106.566366,29.595873],[106.566629,29.596117],[106.566844,29.59619],[106.568432,29.595884],[106.568928,29.595744],[106.569938,29.595359],[106.569748,29.595019],[106.569463,29.595187],[106.569046,29.595368],[106.568617,29.595499],[106.568571,29.595528],[106.568542,29.595671],[106.568407,29.595719],[106.567254,29.595924],[106.56697,29.595933],[106.566643,29.595863],[106.566248,29.595357],[106.566079,29.595201],[106.565454,29.595089],[106.564816,29.595453],[106.56477,29.595446],[106.564427,29.595611],[106.563917,29.595635],[106.563644,29.595898],[106.563596,29.596008],[106.563705,29.596411],[106.563716,29.596579],[106.563614,29.596822],[106.563507,29.596952],[106.5634,29.596976],[106.56318,29.5973],[106.563274,29.59737],[106.563394,29.597249],[106.56348,29.597333],[106.563456,29.597244],[106.563703,29.597046],[106.563837,29.596824]]]}},{"id":"36","type":"Feature","properties":{"waterway":"unknown","natural":"water","base_elevation":130},"geometry":{"type":"Polygon","coordinates":[[[106.507327,29.606109],[106.507079,29.60628],[106.507015,29.606472],[106.507135,29.606724],[106.507112,29.606842],[106.506914,29.607196],[106.506971,29.607498],[106.506923,29.607747],[106.506962,29.607865],[106.506924,29.608147],[106.507215,29.608215],[106.507301,29.608202],[106.507408,29.608085],[106.507436,29.607848],[106.507395,29.607773],[106.507452,29.607724],[106.507473,29.607516],[106.507529,29.607435],[106.507562,29.607247],[106.507658,29.607087],[106.507733,29.60712],[106.50796,29.607529],[106.508126,29.607637],[106.508371,29.607936],[106.508474,29.60796],[106.508577,29.608112],[106.50874,29.608082],[106.508879,29.608145],[106.508912,29.608097],[106.508795,29.607987],[106.50853,29.60735],[106.508352,29.607097],[106.508314,29.606944],[106.508021,29.606592],[106.508021,29.606437],[106.508089,29.606338],[106.508408,29.606246],[106.508477,29.606271],[106.508612,29.606587],[106.508726,29.606632],[106.508898,29.606572],[106.509112,29.606632],[106.509207,29.606714],[106.509224,29.606975],[106.509301,29.607027],[106.509387,29.607012],[106.509507,29.606885],[106.50967,29.606885],[106.509842,29.607064],[106.509842,29.607184],[106.509533,29.607393],[106.509327,29.607632],[106.50931,29.607766],[106.509336,29.607982],[106.509138,29.608154],[106.509024,29.608318],[106.509017,29.608453],[106.50912,29.608596],[106.509132,29.608703],[106.50924,29.608842],[106.50943,29.608952],[106.509649,29.609391],[106.509918,29.609502],[106.510019,29.60946],[106.510029,29.609256],[106.50999,29.609183],[106.510085,29.609018],[106.510011,29.608946],[106.510064,29.608903],[106.50999,29.60884],[106.510175,29.608685],[106.510315,29.608644],[106.510451,29.60868],[106.510514,29.60873],[106.510536,29.608904],[106.510581,29.608951],[106.510661,29.608973],[106.510933,29.608929],[106.510915,29.608756],[106.510973,29.608515],[106.511046,29.608436],[106.511063,29.608356],[106.511403,29.608269],[106.511432,29.608235],[106.51175,29.60827],[106.51179,29.608209],[106.511842,29.608206],[106.511895,29.608217],[106.512063,29.608383],[106.512201,29.608413],[106.51229,29.608309],[106.512298,29.608162],[106.512401,29.608041],[106.512679,29.607913],[106.512839,29.607919],[106.513,29.608004],[106.513095,29.608187],[106.513112,29.608588],[106.513477,29.608893],[106.513497,29.608976],[106.513458,29.60938],[106.513499,29.60947],[106.513732,29.60963],[106.513847,29.609673],[106.51393,29.609631],[106.513948,29.609541],[106.513833,29.609232],[106.513812,29.608885],[106.513735,29.608546],[106.513784,29.608077],[106.513759,29.607989],[106.513633,29.607828],[106.513198,29.607602],[106.512923,29.607385],[106.512674,29.607318],[106.512443,29.607318],[106.512185,29.607579],[106.511919,29.607751],[106.511773,29.607751],[106.511704,29.607691],[106.511696,29.60755],[106.51179,29.607378],[106.512125,29.607363],[106.512288,29.607229],[106.51246,29.607139],[106.512614,29.607139],[106.512786,29.607064],[106.512786,29.60693],[106.512734,29.606833],[106.512563,29.606833],[106.512262,29.60693],[106.512116,29.607049],[106.511919,29.607109],[106.511533,29.60702],[106.511318,29.607064],[106.511086,29.607385],[106.510812,29.607423],[106.510726,29.607139],[106.510554,29.606856],[106.510258,29.606596],[106.510191,29.606396],[106.510255,29.606213],[106.510182,29.606051],[106.510116,29.606035],[106.509882,29.606154],[106.509697,29.606209],[106.509521,29.606201],[106.509454,29.606182],[106.509405,29.606095],[106.509285,29.606011],[106.509161,29.605732],[106.508854,29.605639],[106.508578,29.605596],[106.508565,29.605524],[106.508623,29.605377],[106.508778,29.605339],[106.508985,29.605088],[106.509072,29.604944],[106.509092,29.604743],[106.509134,29.604673],[106.509312,29.604602],[106.509349,29.604533],[106.509317,29.604469],[106.509033,29.604447],[106.508649,29.604788],[106.50852,29.604736],[106.508434,29.604594],[106.508263,29.604497],[106.507619,29.605109],[106.507318,29.60546],[106.507284,29.605587],[106.507404,29.606012],[106.507327,29.606109]]]}},{"id":"37","type":"Feature","properties":{"waterway":"unknown","natural":"water","base_elevation":154},"geometry":{"type":"Polygon","coordinates":[[[106.531165,29.613286],[106.531074,29.613411],[106.531094,29.613541],[106.531177,29.613537],[106.531239,29.613578],[106.531288,29.613563],[106.531323,29.613514],[106.531272,29.613432],[106.531349,29.613325],[106.531301,29.61326],[106.531165,29.613286]]]}},{"id":"38","type":"Feature","properties":{"waterway":"unknown","natural":"water","base_elevation":179},"geometry":{"type":"Polygon","coordinates":[[[106.521682,29.63137],[106.521865,29.631845],[106.522058,29.631985],[106.522262,29.631798],[106.522283,29.631519],[106.522144,29.631099],[106.522401,29.630679],[106.522798,29.629887],[106.523345,29.629262],[106.524032,29.628917],[106.524322,29.62846],[106.524547,29.627751],[106.524558,29.627369],[106.52429,29.627303],[106.523646,29.62749],[106.523378,29.627639],[106.523539,29.6279],[106.523689,29.628339],[106.52371,29.628516],[106.523442,29.628693],[106.52312,29.62873],[106.52282,29.628917],[106.522659,29.629374],[106.521682,29.63081],[106.521682,29.63137]]]}},{"id":"39","type":"Feature","properties":{"waterway":"unknown","natural":"water","base_elevation":237},"geometry":{"type":"Polygon","coordinates":[[[106.537364,29.631291],[106.537385,29.630953],[106.53732,29.630857],[106.537226,29.63082],[106.537147,29.630833],[106.536942,29.630957],[106.536805,29.630952],[106.536198,29.630805],[106.536062,29.630864],[106.535934,29.631294],[106.535965,29.631371],[106.536043,29.631405],[106.536618,29.631448],[106.537219,29.631879],[106.537481,29.631977],[106.537785,29.632359],[106.53797,29.632427],[106.538012,29.632654],[106.538486,29.63295],[106.538706,29.632956],[106.538776,29.632783],[106.538331,29.632328],[106.538069,29.632137],[106.538026,29.631873],[106.537389,29.631345],[106.537364,29.631291]]]}},{"id":"40","type":"Feature","properties":{"waterway":"unknown","natural":"water","base_elevation":200},"geometry":{"type":"Polygon","coordinates":[[[106.530472,29.631847],[106.530469,29.631954],[106.530345,29.632019],[106.530244,29.631984],[106.530139,29.632003],[106.530046,29.632305],[106.530148,29.632496],[106.530247,29.632552],[106.530352,29.632777],[106.530589,29.632924],[106.530767,29.63283],[106.530786,29.632573],[106.530918,29.632399],[106.530888,29.632075],[106.530826,29.631781],[106.530623,29.631764],[106.530472,29.631847]]]}},{"id":"41","type":"Feature","properties":{"waterway":"unknown","natural":"water","base_elevation":208},"geometry":{"type":"Polygon","coordinates":[[[106.53185,29.633488],[106.532009,29.633523],[106.532197,29.633406],[106.532284,29.633516],[106.532242,29.633542],[106.532317,29.633654],[106.532339,29.633821],[106.532309,29.634079],[106.532505,29.634166],[106.532923,29.634278],[106.533415,29.634352],[106.533857,29.634735],[106.533621,29.635099],[106.533632,29.635472],[106.533803,29.635789],[106.534638,29.636357],[106.534874,29.636572],[106.535187,29.636414],[106.535035,29.635751],[106.534863,29.635416],[106.53496,29.635201],[106.534896,29.635015],[106.534758,29.634922],[106.534563,29.63438],[106.534329,29.633971],[106.534338,29.633746],[106.534423,29.633625],[106.534316,29.633513],[106.534136,29.63357],[106.533951,29.63342],[106.533825,29.633215],[106.533833,29.633056],[106.533748,29.632851],[106.533544,29.63287],[106.533393,29.632618],[106.533393,29.632543],[106.532945,29.632311],[106.532739,29.632142],[106.532076,29.632264],[106.531773,29.632562],[106.531639,29.632958],[106.531715,29.633136],[106.531593,29.633336],[106.531711,29.633537],[106.53185,29.633488]]]}},{"id":"42","type":"Feature","properties":{"waterway":"unknown","natural":"water","base_elevation":227},"geometry":{"type":"Polygon","coordinates":[[[106.533928,29.642304],[106.534453,29.642198],[106.53455,29.642058],[106.534703,29.642044],[106.534849,29.642262],[106.535269,29.642493],[106.535479,29.642283],[106.535188,29.642037],[106.534921,29.641476],[106.534631,29.641174],[106.534493,29.641096],[106.5343,29.641174],[106.534219,29.641019],[106.534372,29.640851],[106.534296,29.64082],[106.534237,29.640867],[106.534198,29.640819],[106.534231,29.64075],[106.534123,29.64061],[106.534077,29.640399],[106.533906,29.64026],[106.533777,29.640238],[106.533686,29.640265],[106.533589,29.640221],[106.533145,29.640802],[106.533403,29.640963],[106.533734,29.641363],[106.534203,29.64163],[106.534146,29.64182],[106.533831,29.642023],[106.533783,29.642241],[106.533928,29.642304]]]}},{"id":"43","type":"Feature","properties":{"waterway":"unknown","natural":"water","base_elevation":125},"geometry":{"type":"Polygon","coordinates":[[[106.507848,29.644435],[106.508306,29.644626],[106.508394,29.64459],[106.50853,29.644476],[106.508661,29.644419],[106.508736,29.644334],[106.508717,29.644216],[106.508637,29.644094],[106.508633,29.643944],[106.508712,29.643851],[106.508936,29.643798],[106.509175,29.643786],[106.509385,29.643676],[106.509445,29.643599],[106.509469,29.643461],[106.509754,29.643388],[106.510109,29.643437],[106.510454,29.643575],[106.510623,29.643583],[106.510753,29.643542],[106.510996,29.643217],[106.511141,29.643165],[106.511361,29.643214],[106.511748,29.643494],[106.512005,29.643575],[106.512201,29.643603],[106.512374,29.64355],[106.512463,29.643481],[106.512384,29.643396],[106.511954,29.643205],[106.51186,29.643075],[106.51151,29.64284],[106.511328,29.64258],[106.511328,29.64228],[106.511716,29.641667],[106.511716,29.641281],[106.511589,29.641082],[106.511552,29.640956],[106.511561,29.640753],[106.51186,29.640104],[106.511837,29.639962],[106.51144,29.640282],[106.51137,29.640457],[106.511305,29.64051],[106.511165,29.64055],[106.51109,29.640627],[106.51109,29.640786],[106.51115,29.640968],[106.51116,29.641253],[106.511104,29.641537],[106.510968,29.641651],[106.510758,29.641732],[106.51073,29.641858],[106.510781,29.642268],[106.510721,29.642467],[106.510627,29.642625],[106.510454,29.642755],[106.510198,29.642836],[106.509319,29.64286],[106.508661,29.643027],[106.508549,29.643181],[106.508292,29.643177],[106.507918,29.643323],[106.507881,29.643274],[106.507871,29.643096],[106.508035,29.64269],[106.50803,29.642596],[106.507909,29.642531],[106.507689,29.642584],[106.507423,29.642864],[106.50732,29.643079],[106.507115,29.643189],[106.507091,29.644472],[106.507311,29.644488],[106.507428,29.644533],[106.507563,29.644525],[106.507848,29.644435]]]}},{"id":"44","type":"Feature","properties":{"waterway":"unknown","natural":"water","base_elevation":152},"geometry":{"type":"Polygon","coordinates":[[[106.559937,29.642036],[106.559583,29.642204],[106.559422,29.642148],[106.559132,29.642241],[106.559046,29.642325],[106.558896,29.642652],[106.558694,29.642666],[106.558499,29.642549],[106.558177,29.642549],[106.557941,29.642624],[106.557748,29.642792],[106.557544,29.643034],[106.557308,29.643621],[106.55719,29.643687],[106.556535,29.643705],[106.556342,29.643659],[106.555441,29.64406],[106.555261,29.644065],[106.555023,29.643883],[106.554916,29.644032],[106.55528,29.644284],[106.555452,29.644479],[106.555817,29.644386],[106.556117,29.644255],[106.556525,29.6442],[106.557405,29.644284],[106.558199,29.643892],[106.558435,29.643659],[106.558617,29.64364],[106.559303,29.643351],[106.559389,29.643566],[106.559497,29.643603],[106.559604,29.643817],[106.559604,29.64406],[106.559808,29.64419],[106.55999,29.644172],[106.560226,29.643696],[106.560376,29.642997],[106.560902,29.642978],[106.560945,29.643146],[106.561042,29.643258],[106.56131,29.643248],[106.561449,29.643155],[106.561567,29.643127],[106.561642,29.643165],[106.561653,29.643295],[106.561728,29.643379],[106.562449,29.642722],[106.562608,29.642493],[106.562396,29.642163],[106.561514,29.641607],[106.561406,29.641589],[106.561256,29.641682],[106.561256,29.641831],[106.560773,29.641999],[106.559937,29.642036]]]}},{"id":"45","type":"Feature","properties":{"waterway":"unknown","natural":"water","base_elevation":179},"geometry":{"type":"Polygon","coordinates":[[[106.620554,29.510872],[106.620582,29.510577],[106.620711,29.510291],[106.620648,29.509857],[106.620786,29.509761],[106.621412,29.509838],[106.621467,29.509682],[106.621417,29.50955],[106.621111,29.509495],[106.621056,29.509408],[106.621224,29.509214],[106.621045,29.509041],[106.620896,29.509053],[106.620518,29.509319],[106.620295,29.509223],[106.620146,29.509079],[106.619768,29.508823],[106.619705,29.508595],[106.619429,29.508398],[106.619316,29.508271],[106.619456,29.507928],[106.619432,29.507613],[106.619994,29.507503],[106.620055,29.507371],[106.619989,29.507212],[106.619605,29.507114],[106.619614,29.50636],[106.619741,29.506238],[106.620477,29.506399],[106.62123,29.506687],[106.620979,29.505914],[106.620435,29.505986],[106.620215,29.505643],[106.620314,29.505204],[106.619867,29.505038],[106.619989,29.504894],[106.619953,29.504798],[106.618505,29.504908],[106.618373,29.505002],[106.617923,29.505843],[106.618616,29.505749],[106.618667,29.505777],[106.618583,29.506303],[106.618325,29.50641],[106.618301,29.506812],[106.618627,29.507019],[106.618516,29.507289],[106.61852,29.507791],[106.618698,29.508116],[106.618659,29.508611],[106.619116,29.509217],[106.619522,29.509525],[106.619732,29.510283],[106.619311,29.510898],[106.619323,29.511072],[106.619609,29.511262],[106.619863,29.511258],[106.620138,29.511314],[106.6205,29.511667],[106.620635,29.512034],[106.620583,29.512238],[106.620388,29.512369],[106.620396,29.512404],[106.620842,29.512525],[106.620913,29.51266],[106.620881,29.513136],[106.621072,29.51307],[106.621436,29.512857],[106.621646,29.512619],[106.621354,29.511571],[106.621158,29.511266],[106.62075,29.511071],[106.620554,29.510872]]]}},{"id":"46","type":"Feature","properties":{"waterway":"unknown","natural":"water","base_elevation":172},"geometry":{"type":"Polygon","coordinates":[[[106.577011,29.5089],[106.576742,29.508769],[106.576656,29.508872],[106.576656,29.509218],[106.576485,29.509442],[106.576592,29.509666],[106.576764,29.50975],[106.577011,29.50975],[106.577686,29.509423],[106.578062,29.50933],[106.578266,29.509068],[106.578598,29.5089],[106.578598,29.508779],[106.578502,29.508657],[106.578234,29.508648],[106.577568,29.508947],[106.577493,29.509218],[106.577182,29.509348],[106.577053,29.509171],[106.577011,29.5089]]]}},{"id":"47","type":"Feature","properties":{"waterway":"unknown","natural":"water","base_elevation":201},"geometry":{"type":"Polygon","coordinates":[[[106.616168,29.517532],[106.615871,29.517102],[106.615743,29.517017],[106.615621,29.51686],[106.615544,29.516832],[106.615433,29.516858],[106.615292,29.517047],[106.615173,29.517116],[106.614924,29.517112],[106.614584,29.517222],[106.613907,29.517122],[106.613778,29.517191],[106.613743,29.5173],[106.613806,29.517414],[106.614356,29.517596],[106.614685,29.517847],[106.614906,29.517892],[106.615202,29.517759],[106.615265,29.517795],[106.615276,29.517837],[106.615198,29.517993],[106.616168,29.517532]]]}},{"id":"48","type":"Feature","properties":{"waterway":"unknown","natural":"water","base_elevation":126},"geometry":{"type":"Polygon","coordinates":[[[106.62753,29.530563],[106.627513,29.530618],[106.627588,29.530683],[106.627978,29.530597],[106.627966,29.530553],[106.628048,29.530526],[106.628117,29.530554],[106.62821,29.530477],[106.628278,29.530542],[106.628375,29.530461],[106.628451,29.530325],[106.628446,29.530227],[106.628384,29.530162],[106.628375,29.53008],[106.628674,29.529961],[106.628921,29.529807],[106.629127,29.529811],[106.629216,29.529773],[106.629235,29.529684],[106.629151,29.529573],[106.628577,29.529576],[106.628317,29.529734],[106.627923,29.529822],[106.62757,29.530002],[106.627442,29.530101],[106.627382,29.530227],[106.627266,29.530339],[106.627226,29.530428],[106.627267,29.530521],[106.627336,29.53053],[106.627488,29.53045],[106.627546,29.530468],[106.627593,29.53053],[106.62753,29.530563]]]}},{"id":"49","type":"Feature","properties":{"waterway":"unknown","natural":"water","base_elevation":157},"geometry":{"type":"Polygon","coordinates":[[[106.630368,29.534059],[106.630598,29.533946],[106.6307,29.533828],[106.630456,29.533444],[106.630404,29.533437],[106.62999,29.533589],[106.629677,29.533811],[106.629346,29.533983],[106.62942,29.53414],[106.629668,29.53424],[106.629786,29.534246],[106.630368,29.534059]]]}},{"id":"50","type":"Feature","properties":{"waterway":"unknown","natural":"water","base_elevation":162},"geometry":{"type":"Polygon","coordinates":[[[106.625019,29.534542],[106.624897,29.534414],[106.62479,29.534193],[106.624479,29.534385],[106.624449,29.534477],[106.624454,29.534618],[106.624539,29.534633],[106.624669,29.534605],[106.624844,29.53478],[106.62495,29.534777],[106.625037,29.534661],[106.625019,29.534542]]]}},{"id":"51","type":"Feature","properties":{"waterway":"unknown","natural":"water","base_elevation":292},"geometry":{"type":"Polygon","coordinates":[[[106.603562,29.542311],[106.603667,29.542077],[106.60418,29.542209],[106.604401,29.542524],[106.604448,29.542767],[106.60439,29.54299],[106.604086,29.543558],[106.604028,29.543883],[106.604168,29.543974],[106.60446,29.543995],[106.604658,29.543944],[106.60481,29.543102],[106.604775,29.542686],[106.604646,29.542148],[106.604483,29.541804],[106.603912,29.541519],[106.603609,29.541428],[106.603399,29.541225],[106.603212,29.540627],[106.602326,29.54086],[106.602478,29.541235],[106.602442,29.541824],[106.602932,29.542382],[106.603235,29.542514],[106.60355,29.542503],[106.603562,29.542311]]]}},{"id":"52","type":"Feature","properties":{"waterway":"unknown","natural":"water","base_elevation":448},"geometry":{"type":"Polygon","coordinates":[[[106.617004,29.554781],[106.617213,29.554823],[106.617358,29.555059],[106.617454,29.55505],[106.617521,29.554879],[106.617642,29.554809],[106.618069,29.554707],[106.618388,29.554737],[106.618565,29.554697],[106.618602,29.554541],[106.618576,29.554464],[106.617969,29.554476],[106.617489,29.554681],[106.616937,29.55459],[106.616585,29.554406],[106.616499,29.554301],[106.616443,29.554009],[106.6164,29.553935],[106.61625,29.553935],[106.616186,29.554065],[106.616282,29.554322],[106.616271,29.554429],[106.616025,29.554555],[106.615789,29.554569],[106.615767,29.554672],[106.615842,29.554765],[106.615783,29.554984],[106.616051,29.554858],[106.616151,29.554942],[106.616247,29.554973],[106.616341,29.554814],[106.617004,29.554781]]]}},{"id":"53","type":"Feature","properties":{"waterway":"unknown","natural":"water","base_elevation":349},"geometry":{"type":"Polygon","coordinates":[[[106.625905,29.556209],[106.62633,29.556565],[106.62674,29.556264],[106.626284,29.555862],[106.625269,29.55576],[106.624699,29.55584],[106.624689,29.555994],[106.625449,29.556061],[106.625905,29.556209]]]}},{"id":"54","type":"Feature","properties":{"waterway":"unknown","natural":"water","base_elevation":430},"geometry":{"type":"Polygon","coordinates":[[[106.619623,29.556766],[106.619798,29.556904],[106.620162,29.556851],[106.621065,29.556601],[106.620943,29.556301],[106.619623,29.556766]]]}},{"id":"55","type":"Feature","properties":{"waterway":"unknown","natural":"water","base_elevation":352},"geometry":{"type":"Polygon","coordinates":[[[106.633008,29.559924],[106.63322,29.559987],[106.63333,29.559884],[106.633076,29.559704],[106.633025,29.559723],[106.632941,29.55987],[106.633008,29.559924]]]}},{"id":"56","type":"Feature","properties":{"waterway":"unknown","natural":"water","base_elevation":285},"geometry":{"type":"Polygon","coordinates":[[[106.626375,29.562021],[106.62637,29.561963],[106.626284,29.56187],[106.625978,29.561729],[106.625895,29.561947],[106.625683,29.562189],[106.625686,29.562231],[106.625949,29.56252],[106.626078,29.562495],[106.626311,29.562371],[106.626365,29.562296],[106.62633,29.562091],[106.626375,29.562021]]]}},{"id":"57","type":"Feature","properties":{"waterway":"unknown","natural":"water","base_elevation":355},"geometry":{"type":"Polygon","coordinates":[[[106.632282,29.562506],[106.632158,29.562308],[106.631646,29.562224],[106.631595,29.56224],[106.631386,29.562446],[106.631238,29.562702],[106.631367,29.562805],[106.6313,29.562887],[106.631737,29.563183],[106.631868,29.563043],[106.631917,29.562826],[106.631986,29.562737],[106.632206,29.562604],[106.632282,29.562506]]]}},{"id":"58","type":"Feature","properties":{"waterway":"unknown","natural":"water","base_elevation":77},"geometry":{"type":"Polygon","coordinates":[[[106.582552,29.566985],[106.58259,29.567275],[106.582846,29.567661],[106.582929,29.567643],[106.58267,29.567262],[106.582598,29.566975],[106.582552,29.566985]]]}},{"id":"59","type":"Feature","properties":{"waterway":"unknown","natural":"water","base_elevation":292},"geometry":{"type":"Polygon","coordinates":[[[106.608625,29.568931],[106.608517,29.568878],[106.60848,29.568789],[106.608592,29.568754],[106.608657,29.56867],[106.608603,29.568595],[106.60849,29.568656],[106.608166,29.568707],[106.608091,29.568595],[106.607863,29.567947],[106.607729,29.567872],[106.607637,29.567926],[106.607624,29.568036],[106.60779,29.568511],[106.607704,29.56878],[106.607949,29.569162],[106.608061,29.569174],[106.608313,29.569291],[106.608458,29.569251],[106.608504,29.569209],[106.608528,29.569118],[106.608665,29.569034],[106.608625,29.568931]]]}},{"id":"60","type":"Feature","properties":{"waterway":"unknown","natural":"water","base_elevation":97},"geometry":{"type":"Polygon","coordinates":[[[106.628384,29.571388],[106.628296,29.571024],[106.628671,29.570928],[106.62865,29.570835],[106.628403,29.570753],[106.628097,29.570858],[106.627834,29.570842],[106.627631,29.570751],[106.627507,29.570622],[106.627437,29.570594],[106.626826,29.570835],[106.627024,29.570956],[106.627116,29.571108],[106.627218,29.571159],[106.627319,29.571285],[106.627365,29.571399],[106.627411,29.571418],[106.627429,29.571547],[106.627542,29.571586],[106.627659,29.571871],[106.627671,29.57212],[106.627609,29.572219],[106.628634,29.572102],[106.628563,29.571735],[106.628384,29.571388]]]}},{"id":"61","type":"Feature","properties":{"waterway":"unknown","natural":"water","base_elevation":76},"geometry":{"type":"Polygon","coordinates":[[[106.630307,29.575494],[106.63027,29.575522],[106.630358,29.575967],[106.63046,29.576004],[106.630729,29.576002],[106.630828,29.575792],[106.630793,29.575659],[106.630696,29.575575],[106.630307,29.575494]]]}},{"id":"62","type":"Feature","properties":{"waterway":"unknown","natural":"water","base_elevation":324},"geometry":{"type":"Polygon","coordinates":[[[106.616427,29.576921],[106.616553,29.57663],[106.616733,29.576553],[106.616803,29.576541],[106.61725,29.576739],[106.617379,29.576646],[106.617285,29.576532],[106.617307,29.576434],[106.617186,29.576345],[106.617009,29.576277],[106.616827,29.576242],[106.616676,29.576282],[106.616199,29.576212],[106.615966,29.576079],[106.615952,29.575958],[106.616051,29.575869],[106.616191,29.575825],[106.616467,29.575844],[106.617065,29.575661],[106.617406,29.575689],[106.617607,29.575631],[106.617725,29.575559],[106.617682,29.575484],[106.617749,29.575377],[106.617631,29.57533],[106.617489,29.575398],[106.617299,29.575438],[106.617065,29.575412],[106.616644,29.57544],[106.616553,29.575391],[106.616451,29.575389],[106.616381,29.575505],[106.616212,29.575573],[106.616009,29.575561],[106.615807,29.575508],[106.615679,29.575368],[106.615781,29.575197],[106.615778,29.574997],[106.615713,29.574859],[106.615636,29.574885],[106.615644,29.575013],[106.615582,29.575123],[106.615451,29.575113],[106.615295,29.575032],[106.615193,29.574907],[106.615005,29.574776],[106.614942,29.574814],[106.614985,29.57492],[106.615279,29.57519],[106.615435,29.575463],[106.61566,29.575724],[106.61566,29.575897],[106.615542,29.576184],[106.615456,29.576298],[106.615354,29.576345],[106.615365,29.576611],[106.615475,29.576735],[106.615569,29.576749],[106.616065,29.576641],[106.616191,29.576667],[106.616287,29.576879],[106.616379,29.576947],[106.616427,29.576921]]]}},{"id":"63","type":"Feature","properties":{"waterway":"unknown","natural":"water","base_elevation":184},"geometry":{"type":"Polygon","coordinates":[[[106.626524,29.579278],[106.626615,29.579338],[106.626792,29.57934],[106.626835,29.579279],[106.626796,29.579095],[106.626653,29.579026],[106.626511,29.579037],[106.62647,29.579102],[106.626524,29.579278]]]}},{"id":"64","type":"Feature","properties":{"waterway":"unknown","natural":"water","base_elevation":95},"geometry":{"type":"Polygon","coordinates":[[[106.608088,29.598625],[106.608303,29.598692],[106.608493,29.598809],[106.608665,29.599128],[106.608769,29.599203],[106.609424,29.598923],[106.609424,29.598802],[106.609335,29.598655],[106.609303,29.598319],[106.609064,29.598105],[106.608705,29.597976],[106.608037,29.597958],[106.607927,29.598098],[106.607916,29.598247],[106.608013,29.598342],[106.608,29.598454],[106.608088,29.598625]]]}},{"id":"65","type":"Feature","properties":{"waterway":"unknown","natural":"water","base_elevation":58},"geometry":{"type":"Polygon","coordinates":[[[106.634103,29.600705],[106.634209,29.600564],[106.63417,29.6004],[106.634008,29.600308],[106.633819,29.600342],[106.633713,29.600482],[106.633752,29.600647],[106.633914,29.600739],[106.634103,29.600705]]]}},{"id":"66","type":"Feature","properties":{"waterway":"unknown","natural":"water","base_elevation":59},"geometry":{"type":"Polygon","coordinates":[[[106.63413,29.60123],[106.634236,29.601089],[106.634196,29.600925],[106.634035,29.600833],[106.633846,29.600867],[106.63374,29.601008],[106.633779,29.601172],[106.63394,29.601264],[106.63413,29.60123]]]}},{"id":"67","type":"Feature","properties":{"waterway":"unknown","natural":"water","base_elevation":63},"geometry":{"type":"Polygon","coordinates":[[[106.63278,29.601986],[106.632886,29.601846],[106.632847,29.601682],[106.632685,29.601589],[106.632496,29.601624],[106.63239,29.601764],[106.632429,29.601929],[106.632591,29.602021],[106.63278,29.601986]]]}},{"id":"68","type":"Feature","properties":{"waterway":"unknown","natural":"water","base_elevation":62},"geometry":{"type":"Polygon","coordinates":[[[106.633393,29.602006],[106.633499,29.601865],[106.633459,29.601701],[106.633298,29.601609],[106.633109,29.601643],[106.633003,29.601783],[106.633042,29.601948],[106.633203,29.60204],[106.633393,29.602006]]]}},{"id":"69","type":"Feature","properties":{"waterway":"unknown","natural":"water","base_elevation":62},"geometry":{"type":"Polygon","coordinates":[[[106.632788,29.602486],[106.632894,29.602346],[106.632855,29.602181],[106.632693,29.602089],[106.632504,29.602123],[106.632398,29.602264],[106.632438,29.602428],[106.632599,29.60252],[106.632788,29.602486]]]}},{"id":"70","type":"Feature","properties":{"waterway":"unknown","natural":"water","base_elevation":63},"geometry":{"type":"Polygon","coordinates":[[[106.633402,29.602519],[106.633507,29.602379],[106.633468,29.602214],[106.633307,29.602122],[106.633117,29.602156],[106.633011,29.602297],[106.633051,29.602461],[106.633212,29.602553],[106.633402,29.602519]]]}},{"id":"71","type":"Feature","properties":{"waterway":"unknown","natural":"water","base_elevation":124},"geometry":{"type":"Polygon","coordinates":[[[106.644802,29.504354],[106.644579,29.504369],[106.644366,29.504293],[106.644155,29.504287],[106.643974,29.504387],[106.643729,29.5044],[106.643621,29.504502],[106.643423,29.504574],[106.643395,29.504604],[106.643421,29.504667],[106.643387,29.504697],[106.643568,29.504774],[106.643953,29.504548],[106.644183,29.50453],[106.644242,29.504563],[106.644319,29.504526],[106.644451,29.504526],[106.644706,29.504593],[106.644743,29.504565],[106.644777,29.50461],[106.644962,29.504673],[106.645066,29.504486],[106.644802,29.504354]]]}},{"id":"72","type":"Feature","properties":{"waterway":"unknown","natural":"water","base_elevation":120},"geometry":{"type":"Polygon","coordinates":[[[106.645788,29.507694],[106.645161,29.507573],[106.644894,29.507603],[106.644823,29.507584],[106.644757,29.507615],[106.644819,29.507715],[106.645067,29.507651],[106.645205,29.507649],[106.645652,29.507722],[106.645897,29.507883],[106.646059,29.508055],[106.646139,29.508344],[106.646123,29.508506],[106.646158,29.508639],[106.646155,29.509056],[106.646211,29.50976],[106.646217,29.510154],[106.646191,29.510227],[106.646288,29.510466],[106.646284,29.510578],[106.646356,29.510713],[106.646427,29.510676],[106.646345,29.5106],[106.646301,29.510408],[106.646233,29.510277],[106.6463,29.510055],[106.646294,29.509237],[106.646212,29.508474],[106.646226,29.508391],[106.646114,29.508075],[106.646108,29.507968],[106.645788,29.507694]]]}},{"id":"73","type":"Feature","properties":{"waterway":"unknown","natural":"water","base_elevation":74},"geometry":{"type":"Polygon","coordinates":[[[106.651186,29.530707],[106.651461,29.530431],[106.651676,29.530323],[106.652092,29.530187],[106.65215,29.530133],[106.652163,29.530027],[106.652118,29.529894],[106.651657,29.529378],[106.651592,29.529238],[106.651643,29.529167],[106.652139,29.529058],[106.652256,29.528986],[106.652379,29.528837],[106.652386,29.528543],[106.6523,29.528228],[106.652272,29.527886],[106.652576,29.527766],[106.652739,29.527748],[106.652774,29.527791],[106.652791,29.528071],[106.652843,29.528199],[106.652961,29.528275],[106.653183,29.528329],[106.653388,29.528308],[106.653947,29.528072],[106.654028,29.527939],[106.654079,29.527804],[106.6541,29.5276],[106.65418,29.527536],[106.654192,29.527429],[106.65466,29.527416],[106.65466,29.527453],[106.654858,29.527494],[106.655269,29.527648],[106.655428,29.527655],[106.655673,29.527735],[106.655886,29.527735],[106.655963,29.52749],[106.655935,29.527303],[106.655954,29.527237],[106.655861,29.527048],[106.655604,29.526718],[106.655619,29.526664],[106.656545,29.526369],[106.656559,29.52619],[106.656251,29.525806],[106.656088,29.525706],[106.656046,29.52563],[106.655783,29.525632],[106.655759,29.525693],[106.655888,29.525791],[106.655814,29.525878],[106.655826,29.525982],[106.655768,29.52616],[106.655214,29.526432],[106.655062,29.526459],[106.655008,29.526529],[106.655004,29.526644],[106.655065,29.526747],[106.655146,29.526785],[106.655377,29.527036],[106.655433,29.527194],[106.655418,29.527245],[106.655241,29.527295],[106.654905,29.527176],[106.654616,29.527141],[106.653932,29.527375],[106.65383,29.527439],[106.65382,29.527538],[106.653527,29.527704],[106.653358,29.527991],[106.653279,29.528046],[106.653041,29.528059],[106.652956,29.528005],[106.652775,29.527505],[106.652671,29.527533],[106.652179,29.527704],[106.651986,29.527876],[106.652138,29.52816],[106.652082,29.528194],[106.652048,29.528268],[106.652024,29.528427],[106.652058,29.528657],[106.651997,29.528733],[106.651632,29.528822],[106.651524,29.528786],[106.651372,29.528622],[106.651247,29.528545],[106.650973,29.528607],[106.650922,29.52866],[106.65092,29.528798],[106.650997,29.52912],[106.650947,29.529232],[106.651283,29.529585],[106.651551,29.529721],[106.651601,29.529942],[106.651578,29.529985],[106.651268,29.530067],[106.651137,29.530137],[106.65106,29.530305],[106.650726,29.530581],[106.650796,29.530724],[106.650767,29.530762],[106.650663,29.530828],[106.650564,29.530824],[106.650505,29.530874],[106.650593,29.530956],[106.650879,29.5309],[106.651186,29.530707]]]}},{"id":"74","type":"Feature","properties":{"waterway":"unknown","natural":"water","base_elevation":74},"geometry":{"type":"Polygon","coordinates":[[[106.664614,29.528225],[106.66443,29.528271],[106.664242,29.528242],[106.664135,29.528309],[106.664175,29.528685],[106.664457,29.529058],[106.664724,29.529134],[106.665133,29.528991],[106.664902,29.52847],[106.665063,29.528187],[106.665032,29.528001],[106.664982,29.528004],[106.664614,29.528225]]]}},{"id":"75","type":"Feature","properties":{"waterway":"unknown","natural":"water","base_elevation":111},"geometry":{"type":"Polygon","coordinates":[[[106.666455,29.542324],[106.665802,29.54244],[106.665748,29.542612],[106.665537,29.542537],[106.665178,29.542551],[106.664934,29.54281],[106.66476,29.542767],[106.664694,29.542828],[106.664686,29.54304],[106.664897,29.543101],[106.665128,29.543062],[106.665372,29.542904],[106.66557,29.542993],[106.665806,29.543022],[106.666153,29.543432],[106.666201,29.543711],[106.666279,29.543732],[106.666571,29.54358],[106.666839,29.543173],[106.666866,29.542918],[106.666721,29.542592],[106.666455,29.542324]]]}},{"id":"76","type":"Feature","properties":{"waterway":"unknown","natural":"water","base_elevation":54},"geometry":{"type":"Polygon","coordinates":[[[106.644985,29.5478],[106.645006,29.547611],[106.644748,29.547749],[106.644689,29.547831],[106.644985,29.5478]]]}},{"id":"77","type":"Feature","properties":{"waterway":"unknown","natural":"water","base_elevation":112},"geometry":{"type":"Polygon","coordinates":[[[106.648313,29.548939],[106.648227,29.549072],[106.64871,29.549602],[106.648954,29.549326],[106.648699,29.548951],[106.648391,29.548965],[106.648313,29.548939]]]}},{"id":"78","type":"Feature","properties":{"waterway":"unknown","natural":"water","base_elevation":172},"geometry":{"type":"Polygon","coordinates":[[[106.637622,29.553945],[106.637675,29.553681],[106.637472,29.553668],[106.637406,29.553687],[106.637224,29.553922],[106.637207,29.553998],[106.6374,29.554177],[106.637635,29.554273],[106.63773,29.554225],[106.637753,29.554161],[106.637637,29.554029],[106.637622,29.553945]]]}},{"id":"79","type":"Feature","properties":{"waterway":"unknown","natural":"water","base_elevation":258},"geometry":{"type":"Polygon","coordinates":[[[106.636323,29.556476],[106.636044,29.556644],[106.636258,29.556877],[106.636382,29.556872],[106.636552,29.556717],[106.636437,29.556537],[106.636323,29.556476]]]}},{"id":"80","type":"Feature","properties":{"waterway":"unknown","natural":"water","base_elevation":199},"geometry":{"type":"Polygon","coordinates":[[[106.641311,29.558671],[106.641279,29.5588],[106.641525,29.558883],[106.641664,29.558706],[106.641673,29.558614],[106.641417,29.558513],[106.641311,29.558671]]]}},{"id":"81","type":"Feature","properties":{"waterway":"unknown","natural":"water","base_elevation":203},"geometry":{"type":"Polygon","coordinates":[[[106.641156,29.558876],[106.640977,29.559023],[106.640689,29.558994],[106.640638,29.559047],[106.640645,29.559083],[106.640895,29.559265],[106.641318,29.559328],[106.641372,29.559267],[106.641424,29.559119],[106.641443,29.558955],[106.641156,29.558876]]]}},{"id":"82","type":"Feature","properties":{"waterway":"unknown","natural":"water","base_elevation":346},"geometry":{"type":"Polygon","coordinates":[[[106.636089,29.562436],[106.635796,29.562509],[106.63568,29.562616],[106.635663,29.562674],[106.635686,29.562717],[106.635746,29.562741],[106.636266,29.562733],[106.636292,29.562689],[106.636089,29.562436]]]}},{"id":"83","type":"Feature","properties":{"waterway":"unknown","natural":"water","base_elevation":53},"geometry":{"type":"Polygon","coordinates":[[[106.635959,29.600674],[106.636065,29.600533],[106.636026,29.600369],[106.635864,29.600277],[106.635675,29.600311],[106.635569,29.600451],[106.635608,29.600616],[106.63577,29.600708],[106.635959,29.600674]]]}},{"id":"84","type":"Feature","properties":{"waterway":"unknown","natural":"water","base_elevation":56},"geometry":{"type":"Polygon","coordinates":[[[106.634733,29.600682],[106.634839,29.600541],[106.6348,29.600377],[106.634639,29.600285],[106.634449,29.600319],[106.634343,29.600459],[106.634383,29.600624],[106.634544,29.600716],[106.634733,29.600682]]]}},{"id":"85","type":"Feature","properties":{"waterway":"unknown","natural":"water","base_elevation":55},"geometry":{"type":"Polygon","coordinates":[[[106.635355,29.600689],[106.635461,29.600549],[106.635422,29.600384],[106.63526,29.600292],[106.635071,29.600327],[106.634965,29.600467],[106.635004,29.600631],[106.635166,29.600724],[106.635355,29.600689]]]}},{"id":"86","type":"Feature","properties":{"waterway":"unknown","natural":"water","base_elevation":48},"geometry":{"type":"Polygon","coordinates":[[[106.637198,29.600802],[106.637304,29.600662],[106.637265,29.600497],[106.637103,29.600405],[106.636914,29.60044],[106.636808,29.60058],[106.636847,29.600745],[106.637009,29.600837],[106.637198,29.600802]]]}},{"id":"87","type":"Feature","properties":{"waterway":"unknown","natural":"water","base_elevation":50},"geometry":{"type":"Polygon","coordinates":[[[106.636456,29.600874],[106.636645,29.60084],[106.636751,29.600699],[106.636712,29.600535],[106.63655,29.600443],[106.636361,29.600477],[106.636255,29.600617],[106.636295,29.600782],[106.636456,29.600874]]]}},{"id":"88","type":"Feature","properties":{"waterway":"unknown","natural":"water","base_elevation":58},"geometry":{"type":"Polygon","coordinates":[[[106.634742,29.601238],[106.634848,29.601097],[106.634809,29.600933],[106.634647,29.600841],[106.634458,29.600875],[106.634352,29.601015],[106.634392,29.60118],[106.634553,29.601272],[106.634742,29.601238]]]}},{"id":"89","type":"Feature","properties":{"waterway":"unknown","natural":"water","base_elevation":58},"geometry":{"type":"Polygon","coordinates":[[[106.635355,29.601238],[106.635461,29.601097],[106.635422,29.600933],[106.63526,29.600841],[106.635071,29.600875],[106.634965,29.601015],[106.635004,29.60118],[106.635166,29.601272],[106.635355,29.601238]]]}},{"id":"90","type":"Feature","properties":{"waterway":"unknown","natural":"water","base_elevation":58},"geometry":{"type":"Polygon","coordinates":[[[106.635977,29.601238],[106.636083,29.601097],[106.636043,29.600933],[106.635882,29.600841],[106.635693,29.600875],[106.635587,29.601015],[106.635626,29.60118],[106.635788,29.601272],[106.635977,29.601238]]]}},{"id":"91","type":"Feature","properties":{"waterway":"unknown","natural":"water","base_elevation":55},"geometry":{"type":"Polygon","coordinates":[[[106.636662,29.601306],[106.636768,29.601166],[106.636728,29.601001],[106.636567,29.600909],[106.636377,29.600943],[106.636271,29.601084],[106.636311,29.601248],[106.636472,29.60134],[106.636662,29.601306]]]}},{"id":"92","type":"Feature","properties":{"waterway":"unknown","natural":"water","base_elevation":54},"geometry":{"type":"Polygon","coordinates":[[[106.637236,29.601325],[106.637342,29.601184],[106.637302,29.60102],[106.637141,29.600928],[106.636951,29.600962],[106.636845,29.601102],[106.636885,29.601267],[106.637046,29.601359],[106.637236,29.601325]]]}},{"id":"93","type":"Feature","properties":{"waterway":"river","natural":null,"base_elevation":10},"geometry":{"type":"LineString","coordinates":[[106.131728,29.075075],[106.13471,29.079126],[106.13632,29.081958],[106.138251,29.085764],[106.139388,29.090077],[106.139946,29.097015],[106.139967,29.100408],[106.139345,29.103314],[106.13647,29.111338],[106.132393,29.117487],[106.127329,29.123598],[106.123381,29.127497],[106.11969,29.131321],[106.117265,29.13447],[106.114626,29.139811],[106.114283,29.144759],[106.114368,29.149125],[106.114712,29.152236],[106.115377,29.155085],[106.115763,29.156321],[106.116664,29.157446],[106.117973,29.15842],[106.12102,29.160444],[106.126224,29.16347],[106.13162,29.166665],[106.138551,29.170993],[106.144752,29.175059],[106.148422,29.177644],[106.149859,29.178862],[106.151276,29.180436],[106.152241,29.181953],[106.153185,29.184107],[106.154194,29.188041],[106.154194,29.192837],[106.152821,29.199018],[106.151319,29.204038],[106.148572,29.209414],[106.147499,29.212373],[106.14752,29.214564],[106.148143,29.217092],[106.150331,29.2211],[106.152005,29.222935],[106.155996,29.225107],[106.164322,29.228197],[106.17166,29.229751],[106.176381,29.229742],[106.180801,29.229096],[106.183548,29.228478],[106.186337,29.22728],[106.188869,29.225519],[106.195221,29.220126],[106.199663,29.216961],[106.203954,29.214882],[106.20698,29.214957],[106.21037,29.216118],[106.214143,29.218256],[106.217451,29.2211],[106.221785,29.226606],[106.229768,29.238927],[106.23157,29.240874],[106.233265,29.24196],[106.235261,29.242784],[106.240196,29.244057],[106.249552,29.243383],[106.256372,29.243573],[106.258907,29.244618],[106.260452,29.246097],[106.261386,29.247698],[106.261686,29.248775],[106.261783,29.250235],[106.26116,29.251957],[106.255624,29.258528],[106.252577,29.261598],[106.246591,29.267944],[106.241655,29.274496],[106.240368,29.277958],[106.239853,29.280223],[106.239531,29.283105],[106.240303,29.286661],[106.241805,29.290067],[106.24393,29.292537],[106.247706,29.295045],[106.251354,29.296392],[106.255453,29.296944],[106.257024,29.29695],[106.257888,29.296954],[106.260109,29.296654],[106.264036,29.295625],[106.267276,29.294184],[106.274668,29.288617],[106.280948,29.284455],[106.281794,29.283809],[106.282144,29.283457],[106.282999,29.28212],[106.283717,29.280891],[106.285799,29.276365],[106.288422,29.270788],[106.290051,29.266217],[106.290635,29.264937],[106.291538,29.26195],[106.291935,29.261283],[106.292522,29.260625],[106.293097,29.260231],[106.293794,29.259931],[106.295168,29.259385],[106.296562,29.259034],[106.300644,29.258544],[106.305185,29.258355],[106.307742,29.258737],[106.314358,29.26045],[106.320973,29.262542],[106.328862,29.265279],[106.331874,29.2666],[106.333777,29.267709],[106.335168,29.268674],[106.33708,29.270167],[106.340837,29.273745],[106.343107,29.275627],[106.344253,29.276453],[106.345414,29.277203],[106.350215,29.279359],[106.352791,29.280624],[106.353785,29.281066],[106.355256,29.281502],[106.356881,29.281721],[106.358405,29.281911],[106.360709,29.282004],[106.372569,29.283086],[106.373899,29.283442],[106.379371,29.286137],[106.382954,29.288532],[106.38555,29.290816],[106.387031,29.292781],[106.387804,29.294409],[106.388125,29.295831],[106.388211,29.296785],[106.388168,29.298095],[106.384259,29.309007],[106.382182,29.315282],[106.381999,29.31588],[106.38201,29.316348],[106.38231,29.317845],[106.382482,29.31864],[106.384317,29.323551],[106.385003,29.325403],[106.387939,29.332869],[106.390105,29.340803],[106.390502,29.341402],[106.390926,29.341794],[106.393136,29.342772],[106.394216,29.34313],[106.403146,29.344306],[106.408463,29.345375],[106.415158,29.348218],[106.420609,29.351276],[106.431448,29.356249],[106.433423,29.357155],[106.434474,29.357837],[106.434882,29.358183],[106.436824,29.360428],[106.438504,29.36303],[106.439034,29.363869],[106.442018,29.369438],[106.443503,29.371461],[106.444354,29.37312],[106.445512,29.377776],[106.446013,29.37909],[106.446792,29.380229],[106.447595,29.381204],[106.44876,29.382105],[106.45211,29.384405],[106.454089,29.385999],[106.455926,29.386904],[106.457437,29.387617],[106.458678,29.388118],[106.462178,29.390206],[106.46597,29.3922],[106.473994,29.396315],[106.485965,29.400721],[106.494637,29.401472],[106.495596,29.401544],[106.497313,29.401497],[106.500887,29.400848],[106.502817,29.400497],[106.50449,29.400086],[106.505595,29.399628],[106.507051,29.398958],[106.50965,29.397556],[106.514065,29.395273],[106.519341,29.392196],[106.520545,29.391722],[106.521824,29.391403],[106.523074,29.391253],[106.524824,29.391187],[106.526024,29.391237],[106.527185,29.391498],[106.528139,29.391942],[106.528868,29.392395],[106.529644,29.393205],[106.530056,29.394134],[106.530222,29.395023],[106.530335,29.396643],[106.530286,29.397364],[106.530129,29.398001],[106.529877,29.398608],[106.529514,29.399307],[106.526878,29.403019],[106.522403,29.41001],[106.514273,29.420497],[106.509557,29.428354],[106.507518,29.431815],[106.5019,29.437919],[106.498893,29.443129],[106.497601,29.445148],[106.496184,29.446722],[106.493546,29.449755],[106.493108,29.450536],[106.492856,29.451969],[106.493052,29.454008],[106.493445,29.456943],[106.494344,29.461145],[106.494922,29.468596],[106.495386,29.475752],[106.4968,29.480273],[106.499088,29.482699],[106.501033,29.484085],[106.50299,29.484848],[106.505379,29.485244],[106.507414,29.484987],[106.510284,29.484588],[106.514289,29.483483],[106.518739,29.482453],[106.526288,29.479146],[106.53052,29.477197],[106.53672,29.475339],[106.540732,29.476217],[106.54247,29.47717],[106.544809,29.479468],[106.54669,29.483129],[106.547599,29.48425],[106.548328,29.486902],[106.546726,29.491048],[106.546018,29.497729],[106.545296,29.499826],[106.543272,29.501289],[106.541204,29.502267],[106.537449,29.504034],[106.53481,29.505006],[106.532589,29.506017],[106.531706,29.506518],[106.531237,29.50692],[106.530672,29.507788],[106.530154,29.508722],[106.529775,29.509435],[106.528866,29.511395],[106.528662,29.512096],[106.528544,29.512824],[106.528491,29.513664],[106.528459,29.514598],[106.528416,29.515616],[106.52833,29.517446],[106.528126,29.519752],[106.528112,29.520505],[106.528076,29.522129],[106.528473,29.524852],[106.528802,29.527127],[106.529231,29.530786],[106.52966,29.534595],[106.530068,29.536312],[106.531234,29.538641],[106.531992,29.539801],[106.532742,29.540697],[106.533485,29.541342],[106.534497,29.541957],[106.535543,29.542497],[106.536647,29.542915],[106.538069,29.543257],[106.539114,29.543421],[106.540451,29.543565],[106.541306,29.543512],[106.543191,29.543288],[106.549981,29.54327],[106.557348,29.544993],[106.561224,29.545572],[106.563799,29.545908],[106.567812,29.546599],[106.574957,29.548484],[106.578283,29.549287],[106.580386,29.550444],[106.5828,29.551825],[106.584313,29.553151],[106.585386,29.554644],[106.586823,29.557192],[106.588454,29.561531],[106.588969,29.563808],[106.589205,29.565693],[106.589227,29.56728],[106.589001,29.568316],[106.588379,29.569603],[106.58648,29.572841],[106.584796,29.57467]]}},{"id":"94","type":"Feature","properties":{"waterway":"river","natural":null,"base_elevation":0},"geometry":{"type":"LineString","coordinates":[[106.584796,29.57467],[106.581352,29.577861],[106.579957,29.579755],[106.578981,29.581071],[106.578219,29.582564],[106.577597,29.584654],[106.577318,29.589281],[106.577532,29.592957],[106.5776,29.593778],[106.577897,29.597398],[106.57824,29.602379],[106.579893,29.605719],[106.581934,29.608358],[106.582317,29.608853],[106.586716,29.612603],[106.588647,29.613983],[106.592038,29.616726],[106.594999,29.618348],[106.597037,29.619374],[106.597593,29.6196],[106.599054,29.620195],[106.602209,29.62068],[106.608861,29.621258],[106.614096,29.620531],[106.618259,29.619263],[106.620019,29.61833],[106.621606,29.616987],[106.622765,29.614375],[106.623602,29.610905],[106.624739,29.60598],[106.627443,29.599152],[106.629953,29.594095],[106.631155,29.592379],[106.632185,29.591763],[106.633751,29.59139],[106.636477,29.590774],[106.638687,29.590588],[106.640264,29.590868],[106.646261,29.592939],[106.649652,29.593778],[106.650553,29.593899],[106.651475,29.594021],[106.652366,29.594095],[106.652849,29.594095],[106.653385,29.594021],[106.653804,29.593909],[106.654286,29.593685],[106.654898,29.593153],[106.655467,29.5925],[106.655863,29.591968],[106.656379,29.591399],[106.657323,29.59027],[106.658041,29.589487],[106.658578,29.588787],[106.659136,29.58791],[106.659651,29.587042],[106.660552,29.585083],[106.661764,29.582284],[106.663374,29.578804],[106.66435,29.57677],[106.665193,29.574853],[106.665831,29.573513],[106.666496,29.571852],[106.666968,29.570975],[106.667539,29.569913],[106.668298,29.56909],[106.669135,29.568288],[106.669972,29.567653],[106.670959,29.567],[106.671753,29.566627],[106.673083,29.566179],[106.674542,29.565712],[106.676281,29.565227],[106.677203,29.564993],[106.678641,29.564779],[106.679574,29.564751],[106.680615,29.564779],[106.682246,29.564965],[106.683876,29.565133],[106.68496,29.565273],[106.686172,29.565507],[106.68672,29.565693],[106.687546,29.566067],[106.688576,29.566627],[106.689885,29.567653],[106.691065,29.568773],[106.694541,29.5723],[106.697996,29.575062],[106.702545,29.578291],[106.706579,29.579821],[106.712287,29.581761],[106.71632,29.582639],[106.722286,29.584057],[106.725891,29.585307],[106.728959,29.587005],[106.732045,29.589135],[106.732775,29.590103],[106.737213,29.595994],[106.738744,29.598032],[106.741147,29.601782],[106.744773,29.607454],[106.746941,29.610644],[106.748443,29.612062],[106.750417,29.612995],[106.752734,29.613312],[106.755352,29.613274],[106.758657,29.61264],[106.762948,29.612081],[106.771939,29.611521],[106.779728,29.610066],[106.785951,29.609096],[106.787839,29.608499],[106.789191,29.607771],[106.789792,29.606782],[106.790328,29.605103],[106.791133,29.59946],[106.791744,29.597715],[106.792699,29.595905],[106.793493,29.595],[106.794437,29.594179],[106.796325,29.593293],[106.798482,29.592444],[106.799995,29.592118],[106.801883,29.592062],[106.808417,29.592398],[106.814339,29.593256],[106.816742,29.593554],[106.818759,29.593386],[106.825862,29.591614],[106.827235,29.591054],[106.82848,29.590028],[106.834939,29.582676],[106.836054,29.581855],[106.841676,29.578682],[106.843328,29.578291],[106.844938,29.578524],[106.8463,29.578766],[106.847448,29.579084],[106.848169,29.579765],[106.856156,29.596449],[106.860928,29.606766],[106.873069,29.62622],[106.879997,29.63933],[106.882421,29.643904],[106.891182,29.659493]]}},{"id":"95","type":"Feature","properties":{"waterway":"river","natural":null,"base_elevation":8},"geometry":{"type":"LineString","coordinates":[[106.458178,29.614469],[106.44908,29.597007],[106.446505,29.592976],[106.446805,29.590327],[106.448088,29.588676],[106.450067,29.587446],[106.451623,29.586698],[106.4532,29.585961],[106.456032,29.58471],[106.459208,29.582527],[106.461439,29.580139],[106.464529,29.577004],[106.471891,29.56842],[106.472629,29.567476],[106.477671,29.563518],[106.478455,29.561379],[106.480603,29.557617],[106.483045,29.556357],[106.484294,29.556264],[106.486285,29.556422],[106.488905,29.556847],[106.492148,29.558244],[106.495817,29.559799],[106.499051,29.560004],[106.51022,29.558638],[106.52213,29.555042],[106.527974,29.555812],[106.532507,29.557892],[106.533991,29.559115],[106.535426,29.560729],[106.538344,29.566851],[106.54006,29.568643],[106.542464,29.570434],[106.547099,29.570733],[106.554823,29.570733],[106.558235,29.569632],[106.565,29.566614],[106.56831,29.565981],[106.571916,29.565998],[106.577468,29.567998],[106.580311,29.569547],[106.582071,29.57105],[106.583004,29.572403],[106.584796,29.57467]]}},{"id":"96","type":"Feature","properties":{"waterway":"stream","natural":null,"base_elevation":123},"geometry":{"type":"LineString","coordinates":[[106.502149,29.60383],[106.502183,29.603391]]}},{"id":"97","type":"Feature","properties":{"waterway":"stream","natural":null,"base_elevation":121},"geometry":{"type":"LineString","coordinates":[[106.502235,29.607132],[106.501977,29.606889],[106.501881,29.606759],[106.50187,29.606637],[106.501999,29.606339],[106.50202,29.60618],[106.501967,29.605947],[106.501967,29.605751],[106.502074,29.60563],[106.502192,29.605565],[106.502471,29.605518],[106.502621,29.605453],[106.502696,29.60535],[106.50265,29.60515],[106.502311,29.604894],[106.502229,29.604669],[106.502149,29.60383]]}},{"id":"98","type":"Feature","properties":{"waterway":"stream","natural":null,"base_elevation":112},"geometry":{"type":"LineString","coordinates":[[106.502183,29.603391],[106.502171,29.603251],[106.502085,29.603111],[106.501859,29.603046],[106.50142,29.603065],[106.501269,29.60299],[106.501227,29.601582],[106.501345,29.601414],[106.501806,29.601292],[106.501902,29.60118],[106.502557,29.600966],[106.502729,29.600807],[106.502954,29.600798],[106.503029,29.60091],[106.503179,29.600854],[106.50321,29.600617],[106.503132,29.600449],[106.502969,29.60032],[106.502665,29.60013],[106.502458,29.599935],[106.502355,29.599777],[106.502234,29.599214],[106.502218,29.598982],[106.50225,29.598818],[106.502339,29.598678],[106.502488,29.598577],[106.502684,29.598557],[106.502917,29.598595],[106.50312,29.598678],[106.503269,29.598808],[106.503381,29.598924],[106.503489,29.598954],[106.503605,29.598946],[106.50372,29.598897],[106.504134,29.59846],[106.50437,29.598152],[106.505681,29.595691],[106.5057,29.595466],[106.505669,29.595258],[106.505589,29.59515],[106.505251,29.594995],[106.504383,29.594856],[106.504155,29.594787],[106.504093,29.594696],[106.504093,29.594562],[106.50418,29.594417],[106.504827,29.593983],[106.505112,29.593732],[106.50529,29.593506],[106.505368,29.593305],[106.505363,29.593086],[106.50529,29.592934],[106.505116,29.592786],[106.504852,29.59263],[106.504175,29.59233],[106.504035,29.59222],[106.503979,29.592082],[106.504003,29.591896],[106.504261,29.591548],[106.504621,29.591118]]}},{"id":"99","type":"Feature","properties":{"waterway":"stream","natural":null,"base_elevation":118},"geometry":{"type":"LineString","coordinates":[[106.503903,29.514207],[106.505161,29.513378]]}},{"id":"100","type":"Feature","properties":{"waterway":"stream","natural":null,"base_elevation":117},"geometry":{"type":"LineString","coordinates":[[106.488288,29.513202],[106.488509,29.513309],[106.488953,29.513704],[106.48926,29.513989],[106.489585,29.514119],[106.490565,29.514308],[106.490689,29.514367],[106.490795,29.514447],[106.490899,29.514575],[106.490983,29.514724],[106.491218,29.515463],[106.491293,29.51555],[106.4914,29.515622],[106.491525,29.515674],[106.491649,29.515699],[106.491767,29.515703],[106.492692,29.515634],[106.492923,29.515614],[106.493168,29.515564],[106.493999,29.515234],[106.494119,29.515211],[106.494252,29.515212],[106.494372,29.515237],[106.494797,29.51546],[106.495632,29.51581],[106.495748,29.515838],[106.495866,29.515856],[106.49599,29.515852],[106.496354,29.515702],[106.496417,29.515663],[106.496996,29.515225],[106.497113,29.515193],[106.49728,29.515187],[106.497418,29.515203],[106.49779,29.51526],[106.498377,29.515358],[106.498794,29.51544],[106.498905,29.515651],[106.498977,29.515963],[106.499367,29.5163],[106.499614,29.516365],[106.499936,29.516235],[106.500322,29.516291],[106.500687,29.516692],[106.500891,29.516767],[106.501375,29.516752],[106.50173,29.516494],[106.501864,29.516049],[106.502004,29.515729],[106.502157,29.515544],[106.502323,29.515455],[106.50251,29.515428],[106.502897,29.515436],[106.503134,29.515375],[106.503316,29.515152],[106.503365,29.514945],[106.503456,29.514677],[106.503646,29.514386],[106.503903,29.514207]]}},{"id":"101","type":"Feature","properties":{"waterway":"river","natural":null,"base_elevation":111},"geometry":{"type":"LineString","coordinates":[[106.505161,29.513378],[106.50528,29.513266],[106.505483,29.512715],[106.505987,29.511847],[106.505987,29.511679],[106.505891,29.511539],[106.505697,29.511473],[106.505504,29.51151],[106.504205,29.512073],[106.504066,29.51208],[106.503888,29.51205],[106.503689,29.511952],[106.503483,29.511779],[106.503062,29.511407],[106.502912,29.511235],[106.502804,29.511059],[106.502093,29.509372],[106.502103,29.509139],[106.502232,29.508896],[106.5025,29.508719],[106.502854,29.508635],[106.50338,29.508355],[106.503884,29.508205],[106.504356,29.508149],[106.505494,29.508168],[106.505837,29.508252],[106.505933,29.508261],[106.506277,29.508102],[106.506491,29.507841],[106.506502,29.507608]]}},{"id":"102","type":"Feature","properties":{"waterway":"river","natural":null,"base_elevation":36},"geometry":{"type":"LineString","coordinates":[[106.558339,29.663406],[106.55853,29.663285],[106.558586,29.663228],[106.55881,29.663094],[106.558993,29.663017],[106.559319,29.663045],[106.559595,29.663094],[106.559819,29.663118],[106.560104,29.663204],[106.560468,29.66341],[106.560762,29.663703],[106.560945,29.66406],[106.561038,29.664214],[106.561594,29.664551],[106.561668,29.664668],[106.561739,29.6652],[106.561776,29.665277],[106.561891,29.665355],[106.56235,29.665326],[106.562546,29.665365],[106.56268,29.665468],[106.562859,29.665514],[106.563001,29.665482],[106.56322,29.665362],[106.563761,29.664761],[106.564363,29.664344],[106.564533,29.664327],[106.564751,29.664346],[106.564976,29.664391],[106.565945,29.664704],[106.56599,29.664733],[106.565995,29.664778],[106.565892,29.664938],[106.565851,29.665061],[106.565916,29.665164],[106.566062,29.66522],[106.566599,29.665189],[106.566936,29.665005],[106.567323,29.664606],[106.567636,29.664313],[106.567892,29.664132],[106.568506,29.663465],[106.56868,29.663058],[106.568717,29.662709],[106.568705,29.662423],[106.568587,29.662154],[106.568554,29.662016],[106.568583,29.661875],[106.568729,29.661811],[106.568859,29.661818],[106.569014,29.661893],[106.569306,29.661829],[106.569408,29.661723],[106.569469,29.661493],[106.569441,29.661282],[106.56932,29.661],[106.569156,29.660621],[106.569103,29.660547],[106.568997,29.660543],[106.568819,29.660624],[106.568595,29.660607],[106.568428,29.660444],[106.568351,29.660268],[106.568351,29.660003],[106.568502,29.659667],[106.569014,29.659084],[106.569579,29.658597],[106.569742,29.658388],[106.569945,29.657961],[106.570512,29.657489],[106.570722,29.657418],[106.570963,29.657426],[106.571247,29.65754],[106.571692,29.657839],[106.571856,29.65789],[106.572034,29.657911],[106.572164,29.657876],[106.572238,29.657773],[106.572189,29.65759],[106.571953,29.657017],[106.571831,29.656717],[106.57114,29.656092],[106.571087,29.655986],[106.571055,29.655848],[106.571083,29.655756],[106.571181,29.655738],[106.571409,29.655814],[106.57184,29.655827],[106.572076,29.655782],[106.572265,29.655694],[106.572416,29.655563],[106.572573,29.655036],[106.572628,29.654724],[106.57262,29.65453],[106.572474,29.653869],[106.572518,29.653647],[106.572847,29.653237],[106.572937,29.652954],[106.572921,29.652898],[106.572693,29.652693],[106.57238,29.652223],[106.572327,29.652039],[106.572372,29.651732],[106.572486,29.651516],[106.57262,29.651463],[106.572913,29.65146],[106.573108,29.651528],[106.574031,29.651324],[106.574342,29.651212],[106.574568,29.651025],[106.574889,29.65041],[106.575082,29.650242],[106.575361,29.650149],[106.575533,29.650056],[106.575705,29.649739],[106.576059,29.649543],[106.576724,29.649515],[106.576971,29.649636],[106.577239,29.650009],[106.577443,29.650102],[106.578505,29.650121],[106.578848,29.650242],[106.579031,29.650429],[106.579149,29.650699],[106.579245,29.651184],[106.579417,29.651454],[106.579696,29.65151],[106.580007,29.651408],[106.580898,29.650699],[106.581262,29.650377],[106.581643,29.649934],[106.582303,29.649151],[106.58255,29.649012],[106.583005,29.649033],[106.583375,29.649178],[106.583596,29.649111],[106.58393,29.648961],[106.584228,29.648909],[106.584729,29.649017],[106.585027,29.649007],[106.585408,29.648831],[106.585939,29.648681],[106.586344,29.648458],[106.586541,29.648111],[106.586511,29.647582],[106.586654,29.64708],[106.586773,29.646836],[106.587483,29.645987],[106.587709,29.645878],[106.588192,29.645982],[106.588568,29.645919],[106.589,29.645625],[106.589184,29.645601],[106.590444,29.646006],[106.591662,29.646068],[106.592752,29.645982],[106.593743,29.645687],[106.594196,29.645477],[106.594465,29.645219],[106.594663,29.645158],[106.594918,29.645219],[106.595187,29.645194],[106.595767,29.644789],[106.595923,29.644739],[106.596277,29.644752],[106.596546,29.644789],[106.596772,29.644752],[106.597211,29.644542],[106.59771,29.644228],[106.597892,29.643986],[106.598321,29.643407],[106.598321,29.643249],[106.598021,29.642848],[106.597935,29.642512],[106.598139,29.641384],[106.598096,29.641123],[106.597924,29.640908],[106.597592,29.64075],[106.597356,29.640554],[106.596905,29.640013],[106.596755,29.639491],[106.596819,29.639249],[106.597012,29.639099],[106.597645,29.638717],[106.597699,29.638559],[106.597656,29.638288],[106.59742,29.637934],[106.596808,29.637551],[106.596669,29.637384],[106.596712,29.63716],[106.597227,29.636824],[106.597677,29.636852],[106.599416,29.636899],[106.599834,29.636731],[106.600005,29.636499],[106.599799,29.634813],[106.599515,29.634019],[106.599444,29.633578],[106.599251,29.632422],[106.599149,29.63168],[106.598906,29.631186],[106.598621,29.630877],[106.59855,29.630577],[106.598763,29.630127],[106.598844,29.629924],[106.598784,29.629395],[106.598489,29.628944],[106.598134,29.628424],[106.597677,29.628053],[106.597515,29.627665],[106.597575,29.627259],[106.597707,29.626994],[106.597758,29.626747],[106.597646,29.626438],[106.597149,29.626067],[106.596814,29.625741],[106.59658,29.625194],[106.596631,29.624902],[106.596946,29.624434],[106.596966,29.624284],[106.596895,29.62394],[106.596418,29.623631],[106.596042,29.623375],[106.59589,29.623102],[106.595788,29.622784],[106.595667,29.622493],[106.595332,29.622237],[106.595047,29.621875],[106.594986,29.621548],[106.595169,29.621266],[106.595494,29.621239],[106.59588,29.621186],[106.596225,29.621107],[106.596348,29.620771],[106.597037,29.619374]]}},{"id":"103","type":"Feature","properties":{"waterway":"river","natural":null,"base_elevation":109},"geometry":{"type":"LineString","coordinates":[[106.503603,29.58282],[106.503495,29.582466],[106.503316,29.582127],[106.503165,29.581972],[106.502908,29.581766],[106.502531,29.581692],[106.501738,29.582019],[106.501356,29.582026],[106.500948,29.581692],[106.500649,29.581439],[106.500334,29.581501],[106.499482,29.581941],[106.49844,29.582228],[106.497639,29.582773],[106.497226,29.582773],[106.497067,29.582703],[106.496253,29.581968],[106.495601,29.581252],[106.495424,29.581108],[106.494182,29.580486],[106.493663,29.579917],[106.493444,29.579687],[106.493334,29.579517],[106.493288,29.579276],[106.493298,29.57915],[106.493365,29.579032],[106.494543,29.578818],[106.494808,29.578573],[106.494827,29.57792],[106.494578,29.57755],[106.493563,29.576959],[106.493182,29.57694],[106.491992,29.577698],[106.491117,29.578126],[106.490203,29.578904],[106.489402,29.578966],[106.488741,29.578635],[106.487994,29.578507],[106.487687,29.578538],[106.487559,29.578725],[106.487462,29.579044],[106.487193,29.579246],[106.486715,29.57916],[106.485171,29.578406],[106.484899,29.578336],[106.483985,29.578775],[106.483623,29.578904],[106.482885,29.578826],[106.482507,29.578511],[106.481698,29.577714],[106.481149,29.576821]]}},{"id":"104","type":"Feature","properties":{"waterway":"river","natural":null,"base_elevation":117},"geometry":{"type":"LineString","coordinates":[[106.504509,29.588193],[106.504439,29.587389],[106.504195,29.586495],[106.503926,29.585192],[106.504005,29.584725]]}},{"id":"105","type":"Feature","properties":{"waterway":"river","natural":null,"base_elevation":114},"geometry":{"type":"LineString","coordinates":[[106.504621,29.591118],[106.504668,29.590841],[106.504842,29.589891],[106.50439,29.58918],[106.504509,29.588193]]}},{"id":"106","type":"Feature","properties":{"waterway":"river","natural":null,"base_elevation":52},"geometry":{"type":"LineString","coordinates":[[106.625382,29.477815],[106.626428,29.477199],[106.627303,29.476677],[106.627566,29.476625],[106.627902,29.47656],[106.628449,29.476009],[106.6286,29.475145],[106.628682,29.475014],[106.628868,29.475012],[106.629106,29.475078],[106.629616,29.475456],[106.6309,29.475868],[106.631157,29.476162],[106.631307,29.476823],[106.631321,29.476888],[106.631492,29.477321],[106.634127,29.480674],[106.635808,29.48182],[106.636312,29.482064],[106.63649,29.482211],[106.636597,29.482407],[106.636596,29.482672],[106.636423,29.483682],[106.636426,29.483897],[106.636494,29.484088],[106.637089,29.485126],[106.637166,29.485988],[106.637453,29.486343],[106.638526,29.486642],[106.639384,29.48795],[106.640079,29.489619],[106.640736,29.490452],[106.641394,29.491777],[106.641787,29.492358],[106.642444,29.492984],[106.643083,29.493775],[106.643301,29.493831],[106.643544,29.493813],[106.64384,29.493611],[106.644117,29.493037],[106.644555,29.491947],[106.64579,29.491624],[106.645848,29.491609],[106.647774,29.491106],[106.648332,29.489986],[106.651429,29.488707],[106.65169,29.488698],[106.651918,29.488785],[106.652666,29.489395],[106.653643,29.491092],[106.654383,29.491274],[106.655276,29.492262],[106.655483,29.492698],[106.655479,29.493273],[106.655708,29.493586],[106.656684,29.493917],[106.657697,29.493989],[106.658628,29.494762],[106.659125,29.495596],[106.659502,29.496729],[106.659655,29.496871],[106.659902,29.496851],[106.662066,29.496211],[106.662184,29.496255],[106.662218,29.49637],[106.661528,29.499539],[106.661491,29.499907],[106.661231,29.500546],[106.661294,29.500751],[106.661486,29.500831],[106.661756,29.500789],[106.662097,29.50094],[106.662114,29.501237],[106.661969,29.501775],[106.662048,29.501965],[106.662246,29.50207],[106.66238,29.502013],[106.662857,29.501537],[106.663021,29.501496],[106.663161,29.501552],[106.66375,29.502149],[106.663933,29.50264],[106.663776,29.502834],[106.663529,29.503005],[106.663302,29.503016],[106.662947,29.502918],[106.662789,29.50299],[106.662773,29.503129],[106.662865,29.503395],[106.663119,29.503705],[106.663356,29.505346],[106.663172,29.505921],[106.662354,29.50635],[106.662225,29.506505],[106.662173,29.506836],[106.662328,29.507239],[106.663202,29.508545],[106.663353,29.509712],[106.663699,29.511192],[106.663996,29.511365],[106.664348,29.511332],[106.665257,29.510795],[106.665446,29.510781],[106.66555,29.51084],[106.665608,29.51099],[106.665522,29.511607],[106.665477,29.512168],[106.66562,29.512463],[106.665939,29.512701],[106.666475,29.512903],[106.667023,29.513023],[106.667519,29.513593],[106.667714,29.513682],[106.667849,29.513744],[106.668197,29.513712],[106.668359,29.513756],[106.668484,29.513956],[106.668598,29.514066],[106.66865,29.514118],[106.668707,29.514209],[106.668825,29.514335],[106.668894,29.514388],[106.669027,29.514394],[106.669082,29.514462],[106.669032,29.514617],[106.668924,29.514788],[106.668738,29.51485],[106.668659,29.514926],[106.668657,29.51502],[106.668764,29.515094],[106.668917,29.515087],[106.669075,29.515064],[106.669204,29.515097],[106.669324,29.515202],[106.669421,29.515258],[106.669554,29.515361],[106.66973,29.515494],[106.669926,29.515551],[106.670114,29.515731],[106.67002,29.517575],[106.669882,29.517922],[106.669003,29.518999],[106.668797,29.519409],[106.668685,29.519983],[106.668779,29.520313],[106.66898,29.520544],[106.669368,29.520668],[106.669842,29.520674],[106.67038,29.520531],[106.670938,29.519991],[106.671419,29.519228],[106.671584,29.519099],[106.671753,29.519056],[106.671886,29.519108],[106.671938,29.519219],[106.671854,29.520166],[106.671814,29.520383],[106.671367,29.521554],[106.671354,29.52173],[106.671443,29.521864],[106.671577,29.521931],[106.671765,29.521925],[106.672415,29.521661],[106.672673,29.521636],[106.672914,29.521696],[106.674827,29.522826],[106.674962,29.522933],[106.675029,29.523066],[106.675041,29.52322],[106.675005,29.523362],[106.674916,29.523474],[106.674795,29.523572],[106.673782,29.523966],[106.67322,29.524082],[106.6731,29.524176],[106.673067,29.524304],[106.673182,29.52473],[106.673584,29.525769],[106.674189,29.526392],[106.674965,29.526801],[106.675906,29.526861],[106.676484,29.526765],[106.677175,29.52681],[106.677726,29.527113],[106.678144,29.527506],[106.679167,29.52858],[106.680519,29.528702],[106.681442,29.529103],[106.681823,29.5291],[106.682768,29.528741],[106.684926,29.527886],[106.686216,29.527572],[106.686956,29.527936],[106.687149,29.52914],[106.686763,29.529747],[106.683845,29.530737],[106.68363,29.531689],[106.684306,29.533285],[106.685079,29.533724],[106.685121,29.534107],[106.682901,29.534788],[106.682772,29.535087],[106.683437,29.535535],[106.685003,29.536002],[106.686291,29.53616],[106.686506,29.536515],[106.68451,29.537943],[106.682525,29.53981],[106.681731,29.540435],[106.681667,29.541014],[106.682948,29.542498],[106.683287,29.54289],[106.683813,29.542956],[106.685454,29.542022],[106.687042,29.542601],[106.687235,29.54325],[106.687149,29.543959],[106.686162,29.54493],[106.682686,29.544482],[106.680282,29.544818],[106.680154,29.545228],[106.683673,29.54689],[106.683801,29.54773],[106.683415,29.54829],[106.682235,29.548887],[106.681977,29.550212],[106.682777,29.551569],[106.683013,29.551681],[106.683362,29.551741],[106.683796,29.551713],[106.68408,29.55155],[106.684284,29.551321],[106.684515,29.550915],[106.684703,29.550659],[106.684933,29.550542],[106.685234,29.550519],[106.685588,29.550547],[106.686221,29.550556],[106.686773,29.550565],[106.687133,29.550621],[106.68761,29.550729],[106.688157,29.550859],[106.68842,29.550999],[106.688683,29.551265],[106.68893,29.551737],[106.689193,29.552306],[106.689431,29.552761],[106.689557,29.553052],[106.68974,29.553463],[106.689944,29.553883],[106.690062,29.554088],[106.69026,29.55449]]}},{"id":"107","type":"Feature","properties":{"waterway":"river","natural":null,"base_elevation":55},"geometry":{"type":"LineString","coordinates":[[106.661334,29.523979],[106.661586,29.52377],[106.661833,29.523648],[106.6622,29.523646],[106.66253,29.523527],[106.664246,29.523874],[106.664989,29.524402],[106.665503,29.524514],[106.665926,29.524486],[106.666084,29.524131],[106.666399,29.523858],[106.666749,29.523788],[106.667281,29.52403],[106.66778,29.523907],[106.668746,29.523093],[106.668977,29.5227],[106.669327,29.5224],[106.669987,29.522077],[106.670751,29.521919],[106.670798,29.521817],[106.670818,29.521418],[106.670849,29.52111],[106.67094,29.520804],[106.671099,29.520495],[106.671292,29.520289],[106.671549,29.520183],[106.671854,29.520166]]}},{"id":"108","type":"Feature","properties":{"waterway":"river","natural":null,"base_elevation":11},"geometry":{"type":"LineString","coordinates":[[106.572216,29.594521],[106.572281,29.594501],[106.572608,29.594422],[106.573611,29.594245],[106.5776,29.593778]]}},{"id":"109","type":"Feature","properties":{"waterway":"stream","natural":null,"base_elevation":10},"geometry":{"type":"LineString","coordinates":[[106.645128,29.547888],[106.644838,29.548243],[106.644855,29.548375],[106.644833,29.548895],[106.644827,29.549302],[106.644879,29.549469],[106.645298,29.549721],[106.645719,29.54978],[106.645917,29.54999],[106.646164,29.550369],[106.646541,29.550736],[106.646772,29.550844],[106.646952,29.551054],[106.647191,29.551116],[106.647344,29.551261],[106.647926,29.551888],[106.648213,29.552644],[106.648404,29.552909],[106.648971,29.553397],[106.651192,29.554872],[106.651408,29.555468],[106.651669,29.555681],[106.652495,29.556504],[106.652526,29.556694],[106.653133,29.557207],[106.653356,29.557568],[106.653944,29.558089],[106.654788,29.558438],[106.655107,29.558476],[106.655861,29.558405],[106.656213,29.558179],[106.656477,29.558208],[106.656597,29.558299],[106.656871,29.558726],[106.657261,29.558866],[106.657512,29.558836],[106.657632,29.558898],[106.657449,29.559384],[106.657504,29.559491],[106.657858,29.559565],[106.657909,29.559697],[106.658148,29.559877],[106.658354,29.559912],[106.65857,29.56006],[106.658741,29.560237],[106.658966,29.560509],[106.659174,29.561221],[106.659442,29.561362],[106.659656,29.56137],[106.659878,29.561232],[106.659946,29.561246],[106.660055,29.561422],[106.660201,29.561538],[106.660877,29.562112],[106.662194,29.563246],[106.662325,29.563344],[106.662464,29.563463],[106.662585,29.563552],[106.662792,29.56364],[106.662963,29.563678],[106.66306,29.563678],[106.663162,29.563657],[106.663347,29.563547],[106.66347,29.563447],[106.663725,29.563267],[106.663878,29.563199],[106.664007,29.563176],[106.664167,29.563164],[106.664388,29.563216],[106.664559,29.563309],[106.664699,29.563477],[106.664726,29.56378],[106.66464,29.564177],[106.664538,29.564643],[106.664318,29.565479],[106.664326,29.565913],[106.664377,29.566106],[106.664447,29.566239],[106.664583,29.56633],[106.664747,29.566395],[106.665064,29.566498],[106.665326,29.566587],[106.665549,29.566708],[106.665702,29.56682],[106.66586,29.566932],[106.665919,29.567014],[106.66593,29.567119],[106.665906,29.567287],[106.665927,29.5674],[106.666008,29.567648],[106.666174,29.567961],[106.666394,29.568348],[106.666904,29.56909],[106.667539,29.569913]]}},{"id":"110","type":"Feature","properties":{"waterway":"stream","natural":null,"base_elevation":274},"geometry":{"type":"LineString","coordinates":[[106.59421,29.515756],[106.594087,29.515218],[106.593733,29.514902],[106.593389,29.514435],[106.59325,29.514131],[106.593196,29.513585],[106.593194,29.513483]]}},{"id":"111","type":"Feature","properties":{"waterway":"river","natural":null,"base_elevation":80},"geometry":{"type":"LineString","coordinates":[[106.547491,29.59973],[106.547652,29.599748],[106.548277,29.599759],[106.548931,29.599824],[106.549412,29.600103],[106.54997,29.600345],[106.550519,29.600514],[106.550838,29.600392],[106.551291,29.599889],[106.551718,29.599217],[106.552222,29.598853],[106.552783,29.598714],[106.553553,29.59861],[106.553838,29.598475],[106.554006,29.598224],[106.554089,29.597953],[106.554084,29.597607],[106.554049,29.597251],[106.554089,29.597118],[106.554224,29.597027],[106.554444,29.596946]]}},{"id":"112","type":"Feature","properties":{"waterway":"river","natural":null,"base_elevation":24},"geometry":{"type":"LineString","coordinates":[[106.570744,29.59493],[106.572216,29.594521]]}},{"id":"113","type":"Feature","properties":{"waterway":"river","natural":null,"base_elevation":37},"geometry":{"type":"LineString","coordinates":[[106.556441,29.596139],[106.556589,29.596129],[106.557384,29.596278],[106.55783,29.596378],[106.558254,29.596577],[106.558531,29.596894],[106.558746,29.597444],[106.559091,29.597986],[106.559261,29.598116],[106.559679,29.598163],[106.560044,29.5982],[106.560422,29.598108],[106.560688,29.598135],[106.561063,29.598051],[106.561441,29.598052],[106.56173,29.598117],[106.562082,29.598097],[106.562468,29.598055],[106.562603,29.597985],[106.562661,29.597725],[106.563206,29.597391],[106.563457,29.597089],[106.563831,29.596605],[106.563847,29.596315],[106.563767,29.596069],[106.563864,29.595803],[106.564105,29.595719],[106.564335,29.595756],[106.565537,29.595233],[106.566245,29.595532],[106.566629,29.595929],[106.566951,29.596028],[106.567366,29.596],[106.568632,29.595717],[106.568944,29.595666],[106.570301,29.595028],[106.570744,29.59493]]}},{"id":"114","type":"Feature","properties":{"waterway":"river","natural":null,"base_elevation":77},"geometry":{"type":"LineString","coordinates":[[106.554444,29.596946],[106.554973,29.596724],[106.556224,29.596166],[106.556441,29.596139]]}},{"id":"115","type":"Feature","properties":{"waterway":"stream","natural":null,"base_elevation":41},"geometry":{"type":"LineString","coordinates":[[106.635629,29.621263],[106.635999,29.620801],[106.637147,29.620396],[106.637496,29.619999],[106.637785,29.619738],[106.637898,29.619267],[106.638268,29.618148],[106.638821,29.617822],[106.639679,29.617742],[106.640409,29.617999],[106.64072,29.617957],[106.641396,29.617849],[106.641803,29.617877],[106.642093,29.618036],[106.642023,29.618386],[106.642179,29.6186],[106.642506,29.618544],[106.642758,29.618428],[106.643171,29.618353],[106.643611,29.618283],[106.644464,29.617812],[106.644577,29.617626],[106.645001,29.617467],[106.645591,29.617434],[106.645896,29.617378],[106.646267,29.617047],[106.646197,29.616837],[106.645703,29.616488],[106.645237,29.616339],[106.645194,29.616161],[106.645296,29.615942],[106.645698,29.615485],[106.645955,29.615],[106.645757,29.614515],[106.645618,29.614095],[106.645746,29.613554],[106.64602,29.613291],[106.646073,29.613083],[106.646036,29.612939],[106.645545,29.612598],[106.645389,29.612486],[106.645349,29.612363],[106.645381,29.612267],[106.645618,29.611969],[106.645703,29.611717],[106.645478,29.611306],[106.645027,29.610523],[106.644909,29.610229],[106.644899,29.609996],[106.645001,29.60987],[106.645244,29.609777],[106.645526,29.609651]]}},{"id":"116","type":"Feature","properties":{"waterway":"stream","natural":null,"base_elevation":77},"geometry":{"type":"LineString","coordinates":[[106.635661,29.622326],[106.635629,29.621263]]}},{"id":"117","type":"Feature","properties":{"waterway":"stream","natural":null,"base_elevation":72},"geometry":{"type":"LineString","coordinates":[[106.660179,29.68949],[106.660101,29.689418],[106.659458,29.68905],[106.659189,29.68877],[106.659211,29.688528],[106.659608,29.688071],[106.660126,29.687814],[106.660927,29.687466],[106.66111,29.687251],[106.661078,29.686944],[106.660871,29.686679],[106.660771,29.686593],[106.660663,29.686557],[106.660138,29.686497],[106.660025,29.686464],[106.659949,29.686415],[106.659887,29.68635],[106.659498,29.685383],[106.659488,29.685302],[106.65951,29.68524],[106.659564,29.685184],[106.659917,29.685045],[106.659978,29.684994],[106.660019,29.684914],[106.660015,29.684812],[106.659961,29.684721],[106.659549,29.684252],[106.659528,29.684123],[106.65956,29.68405],[106.659634,29.683995],[106.660169,29.683868],[106.660306,29.683798],[106.660382,29.68371],[106.660424,29.683641],[106.66042,29.68353],[106.660368,29.683435],[106.659991,29.683047],[106.659876,29.682882],[106.659434,29.682185],[106.659113,29.681659],[106.658224,29.680281],[106.656761,29.6781],[106.656139,29.67707],[106.656135,29.676983],[106.656155,29.676909],[106.656211,29.676842],[106.656287,29.676799],[106.656396,29.676769],[106.656879,29.676783],[106.656969,29.676772],[106.657038,29.676747],[106.657096,29.676694],[106.657228,29.676396],[106.657287,29.676293],[106.657364,29.676234],[106.657469,29.676209],[106.65758,29.67622],[106.658021,29.676316],[106.658131,29.676313],[106.658232,29.676279],[106.658326,29.676232],[106.6584,29.676146],[106.658437,29.676045],[106.658435,29.675954],[106.658401,29.675848],[106.658318,29.675747],[106.657488,29.675199],[106.657432,29.675124],[106.657409,29.675031],[106.657414,29.674954],[106.657455,29.674858],[106.657516,29.674789],[106.657602,29.674743],[106.657706,29.674737],[106.657807,29.674755],[106.658329,29.674941],[106.659108,29.675058],[106.659255,29.67507],[106.659396,29.675053],[106.65951,29.675001],[106.659604,29.674923],[106.659693,29.674819],[106.659759,29.674702],[106.65979,29.67457],[106.659796,29.674422],[106.659768,29.67429],[106.659485,29.673641],[106.659408,29.673556],[106.659223,29.673397],[106.659114,29.673331],[106.658929,29.673267],[106.658684,29.673244],[106.658453,29.673147],[106.658207,29.673],[106.657976,29.672824],[106.657657,29.672317],[106.656484,29.671236],[106.656388,29.671092],[106.656307,29.670942],[106.656255,29.670796],[106.656191,29.670567],[106.656132,29.670296],[106.656102,29.670242],[106.65603,29.670199],[106.65595,29.670171],[106.65542,29.670118],[106.655332,29.670092],[106.655273,29.670031],[106.655239,29.669954],[106.655184,29.669397],[106.655155,29.669324],[106.654866,29.668847],[106.654846,29.66878],[106.654836,29.6687],[106.654867,29.668472],[106.654877,29.668384],[106.654873,29.668289],[106.654533,29.667182],[106.654104,29.666585],[106.652505,29.665047],[106.652291,29.6646],[106.652323,29.664208],[106.652103,29.663868],[106.652076,29.663742],[106.652145,29.663607],[106.652118,29.663476],[106.652035,29.663372],[106.651482,29.663212],[106.651354,29.663097],[106.65118,29.662698],[106.650622,29.662162],[106.650349,29.661476],[106.649544,29.6606],[106.649238,29.659276],[106.649029,29.659132],[106.648729,29.659057],[106.648611,29.658899],[106.648589,29.658265],[106.648412,29.657771],[106.647946,29.657141],[106.647924,29.656745],[106.646647,29.655486],[106.646122,29.655188],[106.645821,29.65482],[106.645709,29.654437],[106.645805,29.654181],[106.646025,29.654022],[106.646114,29.653922],[106.645918,29.653678],[106.645398,29.65337],[106.645253,29.653104],[106.644979,29.652997],[106.644786,29.652936],[106.644684,29.652703],[106.644845,29.652218],[106.644716,29.651831],[106.644443,29.651645],[106.644067,29.651566],[106.643182,29.650223],[106.643257,29.649421],[106.642699,29.648936],[106.642399,29.648209],[106.641691,29.647985],[106.64153,29.647715],[106.641642,29.647006],[106.641707,29.646782],[106.641594,29.646605],[106.641181,29.646559],[106.641042,29.646293],[106.641165,29.645654],[106.641224,29.64537],[106.641117,29.645123],[106.640671,29.644619],[106.64058,29.644316],[106.640682,29.644092],[106.640789,29.643924],[106.640768,29.643715],[106.640344,29.642433],[106.638762,29.638577],[106.638343,29.638246],[106.637946,29.638073],[106.637799,29.637933],[106.637818,29.637791],[106.638343,29.637327],[106.63822,29.636833],[106.637673,29.63666],[106.637549,29.636329],[106.637539,29.635891],[106.637088,29.634618],[106.636943,29.6339],[106.636922,29.633126],[106.636782,29.631923],[106.636793,29.631725],[106.636745,29.631482],[106.636769,29.631235],[106.636694,29.631109],[106.636527,29.630785],[106.636455,29.630526],[106.636326,29.629801],[106.636184,29.62927],[106.636106,29.629053],[106.636069,29.628677],[106.635983,29.628272],[106.636026,29.627936],[106.635996,29.627412],[106.635932,29.627239],[106.635916,29.626992],[106.63605,29.626628],[106.636122,29.626311],[106.636055,29.626017],[106.635908,29.625877],[106.635841,29.625775],[106.635793,29.6256],[106.635742,29.624844],[106.635581,29.623786],[106.635506,29.622947],[106.635661,29.622326]]}},{"id":"118","type":"Feature","properties":{"waterway":"river","natural":null,"base_elevation":63},"geometry":{"type":"LineString","coordinates":[[106.561738,29.542334],[106.561774,29.542428]]}},{"id":"119","type":"Feature","properties":{"waterway":"stream","natural":null,"base_elevation":46},"geometry":{"type":"LineString","coordinates":[[106.560916,29.538661],[106.561086,29.539184],[106.561705,29.539506],[106.562088,29.53957],[106.562458,29.539736],[106.562743,29.539997],[106.563095,29.540129],[106.563211,29.540335],[106.56332,29.540515],[106.563641,29.541296],[106.563745,29.54156],[106.563787,29.541798],[106.563948,29.542294]]}},{"id":"120","type":"Feature","properties":{"waterway":"stream","natural":null,"base_elevation":16},"geometry":{"type":"LineString","coordinates":[[106.563907,29.543549],[106.563799,29.545908]]}},{"id":"121","type":"Feature","properties":{"waterway":"stream","natural":null,"base_elevation":27},"geometry":{"type":"LineString","coordinates":[[106.563948,29.542294],[106.563907,29.543549]]}},{"id":"122","type":"Feature","properties":{"waterway":"river","natural":null,"base_elevation":110},"geometry":{"type":"LineString","coordinates":[[106.503914,29.58384],[106.503603,29.58282]]}},{"id":"123","type":"Feature","properties":{"waterway":"river","natural":null,"base_elevation":114},"geometry":{"type":"LineString","coordinates":[[106.504005,29.584725],[106.504051,29.58429],[106.503914,29.58384]]}},{"id":"124","type":"Feature","properties":{"waterway":"stream","natural":null,"base_elevation":272},"geometry":{"type":"LineString","coordinates":[[106.593184,29.513074],[106.59318,29.512908],[106.593121,29.512572],[106.593186,29.512044],[106.593402,29.511799]]}},{"id":"125","type":"Feature","properties":{"waterway":"stream","natural":null,"base_elevation":273},"geometry":{"type":"LineString","coordinates":[[106.593194,29.513483],[106.593184,29.513074]]}},{"id":"126","type":"Feature","properties":{"waterway":"river","natural":null,"base_elevation":61},"geometry":{"type":"LineString","coordinates":[[106.655932,29.519942],[106.656403,29.519317],[106.65717,29.518949],[106.658366,29.518944],[106.658832,29.519078],[106.65916,29.519445],[106.659803,29.52009],[106.660037,29.520431],[106.660103,29.520585],[106.660215,29.520685],[106.660394,29.52074],[106.660542,29.52082],[106.660598,29.520962],[106.660665,29.521095],[106.660724,29.521258],[106.660781,29.521412],[106.660829,29.52221],[106.660951,29.522638],[106.661135,29.522925]]}},{"id":"127","type":"Feature","properties":{"waterway":"river","natural":null,"base_elevation":57},"geometry":{"type":"LineString","coordinates":[[106.661135,29.522925],[106.661283,29.523042],[106.66153,29.523178],[106.661682,29.523328],[106.66176,29.523439],[106.661833,29.523648]]}},{"id":"128","type":"Feature","properties":{"waterway":"river","natural":null,"base_elevation":70},"geometry":{"type":"LineString","coordinates":[[106.623787,29.496512],[106.624117,29.496702],[106.624267,29.496779],[106.624323,29.496853],[106.624398,29.496907],[106.624527,29.49694],[106.624661,29.496972],[106.62479,29.496963],[106.624981,29.496914],[106.625141,29.496886],[106.625512,29.496846],[106.625832,29.496814],[106.626065,29.496861],[106.626251,29.497008],[106.626396,29.497161],[106.626644,29.497671],[106.626799,29.497962],[106.627168,29.498359],[106.627438,29.498454],[106.627714,29.498648],[106.627809,29.498818],[106.627826,29.499004],[106.627931,29.499189],[106.62811,29.499521],[106.628122,29.49965],[106.628084,29.499851],[106.628182,29.500255],[106.628341,29.500479],[106.628516,29.50072],[106.628597,29.500952],[106.628624,29.501135],[106.62856,29.501314],[106.628392,29.501632],[106.628368,29.501805],[106.628424,29.501903],[106.628464,29.502013],[106.62852,29.502078],[106.628593,29.502188],[106.628684,29.502272],[106.628756,29.502351],[106.628907,29.502543],[106.629103,29.502799],[106.629219,29.502894],[106.629326,29.503011],[106.629458,29.503191],[106.629927,29.503705],[106.630244,29.504038],[106.630346,29.504229],[106.630535,29.504379],[106.630609,29.504655],[106.63068,29.504908],[106.630764,29.505007],[106.630909,29.505149],[106.630992,29.50525],[106.631043,29.505376],[106.631417,29.505997],[106.631714,29.506259],[106.632217,29.506901],[106.63245,29.507216],[106.632906,29.507701],[106.63295,29.507866],[106.633213,29.508322],[106.633481,29.508596],[106.633664,29.508637],[106.634162,29.5087],[106.634927,29.508814],[106.63538,29.508949],[106.635671,29.509226],[106.636089,29.509626],[106.636488,29.510079],[106.636894,29.510273],[106.637279,29.510185],[106.637658,29.509914],[106.638198,29.509632],[106.638779,29.509273],[106.639807,29.509091],[106.640155,29.508843],[106.6403,29.508493],[106.640612,29.508373],[106.641169,29.508484],[106.641845,29.508764],[106.642215,29.508867],[106.642612,29.508708],[106.642762,29.508512],[106.642961,29.508241],[106.643249,29.508076],[106.643561,29.508033],[106.643888,29.508035],[106.644318,29.507895],[106.644877,29.507655],[106.645212,29.50761],[106.645514,29.507659],[106.645791,29.507733],[106.646022,29.507958],[106.646133,29.508168],[106.646207,29.508562],[106.646245,29.509195],[106.646241,29.510149],[106.64622,29.510213],[106.646224,29.510278],[106.646258,29.510329],[106.646293,29.510434],[106.646316,29.51059],[106.646383,29.510699],[106.646643,29.510873],[106.646836,29.510943],[106.647028,29.510958],[106.647322,29.510887],[106.647694,29.510761],[106.647927,29.510821],[106.648007,29.51101],[106.648058,29.511225],[106.648136,29.511465],[106.648211,29.511825],[106.648453,29.512259],[106.648557,29.512681],[106.648718,29.513106],[106.648833,29.513403],[106.649032,29.513697],[106.649308,29.514229],[106.649194,29.514617],[106.649299,29.515114],[106.649448,29.515437],[106.649694,29.51583],[106.649907,29.516026],[106.650081,29.516139],[106.65017,29.516161],[106.650284,29.516242],[106.650373,29.516336],[106.650561,29.516376],[106.650744,29.516526],[106.650869,29.516864],[106.650855,29.517058],[106.65074,29.517277],[106.650804,29.517477],[106.650966,29.517607],[106.651013,29.517707],[106.651055,29.517836],[106.651106,29.518036],[106.651213,29.518122],[106.651336,29.518107],[106.651477,29.518173],[106.651566,29.518107],[106.65169,29.51807],[106.651877,29.51807],[106.652026,29.518144],[106.652332,29.518188],[106.652548,29.518227],[106.652719,29.518338],[106.652748,29.518675],[106.652893,29.51896],[106.652987,29.519101],[106.653221,29.519431],[106.65337,29.519716],[106.653506,29.519976],[106.65366,29.520053],[106.653787,29.520038],[106.653894,29.519842],[106.653949,29.519564],[106.654149,29.519298],[106.654409,29.519201],[106.654784,29.519209],[106.654984,29.519233],[106.655067,29.519327],[106.655079,29.51944],[106.655083,29.519705],[106.655208,29.519876],[106.655425,29.520009],[106.655714,29.520053],[106.655932,29.519942]]}},{"id":"129","type":"Feature","properties":{"waterway":"river","natural":null,"base_elevation":74},"geometry":{"type":"LineString","coordinates":[[106.647739,29.528917],[106.648372,29.52931],[106.648714,29.529712],[106.648854,29.53002],[106.648893,29.530109],[106.6488,29.530513],[106.648903,29.530715],[106.648986,29.530897],[106.64887,29.531029],[106.648687,29.531167],[106.648593,29.531341],[106.648617,29.531497],[106.648738,29.531603],[106.648927,29.531691],[106.649228,29.531791],[106.649438,29.531873],[106.649525,29.531967],[106.649647,29.532161],[106.64988,29.532252],[106.650255,29.532252],[106.650566,29.532152],[106.650654,29.532026],[106.650668,29.531873],[106.650576,29.531673],[106.650343,29.531429],[106.650208,29.531176],[106.650189,29.531034],[106.650546,29.530903],[106.650796,29.53087],[106.650883,29.530775],[106.651252,29.530363],[106.651667,29.53014],[106.651843,29.530055],[106.651875,29.529885],[106.651322,29.529359],[106.651219,29.529088],[106.651403,29.528925],[106.651888,29.528947],[106.652169,29.528803],[106.652167,29.528373],[106.652216,29.528219],[106.652171,29.52804],[106.652194,29.52783],[106.652407,29.527724],[106.652613,29.527651],[106.652721,29.527637],[106.652795,29.527695],[106.652837,29.52779],[106.652875,29.527888],[106.652913,29.528067],[106.653048,29.528174],[106.65334,29.52816],[106.653663,29.528005],[106.653754,29.52778],[106.653947,29.527567],[106.654155,29.527366],[106.654512,29.527258],[106.655185,29.527398],[106.655623,29.527472],[106.655751,29.52732],[106.655572,29.526957],[106.655444,29.526646],[106.655463,29.526419],[106.656041,29.526269],[106.656062,29.526144],[106.655919,29.525648],[106.655927,29.525598],[106.655957,29.525557]]}},{"id":"130","type":"Feature","properties":{"waterway":"river","natural":null,"base_elevation":62},"geometry":{"type":"LineString","coordinates":[[106.655957,29.525557],[106.656304,29.525401],[106.657768,29.52502],[106.660956,29.524159],[106.661334,29.523979]]}},{"id":"131","type":"Feature","properties":{"waterway":"river","natural":null,"base_elevation":92},"geometry":{"type":"LineString","coordinates":[[106.641449,29.52992],[106.641589,29.529724],[106.64142,29.529594],[106.641077,29.529421],[106.640659,29.529094],[106.640559,29.528963],[106.640578,29.528818],[106.64071,29.528665],[106.640934,29.528639],[106.641115,29.528753],[106.64134,29.528889],[106.64164,29.529206],[106.641737,29.529211],[106.642034,29.529191],[106.642364,29.529058],[106.642539,29.528862],[106.642788,29.5285],[106.643238,29.528098],[106.643641,29.528015],[106.644043,29.527674],[106.644339,29.527382],[106.644693,29.526995],[106.644907,29.526762],[106.64504,29.526758],[106.645155,29.52682],[106.645347,29.526914],[106.645526,29.526934],[106.645726,29.526882],[106.645955,29.526879],[106.646212,29.52694],[106.64631,29.527034],[106.646462,29.52714],[106.646517,29.527293],[106.646584,29.527531],[106.646547,29.527596],[106.646429,29.527593],[106.646317,29.527493],[106.646168,29.527461],[106.645983,29.52747],[106.645895,29.527584],[106.645868,29.527743],[106.645939,29.527911],[106.646172,29.528056],[106.646368,29.528114],[106.646591,29.528198],[106.646824,29.528217],[106.646996,29.528329]]}},{"id":"132","type":"Feature","properties":{"waterway":"river","natural":null,"base_elevation":92},"geometry":{"type":"LineString","coordinates":[[106.646996,29.528329],[106.647739,29.528917]]}},{"id":"133","type":"Feature","properties":{"waterway":"stream","natural":null,"base_elevation":122},"geometry":{"type":"LineString","coordinates":[[106.506617,29.643592],[106.506319,29.643659],[106.506027,29.643724],[106.505692,29.643714],[106.505506,29.643714],[106.5053,29.643649],[106.505182,29.643528],[106.505016,29.643448],[106.504762,29.643388],[106.504593,29.643251],[106.504518,29.643139],[106.504415,29.64305],[106.504155,29.643032],[106.503923,29.643047],[106.503785,29.643075]]}},{"id":"134","type":"Feature","properties":{"waterway":"stream","natural":null,"base_elevation":123},"geometry":{"type":"LineString","coordinates":[[106.503785,29.643075],[106.503506,29.643131],[106.503261,29.643144],[106.501319,29.64292],[106.500719,29.642781],[106.499414,29.642161],[106.499084,29.642099],[106.497686,29.64212]]}},{"id":"135","type":"Feature","properties":{"waterway":"stream","natural":null,"base_elevation":127},"geometry":{"type":"LineString","coordinates":[[106.507108,29.643546],[106.506617,29.643592]]}},{"id":"136","type":"Feature","properties":{"waterway":"stream","natural":null,"base_elevation":52},"geometry":{"type":"LineString","coordinates":[[106.665751,29.51556],[106.665752,29.516184],[106.665546,29.516503],[106.665493,29.516731],[106.665487,29.517021],[106.665596,29.517221],[106.667454,29.518177],[106.667574,29.518223],[106.667698,29.518214],[106.667805,29.518192],[106.66791,29.518127],[106.668204,29.517734],[106.668384,29.517179],[106.668479,29.516983],[106.668544,29.516949],[106.668635,29.516944],[106.668714,29.516975],[106.668883,29.517291],[106.668961,29.51739],[106.669063,29.517446],[106.669175,29.517469],[106.669323,29.517433],[106.669398,29.517375],[106.669458,29.517281],[106.669463,29.517163],[106.669511,29.516089],[106.66955,29.515798],[106.66973,29.515494]]}},{"id":"137","type":"Feature","properties":{"waterway":"stream","natural":null,"base_elevation":10},"geometry":{"type":"LineString","coordinates":[[106.579454,29.611257],[106.579266,29.61085],[106.579192,29.610687],[106.579149,29.610511],[106.579142,29.610342],[106.579226,29.610124],[106.579331,29.609979],[106.579469,29.609833],[106.581934,29.608358]]}},{"id":"138","type":"Feature","properties":{"waterway":"stream","natural":null,"base_elevation":273},"geometry":{"type":"LineString","coordinates":[[106.59334,29.511504],[106.592821,29.510877]]}},{"id":"139","type":"Feature","properties":{"waterway":"stream","natural":null,"base_elevation":272},"geometry":{"type":"LineString","coordinates":[[106.593402,29.511799],[106.59334,29.511504]]}},{"id":"140","type":"Feature","properties":{"waterway":"stream","natural":null,"base_elevation":54},"geometry":{"type":"LineString","coordinates":[[106.634171,29.581561],[106.634158,29.581649]]}},{"id":"141","type":"Feature","properties":{"waterway":"stream","natural":null,"base_elevation":39},"geometry":{"type":"LineString","coordinates":[[106.634158,29.581649],[106.634052,29.582137],[106.633928,29.582767],[106.633655,29.583133],[106.633507,29.58338],[106.633523,29.583532],[106.633599,29.583718],[106.633572,29.583879],[106.633352,29.58429],[106.633411,29.584542],[106.63355,29.58477],[106.633872,29.58492],[106.634105,29.585179],[106.634178,29.585461],[106.634229,29.585867]]}},{"id":"142","type":"Feature","properties":{"waterway":"stream","natural":null,"base_elevation":17},"geometry":{"type":"LineString","coordinates":[[106.634229,29.585867],[106.635003,29.587954]]}},{"id":"143","type":"Feature","properties":{"waterway":"stream","natural":null,"base_elevation":69},"geometry":{"type":"LineString","coordinates":[[106.631013,29.576247],[106.631614,29.57663],[106.631895,29.576853],[106.632062,29.577315],[106.632343,29.577836]]}},{"id":"144","type":"Feature","properties":{"waterway":"stream","natural":null,"base_elevation":54},"geometry":{"type":"LineString","coordinates":[[106.632343,29.577836],[106.632405,29.578008],[106.632518,29.578178],[106.632563,29.578435],[106.632687,29.578584],[106.632687,29.578664],[106.632705,29.578811],[106.632831,29.578969],[106.632952,29.579009],[106.633033,29.579084],[106.633043,29.57921],[106.632799,29.579483],[106.632523,29.579772],[106.632493,29.579937],[106.632627,29.580152],[106.632974,29.580234],[106.633352,29.58039],[106.633623,29.580381],[106.634062,29.580313],[106.634304,29.580331],[106.634433,29.580413],[106.634502,29.580572],[106.634486,29.580714],[106.634237,29.581143],[106.634171,29.581561]]}},{"id":"145","type":"Feature","properties":{"waterway":"stream","natural":null,"base_elevation":74},"geometry":{"type":"LineString","coordinates":[[106.628303,29.57214],[106.628311,29.572171],[106.628374,29.572547],[106.628443,29.572699],[106.628604,29.57279],[106.628776,29.572795],[106.628934,29.572715],[106.629052,29.572697],[106.629216,29.572767],[106.629312,29.572855],[106.62935,29.573037],[106.62942,29.573322],[106.629538,29.57345],[106.629672,29.573506],[106.630066,29.573644],[106.630157,29.573751],[106.630224,29.573886],[106.630401,29.574479],[106.630568,29.574649],[106.630621,29.57474],[106.630605,29.574845],[106.630297,29.575398],[106.630307,29.575494],[106.63046,29.576004],[106.630578,29.576158],[106.631013,29.576247]]}},{"id":"146","type":"Feature","properties":{"waterway":"stream","natural":null,"base_elevation":114},"geometry":{"type":"LineString","coordinates":[[106.619756,29.573576],[106.619978,29.573513],[106.620045,29.573483],[106.620198,29.573478],[106.620281,29.57349],[106.620356,29.573487],[106.620469,29.57342],[106.620531,29.573352],[106.620697,29.573205],[106.620845,29.573114],[106.621083,29.572932],[106.62115,29.572697],[106.621177,29.572629],[106.621252,29.572582],[106.621555,29.572498],[106.621655,29.572449],[106.62173,29.57237],[106.621789,29.572253],[106.621864,29.572228],[106.62228,29.572244],[106.622433,29.572221],[106.622845,29.572118],[106.622985,29.572069],[106.623183,29.57206],[106.623414,29.572008],[106.62361,29.571983],[106.623875,29.571966],[106.623977,29.571976],[106.624066,29.571938],[106.624246,29.571927],[106.624326,29.571962],[106.624398,29.571992],[106.624484,29.571994],[106.624586,29.571948],[106.624683,29.571915],[106.624938,29.571927],[106.625367,29.57195],[106.62593,29.571836],[106.626083,29.571824],[106.626244,29.571838],[106.626603,29.571878],[106.626756,29.571871],[106.626971,29.571789],[106.627169,29.571654],[106.627421,29.571461]]}},{"id":"147","type":"Feature","properties":{"waterway":"river","natural":null,"base_elevation":10},"geometry":{"type":"LineString","coordinates":[[106.666161,29.629841],[106.665906,29.629764],[106.665289,29.629713],[106.664731,29.629521],[106.664168,29.629326],[106.663331,29.629111],[106.662226,29.628701],[106.662022,29.628514],[106.661979,29.627899],[106.661797,29.627563],[106.661582,29.627032],[106.66082,29.626239],[106.660455,29.625959],[106.660101,29.625138],[106.659576,29.623879],[106.658857,29.622546],[106.65817,29.621809],[106.657087,29.621091],[106.656926,29.620699],[106.656949,29.619083],[106.656876,29.618695],[106.656668,29.618264],[106.656474,29.618022],[106.656321,29.617905],[106.656143,29.617849],[106.654769,29.617593],[106.653624,29.61757],[106.653366,29.617565],[106.653082,29.617644],[106.652956,29.617705],[106.652226,29.618628],[106.652087,29.618768],[106.651937,29.618806],[106.651803,29.618824],[106.651631,29.618749],[106.651505,29.618624],[106.651467,29.618523],[106.651486,29.618376],[106.651615,29.617873],[106.651454,29.617528],[106.651352,29.617362],[106.651119,29.617206],[106.650786,29.617047],[106.650258,29.616956],[106.650027,29.616837],[106.649896,29.616721],[106.649842,29.616481],[106.649847,29.616206],[106.649971,29.615972],[106.650105,29.615602],[106.652001,29.6132],[106.653016,29.612405],[106.653114,29.612286],[106.65316,29.612212],[106.653114,29.612114],[106.651253,29.609548],[106.650606,29.608972],[106.649812,29.608224],[106.64937,29.607976],[106.649059,29.607899],[106.64867,29.607944],[106.64823,29.608191],[106.648074,29.608774],[106.648053,29.609231],[106.647769,29.609749],[106.647356,29.610098],[106.647012,29.610229],[106.646481,29.610201],[106.645875,29.610122],[106.645548,29.609982],[106.645526,29.609651],[106.645972,29.609175],[106.646647,29.608447],[106.647039,29.607375],[106.647189,29.606754],[106.647087,29.606437],[106.646798,29.606078],[106.64639,29.605994],[106.645934,29.60612],[106.645129,29.606209],[106.643885,29.606503],[106.643295,29.606535],[106.642619,29.606344],[106.642163,29.605985],[106.642077,29.605528],[106.642249,29.604632],[106.642672,29.60369],[106.643895,29.602146],[106.645054,29.601111],[106.645537,29.600178],[106.645494,29.59966],[106.645119,29.599278],[106.643987,29.598517],[106.642844,29.597556],[106.642678,29.597211],[106.642786,29.596826],[106.643,29.596535],[106.643364,29.59653],[106.643912,29.596596],[106.644153,29.596558],[106.64452,29.596213],[106.644826,29.595959],[106.645017,29.595686],[106.645092,29.595432],[106.645127,29.595241],[106.645162,29.595154],[106.645255,29.59508],[106.645441,29.594998],[106.645682,29.594928],[106.646486,29.594506],[106.646803,29.594357],[106.647136,29.594128],[106.64749,29.593904],[106.647785,29.593671],[106.649652,29.593778]]}},{"id":"148","type":"Feature","properties":{"waterway":"stream","natural":null,"base_elevation":33},"geometry":{"type":"LineString","coordinates":[[106.574157,29.564595],[106.574151,29.564613],[106.574092,29.564799],[106.573944,29.564819]]}},{"id":"149","type":"Feature","properties":{"waterway":"river","natural":null,"base_elevation":106},"geometry":{"type":"LineString","coordinates":[[106.637412,29.527912],[106.63689,29.528676],[106.636873,29.528798],[106.636989,29.528949],[106.637131,29.528992],[106.63745,29.529009]]}},{"id":"150","type":"Feature","properties":{"waterway":"river","natural":null,"base_elevation":109},"geometry":{"type":"LineString","coordinates":[[106.637426,29.527682],[106.637412,29.527912]]}},{"id":"151","type":"Feature","properties":{"waterway":"river","natural":null,"base_elevation":106},"geometry":{"type":"LineString","coordinates":[[106.63745,29.529009],[106.637607,29.529073],[106.637938,29.529382]]}},{"id":"152","type":"Feature","properties":{"waterway":"river","natural":null,"base_elevation":106},"geometry":{"type":"LineString","coordinates":[[106.637938,29.529382],[106.638143,29.529656],[106.638304,29.530141],[106.638334,29.530316],[106.638367,29.530497],[106.638411,29.530665],[106.63843,29.530769],[106.638803,29.530803],[106.639606,29.530787],[106.639762,29.530836]]}},{"id":"153","type":"Feature","properties":{"waterway":"river","natural":null,"base_elevation":108},"geometry":{"type":"LineString","coordinates":[[106.639762,29.530836],[106.639953,29.530938],[106.640108,29.53105],[106.64046,29.530905],[106.640569,29.530613]]}},{"id":"154","type":"Feature","properties":{"waterway":"river","natural":null,"base_elevation":107},"geometry":{"type":"LineString","coordinates":[[106.640569,29.530613],[106.640678,29.530422],[106.640828,29.53023],[106.641094,29.530114]]}},{"id":"155","type":"Feature","properties":{"waterway":"river","natural":null,"base_elevation":106},"geometry":{"type":"LineString","coordinates":[[106.641094,29.530114],[106.641449,29.52992]]}},{"id":"156","type":"Feature","properties":{"waterway":"river","natural":null,"base_elevation":111},"geometry":{"type":"LineString","coordinates":[[106.620297,29.526287],[106.620426,29.526585],[106.620313,29.526954],[106.620823,29.527225],[106.620973,29.527337],[106.621381,29.527309],[106.621563,29.527351],[106.621649,29.527635],[106.621998,29.527878],[106.622416,29.527869],[106.622524,29.528093],[106.622575,29.528247],[106.622899,29.528268],[106.622974,29.528357],[106.623205,29.528457],[106.623631,29.528745],[106.623657,29.52898],[106.623767,29.529031],[106.623931,29.528932],[106.624051,29.528939],[106.624213,29.529088],[106.624306,29.529191],[106.624543,29.529257],[106.624578,29.529171],[106.624541,29.528999],[106.624675,29.528946],[106.62496,29.529002],[106.625234,29.528812],[106.625609,29.528368],[106.625998,29.528181],[106.626576,29.528123],[106.626672,29.527755],[106.62678,29.527486],[106.626884,29.527353],[106.626878,29.527199],[106.626964,29.527206],[106.627153,29.527297],[106.627365,29.527277],[106.627513,29.527207],[106.627666,29.527344],[106.627876,29.527224],[106.628017,29.527208],[106.628159,29.527289],[106.628272,29.527295],[106.628526,29.527114],[106.628748,29.527109],[106.628883,29.527017],[106.628968,29.52696],[106.629121,29.526851],[106.629243,29.526715],[106.629335,29.526657],[106.629485,29.526738],[106.629623,29.526832],[106.629759,29.526835],[106.629898,29.52686],[106.630037,29.526886],[106.63018,29.526956],[106.630514,29.527064],[106.630798,29.527079],[106.630883,29.52715],[106.631022,29.527259],[106.631249,29.527199],[106.631465,29.526844],[106.631728,29.526588],[106.631808,29.526547],[106.631887,29.526564],[106.631972,29.526557],[106.632033,29.526483],[106.632272,29.526471],[106.632783,29.526592],[106.63329,29.526637],[106.633813,29.52739],[106.634468,29.528235],[106.634535,29.528322],[106.634722,29.528396],[106.635009,29.528617],[106.636011,29.528232],[106.636228,29.52798],[106.636702,29.527593],[106.637201,29.527524],[106.637426,29.527682]]}},{"id":"157","type":"Feature","properties":{"waterway":"stream","natural":null,"base_elevation":138},"geometry":{"type":"LineString","coordinates":[[106.624897,29.534414],[106.625506,29.53424],[106.625978,29.534002],[106.626134,29.533829],[106.626311,29.533545],[106.626665,29.533391],[106.627132,29.533078],[106.627507,29.532649],[106.627497,29.532467],[106.627239,29.53235],[106.627043,29.531983]]}},{"id":"158","type":"Feature","properties":{"waterway":"stream","natural":null,"base_elevation":129},"geometry":{"type":"LineString","coordinates":[[106.624969,29.532573],[106.625356,29.532578],[106.62586,29.532443],[106.626606,29.532177],[106.626735,29.532074],[106.627043,29.531983],[106.627437,29.531514],[106.627456,29.531356],[106.627328,29.531106],[106.62736,29.53088],[106.627293,29.530811],[106.627324,29.530713],[106.627424,29.530568],[106.627442,29.530474]]}},{"id":"159","type":"Feature","properties":{"waterway":"stream","natural":null,"base_elevation":126},"geometry":{"type":"LineString","coordinates":[[106.629151,29.529573],[106.629707,29.52927],[106.62999,29.529194],[106.630168,29.529169],[106.630336,29.529186]]}},{"id":"160","type":"Feature","properties":{"waterway":"stream","natural":null,"base_elevation":116},"geometry":{"type":"LineString","coordinates":[[106.630336,29.529186],[106.631282,29.529482],[106.633159,29.528924],[106.633312,29.528739],[106.633518,29.5287],[106.633682,29.528578],[106.6341,29.528546],[106.634151,29.528352],[106.634301,29.528217],[106.634468,29.528235]]}},{"id":"161","type":"Feature","properties":{"waterway":"stream","natural":null,"base_elevation":56},"geometry":{"type":"LineString","coordinates":[[106.638231,29.536821],[106.638397,29.536749],[106.638514,29.536757],[106.638662,29.536886],[106.63876,29.537074],[106.638865,29.537126],[106.639173,29.537002],[106.639297,29.536843],[106.639417,29.536797],[106.639571,29.536849],[106.640107,29.536792],[106.640193,29.537129],[106.640291,29.537234],[106.640344,29.537183],[106.640405,29.537231],[106.640417,29.53739],[106.640461,29.537476],[106.640473,29.537743],[106.64055,29.537902],[106.640799,29.538115],[106.641101,29.538591],[106.64119,29.538896],[106.641504,29.539211],[106.64204,29.539478],[106.642117,29.539842],[106.642025,29.539957],[106.641886,29.54006],[106.641886,29.5402],[106.641951,29.540316],[106.642135,29.540531],[106.642135,29.540593],[106.641846,29.540698],[106.64175,29.540811],[106.641747,29.540946],[106.641901,29.541175],[106.641655,29.541719],[106.641494,29.5417],[106.641195,29.54198],[106.641186,29.542449],[106.641205,29.542722],[106.6413,29.542842],[106.641301,29.542977],[106.641456,29.543238],[106.641531,29.543276],[106.641634,29.543252],[106.641747,29.542985],[106.641956,29.542844],[106.642116,29.542856],[106.642219,29.542909],[106.642678,29.543313],[106.64282,29.543546],[106.642943,29.543915],[106.643131,29.544013],[106.643426,29.544433],[106.643649,29.544552],[106.643866,29.544697],[106.64407,29.544881],[106.644738,29.545238],[106.644896,29.545425],[106.645159,29.546122],[106.645226,29.546508],[106.645234,29.546612],[106.64518,29.546844],[106.645131,29.547139],[106.645146,29.547381],[106.645177,29.547519],[106.645183,29.547648],[106.645128,29.547888]]}},{"id":"162","type":"Feature","properties":{"waterway":"stream","natural":null,"base_elevation":153},"geometry":{"type":"LineString","coordinates":[[106.623146,29.532513],[106.623355,29.532625],[106.623715,29.53256],[106.623935,29.532448],[106.624133,29.532373],[106.624353,29.532536],[106.624562,29.532568],[106.624844,29.532572]]}},{"id":"163","type":"Feature","properties":{"waterway":"stream","natural":null,"base_elevation":152},"geometry":{"type":"LineString","coordinates":[[106.624844,29.532572],[106.624969,29.532573]]}},{"id":"164","type":"Feature","properties":{"waterway":"stream","natural":null,"base_elevation":54},"geometry":{"type":"LineString","coordinates":[[106.631999,29.545479],[106.632554,29.545067],[106.632908,29.545],[106.633105,29.544925],[106.633235,29.544882],[106.633392,29.54493],[106.633524,29.545087],[106.633654,29.545348],[106.63369,29.545857],[106.633777,29.545989],[106.633989,29.54607],[106.63442,29.546175],[106.634599,29.546304],[106.634799,29.546563],[106.634932,29.546622],[106.635104,29.546609],[106.635243,29.546496],[106.636139,29.545963],[106.636223,29.545973],[106.636269,29.546033],[106.636207,29.546251],[106.636272,29.546302],[106.636466,29.546297],[106.636909,29.546289],[106.637227,29.546405],[106.637458,29.546593],[106.637633,29.546752],[106.638268,29.546979],[106.638517,29.547086],[106.638625,29.547369],[106.638717,29.54779],[106.638868,29.54783],[106.639081,29.547943],[106.639272,29.54821],[106.639438,29.548296],[106.639721,29.548269],[106.640328,29.548323],[106.640692,29.548313],[106.640966,29.548162],[106.64116,29.548046],[106.64136,29.548033],[106.641604,29.548175],[106.641659,29.548278],[106.64157,29.548749],[106.641606,29.548811],[106.641893,29.54883],[106.642013,29.548803],[106.642164,29.548555],[106.642213,29.548343],[106.642334,29.548114],[106.642565,29.548254],[106.643353,29.54855],[106.643517,29.548582],[106.643741,29.548534],[106.643942,29.548319],[106.644133,29.548294],[106.644841,29.547893],[106.645128,29.547888]]}}]}