{"type":"FeatureCollection","features":[{"id":"0","type":"Feature","properties":{"landuse":"farmland","natural":"unknown","base_elevation":292},"geometry":{"type":"Polygon","coordinates":[[[106.604998,29.542109],[106.60562,29.542142],[106.605755,29.542338],[106.605744,29.542473],[106.605626,29.542506],[106.606087,29.542828],[106.606211,29.542874],[106.606286,29.54286],[106.606468,29.542674],[106.606479,29.542604],[106.606323,29.542296],[106.606404,29.542174],[106.606425,29.54203],[106.606468,29.541988],[106.606516,29.541834],[106.606495,29.541806],[106.606275,29.541773],[106.606141,29.541801],[106.606001,29.541736],[106.605915,29.541498],[106.605663,29.541498],[106.605363,29.541157],[106.605272,29.540933],[106.605304,29.540807],[106.605127,29.540588],[106.60495,29.540517],[106.60488,29.540443],[106.604891,29.54027],[106.605148,29.54027],[106.605282,29.539976],[106.604682,29.540037],[106.604478,29.540301],[106.604538,29.540509],[106.604602,29.540499],[106.604773,29.540658],[106.604811,29.54073],[106.604758,29.540866],[106.604416,29.540998],[106.604386,29.541044],[106.604488,29.541169],[106.604731,29.541357],[106.60475,29.541427],[106.604575,29.541638],[106.604682,29.541687],[106.604918,29.542221],[106.604998,29.542109]]]}},{"id":"1","type":"Feature","properties":{"landuse":"farmland","natural":"unknown","base_elevation":46},"geometry":{"type":"Polygon","coordinates":[[[106.65213,29.554229],[106.652484,29.554634],[106.653686,29.556618],[106.654265,29.555096],[106.654233,29.554611],[106.653948,29.554107],[106.652774,29.552982],[106.652468,29.55322],[106.652334,29.553505],[106.652275,29.553855],[106.652071,29.554116],[106.65213,29.554229]]]}},{"id":"2","type":"Feature","properties":{"landuse":"farmland","natural":"unknown","base_elevation":48},"geometry":{"type":"Polygon","coordinates":[[[106.649238,29.556923],[106.650027,29.556965],[106.649941,29.556839],[106.649558,29.556786],[106.649517,29.556627],[106.649898,29.55659],[106.649788,29.556482],[106.649061,29.556289],[106.648852,29.556361],[106.648568,29.556123],[106.648179,29.5562],[106.647959,29.556027],[106.647704,29.556137],[106.6476,29.555999],[106.647677,29.555878],[106.647441,29.555834],[106.647345,29.556191],[106.647178,29.556254],[106.647219,29.556321],[106.647602,29.556457],[106.64786,29.556209],[106.648048,29.556205],[106.648313,29.556314],[106.648501,29.556548],[106.648525,29.556842],[106.648482,29.556947],[106.648176,29.556928],[106.64845,29.55715],[106.648791,29.557262],[106.649078,29.557271],[106.648707,29.557007],[106.648825,29.556776],[106.649238,29.556923]]]}},{"id":"3","type":"Feature","properties":{"landuse":"farmland","natural":"unknown","base_elevation":78},"geometry":{"type":"Polygon","coordinates":[[[106.647731,29.559261],[106.647731,29.559387],[106.647476,29.559434],[106.647248,29.559595],[106.646972,29.559697],[106.646929,29.559837],[106.646763,29.559963],[106.646905,29.560178],[106.647232,29.559996],[106.647541,29.559994],[106.647841,29.560068],[106.647793,29.559891],[106.647594,29.559849],[106.647514,29.559669],[106.647669,29.559504],[106.647798,29.559471],[106.648235,29.559627],[106.648504,29.559632],[106.648579,29.560127],[106.648766,29.56001],[106.648938,29.560332],[106.649142,29.560173],[106.648976,29.55973],[106.649753,29.559336],[106.649485,29.558799],[106.649432,29.558307],[106.64908,29.558293],[106.649048,29.558172],[106.649091,29.558018],[106.64875,29.557941],[106.648603,29.558027],[106.648439,29.557843],[106.648855,29.557584],[106.648402,29.557332],[106.647972,29.557234],[106.647441,29.557203],[106.646961,29.557216],[106.646999,29.557296],[106.6469,29.55756],[106.647037,29.557711],[106.647226,29.558008],[106.647345,29.557999],[106.647337,29.55749],[106.647487,29.557411],[106.647879,29.55753],[106.647726,29.558046],[106.647589,29.558156],[106.64731,29.5582],[106.647135,29.558134],[106.646953,29.557923],[106.646862,29.55789],[106.646726,29.557751],[106.646543,29.558046],[106.646977,29.558136],[106.647058,29.558265],[106.646971,29.558377],[106.647122,29.558391],[106.647221,29.558522],[106.647208,29.558685],[106.646733,29.558825],[106.647066,29.558986],[106.647055,29.559103],[106.64724,29.559263],[106.647508,29.559207],[106.647731,29.559261]]]}},{"id":"4","type":"Feature","properties":{"landuse":"farmland","natural":"unknown","base_elevation":102},"geometry":{"type":"Polygon","coordinates":[[[106.653239,29.560059],[106.653114,29.560167],[106.653295,29.560343],[106.653539,29.559974],[106.653449,29.559974],[106.653239,29.560059]]]}},{"id":"5","type":"Feature","properties":{"landuse":"farmland","natural":"unknown","base_elevation":157},"geometry":{"type":"Polygon","coordinates":[[[106.647141,29.560638],[106.647018,29.560631],[106.6468,29.560491],[106.646548,29.560862],[106.64698,29.561023],[106.64728,29.560754],[106.647476,29.560766],[106.647774,29.561039],[106.648034,29.560974],[106.647742,29.560512],[106.647632,29.560199],[106.64746,29.560185],[106.647297,29.560563],[106.647141,29.560638]]]}},{"id":"6","type":"Feature","properties":{"landuse":"farmland","natural":"unknown","base_elevation":122},"geometry":{"type":"Polygon","coordinates":[[[106.651266,29.562138],[106.651293,29.56207],[106.651304,29.561746],[106.65128,29.561447],[106.651009,29.561333],[106.650837,29.561296],[106.650708,29.561065],[106.650593,29.561109],[106.650392,29.561282],[106.650185,29.561116],[106.649823,29.561202],[106.649716,29.56147],[106.649517,29.561489],[106.649263,29.561156],[106.64882,29.561205],[106.64867,29.56106],[106.648831,29.560934],[106.648782,29.560691],[106.648651,29.560593],[106.64834,29.56074],[106.648321,29.561048],[106.648386,29.561314],[106.648227,29.561592],[106.648469,29.561762],[106.648292,29.561951],[106.648345,29.562129],[106.648726,29.562285],[106.648895,29.562212],[106.649448,29.562266],[106.649472,29.562072],[106.649075,29.561937],[106.649354,29.561634],[106.649536,29.561683],[106.650067,29.561933],[106.65004,29.562023],[106.64978,29.561984],[106.649668,29.562035],[106.649888,29.562252],[106.650043,29.562247],[106.650177,29.56235],[106.650204,29.562637],[106.650932,29.562497],[106.650735,29.562166],[106.650864,29.562058],[106.651009,29.562037],[106.651266,29.562138]]]}},{"id":"7","type":"Feature","properties":{"landuse":"farmland","natural":"unknown","base_elevation":144},"geometry":{"type":"Polygon","coordinates":[[[106.652524,29.562157],[106.652363,29.56238],[106.652151,29.562544],[106.652353,29.562975],[106.652256,29.563171],[106.652629,29.563374],[106.652725,29.562964],[106.652607,29.562562],[106.652766,29.562404],[106.652524,29.562157]]]}},{"id":"8","type":"Feature","properties":{"landuse":"farmland","natural":"unknown","base_elevation":136},"geometry":{"type":"Polygon","coordinates":[[[106.599674,29.564919],[106.600151,29.564219],[106.600508,29.564273],[106.600768,29.563988],[106.600457,29.563692],[106.600068,29.563685],[106.599867,29.563836],[106.600157,29.564021],[106.59988,29.564405],[106.59939,29.564734],[106.599223,29.564363],[106.599097,29.564403],[106.599095,29.564611],[106.599352,29.565154],[106.599119,29.565353],[106.599347,29.565633],[106.599473,29.565684],[106.59987,29.565976],[106.600481,29.565493],[106.600529,29.565276],[106.600243,29.565033],[106.599846,29.565164],[106.599674,29.564919]]]}},{"id":"9","type":"Feature","properties":{"landuse":"farmland","natural":"unknown","base_elevation":128},"geometry":{"type":"Polygon","coordinates":[[[106.599457,29.566099],[106.598263,29.566381],[106.598196,29.566818],[106.598615,29.567163],[106.599032,29.567072],[106.599788,29.566643],[106.599795,29.566213],[106.599457,29.566099]]]}},{"id":"10","type":"Feature","properties":{"landuse":"farmland","natural":"unknown","base_elevation":180},"geometry":{"type":"Polygon","coordinates":[[[106.604901,29.5708],[106.604285,29.571381],[106.604113,29.571656],[106.604033,29.57195],[106.604033,29.572071],[106.60411,29.572594],[106.60421,29.572655],[106.604408,29.572692],[106.60462,29.572664],[106.604837,29.572755],[106.604743,29.572447],[106.604467,29.572148],[106.60448,29.571656],[106.60473,29.571306],[106.605105,29.571423],[106.605248,29.571001],[106.604901,29.5708]]]}},{"id":"11","type":"Feature","properties":{"landuse":"farmland","natural":"unknown","base_elevation":101},"geometry":{"type":"Polygon","coordinates":[[[106.601049,29.57312],[106.60127,29.573462],[106.601476,29.57327],[106.601849,29.573294],[106.601943,29.573424],[106.601753,29.573653],[106.601401,29.573541],[106.601211,29.57376],[106.601278,29.574068],[106.601007,29.573933],[106.601053,29.573681],[106.600642,29.573616],[106.600446,29.573749],[106.600511,29.574054],[106.600916,29.574183],[106.601058,29.574379],[106.600784,29.5746],[106.600884,29.574987],[106.600849,29.57513],[106.600889,29.575529],[106.600843,29.575602],[106.601114,29.576499],[106.601467,29.577847],[106.601927,29.577383],[106.602219,29.577133],[106.602638,29.577245],[106.603096,29.577203],[106.603118,29.576963],[106.603032,29.576835],[106.603386,29.576364],[106.603609,29.576739],[106.603732,29.576854],[106.604207,29.576921],[106.604403,29.576865],[106.604274,29.576574],[106.604376,29.576455],[106.604389,29.576308],[106.604529,29.576331],[106.604633,29.576576],[106.604647,29.576907],[106.604496,29.577008],[106.6047,29.577346],[106.604824,29.577367],[106.604951,29.577582],[106.604784,29.57768],[106.604606,29.577732],[106.604545,29.577855],[106.604854,29.578061],[106.605023,29.577968],[106.605042,29.577818],[106.605125,29.577711],[106.605103,29.57744],[106.605312,29.577043],[106.605651,29.576812],[106.606237,29.576606],[106.605143,29.576468],[106.604894,29.576381],[106.604687,29.576261],[106.604411,29.576032],[106.604242,29.576091],[106.603638,29.575986],[106.604086,29.575603],[106.604231,29.575811],[106.60448,29.575701],[106.604644,29.575466],[106.604658,29.575307],[106.604534,29.575319],[106.604411,29.575452],[106.603992,29.575487],[106.603826,29.575307],[106.603861,29.575099],[106.604919,29.574928],[106.605076,29.574743],[106.605317,29.574848],[106.605594,29.574897],[106.60584,29.574777],[106.605994,29.574843],[106.606172,29.574843],[106.606334,29.575044],[106.606573,29.574983],[106.606586,29.574833],[106.606361,29.574791],[106.606373,29.574664],[106.60569,29.574668],[106.605417,29.57461],[106.605104,29.57442],[106.604757,29.574659],[106.60451,29.574773],[106.60414,29.574698],[106.604191,29.57453],[106.60451,29.574579],[106.604743,29.574451],[106.604829,29.57426],[106.604759,29.574001],[106.60433,29.573998],[106.603872,29.574194],[106.603613,29.574468],[106.60347,29.574465],[106.603232,29.574785],[106.603267,29.57486],[106.603174,29.574997],[106.603239,29.575398],[106.603357,29.575566],[106.603421,29.575762],[106.603303,29.57593],[106.603121,29.576042],[106.60282,29.57635],[106.602852,29.576163],[106.602981,29.576014],[106.602917,29.575827],[106.602793,29.575694],[106.602579,29.575682],[106.602788,29.575442],[106.602461,29.575295],[106.602337,29.575281],[106.602085,29.575465],[106.601661,29.575554],[106.601686,29.575351],[106.601501,29.575118],[106.601608,29.574934],[106.601484,29.574684],[106.601264,29.574645],[106.601214,29.574575],[106.601889,29.57426],[106.601892,29.574455],[106.602101,29.574672],[106.602262,29.574665],[106.602367,29.574593],[106.601898,29.574089],[106.602007,29.573925],[106.602391,29.57403],[106.602611,29.574283],[106.602749,29.574221],[106.603099,29.573672],[106.6033,29.573529],[106.603365,29.573317],[106.603228,29.573186],[106.603241,29.572997],[106.603115,29.572995],[106.60296,29.572934],[106.602831,29.572976],[106.602514,29.57279],[106.602358,29.572896],[106.602589,29.573127],[106.602606,29.573283],[106.60241,29.57354],[106.60216,29.573403],[106.602281,29.573322],[106.602262,29.57317],[106.602096,29.573175],[106.601855,29.572755],[106.60197,29.572466],[106.601994,29.572323],[106.601736,29.572311],[106.601693,29.572624],[106.60154,29.572725],[106.601503,29.572383],[106.601627,29.572197],[106.601645,29.57193],[106.602037,29.571948],[106.60223,29.57178],[106.602032,29.571614],[106.601222,29.571726],[106.600787,29.571868],[106.600664,29.571805],[106.600568,29.572187],[106.600382,29.572199],[106.600227,29.572309],[106.599872,29.572251],[106.600244,29.573617],[106.600459,29.573473],[106.600527,29.573332],[106.600561,29.572977],[106.600658,29.572883],[106.601049,29.57312]],[[106.60215,29.576161],[106.601983,29.575743],[106.602305,29.575603],[106.602359,29.57579],[106.602369,29.575986],[106.602509,29.57635],[106.602348,29.576499],[106.602133,29.576527],[106.60215,29.576161]]]}},{"id":"12","type":"Feature","properties":{"landuse":"farmland","natural":"unknown","base_elevation":181},"geometry":{"type":"Polygon","coordinates":[[[106.607246,29.578178],[106.607605,29.578848],[106.607884,29.57878],[106.607876,29.578463],[106.607766,29.578218],[106.607589,29.578097],[106.607388,29.577682],[106.607541,29.577458],[106.607407,29.577304],[106.607247,29.577373],[106.607297,29.577504],[106.60712,29.577782],[106.607305,29.57778],[106.607442,29.578111],[106.607246,29.578178]]]}},{"id":"13","type":"Feature","properties":{"landuse":"farmland","natural":"unknown","base_elevation":86},"geometry":{"type":"Polygon","coordinates":[[[106.603029,29.582715],[106.603335,29.582463],[106.603437,29.582081],[106.6033,29.581878],[106.603027,29.582011],[106.602772,29.581878],[106.602903,29.581414],[106.602624,29.581146],[106.602396,29.580637],[106.602517,29.580416],[106.602369,29.580269],[106.602474,29.580164],[106.602501,29.579998],[106.602313,29.579975],[106.602294,29.579814],[106.602673,29.579583],[106.602643,29.579389],[106.602552,29.579149],[106.602112,29.578876],[106.602131,29.578722],[106.602418,29.578624],[106.602742,29.578878],[106.602871,29.578759],[106.60252,29.578272],[106.602168,29.578209],[106.601906,29.578025],[106.601579,29.578188],[106.60208,29.579704],[106.602488,29.581472],[106.602595,29.582636],[106.602734,29.582734],[106.603029,29.582715]]]}},{"id":"14","type":"Feature","properties":{"landuse":"farmland","natural":"unknown","base_elevation":107},"geometry":{"type":"Polygon","coordinates":[[[106.608155,29.583924],[106.608142,29.583805],[106.607938,29.583844],[106.607729,29.583744],[106.607679,29.583513],[106.60746,29.583551],[106.607356,29.583329],[106.607369,29.58268],[106.607192,29.582592],[106.607012,29.5823],[106.606607,29.582264],[106.606284,29.582057],[106.606326,29.581917],[106.606216,29.581783],[106.605929,29.581771],[106.6059,29.581647],[106.605805,29.581614],[106.60561,29.581701],[106.605534,29.581842],[106.605576,29.581997],[106.60573,29.582286],[106.605891,29.582323],[106.605917,29.582471],[106.605857,29.582612],[106.606011,29.582671],[106.60607,29.582827],[106.606036,29.582982],[106.605772,29.583219],[106.605772,29.583382],[106.605874,29.583523],[106.605866,29.583765],[106.606085,29.58377],[106.606558,29.583701],[106.606777,29.583449],[106.606685,29.583282],[106.606894,29.583115],[106.607128,29.583163],[106.60705,29.583382],[106.606856,29.58373],[106.606974,29.583784],[106.60722,29.583708],[106.607365,29.583619],[106.607936,29.583957],[106.607901,29.584211],[106.607738,29.584163],[106.607627,29.58419],[106.607271,29.583975],[106.607101,29.583989],[106.606939,29.583938],[106.606692,29.584049],[106.606513,29.584063],[106.606145,29.584208],[106.605958,29.584497],[106.605975,29.584652],[106.60589,29.5848],[106.605879,29.584953],[106.605799,29.585236],[106.605835,29.585425],[106.607675,29.584694],[106.607975,29.584514],[106.608093,29.584339],[106.608155,29.583924]]]}},{"id":"15","type":"Feature","properties":{"landuse":"farmland","natural":"unknown","base_elevation":77},"geometry":{"type":"Polygon","coordinates":[[[106.560392,29.601524],[106.560234,29.60158],[106.560226,29.601722],[106.560583,29.601726],[106.560586,29.601545],[106.56039,29.601551],[106.560392,29.601524]]]}},{"id":"16","type":"Feature","properties":{"landuse":"farmland","natural":"unknown","base_elevation":55},"geometry":{"type":"Polygon","coordinates":[[[106.673327,29.51867],[106.671725,29.518655],[106.670405,29.518723],[106.669322,29.518824],[106.668294,29.519034],[106.666831,29.519392],[106.665715,29.51975],[106.665851,29.520052],[106.665153,29.520292],[106.665016,29.51999],[106.664258,29.520264],[106.662503,29.521133],[106.661291,29.521831],[106.661087,29.522111],[106.660389,29.524362],[106.660377,29.524619],[106.660489,29.525053],[106.661151,29.526232],[106.661292,29.526265],[106.664211,29.525365],[106.666218,29.524949],[106.669357,29.524351],[106.669022,29.524057],[106.668827,29.524105],[106.668647,29.523674],[106.668509,29.523542],[106.668861,29.52314],[106.669041,29.522814],[106.669369,29.522531],[106.670029,29.522183],[106.671107,29.521889],[106.671349,29.522598],[106.67116,29.52327],[106.670813,29.523674],[106.670314,29.523884],[106.670073,29.523933],[106.670107,29.524218],[106.671974,29.523928],[106.675504,29.523608],[106.675562,29.52354],[106.675494,29.522942],[106.675427,29.522667],[106.675217,29.522044],[106.675005,29.521572],[106.674877,29.521082],[106.674795,29.52053],[106.67452,29.520537],[106.674368,29.519661],[106.67327,29.519365],[106.673327,29.51867]]]}},{"id":"17","type":"Feature","properties":{"landuse":"farmland","natural":"unknown","base_elevation":45},"geometry":{"type":"Polygon","coordinates":[[[106.657352,29.558223],[106.657154,29.558522],[106.657872,29.558753],[106.657972,29.558932],[106.658277,29.558857],[106.658087,29.558545],[106.657907,29.558356],[106.657985,29.558069],[106.657905,29.558015],[106.657583,29.557915],[106.656816,29.557936],[106.656971,29.558221],[106.657105,29.558244],[106.657183,29.558085],[106.657358,29.558118],[106.657352,29.558223]]]}},{"id":"18","type":"Feature","properties":{"landuse":"farmland","natural":"unknown","base_elevation":52},"geometry":{"type":"Polygon","coordinates":[[[106.654836,29.558993],[106.65534,29.55883],[106.654525,29.558421],[106.653533,29.558729],[106.652343,29.559425],[106.652516,29.559812],[106.652835,29.559809],[106.65272,29.559634],[106.652959,29.559529],[106.653122,29.559928],[106.653282,29.559792],[106.653346,29.5599],[106.653576,29.559872],[106.653635,29.559791],[106.653538,29.559319],[106.654222,29.559242],[106.654343,29.559361],[106.654884,29.559172],[106.654836,29.558993]]]}},{"id":"19","type":"Feature","properties":{"landuse":"farmland","natural":"unknown","base_elevation":52},"geometry":{"type":"Polygon","coordinates":[[[106.653806,29.560115],[106.653678,29.560113],[106.653581,29.560232],[106.653664,29.56032],[106.653975,29.560131],[106.654265,29.560309],[106.654732,29.560145],[106.655161,29.559805],[106.655696,29.560338],[106.655564,29.560767],[106.656319,29.560974],[106.656499,29.560631],[106.656619,29.560544],[106.65692,29.560563],[106.656981,29.560369],[106.65655,29.560287],[106.656663,29.559989],[106.657591,29.560124],[106.657709,29.559683],[106.657387,29.559487],[106.657309,29.559672],[106.657119,29.559646],[106.656821,29.559427],[106.656767,29.559308],[106.656397,29.559338],[106.656362,29.55914],[106.65603,29.559112],[106.655724,29.559126],[106.655595,29.558962],[106.655354,29.559105],[106.655472,29.559289],[106.655091,29.559345],[106.654112,29.559964],[106.653943,29.559961],[106.653798,29.560001],[106.653854,29.560068],[106.653806,29.560115]]]}},{"id":"20","type":"Feature","properties":{"landuse":"farmland","natural":"unknown","base_elevation":46},"geometry":{"type":"Polygon","coordinates":[[[106.66034,29.561202],[106.660531,29.560988],[106.660219,29.560449],[106.660466,29.560061],[106.660501,29.559842],[106.66037,29.559816],[106.660158,29.560169],[106.660206,29.560215],[106.660214,29.560325],[106.660034,29.560472],[106.659906,29.560348],[106.659737,29.560304],[106.659313,29.560269],[106.659289,29.560015],[106.659385,29.559886],[106.659533,29.559779],[106.659637,29.55994],[106.659876,29.560122],[106.659898,29.560278],[106.659989,29.560325],[106.660075,29.560236],[106.660002,29.560204],[106.659957,29.559942],[106.659608,29.55963],[106.659436,29.559651],[106.659157,29.559597],[106.659307,29.559343],[106.658757,29.559083],[106.65861,29.559331],[106.658725,29.559457],[106.658559,29.559567],[106.658551,29.559784],[106.659026,29.560173],[106.659549,29.560768],[106.660115,29.561025],[106.66034,29.561202]]]}},{"id":"21","type":"Feature","properties":{"landuse":"farmland","natural":"unknown","base_elevation":48},"geometry":{"type":"Polygon","coordinates":[[[106.658232,29.561433],[106.658479,29.561305],[106.658506,29.561104],[106.658463,29.560859],[106.658471,29.56064],[106.658358,29.560554],[106.658259,29.56036],[106.658291,29.560183],[106.658127,29.560073],[106.657961,29.560215],[106.657602,29.560675],[106.65762,29.560934],[106.657685,29.561037],[106.657746,29.561284],[106.657687,29.56147],[106.657323,29.561454],[106.657387,29.561578],[106.657623,29.561748],[106.657961,29.561862],[106.65799,29.561625],[106.658232,29.561433]]]}},{"id":"22","type":"Feature","properties":{"landuse":"farmland","natural":"unknown","base_elevation":82},"geometry":{"type":"Polygon","coordinates":[[[106.656362,29.562915],[106.656494,29.562817],[106.656671,29.56281],[106.656676,29.562961],[106.656513,29.563234],[106.656625,29.563482],[106.656604,29.563594],[106.657486,29.563528],[106.657559,29.563307],[106.657151,29.562975],[106.657151,29.562607],[106.657288,29.561788],[106.657124,29.561788],[106.657134,29.561683],[106.656958,29.561667],[106.656915,29.561599],[106.656995,29.561496],[106.656962,29.561395],[106.656673,29.561526],[106.656958,29.56206],[106.656877,29.562131],[106.656588,29.562077],[106.655861,29.562607],[106.656057,29.562943],[106.656362,29.562915]]]}},{"id":"23","type":"Feature","properties":{"landuse":"farmland","natural":"unknown","base_elevation":52},"geometry":{"type":"Polygon","coordinates":[[[106.660128,29.562957],[106.660614,29.56312],[106.660759,29.563041],[106.660887,29.563071],[106.661193,29.563392],[106.661314,29.563353],[106.661446,29.563421],[106.661408,29.563244],[106.661319,29.563155],[106.661397,29.563057],[106.661123,29.562866],[106.661147,29.562796],[106.660772,29.562663],[106.660667,29.562439],[106.660482,29.562586],[106.659906,29.562338],[106.659629,29.562371],[106.659399,29.562593],[106.658969,29.562462],[106.658768,29.562331],[106.658497,29.562357],[106.658463,29.562268],[106.658286,29.562278],[106.658339,29.562525],[106.658661,29.562779],[106.658819,29.562777],[106.659206,29.562945],[106.659249,29.563052],[106.659368,29.563119],[106.659576,29.562714],[106.659675,29.56263],[106.660128,29.562957]]]}},{"id":"24","type":"Feature","properties":{"landuse":"farmland","natural":"unknown","base_elevation":74},"geometry":{"type":"Polygon","coordinates":[[[106.658256,29.563202],[106.658406,29.562945],[106.658154,29.562887],[106.658068,29.562408],[106.657862,29.56242],[106.657899,29.562623],[106.657779,29.562812],[106.657848,29.562861],[106.657628,29.563101],[106.657795,29.563447],[106.657432,29.563854],[106.657832,29.56406],[106.658176,29.563706],[106.658256,29.563202]]]}},{"id":"25","type":"Feature","properties":{"landuse":"farmland","natural":"unknown","base_elevation":91},"geometry":{"type":"Polygon","coordinates":[[[106.653651,29.564585],[106.654155,29.564669],[106.654179,29.564613],[106.654158,29.564361],[106.654281,29.56424],[106.653999,29.564025],[106.654402,29.563752],[106.654745,29.563986],[106.654804,29.563909],[106.655029,29.563853],[106.654783,29.563652],[106.654804,29.563563],[106.654944,29.563566],[106.655311,29.563696],[106.655458,29.563589],[106.655603,29.56361],[106.655552,29.563741],[106.655335,29.563808],[106.655601,29.563934],[106.655646,29.564032],[106.655837,29.564016],[106.655853,29.563857],[106.655743,29.563717],[106.655826,29.563587],[106.656016,29.56361],[106.656188,29.563801],[106.655971,29.564212],[106.655896,29.564625],[106.655821,29.564737],[106.655979,29.56499],[106.656231,29.564856],[106.656523,29.564886],[106.656848,29.565157],[106.657339,29.565735],[106.657639,29.565465],[106.657406,29.565138],[106.65718,29.565119],[106.657135,29.564779],[106.657272,29.564748],[106.657363,29.564968],[106.657567,29.565035],[106.657687,29.564795],[106.657913,29.56469],[106.657623,29.564356],[106.657382,29.56434],[106.657062,29.564501],[106.656928,29.564657],[106.656303,29.564373],[106.656467,29.564221],[106.656247,29.56409],[106.65629,29.563939],[106.656687,29.563771],[106.656164,29.56351],[106.656027,29.563381],[106.655625,29.56312],[106.655386,29.562812],[106.655196,29.562238],[106.655131,29.562243],[106.655091,29.56245],[106.655174,29.562877],[106.65486,29.563031],[106.654348,29.563077],[106.654375,29.563332],[106.654348,29.563484],[106.654244,29.563484],[106.654134,29.563174],[106.653605,29.56323],[106.653141,29.563365],[106.652991,29.563843],[106.653243,29.564014],[106.653439,29.56438],[106.653651,29.564585]]]}},{"id":"26","type":"Feature","properties":{"landuse":"farmland","natural":"unknown","base_elevation":131},"geometry":{"type":"Polygon","coordinates":[[[106.654549,29.564683],[106.655091,29.564497],[106.655319,29.564604],[106.655394,29.56445],[106.655378,29.564175],[106.65493,29.564249],[106.65467,29.564083],[106.654388,29.564197],[106.654359,29.564396],[106.654431,29.564615],[106.654549,29.564683]]]}},{"id":"27","type":"Feature","properties":{"landuse":"farmland","natural":"unknown","base_elevation":63},"geometry":{"type":"Polygon","coordinates":[[[106.660552,29.564809],[106.660555,29.56469],[106.660337,29.564599],[106.660008,29.56437],[106.659747,29.564328],[106.659442,29.564522],[106.65964,29.564671],[106.659959,29.564818],[106.660088,29.564982],[106.660246,29.564991],[106.660552,29.564809]]]}},{"id":"28","type":"Feature","properties":{"landuse":"farmland","natural":"unknown","base_elevation":73},"geometry":{"type":"Polygon","coordinates":[[[106.661,29.565019],[106.660788,29.565175],[106.66063,29.565355],[106.660785,29.565528],[106.661072,29.565502],[106.661089,29.565157],[106.661,29.565019]]]}},{"id":"29","type":"Feature","properties":{"landuse":"farmland","natural":"unknown","base_elevation":91},"geometry":{"type":"Polygon","coordinates":[[[106.660522,29.566751],[106.66089,29.567046],[106.661098,29.567011],[106.66122,29.56718],[106.661805,29.566881],[106.661663,29.566712],[106.661362,29.566799],[106.660995,29.566657],[106.660992,29.566456],[106.661273,29.566533],[106.661349,29.566458],[106.661214,29.566384],[106.661115,29.566199],[106.66126,29.566078],[106.661544,29.565985],[106.661483,29.565908],[106.661239,29.565969],[106.661123,29.565852],[106.660965,29.565868],[106.660804,29.565675],[106.660673,29.565668],[106.660045,29.565371],[106.660002,29.565563],[106.660085,29.565705],[106.660008,29.565819],[106.660455,29.565922],[106.66049,29.566185],[106.66067,29.566606],[106.660522,29.566751]],[[106.66074,29.565994],[106.660852,29.565973],[106.661027,29.566204],[106.660842,29.566263],[106.660714,29.566079],[106.66074,29.565994]]]}},{"id":"30","type":"Feature","properties":{"landuse":"farmland","natural":"unknown","base_elevation":46},"geometry":{"type":"Polygon","coordinates":[[[106.663602,29.566743],[106.66376,29.566692],[106.663926,29.566564],[106.663843,29.56637],[106.663578,29.566162],[106.663317,29.566008],[106.662937,29.56602],[106.662789,29.56627],[106.662794,29.566447],[106.663049,29.566622],[106.66324,29.566557],[106.663342,29.566638],[106.663602,29.566743]]]}},{"id":"31","type":"Feature","properties":{"landuse":"forest","natural":"unknown","base_elevation":115},"geometry":{"type":"Polygon","coordinates":[[[106.50585,29.511582],[106.505711,29.511526],[106.505571,29.511536],[106.50422,29.512142],[106.503857,29.512103],[106.503495,29.511858],[106.503389,29.5121],[106.503619,29.512291],[106.503528,29.51247],[106.503663,29.512591],[106.503795,29.512588],[106.503721,29.512429],[106.503937,29.512482],[106.504153,29.512615],[106.504302,29.512615],[106.504359,29.512806],[106.504498,29.512741],[106.504518,29.512812],[106.504491,29.512929],[106.504596,29.513032],[106.504731,29.512932],[106.504677,29.512806],[106.504751,29.512715],[106.50486,29.512679],[106.505297,29.513086],[106.505396,29.512733],[106.505915,29.511797],[106.505936,29.511685],[106.50585,29.511582]]]}},{"id":"32","type":"Feature","properties":{"landuse":"forest","natural":"unknown","base_elevation":117},"geometry":{"type":"Polygon","coordinates":[[[106.502644,29.515338],[106.503078,29.514935],[106.503061,29.51492],[106.50281,29.515165],[106.502664,29.515245],[106.502354,29.515291],[106.502222,29.515272],[106.50209,29.515191],[106.502024,29.515287],[106.502051,29.515379],[106.502199,29.515426],[106.502644,29.515338]]]}},{"id":"33","type":"Feature","properties":{"landuse":"forest","natural":"unknown","base_elevation":138},"geometry":{"type":"Polygon","coordinates":[[[106.50968,29.522093],[106.50968,29.5216],[106.5096,29.5217],[106.509559,29.522093],[106.50968,29.522093]]]}},{"id":"34","type":"Feature","properties":{"landuse":"forest","natural":"unknown","base_elevation":150},"geometry":{"type":"Polygon","coordinates":[[[106.504077,29.52983],[106.504391,29.529722],[106.504391,29.529191],[106.504015,29.529189],[106.503595,29.529234],[106.503447,29.529476],[106.50311,29.52987],[106.503659,29.530635],[106.503761,29.530604],[106.503581,29.530157],[106.503834,29.529956],[106.503743,29.529818],[106.503971,29.529695],[106.504077,29.52983]]]}},{"id":"35","type":"Feature","properties":{"landuse":"forest","natural":"unknown","base_elevation":68},"geometry":{"type":"Polygon","coordinates":[[[106.492598,29.554914],[106.492817,29.554882],[106.493107,29.555059],[106.493702,29.555526],[106.493799,29.555782],[106.493681,29.555796],[106.493359,29.555661],[106.493756,29.556188],[106.493987,29.556263],[106.494067,29.556053],[106.494185,29.555871],[106.494357,29.555866],[106.494389,29.555992],[106.494566,29.55603],[106.494706,29.555978],[106.494556,29.555862],[106.494319,29.555087],[106.494389,29.554816],[106.494336,29.554513],[106.494475,29.554345],[106.494813,29.554317],[106.49528,29.55476],[106.49558,29.554798],[106.495779,29.554863],[106.496031,29.555031],[106.496272,29.554938],[106.496406,29.554746],[106.496293,29.554527],[106.496181,29.554639],[106.496068,29.554644],[106.495945,29.554695],[106.495221,29.554009],[106.494867,29.553473],[106.494754,29.553207],[106.494942,29.552899],[106.495097,29.552721],[106.495677,29.552716],[106.495886,29.552964],[106.496218,29.553062],[106.496465,29.55309],[106.496224,29.552474],[106.495923,29.552203],[106.495704,29.552222],[106.495612,29.552105],[106.495784,29.551821],[106.496122,29.551653],[106.496519,29.551597],[106.496862,29.551858],[106.49735,29.551937],[106.497484,29.551923],[106.498284,29.551592],[106.498922,29.551611],[106.499426,29.551709],[106.499571,29.551811],[106.499646,29.551998],[106.49941,29.552273],[106.499083,29.552483],[106.49926,29.552819],[106.499727,29.552623],[106.499571,29.552311],[106.499791,29.551982],[106.499818,29.551583],[106.499872,29.551452],[106.50029,29.551503],[106.500381,29.551762],[106.500362,29.552073],[106.500494,29.55207],[106.500505,29.551646],[106.501422,29.551658],[106.501012,29.551471],[106.500824,29.551424],[106.500934,29.551282],[106.501258,29.551109],[106.501476,29.551158],[106.501682,29.551158],[106.501596,29.551048],[106.500802,29.550717],[106.500314,29.550796],[106.500137,29.550862],[106.500164,29.550927],[106.499966,29.5511],[106.499786,29.55096],[106.499606,29.551018],[106.498941,29.551109],[106.498809,29.551179],[106.498364,29.551137],[106.498026,29.551244],[106.497946,29.551424],[106.497718,29.551555],[106.497415,29.551809],[106.497109,29.551655],[106.496827,29.55144],[106.495816,29.551461],[106.495349,29.551688],[106.495484,29.551848],[106.495414,29.551986],[106.495349,29.552024],[106.495266,29.551953],[106.494569,29.551942],[106.494121,29.552],[106.493316,29.552231],[106.492922,29.55253],[106.492796,29.552495],[106.492737,29.55236],[106.492614,29.55225],[106.492345,29.552152],[106.491905,29.552219],[106.491838,29.552259],[106.491828,29.552619],[106.491731,29.552698],[106.491294,29.552821],[106.491068,29.553069],[106.491093,29.553241],[106.491187,29.553346],[106.491466,29.553925],[106.491927,29.554597],[106.492168,29.554793],[106.492598,29.554914]]]}},{"id":"36","type":"Feature","properties":{"landuse":"forest","natural":"unknown","base_elevation":59},"geometry":{"type":"Polygon","coordinates":[[[106.522177,29.564],[106.522134,29.564055],[106.522266,29.566147],[106.522321,29.566147],[106.522283,29.564059],[106.52225,29.564002],[106.522177,29.564]]]}},{"id":"37","type":"Feature","properties":{"landuse":"forest","natural":"unknown","base_elevation":218},"geometry":{"type":"Polygon","coordinates":[[[106.502526,29.571734],[106.502243,29.571501],[106.50221,29.571402],[106.502233,29.571274],[106.502583,29.570912],[106.502615,29.570827],[106.502637,29.570637],[106.502589,29.570345],[106.502535,29.570209],[106.502368,29.57],[106.50216,29.569815],[106.502134,29.569676],[106.502189,29.56953],[106.501932,29.569309],[106.501645,29.569154],[106.501631,29.569035],[106.502027,29.568534],[106.503202,29.567931],[106.503749,29.567594],[106.504008,29.567523],[106.503937,29.567434],[106.503407,29.567523],[106.502773,29.567853],[106.503055,29.567605],[106.503041,29.567554],[106.502095,29.568062],[106.501996,29.567935],[106.501451,29.568232],[106.501444,29.568379],[106.50128,29.569023],[106.501293,29.569316],[106.50162,29.569897],[106.501725,29.570154],[106.502213,29.57035],[106.502326,29.570457],[106.50231,29.570702],[106.502082,29.571073],[106.501996,29.571299],[106.502042,29.571535],[106.502304,29.571755],[106.501011,29.573149],[106.501064,29.573186],[106.502082,29.572117],[106.502488,29.571966],[106.502528,29.571906],[106.502526,29.571734]],[[106.502121,29.568194],[106.501669,29.568508],[106.50154,29.568368],[106.501992,29.568054],[106.502121,29.568194]]]}},{"id":"38","type":"Feature","properties":{"landuse":"forest","natural":"unknown","base_elevation":190},"geometry":{"type":"Polygon","coordinates":[[[106.504362,29.573594],[106.504296,29.573302],[106.504322,29.572993],[106.504466,29.572692],[106.504681,29.572467],[106.504854,29.572367],[106.50517,29.572264],[106.506318,29.572211],[106.506507,29.572111],[106.506572,29.572032],[106.50658,29.57189],[106.506451,29.571708],[106.505995,29.571514],[106.505827,29.571358],[106.505659,29.571317],[106.505458,29.571398],[106.505307,29.571264],[106.505402,29.570854],[106.50534,29.570591],[106.505498,29.57047],[106.506055,29.57074],[106.506325,29.570707],[106.507044,29.570734],[106.507092,29.570616],[106.507345,29.570532],[106.507094,29.570033],[106.506771,29.570155],[106.5066,29.569886],[106.506651,29.569824],[106.506258,29.569162],[106.505749,29.56892],[106.504789,29.567885],[106.504467,29.567645],[106.504366,29.567784],[106.504092,29.567639],[106.503893,29.567633],[106.503597,29.567848],[106.502125,29.568626],[106.501807,29.568951],[106.501816,29.56906],[106.501933,29.569184],[106.502189,29.569366],[106.502431,29.569678],[106.502739,29.569921],[106.503367,29.569909],[106.503378,29.570156],[106.503249,29.57032],[106.50333,29.571764],[106.503452,29.572246],[106.503628,29.573393],[106.503865,29.574089],[106.503919,29.574909],[106.504432,29.574848],[106.504506,29.575245],[106.504847,29.575147],[106.505387,29.575101],[106.505335,29.574796],[106.505226,29.57457],[106.504534,29.57387],[106.504362,29.573594]],[[106.503102,29.569505],[106.502934,29.569498],[106.502927,29.569621],[106.503066,29.569627],[106.503054,29.569827],[106.502861,29.569826],[106.502818,29.56957],[106.502762,29.569568],[106.502764,29.56947],[106.502563,29.569319],[106.502607,29.569274],[106.502667,29.569318],[106.502713,29.569282],[106.502841,29.569369],[106.503111,29.56937],[106.503102,29.569505]],[[106.503549,29.571257],[106.5036,29.570947],[106.503573,29.570492],[106.503613,29.570431],[106.503755,29.570513],[106.503844,29.570522],[106.503916,29.570434],[106.503906,29.570338],[106.504201,29.570166],[106.504372,29.570214],[106.504429,29.57027],[106.504464,29.570499],[106.504777,29.570763],[106.504785,29.570863],[106.504743,29.570961],[106.504555,29.571066],[106.504386,29.571087],[106.504241,29.571066],[106.504131,29.57112],[106.503983,29.571067],[106.503831,29.571192],[106.503769,29.57129],[106.503637,29.571323],[106.503549,29.571257]],[[106.505089,29.571821],[106.505492,29.571847],[106.50574,29.571789],[106.506057,29.571805],[106.50618,29.571824],[106.50625,29.571922],[106.506223,29.571973],[106.50611,29.572046],[106.505375,29.572015],[106.505008,29.571924],[106.505009,29.571848],[106.505089,29.571821]]]}},{"id":"39","type":"Feature","properties":{"landuse":"forest","natural":"unknown","base_elevation":214},"geometry":{"type":"Polygon","coordinates":[[[106.503565,29.574453],[106.503118,29.574121],[106.503209,29.574009],[106.503476,29.574187],[106.503697,29.573919],[106.503545,29.573533],[106.503304,29.57224],[106.5032,29.571503],[106.50318,29.570822],[106.50312,29.570412],[106.502676,29.569955],[106.502251,29.569643],[106.50223,29.569691],[106.502336,29.56985],[106.502625,29.57015],[106.502757,29.57054],[106.502694,29.570892],[106.502293,29.571348],[106.502304,29.571426],[106.50245,29.571586],[106.50274,29.571772],[106.502677,29.571933],[106.502487,29.572056],[106.502097,29.572189],[106.501606,29.572772],[106.501942,29.573166],[106.502416,29.573348],[106.502659,29.573551],[106.502693,29.573783],[106.502641,29.574039],[106.501718,29.57366],[106.501695,29.573756],[106.502517,29.574094],[106.503051,29.574465],[106.503485,29.574855],[106.503868,29.575482],[106.503912,29.575481],[106.503942,29.575458],[106.503754,29.574074],[106.503619,29.574212],[106.503725,29.574306],[106.503565,29.574453]],[[106.502016,29.572473],[106.502094,29.572471],[106.502253,29.572559],[106.502414,29.572743],[106.502471,29.573001],[106.502387,29.57312],[106.502314,29.573161],[106.502239,29.573175],[106.502071,29.573121],[106.501815,29.572897],[106.50185,29.57262],[106.502016,29.572473]],[[106.502751,29.573181],[106.502817,29.573273],[106.502797,29.57337],[106.502752,29.573424],[106.502585,29.573401],[106.502565,29.573281],[106.502692,29.573177],[106.502751,29.573181]]]}},{"id":"40","type":"Feature","properties":{"landuse":"forest","natural":"unknown","base_elevation":118},"geometry":{"type":"Polygon","coordinates":[[[106.503157,29.574718],[106.502501,29.57422],[106.502187,29.574041],[106.501602,29.573816],[106.501212,29.573618],[106.500649,29.572806],[106.500145,29.572288],[106.499456,29.571931],[106.499198,29.571836],[106.49886,29.571467],[106.498761,29.57119],[106.498852,29.570896],[106.499088,29.570674],[106.499681,29.570476],[106.499751,29.570401],[106.499789,29.570234],[106.498859,29.570373],[106.498773,29.570266],[106.498484,29.570331],[106.497731,29.571039],[106.497359,29.571563],[106.497348,29.571661],[106.497385,29.571753],[106.499018,29.572665],[106.499563,29.573274],[106.499526,29.573825],[106.499109,29.574344],[106.49836,29.57466],[106.498603,29.57468],[106.498726,29.574742],[106.498816,29.574891],[106.498851,29.575375],[106.498917,29.575555],[106.500854,29.575467],[106.501195,29.575402],[106.501578,29.57528],[106.501657,29.575296],[106.501918,29.57553],[106.501982,29.57577],[106.5019,29.575936],[106.501193,29.575988],[106.50117,29.576274],[106.500435,29.576799],[106.500542,29.576912],[106.501009,29.576859],[106.50306,29.577258],[106.503323,29.577353],[106.503579,29.577946],[106.504145,29.578082],[106.504668,29.578162],[106.504933,29.57834],[106.505159,29.578636],[106.505208,29.578856],[106.505018,29.579235],[106.50534,29.579343],[106.505513,29.578974],[106.506227,29.578858],[106.507029,29.578924],[106.507314,29.579078],[106.507503,29.57932],[106.507554,29.579589],[106.507408,29.580032],[106.507665,29.580068],[106.507883,29.580185],[106.508031,29.580325],[106.508052,29.581052],[106.509072,29.581108],[106.50906,29.581226],[106.509362,29.581245],[106.509372,29.581496],[106.509768,29.581529],[106.509914,29.581706],[106.510675,29.581946],[106.511085,29.581707],[106.507621,29.578612],[106.508041,29.577965],[106.50651,29.577431],[106.505679,29.577065],[106.505818,29.576721],[106.505469,29.576273],[106.505388,29.575492],[106.50527,29.575479],[106.505164,29.57551],[106.505148,29.575375],[106.50507,29.575312],[106.504493,29.575487],[106.504355,29.575558],[106.504261,29.575487],[106.504155,29.575473],[106.504099,29.575689],[106.503981,29.575701],[106.503786,29.575488],[106.503473,29.575045],[106.503157,29.574718]]]}},{"id":"41","type":"Feature","properties":{"landuse":"forest","natural":"unknown","base_elevation":104},"geometry":{"type":"Polygon","coordinates":[[[106.538264,29.610353],[106.538152,29.610022],[106.538131,29.609814],[106.538479,29.608716],[106.538168,29.608494],[106.537938,29.608637],[106.538236,29.608884],[106.537918,29.609685],[106.537963,29.610425],[106.537896,29.610889],[106.537889,29.611401],[106.537294,29.611411],[106.537203,29.610876],[106.535798,29.610908],[106.53581,29.611209],[106.537034,29.611167],[106.537049,29.611713],[106.538195,29.611651],[106.538264,29.610353]]]}},{"id":"42","type":"Feature","properties":{"landuse":"forest","natural":"unknown","base_elevation":149},"geometry":{"type":"Polygon","coordinates":[[[106.508875,29.610339],[106.508466,29.610339],[106.508466,29.610361],[106.508875,29.610362],[106.508875,29.610339]]]}},{"id":"43","type":"Feature","properties":{"landuse":"forest","natural":"unknown","base_elevation":151},"geometry":{"type":"Polygon","coordinates":[[[106.509274,29.610499],[106.509274,29.610524],[106.5099,29.610523],[106.5099,29.610499],[106.509274,29.610499]]]}},{"id":"44","type":"Feature","properties":{"landuse":"forest","natural":"unknown","base_elevation":106},"geometry":{"type":"Polygon","coordinates":[[[106.539693,29.615576],[106.539946,29.615207],[106.539913,29.615084],[106.539366,29.614867],[106.539319,29.614944],[106.539822,29.615135],[106.539594,29.615522],[106.539693,29.615576]]]}},{"id":"45","type":"Feature","properties":{"landuse":"forest","natural":"unknown","base_elevation":119},"geometry":{"type":"Polygon","coordinates":[[[106.535379,29.616431],[106.535371,29.616519],[106.535454,29.616678],[106.535634,29.616755],[106.535731,29.616752],[106.535896,29.616667],[106.535968,29.616514],[106.53592,29.616353],[106.53577,29.616251],[106.535674,29.616236],[106.535492,29.616286],[106.535379,29.616431]]]}},{"id":"46","type":"Feature","properties":{"landuse":"forest","natural":"unknown","base_elevation":150},"geometry":{"type":"Polygon","coordinates":[[[106.500804,29.617516],[106.500845,29.6176],[106.500801,29.617637],[106.500944,29.617694],[106.500947,29.617054],[106.500849,29.617072],[106.500779,29.617141],[106.500833,29.617172],[106.500795,29.617247],[106.500804,29.617516]]]}},{"id":"47","type":"Feature","properties":{"landuse":"forest","natural":"unknown","base_elevation":110},"geometry":{"type":"Polygon","coordinates":[[[106.536139,29.617389],[106.535721,29.618154],[106.535646,29.618354],[106.535725,29.618619],[106.535678,29.618962],[106.53615,29.618981],[106.536388,29.618645],[106.53669,29.61862],[106.537476,29.618859],[106.537996,29.617918],[106.536139,29.617389]]]}},{"id":"48","type":"Feature","properties":{"landuse":"forest","natural":"unknown","base_elevation":146},"geometry":{"type":"Polygon","coordinates":[[[106.502069,29.618382],[106.502197,29.618383],[106.502198,29.618271],[106.50207,29.61827],[106.502069,29.618382]]]}},{"id":"49","type":"Feature","properties":{"landuse":"forest","natural":"unknown","base_elevation":144},"geometry":{"type":"Polygon","coordinates":[[[106.50314,29.618388],[106.503267,29.618388],[106.503268,29.618276],[106.50314,29.618275],[106.50314,29.618388]]]}},{"id":"50","type":"Feature","properties":{"landuse":"forest","natural":"unknown","base_elevation":144},"geometry":{"type":"Polygon","coordinates":[[[106.502569,29.618361],[106.50257,29.618523],[106.502782,29.618523],[106.502782,29.61836],[106.502569,29.618361]],[[106.502766,29.618511],[106.502585,29.618511],[106.502584,29.618371],[106.502766,29.618371],[106.502766,29.618511]]]}},{"id":"51","type":"Feature","properties":{"landuse":"forest","natural":"unknown","base_elevation":146},"geometry":{"type":"Polygon","coordinates":[[[106.502482,29.61863],[106.502208,29.61861],[106.502209,29.618527],[106.502115,29.618526],[106.502114,29.618619],[106.50217,29.618619],[106.50217,29.618662],[106.502193,29.618628],[106.502482,29.61863]]]}},{"id":"52","type":"Feature","properties":{"landuse":"forest","natural":"unknown","base_elevation":144},"geometry":{"type":"Polygon","coordinates":[[[106.503128,29.618631],[106.50315,29.618665],[106.503151,29.618622],[106.503207,29.618622],[106.503208,29.61853],[106.503114,29.618529],[106.503113,29.618612],[106.502839,29.61861],[106.503128,29.618631]]]}},{"id":"53","type":"Feature","properties":{"landuse":"forest","natural":"unknown","base_elevation":144},"geometry":{"type":"Polygon","coordinates":[[[106.503889,29.619501],[106.503895,29.61851],[106.50382,29.61851],[106.503816,29.619106],[106.503729,29.619399],[106.503728,29.619501],[106.503889,29.619501]]]}},{"id":"54","type":"Feature","properties":{"landuse":"forest","natural":"unknown","base_elevation":145},"geometry":{"type":"Polygon","coordinates":[[[106.50382,29.620056],[106.503852,29.620013],[106.503826,29.619992],[106.503775,29.619579],[106.50373,29.61958],[106.503775,29.620018],[106.50382,29.620056]]]}},{"id":"55","type":"Feature","properties":{"landuse":"forest","natural":"unknown","base_elevation":145},"geometry":{"type":"Polygon","coordinates":[[[106.504136,29.619939],[106.504055,29.619854],[106.504055,29.62007],[106.504136,29.620071],[106.504136,29.619939]]]}},{"id":"56","type":"Feature","properties":{"landuse":"forest","natural":"unknown","base_elevation":145},"geometry":{"type":"Polygon","coordinates":[[[106.504019,29.620255],[106.50402,29.620161],[106.50394,29.620082],[106.503907,29.62013],[106.503905,29.620248],[106.504019,29.620255]]]}},{"id":"57","type":"Feature","properties":{"landuse":"forest","natural":"unknown","base_elevation":26},"geometry":{"type":"Polygon","coordinates":[[[106.57662,29.49191],[106.576286,29.49294],[106.576134,29.493178],[106.575922,29.493376],[106.575497,29.494102],[106.575193,29.494089],[106.57492,29.493944],[106.574677,29.493746],[106.574404,29.493878],[106.574601,29.494089],[106.574844,29.494287],[106.574799,29.494564],[106.574344,29.494961],[106.573828,29.495278],[106.573646,29.495528],[106.57357,29.495806],[106.573737,29.49603],[106.573979,29.496823],[106.573873,29.497074],[106.573995,29.497602],[106.573206,29.49809],[106.57293,29.498192],[106.572779,29.498342],[106.572737,29.498538],[106.572608,29.498687],[106.572404,29.498752],[106.572286,29.498921],[106.572973,29.499005],[106.573209,29.499061],[106.57323,29.499247],[106.573133,29.499406],[106.572962,29.499509],[106.572286,29.499509],[106.571857,29.499444],[106.571395,29.499444],[106.571191,29.499518],[106.571188,29.499702],[106.571385,29.499926],[106.57382,29.500592],[106.575204,29.500601],[106.577637,29.499859],[106.577849,29.500139],[106.57838,29.500168],[106.579164,29.50053],[106.579533,29.500523],[106.57963,29.501354],[106.579088,29.502581],[106.578792,29.503601],[106.579736,29.5056],[106.581695,29.50668],[106.582309,29.506972],[106.582934,29.507671],[106.583181,29.508296],[106.583199,29.509197],[106.583084,29.510229],[106.581942,29.510798],[106.580753,29.51111],[106.580831,29.51187],[106.580503,29.51224],[106.580442,29.512427],[106.580446,29.512707],[106.580546,29.512828],[106.580796,29.512973],[106.580945,29.513341],[106.580934,29.513854],[106.580967,29.513936],[106.581159,29.514125],[106.5815,29.514294],[106.582214,29.51511],[106.582112,29.515315],[106.581681,29.515369],[106.581166,29.515181],[106.580706,29.515493],[106.580277,29.515244],[106.580101,29.515373],[106.580029,29.515524],[106.579994,29.515776],[106.580117,29.515957],[106.580337,29.516114],[106.581204,29.516119],[106.581767,29.516364],[106.582127,29.516594],[106.582284,29.516893],[106.582926,29.516971],[106.583095,29.51681],[106.582836,29.516702],[106.582504,29.516496],[106.582284,29.516105],[106.581294,29.515894],[106.581389,29.515796],[106.582155,29.515771],[106.582684,29.516281],[106.583086,29.516273],[106.583939,29.515212],[106.584575,29.515599],[106.583722,29.51666],[106.584102,29.516962],[106.58398,29.517126],[106.584141,29.517526],[106.583968,29.518226],[106.583323,29.518558],[106.582914,29.518612],[106.58245,29.519124],[106.581958,29.5191],[106.581563,29.518479],[106.581043,29.517967],[106.58026,29.517762],[106.5797,29.517903],[106.579174,29.51837],[106.578959,29.518445],[106.578734,29.518417],[106.578562,29.518566],[106.578305,29.51893],[106.578348,29.519117],[106.579002,29.519219],[106.579614,29.519826],[106.579828,29.519826],[106.579978,29.519686],[106.580172,29.51977],[106.580354,29.520116],[106.580363,29.520647],[106.580455,29.520896],[106.580799,29.521292],[106.581117,29.521746],[106.581212,29.521979],[106.582048,29.523135],[106.583186,29.524286],[106.583575,29.525092],[106.583804,29.525451],[106.584256,29.526612],[106.584799,29.527605],[106.584924,29.528742],[106.585407,29.530011],[106.586491,29.530982],[106.587301,29.531192],[106.587408,29.531379],[106.587156,29.53137],[106.586947,29.531584],[106.587397,29.531832],[106.588205,29.5327],[106.588663,29.532235],[106.588647,29.532653],[106.589602,29.536126],[106.590343,29.538058],[106.5906,29.538599],[106.591877,29.540709],[106.593249,29.543087],[106.593825,29.544367],[106.594577,29.546657],[106.595115,29.548116],[106.595214,29.548056],[106.595335,29.548056],[106.595449,29.548149],[106.5962,29.549574],[106.596208,29.54968],[106.595358,29.550393],[106.595318,29.550652],[106.595027,29.550632],[106.595024,29.551114],[106.595154,29.551553],[106.595768,29.552386],[106.596337,29.552273],[106.596936,29.552089],[106.597224,29.552102],[106.597475,29.552221],[106.597497,29.55226],[106.597528,29.552471],[106.597444,29.552676],[106.597338,29.552795],[106.5973,29.552788],[106.597255,29.552702],[106.597156,29.552617],[106.597057,29.552656],[106.596967,29.552613],[106.59686,29.552491],[106.596447,29.552524],[106.596309,29.552564],[106.596632,29.55501],[106.598081,29.555498],[106.597527,29.556689],[106.598191,29.557241],[106.598808,29.556954],[106.599132,29.556965],[106.599028,29.557353],[106.59848,29.557798],[106.599516,29.558857],[106.599403,29.559469],[106.600481,29.561135],[106.600395,29.561501],[106.600151,29.561529],[106.600127,29.56134],[106.599261,29.561104],[106.599202,29.56131],[106.599424,29.561715],[106.59914,29.5619],[106.599376,29.562401],[106.60024,29.56232],[106.600521,29.562453],[106.600516,29.562632],[106.600269,29.562931],[106.599618,29.562964],[106.599644,29.563379],[106.599612,29.56372],[106.599341,29.563766],[106.598875,29.563692],[106.597968,29.563699],[106.597748,29.563881],[106.597171,29.563954],[106.596596,29.563821],[106.597933,29.567316],[106.598708,29.567379],[106.598615,29.567163],[106.598196,29.566818],[106.598263,29.566381],[106.599457,29.566099],[106.599795,29.566213],[106.599788,29.566643],[106.600487,29.56714],[106.600599,29.567331],[106.600632,29.567522],[106.600524,29.567644],[106.600143,29.567578],[106.5995,29.568087],[106.599446,29.568241],[106.599542,29.568393],[106.599437,29.568987],[106.599732,29.569846],[106.601235,29.570857],[106.6019,29.570372],[106.602136,29.569774],[106.602007,29.56886],[106.601428,29.568991],[106.601192,29.568505],[106.601814,29.568132],[106.601894,29.567784],[106.601996,29.56771],[106.602106,29.567396],[106.602359,29.567162],[106.602491,29.566966],[106.602491,29.566846],[106.602301,29.566832],[106.602271,29.566657],[106.602326,29.566581],[106.602419,29.566588],[106.602458,29.566538],[106.602755,29.566514],[106.602807,29.566916],[106.602928,29.566901],[106.602964,29.566825],[106.602986,29.566504],[106.603159,29.566507],[106.603261,29.566693],[106.603236,29.566817],[106.603417,29.566825],[106.603525,29.566796],[106.603544,29.566899],[106.603522,29.566944],[106.603378,29.566948],[106.603373,29.567042],[106.603291,29.56714],[106.603215,29.567082],[106.603105,29.567054],[106.602986,29.567095],[106.60284,29.566965],[106.602792,29.567034],[106.602801,29.567124],[106.602746,29.567131],[106.602703,29.567192],[106.602628,29.567152],[106.602591,29.567234],[106.602375,29.567466],[106.602321,29.567625],[106.602445,29.568008],[106.602729,29.568096],[106.603062,29.568885],[106.603212,29.569328],[106.60326,29.569552],[106.603244,29.569804],[106.603314,29.569958],[106.603641,29.569962],[106.603861,29.569832],[106.604217,29.569737],[106.604702,29.569844],[106.605084,29.570037],[106.605357,29.570086],[106.605344,29.570242],[106.605132,29.570315],[106.605111,29.570592],[106.605366,29.570814],[106.605248,29.571001],[106.605105,29.571423],[106.606513,29.571735],[106.606934,29.572384],[106.606693,29.572874],[106.605996,29.573177],[106.606076,29.57356],[106.606677,29.573751],[106.606935,29.574239],[106.607492,29.574248],[106.607519,29.574411],[106.607103,29.574553],[106.607101,29.574796],[106.606852,29.575123],[106.607069,29.575561],[106.606776,29.575902],[106.606919,29.576245],[106.607423,29.576338],[106.607632,29.576639],[106.607635,29.577122],[106.607407,29.577304],[106.607541,29.577458],[106.607388,29.577682],[106.607589,29.578097],[106.607766,29.578218],[106.607876,29.578463],[106.607884,29.57878],[106.607605,29.578848],[106.607246,29.578178],[106.607442,29.578111],[106.607305,29.57778],[106.60712,29.577782],[106.607297,29.577504],[106.607247,29.577373],[106.606782,29.577537],[106.606976,29.577942],[106.606819,29.578952],[106.607233,29.579351],[106.608654,29.579386],[106.608815,29.579862],[106.60918,29.580014],[106.609035,29.580437],[106.609381,29.580518],[106.609439,29.580748],[106.609418,29.581171],[106.60966,29.581332],[106.609451,29.581883],[106.60944,29.582149],[106.609144,29.582326],[106.609215,29.582736],[106.609767,29.582937],[106.610314,29.584262],[106.611312,29.583142],[106.611891,29.582974],[106.612315,29.583268],[106.61275,29.582923],[106.613066,29.583371],[106.612884,29.583707],[106.612975,29.58393],[106.613361,29.583767],[106.613431,29.583404],[106.613908,29.58331],[106.614198,29.583324],[106.614509,29.58442],[106.614225,29.584542],[106.614922,29.585568],[106.615335,29.585694],[106.615394,29.586352],[106.615561,29.586436],[106.616027,29.586389],[106.615899,29.586629],[106.615228,29.586578],[106.615121,29.586662],[106.615357,29.586832],[106.615617,29.586853],[106.615856,29.586832],[106.616003,29.586928],[106.615826,29.587128],[106.615925,29.587383],[106.616483,29.588099],[106.61632,29.588311],[106.617551,29.588213],[106.618865,29.58797],[106.618945,29.588441],[106.618978,29.58895],[106.61938,29.589459],[106.62011,29.589697],[106.620268,29.590228],[106.62067,29.590196],[106.620992,29.589995],[106.621081,29.590109],[106.620885,29.590326],[106.620922,29.590618],[106.620491,29.590844],[106.620842,29.591],[106.620632,29.591322],[106.620201,29.591525],[106.619994,29.59181],[106.62004,29.592001],[106.61955,29.592165],[106.619321,29.591707],[106.618822,29.591574],[106.618954,29.591383],[106.619235,29.591516],[106.619485,29.591446],[106.61931,29.590933],[106.61828,29.591073],[106.617572,29.590588],[106.617773,29.590317],[106.617795,29.589774],[106.617052,29.589314],[106.616623,29.589543],[106.615861,29.589421],[106.615652,29.589253],[106.615389,29.589799],[106.615759,29.589953],[106.615748,29.590102],[106.615545,29.590112],[106.615609,29.59035],[106.615169,29.590382],[106.615244,29.590513],[106.615523,29.590606],[106.616102,29.590329],[106.616516,29.590532],[106.616296,29.590616],[106.615958,29.590588],[106.615845,29.590746],[106.615673,29.590854],[106.615813,29.590984],[106.616253,29.591012],[106.617143,29.59084],[106.617535,29.59104],[106.618452,29.591782],[106.619037,29.591866],[106.618946,29.592677],[106.619396,29.592808],[106.619533,29.593421],[106.619994,29.593372],[106.619871,29.592803],[106.620898,29.593065],[106.621464,29.593377],[106.621547,29.593669],[106.621706,29.59372],[106.622033,29.5941],[106.622234,29.594478],[106.62206,29.594529],[106.621327,29.59382],[106.621225,29.593916],[106.621534,29.594252],[106.621998,29.594683],[106.622183,29.595017],[106.622312,29.595427],[106.622805,29.595504],[106.623352,29.595091],[106.623259,29.594926],[106.623052,29.594993],[106.623071,29.594711],[106.623202,29.594352],[106.62284,29.594105],[106.622819,29.593911],[106.623224,29.593932],[106.623449,29.594151],[106.623409,29.594466],[106.623784,29.594289],[106.623996,29.594373],[106.624235,29.5942],[106.624458,29.593981],[106.624664,29.593899],[106.625069,29.59406],[106.625032,29.594252],[106.624793,29.594385],[106.624694,29.594548],[106.624806,29.594769],[106.625271,29.594258],[106.625579,29.593819],[106.625846,29.59323],[106.626536,29.592373],[106.626737,29.591795],[106.626894,29.591596],[106.627821,29.590843],[106.629894,29.588521],[106.62991,29.588087],[106.629707,29.587835],[106.629224,29.587994],[106.629079,29.58742],[106.629417,29.587005],[106.62991,29.586958],[106.62961,29.586305],[106.6302,29.586212],[106.629857,29.585885],[106.629009,29.586035],[106.629578,29.585204],[106.627891,29.585009],[106.627636,29.583907],[106.627826,29.581888],[106.626751,29.581449],[106.626792,29.580189],[106.627829,29.579578],[106.627018,29.578826],[106.627282,29.57815],[106.625326,29.577314],[106.624813,29.577211],[106.62669,29.575588],[106.626776,29.575224],[106.626336,29.574757],[106.626188,29.575519],[106.625319,29.575277],[106.62578,29.574213],[106.626531,29.573457],[106.626231,29.573084],[106.626669,29.57234],[106.626873,29.572546],[106.627162,29.572378],[106.627089,29.572153],[106.627427,29.571945],[106.627609,29.572219],[106.627671,29.57212],[106.627659,29.571871],[106.627542,29.571586],[106.626845,29.571934],[106.626445,29.571852],[106.626523,29.571712],[106.626745,29.571666],[106.626995,29.571162],[106.626614,29.570704],[106.626585,29.570396],[106.626979,29.570403],[106.627156,29.570508],[106.627507,29.570622],[106.627631,29.570751],[106.627834,29.570842],[106.628097,29.570858],[106.628403,29.570753],[106.62865,29.570835],[106.628671,29.570928],[106.628296,29.571024],[106.628384,29.571388],[106.628563,29.571735],[106.628634,29.572102],[106.628756,29.57213],[106.629115,29.572536],[106.629394,29.572788],[106.629523,29.573292],[106.629909,29.573637],[106.629759,29.573843],[106.629169,29.573749],[106.628858,29.573936],[106.628858,29.574449],[106.629888,29.574458],[106.630081,29.574039],[106.630413,29.573833],[106.631121,29.574496],[106.630896,29.574944],[106.630488,29.575308],[106.630639,29.575709],[106.631304,29.575877],[106.632023,29.576203],[106.632355,29.575961],[106.633128,29.576362],[106.632656,29.576726],[106.633374,29.577827],[106.634072,29.577594],[106.634758,29.577575],[106.635445,29.5775],[106.635788,29.576801],[106.6361,29.576558],[106.63669,29.577612],[106.637119,29.577211],[106.636936,29.576465],[106.636904,29.575951],[106.63728,29.575914],[106.63802,29.576035],[106.638406,29.576213],[106.638406,29.577612],[106.639061,29.578172],[106.639651,29.578993],[106.639683,29.579889],[106.639372,29.580524],[106.638846,29.580822],[106.638492,29.580738],[106.637816,29.579964],[106.637655,29.579824],[106.636754,29.580421],[106.636497,29.580691],[106.636904,29.581046],[106.637151,29.581802],[106.636711,29.582194],[106.638192,29.582931],[106.637859,29.583406],[106.63743,29.583509],[106.636711,29.583183],[106.636818,29.58419],[106.636411,29.584871],[106.636132,29.585413],[106.636218,29.585823],[106.636703,29.586455],[106.638363,29.586793],[106.639329,29.587176],[106.640037,29.587549],[106.640434,29.587652],[106.640874,29.5876],[106.642206,29.587243],[106.642745,29.587157],[106.643517,29.587213],[106.644346,29.587357],[106.645548,29.587798],[106.645961,29.588255],[106.647763,29.589636],[106.648343,29.589521],[106.648921,29.58983],[106.650444,29.591509],[106.651866,29.591817],[106.651728,29.592155],[106.652354,29.592181],[106.65377,29.591827],[106.654285,29.591397],[106.654907,29.591416],[106.655284,29.59115],[106.655625,29.590986],[106.655764,29.590809],[106.65589,29.590452],[106.655981,29.59028],[106.656073,29.590182],[106.656207,29.590084],[106.656502,29.590018],[106.656818,29.589818],[106.657113,29.589561],[106.657457,29.588717],[106.657569,29.588516],[106.657827,29.58818],[106.658031,29.587821],[106.658304,29.587136],[106.658492,29.586529],[106.658605,29.586058],[106.658669,29.585456],[106.65905,29.584285],[106.659458,29.583422],[106.66015,29.582116],[106.660311,29.581692],[106.660863,29.58046],[106.661389,29.579084],[106.661453,29.578566],[106.661432,29.578193],[106.661469,29.577987],[106.661534,29.577833],[106.661657,29.577675],[106.66192,29.577429],[106.662728,29.576207],[106.662031,29.575368],[106.662568,29.573521],[106.662181,29.572214],[106.662761,29.571934],[106.663018,29.571071],[106.662889,29.570101],[106.662825,29.569233],[106.662161,29.568745],[106.663009,29.567583],[106.66343,29.567376],[106.664578,29.56781],[106.665393,29.567647],[106.665565,29.567273],[106.665393,29.566863],[106.664835,29.566807],[106.664243,29.56648],[106.663521,29.565783],[106.663682,29.565392],[106.664074,29.565185],[106.664614,29.565704],[106.665148,29.563471],[106.664932,29.563253],[106.665176,29.562964],[106.666802,29.563706],[106.66685,29.564424],[106.666501,29.564695],[106.666909,29.565474],[106.665954,29.565983],[106.665981,29.56637],[106.666022,29.566403],[106.666592,29.566224],[106.668186,29.56504],[106.667644,29.563982],[106.667483,29.563519],[106.66641,29.562735],[106.664157,29.561601],[106.660273,29.559497],[106.657985,29.558069],[106.657907,29.558356],[106.658087,29.558545],[106.658277,29.558857],[106.657972,29.558932],[106.657872,29.558753],[106.657154,29.558522],[106.656451,29.558062],[106.655712,29.558086],[106.654525,29.558421],[106.65534,29.55883],[106.654836,29.558993],[106.654884,29.559172],[106.654343,29.559361],[106.654399,29.559527],[106.654131,29.559648],[106.654205,29.559846],[106.654103,29.559911],[106.65399,29.559758],[106.653814,29.559801],[106.653635,29.559791],[106.653576,29.559872],[106.653346,29.5599],[106.653282,29.559792],[106.653122,29.559928],[106.652924,29.559982],[106.652835,29.559809],[106.652516,29.559812],[106.652343,29.559425],[106.651717,29.559735],[106.650573,29.560503],[106.650051,29.560139],[106.650923,29.559497],[106.653031,29.558052],[106.653256,29.557859],[106.653798,29.556809],[106.652484,29.554634],[106.65213,29.554229],[106.652071,29.554116],[106.652275,29.553855],[106.652334,29.553505],[106.652468,29.55322],[106.652774,29.552982],[106.645156,29.545516],[106.643735,29.545236],[106.642957,29.545175],[106.643005,29.5458],[106.642781,29.54626],[106.642527,29.546144],[106.642309,29.5457],[106.641956,29.545528],[106.63773,29.540707],[106.633095,29.537048],[106.629019,29.539755],[106.625693,29.541155],[106.623461,29.541734],[106.623118,29.540763],[106.627474,29.539662],[106.627731,29.53927],[106.627464,29.53873],[106.625214,29.538733],[106.62521,29.537427],[106.627268,29.537415],[106.627645,29.536861],[106.627002,29.536003],[106.627696,29.535753],[106.62816,29.535928],[106.628439,29.536208],[106.631658,29.536208],[106.632065,29.536581],[106.632381,29.536308],[106.632927,29.536323],[106.635679,29.533966],[106.635835,29.532857],[106.635817,29.532016],[106.63565,29.531052],[106.635118,29.529073],[106.634322,29.529254],[106.633979,29.529529],[106.632642,29.529749],[106.63144,29.529734],[106.629841,29.530119],[106.629435,29.530716],[106.628297,29.530873],[106.627619,29.531927],[106.626938,29.531842],[106.626089,29.532235],[106.625809,29.532031],[106.625158,29.532117],[106.62477,29.531889],[106.623698,29.53095],[106.623447,29.530877],[106.62303,29.530861],[106.622565,29.530955],[106.621761,29.531712],[106.621385,29.532277],[106.621087,29.532428],[106.620681,29.532488],[106.618903,29.531943],[106.618685,29.531404],[106.618781,29.530932],[106.619241,29.530574],[106.619106,29.530199],[106.618564,29.530242],[106.618472,29.529454],[106.618191,29.529146],[106.617944,29.529003],[106.617571,29.528873],[106.617086,29.528274],[106.61698,29.527885],[106.61698,29.527532],[106.616932,29.527496],[106.616865,29.527546],[106.61684,29.5281],[106.616986,29.528445],[106.617339,29.529122],[106.61761,29.529415],[106.618065,29.529422],[106.618344,29.530303],[106.618043,29.530718],[106.617621,29.531169],[106.617601,29.53172],[106.617444,29.531888],[106.616858,29.532042],[106.616374,29.532353],[106.61591,29.532343],[106.615474,29.532507],[106.615226,29.532798],[106.614668,29.533181],[106.614239,29.533168],[106.613779,29.533513],[106.61341,29.533968],[106.613618,29.534252],[106.613922,29.534575],[106.61396,29.534746],[106.613922,29.534846],[106.613711,29.534881],[106.613092,29.534454],[106.612955,29.534425],[106.612807,29.534461],[106.612365,29.535297],[106.612169,29.535389],[106.611954,29.535253],[106.611781,29.534896],[106.611695,29.53479],[106.611568,29.534741],[106.609428,29.534655],[106.609184,29.53468],[106.60897,29.534831],[106.608841,29.535053],[106.608835,29.535142],[106.608854,29.535232],[106.609275,29.535811],[106.6093,29.535886],[106.609263,29.536065],[106.609189,29.53618],[106.608054,29.537274],[106.608204,29.537744],[106.608751,29.538143],[106.608962,29.538464],[106.609082,29.538777],[106.60896,29.539381],[106.608841,29.539763],[106.608851,29.53993],[106.608914,29.540067],[106.610109,29.541722],[106.610183,29.542086],[106.6099,29.542518],[106.609336,29.543661],[106.609803,29.544722],[106.609953,29.544926],[106.61042,29.545901],[106.610809,29.547498],[106.61151,29.549492],[106.61135,29.550435],[106.611071,29.550407],[106.611103,29.551779],[106.611488,29.552094],[106.611831,29.55299],[106.613118,29.553867],[106.613226,29.554315],[106.612732,29.55467],[106.612925,29.556163],[106.61344,29.556705],[106.613204,29.557115],[106.612925,29.557209],[106.61226,29.557339],[106.611917,29.556443],[106.610865,29.556723],[106.612088,29.558254],[106.612045,29.558944],[106.612603,29.559243],[106.612818,29.559243],[106.613054,29.56012],[106.613526,29.560512],[106.613462,29.561053],[106.61359,29.561912],[106.61402,29.56264],[106.61447,29.563237],[106.613912,29.564096],[106.614186,29.565947],[106.614158,29.566118],[106.614375,29.566367],[106.614356,29.566529],[106.614225,29.566661],[106.614201,29.56675],[106.614198,29.56714],[106.614305,29.567319],[106.614241,29.567604],[106.613965,29.568306],[106.613914,29.568379],[106.613616,29.568547],[106.613428,29.568495],[106.613383,29.568434],[106.613412,29.56811],[106.613214,29.567903],[106.612919,29.56773],[106.612648,29.567746],[106.612557,29.567814],[106.612506,29.567898],[106.612315,29.567966],[106.612219,29.567952],[106.612162,29.567889],[106.612176,29.567786],[106.612425,29.567401],[106.612436,29.567322],[106.612286,29.566895],[106.612114,29.566571],[106.611017,29.565434],[106.610674,29.565154],[106.610266,29.565112],[106.609775,29.565313],[106.609748,29.56525],[106.609772,29.564933],[106.60996,29.564436],[106.609886,29.564227],[106.60976,29.564245],[106.609652,29.563966],[106.609839,29.563839],[106.610032,29.563466],[106.610032,29.562925],[106.60956,29.562645],[106.609002,29.562738],[106.608874,29.562552],[106.608874,29.562122],[106.609195,29.561898],[106.60926,29.561301],[106.609131,29.560443],[106.608487,29.558893],[106.608487,29.556112],[106.606706,29.557139],[106.606314,29.556751],[106.606325,29.55636],[106.605872,29.555753],[106.605384,29.555706],[106.605011,29.556019],[106.604447,29.555303],[106.604403,29.5544],[106.605136,29.553704],[106.605464,29.553556],[106.605805,29.553633],[106.606093,29.552894],[106.605918,29.552571],[106.605751,29.552531],[106.605501,29.552881],[106.60522,29.553442],[106.604894,29.553461],[106.604856,29.553435],[106.604575,29.553501],[106.604439,29.553593],[106.6045,29.553772],[106.604469,29.553976],[106.604378,29.554009],[106.604204,29.553871],[106.604105,29.553468],[106.603961,29.553316],[106.603885,29.553059],[106.603832,29.552544],[106.603718,29.552287],[106.603559,29.552135],[106.603635,29.552003],[106.60368,29.552029],[106.603718,29.552003],[106.603476,29.551825],[106.603354,29.551805],[106.603309,29.551831],[106.603202,29.551422],[106.603324,29.551369],[106.603392,29.551218],[106.603051,29.550637],[106.602891,29.550577],[106.602626,29.550637],[106.602459,29.550762],[106.6023,29.55096],[106.602247,29.551119],[106.602671,29.551416],[106.60255,29.551673],[106.602275,29.551959],[106.601741,29.551887],[106.601953,29.551551],[106.601791,29.55135],[106.601852,29.55102],[106.601928,29.55096],[106.602216,29.550907],[106.602254,29.550721],[106.602171,29.550412],[106.602283,29.55028],[106.602502,29.550237],[106.602656,29.550102],[106.602702,29.550017],[106.602527,29.550023],[106.602489,29.549997],[106.601989,29.550162],[106.601518,29.550056],[106.601004,29.550115],[106.600584,29.550012],[106.600485,29.550075],[106.60039,29.550022],[106.600382,29.549907],[106.600618,29.549859],[106.60087,29.549623],[106.601017,29.549706],[106.60101,29.549865],[106.60123,29.549891],[106.601769,29.54966],[106.601829,29.54966],[106.602178,29.549838],[106.60252,29.549838],[106.602595,29.549799],[106.602542,29.549627],[106.601882,29.549079],[106.601564,29.548696],[106.601708,29.548505],[106.601829,29.548175],[106.601776,29.547627],[106.601609,29.547337],[106.601215,29.547027],[106.601093,29.547],[106.600972,29.546849],[106.601108,29.546717],[106.601427,29.545682],[106.601412,29.545265],[106.601177,29.544987],[106.600979,29.544882],[106.600691,29.544915],[106.600653,29.544954],[106.600471,29.544981],[106.600175,29.544816],[106.600062,29.544789],[106.599993,29.544611],[106.600122,29.544459],[106.600186,29.544279],[106.599988,29.543726],[106.599671,29.543243],[106.599634,29.543065],[106.599581,29.542992],[106.59915,29.542757],[106.59891,29.542507],[106.598881,29.542277],[106.598936,29.54209],[106.599201,29.541737],[106.599629,29.541496],[106.599562,29.541426],[106.599573,29.541306],[106.599489,29.541252],[106.59939,29.541249],[106.599341,29.541331],[106.59903,29.541437],[106.598908,29.541549],[106.598764,29.541324],[106.598726,29.541133],[106.598544,29.541074],[106.598461,29.541146],[106.598332,29.541166],[106.598074,29.541344],[106.598013,29.54143],[106.597983,29.541588],[106.598036,29.541793],[106.598044,29.541984],[106.59793,29.54207],[106.59749,29.54211],[106.597459,29.542064],[106.597679,29.541588],[106.597626,29.541298],[106.597619,29.540948],[106.597657,29.540909],[106.597763,29.540585],[106.597831,29.540658],[106.597877,29.540664],[106.598082,29.540499],[106.598188,29.540381],[106.598195,29.540328],[106.598385,29.540163],[106.598385,29.539952],[106.598233,29.539806],[106.598173,29.539589],[106.59821,29.539555],[106.598362,29.539648],[106.598514,29.539635],[106.598605,29.539529],[106.598597,29.539344],[106.598688,29.539298],[106.598764,29.53914],[106.598666,29.538948],[106.598355,29.53916],[106.597983,29.539226],[106.597846,29.539021],[106.598028,29.538942],[106.598195,29.538895],[106.598294,29.538915],[106.598537,29.538829],[106.598468,29.538519],[106.598431,29.538486],[106.597846,29.538361],[106.597816,29.538328],[106.59799,29.538044],[106.598013,29.537912],[106.598051,29.537872],[106.598188,29.537833],[106.598241,29.537754],[106.598044,29.537391],[106.597687,29.537457],[106.596739,29.537424],[106.596739,29.53747],[106.596428,29.537661],[106.596306,29.537773],[106.596079,29.537688],[106.596041,29.537536],[106.595669,29.537582],[106.595624,29.537377],[106.596026,29.536935],[106.596048,29.536731],[106.596193,29.536599],[106.596003,29.536334],[106.595866,29.536236],[106.59601,29.536123],[106.596253,29.536143],[106.596435,29.535859],[106.596405,29.53576],[106.595897,29.535364],[106.595897,29.535232],[106.596109,29.534948],[106.596337,29.534935],[106.596473,29.534783],[106.596716,29.534724],[106.596769,29.53481],[106.596807,29.535041],[106.597141,29.535457],[106.597179,29.535899],[106.5973,29.536084],[106.597543,29.536308],[106.597596,29.536302],[106.597673,29.536208],[106.597384,29.535879],[106.597277,29.535404],[106.597156,29.535179],[106.59708,29.534836],[106.597171,29.53481],[106.597217,29.534836],[106.597292,29.534988],[106.597558,29.535212],[106.597604,29.535212],[106.597695,29.535146],[106.597922,29.534777],[106.597975,29.534625],[106.597748,29.534262],[106.597535,29.53409],[106.597255,29.534057],[106.597148,29.534196],[106.596921,29.534031],[106.596913,29.533939],[106.596951,29.533899],[106.596906,29.533542],[106.596928,29.533331],[106.597217,29.533127],[106.597194,29.53281],[106.597255,29.532803],[106.597368,29.532902],[106.597543,29.532849],[106.597566,29.53281],[106.597437,29.532638],[106.597695,29.532691],[106.597733,29.532896],[106.597801,29.532975],[106.598135,29.532843],[106.598248,29.532955],[106.598484,29.532942],[106.598491,29.532843],[106.598582,29.532737],[106.598681,29.53246],[106.598742,29.532387],[106.598711,29.532348],[106.597861,29.532295],[106.597998,29.532176],[106.598226,29.531879],[106.598157,29.531747],[106.598112,29.531457],[106.598142,29.531424],[106.598142,29.531325],[106.598059,29.531265],[106.597641,29.531193],[106.597877,29.53215],[106.597748,29.532262],[106.597634,29.532486],[106.597528,29.532532],[106.597406,29.532526],[106.597156,29.532414],[106.597156,29.532308],[106.5973,29.532156],[106.5973,29.531892],[106.597361,29.531833],[106.597323,29.531727],[106.597323,29.531443],[106.597201,29.531364],[106.596784,29.530935],[106.596511,29.531008],[106.596412,29.53112],[106.596526,29.53145],[106.596708,29.531655],[106.596716,29.532004],[106.596564,29.532097],[106.596367,29.53147],[106.596397,29.531305],[106.596306,29.531186],[106.596177,29.530823],[106.596193,29.530777],[106.595783,29.530532],[106.59532,29.530757],[106.594797,29.530843],[106.594736,29.530843],[106.594508,29.530731],[106.594615,29.530552],[106.595614,29.529521],[106.595513,29.529336],[106.595493,29.529077],[106.595522,29.528786],[106.595469,29.528549],[106.595238,29.528091],[106.594848,29.527537],[106.594746,29.527186],[106.594363,29.526311],[106.595219,29.525157],[106.595148,29.524873],[106.594384,29.524783],[106.594276,29.524028],[106.594125,29.523942],[106.594034,29.523802],[106.594011,29.523582],[106.593193,29.523337],[106.593324,29.522783],[106.593118,29.522656],[106.593052,29.522283],[106.593765,29.521998],[106.593175,29.521281],[106.59302,29.52104],[106.592731,29.521104],[106.592335,29.520925],[106.592325,29.52024],[106.592267,29.519872],[106.592073,29.519301],[106.592124,29.518414],[106.591851,29.518091],[106.591855,29.517216],[106.591716,29.517151],[106.591557,29.517126],[106.590983,29.51612],[106.590445,29.515363],[106.590356,29.514637],[106.59061,29.514333],[106.590315,29.513472],[106.590129,29.51358],[106.589724,29.513465],[106.58963,29.513511],[106.589479,29.513448],[106.589528,29.513313],[106.589334,29.513225],[106.588951,29.513323],[106.588862,29.513102],[106.58966,29.512855],[106.589734,29.512594],[106.589663,29.512382],[106.589532,29.512259],[106.589466,29.51224],[106.58933,29.512286],[106.589236,29.512404],[106.589158,29.512365],[106.588911,29.511886],[106.589223,29.511575],[106.588855,29.511332],[106.588425,29.511564],[106.588452,29.511764],[106.588174,29.511905],[106.587964,29.511768],[106.587961,29.51171],[106.587577,29.5111],[106.587552,29.51092],[106.58758,29.510843],[106.587793,29.510597],[106.588106,29.510317],[106.588061,29.50988],[106.588007,29.509667],[106.587918,29.509492],[106.587776,29.509348],[106.587591,29.509249],[106.587402,29.509224],[106.586958,29.509311],[106.586642,29.509029],[106.58682,29.50885],[106.586722,29.508476],[106.58708,29.508391],[106.587353,29.507691],[106.587268,29.50687],[106.58568,29.506608],[106.585937,29.50616],[106.586731,29.505973],[106.586645,29.505077],[106.587182,29.505039],[106.587353,29.504106],[106.586345,29.502892],[106.585551,29.502705],[106.585422,29.50235],[106.586259,29.501715],[106.58568,29.499885],[106.584199,29.500165],[106.584479,29.499794],[106.584494,29.49953],[106.584616,29.499279],[106.584828,29.499041],[106.585101,29.498909],[106.585313,29.498698],[106.585298,29.498421],[106.585192,29.497879],[106.585147,29.497311],[106.585056,29.497034],[106.584676,29.496585],[106.584616,29.496321],[106.584646,29.496057],[106.584783,29.495819],[106.584752,29.495542],[106.584267,29.494842],[106.583994,29.494723],[106.583892,29.494343],[106.584238,29.493803],[106.584216,29.493607],[106.584131,29.49342],[106.584163,29.493028],[106.584088,29.492851],[106.5841,29.492108],[106.584282,29.491883],[106.584494,29.491329],[106.584282,29.491131],[106.583675,29.491144],[106.583402,29.491276],[106.583144,29.491078],[106.583068,29.490814],[106.583113,29.490536],[106.583341,29.490338],[106.583326,29.490061],[106.583189,29.489784],[106.582931,29.489638],[106.582855,29.489374],[106.582613,29.489189],[106.582431,29.488648],[106.582249,29.488423],[106.582264,29.488159],[106.582173,29.487895],[106.582006,29.487657],[106.581475,29.487446],[106.581475,29.487182],[106.581657,29.486957],[106.581642,29.486402],[106.581566,29.486125],[106.581536,29.48557],[106.581262,29.485438],[106.58102,29.485267],[106.580716,29.48528],[106.580504,29.485082],[106.580504,29.484514],[106.580549,29.48425],[106.580701,29.483985],[106.580989,29.48384],[106.581596,29.483642],[106.581824,29.483431],[106.581885,29.483166],[106.581885,29.482599],[106.581657,29.482414],[106.581353,29.482374],[106.581171,29.482149],[106.580883,29.48211],[106.580489,29.482202],[106.580382,29.482374],[106.580094,29.482467],[106.579942,29.482215],[106.579745,29.482004],[106.579684,29.481727],[106.57976,29.481463],[106.580003,29.481278],[106.580322,29.481199],[106.580625,29.481265],[106.580944,29.481159],[106.581399,29.480776],[106.582309,29.480987],[106.582431,29.481265],[106.582643,29.481476],[106.582795,29.481727],[106.582522,29.481846],[106.582598,29.48211],[106.582764,29.482348],[106.582719,29.482625],[106.582795,29.483153],[106.582658,29.483391],[106.582461,29.483602],[106.58237,29.483853],[106.582582,29.484038],[106.582886,29.483959],[106.583144,29.483748],[106.583326,29.483523],[106.583478,29.483246],[106.58369,29.483034],[106.583978,29.482929],[106.584054,29.482665],[106.583978,29.4824],[106.583827,29.482149],[106.583796,29.481885],[106.583538,29.48174],[106.583341,29.481516],[106.583523,29.481291],[106.583827,29.481225],[106.583902,29.480961],[106.583857,29.480697],[106.583569,29.480221],[106.583447,29.479957],[106.582992,29.479574],[106.582431,29.479336],[106.582173,29.479481],[106.582036,29.479719],[106.581445,29.479627],[106.580853,29.480036],[106.580564,29.480089],[106.580276,29.47997],[106.580079,29.480195],[106.579775,29.480248],[106.579548,29.480063],[106.57929,29.480234],[106.579032,29.480102],[106.578865,29.479838],[106.578759,29.479561],[106.578455,29.479455],[106.578288,29.479679],[106.578,29.479574],[106.577727,29.479429],[106.577773,29.479164],[106.578061,29.479046],[106.578304,29.478874],[106.578607,29.478742],[106.578926,29.478702],[106.579077,29.478953],[106.5797,29.479085],[106.579973,29.478927],[106.5797,29.478795],[106.579715,29.478517],[106.580018,29.478425],[106.5802,29.4782],[106.580094,29.477936],[106.579927,29.477685],[106.57932,29.477011],[106.579017,29.476919],[106.578546,29.477262],[106.578243,29.477236],[106.577985,29.477077],[106.578015,29.476813],[106.578288,29.476311],[106.578395,29.476034],[106.578471,29.475506],[106.578683,29.475268],[106.578926,29.475453],[106.579062,29.475704],[106.579168,29.475955],[106.57929,29.476457],[106.579563,29.475955],[106.57973,29.47573],[106.580003,29.475572],[106.580155,29.475334],[106.579851,29.474845],[106.579897,29.474581],[106.5802,29.474621],[106.580033,29.474383],[106.579745,29.474343],[106.579533,29.474132],[106.579381,29.473894],[106.579335,29.473617],[106.579244,29.473326],[106.579229,29.473049],[106.578865,29.47256],[106.578562,29.472573],[106.578455,29.472322],[106.578348,29.472192],[106.578219,29.472351],[106.578069,29.472192],[106.577666,29.472454],[106.577773,29.472718],[106.577697,29.472983],[106.5775,29.472771],[106.577363,29.47252],[106.577189,29.472042],[106.576996,29.472145],[106.576771,29.472494],[106.576984,29.473287],[106.576908,29.473551],[106.576908,29.473815],[106.577044,29.474079],[106.576969,29.474343],[106.576938,29.474607],[106.576847,29.474872],[106.576665,29.475083],[106.576362,29.475109],[106.576255,29.474568],[106.576301,29.474304],[106.576225,29.473749],[106.57624,29.473471],[106.576195,29.473194],[106.576043,29.472956],[106.575846,29.472745],[106.575709,29.472494],[106.575527,29.472283],[106.575208,29.472177],[106.574925,29.471771],[106.574496,29.472117],[106.574228,29.472407],[106.573788,29.472472],[106.573552,29.47236],[106.572168,29.472425],[106.571745,29.472479],[106.571514,29.472382],[106.570848,29.472369],[106.570666,29.472481],[106.570762,29.472659],[106.570923,29.472808],[106.571149,29.472845],[106.571535,29.472631],[106.57176,29.472649],[106.571943,29.472762],[106.572061,29.47293],[106.572125,29.473499],[106.572275,29.473854],[106.572501,29.47391],[106.572715,29.473929],[106.572951,29.473901],[106.573166,29.473948],[106.57308,29.474116],[106.572822,29.474424],[106.572983,29.474574],[106.573337,29.475078],[106.57353,29.4759],[106.573852,29.476488],[106.573555,29.476496],[106.573312,29.476721],[106.573008,29.476774],[106.572766,29.476575],[106.57225,29.476245],[106.571886,29.475783],[106.571612,29.475281],[106.571051,29.474568],[106.57093,29.474317],[106.57052,29.473881],[106.570414,29.473617],[106.570444,29.473353],[106.570156,29.473273],[106.569883,29.473419],[106.568435,29.47482],[106.568773,29.476163],[106.568957,29.476774],[106.569139,29.476998],[106.569412,29.477117],[106.569488,29.477962],[106.569655,29.4782],[106.569913,29.478359],[106.570141,29.478557],[106.570323,29.478768],[106.570566,29.47898],[106.570732,29.479204],[106.570626,29.479468],[106.570399,29.479679],[106.570414,29.479957],[106.571279,29.481516],[106.571567,29.481555],[106.57187,29.481436],[106.572159,29.48137],[106.572401,29.481212],[106.572568,29.480987],[106.572796,29.480815],[106.572963,29.48104],[106.57269,29.481542],[106.572629,29.481806],[106.572523,29.482057],[106.572341,29.482282],[106.57228,29.482559],[106.572143,29.482823],[106.572174,29.4831],[106.572295,29.483365],[106.572629,29.483827],[106.573008,29.484593],[106.573024,29.48487],[106.573084,29.485148],[106.573206,29.485385],[106.573388,29.486231],[106.573418,29.486508],[106.573115,29.486508],[106.572796,29.486601],[106.572265,29.486944],[106.572068,29.487182],[106.57184,29.48738],[106.571537,29.487446],[106.571385,29.487683],[106.571612,29.487882],[106.571931,29.487829],[106.572401,29.487538],[106.572811,29.487129],[106.573069,29.48701],[106.573585,29.487287],[106.573828,29.487472],[106.573904,29.488014],[106.573979,29.488278],[106.574146,29.488502],[106.574499,29.488854],[106.575815,29.49047],[106.576073,29.490959],[106.576271,29.491157],[106.576559,29.491646],[106.57662,29.49191]],[[106.573933,29.477721],[106.574485,29.479197],[106.574657,29.479318],[106.57456,29.479692],[106.573949,29.47986],[106.573219,29.477908],[106.573933,29.477721]],[[106.584857,29.519173],[106.584444,29.519747],[106.584431,29.51992],[106.58486,29.520734],[106.584241,29.521196],[106.584005,29.52121],[106.5837,29.521141],[106.583506,29.520613],[106.583504,29.520321],[106.583975,29.520198],[106.584274,29.51915],[106.583614,29.519005],[106.5838,29.51848],[106.584877,29.518701],[106.584946,29.518834],[106.584857,29.519173]],[[106.596242,29.544549],[106.596311,29.544298],[106.596704,29.544041],[106.59689,29.54399],[106.597552,29.543972],[106.59824,29.54425],[106.598485,29.544974],[106.598628,29.545554],[106.599214,29.545155],[106.599668,29.545664],[106.600303,29.546218],[106.599804,29.546541],[106.599177,29.546188],[106.598804,29.54612],[106.597849,29.54606],[106.597727,29.545621],[106.597298,29.546112],[106.59659,29.545634],[106.596531,29.544722],[106.596242,29.544549]],[[106.641256,29.54733],[106.640649,29.547159],[106.64055,29.547185],[106.640603,29.547383],[106.640588,29.547469],[106.640042,29.547416],[106.639966,29.547357],[106.639792,29.54704],[106.639503,29.546928],[106.639367,29.546796],[106.63895,29.546519],[106.638752,29.546486],[106.638677,29.546426],[106.638525,29.546195],[106.63832,29.546149],[106.638259,29.54607],[106.638259,29.545892],[106.638191,29.54574],[106.637796,29.545469],[106.637599,29.54537],[106.637501,29.545344],[106.637296,29.545423],[106.636537,29.545337],[106.63634,29.545284],[106.636128,29.545317],[106.635961,29.545205],[106.635862,29.545199],[106.635672,29.545271],[106.635468,29.545278],[106.635263,29.545218],[106.635172,29.545152],[106.635126,29.545067],[106.634914,29.545034],[106.634701,29.545053],[106.634504,29.545139],[106.63417,29.545113],[106.633981,29.545053],[106.633965,29.544974],[106.634185,29.544842],[106.634481,29.544836],[106.634451,29.544756],[106.634238,29.54471],[106.634041,29.544723],[106.634034,29.544638],[106.634193,29.54444],[106.634383,29.5444],[106.634542,29.544506],[106.63483,29.544591],[106.634906,29.544651],[106.63499,29.544836],[106.635065,29.544888],[106.635255,29.544888],[106.635339,29.54473],[106.63543,29.544723],[106.635748,29.544974],[106.635847,29.544935],[106.6359,29.544855],[106.635763,29.54471],[106.635801,29.544638],[106.635908,29.544611],[106.636385,29.54469],[106.636469,29.54475],[106.636408,29.544921],[106.636567,29.54504],[106.636977,29.545106],[106.637061,29.545073],[106.637053,29.544994],[106.636985,29.544928],[106.636985,29.544842],[106.637091,29.544829],[106.637182,29.544836],[106.637356,29.54506],[106.63744,29.5451],[106.63791,29.54504],[106.638047,29.544915],[106.637956,29.544763],[106.637941,29.544591],[106.637979,29.544519],[106.638168,29.544512],[106.638282,29.544987],[106.638244,29.545172],[106.638267,29.545258],[106.638419,29.54535],[106.638623,29.54535],[106.638813,29.545476],[106.638881,29.545535],[106.638889,29.545628],[106.639155,29.545984],[106.639314,29.545885],[106.639405,29.545958],[106.639481,29.546169],[106.639602,29.546307],[106.639685,29.546156],[106.639549,29.545918],[106.639587,29.545746],[106.63967,29.545694],[106.639868,29.545654],[106.640019,29.545766],[106.64005,29.545845],[106.640019,29.545938],[106.639981,29.546024],[106.63983,29.546175],[106.639776,29.546354],[106.639913,29.546585],[106.639997,29.546631],[106.640095,29.546624],[106.640262,29.546545],[106.640232,29.546373],[106.640573,29.546208],[106.640679,29.546235],[106.640831,29.546354],[106.640869,29.546433],[106.640801,29.546505],[106.640474,29.546585],[106.640292,29.546677],[106.640376,29.546723],[106.640672,29.54671],[106.640748,29.546769],[106.640793,29.546948],[106.640846,29.547027],[106.640952,29.54704],[106.641218,29.546954],[106.641506,29.546954],[106.641559,29.54704],[106.641575,29.547225],[106.641643,29.547291],[106.641734,29.547251],[106.64184,29.547106],[106.641916,29.547053],[106.642098,29.547139],[106.642303,29.547139],[106.64231,29.547225],[106.642235,29.547291],[106.641848,29.547502],[106.641521,29.547495],[106.641256,29.54733]],[[106.599544,29.548946],[106.598962,29.548406],[106.598248,29.548505],[106.598021,29.548353],[106.597983,29.548202],[106.598074,29.54807],[106.598582,29.547561],[106.598825,29.547509],[106.598848,29.547548],[106.598802,29.547713],[106.598855,29.547786],[106.598946,29.547799],[106.59906,29.547759],[106.599235,29.54799],[106.599106,29.548116],[106.599106,29.548168],[106.599303,29.548268],[106.599402,29.548149],[106.599512,29.548136],[106.599879,29.548485],[106.599935,29.5486],[106.599873,29.548741],[106.599544,29.548946]],[[106.645322,29.549739],[106.645459,29.549865],[106.645618,29.55028],[106.645611,29.550465],[106.645573,29.550551],[106.645489,29.55061],[106.645391,29.55063],[106.645474,29.550795],[106.645747,29.550888],[106.645884,29.551013],[106.646028,29.551449],[106.646028,29.55162],[106.645831,29.551627],[106.645777,29.551554],[106.645732,29.551383],[106.645497,29.551198],[106.645315,29.55098],[106.645231,29.550822],[106.645155,29.550756],[106.645064,29.550729],[106.644579,29.550261],[106.644465,29.550023],[106.644457,29.549845],[106.644389,29.54966],[106.644389,29.549561],[106.64451,29.549225],[106.644571,29.549145],[106.644677,29.549205],[106.644822,29.549475],[106.644897,29.549522],[106.644981,29.549495],[106.645049,29.54933],[106.645057,29.549159],[106.645133,29.549013],[106.645095,29.548921],[106.645011,29.548868],[106.644988,29.548782],[106.645117,29.548558],[106.645186,29.548492],[106.645299,29.548472],[106.645527,29.548518],[106.645595,29.548597],[106.645557,29.548796],[106.645391,29.549139],[106.645322,29.549218],[106.645482,29.549541],[106.645292,29.549647],[106.645322,29.549739]],[[106.640634,29.551614],[106.640596,29.551792],[106.640687,29.552234],[106.64071,29.55232],[106.64077,29.552386],[106.641142,29.55259],[106.641446,29.552524],[106.641597,29.55265],[106.641612,29.552742],[106.641415,29.552821],[106.641317,29.552795],[106.640892,29.552537],[106.640801,29.552511],[106.640694,29.552524],[106.640603,29.552465],[106.640558,29.5523],[106.640467,29.552135],[106.640429,29.551957],[106.640338,29.551792],[106.640353,29.55162],[106.6403,29.551548],[106.640285,29.551455],[106.640619,29.551112],[106.640565,29.551039],[106.640277,29.550921],[106.640034,29.550769],[106.639852,29.550709],[106.639746,29.550709],[106.639663,29.550775],[106.639026,29.550723],[106.638988,29.550643],[106.639063,29.550498],[106.639041,29.550412],[106.638836,29.550426],[106.638677,29.550307],[106.63857,29.550294],[106.638388,29.550366],[106.638328,29.550307],[106.638358,29.550043],[106.638191,29.549931],[106.637979,29.549911],[106.637903,29.549759],[106.637925,29.549667],[106.638077,29.549541],[106.638305,29.549693],[106.638601,29.549733],[106.638851,29.549865],[106.639162,29.550096],[106.640179,29.55061],[106.640376,29.550637],[106.640573,29.55061],[106.641013,29.55067],[106.641097,29.550716],[106.641104,29.550808],[106.640801,29.551475],[106.640634,29.551614]],[[106.638972,29.552293],[106.63895,29.552392],[106.638866,29.552452],[106.638768,29.552445],[106.638699,29.552366],[106.638677,29.552188],[106.63873,29.552115],[106.638828,29.552082],[106.638798,29.552003],[106.638707,29.55197],[106.638616,29.55201],[106.638419,29.55199],[106.638297,29.551831],[106.637918,29.551515],[106.637925,29.551422],[106.638032,29.551178],[106.6381,29.551119],[106.638259,29.551231],[106.638396,29.551475],[106.638586,29.55168],[106.638661,29.551745],[106.638752,29.551772],[106.638843,29.551732],[106.638843,29.551647],[106.638798,29.551574],[106.638692,29.551574],[106.638608,29.551515],[106.638586,29.551429],[106.638601,29.551178],[106.638692,29.551138],[106.63879,29.551138],[106.638813,29.551053],[106.638904,29.551026],[106.639003,29.551066],[106.639132,29.551191],[106.63917,29.551561],[106.63923,29.551726],[106.639208,29.551904],[106.639375,29.551996],[106.63945,29.55193],[106.639541,29.551904],[106.639708,29.552115],[106.639481,29.55228],[106.639238,29.55226],[106.639155,29.552313],[106.639071,29.552267],[106.638972,29.552293]],[[106.640679,29.554451],[106.640528,29.554577],[106.640634,29.554735],[106.640634,29.554827],[106.640528,29.554979],[106.640437,29.555032],[106.640209,29.554841],[106.640118,29.554814],[106.640027,29.554841],[106.639776,29.555019],[106.639685,29.554966],[106.639587,29.554959],[106.639344,29.555362],[106.639336,29.555448],[106.639268,29.555514],[106.63917,29.555534],[106.639071,29.555487],[106.639026,29.555421],[106.638988,29.555171],[106.639063,29.555098],[106.639147,29.555072],[106.639208,29.554993],[106.639155,29.55492],[106.639056,29.554913],[106.638881,29.555006],[106.638806,29.55494],[106.638828,29.554682],[106.638677,29.55457],[106.638881,29.554372],[106.638889,29.554286],[106.638843,29.554207],[106.638912,29.554134],[106.639003,29.554108],[106.639086,29.554134],[106.639192,29.554121],[106.639223,29.554042],[106.639299,29.553983],[106.639435,29.554102],[106.63961,29.554148],[106.639602,29.554055],[106.639556,29.553976],[106.639632,29.553725],[106.639822,29.553712],[106.639868,29.55364],[106.639799,29.553587],[106.639761,29.553501],[106.639595,29.553376],[106.639223,29.552881],[106.639268,29.552808],[106.639359,29.552775],[106.63945,29.552815],[106.639822,29.553138],[106.639913,29.553178],[106.64011,29.553197],[106.640292,29.553138],[106.640232,29.552973],[106.640277,29.552894],[106.640573,29.552841],[106.640657,29.552887],[106.640657,29.552986],[106.640588,29.553158],[106.64052,29.553217],[106.640558,29.553296],[106.64093,29.55362],[106.641317,29.553712],[106.641377,29.553785],[106.64143,29.553963],[106.641385,29.554036],[106.641043,29.554022],[106.640975,29.554088],[106.641013,29.554273],[106.64099,29.554365],[106.641081,29.55453],[106.641006,29.55459],[106.640899,29.554577],[106.640778,29.554484],[106.640679,29.554451]],[[106.633783,29.557236],[106.633677,29.557022],[106.633734,29.556913],[106.634125,29.557051],[106.634292,29.556913],[106.634155,29.556685],[106.634443,29.556454],[106.634785,29.55718],[106.634781,29.557342],[106.634394,29.557378],[106.634125,29.557312],[106.634011,29.557253],[106.633783,29.557236]],[[106.648482,29.556947],[106.648525,29.556842],[106.648501,29.556548],[106.648313,29.556314],[106.648048,29.556205],[106.64786,29.556209],[106.647602,29.556457],[106.647219,29.556321],[106.647178,29.556254],[106.647345,29.556191],[106.647441,29.555834],[106.647677,29.555878],[106.6476,29.555999],[106.647704,29.556137],[106.647959,29.556027],[106.648179,29.5562],[106.648568,29.556123],[106.648852,29.556361],[106.649061,29.556289],[106.649788,29.556482],[106.649898,29.55659],[106.649517,29.556627],[106.649558,29.556786],[106.649941,29.556839],[106.650027,29.556965],[106.649238,29.556923],[106.648825,29.556776],[106.648707,29.557007],[106.649078,29.557271],[106.649064,29.557637],[106.649273,29.557791],[106.649222,29.557922],[106.649091,29.558018],[106.649048,29.558172],[106.64908,29.558293],[106.649432,29.558307],[106.649485,29.558799],[106.649753,29.559336],[106.648976,29.55973],[106.649142,29.560173],[106.648938,29.560332],[106.648766,29.56001],[106.648579,29.560127],[106.648504,29.559632],[106.648235,29.559627],[106.647798,29.559471],[106.647669,29.559504],[106.647514,29.559669],[106.647594,29.559849],[106.647793,29.559891],[106.647841,29.560068],[106.647541,29.559994],[106.647232,29.559996],[106.646709,29.560288],[106.646604,29.560467],[106.64628,29.560663],[106.64603,29.560565],[106.645851,29.560395],[106.645915,29.560101],[106.646001,29.559966],[106.646253,29.559879],[106.646559,29.559896],[106.646763,29.559963],[106.646929,29.559837],[106.646972,29.559697],[106.647248,29.559595],[106.647476,29.559434],[106.647731,29.559387],[106.647731,29.559261],[106.647508,29.559207],[106.64724,29.559263],[106.647004,29.559392],[106.646865,29.559266],[106.646875,29.559121],[106.647055,29.559103],[106.647066,29.558986],[106.646733,29.558825],[106.646739,29.558622],[106.647058,29.558265],[106.646977,29.558136],[106.646543,29.558046],[106.646726,29.557751],[106.646445,29.557507],[106.646316,29.557546],[106.64609,29.557426],[106.646225,29.557302],[106.646164,29.557223],[106.6458,29.557012],[106.64552,29.556893],[106.64552,29.556807],[106.645648,29.556682],[106.646028,29.556655],[106.646073,29.556622],[106.646089,29.556537],[106.646164,29.55649],[106.646506,29.556688],[106.646544,29.556774],[106.646506,29.556959],[106.646703,29.556873],[106.646854,29.557042],[106.64687,29.557216],[106.647624,29.557213],[106.647712,29.556898],[106.647967,29.556858],[106.648176,29.556928],[106.648482,29.556947]],[[106.631496,29.563136],[106.630171,29.562457],[106.629862,29.56238],[106.629731,29.56225],[106.6295,29.562112],[106.629438,29.562152],[106.62931,29.562075],[106.629234,29.562002],[106.629283,29.561921],[106.629251,29.561834],[106.628706,29.56147],[106.62821,29.561307],[106.627968,29.561177],[106.627688,29.561128],[106.625377,29.559763],[106.624246,29.559651],[106.623703,29.559353],[106.623178,29.559385],[106.622711,29.559651],[106.621639,29.55985],[106.620753,29.558946],[106.619967,29.55921],[106.618735,29.560036],[106.618084,29.560038],[106.61717,29.560458],[106.616831,29.560346],[106.616746,29.560019],[106.616326,29.559806],[106.615877,29.559487],[106.61622,29.558722],[106.616188,29.558405],[106.615459,29.55847],[106.615313,29.558257],[106.616306,29.558162],[106.616542,29.558022],[106.615788,29.557469],[106.617159,29.554996],[106.618308,29.555561],[106.617585,29.556411],[106.618898,29.557118],[106.619623,29.556766],[106.620943,29.556301],[106.621531,29.554665],[106.62073,29.553804],[106.624458,29.552554],[106.62606,29.554364],[106.626607,29.554015],[106.627622,29.554843],[106.627784,29.556169],[106.627556,29.557161],[106.62861,29.556688],[106.630076,29.556571],[106.630511,29.557306],[106.630842,29.557507],[106.630726,29.55783],[106.63087,29.557913],[106.631212,29.557856],[106.631416,29.557979],[106.631375,29.558163],[106.631208,29.558312],[106.631219,29.558437],[106.631549,29.558483],[106.631674,29.558444],[106.631898,29.558698],[106.632084,29.558698],[106.632353,29.558582],[106.632353,29.558718],[106.632679,29.558774],[106.632789,29.558843],[106.633066,29.55881],[106.632945,29.558963],[106.632983,29.55917],[106.633203,29.559351],[106.633351,29.559331],[106.63356,29.559387],[106.633582,29.559206],[106.633484,29.559087],[106.63359,29.559025],[106.633658,29.559005],[106.633821,29.559054],[106.634318,29.559087],[106.634421,29.559061],[106.634474,29.55885],[106.634417,29.558734],[106.634022,29.558411],[106.633977,29.558335],[106.634049,29.558236],[106.634174,29.558196],[106.634318,29.558256],[106.634466,29.558388],[106.6345,29.558553],[106.634618,29.558655],[106.634728,29.558645],[106.634894,29.558489],[106.635098,29.558498],[106.635302,29.558591],[106.635511,29.558615],[106.635731,29.558568],[106.635833,29.558484],[106.63586,29.558349],[106.635312,29.558036],[106.635253,29.557887],[106.635634,29.557784],[106.635843,29.55778],[106.635978,29.557728],[106.636047,29.557976],[106.636439,29.557966],[106.636632,29.558087],[106.636825,29.558139],[106.637008,29.558036],[106.637185,29.55785],[106.637362,29.55785],[106.637437,29.557808],[106.637507,29.557966],[106.637614,29.558018],[106.637689,29.558237],[106.637592,29.558358],[106.637447,29.558438],[106.637421,29.55854],[106.63756,29.558624],[106.637646,29.55882],[106.637496,29.559035],[106.637222,29.559226],[106.637313,29.55931],[106.637211,29.559399],[106.637126,29.559366],[106.63704,29.559282],[106.636868,29.559375],[106.636745,29.559637],[106.636584,29.559739],[106.636423,29.55973],[106.636203,29.559581],[106.636004,29.55924],[106.635838,29.559054],[106.63564,29.559049],[106.635468,29.559137],[106.635565,29.559352],[106.635387,29.559641],[106.635393,29.559814],[106.635543,29.559954],[106.635361,29.559949],[106.635168,29.560136],[106.635221,29.560374],[106.635532,29.560696],[106.63542,29.560831],[106.635387,29.561074],[106.635447,29.561181],[106.635527,29.561237],[106.635967,29.561186],[106.636155,29.561265],[106.636332,29.560962],[106.6366,29.560957],[106.636809,29.561251],[106.636863,29.561401],[106.63653,29.561415],[106.636407,29.561947],[106.636262,29.562072],[106.636691,29.562376],[106.636933,29.562208],[106.637099,29.56218],[106.637211,29.562385],[106.637387,29.562472],[106.637619,29.562712],[106.637576,29.562875],[106.637919,29.563076],[106.638032,29.563052],[106.638311,29.563085],[106.638075,29.563248],[106.638161,29.563416],[106.638386,29.563603],[106.638359,29.563776],[106.638456,29.563785],[106.638524,29.563872],[106.638932,29.564749],[106.63964,29.565272],[106.640262,29.567343],[106.639962,29.567959],[106.640176,29.568575],[106.639672,29.568328],[106.639189,29.568262],[106.639297,29.567787],[106.638773,29.567345],[106.638461,29.568073],[106.637795,29.567012],[106.636357,29.566517],[106.635413,29.565696],[106.635145,29.565248],[106.635221,29.566841],[106.635007,29.566972],[106.634717,29.566486],[106.634803,29.565787],[106.634535,29.565423],[106.634309,29.565637],[106.633578,29.56452],[106.634025,29.564466],[106.633751,29.564256],[106.633698,29.564144],[106.633556,29.564021],[106.633118,29.563883],[106.632161,29.563692],[106.631922,29.563598],[106.631788,29.563419],[106.631496,29.563136]],[[106.64834,29.56074],[106.648651,29.560593],[106.648782,29.560691],[106.648831,29.560934],[106.64867,29.56106],[106.64882,29.561205],[106.649263,29.561156],[106.649517,29.561489],[106.649716,29.56147],[106.649823,29.561202],[106.650185,29.561116],[106.650392,29.561282],[106.650593,29.561109],[106.650969,29.560967],[106.651744,29.561118],[106.651679,29.560857],[106.651269,29.560365],[106.651709,29.560159],[106.652674,29.560071],[106.652723,29.560138],[106.652677,29.56026],[106.652875,29.560542],[106.652782,29.560717],[106.653806,29.561041],[106.653796,29.561431],[106.653597,29.561517],[106.653651,29.561636],[106.653897,29.561792],[106.65423,29.561734],[106.65416,29.561907],[106.653774,29.561972],[106.653699,29.562075],[106.654195,29.562712],[106.654252,29.563085],[106.65486,29.563031],[106.654748,29.562639],[106.654895,29.562266],[106.655088,29.561968],[106.655051,29.561732],[106.655217,29.561622],[106.654989,29.561401],[106.654308,29.561013],[106.654619,29.560724],[106.654882,29.560775],[106.654898,29.560507],[106.655169,29.560393],[106.655355,29.560213],[106.655696,29.560338],[106.655161,29.559805],[106.654732,29.560145],[106.654265,29.560309],[106.653975,29.560131],[106.653423,29.560467],[106.653114,29.560167],[106.653239,29.560059],[106.653449,29.559974],[106.65377,29.559967],[106.653798,29.560001],[106.653943,29.559961],[106.654112,29.559964],[106.655091,29.559345],[106.655472,29.559289],[106.655354,29.559105],[106.655595,29.558962],[106.655724,29.559126],[106.65603,29.559112],[106.656362,29.55914],[106.656397,29.559338],[106.656767,29.559308],[106.656722,29.55921],[106.656804,29.559136],[106.657709,29.559683],[106.657591,29.560124],[106.656663,29.559989],[106.65655,29.560287],[106.656981,29.560369],[106.65692,29.560563],[106.656619,29.560544],[106.656499,29.560631],[106.656786,29.560822],[106.656958,29.561158],[106.657001,29.561377],[106.656962,29.561395],[106.656995,29.561496],[106.656915,29.561599],[106.656958,29.561667],[106.657134,29.561683],[106.657124,29.561788],[106.657288,29.561788],[106.657151,29.562607],[106.65743,29.56238],[106.657459,29.56182],[106.657623,29.561748],[106.657387,29.561578],[106.657323,29.561454],[106.657687,29.56147],[106.657746,29.561284],[106.657685,29.561037],[106.65762,29.560934],[106.657602,29.560675],[106.657961,29.560215],[106.658127,29.560073],[106.658291,29.560183],[106.658259,29.56036],[106.658358,29.560554],[106.658471,29.56064],[106.658463,29.560859],[106.658506,29.561104],[106.658479,29.561305],[106.658232,29.561433],[106.65799,29.561625],[106.657961,29.561862],[106.658009,29.562079],[106.658157,29.562285],[106.658463,29.562268],[106.658449,29.562042],[106.658707,29.562042],[106.65883,29.562229],[106.659592,29.561982],[106.659871,29.562212],[106.660177,29.562044],[106.660667,29.562439],[106.660772,29.562663],[106.66144,29.562877],[106.662279,29.563657],[106.6621,29.56392],[106.661931,29.56399],[106.661778,29.564002],[106.661678,29.563906],[106.661708,29.563556],[106.661314,29.563353],[106.660823,29.563512],[106.660434,29.563167],[106.660311,29.56337],[106.659965,29.563293],[106.659782,29.563008],[106.659455,29.562975],[106.659224,29.563358],[106.659042,29.563318],[106.6588,29.563335],[106.658774,29.563701],[106.658699,29.563876],[106.658578,29.563974],[106.658814,29.563902],[106.659106,29.563715],[106.659452,29.56364],[106.659578,29.563755],[106.660107,29.563857],[106.660142,29.563934],[106.659374,29.564051],[106.659077,29.564179],[106.658881,29.564422],[106.658709,29.564368],[106.658591,29.564284],[106.65854,29.564135],[106.658444,29.564189],[106.65802,29.564191],[106.657832,29.56406],[106.657307,29.56379],[106.657486,29.563528],[106.656408,29.563622],[106.656687,29.563771],[106.65629,29.563939],[106.656247,29.56409],[106.656724,29.564408],[106.657062,29.564501],[106.657382,29.56434],[106.657623,29.564356],[106.657913,29.56469],[106.657687,29.564795],[106.657567,29.565035],[106.657363,29.564968],[106.657406,29.565138],[106.657639,29.565465],[106.657339,29.565735],[106.656848,29.565157],[106.656722,29.565077],[106.656346,29.565231],[106.656089,29.565166],[106.655821,29.564737],[106.655587,29.564772],[106.655432,29.564504],[106.655445,29.56416],[106.655646,29.564032],[106.655601,29.563934],[106.655335,29.563808],[106.654804,29.563909],[106.65467,29.564083],[106.65493,29.564249],[106.655378,29.564175],[106.655394,29.56445],[106.655319,29.564604],[106.655091,29.564497],[106.654549,29.564683],[106.654431,29.564615],[106.654359,29.564396],[106.654388,29.564197],[106.654281,29.56424],[106.654158,29.564361],[106.654179,29.564613],[106.654155,29.564669],[106.653651,29.564585],[106.653439,29.56438],[106.653243,29.564014],[106.652991,29.563843],[106.653141,29.563365],[106.653605,29.56323],[106.653541,29.562793],[106.653302,29.56259],[106.653053,29.562639],[106.652766,29.562404],[106.652607,29.562562],[106.652725,29.562964],[106.652629,29.563374],[106.651467,29.562693],[106.651441,29.56249],[106.651087,29.562467],[106.650204,29.562637],[106.649389,29.56287],[106.648879,29.562782],[106.648316,29.562569],[106.64782,29.562432],[106.647664,29.562285],[106.6472,29.561193],[106.64698,29.561023],[106.646548,29.560862],[106.6468,29.560491],[106.647018,29.560631],[106.647141,29.560638],[106.647297,29.560563],[106.64746,29.560185],[106.647632,29.560199],[106.647742,29.560512],[106.648115,29.561067],[106.648321,29.561048],[106.64834,29.56074]],[[106.6291,29.563043],[106.628789,29.562968],[106.628682,29.563006],[106.628526,29.563001],[106.628457,29.562964],[106.628317,29.562772],[106.628028,29.562712],[106.627759,29.562539],[106.627384,29.562502],[106.627223,29.562357],[106.627148,29.562343],[106.627099,29.562292],[106.627282,29.562124],[106.627298,29.562063],[106.627196,29.561895],[106.627105,29.561653],[106.626896,29.561475],[106.626708,29.561377],[106.626418,29.561242],[106.626161,29.561205],[106.625817,29.561065],[106.62556,29.560912],[106.625434,29.560915],[106.625495,29.560988],[106.625412,29.561073],[106.625355,29.56108],[106.625264,29.560998],[106.625264,29.560909],[106.625165,29.560826],[106.625063,29.560816],[106.624706,29.560942],[106.624672,29.561123],[106.62482,29.561252],[106.624744,29.561314],[106.624221,29.561502],[106.624167,29.561562],[106.623837,29.561519],[106.623678,29.561423],[106.623705,29.561331],[106.62383,29.561265],[106.623841,29.561222],[106.623754,29.561166],[106.623515,29.561163],[106.623348,29.561196],[106.623348,29.561153],[106.623125,29.561083],[106.622894,29.561069],[106.622856,29.561023],[106.622937,29.560925],[106.623205,29.560995],[106.623355,29.560999],[106.623462,29.56092],[106.623441,29.560803],[106.623505,29.560794],[106.62357,29.560799],[106.623699,29.560957],[106.623763,29.560985],[106.623833,29.560967],[106.623875,29.56092],[106.623854,29.560859],[106.623747,29.560789],[106.623774,29.560733],[106.623843,29.560715],[106.623913,29.560719],[106.624063,29.560845],[106.624133,29.560869],[106.624203,29.560841],[106.624294,29.560757],[106.624315,29.560645],[106.62453,29.560631],[106.62453,29.560509],[106.624391,29.560449],[106.62416,29.560453],[106.624122,29.560397],[106.624154,29.560346],[106.624101,29.560304],[106.624031,29.560285],[106.623881,29.560323],[106.623634,29.56015],[106.623629,29.560089],[106.623725,29.560024],[106.623795,29.560015],[106.623902,29.56008],[106.624031,29.560015],[106.6246,29.559982],[106.624648,29.560024],[106.624653,29.560085],[106.624546,29.560164],[106.624562,29.560225],[106.624745,29.560313],[106.624959,29.560481],[106.625463,29.560677],[106.625495,29.560733],[106.62542,29.560757],[106.625506,29.56085],[106.625758,29.560911],[106.625807,29.560869],[106.625833,29.560757],[106.625893,29.560733],[106.626102,29.560794],[106.626204,29.560719],[106.6263,29.560808],[106.626279,29.560943],[106.626316,29.560999],[106.626375,29.561037],[106.626585,29.561069],[106.626794,29.561219],[106.627266,29.561456],[106.627389,29.561611],[106.627443,29.561653],[106.627518,29.561657],[106.627593,29.561764],[106.627738,29.561792],[106.627802,29.5619],[106.627942,29.561937],[106.628038,29.56203],[106.628108,29.56204],[106.628151,29.561993],[106.628215,29.561993],[106.628339,29.562086],[106.628382,29.562138],[106.628113,29.562268],[106.628269,29.562394],[106.628398,29.562334],[106.628462,29.562338],[106.628553,29.562534],[106.628607,29.562562],[106.628671,29.562553],[106.628698,29.562432],[106.628827,29.562464],[106.62894,29.562404],[106.628998,29.562427],[106.629074,29.562544],[106.629299,29.56267],[106.629422,29.562828],[106.629492,29.562847],[106.629589,29.56295],[106.629245,29.563043],[106.629224,29.562987],[106.629192,29.563132],[106.6291,29.563043]],[[106.625683,29.562189],[106.625895,29.561947],[106.625978,29.561729],[106.626284,29.56187],[106.62637,29.561963],[106.626375,29.562021],[106.62633,29.562091],[106.626365,29.562296],[106.626311,29.562371],[106.626078,29.562495],[106.625949,29.56252],[106.625686,29.562231],[106.625683,29.562189]],[[106.625721,29.563477],[106.625345,29.563318],[106.625184,29.563183],[106.625184,29.563122],[106.625265,29.563015],[106.625034,29.56302],[106.624734,29.562945],[106.624482,29.562791],[106.624294,29.562898],[106.624219,29.562894],[106.624063,29.562777],[106.623741,29.56281],[106.62372,29.562572],[106.623656,29.56246],[106.623682,29.562404],[106.623811,29.56238],[106.623945,29.562548],[106.62424,29.562693],[106.624305,29.562674],[106.624321,29.562614],[106.624251,29.562478],[106.624171,29.562371],[106.624058,29.562296],[106.624042,29.562231],[106.62416,29.562082],[106.624181,29.561905],[106.624229,29.561858],[106.624374,29.561834],[106.624444,29.561858],[106.624466,29.561919],[106.624449,29.562044],[106.624573,29.562488],[106.624825,29.562716],[106.624889,29.56274],[106.624948,29.562721],[106.625007,29.562674],[106.62505,29.562572],[106.625115,29.562544],[106.625179,29.562567],[106.625249,29.562688],[106.625474,29.562786],[106.625646,29.562903],[106.62578,29.563057],[106.62585,29.563076],[106.626048,29.563248],[106.626096,29.563211],[106.62608,29.56315],[106.625946,29.563006],[106.625984,29.562954],[106.626188,29.56294],[106.626349,29.563071],[106.626273,29.563192],[106.626155,29.563258],[106.626059,29.563426],[106.625876,29.563318],[106.625796,29.563318],[106.625732,29.563365],[106.625785,29.563454],[106.625721,29.563477]],[[106.608048,29.563901],[106.60819,29.564002],[106.608445,29.563975],[106.608623,29.564053],[106.608745,29.564237],[106.608679,29.564404],[106.608965,29.564909],[106.60881,29.56545],[106.608144,29.565604],[106.607817,29.565558],[106.607753,29.565366],[106.608091,29.565175],[106.608118,29.564984],[106.607785,29.564877],[106.607366,29.564909],[106.606959,29.565231],[106.606353,29.5651],[106.606107,29.564967],[106.605749,29.564587],[106.605591,29.564082],[106.605226,29.563466],[106.605269,29.563205],[106.606814,29.562402],[106.607693,29.561618],[106.607778,29.56157],[106.607875,29.561561],[106.608294,29.561703],[106.60829,29.562387],[106.608095,29.562906],[106.608001,29.563765],[106.608048,29.563901]],[[106.599119,29.565353],[106.599352,29.565154],[106.599095,29.564611],[106.599097,29.564403],[106.599223,29.564363],[106.59939,29.564734],[106.59988,29.564405],[106.600157,29.564021],[106.599867,29.563836],[106.600068,29.563685],[106.600457,29.563692],[106.600768,29.563988],[106.600508,29.564273],[106.600151,29.564219],[106.599674,29.564919],[106.599846,29.565164],[106.600243,29.565033],[106.600529,29.565276],[106.600481,29.565493],[106.59987,29.565976],[106.599473,29.565684],[106.599347,29.565633],[106.599119,29.565353]],[[106.607704,29.56878],[106.60779,29.568511],[106.607624,29.568036],[106.607637,29.567926],[106.607729,29.567872],[106.607863,29.567947],[106.608091,29.568595],[106.608166,29.568707],[106.60849,29.568656],[106.608603,29.568595],[106.608657,29.56867],[106.608592,29.568754],[106.60848,29.568789],[106.608517,29.568878],[106.608625,29.568931],[106.608665,29.569034],[106.608528,29.569118],[106.608504,29.569209],[106.608458,29.569251],[106.608313,29.569291],[106.608061,29.569174],[106.607949,29.569162],[106.607704,29.56878]],[[106.614727,29.571472],[106.614418,29.571374],[106.613734,29.57101],[106.61342,29.57045],[106.613302,29.570028],[106.613133,29.569823],[106.61287,29.569781],[106.612715,29.569732],[106.612621,29.569662],[106.612449,29.569225],[106.612307,29.569046],[106.611883,29.568885],[106.611797,29.568756],[106.611811,29.568388],[106.611755,29.568059],[106.61184,29.56798],[106.612259,29.568061],[106.61257,29.567977],[106.612712,29.567891],[106.612876,29.567858],[106.613074,29.567905],[106.613232,29.567989],[106.613318,29.568085],[106.61334,29.56814],[106.613302,29.568406],[106.613399,29.568554],[106.613525,29.568598],[106.613686,29.568581],[106.613882,29.568495],[106.614,29.568358],[106.614228,29.567882],[106.614354,29.567518],[106.61437,29.567284],[106.614254,29.566955],[106.614257,29.566797],[106.614316,29.566682],[106.614372,29.56664],[106.614541,29.566627],[106.614745,29.566631],[106.615114,29.566742],[106.615027,29.567013],[106.615502,29.567212],[106.615762,29.567511],[106.615746,29.567613],[106.615657,29.567744],[106.615606,29.567907],[106.615582,29.568096],[106.615582,29.568302],[106.615684,29.568598],[106.615604,29.568817],[106.615504,29.568952],[106.615467,29.569085],[106.61547,29.569221],[106.615561,29.569316],[106.615901,29.569526],[106.61592,29.569601],[106.615842,29.569909],[106.615899,29.570126],[106.616092,29.570242],[106.615974,29.57063],[106.61562,29.571008],[106.61548,29.571278],[106.615319,29.571406],[106.615038,29.571481],[106.614727,29.571472]],[[106.616269,29.573639],[106.615872,29.573246],[106.61584,29.572981],[106.615604,29.57292],[106.615362,29.572995],[106.615174,29.573187],[106.615035,29.573186],[106.614971,29.573084],[106.614971,29.572934],[106.615217,29.572697],[106.615437,29.572715],[106.615824,29.572837],[106.616317,29.572776],[106.61666,29.572221],[106.616875,29.571992],[106.616966,29.571455],[106.617631,29.571423],[106.617814,29.572151],[106.617953,29.572291],[106.617926,29.572468],[106.617765,29.572883],[106.617266,29.572962],[106.617127,29.573401],[106.617352,29.573541],[106.617481,29.573583],[106.617347,29.573821],[106.617122,29.573821],[106.617073,29.573989],[106.617122,29.574106],[106.61703,29.574148],[106.616499,29.573886],[106.616464,29.573776],[106.616269,29.573639]],[[106.615354,29.576345],[106.615456,29.576298],[106.615542,29.576184],[106.61566,29.575897],[106.61566,29.575724],[106.615435,29.575463],[106.615279,29.57519],[106.614985,29.57492],[106.614942,29.574814],[106.615005,29.574776],[106.615193,29.574907],[106.615295,29.575032],[106.615451,29.575113],[106.615582,29.575123],[106.615644,29.575013],[106.615636,29.574885],[106.615713,29.574859],[106.615778,29.574997],[106.615781,29.575197],[106.615679,29.575368],[106.615807,29.575508],[106.616009,29.575561],[106.616212,29.575573],[106.616381,29.575505],[106.616451,29.575389],[106.616553,29.575391],[106.616644,29.57544],[106.617065,29.575412],[106.617299,29.575438],[106.617489,29.575398],[106.617631,29.57533],[106.617749,29.575377],[106.617682,29.575484],[106.617725,29.575559],[106.617607,29.575631],[106.617406,29.575689],[106.617065,29.575661],[106.616467,29.575844],[106.616191,29.575825],[106.616051,29.575869],[106.615952,29.575958],[106.615966,29.576079],[106.616199,29.576212],[106.616676,29.576282],[106.616827,29.576242],[106.617186,29.576345],[106.617307,29.576434],[106.617285,29.576532],[106.617379,29.576646],[106.61725,29.576739],[106.616803,29.576541],[106.616733,29.576553],[106.616553,29.57663],[106.616427,29.576921],[106.616379,29.576947],[106.616287,29.576879],[106.616191,29.576667],[106.616065,29.576641],[106.615569,29.576749],[106.615475,29.576735],[106.615365,29.576611],[106.615354,29.576345]],[[106.651209,29.556458],[106.65108,29.556325],[106.650891,29.556372],[106.65083,29.556451],[106.650777,29.556629],[106.650519,29.556504],[106.650306,29.55649],[106.650413,29.556246],[106.650496,29.556207],[106.650587,29.55624],[106.650686,29.556227],[106.650807,29.556088],[106.651095,29.556095],[106.651232,29.555864],[106.651209,29.555784],[106.651088,29.555659],[106.651095,29.555573],[106.650906,29.555639],[106.650853,29.55556],[106.650845,29.555316],[106.650875,29.55523],[106.65083,29.555157],[106.650891,29.554979],[106.650891,29.554887],[106.650746,29.554768],[106.650754,29.554689],[106.650671,29.554636],[106.65058,29.554662],[106.65042,29.554781],[106.650314,29.554788],[106.650216,29.554748],[106.650124,29.55459],[106.649882,29.554418],[106.649889,29.554326],[106.649798,29.554286],[106.6497,29.554286],[106.649624,29.55422],[106.649609,29.553963],[106.649336,29.553811],[106.648774,29.55329],[106.648744,29.553204],[106.648774,29.553118],[106.648873,29.553098],[106.649047,29.553164],[106.649373,29.553362],[106.649662,29.553613],[106.649912,29.553778],[106.650261,29.553943],[106.650344,29.553904],[106.650413,29.553752],[106.650496,29.553719],[106.650602,29.553725],[106.650777,29.553646],[106.650868,29.553646],[106.650944,29.553719],[106.651065,29.554003],[106.650936,29.554273],[106.650929,29.554445],[106.650966,29.55453],[106.651156,29.554762],[106.651331,29.554913],[106.65171,29.555435],[106.651809,29.555468],[106.651854,29.555395],[106.651824,29.555309],[106.651854,29.55523],[106.652089,29.555388],[106.652074,29.555481],[106.652006,29.555586],[106.651847,29.555712],[106.652196,29.556022],[106.652226,29.556108],[106.652173,29.55618],[106.652423,29.556061],[106.652507,29.556101],[106.652765,29.556504],[106.65278,29.556603],[106.652711,29.556669],[106.652582,29.556642],[106.652355,29.556451],[106.652256,29.556411],[106.652158,29.556411],[106.65196,29.55649],[106.651642,29.556504],[106.651308,29.55649],[106.651209,29.556458]],[[106.659307,29.559343],[106.659157,29.559597],[106.659436,29.559651],[106.659608,29.55963],[106.659957,29.559942],[106.660002,29.560204],[106.660075,29.560236],[106.660158,29.560169],[106.66037,29.559816],[106.660501,29.559842],[106.660466,29.560061],[106.660219,29.560449],[106.660531,29.560988],[106.66034,29.561202],[106.660115,29.561025],[106.659549,29.560768],[106.659026,29.560173],[106.658551,29.559784],[106.658393,29.559795],[106.658192,29.559529],[106.658414,29.559287],[106.658546,29.558988],[106.659307,29.559343]],[[106.661646,29.561363],[106.661523,29.561498],[106.662038,29.561797],[106.662424,29.561825],[106.662569,29.561732],[106.663363,29.561905],[106.663524,29.562021],[106.6642,29.562306],[106.664103,29.562525],[106.663615,29.562562],[106.663234,29.562716],[106.663068,29.562707],[106.662845,29.563164],[106.662714,29.56312],[106.660681,29.561312],[106.660681,29.560995],[106.660917,29.560915],[106.661646,29.561363]],[[106.660002,29.565563],[106.660056,29.565322],[106.660032,29.565136],[106.659785,29.565049],[106.659377,29.564769],[106.658972,29.564951],[106.658846,29.565112],[106.658851,29.565283],[106.658666,29.565257],[106.658602,29.565425],[106.658827,29.565577],[106.658921,29.565878],[106.659066,29.566104],[106.65875,29.566118],[106.658436,29.566202],[106.65805,29.566032],[106.65773,29.566093],[106.658151,29.565652],[106.658272,29.565269],[106.658141,29.56507],[106.65795,29.564881],[106.658149,29.564681],[106.658658,29.56452],[106.65868,29.564469],[106.658948,29.56452],[106.659442,29.564522],[106.659747,29.564328],[106.660008,29.56437],[106.660337,29.564599],[106.660555,29.56469],[106.660552,29.564809],[106.660788,29.565175],[106.661,29.565019],[106.661445,29.565164],[106.661719,29.565126],[106.662035,29.564958],[106.662212,29.56557],[106.662062,29.565705],[106.661823,29.565794],[106.661606,29.565705],[106.661089,29.565157],[106.661072,29.565502],[106.660785,29.565528],[106.660804,29.565675],[106.660965,29.565868],[106.661123,29.565852],[106.661239,29.565969],[106.661483,29.565908],[106.661544,29.565985],[106.66126,29.566078],[106.661115,29.566199],[106.661214,29.566384],[106.661349,29.566458],[106.661273,29.566533],[106.660992,29.566456],[106.660995,29.566657],[106.661362,29.566799],[106.661663,29.566712],[106.661805,29.566881],[106.662014,29.56703],[106.66177,29.56738],[106.661593,29.567429],[106.661805,29.567739],[106.662202,29.567651],[106.662408,29.567788],[106.661872,29.568418],[106.661491,29.568796],[106.661365,29.568794],[106.661263,29.56909],[106.661308,29.56926],[106.661461,29.569284],[106.661735,29.569447],[106.662065,29.569246],[106.662279,29.569426],[106.662247,29.569846],[106.662065,29.569995],[106.662102,29.570159],[106.66225,29.57017],[106.662269,29.570816],[106.661907,29.570844],[106.661475,29.569934],[106.66111,29.569939],[106.660906,29.569414],[106.660691,29.569454],[106.660496,29.569274],[106.66034,29.568924],[106.660329,29.568733],[106.660793,29.568441],[106.660793,29.568313],[106.660353,29.568035],[106.659606,29.567894],[106.658684,29.568762],[106.658126,29.568827],[106.657713,29.568169],[106.657836,29.566746],[106.657919,29.566506],[106.658183,29.566574],[106.658385,29.566398],[106.65913,29.566328],[106.659321,29.566079],[106.659521,29.566102],[106.659337,29.566015],[106.659184,29.565885],[106.659109,29.565712],[106.659417,29.565579],[106.659629,29.565388],[106.659742,29.565392],[106.659758,29.565528],[106.660002,29.565563]],[[106.663425,29.567021],[106.663146,29.566916],[106.662826,29.566888],[106.662577,29.566692],[106.662574,29.56627],[106.662652,29.566076],[106.662577,29.565775],[106.662819,29.565588],[106.662995,29.565514],[106.663486,29.564779],[106.663376,29.564483],[106.662843,29.564128],[106.662971,29.563853],[106.663288,29.563846],[106.663626,29.563678],[106.663932,29.563783],[106.664119,29.564062],[106.664377,29.564587],[106.66427,29.564825],[106.664044,29.565007],[106.663583,29.565026],[106.66317,29.565707],[106.662961,29.565698],[106.662821,29.565866],[106.662937,29.56602],[106.663317,29.566008],[106.663578,29.566162],[106.663843,29.56637],[106.663926,29.566564],[106.66376,29.566692],[106.663602,29.566743],[106.663722,29.566834],[106.663808,29.566846],[106.663996,29.566953],[106.664009,29.567235],[106.664111,29.567247],[106.664498,29.566909],[106.664916,29.567044],[106.664774,29.567389],[106.664291,29.567443],[106.663854,29.567436],[106.663631,29.56734],[106.663663,29.567212],[106.663425,29.567021]]]}},{"id":"58","type":"Feature","properties":{"landuse":"forest","natural":"unknown","base_elevation":113},"geometry":{"type":"Polygon","coordinates":[[[106.553969,29.518247],[106.554587,29.51829],[106.554668,29.518255],[106.555456,29.51831],[106.55547,29.518163],[106.553988,29.518047],[106.553969,29.518247]]]}},{"id":"59","type":"Feature","properties":{"landuse":"forest","natural":"unknown","base_elevation":110},"geometry":{"type":"Polygon","coordinates":[[[106.552829,29.518099],[106.552877,29.518354],[106.552941,29.518431],[106.553283,29.518607],[106.553324,29.518541],[106.553668,29.518702],[106.553621,29.518777],[106.555389,29.519661],[106.555781,29.519789],[106.556339,29.519835],[106.556406,29.519768],[106.556412,29.519696],[106.555883,29.519645],[106.555418,29.519513],[106.554118,29.518902],[106.554154,29.518408],[106.553607,29.518373],[106.553639,29.51799],[106.553593,29.517957],[106.552989,29.517916],[106.55288,29.517972],[106.552829,29.518099]]]}},{"id":"60","type":"Feature","properties":{"landuse":"forest","natural":"unknown","base_elevation":152},"geometry":{"type":"Polygon","coordinates":[[[106.560385,29.519991],[106.559928,29.519957],[106.55983,29.520065],[106.56046,29.520109],[106.560385,29.519991]]]}},{"id":"61","type":"Feature","properties":{"landuse":"forest","natural":"unknown","base_elevation":144},"geometry":{"type":"Polygon","coordinates":[[[106.563934,29.520288],[106.563947,29.520241],[106.560553,29.520004],[106.560609,29.520119],[106.56512,29.520439],[106.565134,29.520373],[106.563934,29.520288]]]}},{"id":"62","type":"Feature","properties":{"landuse":"forest","natural":"unknown","base_elevation":147},"geometry":{"type":"Polygon","coordinates":[[[106.56273,29.520695],[106.564189,29.520801],[106.565095,29.520856],[106.565091,29.520729],[106.562795,29.520567],[106.56273,29.520695]]]}},{"id":"63","type":"Feature","properties":{"landuse":"forest","natural":"unknown","base_elevation":84},"geometry":{"type":"Polygon","coordinates":[[[106.573483,29.530311],[106.572959,29.529108],[106.572785,29.529143],[106.573301,29.530348],[106.573483,29.530311]]]}},{"id":"64","type":"Feature","properties":{"landuse":"forest","natural":"unknown","base_elevation":132},"geometry":{"type":"Polygon","coordinates":[[[106.588576,29.534836],[106.588485,29.535193],[106.588363,29.535377],[106.588166,29.535575],[106.588121,29.535668],[106.588121,29.53576],[106.588272,29.536011],[106.588212,29.536302],[106.588318,29.536354],[106.588652,29.536249],[106.588925,29.536975],[106.588955,29.53708],[106.58894,29.537292],[106.588879,29.537358],[106.588788,29.537371],[106.588712,29.537424],[106.588697,29.537635],[106.58897,29.53778],[106.589122,29.537767],[106.589516,29.537806],[106.589577,29.537925],[106.589547,29.538018],[106.590032,29.539008],[106.590123,29.5391],[106.590305,29.53943],[106.59067,29.539813],[106.590943,29.539998],[106.590958,29.540381],[106.590639,29.540433],[106.590609,29.540526],[106.590654,29.540711],[106.590897,29.540829],[106.592414,29.542559],[106.592627,29.542757],[106.590442,29.538968],[106.589744,29.537542],[106.588879,29.534691],[106.588576,29.534836]]]}},{"id":"65","type":"Feature","properties":{"landuse":"forest","natural":"unknown","base_elevation":100},"geometry":{"type":"Polygon","coordinates":[[[106.590123,29.544951],[106.590144,29.545012],[106.59001,29.545175],[106.590074,29.545404],[106.590396,29.545628],[106.5906,29.545474],[106.590664,29.545469],[106.590906,29.545828],[106.591131,29.545805],[106.591179,29.545763],[106.591179,29.545516],[106.59133,29.545437],[106.591265,29.545357],[106.59156,29.5449],[106.591437,29.54468],[106.591185,29.544564],[106.591104,29.544597],[106.590718,29.544615],[106.590519,29.544452],[106.590407,29.544414],[106.590246,29.544438],[106.590171,29.544522],[106.589989,29.544484],[106.5892,29.54405],[106.588733,29.544358],[106.588604,29.544372],[106.588443,29.54447],[106.588363,29.544615],[106.588213,29.544713],[106.587945,29.544256],[106.587607,29.544319],[106.587529,29.544541],[106.587328,29.544894],[106.587568,29.545185],[106.587582,29.545341],[106.587668,29.545458],[106.587794,29.545534],[106.587953,29.545385],[106.587781,29.545126],[106.587684,29.54486],[106.587864,29.544671],[106.588028,29.544715],[106.588114,29.544828],[106.588178,29.545037],[106.588452,29.545087],[106.588612,29.545201],[106.588658,29.545275],[106.588535,29.545378],[106.58825,29.545458],[106.588237,29.545602],[106.588355,29.5457],[106.588519,29.545621],[106.588822,29.545345],[106.589157,29.545203],[106.58913,29.545129],[106.589495,29.544928],[106.589999,29.544909],[106.590123,29.544951]]]}},{"id":"66","type":"Feature","properties":{"landuse":"forest","natural":"unknown","base_elevation":78},"geometry":{"type":"Polygon","coordinates":[[[106.540593,29.553276],[106.541108,29.553332],[106.542154,29.553603],[106.542428,29.553542],[106.543044,29.55407],[106.54305,29.554275],[106.543114,29.554443],[106.543275,29.55456],[106.54349,29.55435],[106.543999,29.554448],[106.544037,29.554788],[106.544273,29.554779],[106.544471,29.554471],[106.543651,29.554135],[106.543549,29.554051],[106.543683,29.553762],[106.543109,29.553505],[106.542985,29.553314],[106.542395,29.553239],[106.542202,29.55329],[106.541778,29.553248],[106.541666,29.553169],[106.540904,29.552913],[106.540856,29.55252],[106.540791,29.552278],[106.540636,29.55217],[106.540443,29.552091],[106.540512,29.551825],[106.540609,29.551723],[106.540491,29.551545],[106.540293,29.551583],[106.539638,29.551083],[106.539525,29.551149],[106.539794,29.551396],[106.539713,29.551653],[106.539777,29.551849],[106.539536,29.552054],[106.539466,29.552152],[106.538957,29.55253],[106.538791,29.552474],[106.538779,29.552244],[106.538679,29.552086],[106.538532,29.552074],[106.538515,29.552432],[106.538413,29.55271],[106.53837,29.55307],[106.539466,29.553519],[106.539729,29.553449],[106.539987,29.553487],[106.540351,29.553295],[106.540593,29.553276]]]}},{"id":"67","type":"Feature","properties":{"landuse":"forest","natural":"unknown","base_elevation":82},"geometry":{"type":"Polygon","coordinates":[[[106.547565,29.559379],[106.547298,29.559026],[106.54729,29.55891],[106.547189,29.558912],[106.547124,29.558982],[106.54713,29.559316],[106.547407,29.559423],[106.547514,29.559671],[106.547407,29.559793],[106.547501,29.560126],[106.54765,29.560302],[106.547646,29.560338],[106.5475,29.560336],[106.547393,29.560382],[106.54739,29.56046],[106.547565,29.560912],[106.547501,29.561063],[106.547271,29.561138],[106.547279,29.561282],[106.547629,29.561339],[106.547783,29.560971],[106.548055,29.561028],[106.548321,29.560435],[106.548305,29.560198],[106.547861,29.559832],[106.547727,29.559781],[106.547565,29.559379]]]}},{"id":"68","type":"Feature","properties":{"landuse":"forest","natural":"unknown","base_elevation":67},"geometry":{"type":"Polygon","coordinates":[[[106.583791,29.567497],[106.584001,29.567396],[106.58398,29.567358],[106.583515,29.567483],[106.583363,29.567489],[106.583191,29.567434],[106.583078,29.567539],[106.58296,29.567409],[106.582676,29.566729],[106.582628,29.56677],[106.582782,29.567255],[106.583011,29.56758],[106.583166,29.567663],[106.583756,29.567443],[106.583791,29.567497]]]}},{"id":"69","type":"Feature","properties":{"landuse":"forest","natural":"unknown","base_elevation":82},"geometry":{"type":"Polygon","coordinates":[[[106.593835,29.56811],[106.593776,29.567928],[106.593513,29.567588],[106.593052,29.566818],[106.59281,29.567014],[106.593143,29.567634],[106.593175,29.568115],[106.593652,29.568796],[106.593835,29.568908],[106.594098,29.56895],[106.594189,29.568885],[106.594028,29.568749],[106.593969,29.568554],[106.593846,29.56839],[106.593835,29.56811]]]}},{"id":"70","type":"Feature","properties":{"landuse":"forest","natural":"unknown","base_elevation":74},"geometry":{"type":"Polygon","coordinates":[[[106.545324,29.572629],[106.545271,29.572865],[106.545464,29.572897],[106.545445,29.573366],[106.546091,29.573231],[106.546199,29.572662],[106.545426,29.572585],[106.545324,29.572629]]]}},{"id":"71","type":"Feature","properties":{"landuse":"forest","natural":"unknown","base_elevation":88},"geometry":{"type":"Polygon","coordinates":[[[106.554887,29.610865],[106.554625,29.61022],[106.554372,29.60983],[106.554202,29.60977],[106.5542,29.610912],[106.554887,29.610865]]]}},{"id":"72","type":"Feature","properties":{"landuse":"forest","natural":"unknown","base_elevation":102},"geometry":{"type":"Polygon","coordinates":[[[106.541077,29.611504],[106.540702,29.611568],[106.542787,29.611456],[106.543917,29.611245],[106.544004,29.611054],[106.543813,29.611063],[106.543344,29.611233],[106.54265,29.611357],[106.541077,29.611504]]]}},{"id":"73","type":"Feature","properties":{"landuse":"forest","natural":"unknown","base_elevation":101},"geometry":{"type":"Polygon","coordinates":[[[106.538666,29.611645],[106.539885,29.611583],[106.54086,29.611418],[106.542199,29.611319],[106.542331,29.611279],[106.542318,29.611115],[106.541437,29.611287],[106.540925,29.611264],[106.540507,29.611336],[106.539978,29.611377],[106.538665,29.611411],[106.538666,29.611645]]]}},{"id":"74","type":"Feature","properties":{"landuse":"forest","natural":"unknown","base_elevation":102},"geometry":{"type":"Polygon","coordinates":[[[106.540725,29.614694],[106.541027,29.614691],[106.541972,29.61503],[106.542882,29.615259],[106.544099,29.615436],[106.544104,29.615196],[106.544021,29.615154],[106.543931,29.614943],[106.542644,29.614831],[106.542047,29.614711],[106.541531,29.614416],[106.541536,29.613893],[106.542262,29.613852],[106.544074,29.614006],[106.544356,29.613893],[106.544938,29.613909],[106.544932,29.613775],[106.544059,29.61373],[106.542347,29.613567],[106.541219,29.613533],[106.540062,29.613556],[106.53837,29.613651],[106.538473,29.613993],[106.538648,29.614137],[106.539839,29.614608],[106.540454,29.614943],[106.541428,29.615316],[106.541496,29.615167],[106.541098,29.614873],[106.5409,29.61483],[106.540679,29.614926],[106.540524,29.614826],[106.540725,29.614694]]]}},{"id":"75","type":"Feature","properties":{"landuse":"forest","natural":"unknown","base_elevation":127},"geometry":{"type":"Polygon","coordinates":[[[106.551015,29.615032],[106.552046,29.615096],[106.552867,29.615226],[106.553402,29.615123],[106.553883,29.614719],[106.554261,29.61403],[106.553306,29.614063],[106.553324,29.614235],[106.552523,29.614277],[106.552376,29.614103],[106.550688,29.614188],[106.550828,29.614461],[106.551015,29.615032]]]}},{"id":"76","type":"Feature","properties":{"landuse":"forest","natural":"unknown","base_elevation":103},"geometry":{"type":"Polygon","coordinates":[[[106.540163,29.615293],[106.540017,29.615548],[106.541355,29.616069],[106.543194,29.616425],[106.543184,29.616156],[106.542413,29.61603],[106.541625,29.615829],[106.541072,29.615649],[106.540565,29.615443],[106.540393,29.615263],[106.540163,29.615293]]]}},{"id":"77","type":"Feature","properties":{"landuse":"forest","natural":"unknown","base_elevation":111},"geometry":{"type":"Polygon","coordinates":[[[106.543391,29.618408],[106.543408,29.617632],[106.543355,29.616158],[106.543296,29.616158],[106.54335,29.618408],[106.543391,29.618408]]]}},{"id":"78","type":"Feature","properties":{"landuse":"forest","natural":"unknown","base_elevation":125},"geometry":{"type":"Polygon","coordinates":[[[106.551074,29.619001],[106.551079,29.619036],[106.551768,29.619106],[106.553418,29.619125],[106.553539,29.619094],[106.553573,29.619052],[106.553547,29.619017],[106.553415,29.618987],[106.551752,29.618952],[106.551074,29.619001]]]}},{"id":"79","type":"Feature","properties":{"landuse":"forest","natural":"unknown","base_elevation":118},"geometry":{"type":"Polygon","coordinates":[[[106.543449,29.620198],[106.543471,29.620172],[106.543421,29.61869],[106.543391,29.618674],[106.543363,29.61869],[106.543384,29.620176],[106.543449,29.620198]]]}},{"id":"80","type":"Feature","properties":{"landuse":"forest","natural":"unknown","base_elevation":146},"geometry":{"type":"Polygon","coordinates":[[[106.543476,29.62046],[106.543454,29.620433],[106.543385,29.620459],[106.5434,29.62184],[106.543473,29.621844],[106.543476,29.62046]]]}},{"id":"81","type":"Feature","properties":{"landuse":"forest","natural":"unknown","base_elevation":159},"geometry":{"type":"Polygon","coordinates":[[[106.547595,29.630005],[106.547637,29.629631],[106.547636,29.629182],[106.547475,29.629182],[106.547563,29.630006],[106.547595,29.630005]]]}},{"id":"82","type":"Feature","properties":{"landuse":"forest","natural":"unknown","base_elevation":136},"geometry":{"type":"Polygon","coordinates":[[[106.644332,29.508948],[106.644142,29.509191],[106.644209,29.509231],[106.6444,29.508987],[106.644332,29.508948]]]}},{"id":"83","type":"Feature","properties":{"landuse":"forest","natural":"unknown","base_elevation":134},"geometry":{"type":"Polygon","coordinates":[[[106.644653,29.509085],[106.644654,29.509176],[106.644708,29.509204],[106.644709,29.509045],[106.644653,29.509085]]]}},{"id":"84","type":"Feature","properties":{"landuse":"forest","natural":"unknown","base_elevation":136},"geometry":{"type":"Polygon","coordinates":[[[106.64452,29.509055],[106.64433,29.509299],[106.644398,29.509338],[106.644588,29.509094],[106.64452,29.509055]]]}},{"id":"85","type":"Feature","properties":{"landuse":"forest","natural":"unknown","base_elevation":135},"geometry":{"type":"Polygon","coordinates":[[[106.644664,29.509223],[106.644601,29.50932],[106.644709,29.509357],[106.644709,29.509246],[106.644664,29.509223]]]}},{"id":"86","type":"Feature","properties":{"landuse":"forest","natural":"unknown","base_elevation":113},"geometry":{"type":"Polygon","coordinates":[[[106.658248,29.510565],[106.658246,29.509504],[106.65765,29.509505],[106.657652,29.510565],[106.658248,29.510565]]]}},{"id":"87","type":"Feature","properties":{"landuse":"forest","natural":"unknown","base_elevation":85},"geometry":{"type":"Polygon","coordinates":[[[106.656877,29.562131],[106.656958,29.56206],[106.656673,29.561526],[106.656319,29.560974],[106.655564,29.560767],[106.655472,29.560766],[106.655391,29.561079],[106.655563,29.561298],[106.655649,29.561251],[106.656014,29.561783],[106.656502,29.56183],[106.656588,29.562077],[106.656877,29.562131]]]}},{"id":"88","type":"Feature","properties":{"landuse":"forest","natural":"unknown","base_elevation":102},"geometry":{"type":"Polygon","coordinates":[[[106.59781,29.563176],[106.597676,29.562943],[106.5973,29.562746],[106.597338,29.56267],[106.597775,29.562588],[106.597823,29.562366],[106.598107,29.562378],[106.59815,29.562266],[106.597869,29.562121],[106.597853,29.5619],[106.598126,29.562002],[106.598337,29.561497],[106.59818,29.561041],[106.597968,29.561032],[106.597912,29.560806],[106.597606,29.560789],[106.597497,29.560505],[106.597364,29.560607],[106.597222,29.560901],[106.597477,29.561345],[106.597381,29.561641],[106.59708,29.561748],[106.596852,29.561769],[106.596896,29.56217],[106.596273,29.562248],[106.596174,29.562748],[106.596238,29.562954],[106.596807,29.563211],[106.597695,29.563395],[106.597989,29.563486],[106.598295,29.563442],[106.598239,29.563246],[106.598652,29.563069],[106.59848,29.56277],[106.598295,29.562525],[106.598078,29.562707],[106.59804,29.563134],[106.59781,29.563176]]]}},{"id":"89","type":"Feature","properties":{"landuse":"forest","natural":"unknown","base_elevation":77},"geometry":{"type":"Polygon","coordinates":[[[106.593647,29.562199],[106.593352,29.561713],[106.593207,29.561792],[106.593127,29.56162],[106.593105,29.561438],[106.592966,29.561354],[106.592547,29.561377],[106.592433,29.561433],[106.592188,29.561482],[106.592043,29.561559],[106.592172,29.561993],[106.592378,29.563178],[106.592529,29.563449],[106.592695,29.564321],[106.59283,29.564716],[106.592888,29.56527],[106.592975,29.565397],[106.593065,29.565966],[106.593454,29.565731],[106.593593,29.565693],[106.593722,29.565735],[106.59413,29.566472],[106.593996,29.566678],[106.59414,29.567205],[106.594441,29.567592],[106.594854,29.567886],[106.595036,29.568222],[106.595101,29.568511],[106.595251,29.568316],[106.595428,29.568231],[106.595578,29.567742],[106.595782,29.568138],[106.596109,29.5684],[106.59634,29.568731],[106.596624,29.56937],[106.596614,29.569557],[106.59693,29.569771],[106.597005,29.570047],[106.597665,29.570742],[106.598116,29.570536],[106.59811,29.570457],[106.597965,29.570308],[106.597858,29.570326],[106.597697,29.570214],[106.597713,29.569981],[106.597466,29.569337],[106.597048,29.569319],[106.597,29.569067],[106.59693,29.568992],[106.596646,29.568852],[106.596587,29.568773],[106.59656,29.568679],[106.596571,29.5684],[106.596243,29.568348],[106.595889,29.567975],[106.595814,29.567858],[106.595895,29.56728],[106.595653,29.566958],[106.595686,29.566771],[106.595176,29.566627],[106.595144,29.566533],[106.595385,29.566071],[106.59539,29.565591],[106.595594,29.565507],[106.595728,29.565656],[106.595691,29.566309],[106.595809,29.566309],[106.595766,29.566025],[106.595841,29.565847],[106.596023,29.56595],[106.596136,29.565936],[106.596168,29.565843],[106.596056,29.56567],[106.595755,29.565707],[106.595868,29.565423],[106.595541,29.565147],[106.595476,29.564933],[106.595406,29.565007],[106.595117,29.564527],[106.595251,29.564266],[106.595203,29.564172],[106.595106,29.564214],[106.594956,29.564564],[106.594634,29.564839],[106.594709,29.564919],[106.594682,29.565017],[106.594591,29.565073],[106.594371,29.564998],[106.594318,29.565362],[106.594114,29.565161],[106.593964,29.565301],[106.593964,29.565399],[106.593878,29.565334],[106.593588,29.564695],[106.593572,29.56441],[106.5934,29.564032],[106.593164,29.563808],[106.593341,29.563458],[106.59332,29.56336],[106.593218,29.563178],[106.592976,29.562973],[106.592971,29.562875],[106.593052,29.562586],[106.59325,29.562362],[106.59317,29.562735],[106.593373,29.563066],[106.593604,29.563267],[106.593529,29.563547],[106.593631,29.56392],[106.593846,29.564368],[106.59435,29.56476],[106.59457,29.564718],[106.594811,29.564508],[106.59487,29.564419],[106.594795,29.564349],[106.594269,29.564238],[106.594382,29.564074],[106.594006,29.563888],[106.593888,29.563729],[106.59406,29.563659],[106.593942,29.563356],[106.593797,29.563379],[106.59376,29.563267],[106.594226,29.563099],[106.594124,29.562796],[106.59384,29.562721],[106.593749,29.562833],[106.593684,29.563043],[106.593497,29.562982],[106.593647,29.562199]]]}},{"id":"90","type":"Feature","properties":{"landuse":"forest","natural":"unknown","base_elevation":105},"geometry":{"type":"Polygon","coordinates":[[[106.660136,29.566172],[106.660522,29.566751],[106.66067,29.566606],[106.66049,29.566185],[106.660455,29.565922],[106.660008,29.565819],[106.65986,29.565852],[106.659704,29.566046],[106.659521,29.566102],[106.660136,29.566172]]]}},{"id":"91","type":"Feature","properties":{"landuse":"forest","natural":"unknown","base_elevation":124},"geometry":{"type":"Polygon","coordinates":[[[106.60278,29.571889],[106.603024,29.571817],[106.603182,29.571437],[106.602689,29.571222],[106.602164,29.571508],[106.602091,29.57146],[106.601913,29.571548],[106.601753,29.571466],[106.601842,29.571284],[106.601611,29.571206],[106.601552,29.571336],[106.601361,29.571332],[106.60137,29.571164],[106.601028,29.57122],[106.60105,29.571416],[106.60091,29.571399],[106.600708,29.571437],[106.600629,29.5716],[106.60051,29.571703],[106.600382,29.572199],[106.600568,29.572187],[106.600664,29.571805],[106.600787,29.571868],[106.601222,29.571726],[106.601723,29.57164],[106.602032,29.571614],[106.60223,29.57178],[106.602547,29.571719],[106.60278,29.571889]]]}},{"id":"92","type":"Feature","properties":{"landuse":"forest","natural":"unknown","base_elevation":148},"geometry":{"type":"Polygon","coordinates":[[[106.601736,29.572311],[106.601994,29.572323],[106.602257,29.572097],[106.602037,29.571948],[106.601645,29.57193],[106.601627,29.572197],[106.601503,29.572383],[106.60154,29.572725],[106.601693,29.572624],[106.601736,29.572311]]]}},{"id":"93","type":"Feature","properties":{"landuse":"forest","natural":"unknown","base_elevation":162},"geometry":{"type":"Polygon","coordinates":[[[106.602589,29.573127],[106.602358,29.572896],[106.602281,29.572755],[106.602299,29.572677],[106.602176,29.572647],[106.602158,29.572454],[106.60197,29.572466],[106.601855,29.572755],[106.602096,29.573175],[106.602262,29.57317],[106.602281,29.573322],[106.60216,29.573403],[106.60241,29.57354],[106.602606,29.573283],[106.602589,29.573127]]]}},{"id":"94","type":"Feature","properties":{"landuse":"forest","natural":"unknown","base_elevation":143},"geometry":{"type":"Polygon","coordinates":[[[106.60414,29.574698],[106.60451,29.574773],[106.604757,29.574659],[106.605104,29.57442],[106.604997,29.57431],[106.604827,29.573881],[106.60481,29.573718],[106.60475,29.573562],[106.604475,29.573479],[106.604309,29.573495],[106.604236,29.573675],[106.60401,29.573915],[106.603825,29.57404],[106.603746,29.573947],[106.603499,29.574177],[106.603439,29.574317],[106.603505,29.57436],[106.60347,29.574465],[106.603613,29.574468],[106.603872,29.574194],[106.60433,29.573998],[106.604759,29.574001],[106.604829,29.57426],[106.604743,29.574451],[106.60451,29.574579],[106.604191,29.57453],[106.60414,29.574698]]]}},{"id":"95","type":"Feature","properties":{"landuse":"forest","natural":"unknown","base_elevation":101},"geometry":{"type":"Polygon","coordinates":[[[106.600446,29.573749],[106.600642,29.573616],[106.601053,29.573681],[106.601007,29.573933],[106.601278,29.574068],[106.601211,29.57376],[106.601401,29.573541],[106.601753,29.573653],[106.601943,29.573424],[106.601849,29.573294],[106.601476,29.57327],[106.60127,29.573462],[106.601049,29.57312],[106.600658,29.572883],[106.600561,29.572977],[106.600527,29.573332],[106.600459,29.573473],[106.600244,29.573617],[106.600843,29.575602],[106.600889,29.575529],[106.600849,29.57513],[106.600884,29.574987],[106.600784,29.5746],[106.601058,29.574379],[106.600916,29.574183],[106.600511,29.574054],[106.600446,29.573749]]]}},{"id":"96","type":"Feature","properties":{"landuse":"forest","natural":"unknown","base_elevation":117},"geometry":{"type":"Polygon","coordinates":[[[106.601889,29.57426],[106.601214,29.574575],[106.601264,29.574645],[106.601484,29.574684],[106.601608,29.574934],[106.601501,29.575118],[106.601686,29.575351],[106.601661,29.575554],[106.602085,29.575465],[106.602337,29.575281],[106.602461,29.575295],[106.602788,29.575442],[106.602579,29.575682],[106.602793,29.575694],[106.602917,29.575827],[106.602981,29.576014],[106.602852,29.576163],[106.60282,29.57635],[106.603121,29.576042],[106.603303,29.57593],[106.603421,29.575762],[106.603357,29.575566],[106.603239,29.575398],[106.603206,29.575211],[106.603174,29.574997],[106.603267,29.57486],[106.603232,29.574785],[106.602901,29.574695],[106.602954,29.574473],[106.602877,29.57434],[106.602749,29.574221],[106.602611,29.574283],[106.602391,29.57403],[106.602007,29.573925],[106.601898,29.574089],[106.602367,29.574593],[106.602262,29.574665],[106.602101,29.574672],[106.601892,29.574455],[106.601889,29.57426]]]}},{"id":"97","type":"Feature","properties":{"landuse":"forest","natural":"unknown","base_elevation":112},"geometry":{"type":"Polygon","coordinates":[[[106.602509,29.57635],[106.602369,29.575986],[106.602359,29.57579],[106.602305,29.575603],[106.601983,29.575743],[106.60215,29.576161],[106.602133,29.576527],[106.602348,29.576499],[106.602509,29.57635]]]}},{"id":"98","type":"Feature","properties":{"landuse":"forest","natural":"unknown","base_elevation":75},"geometry":{"type":"Polygon","coordinates":[[[106.602552,29.579149],[106.602643,29.579389],[106.602673,29.579583],[106.602294,29.579814],[106.602313,29.579975],[106.602501,29.579998],[106.602474,29.580164],[106.602369,29.580269],[106.602517,29.580416],[106.602396,29.580637],[106.602624,29.581146],[106.602903,29.581414],[106.602772,29.581878],[106.603027,29.582011],[106.6033,29.581878],[106.603437,29.582081],[106.603335,29.582463],[106.603029,29.582715],[106.602734,29.582734],[106.602595,29.582636],[106.602494,29.583886],[106.602369,29.584447],[106.602374,29.584782],[106.602409,29.58508],[106.602487,29.585316],[106.602866,29.585765],[106.603161,29.585951],[106.603461,29.58607],[106.60432,29.585827],[106.604809,29.585725],[106.604736,29.585416],[106.604818,29.585404],[106.604936,29.58553],[106.604912,29.585684],[106.605313,29.585588],[106.605835,29.585425],[106.605799,29.585236],[106.605879,29.584953],[106.60589,29.5848],[106.605975,29.584652],[106.605958,29.584497],[106.606145,29.584208],[106.606513,29.584063],[106.606692,29.584049],[106.606939,29.583938],[106.607101,29.583989],[106.607271,29.583975],[106.607627,29.58419],[106.607738,29.584163],[106.607901,29.584211],[106.607936,29.583957],[106.607365,29.583619],[106.60722,29.583708],[106.606974,29.583784],[106.606856,29.58373],[106.60705,29.583382],[106.607128,29.583163],[106.606894,29.583115],[106.606685,29.583282],[106.606777,29.583449],[106.606558,29.583701],[106.606085,29.58377],[106.605866,29.583765],[106.605874,29.583523],[106.605772,29.583382],[106.605772,29.583219],[106.606036,29.582982],[106.60607,29.582827],[106.606011,29.582671],[106.605857,29.582612],[106.605917,29.582471],[106.605891,29.582323],[106.60573,29.582286],[106.605576,29.581997],[106.605534,29.581842],[106.60561,29.581701],[106.605805,29.581614],[106.6059,29.581647],[106.605929,29.581771],[106.606216,29.581783],[106.606326,29.581917],[106.606284,29.582057],[106.606607,29.582264],[106.606736,29.582083],[106.606516,29.581876],[106.606631,29.581587],[106.606391,29.58166],[106.606155,29.58156],[106.605985,29.581605],[106.605751,29.581473],[106.605682,29.581367],[106.605969,29.581011],[106.605909,29.580844],[106.605655,29.580966],[106.605592,29.580933],[106.605591,29.580546],[106.605688,29.580426],[106.605713,29.580302],[106.605615,29.580177],[106.605585,29.580013],[106.605619,29.579864],[106.60577,29.579623],[106.605884,29.579359],[106.606105,29.579189],[106.606155,29.579087],[106.605628,29.578924],[106.605505,29.578931],[106.605177,29.578824],[106.605119,29.578766],[106.605098,29.578633],[106.605537,29.578626],[106.605713,29.578766],[106.605958,29.578797],[106.605867,29.578657],[106.605801,29.578628],[106.605919,29.578157],[106.605423,29.577672],[106.605244,29.577206],[106.605103,29.57744],[106.605125,29.577711],[106.605042,29.577818],[106.605023,29.577968],[106.604854,29.578061],[106.604545,29.577855],[106.604606,29.577732],[106.604784,29.57768],[106.604951,29.577582],[106.604824,29.577367],[106.6047,29.577346],[106.604496,29.577008],[106.604647,29.576907],[106.604633,29.576576],[106.604529,29.576331],[106.604389,29.576308],[106.604376,29.576455],[106.604274,29.576574],[106.604403,29.576865],[106.604207,29.576921],[106.603732,29.576854],[106.603609,29.576739],[106.603386,29.576364],[106.603032,29.576835],[106.603118,29.576963],[106.603096,29.577203],[106.602638,29.577245],[106.602219,29.577133],[106.601927,29.577383],[106.601467,29.577847],[106.601579,29.578188],[106.601906,29.578025],[106.602168,29.578209],[106.60252,29.578272],[106.602871,29.578759],[106.602742,29.578878],[106.602418,29.578624],[106.602131,29.578722],[106.602112,29.578876],[106.602552,29.579149]],[[106.603754,29.578097],[106.603823,29.57798],[106.603708,29.577705],[106.60326,29.57777],[106.602903,29.578022],[106.602724,29.577969],[106.602713,29.577791],[106.602227,29.577843],[106.602109,29.577647],[106.602606,29.577546],[106.60329,29.577668],[106.603534,29.577656],[106.603491,29.577504],[106.603735,29.577437],[106.603831,29.57757],[106.604097,29.577497],[106.604094,29.577336],[106.604263,29.577285],[106.604582,29.577572],[106.604372,29.577711],[106.604274,29.577677],[106.604091,29.577738],[106.603984,29.578052],[106.604191,29.578335],[106.604019,29.578493],[106.604183,29.578661],[106.60378,29.578944],[106.603319,29.578353],[106.603485,29.577985],[106.603754,29.578097]]]}},{"id":"99","type":"Feature","properties":{"landuse":"forest","natural":"unknown","base_elevation":64},"geometry":{"type":"Polygon","coordinates":[[[106.600326,29.591969],[106.600132,29.592275],[106.59979,29.592968],[106.599262,29.594504],[106.598479,29.596626],[106.598019,29.597692],[106.597636,29.598431],[106.597335,29.598933],[106.59728,29.599705],[106.59706,29.599955],[106.596575,29.600258],[106.596497,29.600115],[106.59618,29.600211],[106.595551,29.600713],[106.594098,29.601648],[106.594843,29.602557],[106.59496,29.602589],[106.595185,29.60253],[106.596057,29.601856],[106.596952,29.601534],[106.597871,29.599763],[106.598474,29.597977],[106.599188,29.595705],[106.599339,29.595294],[106.599468,29.595294],[106.6001,29.593055],[106.600249,29.593081],[106.600565,29.59208],[106.60096,29.592175],[106.601327,29.590756],[106.601154,29.590731],[106.600952,29.591142],[106.600326,29.591969]]]}},{"id":"100","type":"Feature","properties":{"landuse":"forest","natural":"unknown","base_elevation":98},"geometry":{"type":"Polygon","coordinates":[[[106.595162,29.596868],[106.595067,29.597012],[106.597102,29.597508],[106.596227,29.598853],[106.595309,29.59992],[106.594898,29.600235],[106.593649,29.600904],[106.593951,29.601388],[106.594665,29.600957],[106.595812,29.600055],[106.596697,29.599115],[106.597189,29.598441],[106.597684,29.597626],[106.597658,29.597288],[106.597364,29.597063],[106.597011,29.596925],[106.597129,29.596584],[106.597413,29.596413],[106.597589,29.596422],[106.598242,29.596094],[106.598695,29.594592],[106.59816,29.594521],[106.597636,29.596215],[106.596903,29.596267],[106.59678,29.596833],[106.595293,29.596502],[106.595162,29.596868]]]}},{"id":"101","type":"Feature","properties":{"landuse":"forest","natural":"unknown","base_elevation":95},"geometry":{"type":"Polygon","coordinates":[[[106.60894,29.604404],[106.60871,29.604633],[106.60854,29.604693],[106.608378,29.60467],[106.608233,29.604574],[106.608122,29.604433],[106.607986,29.60433],[106.607842,29.604411],[106.607859,29.604559],[106.608097,29.604789],[106.608259,29.604855],[106.608361,29.604989],[106.608327,29.605292],[106.608259,29.605433],[106.608395,29.605722],[106.608549,29.605868],[106.609451,29.604441],[106.610223,29.604254],[106.61018,29.603713],[106.60988,29.603247],[106.610073,29.602799],[106.610384,29.60223],[106.611462,29.601493],[106.61198,29.60125],[106.612261,29.601035],[106.612355,29.60088],[106.612389,29.600731],[106.61227,29.60062],[106.612116,29.600687],[106.61204,29.600828],[106.611912,29.600931],[106.611546,29.600857],[106.611409,29.600769],[106.611401,29.60062],[106.611248,29.600554],[106.611137,29.600657],[106.61112,29.600813],[106.610967,29.60088],[106.610626,29.600909],[106.610303,29.60105],[106.610124,29.601072],[106.609724,29.601346],[106.609664,29.601479],[106.609766,29.601613],[106.609749,29.601924],[106.609902,29.602235],[106.609817,29.60236],[106.609553,29.602605],[106.609442,29.602494],[106.609374,29.602353],[106.609493,29.602235],[106.609383,29.602123],[106.609195,29.602064],[106.609093,29.601924],[106.609153,29.601768],[106.609221,29.601213],[106.609153,29.601072],[106.608829,29.601146],[106.608659,29.601146],[106.608497,29.601072],[106.608335,29.601065],[106.608225,29.601183],[106.608225,29.60185],[106.608063,29.602383],[106.607688,29.602738],[106.607646,29.602886],[106.607527,29.602997],[106.60745,29.60313],[106.607424,29.603286],[106.607484,29.603441],[106.607441,29.603589],[106.607492,29.603745],[106.607654,29.603804],[106.607825,29.604063],[106.608003,29.604078],[106.608301,29.603789],[106.60848,29.603708],[106.608846,29.603671],[106.609017,29.603804],[106.609008,29.604256],[106.60894,29.604404]]]}},{"id":"102","type":"Feature","properties":{"landuse":"forest","natural":"unknown","base_elevation":80},"geometry":{"type":"Polygon","coordinates":[[[106.61594,29.604819],[106.616076,29.604915],[106.616246,29.604966],[106.616366,29.605078],[106.6164,29.605233],[106.616553,29.605314],[106.616715,29.605218],[106.616902,29.605189],[106.617355,29.604782],[106.617243,29.601775],[106.616953,29.601561],[106.616613,29.601442],[106.616178,29.601146],[106.616076,29.601013],[106.614935,29.600887],[106.614833,29.600761],[106.614152,29.600739],[106.613632,29.600798],[106.613453,29.600776],[106.613223,29.600998],[106.613266,29.601146],[106.613913,29.601213],[106.61399,29.601361],[106.613658,29.601509],[106.613479,29.601539],[106.612942,29.60139],[106.61278,29.601442],[106.61267,29.601553],[106.61259,29.603065],[106.612687,29.603278],[106.612976,29.603486],[106.613087,29.603804],[106.613087,29.603967],[106.613002,29.604271],[106.612678,29.604678],[106.612695,29.604841],[106.612951,29.60507],[106.612755,29.605322],[106.612721,29.60547],[106.612857,29.605581],[106.613028,29.605633],[106.613377,29.605537],[106.613905,29.605603],[106.614075,29.605655],[106.614373,29.605833],[106.614535,29.605774],[106.614654,29.60564],[106.614824,29.605374],[106.614943,29.605048],[106.615199,29.604819],[106.615369,29.604715],[106.615531,29.6047],[106.615829,29.604522],[106.615999,29.604596],[106.615855,29.604685],[106.61594,29.604819]]]}},{"id":"103","type":"Feature","properties":{"landuse":"forest","natural":"unknown","base_elevation":76},"geometry":{"type":"Polygon","coordinates":[[[106.599678,29.603427],[106.599621,29.603412],[106.599367,29.603474],[106.59908,29.603609],[106.598894,29.603847],[106.598833,29.604085],[106.599175,29.6041],[106.599391,29.604065],[106.599563,29.603935],[106.599739,29.603562],[106.599678,29.603427]]]}},{"id":"104","type":"Feature","properties":{"landuse":"forest","natural":"unknown","base_elevation":36},"geometry":{"type":"Polygon","coordinates":[[[106.61182,29.615429],[106.61155,29.615464],[106.611388,29.615265],[106.611969,29.615218],[106.612199,29.615077],[106.612402,29.614865],[106.612631,29.614407],[106.612848,29.614242],[106.613118,29.614266],[106.613416,29.61436],[106.614375,29.614924],[106.614686,29.614924],[106.61497,29.614983],[106.616781,29.614889],[106.617079,29.614971],[106.617363,29.614924],[106.617687,29.614536],[106.61789,29.614348],[106.618268,29.613655],[106.618322,29.613396],[106.618228,29.613173],[106.617849,29.612762],[106.61793,29.612515],[106.618052,29.61228],[106.618079,29.612033],[106.61866,29.612127],[106.618876,29.611939],[106.61916,29.611857],[106.619377,29.612045],[106.619674,29.612115],[106.619688,29.611868],[106.619471,29.61141],[106.619417,29.611163],[106.617119,29.610552],[106.616903,29.610728],[106.616633,29.61074],[106.616457,29.61094],[106.616646,29.611116],[106.616795,29.611328],[106.616876,29.611586],[106.6167,29.611763],[106.616443,29.611868],[106.616173,29.611798],[106.615903,29.611833],[106.615646,29.611739],[106.615457,29.611539],[106.615673,29.611339],[106.615673,29.611104],[106.615524,29.610905],[106.615619,29.610681],[106.615849,29.610505],[106.616119,29.610388],[106.61597,29.610176],[106.616038,29.609941],[106.616254,29.609765],[106.6162,29.60953],[106.616038,29.609342],[106.616198,29.60902],[106.616442,29.608723],[106.615841,29.60874],[106.615749,29.609051],[106.614624,29.609094],[106.614149,29.608894],[106.613361,29.608883],[106.613132,29.609071],[106.612807,29.609224],[106.612618,29.609436],[106.612875,29.609894],[106.612807,29.610117],[106.612821,29.610364],[106.612294,29.610963],[106.612091,29.610775],[106.611807,29.61074],[106.611523,29.610787],[106.611253,29.610634],[106.611063,29.610435],[106.610969,29.610211],[106.611131,29.61],[106.611347,29.6098],[106.611131,29.609647],[106.610793,29.609259],[106.610577,29.609083],[106.610374,29.609259],[106.610266,29.609471],[106.610009,29.609436],[106.609779,29.609306],[106.609563,29.609447],[106.609333,29.609295],[106.609387,29.60906],[106.609617,29.608895],[106.609779,29.608672],[106.610185,29.608296],[106.610104,29.608061],[106.609056,29.607726],[106.608955,29.607849],[106.608819,29.608343],[106.608684,29.608542],[106.608319,29.609259],[106.608333,29.609483],[106.608265,29.60973],[106.608306,29.609965],[106.608306,29.610211],[106.608211,29.610705],[106.608238,29.61094],[106.608211,29.611199],[106.607995,29.611704],[106.608008,29.612209],[106.6079,29.612433],[106.607927,29.612668],[106.608157,29.612785],[106.608414,29.613196],[106.608698,29.613279],[106.609212,29.613514],[106.609482,29.613561],[106.609752,29.613678],[106.610036,29.614183],[106.609968,29.61443],[106.609806,29.61463],[106.609779,29.614877],[106.60959,29.615065],[106.60932,29.615006],[106.608901,29.614078],[106.608846,29.613831],[106.608387,29.613608],[106.608454,29.613854],[106.608495,29.614336],[106.608414,29.614583],[106.608265,29.614806],[106.608211,29.6153],[106.608076,29.615535],[106.608454,29.615911],[106.608442,29.616138],[106.608485,29.616325],[106.60871,29.616334],[106.609504,29.616185],[106.609719,29.616259],[106.610563,29.616064],[106.610847,29.616052],[106.610942,29.615817],[106.611131,29.615629],[106.611415,29.615617],[106.611699,29.615652],[106.61182,29.615429]]]}},{"id":"105","type":"Feature","properties":{"landuse":"forest","natural":"unknown","base_elevation":68},"geometry":{"type":"Polygon","coordinates":[[[106.645874,29.645035],[106.643598,29.64483],[106.641925,29.644103],[106.64098,29.641641],[106.640487,29.639739],[106.641946,29.639347],[106.64186,29.638713],[106.640873,29.638265],[106.640659,29.63778],[106.639392,29.638004],[106.639264,29.637389],[106.639457,29.636727],[106.638792,29.636266],[106.637998,29.634871],[106.637692,29.634124],[106.637637,29.63386],[106.637509,29.632407],[106.637563,29.6316],[106.637394,29.630561],[106.637064,29.627485],[106.636753,29.625918],[106.636603,29.624668],[106.635616,29.624799],[106.63671,29.631588],[106.636703,29.632062],[106.636788,29.632763],[106.636841,29.633565],[106.636689,29.635207],[106.637054,29.638116],[106.636796,29.639272],[106.637182,29.639198],[106.637848,29.638862],[106.638341,29.63916],[106.63832,29.639589],[106.63759,29.640093],[106.639521,29.645222],[106.640465,29.645613],[106.642468,29.645595],[106.643986,29.646855],[106.649211,29.646089],[106.649616,29.645404],[106.648923,29.644455],[106.645874,29.645035]]]}},{"id":"106","type":"Feature","properties":{"landuse":"grass","natural":"unknown","base_elevation":100},"geometry":{"type":"Polygon","coordinates":[[[106.505991,29.50344],[106.505818,29.503575],[106.505841,29.503587],[106.506,29.503464],[106.505991,29.50344]]]}},{"id":"107","type":"Feature","properties":{"landuse":"grass","natural":"unknown","base_elevation":101},"geometry":{"type":"Polygon","coordinates":[[[106.505777,29.503743],[106.505807,29.503635],[106.505781,29.503629],[106.50575,29.503742],[106.505762,29.503856],[106.50579,29.503854],[106.505777,29.503743]]]}},{"id":"108","type":"Feature","properties":{"landuse":"grass","natural":"unknown","base_elevation":101},"geometry":{"type":"Polygon","coordinates":[[[106.506729,29.503885],[106.506669,29.503851],[106.506595,29.504022],[106.506727,29.503989],[106.506729,29.503885]]]}},{"id":"109","type":"Feature","properties":{"landuse":"grass","natural":"unknown","base_elevation":102},"geometry":{"type":"Polygon","coordinates":[[[106.505544,29.504035],[106.505564,29.504068],[106.505722,29.503997],[106.505702,29.503963],[106.505544,29.504035]]]}},{"id":"110","type":"Feature","properties":{"landuse":"grass","natural":"unknown","base_elevation":101},"geometry":{"type":"Polygon","coordinates":[[[106.506082,29.504087],[106.505889,29.503994],[106.50587,29.50401],[106.506079,29.504109],[106.506082,29.504087]]]}},{"id":"111","type":"Feature","properties":{"landuse":"grass","natural":"unknown","base_elevation":101},"geometry":{"type":"Polygon","coordinates":[[[106.506337,29.504054],[106.506138,29.504114],[106.506351,29.504073],[106.506337,29.504054]]]}},{"id":"112","type":"Feature","properties":{"landuse":"grass","natural":"unknown","base_elevation":103},"geometry":{"type":"Polygon","coordinates":[[[106.505392,29.504105],[106.505223,29.504182],[106.505242,29.504215],[106.505412,29.504138],[106.505392,29.504105]]]}},{"id":"113","type":"Feature","properties":{"landuse":"grass","natural":"unknown","base_elevation":108},"geometry":{"type":"Polygon","coordinates":[[[106.518822,29.518753],[106.518862,29.518757],[106.518958,29.518609],[106.518678,29.518628],[106.518822,29.518753]]]}},{"id":"114","type":"Feature","properties":{"landuse":"grass","natural":"unknown","base_elevation":109},"geometry":{"type":"Polygon","coordinates":[[[106.516075,29.520819],[106.516166,29.520726],[106.516171,29.520635],[106.515648,29.520055],[106.515742,29.520854],[106.516075,29.520819]]]}},{"id":"115","type":"Feature","properties":{"landuse":"grass","natural":"unknown","base_elevation":131},"geometry":{"type":"Polygon","coordinates":[[[106.510084,29.523489],[106.510166,29.523495],[106.510169,29.523383],[106.510085,29.523383],[106.510084,29.523489]]]}},{"id":"116","type":"Feature","properties":{"landuse":"grass","natural":"unknown","base_elevation":126},"geometry":{"type":"Polygon","coordinates":[[[106.510581,29.523382],[106.510326,29.523383],[106.510321,29.523504],[106.510549,29.52348],[106.510581,29.523382]]]}},{"id":"117","type":"Feature","properties":{"landuse":"grass","natural":"unknown","base_elevation":159},"geometry":{"type":"Polygon","coordinates":[[[106.502791,29.529938],[106.50246,29.530019],[106.502121,29.530051],[106.501772,29.530022],[106.501507,29.529949],[106.501276,29.529961],[106.500736,29.530722],[106.500737,29.530757],[106.500818,29.530826],[106.503412,29.530827],[106.50346,29.530796],[106.503524,29.530659],[106.502997,29.529979],[106.502791,29.529938]]]}},{"id":"118","type":"Feature","properties":{"landuse":"grass","natural":"unknown","base_elevation":160},"geometry":{"type":"Polygon","coordinates":[[[106.503514,29.530833],[106.503658,29.530839],[106.503673,29.530816],[106.503574,29.530706],[106.503514,29.530833]]]}},{"id":"119","type":"Feature","properties":{"landuse":"grass","natural":"unknown","base_elevation":186},"geometry":{"type":"Polygon","coordinates":[[[106.499707,29.535614],[106.499892,29.535557],[106.499996,29.535601],[106.500093,29.535749],[106.500269,29.535749],[106.500318,29.535718],[106.500385,29.535618],[106.500383,29.535006],[106.50032,29.534955],[106.499103,29.534943],[106.498966,29.534994],[106.498876,29.53496],[106.498616,29.534951],[106.498578,29.534983],[106.498576,29.535659],[106.498623,29.535701],[106.499633,29.535705],[106.499707,29.535614]]]}},{"id":"120","type":"Feature","properties":{"landuse":"grass","natural":"unknown","base_elevation":191},"geometry":{"type":"Polygon","coordinates":[[[106.518888,29.539355],[106.518674,29.539795],[106.518952,29.539897],[106.519165,29.539457],[106.518888,29.539355]]]}},{"id":"121","type":"Feature","properties":{"landuse":"grass","natural":"unknown","base_elevation":199},"geometry":{"type":"Polygon","coordinates":[[[106.518599,29.546939],[106.518728,29.546923],[106.518756,29.546838],[106.518719,29.546786],[106.51862,29.54677],[106.518564,29.546805],[106.518545,29.546863],[106.518599,29.546939]]]}},{"id":"122","type":"Feature","properties":{"landuse":"grass","natural":"unknown","base_elevation":94},"geometry":{"type":"Polygon","coordinates":[[[106.526933,29.570076],[106.526935,29.569881],[106.526748,29.569879],[106.526747,29.57],[106.526824,29.570001],[106.526823,29.570076],[106.526933,29.570076]]]}},{"id":"123","type":"Feature","properties":{"landuse":"grass","natural":"unknown","base_elevation":98},"geometry":{"type":"Polygon","coordinates":[[[106.526536,29.570029],[106.526471,29.57023],[106.526539,29.57032],[106.526938,29.570323],[106.526937,29.570198],[106.526649,29.570193],[106.526653,29.570028],[106.526536,29.570029]]]}},{"id":"124","type":"Feature","properties":{"landuse":"grass","natural":"unknown","base_elevation":219},"geometry":{"type":"Polygon","coordinates":[[[106.504777,29.570763],[106.504464,29.570499],[106.504429,29.57027],[106.504372,29.570214],[106.504201,29.570166],[106.503906,29.570338],[106.503916,29.570434],[106.503844,29.570522],[106.503755,29.570513],[106.503613,29.570431],[106.503573,29.570492],[106.5036,29.570947],[106.503549,29.571257],[106.503637,29.571323],[106.503769,29.57129],[106.503831,29.571192],[106.503983,29.571067],[106.504131,29.57112],[106.504241,29.571066],[106.504386,29.571087],[106.504555,29.571066],[106.504743,29.570961],[106.504785,29.570863],[106.504777,29.570763]]]}},{"id":"125","type":"Feature","properties":{"landuse":"grass","natural":"unknown","base_elevation":204},"geometry":{"type":"Polygon","coordinates":[[[106.50559,29.571832],[106.505089,29.571821],[106.505009,29.571848],[106.504998,29.571896],[106.505037,29.571942],[106.505375,29.572015],[106.50611,29.572046],[106.506223,29.571973],[106.50625,29.571922],[106.50618,29.571824],[106.506057,29.571805],[106.50574,29.571789],[106.50559,29.571832]]]}},{"id":"126","type":"Feature","properties":{"landuse":"grass","natural":"unknown","base_elevation":139},"geometry":{"type":"Polygon","coordinates":[[[106.516838,29.576012],[106.516796,29.576101],[106.516839,29.576118],[106.516862,29.576083],[106.516837,29.576074],[106.516838,29.576012]]]}},{"id":"127","type":"Feature","properties":{"landuse":"grass","natural":"unknown","base_elevation":139},"geometry":{"type":"Polygon","coordinates":[[[106.51675,29.576243],[106.516825,29.576344],[106.51685,29.576353],[106.516863,29.576193],[106.516779,29.576154],[106.51675,29.576243]]]}},{"id":"128","type":"Feature","properties":{"landuse":"grass","natural":"unknown","base_elevation":142},"geometry":{"type":"Polygon","coordinates":[[[106.523368,29.58601],[106.523235,29.585977],[106.523097,29.585983],[106.52297,29.586029],[106.522867,29.586109],[106.5228,29.586215],[106.522777,29.586333],[106.522799,29.586448],[106.522862,29.586551],[106.52296,29.586631],[106.523216,29.58669],[106.523347,29.586664],[106.52346,29.586602],[106.523545,29.586512],[106.523593,29.586403],[106.523597,29.586286],[106.523559,29.586175],[106.523481,29.58608],[106.523368,29.58601]]]}},{"id":"129","type":"Feature","properties":{"landuse":"grass","natural":"unknown","base_elevation":143},"geometry":{"type":"Polygon","coordinates":[[[106.513282,29.611952],[106.513283,29.612267],[106.51343,29.612266],[106.513428,29.611952],[106.513282,29.611952]]]}},{"id":"130","type":"Feature","properties":{"landuse":"grass","natural":"unknown","base_elevation":141},"geometry":{"type":"Polygon","coordinates":[[[106.513554,29.611953],[106.513556,29.612268],[106.513702,29.612268],[106.5137,29.611953],[106.513554,29.611953]]]}},{"id":"131","type":"Feature","properties":{"landuse":"grass","natural":"unknown","base_elevation":143},"geometry":{"type":"Polygon","coordinates":[[[106.513181,29.612351],[106.513188,29.612774],[106.513787,29.612766],[106.51378,29.612343],[106.513181,29.612351]]]}},{"id":"132","type":"Feature","properties":{"landuse":"grass","natural":"unknown","base_elevation":156},"geometry":{"type":"Polygon","coordinates":[[[106.517397,29.623965],[106.517442,29.624001],[106.517492,29.623961],[106.517446,29.623918],[106.517397,29.623965]]]}},{"id":"133","type":"Feature","properties":{"landuse":"grass","natural":"unknown","base_elevation":126},"geometry":{"type":"Polygon","coordinates":[[[106.499241,29.64107],[106.499584,29.640897],[106.499986,29.640751],[106.501484,29.640335],[106.502982,29.640168],[106.503123,29.640019],[106.503308,29.639073],[106.502951,29.639097],[106.499893,29.638755],[106.499479,29.63875],[106.499072,29.638787],[106.498643,29.638871],[106.497937,29.639066],[106.49868,29.640685],[106.497122,29.641054],[106.497605,29.641418],[106.498359,29.641805],[106.498517,29.641767],[106.498936,29.641292],[106.499241,29.64107]]]}},{"id":"134","type":"Feature","properties":{"landuse":"grass","natural":"unknown","base_elevation":79},"geometry":{"type":"Polygon","coordinates":[[[106.546551,29.513662],[106.546643,29.513701],[106.546894,29.513405],[106.546855,29.5134],[106.546769,29.513504],[106.546599,29.513478],[106.546522,29.513574],[106.546551,29.513662]]]}},{"id":"135","type":"Feature","properties":{"landuse":"grass","natural":"unknown","base_elevation":82},"geometry":{"type":"Polygon","coordinates":[[[106.54824,29.51364],[106.547538,29.513541],[106.547528,29.513578],[106.548275,29.513676],[106.54824,29.51364]]]}},{"id":"136","type":"Feature","properties":{"landuse":"grass","natural":"unknown","base_elevation":80},"geometry":{"type":"Polygon","coordinates":[[[106.546506,29.513722],[106.546421,29.513719],[106.546283,29.513892],[106.546328,29.51401],[106.546488,29.513994],[106.546663,29.513905],[106.546594,29.513782],[106.546506,29.513722]]]}},{"id":"137","type":"Feature","properties":{"landuse":"grass","natural":"unknown","base_elevation":88},"geometry":{"type":"Polygon","coordinates":[[[106.547497,29.513876],[106.547421,29.513922],[106.547307,29.514023],[106.547696,29.513936],[106.547662,29.513878],[106.547497,29.513876]]]}},{"id":"138","type":"Feature","properties":{"landuse":"grass","natural":"unknown","base_elevation":84},"geometry":{"type":"Polygon","coordinates":[[[106.546837,29.514074],[106.547028,29.514033],[106.547034,29.513986],[106.546904,29.514013],[106.54691,29.513911],[106.546728,29.513943],[106.546767,29.514053],[106.546837,29.514074]]]}},{"id":"139","type":"Feature","properties":{"landuse":"grass","natural":"unknown","base_elevation":83},"geometry":{"type":"Polygon","coordinates":[[[106.546325,29.514077],[106.546289,29.514124],[106.54634,29.514169],[106.546698,29.514099],[106.546722,29.514071],[106.546648,29.514018],[106.546325,29.514077]]]}},{"id":"140","type":"Feature","properties":{"landuse":"grass","natural":"unknown","base_elevation":56},"geometry":{"type":"Polygon","coordinates":[[[106.546284,29.553155],[106.546256,29.553227],[106.546319,29.553325],[106.546404,29.553343],[106.54651,29.553281],[106.54651,29.55317],[106.546445,29.553118],[106.546357,29.553112],[106.546284,29.553155]]]}},{"id":"141","type":"Feature","properties":{"landuse":"grass","natural":"unknown","base_elevation":106},"geometry":{"type":"Polygon","coordinates":[[[106.542164,29.556292],[106.542366,29.5565],[106.542639,29.556641],[106.542834,29.556646],[106.543024,29.556589],[106.543188,29.556493],[106.543408,29.556295],[106.543616,29.556213],[106.543632,29.555794],[106.543369,29.555988],[106.543099,29.556125],[106.54276,29.556161],[106.542254,29.556049],[106.54154,29.555799],[106.54104,29.55576],[106.540809,29.555806],[106.540556,29.555938],[106.540699,29.556094],[106.540941,29.555987],[106.541237,29.555936],[106.5415,29.555952],[106.541708,29.556003],[106.541916,29.556098],[106.542164,29.556292]]]}},{"id":"142","type":"Feature","properties":{"landuse":"grass","natural":"unknown","base_elevation":115},"geometry":{"type":"Polygon","coordinates":[[[106.5439,29.556439],[106.543855,29.556584],[106.543902,29.556595],[106.543983,29.55636],[106.543938,29.555955],[106.543736,29.556237],[106.54388,29.556348],[106.5439,29.556439]]]}},{"id":"143","type":"Feature","properties":{"landuse":"grass","natural":"unknown","base_elevation":108},"geometry":{"type":"Polygon","coordinates":[[[106.543554,29.556687],[106.543747,29.55664],[106.543809,29.556534],[106.543784,29.556417],[106.543682,29.556338],[106.543482,29.556354],[106.543399,29.55645],[106.543401,29.556571],[106.543489,29.556664],[106.543554,29.556687]],[[106.543633,29.556542],[106.543561,29.556533],[106.543565,29.55648],[106.543638,29.556479],[106.543633,29.556542]]]}},{"id":"144","type":"Feature","properties":{"landuse":"grass","natural":"unknown","base_elevation":105},"geometry":{"type":"Polygon","coordinates":[[[106.543331,29.556694],[106.543249,29.556535],[106.542936,29.556683],[106.54271,29.556727],[106.542593,29.556726],[106.542234,29.556626],[106.542199,29.556666],[106.542227,29.55681],[106.542215,29.557045],[106.542256,29.557058],[106.542402,29.556695],[106.54335,29.556984],[106.54342,29.556789],[106.543331,29.556694]]]}},{"id":"145","type":"Feature","properties":{"landuse":"grass","natural":"unknown","base_elevation":110},"geometry":{"type":"Polygon","coordinates":[[[106.54359,29.556742],[106.543306,29.557428],[106.543363,29.557445],[106.543339,29.557503],[106.543537,29.557559],[106.543881,29.556641],[106.54384,29.556631],[106.543703,29.556729],[106.54359,29.556742]]]}},{"id":"146","type":"Feature","properties":{"landuse":"grass","natural":"unknown","base_elevation":84},"geometry":{"type":"Polygon","coordinates":[[[106.540019,29.560276],[106.539887,29.560204],[106.539745,29.560251],[106.53962,29.560464],[106.539631,29.56057],[106.539734,29.560631],[106.539859,29.560622],[106.540021,29.560379],[106.540019,29.560276]]]}},{"id":"147","type":"Feature","properties":{"landuse":"grass","natural":"unknown","base_elevation":85},"geometry":{"type":"Polygon","coordinates":[[[106.540392,29.5604],[106.540159,29.560738],[106.54039,29.560815],[106.540469,29.560787],[106.540588,29.560601],[106.540565,29.560474],[106.540479,29.560414],[106.540392,29.5604]]]}},{"id":"148","type":"Feature","properties":{"landuse":"grass","natural":"unknown","base_elevation":95},"geometry":{"type":"Polygon","coordinates":[[[106.542793,29.563173],[106.542781,29.563265],[106.542818,29.563336],[106.542958,29.563399],[106.5433,29.563349],[106.543393,29.563191],[106.543355,29.563107],[106.543267,29.563043],[106.542851,29.563104],[106.542793,29.563173]]]}},{"id":"149","type":"Feature","properties":{"landuse":"grass","natural":"unknown","base_elevation":56},"geometry":{"type":"Polygon","coordinates":[[[106.533445,29.564837],[106.532011,29.564013],[106.531619,29.563837],[106.531311,29.563769],[106.53103,29.563766],[106.531027,29.563786],[106.531469,29.563891],[106.53232,29.564284],[106.533422,29.56487],[106.533445,29.564837]]]}},{"id":"150","type":"Feature","properties":{"landuse":"grass","natural":"unknown","base_elevation":71},"geometry":{"type":"Polygon","coordinates":[[[106.549004,29.56437],[106.549037,29.564513],[106.549338,29.56446],[106.549305,29.564317],[106.549004,29.56437]]]}},{"id":"151","type":"Feature","properties":{"landuse":"grass","natural":"unknown","base_elevation":87},"geometry":{"type":"Polygon","coordinates":[[[106.526824,29.569291],[106.526823,29.56956],[106.52694,29.569561],[106.526941,29.569291],[106.526824,29.569291]]]}},{"id":"152","type":"Feature","properties":{"landuse":"grass","natural":"unknown","base_elevation":84},"geometry":{"type":"Polygon","coordinates":[[[106.527024,29.569363],[106.527023,29.569557],[106.527281,29.569559],[106.527283,29.569364],[106.527024,29.569363]]]}},{"id":"153","type":"Feature","properties":{"landuse":"grass","natural":"unknown","base_elevation":81},"geometry":{"type":"Polygon","coordinates":[[[106.527446,29.569369],[106.527445,29.569566],[106.52785,29.569567],[106.527851,29.56937],[106.527446,29.569369]]]}},{"id":"154","type":"Feature","properties":{"landuse":"grass","natural":"unknown","base_elevation":85},"geometry":{"type":"Polygon","coordinates":[[[106.527846,29.569892],[106.527441,29.569891],[106.52744,29.570088],[106.527845,29.570089],[106.527846,29.569892]]]}},{"id":"155","type":"Feature","properties":{"landuse":"grass","natural":"unknown","base_elevation":89},"geometry":{"type":"Polygon","coordinates":[[[106.527019,29.569885],[106.527019,29.570316],[106.527213,29.570316],[106.527213,29.569885],[106.527019,29.569885]]]}},{"id":"156","type":"Feature","properties":{"landuse":"grass","natural":"unknown","base_elevation":90},"geometry":{"type":"Polygon","coordinates":[[[106.527764,29.570303],[106.527764,29.570358],[106.527849,29.570358],[106.527848,29.57017],[106.527431,29.570171],[106.527432,29.570304],[106.527764,29.570303]]]}},{"id":"157","type":"Feature","properties":{"landuse":"grass","natural":"unknown","base_elevation":125},"geometry":{"type":"Polygon","coordinates":[[[106.527657,29.578384],[106.528229,29.578506],[106.528311,29.578414],[106.528193,29.578256],[106.52814,29.578285],[106.527689,29.578276],[106.527657,29.578384]]]}},{"id":"158","type":"Feature","properties":{"landuse":"grass","natural":"unknown","base_elevation":119},"geometry":{"type":"Polygon","coordinates":[[[106.538512,29.61463],[106.538209,29.614658],[106.538019,29.614742],[106.53786,29.614884],[106.538259,29.614881],[106.538824,29.614951],[106.539098,29.615035],[106.539218,29.614814],[106.538979,29.614725],[106.538512,29.61463]]]}},{"id":"159","type":"Feature","properties":{"landuse":"grass","natural":"unknown","base_elevation":119},"geometry":{"type":"Polygon","coordinates":[[[106.535246,29.616538],[106.535275,29.616653],[106.535444,29.616834],[106.535831,29.616982],[106.536065,29.616694],[106.536111,29.616571],[106.536107,29.616442],[106.536054,29.616321],[106.535956,29.616224],[106.535827,29.61616],[106.53568,29.616138],[106.535534,29.61616],[106.535404,29.616224],[106.535314,29.616312],[106.53526,29.61642],[106.535246,29.616538]]]}},{"id":"160","type":"Feature","properties":{"landuse":"grass","natural":"unknown","base_elevation":135},"geometry":{"type":"Polygon","coordinates":[[[106.535775,29.617186],[106.535136,29.616992],[106.535458,29.617262],[106.535537,29.617427],[106.535555,29.617588],[106.535775,29.617186]]]}},{"id":"161","type":"Feature","properties":{"landuse":"grass","natural":"unknown","base_elevation":108},"geometry":{"type":"Polygon","coordinates":[[[106.536422,29.616998],[106.536327,29.61712],[106.538284,29.617708],[106.538521,29.617346],[106.53695,29.617031],[106.536486,29.617061],[106.536422,29.616998]]]}},{"id":"162","type":"Feature","properties":{"landuse":"grass","natural":"unknown","base_elevation":146},"geometry":{"type":"Polygon","coordinates":[[[106.543383,29.620302],[106.543429,29.620347],[106.543478,29.620302],[106.543437,29.620264],[106.543383,29.620302]]]}},{"id":"163","type":"Feature","properties":{"landuse":"grass","natural":"unknown","base_elevation":122},"geometry":{"type":"Polygon","coordinates":[[[106.561624,29.504971],[106.561628,29.505014],[106.561897,29.505002],[106.562183,29.504805],[106.561619,29.504854],[106.561621,29.504891],[106.561767,29.504882],[106.561773,29.504964],[106.561624,29.504971]]]}},{"id":"164","type":"Feature","properties":{"landuse":"grass","natural":"unknown","base_elevation":113},"geometry":{"type":"Polygon","coordinates":[[[106.561575,29.505022],[106.561557,29.50486],[106.561162,29.504905],[106.561088,29.504967],[106.561104,29.505024],[106.561171,29.505051],[106.561575,29.505022]]]}},{"id":"165","type":"Feature","properties":{"landuse":"grass","natural":"unknown","base_elevation":78},"geometry":{"type":"Polygon","coordinates":[[[106.553234,29.511298],[106.553184,29.511488],[106.55328,29.511664],[106.553372,29.511721],[106.553589,29.511746],[106.553692,29.511712],[106.553836,29.511568],[106.55386,29.511474],[106.553803,29.511291],[106.553628,29.511176],[106.55341,29.511177],[106.553234,29.511298]]]}},{"id":"166","type":"Feature","properties":{"landuse":"grass","natural":"unknown","base_elevation":288},"geometry":{"type":"Polygon","coordinates":[[[106.596429,29.515242],[106.598288,29.514209],[106.598538,29.514548],[106.598441,29.514029],[106.598277,29.513967],[106.596412,29.515007],[106.596349,29.51518],[106.596429,29.515242]]]}},{"id":"167","type":"Feature","properties":{"landuse":"grass","natural":"unknown","base_elevation":110},"geometry":{"type":"Polygon","coordinates":[[[106.570434,29.555766],[106.570344,29.555735],[106.569978,29.555894],[106.569924,29.555948],[106.56994,29.556079],[106.570149,29.556198],[106.570297,29.556184],[106.570432,29.556113],[106.570489,29.555934],[106.570434,29.555766]]]}},{"id":"168","type":"Feature","properties":{"landuse":"grass","natural":"unknown","base_elevation":138},"geometry":{"type":"Polygon","coordinates":[[[106.562954,29.558287],[106.562752,29.558215],[106.562759,29.558183],[106.562602,29.558192],[106.562542,29.55827],[106.562569,29.558385],[106.562639,29.558428],[106.5629,29.558395],[106.562974,29.558335],[106.562954,29.558287]]]}},{"id":"169","type":"Feature","properties":{"landuse":"grass","natural":"unknown","base_elevation":140},"geometry":{"type":"Polygon","coordinates":[[[106.562566,29.558479],[106.562486,29.558377],[106.562285,29.558406],[106.562258,29.558472],[106.562512,29.558582],[106.562566,29.558479]]]}},{"id":"170","type":"Feature","properties":{"landuse":"grass","natural":"unknown","base_elevation":138},"geometry":{"type":"Polygon","coordinates":[[[106.563185,29.558518],[106.563033,29.558378],[106.562913,29.558441],[106.562947,29.55857],[106.563077,29.558657],[106.563188,29.558639],[106.563185,29.558518]]]}},{"id":"171","type":"Feature","properties":{"landuse":"grass","natural":"unknown","base_elevation":140},"geometry":{"type":"Polygon","coordinates":[[[106.562662,29.55853],[106.562593,29.558522],[106.562569,29.558598],[106.562727,29.558676],[106.562713,29.558591],[106.562662,29.55853]]]}},{"id":"172","type":"Feature","properties":{"landuse":"grass","natural":"unknown","base_elevation":140},"geometry":{"type":"Polygon","coordinates":[[[106.562967,29.558608],[106.562834,29.558574],[106.562783,29.558625],[106.562793,29.558718],[106.562919,29.55877],[106.563042,29.558754],[106.563071,29.558694],[106.562967,29.558608]]]}},{"id":"173","type":"Feature","properties":{"landuse":"grass","natural":"unknown","base_elevation":71},"geometry":{"type":"Polygon","coordinates":[[[106.54936,29.564609],[106.549075,29.564655],[106.549101,29.56478],[106.549387,29.564734],[106.54936,29.564609]]]}},{"id":"174","type":"Feature","properties":{"landuse":"grass","natural":"unknown","base_elevation":73},"geometry":{"type":"Polygon","coordinates":[[[106.582508,29.567465],[106.582454,29.566973],[106.582307,29.566994],[106.582416,29.567478],[106.582508,29.567465]]]}},{"id":"175","type":"Feature","properties":{"landuse":"grass","natural":"unknown","base_elevation":49},"geometry":{"type":"Polygon","coordinates":[[[106.581985,29.567421],[106.581688,29.567384],[106.581538,29.567401],[106.581523,29.567433],[106.581719,29.567426],[106.581733,29.567474],[106.582107,29.567427],[106.582112,29.567463],[106.582338,29.567434],[106.582403,29.567804],[106.582604,29.567775],[106.582406,29.567505],[106.582294,29.567019],[106.582217,29.567041],[106.582219,29.56723],[106.582182,29.567302],[106.581985,29.567421]]]}},{"id":"176","type":"Feature","properties":{"landuse":"grass","natural":"unknown","base_elevation":35},"geometry":{"type":"Polygon","coordinates":[[[106.566295,29.572216],[106.566502,29.572212],[106.566574,29.57225],[106.566829,29.57189],[106.566827,29.571779],[106.56662,29.571555],[106.566084,29.571663],[106.565952,29.571878],[106.565954,29.571918],[106.566197,29.57225],[106.566237,29.572263],[106.566295,29.572216]]]}},{"id":"177","type":"Feature","properties":{"landuse":"grass","natural":"unknown","base_elevation":89},"geometry":{"type":"Polygon","coordinates":[[[106.563978,29.57551],[106.564186,29.575402],[106.563986,29.575332],[106.563771,29.575171],[106.563832,29.575668],[106.563978,29.57551]]]}},{"id":"178","type":"Feature","properties":{"landuse":"grass","natural":"unknown","base_elevation":69},"geometry":{"type":"Polygon","coordinates":[[[106.571918,29.577894],[106.571918,29.577964],[106.57205,29.577915],[106.571968,29.577862],[106.571918,29.577894]]]}},{"id":"179","type":"Feature","properties":{"landuse":"grass","natural":"unknown","base_elevation":71},"geometry":{"type":"Polygon","coordinates":[[[106.571608,29.578363],[106.571684,29.578379],[106.571693,29.578137],[106.571748,29.578058],[106.571862,29.577987],[106.571883,29.577844],[106.571721,29.577622],[106.571479,29.577569],[106.57118,29.577747],[106.571325,29.577988],[106.571374,29.578128],[106.571391,29.578229],[106.571345,29.578246],[106.571351,29.578318],[106.571419,29.57831],[106.57146,29.57826],[106.57145,29.578112],[106.571392,29.578114],[106.571375,29.57795],[106.571268,29.577779],[106.571272,29.577738],[106.571476,29.577618],[106.571512,29.577667],[106.571587,29.577667],[106.571596,29.577616],[106.57172,29.577662],[106.571819,29.57786],[106.571576,29.57801],[106.571546,29.577969],[106.571523,29.577985],[106.571518,29.578319],[106.57147,29.578361],[106.571353,29.578377],[106.571356,29.578417],[106.571524,29.578405],[106.571542,29.578361],[106.571575,29.578387],[106.571608,29.578363]]]}},{"id":"180","type":"Feature","properties":{"landuse":"grass","natural":"unknown","base_elevation":52},"geometry":{"type":"Polygon","coordinates":[[[106.572177,29.579369],[106.572679,29.579334],[106.572718,29.579282],[106.572655,29.579273],[106.572703,29.579003],[106.572885,29.579015],[106.57289,29.578743],[106.572794,29.577796],[106.572613,29.577464],[106.572379,29.577178],[106.572228,29.577176],[106.571731,29.577437],[106.571727,29.577472],[106.571843,29.577672],[106.571987,29.577754],[106.571979,29.577805],[106.572342,29.577965],[106.57244,29.57809],[106.57252,29.578567],[106.57251,29.578716],[106.572442,29.578874],[106.572207,29.579085],[106.572232,29.579123],[106.572122,29.579192],[106.572114,29.579252],[106.572177,29.579369]]]}},{"id":"181","type":"Feature","properties":{"landuse":"grass","natural":"unknown","base_elevation":58},"geometry":{"type":"Polygon","coordinates":[[[106.57238,29.578716],[106.572453,29.57864],[106.572468,29.578536],[106.572389,29.578104],[106.572328,29.578012],[106.572218,29.577958],[106.572073,29.577955],[106.571775,29.578083],[106.571733,29.578149],[106.571719,29.578231],[106.571739,29.578601],[106.571779,29.578673],[106.571834,29.57871],[106.57196,29.578739],[106.57238,29.578716]],[[106.572301,29.578059],[106.572219,29.578008],[106.572115,29.577997],[106.572107,29.577972],[106.572254,29.577977],[106.572328,29.578029],[106.572301,29.578059]],[[106.571861,29.578092],[106.571799,29.578161],[106.571787,29.578247],[106.571746,29.578256],[106.571773,29.578105],[106.571822,29.578068],[106.571861,29.578092]],[[106.572357,29.578667],[106.572415,29.578535],[106.572451,29.578524],[106.572429,29.578655],[106.572368,29.578705],[106.572357,29.578667]],[[106.571796,29.578567],[106.571845,29.578645],[106.571938,29.578712],[106.571793,29.578665],[106.571754,29.578594],[106.571796,29.578567]]]}},{"id":"182","type":"Feature","properties":{"landuse":"grass","natural":"unknown","base_elevation":42},"geometry":{"type":"Polygon","coordinates":[[[106.584301,29.578815],[106.584319,29.578658],[106.584375,29.578576],[106.584186,29.578524],[106.584096,29.578545],[106.584063,29.578585],[106.584131,29.578732],[106.584033,29.578931],[106.583867,29.579095],[106.583612,29.57921],[106.583593,29.579246],[106.583771,29.579226],[106.583938,29.579144],[106.584301,29.578815]]]}},{"id":"183","type":"Feature","properties":{"landuse":"grass","natural":"unknown","base_elevation":58},"geometry":{"type":"Polygon","coordinates":[[[106.571667,29.578802],[106.571673,29.57869],[106.571628,29.578725],[106.571589,29.578853],[106.571569,29.579297],[106.571636,29.579368],[106.571729,29.57938],[106.571991,29.579266],[106.572042,29.579157],[106.571898,29.579133],[106.571769,29.57897],[106.571611,29.578877],[106.571667,29.578802]]]}},{"id":"184","type":"Feature","properties":{"landuse":"grass","natural":"unknown","base_elevation":54},"geometry":{"type":"Polygon","coordinates":[[[106.571836,29.57991],[106.572131,29.579405],[106.572056,29.579275],[106.57175,29.579412],[106.571678,29.579414],[106.571551,29.579359],[106.571531,29.579299],[106.571561,29.578848],[106.571605,29.578706],[106.5717,29.57862],[106.571691,29.578495],[106.57166,29.578523],[106.571632,29.578498],[106.571626,29.578527],[106.571598,29.578483],[106.571592,29.578546],[106.571556,29.578499],[106.571517,29.578494],[106.571515,29.578524],[106.571356,29.578484],[106.571377,29.579612],[106.57129,29.57991],[106.571648,29.580071],[106.571836,29.57991]]]}},{"id":"185","type":"Feature","properties":{"landuse":"grass","natural":"unknown","base_elevation":39},"geometry":{"type":"Polygon","coordinates":[[[106.581025,29.581315],[106.580628,29.58191],[106.58068,29.581936],[106.581075,29.581391],[106.581025,29.581315]]]}},{"id":"186","type":"Feature","properties":{"landuse":"grass","natural":"unknown","base_elevation":35},"geometry":{"type":"Polygon","coordinates":[[[106.580512,29.582494],[106.580535,29.582884],[106.580804,29.583108],[106.581148,29.58319],[106.580964,29.582731],[106.580512,29.582494]]]}},{"id":"187","type":"Feature","properties":{"landuse":"grass","natural":"unknown","base_elevation":29},"geometry":{"type":"Polygon","coordinates":[[[106.580728,29.583209],[106.580505,29.583081],[106.580518,29.583343],[106.580596,29.583265],[106.580728,29.583209]]]}},{"id":"188","type":"Feature","properties":{"landuse":"grass","natural":"unknown","base_elevation":116},"geometry":{"type":"Polygon","coordinates":[[[106.596358,29.598171],[106.59648,29.598178],[106.596577,29.598113],[106.596827,29.597749],[106.59682,29.597643],[106.59677,29.597586],[106.596653,29.597554],[106.596516,29.597625],[106.596266,29.597989],[106.596273,29.598095],[106.596358,29.598171]]]}},{"id":"189","type":"Feature","properties":{"landuse":"grass","natural":"unknown","base_elevation":140},"geometry":{"type":"Polygon","coordinates":[[[106.559154,29.630654],[106.559038,29.630718],[106.558396,29.630399],[106.558382,29.630422],[106.559033,29.630741],[106.559099,29.630735],[106.559179,29.630668],[106.559154,29.630654]]]}},{"id":"190","type":"Feature","properties":{"landuse":"grass","natural":"unknown","base_elevation":137},"geometry":{"type":"Polygon","coordinates":[[[106.559289,29.630875],[106.559466,29.630961],[106.559517,29.630952],[106.559844,29.630483],[106.559838,29.630389],[106.559802,29.630344],[106.559687,29.630294],[106.559419,29.630838],[106.559258,29.630764],[106.559271,29.630717],[106.559241,29.630703],[106.559234,29.630816],[106.559289,29.630875]]]}},{"id":"191","type":"Feature","properties":{"landuse":"grass","natural":"unknown","base_elevation":178},"geometry":{"type":"Polygon","coordinates":[[[106.569628,29.646525],[106.569464,29.646421],[106.569523,29.646348],[106.567748,29.645382],[106.567639,29.645383],[106.567596,29.645434],[106.567598,29.645522],[106.567682,29.645615],[106.56952,29.646658],[106.569628,29.646525]]]}},{"id":"192","type":"Feature","properties":{"landuse":"grass","natural":"unknown","base_elevation":146},"geometry":{"type":"Polygon","coordinates":[[[106.641793,29.503252],[106.641848,29.503335],[106.642086,29.503214],[106.641948,29.503008],[106.64171,29.503129],[106.641764,29.50321],[106.641818,29.503183],[106.641846,29.503225],[106.641793,29.503252]]]}},{"id":"193","type":"Feature","properties":{"landuse":"grass","natural":"unknown","base_elevation":134},"geometry":{"type":"Polygon","coordinates":[[[106.643973,29.508321],[106.643915,29.508266],[106.643826,29.508294],[106.643721,29.508486],[106.643938,29.508398],[106.643973,29.508321]]]}},{"id":"194","type":"Feature","properties":{"landuse":"grass","natural":"unknown","base_elevation":133},"geometry":{"type":"Polygon","coordinates":[[[106.643035,29.508729],[106.64298,29.508792],[106.642986,29.508872],[106.64327,29.508698],[106.643141,29.508688],[106.643035,29.508729]]]}},{"id":"195","type":"Feature","properties":{"landuse":"grass","natural":"unknown","base_elevation":130},"geometry":{"type":"Polygon","coordinates":[[[106.64569,29.508985],[106.645692,29.509145],[106.645911,29.509143],[106.64591,29.508983],[106.64569,29.508985]]]}},{"id":"196","type":"Feature","properties":{"landuse":"grass","natural":"unknown","base_elevation":130},"geometry":{"type":"Polygon","coordinates":[[[106.645661,29.508984],[106.6454,29.508986],[106.645401,29.509146],[106.645662,29.509144],[106.645661,29.508984]]]}},{"id":"197","type":"Feature","properties":{"landuse":"grass","natural":"unknown","base_elevation":129},"geometry":{"type":"Polygon","coordinates":[[[106.645691,29.509169],[106.645692,29.509352],[106.64591,29.509351],[106.645913,29.509166],[106.645691,29.509169]]]}},{"id":"198","type":"Feature","properties":{"landuse":"grass","natural":"unknown","base_elevation":129},"geometry":{"type":"Polygon","coordinates":[[[106.6454,29.509171],[106.6454,29.509353],[106.645665,29.509352],[106.645664,29.509167],[106.6454,29.509171]]]}},{"id":"199","type":"Feature","properties":{"landuse":"grass","natural":"unknown","base_elevation":133},"geometry":{"type":"Polygon","coordinates":[[[106.64177,29.509354],[106.641771,29.509426],[106.641858,29.509373],[106.64177,29.509354]]]}},{"id":"200","type":"Feature","properties":{"landuse":"grass","natural":"unknown","base_elevation":137},"geometry":{"type":"Polygon","coordinates":[[[106.641325,29.509628],[106.641213,29.509687],[106.641171,29.509763],[106.641294,29.509758],[106.641486,29.509627],[106.641325,29.509628]]]}},{"id":"201","type":"Feature","properties":{"landuse":"grass","natural":"unknown","base_elevation":297},"geometry":{"type":"Polygon","coordinates":[[[106.6,29.514238],[106.600083,29.514174],[106.599497,29.513531],[106.599265,29.513669],[106.599311,29.513732],[106.59942,29.513732],[106.599421,29.513797],[106.599587,29.513799],[106.599586,29.514091],[106.59953,29.514092],[106.599529,29.514238],[106.599831,29.514194],[106.6,29.514238]]]}},{"id":"202","type":"Feature","properties":{"landuse":"grass","natural":"unknown","base_elevation":307},"geometry":{"type":"Polygon","coordinates":[[[106.600153,29.514483],[106.599951,29.514634],[106.599952,29.514881],[106.600031,29.514882],[106.60003,29.514784],[106.600104,29.514782],[106.600256,29.514648],[106.600305,29.514689],[106.600336,29.514659],[106.600153,29.514483]]]}},{"id":"203","type":"Feature","properties":{"landuse":"grass","natural":"unknown","base_elevation":308},"geometry":{"type":"Polygon","coordinates":[[[106.599913,29.51473],[106.599816,29.514732],[106.599775,29.514823],[106.599682,29.514903],[106.599679,29.514979],[106.60003,29.514988],[106.600029,29.514915],[106.599912,29.514916],[106.599913,29.51473]]]}},{"id":"204","type":"Feature","properties":{"landuse":"grass","natural":"unknown","base_elevation":303},"geometry":{"type":"Polygon","coordinates":[[[106.59952,29.514919],[106.59937,29.514813],[106.599264,29.514813],[106.599264,29.514854],[106.59908,29.514855],[106.599116,29.515298],[106.599076,29.515483],[106.599226,29.515481],[106.599197,29.515006],[106.599517,29.514979],[106.59952,29.514919]]]}},{"id":"205","type":"Feature","properties":{"landuse":"grass","natural":"unknown","base_elevation":101},"geometry":{"type":"Polygon","coordinates":[[[106.648234,29.518362],[106.649238,29.517871],[106.649038,29.517605],[106.648169,29.518011],[106.648234,29.518362]]]}},{"id":"206","type":"Feature","properties":{"landuse":"grass","natural":"unknown","base_elevation":103},"geometry":{"type":"Polygon","coordinates":[[[106.647202,29.525842],[106.647106,29.525584],[106.646918,29.525519],[106.647099,29.525851],[106.647202,29.525842]]]}},{"id":"207","type":"Feature","properties":{"landuse":"grass","natural":"unknown","base_elevation":100},"geometry":{"type":"Polygon","coordinates":[[[106.64742,29.526279],[106.647485,29.526171],[106.64746,29.526101],[106.64736,29.52609],[106.647259,29.525933],[106.64716,29.525945],[106.647387,29.526274],[106.64742,29.526279]]]}},{"id":"208","type":"Feature","properties":{"landuse":"grass","natural":"unknown","base_elevation":101},"geometry":{"type":"Polygon","coordinates":[[[106.647829,29.526855],[106.647871,29.526728],[106.64755,29.526221],[106.647463,29.526371],[106.647795,29.526853],[106.647829,29.526855]]]}},{"id":"209","type":"Feature","properties":{"landuse":"grass","natural":"unknown","base_elevation":101},"geometry":{"type":"Polygon","coordinates":[[[106.648239,29.526937],[106.648168,29.526821],[106.648073,29.526797],[106.648009,29.526992],[106.64806,29.527019],[106.648239,29.526937]]]}},{"id":"210","type":"Feature","properties":{"landuse":"grass","natural":"unknown","base_elevation":66},"geometry":{"type":"Polygon","coordinates":[[[106.661915,29.526333],[106.661658,29.526405],[106.661496,29.526498],[106.661424,29.526647],[106.661852,29.52744],[106.662093,29.527958],[106.662149,29.527969],[106.663065,29.5276],[106.663109,29.527371],[106.662971,29.527119],[106.663079,29.527072],[106.663148,29.527203],[106.663411,29.527125],[106.663516,29.527141],[106.663853,29.527032],[106.663781,29.52689],[106.663698,29.526878],[106.663497,29.52697],[106.663264,29.527026],[106.663036,29.52698],[106.662858,29.526826],[106.662798,29.526589],[106.662559,29.526233],[106.662258,29.526325],[106.662375,29.526627],[106.662203,29.526678],[106.662084,29.526372],[106.661977,29.526401],[106.661915,29.526333]]]}},{"id":"211","type":"Feature","properties":{"landuse":"grass","natural":"unknown","base_elevation":75},"geometry":{"type":"Polygon","coordinates":[[[106.665416,29.527524],[106.665289,29.527402],[106.665242,29.527221],[106.665061,29.527303],[106.664987,29.527443],[106.664983,29.527523],[106.665025,29.527589],[106.665113,29.527612],[106.665146,29.52767],[106.665124,29.527767],[106.665269,29.527816],[106.665443,29.52797],[106.665519,29.52797],[106.665606,29.527939],[106.665457,29.527795],[106.665465,29.527622],[106.665416,29.527524]]]}},{"id":"212","type":"Feature","properties":{"landuse":"grass","natural":"unknown","base_elevation":78},"geometry":{"type":"Polygon","coordinates":[[[106.665595,29.52801],[106.66568,29.528073],[106.665725,29.528059],[106.665635,29.528001],[106.665595,29.52801]]]}},{"id":"213","type":"Feature","properties":{"landuse":"grass","natural":"unknown","base_elevation":77},"geometry":{"type":"Polygon","coordinates":[[[106.665244,29.527921],[106.665253,29.52801],[106.665327,29.528104],[106.665503,29.528207],[106.665501,29.528281],[106.665539,29.528331],[106.665584,29.528317],[106.665658,29.52822],[106.66564,29.528113],[106.665537,29.528034],[106.665414,29.528018],[106.665278,29.527911],[106.665244,29.527921]]]}},{"id":"214","type":"Feature","properties":{"landuse":"grass","natural":"unknown","base_elevation":78},"geometry":{"type":"Polygon","coordinates":[[[106.665787,29.528417],[106.665798,29.528341],[106.665727,29.528137],[106.6657,29.528133],[106.665716,29.52822],[106.665649,29.528335],[106.665557,29.528403],[106.665678,29.528448],[106.665711,29.528621],[106.665776,29.528669],[106.665843,29.528654],[106.665845,29.528584],[106.665988,29.528525],[106.665821,29.528459],[106.665787,29.528417]]]}},{"id":"215","type":"Feature","properties":{"landuse":"grass","natural":"unknown","base_elevation":70},"geometry":{"type":"Polygon","coordinates":[[[106.662326,29.528337],[106.662527,29.528524],[106.662756,29.528865],[106.662919,29.529252],[106.663282,29.529747],[106.663384,29.529822],[106.663484,29.529819],[106.66457,29.529343],[106.666375,29.528863],[106.666198,29.528816],[106.666105,29.528744],[106.665893,29.528706],[106.665771,29.528746],[106.665671,29.528668],[106.66562,29.528503],[106.665504,29.52844],[106.665439,29.528233],[106.66531,29.528184],[106.665218,29.528075],[106.665162,29.527822],[106.665031,29.527819],[106.664376,29.528176],[106.664302,29.528135],[106.664136,29.527843],[106.66408,29.527812],[106.663855,29.527938],[106.663939,29.528095],[106.663725,29.528181],[106.663908,29.528537],[106.663016,29.528884],[106.662875,29.528609],[106.663648,29.528309],[106.663467,29.527968],[106.663515,29.527949],[106.663458,29.52786],[106.663216,29.527759],[106.662257,29.528139],[106.662228,29.528198],[106.662326,29.528337]]]}},{"id":"216","type":"Feature","properties":{"landuse":"grass","natural":"unknown","base_elevation":131},"geometry":{"type":"Polygon","coordinates":[[[106.612043,29.627328],[106.612016,29.627284],[106.611814,29.627203],[106.611622,29.627171],[106.61112,29.627182],[106.611144,29.627323],[106.611382,29.627346],[106.611477,29.627387],[106.611709,29.627568],[106.611897,29.627384],[106.612043,29.627328]]]}},{"id":"217","type":"Feature","properties":{"landuse":"grass","natural":"unknown","base_elevation":119},"geometry":{"type":"Polygon","coordinates":[[[106.609468,29.628218],[106.609449,29.628049],[106.609042,29.628128],[106.607781,29.628112],[106.608244,29.628257],[106.609392,29.628243],[106.609468,29.628218]]]}},{"id":"218","type":"Feature","properties":{"landuse":"meadow","natural":"unknown","base_elevation":157},"geometry":{"type":"Polygon","coordinates":[[[106.504109,29.535055],[106.505861,29.535064],[106.505836,29.534805],[106.505716,29.534649],[106.505624,29.534584],[106.504098,29.534588],[106.504109,29.535055]]]}},{"id":"219","type":"Feature","properties":{"landuse":"meadow","natural":"unknown","base_elevation":157},"geometry":{"type":"Polygon","coordinates":[[[106.505846,29.535788],[106.504114,29.535793],[106.504114,29.536164],[106.50585,29.536177],[106.505846,29.535788]]]}},{"id":"220","type":"Feature","properties":{"landuse":"meadow","natural":"unknown","base_elevation":157},"geometry":{"type":"Polygon","coordinates":[[[106.505926,29.53618],[106.505929,29.536591],[106.506546,29.536587],[106.506546,29.536181],[106.505926,29.53618]]]}},{"id":"221","type":"Feature","properties":{"landuse":"meadow","natural":"unknown","base_elevation":157},"geometry":{"type":"Polygon","coordinates":[[[106.506747,29.537662],[106.506969,29.537515],[106.506969,29.536178],[106.506585,29.53618],[106.506596,29.537277],[106.505866,29.537274],[106.505866,29.537666],[106.506747,29.537662]]]}},{"id":"222","type":"Feature","properties":{"landuse":"meadow","natural":"unknown","base_elevation":163},"geometry":{"type":"Polygon","coordinates":[[[106.503626,29.536581],[106.504015,29.53645],[106.504009,29.535812],[106.503145,29.536281],[106.502784,29.536375],[106.502647,29.536447],[106.502445,29.536629],[106.501325,29.536624],[106.501148,29.536673],[106.500853,29.536974],[106.500662,29.537251],[106.500646,29.538197],[106.501081,29.538045],[106.500981,29.537156],[106.501339,29.537158],[106.501343,29.537774],[106.502012,29.537769],[106.502011,29.538093],[106.502636,29.538125],[106.503414,29.537676],[106.504346,29.537678],[106.504345,29.537286],[106.503633,29.537286],[106.503626,29.536581]]]}},{"id":"223","type":"Feature","properties":{"landuse":"unknown","natural":"bare_rock","base_elevation":20},"geometry":{"type":"Polygon","coordinates":[[[106.539685,29.566269],[106.539601,29.566256],[106.539617,29.566189],[106.539684,29.566214],[106.539685,29.566269]]]}},{"id":"224","type":"Feature","properties":{"landuse":"unknown","natural":"sand","base_elevation":56},"geometry":{"type":"Polygon","coordinates":[[[106.571931,29.579102],[106.571875,29.579018],[106.571975,29.578882],[106.572266,29.578878],[106.572343,29.578921],[106.572252,29.578988],[106.572212,29.578975],[106.571931,29.579102]]]}},{"id":"225","type":"Feature","properties":{"landuse":"unknown","natural":"scrub","base_elevation":35},"geometry":{"type":"Polygon","coordinates":[[[106.546288,29.540819],[106.546059,29.539995],[106.545676,29.539994],[106.545677,29.539583],[106.545804,29.539447],[106.546007,29.539509],[106.546121,29.539341],[106.546125,29.538966],[106.546091,29.538611],[106.546054,29.538504],[106.544179,29.5378],[106.544122,29.537819],[106.543763,29.538601],[106.543635,29.538559],[106.543508,29.53881],[106.543295,29.538998],[106.542955,29.538721],[106.542853,29.53845],[106.542872,29.538361],[106.542647,29.538233],[106.541891,29.538026],[106.5416,29.538818],[106.541531,29.5391],[106.5414,29.539339],[106.541361,29.539826],[106.541281,29.540194],[106.540989,29.541056],[106.541075,29.541208],[106.541602,29.541225],[106.542761,29.541161],[106.54269,29.540329],[106.545018,29.540178],[106.545089,29.541011],[106.546208,29.540944],[106.546288,29.540819]]]}},{"id":"226","type":"Feature","properties":{"landuse":"unknown","natural":"scrub","base_elevation":71},"geometry":{"type":"Polygon","coordinates":[[[106.571153,29.552143],[106.570683,29.552091],[106.570276,29.552088],[106.570274,29.552641],[106.570523,29.552644],[106.570517,29.553127],[106.570621,29.553125],[106.570626,29.552778],[106.570961,29.552777],[106.571088,29.552512],[106.571153,29.552143]]]}},{"id":"227","type":"Feature","properties":{"landuse":"unknown","natural":"scrub","base_elevation":133},"geometry":{"type":"Polygon","coordinates":[[[106.516962,29.572435],[106.516711,29.572393],[106.516485,29.572398],[106.515646,29.572537],[106.51563,29.572608],[106.516187,29.573934],[106.516887,29.572973],[106.517605,29.573072],[106.517674,29.572771],[106.517652,29.572705],[106.516962,29.572435]]]}},{"id":"228","type":"Feature","properties":{"landuse":"unknown","natural":"scrub","base_elevation":71},"geometry":{"type":"Polygon","coordinates":[[[106.571773,29.578105],[106.571746,29.578256],[106.57178,29.578256],[106.571855,29.578073],[106.571773,29.578105]]]}},{"id":"229","type":"Feature","properties":{"landuse":"unknown","natural":"scrub","base_elevation":65},"geometry":{"type":"Polygon","coordinates":[[[106.571848,29.578701],[106.571941,29.578704],[106.571771,29.578565],[106.571764,29.578627],[106.571848,29.578701]]]}},{"id":"230","type":"Feature","properties":{"landuse":"unknown","natural":"scrub","base_elevation":69},"geometry":{"type":"Polygon","coordinates":[[[106.571802,29.578809],[106.571721,29.578697],[106.57171,29.578696],[106.571699,29.578784],[106.571783,29.57883],[106.571802,29.578809]]]}},{"id":"231","type":"Feature","properties":{"landuse":"unknown","natural":"scrub","base_elevation":65},"geometry":{"type":"Polygon","coordinates":[[[106.571904,29.578844],[106.571951,29.578783],[106.571846,29.578794],[106.571904,29.578844]]]}},{"id":"232","type":"Feature","properties":{"landuse":"unknown","natural":"scrub","base_elevation":103},"geometry":{"type":"Polygon","coordinates":[[[106.568962,29.584646],[106.569046,29.584643],[106.569048,29.584581],[106.568962,29.584577],[106.568962,29.584646]]]}},{"id":"233","type":"Feature","properties":{"landuse":"unknown","natural":"scrub","base_elevation":150},"geometry":{"type":"Polygon","coordinates":[[[106.531802,29.588026],[106.531753,29.585969],[106.530176,29.585996],[106.530198,29.586935],[106.530745,29.586925],[106.530771,29.588044],[106.531802,29.588026]]]}},{"id":"234","type":"Feature","properties":{"landuse":"unknown","natural":"scrub","base_elevation":146},"geometry":{"type":"Polygon","coordinates":[[[106.532851,29.588347],[106.533122,29.58842],[106.533425,29.588403],[106.533706,29.588333],[106.533964,29.588205],[106.534087,29.588081],[106.534066,29.586461],[106.533932,29.586313],[106.533733,29.586227],[106.533438,29.586159],[106.533224,29.586152],[106.532907,29.586197],[106.532655,29.586313],[106.532448,29.586495],[106.532328,29.586728],[106.532293,29.587113],[106.532325,29.587734],[106.532403,29.587967],[106.53258,29.588207],[106.532851,29.588347]]]}},{"id":"235","type":"Feature","properties":{"landuse":"unknown","natural":"scrub","base_elevation":161},"geometry":{"type":"Polygon","coordinates":[[[106.519492,29.602849],[106.518297,29.60298],[106.518193,29.603142],[106.518286,29.603686],[106.520054,29.603497],[106.520021,29.603295],[106.519423,29.603044],[106.519492,29.602849]]]}},{"id":"236","type":"Feature","properties":{"landuse":"unknown","natural":"scrub","base_elevation":122},"geometry":{"type":"Polygon","coordinates":[[[106.548918,29.615364],[106.548935,29.615673],[106.549053,29.615715],[106.550501,29.615671],[106.550565,29.615611],[106.550507,29.615286],[106.548918,29.615364]]]}},{"id":"237","type":"Feature","properties":{"landuse":"unknown","natural":"scrub","base_elevation":121},"geometry":{"type":"Polygon","coordinates":[[[106.545975,29.615617],[106.545971,29.615527],[106.54453,29.615587],[106.544554,29.615673],[106.545068,29.615709],[106.545903,29.615706],[106.545975,29.615617]]]}},{"id":"238","type":"Feature","properties":{"landuse":"unknown","natural":"scrub","base_elevation":59},"geometry":{"type":"Polygon","coordinates":[[[106.584703,29.541889],[106.58506,29.541959],[106.585198,29.54212],[106.585793,29.542141],[106.585863,29.542091],[106.586366,29.542242],[106.586739,29.541983],[106.586143,29.541026],[106.585943,29.541119],[106.584537,29.540107],[106.583412,29.540402],[106.583454,29.540688],[106.583563,29.540871],[106.584043,29.540806],[106.584065,29.541045],[106.584159,29.541234],[106.584256,29.541828],[106.584223,29.542098],[106.584703,29.541889]]]}},{"id":"239","type":"Feature","properties":{"landuse":"unknown","natural":"scrub","base_elevation":98},"geometry":{"type":"Polygon","coordinates":[[[106.591656,29.548409],[106.591648,29.54799],[106.591515,29.548017],[106.591352,29.547921],[106.591424,29.547581],[106.591682,29.547611],[106.591914,29.546901],[106.592574,29.546882],[106.592593,29.546733],[106.592487,29.546726],[106.592442,29.546452],[106.592323,29.546489],[106.59194,29.545921],[106.591974,29.545733],[106.592054,29.545693],[106.591649,29.545033],[106.592239,29.544307],[106.592405,29.544162],[106.592561,29.544095],[106.592995,29.543644],[106.593127,29.543448],[106.592842,29.542865],[106.592627,29.542757],[106.592414,29.542559],[106.591285,29.541272],[106.590799,29.541129],[106.590053,29.541372],[106.589913,29.541138],[106.589822,29.54105],[106.589801,29.540947],[106.589516,29.54069],[106.589318,29.540592],[106.589184,29.540755],[106.589146,29.540741],[106.588883,29.540965],[106.588696,29.541255],[106.588749,29.54139],[106.58898,29.54161],[106.589216,29.541773],[106.589286,29.542076],[106.589259,29.542137],[106.588996,29.542361],[106.588175,29.542571],[106.587912,29.542585],[106.58788,29.542632],[106.588159,29.543392],[106.587848,29.543444],[106.587832,29.543472],[106.587853,29.543742],[106.588009,29.544134],[106.587945,29.544256],[106.588213,29.544713],[106.588363,29.544615],[106.588443,29.54447],[106.588604,29.544372],[106.588733,29.544358],[106.5892,29.54405],[106.589989,29.544484],[106.590171,29.544522],[106.590246,29.544438],[106.59045,29.544419],[106.590718,29.544615],[106.591104,29.544597],[106.591185,29.544564],[106.591378,29.544639],[106.591485,29.544727],[106.59156,29.5449],[106.591265,29.545357],[106.59133,29.545437],[106.591179,29.545516],[106.591179,29.545763],[106.591131,29.545805],[106.590906,29.545828],[106.590664,29.545469],[106.5906,29.545474],[106.590396,29.545628],[106.590074,29.545404],[106.59001,29.545175],[106.590144,29.545012],[106.590123,29.544951],[106.589999,29.544909],[106.589495,29.544928],[106.58913,29.545129],[106.589157,29.545203],[106.589334,29.545254],[106.58928,29.545455],[106.589087,29.545604],[106.589017,29.545945],[106.589077,29.546118],[106.589361,29.546253],[106.590064,29.54616],[106.590353,29.546221],[106.590514,29.546328],[106.590563,29.546398],[106.590589,29.546449],[106.590149,29.546496],[106.589415,29.546692],[106.589361,29.546781],[106.589291,29.547159],[106.589329,29.54728],[106.589302,29.547299],[106.590326,29.548204],[106.590579,29.548279],[106.590664,29.548353],[106.590777,29.548559],[106.590756,29.548661],[106.590611,29.548815],[106.590718,29.548965],[106.591337,29.548786],[106.591466,29.548677],[106.591656,29.548409]]]}},{"id":"240","type":"Feature","properties":{"landuse":"unknown","natural":"scrub","base_elevation":101},"geometry":{"type":"Polygon","coordinates":[[[106.599738,29.574489],[106.599692,29.57447],[106.599756,29.574709],[106.59987,29.575523],[106.599931,29.575073],[106.599738,29.574489]]]}},{"id":"241","type":"Feature","properties":{"landuse":"unknown","natural":"scrub","base_elevation":104},"geometry":{"type":"Polygon","coordinates":[[[106.59971,29.575546],[106.599742,29.575537],[106.599451,29.574515],[106.599255,29.574565],[106.59971,29.575546]]]}},{"id":"242","type":"Feature","properties":{"landuse":"unknown","natural":"scrub","base_elevation":112},"geometry":{"type":"Polygon","coordinates":[[[106.59935,29.576053],[106.599176,29.57592],[106.598461,29.575497],[106.598205,29.575301],[106.597946,29.574956],[106.597786,29.574482],[106.597736,29.574493],[106.597706,29.574406],[106.597661,29.574417],[106.597614,29.574282],[106.597545,29.574298],[106.5975,29.574151],[106.597466,29.574159],[106.597376,29.57387],[106.597287,29.573891],[106.597586,29.574558],[106.597974,29.575244],[106.598163,29.575484],[106.598473,29.575715],[106.599288,29.576183],[106.599472,29.576319],[106.599487,29.576413],[106.599583,29.576446],[106.599611,29.576507],[106.599661,29.576487],[106.599533,29.576257],[106.59935,29.576053]]]}},{"id":"243","type":"Feature","properties":{"landuse":"unknown","natural":"scrub","base_elevation":107},"geometry":{"type":"Polygon","coordinates":[[[106.599551,29.575463],[106.599249,29.575083],[106.599177,29.575157],[106.599551,29.575463]]]}},{"id":"244","type":"Feature","properties":{"landuse":"unknown","natural":"scrub","base_elevation":64},"geometry":{"type":"Polygon","coordinates":[[[106.57228,29.577989],[106.572127,29.57796],[106.572107,29.57799],[106.572331,29.578052],[106.57228,29.577989]]]}},{"id":"245","type":"Feature","properties":{"landuse":"unknown","natural":"scrub","base_elevation":58},"geometry":{"type":"Polygon","coordinates":[[[106.572442,29.57863],[106.572443,29.578521],[106.57235,29.578701],[106.572395,29.578694],[106.572442,29.57863]]]}},{"id":"246","type":"Feature","properties":{"landuse":"unknown","natural":"scrub","base_elevation":57},"geometry":{"type":"Polygon","coordinates":[[[106.57227,29.578807],[106.572025,29.578784],[106.571975,29.578833],[106.572226,29.578842],[106.57227,29.578807]]]}},{"id":"247","type":"Feature","properties":{"landuse":"unknown","natural":"scrub","base_elevation":57},"geometry":{"type":"Polygon","coordinates":[[[106.5724,29.578794],[106.572337,29.578788],[106.572316,29.578845],[106.572367,29.578846],[106.5724,29.578794]]]}},{"id":"248","type":"Feature","properties":{"landuse":"unknown","natural":"scrub","base_elevation":56},"geometry":{"type":"Polygon","coordinates":[[[106.572212,29.578975],[106.571931,29.579102],[106.572099,29.579104],[106.572252,29.578988],[106.572212,29.578975]]]}},{"id":"249","type":"Feature","properties":{"landuse":"unknown","natural":"scrub","base_elevation":94},"geometry":{"type":"Polygon","coordinates":[[[106.604395,29.641634],[106.6043,29.641739],[106.604304,29.641836],[106.605393,29.641756],[106.605403,29.641664],[106.60538,29.641611],[106.605212,29.641572],[106.604395,29.641634]]]}},{"id":"250","type":"Feature","properties":{"landuse":"unknown","natural":"scrub","base_elevation":59},"geometry":{"type":"Polygon","coordinates":[[[106.603977,29.641668],[106.602523,29.641792],[106.602432,29.641929],[106.602687,29.642411],[106.602807,29.642863],[106.602797,29.643589],[106.602711,29.644197],[106.602594,29.644646],[106.602588,29.644783],[106.602656,29.644828],[106.602809,29.644776],[106.602864,29.644127],[106.604129,29.643686],[106.604167,29.64336],[106.604174,29.643179],[106.602878,29.642502],[106.602863,29.641932],[106.604121,29.641815],[106.60412,29.641755],[106.603977,29.641668]]]}},{"id":"251","type":"Feature","properties":{"landuse":"unknown","natural":"scrub","base_elevation":144},"geometry":{"type":"Polygon","coordinates":[[[106.640032,29.511093],[106.640099,29.511404],[106.64014,29.511394],[106.640067,29.511088],[106.640032,29.511093]]]}},{"id":"252","type":"Feature","properties":{"landuse":"unknown","natural":"scrub","base_elevation":156},"geometry":{"type":"Polygon","coordinates":[[[106.641587,29.51138],[106.641267,29.511468],[106.641283,29.511513],[106.641604,29.511425],[106.641587,29.51138]]]}},{"id":"253","type":"Feature","properties":{"landuse":"unknown","natural":"scrub","base_elevation":143},"geometry":{"type":"Polygon","coordinates":[[[106.640196,29.51181],[106.640569,29.511707],[106.640557,29.511672],[106.640257,29.511751],[106.64015,29.511435],[106.640111,29.511444],[106.640196,29.51181]]]}},{"id":"254","type":"Feature","properties":{"landuse":"unknown","natural":"scrub","base_elevation":141},"geometry":{"type":"Polygon","coordinates":[[[106.626245,29.51859],[106.626868,29.518876],[106.626987,29.518975],[106.627373,29.519036],[106.627594,29.518843],[106.627777,29.518772],[106.628144,29.518887],[106.628327,29.518909],[106.628649,29.518832],[106.629098,29.518788],[106.629294,29.518684],[106.629534,29.518469],[106.629635,29.518332],[106.629635,29.518244],[106.629571,29.518106],[106.629445,29.518035],[106.628582,29.517945],[106.628254,29.517841],[106.628083,29.517863],[106.627849,29.518044],[106.627483,29.518099],[106.627034,29.517731],[106.626933,29.517681],[106.626763,29.517659],[106.626706,29.517709],[106.626523,29.517747],[106.626352,29.517692],[106.626175,29.517533],[106.626068,29.51723],[106.625992,29.517104],[106.625866,29.517005],[106.625335,29.516791],[106.625158,29.516846],[106.625015,29.517046],[106.62487,29.517139],[106.624794,29.517167],[106.624541,29.517161],[106.62427,29.517282],[106.624225,29.517557],[106.62427,29.517865],[106.624078,29.518535],[106.624172,29.518705],[106.62526,29.518926],[106.625403,29.51893],[106.625499,29.518899],[106.62597,29.518602],[106.626245,29.51859]]]}},{"id":"255","type":"Feature","properties":{"landuse":"unknown","natural":"scrub","base_elevation":176},"geometry":{"type":"Polygon","coordinates":[[[106.618341,29.523815],[106.619081,29.523831],[106.620011,29.523934],[106.62079,29.523743],[106.620795,29.523305],[106.620992,29.52279],[106.622331,29.521847],[106.623492,29.519122],[106.622872,29.518812],[106.622175,29.51863],[106.620643,29.517866],[106.62053,29.517839],[106.620307,29.517885],[106.620169,29.51803],[106.620058,29.518556],[106.619936,29.518753],[106.619716,29.518895],[106.619439,29.518939],[106.619295,29.518923],[106.619012,29.518792],[106.618202,29.517931],[106.617931,29.517751],[106.617717,29.51768],[106.617381,29.517655],[106.616712,29.517782],[106.616498,29.517711],[106.616395,29.517603],[106.615419,29.518072],[106.615702,29.518668],[106.6162,29.519278],[106.616872,29.52056],[106.617036,29.520702],[106.617603,29.520908],[106.617764,29.521053],[106.617841,29.521272],[106.617838,29.521397],[106.617632,29.522327],[106.617618,29.522542],[106.617668,29.523182],[106.617775,29.523397],[106.618058,29.523717],[106.618341,29.523815]]]}},{"id":"256","type":"Feature","properties":{"landuse":"unknown","natural":"scrub","base_elevation":74},"geometry":{"type":"Polygon","coordinates":[[[106.664066,29.530813],[106.664428,29.531189],[106.664718,29.531182],[106.66374,29.529901],[106.663562,29.529995],[106.663532,29.530093],[106.664066,29.530813]]]}},{"id":"257","type":"Feature","properties":{"landuse":"unknown","natural":"scrub","base_elevation":74},"geometry":{"type":"Polygon","coordinates":[[[106.666713,29.53414],[106.666788,29.534091],[106.665987,29.53312],[106.665064,29.531827],[106.665013,29.531568],[106.664887,29.531403],[106.664762,29.531568],[106.664979,29.531978],[106.666595,29.534119],[106.666713,29.53414]]]}},{"id":"258","type":"Feature","properties":{"landuse":"unknown","natural":"scrub","base_elevation":78},"geometry":{"type":"Polygon","coordinates":[[[106.639547,29.621627],[106.639711,29.621189],[106.640574,29.620921],[106.640416,29.620417],[106.638479,29.620948],[106.634101,29.622537],[106.633249,29.624217],[106.6335,29.624309],[106.633799,29.624371],[106.634139,29.6244],[106.63608,29.624275],[106.635982,29.623807],[106.6361,29.623597],[106.636191,29.623308],[106.636497,29.622893],[106.636703,29.622412],[106.636928,29.622145],[106.637207,29.621961],[106.637888,29.621632],[106.638633,29.621696],[106.638666,29.622305],[106.638857,29.622425],[106.639616,29.622328],[106.639547,29.621627]]]}},{"id":"259","type":"Feature","properties":{"landuse":"unknown","natural":"scrub","base_elevation":47},"geometry":{"type":"Polygon","coordinates":[[[106.666598,29.635468],[106.665725,29.6338],[106.66671,29.633329],[106.665762,29.631647],[106.663128,29.634173],[106.664417,29.636512],[106.667194,29.635834],[106.667464,29.636548],[106.668179,29.636379],[106.66828,29.636176],[106.667719,29.63522],[106.666603,29.635681],[106.666505,29.635507],[106.666598,29.635468]]]}},{"id":"260","type":"Feature","properties":{"landuse":"unknown","natural":"scrub","base_elevation":100},"geometry":{"type":"Polygon","coordinates":[[[106.651928,29.63482],[106.651906,29.63494],[106.652716,29.635802],[106.653267,29.636512],[106.654563,29.636161],[106.654364,29.63589],[106.653409,29.636107],[106.653293,29.636047],[106.652729,29.633955],[106.651928,29.63482]]]}},{"id":"261","type":"Feature","properties":{"landuse":"unknown","natural":"scrub","base_elevation":134},"geometry":{"type":"Polygon","coordinates":[[[106.646577,29.63443],[106.646687,29.635177],[106.646303,29.635279],[106.646665,29.635928],[106.646463,29.636215],[106.646637,29.637306],[106.650366,29.635965],[106.650734,29.635795],[106.651524,29.63503],[106.651517,29.63488],[106.650016,29.633516],[106.646577,29.63443]]]}},{"id":"262","type":"Feature","properties":{"landuse":"unknown","natural":"scrub","base_elevation":122},"geometry":{"type":"Polygon","coordinates":[[[106.651669,29.637143],[106.651856,29.637217],[106.651995,29.637212],[106.653001,29.636658],[106.65248,29.635873],[106.651841,29.635158],[106.651687,29.635176],[106.651228,29.635746],[106.650897,29.635994],[106.647929,29.637119],[106.647848,29.637312],[106.648026,29.63761],[106.648793,29.637317],[106.65089,29.637092],[106.651205,29.637198],[106.651669,29.637143]]]}},{"id":"263","type":"Feature","properties":{"landuse":"unknown","natural":"wetland","base_elevation":22},"geometry":{"type":"Polygon","coordinates":[[[106.527928,29.539082],[106.52775,29.538739],[106.527665,29.538464],[106.527504,29.537862],[106.527354,29.537022],[106.52738,29.535678],[106.52737,29.535356],[106.527305,29.535071],[106.527182,29.534893],[106.526222,29.534151],[106.525953,29.533792],[106.525883,29.533473],[106.525916,29.533412],[106.526195,29.533345],[106.525972,29.531619],[106.525485,29.531148],[106.525515,29.530946],[106.525463,29.530675],[106.525385,29.530543],[106.52544,29.530319],[106.525539,29.530165],[106.525852,29.530036],[106.525905,29.529115],[106.525744,29.528294],[106.525948,29.52779],[106.525944,29.527709],[106.525706,29.527543],[106.525484,29.527532],[106.525418,29.527478],[106.525456,29.527319],[106.525377,29.527271],[106.525358,29.527212],[106.525454,29.526948],[106.525868,29.52693],[106.525897,29.526865],[106.525823,29.526527],[106.525696,29.526474],[106.525604,29.52592],[106.525367,29.525519],[106.525187,29.525455],[106.525222,29.524625],[106.525437,29.524576],[106.525631,29.52463],[106.525652,29.524545],[106.525284,29.524152],[106.525286,29.523753],[106.525434,29.523671],[106.525427,29.523491],[106.525488,29.523298],[106.525794,29.523103],[106.525813,29.52276],[106.52563,29.522128],[106.525702,29.521866],[106.525398,29.52152],[106.525403,29.521343],[106.525653,29.521059],[106.525664,29.520619],[106.526088,29.52049],[106.526303,29.519719],[106.526196,29.519481],[106.526354,29.518883],[106.526424,29.518812],[106.526322,29.518621],[106.525986,29.518548],[106.52575,29.51896],[106.525526,29.519917],[106.524663,29.522094],[106.52445,29.522819],[106.524328,29.52359],[106.524417,29.525269],[106.524214,29.528139],[106.524352,29.531943],[106.525265,29.534977],[106.525281,29.535383],[106.525477,29.535747],[106.526653,29.537205],[106.527847,29.53912],[106.527928,29.539082]]]}},{"id":"264","type":"Feature","properties":{"landuse":"unknown","natural":"wetland","base_elevation":10},"geometry":{"type":"Polygon","coordinates":[[[106.553239,29.551082],[106.553665,29.551595],[106.553994,29.5514],[106.554769,29.551306],[106.55478,29.550647],[106.555035,29.55044],[106.554965,29.55013],[106.554831,29.550101],[106.554347,29.54981],[106.553709,29.549264],[106.553611,29.549052],[106.55388,29.548689],[106.554232,29.548385],[106.554719,29.548123],[106.555252,29.54794],[106.555824,29.547855],[106.556835,29.547865],[106.557824,29.547677],[106.558458,29.547462],[106.558929,29.547352],[106.559328,29.547198],[106.560254,29.547196],[106.560822,29.547271],[106.561224,29.547392],[106.561868,29.547658],[106.56215,29.54781],[106.562332,29.547975],[106.562515,29.548216],[106.562657,29.548472],[106.562716,29.548692],[106.562718,29.548885],[106.56263,29.54903],[106.562405,29.549133],[106.560897,29.549627],[106.558392,29.550365],[106.55856,29.550737],[106.559863,29.550272],[106.560344,29.550566],[106.560542,29.550615],[106.560666,29.550759],[106.561785,29.551224],[106.569345,29.550053],[106.570886,29.550284],[106.570259,29.549681],[106.569787,29.549708],[106.569918,29.549443],[106.569851,29.549246],[106.569351,29.549162],[106.568761,29.548272],[106.566933,29.547945],[106.564683,29.548096],[106.564621,29.548288],[106.563633,29.548209],[106.562694,29.547721],[106.562536,29.547131],[106.556017,29.54586],[106.555915,29.546192],[106.555028,29.54634],[106.555125,29.545959],[106.554055,29.545672],[106.55388,29.545879],[106.553856,29.546298],[106.552533,29.546137],[106.552153,29.545064],[106.551733,29.545688],[106.551015,29.545498],[106.551204,29.54499],[106.550515,29.54547],[106.550111,29.545115],[106.550188,29.544205],[106.548381,29.544213],[106.545743,29.544421],[106.545025,29.544375],[106.543804,29.544904],[106.543794,29.545112],[106.542191,29.545388],[106.543009,29.544721],[106.542453,29.544714],[106.540183,29.546603],[106.540671,29.546811],[106.540838,29.546449],[106.541788,29.54571],[106.543695,29.545363],[106.54254,29.547691],[106.544064,29.54826],[106.54519,29.548582],[106.547652,29.549548],[106.548409,29.550052],[106.548918,29.550346],[106.550453,29.55099],[106.551756,29.551345],[106.552609,29.551647],[106.552609,29.551299],[106.553239,29.551082]]]}},{"id":"265","type":"Feature","properties":{"landuse":"unknown","natural":"wetland","base_elevation":20},"geometry":{"type":"Polygon","coordinates":[[[106.53537,29.562662],[106.535349,29.562449],[106.53514,29.562318],[106.534852,29.561763],[106.534589,29.561536],[106.5344,29.561225],[106.534293,29.560932],[106.533839,29.560258],[106.532981,29.559461],[106.532886,29.55912],[106.532755,29.559027],[106.532624,29.559034],[106.532495,29.558982],[106.53198,29.558575],[106.529888,29.558008],[106.528671,29.557511],[106.528255,29.557521],[106.527887,29.557414],[106.527345,29.557153],[106.52671,29.557143],[106.525749,29.556895],[106.525442,29.556732],[106.525116,29.556727],[106.524775,29.556787],[106.524348,29.556707],[106.521503,29.556798],[106.518563,29.557189],[106.517853,29.557152],[106.517952,29.557438],[106.518603,29.557392],[106.520309,29.557183],[106.521385,29.557137],[106.522125,29.557051],[106.52372,29.557063],[106.52432,29.557096],[106.525768,29.557328],[106.527126,29.557639],[106.528935,29.55828],[106.529669,29.558603],[106.531614,29.559741],[106.532865,29.560662],[106.533881,29.561316],[106.535039,29.563029],[106.535418,29.563478],[106.535316,29.5628],[106.53537,29.562662]]]}},{"id":"266","type":"Feature","properties":{"landuse":"unknown","natural":"wetland","base_elevation":16},"geometry":{"type":"Polygon","coordinates":[[[106.563004,29.571361],[106.563396,29.571231],[106.563852,29.571188],[106.564293,29.571202],[106.564697,29.57117],[106.565409,29.571019],[106.566481,29.570861],[106.56755,29.570553],[106.568736,29.570363],[106.570039,29.569975],[106.570838,29.569836],[106.5713,29.569837],[106.571782,29.569891],[106.572603,29.569856],[106.573255,29.569903],[106.573777,29.569886],[106.574657,29.570125],[106.574869,29.570155],[106.575037,29.570138],[106.575003,29.569923],[106.575078,29.569706],[106.575306,29.569524],[106.575458,29.569449],[106.575534,29.569339],[106.575631,29.569289],[106.575597,29.569197],[106.575608,29.569118],[106.575276,29.569029],[106.57559,29.569051],[106.575752,29.569029],[106.575743,29.568958],[106.575621,29.568837],[106.575632,29.568758],[106.575721,29.568725],[106.576051,29.568723],[106.576104,29.568686],[106.57605,29.568573],[106.575766,29.568486],[106.575509,29.568303],[106.575325,29.56828],[106.574968,29.568324],[106.5748,29.568295],[106.574528,29.568314],[106.574317,29.568254],[106.574215,29.56831],[106.574109,29.568241],[106.574065,29.568274],[106.574058,29.568166],[106.573978,29.568127],[106.573856,29.568148],[106.573761,29.568211],[106.573584,29.568227],[106.573424,29.568109],[106.573294,29.568163],[106.573195,29.568119],[106.573166,29.568006],[106.573102,29.568007],[106.573028,29.568072],[106.572941,29.567997],[106.572775,29.568052],[106.572933,29.567879],[106.572948,29.567667],[106.572903,29.567604],[106.572838,29.567635],[106.572834,29.567669],[106.572741,29.567699],[106.572691,29.567648],[106.572602,29.567672],[106.572565,29.567968],[106.572526,29.568012],[106.572334,29.567838],[106.57201,29.56777],[106.571963,29.567699],[106.571997,29.567402],[106.571827,29.567271],[106.571654,29.56726],[106.571607,29.567326],[106.571545,29.567349],[106.57141,29.567214],[106.571328,29.567187],[106.57126,29.567208],[106.571224,29.567299],[106.571141,29.567312],[106.571005,29.567075],[106.570665,29.567073],[106.570617,29.566968],[106.570589,29.567049],[106.570529,29.567075],[106.570491,29.567135],[106.570419,29.56712],[106.570357,29.566965],[106.570257,29.566933],[106.570205,29.56702],[106.570136,29.567033],[106.570097,29.567091],[106.569926,29.56715],[106.569696,29.567169],[106.569665,29.567131],[106.569744,29.567011],[106.569684,29.566976],[106.569667,29.566899],[106.569549,29.566921],[106.569193,29.566892],[106.568643,29.566983],[106.568285,29.567001],[106.568129,29.5671],[106.567997,29.567136],[106.567984,29.56723],[106.567906,29.567244],[106.56786,29.567291],[106.567466,29.56714],[106.567152,29.567111],[106.567076,29.567122],[106.566948,29.567204],[106.566835,29.567201],[106.566761,29.567269],[106.566533,29.567307],[106.566463,29.567358],[106.56624,29.567298],[106.566147,29.567359],[106.566044,29.567369],[106.565962,29.567337],[106.565771,29.567366],[106.565753,29.567407],[106.565809,29.567443],[106.565798,29.567511],[106.565861,29.567562],[106.565808,29.567584],[106.565803,29.567631],[106.565753,29.567619],[106.56574,29.567552],[106.565549,29.567518],[106.565507,29.567531],[106.565414,29.567676],[106.565277,29.567594],[106.565204,29.567625],[106.565117,29.567742],[106.565088,29.567666],[106.564845,29.567803],[106.564682,29.567781],[106.564252,29.568082],[106.564092,29.568167],[106.564001,29.56818],[106.56391,29.568312],[106.563668,29.568331],[106.563596,29.568462],[106.563605,29.568506],[106.56374,29.568596],[106.563731,29.568752],[106.563571,29.56879],[106.563492,29.568765],[106.563455,29.568549],[106.563499,29.568481],[106.563495,29.568404],[106.563455,29.568374],[106.563379,29.568399],[106.563376,29.568508],[106.563215,29.568745],[106.563205,29.568874],[106.56316,29.568922],[106.563192,29.569018],[106.563165,29.569085],[106.563352,29.569223],[106.563421,29.569193],[106.563484,29.569301],[106.563542,29.569312],[106.563574,29.569301],[106.563571,29.56923],[106.5635,29.569216],[106.563537,29.56914],[106.563426,29.569106],[106.56336,29.56903],[106.563468,29.568977],[106.56345,29.568879],[106.563534,29.568918],[106.563561,29.569005],[106.5636,29.569018],[106.56374,29.569016],[106.563912,29.568954],[106.563978,29.569136],[106.563961,29.569196],[106.563885,29.56926],[106.563904,29.569369],[106.563854,29.569439],[106.563877,29.569499],[106.564007,29.569613],[106.563964,29.569753],[106.563977,29.569831],[106.564196,29.569838],[106.564241,29.569869],[106.564154,29.569902],[106.564185,29.569942],[106.564148,29.57001],[106.563942,29.570081],[106.56378,29.570079],[106.563607,29.570167],[106.563647,29.570213],[106.563689,29.570215],[106.563723,29.570155],[106.563757,29.570153],[106.563863,29.570171],[106.563868,29.570206],[106.56395,29.570203],[106.563971,29.570146],[106.564029,29.570135],[106.564058,29.570185],[106.564005,29.570254],[106.563945,29.570267],[106.563916,29.570426],[106.563979,29.570446],[106.564076,29.570311],[106.564156,29.570311],[106.56419,29.570389],[106.564174,29.57043],[106.564024,29.570488],[106.564087,29.570568],[106.564037,29.570669],[106.563968,29.57066],[106.563939,29.570575],[106.563871,29.570552],[106.563844,29.570492],[106.563765,29.570444],[106.563615,29.570483],[106.563621,29.570524],[106.563674,29.570552],[106.563595,29.570598],[106.563616,29.570655],[106.563685,29.570701],[106.563664,29.570788],[106.563693,29.570866],[106.563384,29.570946],[106.563241,29.570946],[106.562991,29.57107],[106.562877,29.571064],[106.562801,29.571153],[106.562698,29.571164],[106.562672,29.571252],[106.562569,29.571303],[106.562651,29.571567],[106.563004,29.571361]]]}},{"id":"267","type":"Feature","properties":{"landuse":"unknown","natural":"wood","base_elevation":67},"geometry":{"type":"Polygon","coordinates":[[[106.509674,29.549281],[106.509978,29.549184],[106.510215,29.549195],[106.510466,29.549273],[106.510567,29.549636],[106.51079,29.549967],[106.510822,29.549893],[106.510743,29.549282],[106.510659,29.549136],[106.510141,29.548994],[106.510338,29.548831],[106.510568,29.548803],[106.511928,29.549162],[106.513587,29.549276],[106.513882,29.549156],[106.512997,29.548838],[106.512607,29.548656],[106.512664,29.548461],[106.512327,29.548287],[106.511946,29.548432],[106.511475,29.548283],[106.51079,29.548577],[106.510348,29.548482],[106.510139,29.548122],[106.509987,29.548043],[106.509463,29.548246],[106.508569,29.548325],[106.508046,29.548403],[106.507466,29.54857],[106.50737,29.548666],[106.506928,29.548682],[106.506677,29.548566],[106.506264,29.548515],[106.505921,29.548424],[106.505787,29.548317],[106.505653,29.548135],[106.505392,29.547971],[106.505164,29.547902],[106.504785,29.547907],[106.504634,29.547917],[106.503318,29.548211],[106.502905,29.548368],[106.502794,29.548378],[106.50269,29.548429],[106.50262,29.548505],[106.502713,29.548768],[106.502882,29.548991],[106.502973,29.548914],[106.502949,29.548742],[106.503043,29.54859],[106.50313,29.548524],[106.503351,29.548489],[106.503543,29.548494],[106.503916,29.54861],[106.504032,29.54861],[106.504271,29.548494],[106.504463,29.548509],[106.504527,29.548585],[106.504993,29.548833],[106.505191,29.549049],[106.505321,29.549049],[106.505376,29.548953],[106.505342,29.548852],[106.505438,29.548798],[106.505472,29.548887],[106.505686,29.549043],[106.505713,29.549222],[106.50594,29.549324],[106.506174,29.549348],[106.506366,29.549426],[106.506476,29.549504],[106.506683,29.549743],[106.50691,29.54985],[106.50704,29.549856],[106.507239,29.549749],[106.507575,29.549789],[106.507904,29.549769],[106.507915,29.549628],[106.50811,29.549527],[106.509674,29.549281]]]}},{"id":"268","type":"Feature","properties":{"landuse":"unknown","natural":"wood","base_elevation":58},"geometry":{"type":"Polygon","coordinates":[[[106.519159,29.550072],[106.520891,29.550526],[106.522121,29.550928],[106.522611,29.551036],[106.523793,29.551425],[106.524127,29.55147],[106.52506,29.551462],[106.526322,29.551559],[106.526984,29.55169],[106.527879,29.552037],[106.528243,29.551972],[106.528716,29.551992],[106.528844,29.552227],[106.529078,29.552528],[106.529384,29.552661],[106.529561,29.552568],[106.529809,29.552663],[106.529786,29.552838],[106.530853,29.553191],[106.531452,29.553205],[106.532089,29.553392],[106.532515,29.553587],[106.532796,29.554008],[106.532915,29.554047],[106.533033,29.553882],[106.533689,29.553925],[106.533994,29.553629],[106.534013,29.553367],[106.534237,29.553104],[106.534634,29.553108],[106.534783,29.552971],[106.534832,29.552736],[106.534777,29.552534],[106.534522,29.552333],[106.534211,29.552174],[106.53411,29.551884],[106.53375,29.551693],[106.533746,29.551471],[106.532974,29.551323],[106.533021,29.551096],[106.532136,29.550949],[106.532047,29.551281],[106.531828,29.551405],[106.531484,29.551382],[106.53146,29.55141],[106.530562,29.551533],[106.53041,29.551891],[106.528175,29.551502],[106.528296,29.551311],[106.528285,29.551185],[106.527587,29.551023],[106.527078,29.550552],[106.526463,29.54976],[106.52565,29.548829],[106.525382,29.549016],[106.525804,29.550016],[106.52461,29.550304],[106.523163,29.549595],[106.52254,29.549646],[106.521496,29.54951],[106.518304,29.548732],[106.516453,29.548454],[106.516479,29.548237],[106.516101,29.548216],[106.516114,29.547991],[106.515945,29.548033],[106.515695,29.54823],[106.515521,29.548527],[106.515932,29.548747],[106.515271,29.548724],[106.513365,29.548747],[106.513355,29.548802],[106.514624,29.549211],[106.514598,29.549519],[106.514891,29.549584],[106.51518,29.54981],[106.51538,29.550173],[106.515459,29.550141],[106.515551,29.549793],[106.515762,29.549727],[106.516054,29.549744],[106.516261,29.549833],[106.516445,29.549767],[106.516709,29.549831],[106.51655,29.549938],[106.516583,29.550233],[106.516705,29.550404],[106.516899,29.550073],[106.516803,29.549973],[106.516941,29.549844],[106.51706,29.549884],[106.51724,29.549704],[106.517454,29.54977],[106.517766,29.549946],[106.51781,29.550113],[106.517766,29.550336],[106.517633,29.550407],[106.517501,29.550341],[106.517561,29.550198],[106.517444,29.550134],[106.517111,29.550562],[106.517269,29.550609],[106.518321,29.550466],[106.51884,29.550672],[106.519813,29.550918],[106.520526,29.551178],[106.520799,29.551427],[106.521046,29.55147],[106.521897,29.551501],[106.522495,29.55165],[106.523024,29.551696],[106.523626,29.551821],[106.524004,29.55183],[106.524687,29.552036],[106.524907,29.552219],[106.524533,29.552262],[106.524648,29.552347],[106.525013,29.552345],[106.525321,29.55225],[106.525325,29.551936],[106.525588,29.551959],[106.525597,29.552187],[106.525726,29.552213],[106.525887,29.551887],[106.52614,29.55191],[106.526196,29.551993],[106.526449,29.551879],[106.527175,29.552021],[106.527208,29.551924],[106.526442,29.551718],[106.52544,29.551638],[106.52423,29.55163],[106.523254,29.551461],[106.519652,29.550378],[106.519002,29.550223],[106.518502,29.550012],[106.518016,29.549629],[106.517654,29.549225],[106.51751,29.548965],[106.517701,29.548903],[106.518125,29.549494],[106.518569,29.549806],[106.519159,29.550072]],[[106.532725,29.551749],[106.532942,29.551843],[106.53293,29.552036],[106.532592,29.552078],[106.532463,29.552048],[106.532414,29.551906],[106.53248,29.551839],[106.532725,29.551749]]]}},{"id":"269","type":"Feature","properties":{"landuse":"unknown","natural":"wood","base_elevation":88},"geometry":{"type":"Polygon","coordinates":[[[106.546714,29.554261],[106.546971,29.553749],[106.546252,29.553734],[106.545489,29.553924],[106.545528,29.554025],[106.545394,29.554065],[106.545415,29.554211],[106.545281,29.554322],[106.545334,29.554533],[106.545694,29.554691],[106.545812,29.554821],[106.545861,29.554728],[106.545973,29.554635],[106.546451,29.55442],[106.546714,29.554261]]]}},{"id":"270","type":"Feature","properties":{"landuse":"unknown","natural":"wood","base_elevation":83},"geometry":{"type":"Polygon","coordinates":[[[106.517851,29.563476],[106.518137,29.56327],[106.51825,29.562983],[106.517961,29.562687],[106.518076,29.562267],[106.518317,29.562316],[106.518468,29.562232],[106.518536,29.56169],[106.518537,29.561],[106.518402,29.560112],[106.517682,29.55798],[106.516831,29.558221],[106.517391,29.559469],[106.517609,29.559501],[106.51767,29.559539],[106.517704,29.559609],[106.518008,29.560756],[106.518014,29.561469],[106.517437,29.563487],[106.517851,29.563476]]]}},{"id":"271","type":"Feature","properties":{"landuse":"unknown","natural":"wood","base_elevation":75},"geometry":{"type":"Polygon","coordinates":[[[106.51956,29.56063],[106.519476,29.558624],[106.519388,29.55818],[106.519382,29.557868],[106.519338,29.557787],[106.519152,29.55772],[106.51817,29.557907],[106.518957,29.560144],[106.519029,29.560445],[106.519054,29.561154],[106.518992,29.561888],[106.518882,29.562471],[106.518352,29.56391],[106.518122,29.564804],[106.518401,29.564859],[106.518969,29.563823],[106.520014,29.563806],[106.520008,29.563382],[106.519127,29.563375],[106.519644,29.561568],[106.520016,29.561575],[106.519761,29.561243],[106.519645,29.561036],[106.51956,29.56063]]]}},{"id":"272","type":"Feature","properties":{"landuse":"unknown","natural":"wood","base_elevation":166},"geometry":{"type":"Polygon","coordinates":[[[106.517679,29.574333],[106.517619,29.574178],[106.517524,29.574064],[106.517377,29.574081],[106.517345,29.57359],[106.517296,29.573717],[106.517188,29.574383],[106.517205,29.574496],[106.517468,29.574572],[106.517529,29.574442],[106.517684,29.574497],[106.517767,29.574445],[106.517679,29.574333]]]}},{"id":"273","type":"Feature","properties":{"landuse":"unknown","natural":"wood","base_elevation":120},"geometry":{"type":"Polygon","coordinates":[[[106.525842,29.577013],[106.525903,29.57696],[106.525596,29.576799],[106.525554,29.576875],[106.525842,29.577013]]]}},{"id":"274","type":"Feature","properties":{"landuse":"unknown","natural":"wood","base_elevation":120},"geometry":{"type":"Polygon","coordinates":[[[106.525596,29.57695],[106.525535,29.57701],[106.525789,29.577132],[106.525842,29.577056],[106.525596,29.57695]]]}},{"id":"275","type":"Feature","properties":{"landuse":"unknown","natural":"wood","base_elevation":120},"geometry":{"type":"Polygon","coordinates":[[[106.525497,29.577148],[106.525709,29.577231],[106.525744,29.577175],[106.525527,29.577096],[106.525497,29.577148]]]}},{"id":"276","type":"Feature","properties":{"landuse":"unknown","natural":"wood","base_elevation":169},"geometry":{"type":"Polygon","coordinates":[[[106.522603,29.594578],[106.522577,29.594816],[106.522508,29.595029],[106.525992,29.595239],[106.526068,29.595098],[106.526202,29.594967],[106.526636,29.594777],[106.522603,29.594578]]]}},{"id":"277","type":"Feature","properties":{"landuse":"unknown","natural":"wood","base_elevation":209},"geometry":{"type":"Polygon","coordinates":[[[106.526306,29.595298],[106.526409,29.595187],[106.526997,29.594782],[106.527071,29.594682],[106.527184,29.594388],[106.527152,29.594307],[106.526849,29.594201],[106.52682,29.594229],[106.526975,29.594351],[106.526995,29.594506],[106.526943,29.594638],[106.526821,29.594756],[106.526274,29.595015],[106.526157,29.595133],[106.5261,29.595268],[106.525924,29.597084],[106.525873,29.597216],[106.526148,29.597234],[106.526095,29.596859],[106.526263,29.595411],[106.526306,29.595298]]]}},{"id":"278","type":"Feature","properties":{"landuse":"unknown","natural":"wood","base_elevation":116},"geometry":{"type":"Polygon","coordinates":[[[106.597246,29.480722],[106.597228,29.480785],[106.597101,29.48075],[106.597013,29.480777],[106.596973,29.481233],[106.597049,29.481263],[106.597257,29.481219],[106.597365,29.48126],[106.59745,29.481247],[106.597494,29.481258],[106.597542,29.481329],[106.597532,29.481414],[106.597621,29.481574],[106.597504,29.481607],[106.597428,29.481519],[106.597377,29.481516],[106.597298,29.481568],[106.597399,29.481731],[106.597349,29.482018],[106.597382,29.48206],[106.597491,29.482037],[106.597571,29.482117],[106.597623,29.482351],[106.597565,29.482491],[106.597607,29.482522],[106.597618,29.482586],[106.597587,29.482665],[106.597634,29.482743],[106.597725,29.482753],[106.597808,29.482834],[106.597783,29.482882],[106.597696,29.4829],[106.597658,29.483002],[106.597509,29.483134],[106.5975,29.483203],[106.597535,29.483216],[106.597756,29.483117],[106.59791,29.483252],[106.598068,29.483192],[106.598122,29.483205],[106.598132,29.483271],[106.59829,29.48337],[106.598248,29.483516],[106.598214,29.483541],[106.598037,29.483489],[106.597914,29.483692],[106.597914,29.483761],[106.597977,29.483824],[106.598005,29.484118],[106.597911,29.484222],[106.597738,29.484291],[106.597723,29.484334],[106.597809,29.484458],[106.597802,29.484625],[106.59787,29.484714],[106.598227,29.484972],[106.598314,29.484913],[106.598272,29.484828],[106.598283,29.484789],[106.598332,29.484786],[106.59846,29.484884],[106.598566,29.484861],[106.598596,29.484779],[106.598682,29.48474],[106.598893,29.484818],[106.598983,29.484786],[106.599173,29.484814],[106.599214,29.484849],[106.599252,29.484976],[106.599296,29.485025],[106.599384,29.485036],[106.599473,29.485232],[106.599609,29.485333],[106.599574,29.485479],[106.599596,29.485597],[106.599457,29.485655],[106.599388,29.485485],[106.599296,29.485424],[106.599129,29.48543],[106.599106,29.485402],[106.599078,29.485344],[106.599094,29.485259],[106.599173,29.485193],[106.599261,29.485168],[106.599211,29.485116],[106.599125,29.485144],[106.59898,29.485289],[106.598971,29.485322],[106.599065,29.485509],[106.599027,29.485523],[106.598727,29.485303],[106.598576,29.48532],[106.598427,29.485408],[106.598182,29.485676],[106.598016,29.485781],[106.598024,29.485869],[106.59799,29.485906],[106.597745,29.485843],[106.597523,29.485735],[106.597505,29.485673],[106.597538,29.485644],[106.597693,29.485598],[106.597655,29.485529],[106.597497,29.485496],[106.597508,29.485411],[106.597599,29.485375],[106.597531,29.48531],[106.597392,29.485368],[106.597155,29.485388],[106.59711,29.485375],[106.59717,29.485316],[106.597159,29.485274],[106.597068,29.485251],[106.596967,29.485264],[106.596816,29.485378],[106.596741,29.485326],[106.596654,29.485349],[106.596636,29.485434],[106.596764,29.485503],[106.596756,29.485542],[106.596835,29.485598],[106.596646,29.485669],[106.59663,29.485729],[106.596758,29.485781],[106.596928,29.485748],[106.596966,29.485794],[106.596838,29.485892],[106.596918,29.486008],[106.597051,29.486031],[106.597259,29.485971],[106.59736,29.486054],[106.597313,29.486231],[106.597329,29.486296],[106.597435,29.486384],[106.597419,29.48651],[106.597494,29.486677],[106.597488,29.486765],[106.597307,29.48689],[106.597291,29.48696],[106.597335,29.48725],[106.597259,29.487359],[106.59725,29.487539],[106.597295,29.487624],[106.597443,29.487726],[106.597447,29.48782],[106.597349,29.487948],[106.597537,29.488155],[106.597541,29.488311],[106.597425,29.488315],[106.597259,29.488194],[106.597031,29.487923],[106.59683,29.487575],[106.596785,29.487423],[106.596861,29.487177],[106.596866,29.486939],[106.596978,29.486717],[106.596942,29.486616],[106.596964,29.486413],[106.596745,29.486343],[106.596606,29.486167],[106.596324,29.486206],[106.596238,29.4863],[106.596189,29.486463],[106.595965,29.486514],[106.595943,29.486604],[106.596059,29.486834],[106.596019,29.486865],[106.595961,29.486873],[106.595911,29.48683],[106.595929,29.486721],[106.595804,29.486604],[106.59575,29.48658],[106.59567,29.486639],[106.595652,29.486764],[106.595683,29.486811],[106.595813,29.486838],[106.595835,29.486881],[106.595723,29.486986],[106.595687,29.487177],[106.595813,29.487251],[106.595871,29.48724],[106.596024,29.487142],[106.596055,29.487044],[106.596234,29.486998],[106.596274,29.487029],[106.596106,29.487309],[106.596106,29.487418],[106.596196,29.487481],[106.596326,29.487516],[106.596375,29.487625],[106.596335,29.487714],[106.596196,29.487808],[106.596249,29.487863],[106.596209,29.487952],[106.596093,29.487952],[106.595918,29.488136],[106.595784,29.48812],[106.59573,29.488151],[106.595721,29.48826],[106.595815,29.488354],[106.595882,29.488354],[106.596017,29.488237],[106.596256,29.488212],[106.596313,29.48817],[106.596403,29.488189],[106.59644,29.488222],[106.596331,29.48834],[106.596414,29.488428],[106.596576,29.488484],[106.596621,29.488543],[106.596587,29.488753],[106.596621,29.488834],[106.596711,29.488906],[106.59676,29.488929],[106.596881,29.48891],[106.596884,29.488828],[106.596775,29.488556],[106.596779,29.48851],[106.596881,29.488481],[106.596995,29.488601],[106.596965,29.488699],[106.596991,29.488843],[106.597055,29.488922],[106.597172,29.488951],[106.597273,29.48906],[106.597394,29.489089],[106.59771,29.489069],[106.597823,29.489158],[106.598041,29.489217],[106.598093,29.48922],[106.598202,29.489141],[106.598323,29.489145],[106.598481,29.489308],[106.598586,29.489292],[106.598714,29.489214],[106.598883,29.488886],[106.598887,29.488788],[106.598636,29.488685],[106.598447,29.488724],[106.598163,29.488488],[106.59792,29.488027],[106.597812,29.487599],[106.598093,29.487521],[106.598215,29.48792],[106.598533,29.488203],[106.598612,29.488315],[106.598752,29.488269],[106.59885,29.488328],[106.5989,29.488325],[106.598979,29.488269],[106.599248,29.488216],[106.59935,29.488315],[106.599493,29.488371],[106.59949,29.488414],[106.599369,29.488417],[106.599206,29.488378],[106.598953,29.488371],[106.598934,29.488414],[106.59904,29.488503],[106.599342,29.488496],[106.599584,29.488549],[106.599732,29.488526],[106.599823,29.488582],[106.599902,29.488486],[106.599955,29.488509],[106.600004,29.488727],[106.599988,29.488813],[106.599912,29.488855],[106.599774,29.48881],[106.599733,29.488833],[106.599669,29.488894],[106.599602,29.489038],[106.599614,29.48911],[106.599653,29.489113],[106.599832,29.489108],[106.599953,29.488994],[106.599998,29.489063],[106.599963,29.489211],[106.599901,29.489299],[106.59957,29.48963],[106.599559,29.4897],[106.599627,29.489832],[106.599581,29.490017],[106.5996,29.49008],[106.599669,29.490117],[106.599844,29.490031],[106.600034,29.4901],[106.600137,29.489998],[106.60019,29.489994],[106.60022,29.490209],[106.600358,29.490388],[106.600313,29.49044],[106.600182,29.49041],[106.600067,29.490515],[106.59993,29.490554],[106.599786,29.490688],[106.59969,29.490724],[106.599655,29.490791],[106.599694,29.490952],[106.599618,29.491199],[106.599481,29.491245],[106.599312,29.49137],[106.599314,29.491399],[106.599389,29.49145],[106.599452,29.491452],[106.599632,29.491307],[106.599713,29.491294],[106.599726,29.491348],[106.599609,29.491427],[106.599807,29.491523],[106.599807,29.491621],[106.599751,29.491695],[106.59976,29.491737],[106.599904,29.491799],[106.599943,29.491774],[106.599943,29.49166],[106.599974,29.491599],[106.600035,29.491562],[106.599994,29.491494],[106.599887,29.491461],[106.599965,29.491335],[106.600043,29.4913],[106.600273,29.491354],[106.600392,29.49148],[106.600447,29.491648],[106.600401,29.49177],[106.600305,29.491817],[106.600194,29.491823],[106.600158,29.491866],[106.600241,29.491911],[106.60036,29.491915],[106.600428,29.492074],[106.600383,29.492096],[106.600236,29.492052],[106.600196,29.492172],[106.599986,29.492262],[106.600018,29.492449],[106.599955,29.492501],[106.599853,29.492372],[106.599714,29.492351],[106.599707,29.492319],[106.599784,29.492278],[106.599811,29.492217],[106.599761,29.492176],[106.599743,29.492084],[106.599705,29.492074],[106.599635,29.492139],[106.599633,29.492247],[106.599585,29.492347],[106.599619,29.492411],[106.599714,29.4924],[106.599712,29.492465],[106.599411,29.492527],[106.599318,29.492598],[106.599067,29.492695],[106.599048,29.492764],[106.59908,29.492896],[106.599129,29.492916],[106.59919,29.492879],[106.599341,29.493052],[106.599472,29.493087],[106.59946,29.493028],[106.599256,29.492828],[106.599462,29.492667],[106.599543,29.492709],[106.599647,29.492686],[106.599698,29.492742],[106.599679,29.492798],[106.599704,29.492835],[106.599757,29.492884],[106.599835,29.492877],[106.599899,29.493036],[106.599931,29.493048],[106.600025,29.492987],[106.600181,29.492994],[106.600256,29.492901],[106.600125,29.492658],[106.600194,29.4926],[106.600272,29.492646],[106.60035,29.492828],[106.600457,29.49288],[106.600565,29.493025],[106.600704,29.493102],[106.600709,29.493202],[106.600741,29.493232],[106.600709,29.493284],[106.600632,29.493272],[106.600554,29.493207],[106.600433,29.493225],[106.600176,29.49305],[106.600143,29.49306],[106.600133,29.49312],[106.600036,29.493165],[106.599996,29.493218],[106.600004,29.493505],[106.600042,29.493571],[106.600052,29.493692],[106.599988,29.493863],[106.600033,29.493979],[106.599956,29.494147],[106.599953,29.494222],[106.600111,29.494218],[106.600223,29.493905],[106.600837,29.493753],[106.600804,29.493545],[106.601285,29.493427],[106.601533,29.493682],[106.601548,29.493768],[106.601745,29.493919],[106.601783,29.494031],[106.60193,29.49416],[106.601927,29.494272],[106.601896,29.494311],[106.601753,29.494377],[106.60173,29.494416],[106.601741,29.494601],[106.601647,29.494703],[106.601507,29.494779],[106.601446,29.494779],[106.601367,29.494726],[106.601265,29.494545],[106.601174,29.494515],[106.601132,29.494538],[106.601132,29.494673],[106.601047,29.494816],[106.601025,29.494957],[106.600949,29.495007],[106.600933,29.495109],[106.601073,29.495211],[106.601419,29.495363],[106.601524,29.495352],[106.601562,29.495399],[106.601551,29.495468],[106.601442,29.495633],[106.601572,29.495676],[106.601493,29.495877],[106.601652,29.496043],[106.601624,29.496199],[106.601713,29.496257],[106.601906,29.496255],[106.602051,29.496402],[106.602049,29.496538],[106.60201,29.496568],[106.601974,29.496416],[106.601871,29.496391],[106.601786,29.496504],[106.601749,29.496751],[106.601821,29.496831],[106.601899,29.496776],[106.601933,29.496786],[106.601946,29.496907],[106.601911,29.497015],[106.601945,29.497069],[106.601842,29.49731],[106.601964,29.497378],[106.601967,29.497496],[106.602022,29.497563],[106.601976,29.497586],[106.601764,29.497494],[106.60172,29.497558],[106.60163,29.497578],[106.601545,29.49766],[106.601583,29.497761],[106.6018,29.497833],[106.601855,29.497883],[106.601889,29.498006],[106.60205,29.498098],[106.602059,29.49815],[106.601987,29.498201],[106.601896,29.498199],[106.601797,29.498281],[106.601797,29.498361],[106.601916,29.498416],[106.601927,29.498449],[106.601853,29.498599],[106.601786,29.498622],[106.601548,29.498499],[106.601492,29.498562],[106.601524,29.498636],[106.601647,29.498677],[106.601678,29.498745],[106.601545,29.498992],[106.601542,29.499052],[106.601585,29.499098],[106.601563,29.499215],[106.601667,29.499298],[106.601718,29.49944],[106.601905,29.49947],[106.601995,29.49954],[106.60195,29.499616],[106.601851,29.499607],[106.601731,29.499533],[106.601564,29.499574],[106.601513,29.499622],[106.601516,29.499687],[106.601457,29.499792],[106.601356,29.49981],[106.60127,29.499775],[106.601238,29.499801],[106.601217,29.499954],[106.601004,29.50001],[106.600958,29.50011],[106.600998,29.5004],[106.601201,29.500493],[106.60126,29.500574],[106.601121,29.500699],[106.601049,29.500704],[106.600948,29.500572],[106.60095,29.500481],[106.600798,29.50037],[106.600846,29.50027],[106.60078,29.500247],[106.600742,29.500293],[106.600726,29.500535],[106.600566,29.500632],[106.600584,29.500756],[106.600392,29.500813],[106.600381,29.500944],[106.600294,29.50106],[106.600294,29.501155],[106.600313,29.501241],[106.600434,29.501349],[106.600544,29.501531],[106.600631,29.50159],[106.600971,29.501662],[106.601225,29.501817],[106.60138,29.501712],[106.601531,29.501886],[106.601671,29.501939],[106.601731,29.501932],[106.601724,29.50187],[106.601501,29.501662],[106.601391,29.501606],[106.601296,29.501468],[106.601357,29.501415],[106.601784,29.501389],[106.601807,29.501491],[106.602068,29.501529],[106.602319,29.501678],[106.602262,29.501772],[106.602332,29.501955],[106.60225,29.502017],[106.602258,29.502091],[106.602356,29.502198],[106.60245,29.502226],[106.602527,29.502228],[106.602613,29.502159],[106.602679,29.502154],[106.602754,29.502254],[106.602615,29.502288],[106.602538,29.502437],[106.602606,29.502665],[106.602676,29.502667],[106.602729,29.502709],[106.602716,29.502813],[106.602649,29.502892],[106.602705,29.503071],[106.602549,29.503272],[106.60252,29.503372],[106.602402,29.503432],[106.602362,29.50352],[106.602458,29.503587],[106.602626,29.503543],[106.602712,29.503576],[106.602744,29.503636],[106.602669,29.503697],[106.602528,29.503673],[106.602328,29.503701],[106.602163,29.503837],[106.602078,29.503854],[106.602082,29.503901],[106.602149,29.503919],[106.602149,29.503946],[106.602096,29.504082],[106.602051,29.504113],[106.601972,29.504051],[106.602004,29.503946],[106.601968,29.503926],[106.601869,29.504016],[106.601856,29.504067],[106.601961,29.504189],[106.601796,29.504353],[106.601673,29.504347],[106.601622,29.504405],[106.601651,29.504586],[106.601581,29.504674],[106.601708,29.504773],[106.601607,29.504889],[106.601502,29.504903],[106.601445,29.504949],[106.601546,29.505059],[106.601559,29.505131],[106.601518,29.505213],[106.60154,29.505289],[106.601451,29.505376],[106.601446,29.505467],[106.601362,29.505601],[106.601262,29.505613],[106.601188,29.505538],[106.601152,29.505541],[106.601081,29.505698],[106.60095,29.505721],[106.601043,29.505419],[106.600956,29.505291],[106.60082,29.505229],[106.600749,29.505244],[106.600713,29.505293],[106.600742,29.505339],[106.600858,29.505373],[106.600757,29.50557],[106.600545,29.505516],[106.600389,29.505528],[106.600381,29.505757],[106.600487,29.505814],[106.600542,29.505923],[106.600383,29.506098],[106.600365,29.506209],[106.600309,29.506239],[106.60032,29.506301],[106.600413,29.506364],[106.600497,29.506292],[106.600497,29.506158],[106.600588,29.506103],[106.600606,29.506048],[106.600638,29.506036],[106.600715,29.506101],[106.600821,29.506068],[106.600903,29.506126],[106.601076,29.506138],[106.601176,29.505983],[106.60115,29.505861],[106.601174,29.50584],[106.601269,29.505861],[106.601516,29.505796],[106.601558,29.505703],[106.601646,29.505706],[106.60168,29.50575],[106.601513,29.505951],[106.601359,29.50593],[106.601264,29.505974],[106.601174,29.506164],[106.601176,29.506256],[106.601001,29.506358],[106.600789,29.506332],[106.600701,29.506531],[106.600569,29.506584],[106.60037,29.506492],[106.600346,29.506415],[106.600253,29.50633],[106.600163,29.506321],[106.600117,29.506494],[106.600246,29.506541],[106.600287,29.506653],[106.600139,29.506733],[106.600016,29.506684],[106.59999,29.506711],[106.600012,29.506783],[106.599955,29.50684],[106.600041,29.506953],[106.599873,29.507099],[106.599902,29.507167],[106.600126,29.507157],[106.600177,29.507102],[106.600167,29.507068],[106.600072,29.507],[106.600129,29.506956],[106.600313,29.507107],[106.600704,29.50717],[106.600775,29.507141],[106.600801,29.507072],[106.600873,29.507016],[106.601183,29.507085],[106.601236,29.507012],[106.60125,29.506912],[106.601297,29.506864],[106.601393,29.506919],[106.601388,29.506984],[106.601451,29.507088],[106.601549,29.507139],[106.601541,29.507224],[106.601605,29.507259],[106.601634,29.507175],[106.601666,29.507173],[106.601793,29.507201],[106.601926,29.507275],[106.601982,29.50724],[106.601979,29.50721],[106.601799,29.507104],[106.601677,29.506986],[106.601666,29.506954],[106.601732,29.50694],[106.601947,29.507109],[106.602207,29.507178],[106.602327,29.507252],[106.602428,29.507222],[106.602579,29.507243],[106.602621,29.507293],[106.602693,29.507291],[106.602714,29.507369],[106.602748,29.507386],[106.602881,29.50733],[106.602976,29.507369],[106.603038,29.507335],[106.603106,29.507344],[106.60321,29.507464],[106.603313,29.507494],[106.603332,29.507644],[106.603364,29.50766],[106.603435,29.507616],[106.603538,29.50767],[106.603569,29.507729],[106.603515,29.507986],[106.60339,29.508107],[106.603394,29.508302],[106.60326,29.508411],[106.60326,29.508481],[106.6033,29.508536],[106.603417,29.508509],[106.603471,29.50852],[106.603488,29.508575],[106.60335,29.508688],[106.603332,29.508852],[106.603264,29.508871],[106.603197,29.508782],[106.603081,29.508727],[106.603058,29.50868],[106.603103,29.508645],[106.603126,29.508552],[106.603099,29.508509],[106.603036,29.508505],[106.602937,29.508372],[106.602879,29.508353],[106.6027,29.508665],[106.6027,29.508731],[106.602758,29.508817],[106.602736,29.508864],[106.602628,29.508914],[106.602521,29.508864],[106.602413,29.508906],[106.602351,29.508891],[106.602342,29.508739],[106.602404,29.508704],[106.602445,29.508563],[106.60253,29.508478],[106.602494,29.508341],[106.602548,29.508306],[106.602628,29.508388],[106.602749,29.508368],[106.602906,29.508228],[106.60287,29.508173],[106.603036,29.508045],[106.603054,29.507994],[106.603032,29.507947],[106.602861,29.507951],[106.60279,29.507869],[106.602727,29.50785],[106.602557,29.507885],[106.602503,29.50785],[106.602404,29.507916],[106.602288,29.507936],[106.602279,29.508037],[106.602204,29.508192],[106.602263,29.508332],[106.602055,29.508541],[106.602039,29.508657],[106.60206,29.508726],[106.602108,29.508763],[106.602092,29.508824],[106.602033,29.508796],[106.601911,29.508624],[106.601783,29.508619],[106.601767,29.508675],[106.601841,29.508833],[106.601889,29.508875],[106.602033,29.508907],[106.602151,29.509186],[106.602242,29.509269],[106.602316,29.509274],[106.602343,29.509325],[106.602288,29.509578],[106.602338,29.509672],[106.602136,29.509773],[106.602002,29.510081],[106.602024,29.510182],[106.602069,29.51021],[106.60223,29.510054],[106.602391,29.510054],[106.602463,29.50987],[106.602606,29.509785],[106.602786,29.509773],[106.602911,29.509835],[106.60301,29.509789],[106.60305,29.509828],[106.603032,29.509929],[106.603139,29.510054],[106.603131,29.510155],[106.603077,29.510245],[106.603113,29.510284],[106.603166,29.51026],[106.603225,29.510175],[106.603337,29.51014],[106.603404,29.510163],[106.603475,29.510338],[106.603532,29.510399],[106.603507,29.510466],[106.603443,29.510504],[106.60345,29.510571],[106.603412,29.510637],[106.603291,29.510725],[106.603215,29.510714],[106.603202,29.510648],[106.603145,29.510604],[106.603049,29.510725],[106.60296,29.51077],[106.602776,29.510748],[106.602509,29.510637],[106.602281,29.51072],[106.602128,29.510665],[106.601969,29.51067],[106.601842,29.510753],[106.601893,29.511041],[106.602001,29.511328],[106.602152,29.511521],[106.60208,29.511563],[106.601988,29.511528],[106.601745,29.511314],[106.601681,29.511328],[106.601654,29.511384],[106.601596,29.511407],[106.601494,29.511569],[106.601884,29.512215],[106.602135,29.512292],[106.602351,29.512408],[106.602649,29.512463],[106.60277,29.512469],[106.603253,29.512386],[106.603367,29.512292],[106.603367,29.51222],[106.603354,29.512154],[106.603176,29.511993],[106.603202,29.511916],[106.603456,29.511921],[106.603621,29.511966],[106.603716,29.511949],[106.603761,29.511894],[106.603666,29.511772],[106.603157,29.511689],[106.603208,29.511629],[106.603538,29.511645],[106.603881,29.511711],[106.604034,29.511816],[106.604301,29.511855],[106.604383,29.51191],[106.604403,29.512071],[106.604466,29.51211],[106.604631,29.512054],[106.604816,29.511739],[106.605399,29.51197],[106.605581,29.512465],[106.604819,29.512727],[106.604562,29.513305],[106.605345,29.515173],[106.604803,29.516054],[106.604466,29.516301],[106.604384,29.516424],[106.604427,29.516577],[106.604482,29.516645],[106.604568,29.516687],[106.604644,29.516903],[106.604676,29.51712],[106.604598,29.517214],[106.604401,29.517288],[106.604364,29.517342],[106.6044,29.517421],[106.604515,29.517495],[106.604769,29.517547],[106.604867,29.517633],[106.604941,29.517948],[106.605059,29.518107],[106.605178,29.518179],[106.60538,29.518218],[106.605649,29.518367],[106.606237,29.519106],[106.606073,29.519288],[106.605767,29.520196],[106.604862,29.52061],[106.604677,29.520455],[106.604459,29.520491],[106.60405,29.520367],[106.603634,29.520372],[106.603571,29.520539],[106.603798,29.520889],[106.603827,29.521087],[106.60377,29.521179],[106.603443,29.521172],[106.603264,29.52123],[106.602449,29.521752],[106.60241,29.521832],[106.602441,29.521912],[106.603393,29.522506],[106.603751,29.522692],[106.604483,29.523171],[106.604836,29.523325],[106.605233,29.523444],[106.605454,29.523494],[106.605852,29.523366],[106.60657,29.522917],[106.607236,29.523155],[106.60715,29.523454],[106.607009,29.52348],[106.606883,29.523678],[106.606693,29.523615],[106.60685,29.523289],[106.606825,29.523246],[106.606669,29.523197],[106.606577,29.523205],[106.606499,29.523269],[106.60645,29.52343],[106.60598,29.523669],[106.606017,29.523846],[106.605692,29.524251],[106.605614,29.524438],[106.605687,29.524661],[106.605701,29.524943],[106.605905,29.525164],[106.605998,29.525363],[106.60598,29.525547],[106.605813,29.525776],[106.605702,29.525749],[106.605614,29.525774],[106.605543,29.525862],[106.605577,29.525936],[106.605835,29.526086],[106.605947,29.52608],[106.606257,29.525893],[106.606368,29.525914],[106.606446,29.525972],[106.606956,29.526901],[106.606944,29.527068],[106.606859,29.527244],[106.606604,29.527446],[106.606683,29.527625],[106.606544,29.527681],[106.606315,29.527632],[106.606248,29.527692],[106.606895,29.529321],[106.607101,29.529543],[106.607155,29.529734],[106.607445,29.529955],[106.607517,29.530103],[106.607652,29.530711],[106.607841,29.531091],[106.607827,29.531251],[106.607718,29.531351],[106.607679,29.531646],[106.607552,29.531731],[106.607341,29.531708],[106.607264,29.531864],[106.607197,29.532079],[106.607208,29.532247],[106.607304,29.532467],[106.607951,29.533069],[106.608541,29.533387],[106.609264,29.534168],[106.609275,29.534281],[106.60949,29.534285],[106.609506,29.534491],[106.611264,29.534569],[106.611765,29.534642],[106.611995,29.53489],[106.612084,29.535112],[106.612216,29.535095],[106.612609,29.53451],[106.612811,29.534322],[106.613194,29.534334],[106.613704,29.534762],[106.613778,29.534736],[106.613798,29.534642],[106.613076,29.533984],[106.61283,29.53395],[106.612487,29.534275],[106.612138,29.534155],[106.612564,29.533009],[106.612674,29.532474],[106.613316,29.53249],[106.61415,29.532714],[106.614503,29.532761],[106.615426,29.532223],[106.616074,29.5321],[106.616305,29.532171],[106.616722,29.531822],[106.617302,29.531744],[106.617339,29.530429],[106.616751,29.529334],[106.616918,29.529046],[106.616625,29.528212],[106.616546,29.527417],[106.616072,29.5267],[106.616648,29.526356],[106.617167,29.526504],[106.617562,29.526327],[106.617257,29.52562],[106.618611,29.525532],[106.619356,29.527279],[106.619074,29.528349],[106.620653,29.530401],[106.620529,29.531354],[106.620416,29.531796],[106.619694,29.531717],[106.620416,29.532169],[106.621048,29.532149],[106.621353,29.531638],[106.621804,29.530608],[106.622854,29.530136],[106.624738,29.530774],[106.624379,29.530183],[106.62442,29.529349],[106.623406,29.528793],[106.622948,29.528261],[106.624156,29.528032],[106.624726,29.527355],[106.625254,29.527149],[106.626046,29.526654],[106.626699,29.527077],[106.62724,29.528044],[106.62774,29.528696],[106.627657,29.52918],[106.626799,29.529597],[106.625846,29.531242],[106.626271,29.531158],[106.627156,29.529966],[106.628355,29.529681],[106.629457,29.529474],[106.629144,29.528826],[106.62904,29.528237],[106.630231,29.528185],[106.630886,29.528457],[106.630901,29.528923],[106.630037,29.528768],[106.630462,29.529267],[106.631362,29.529448],[106.633038,29.528975],[106.631598,29.527916],[106.631427,29.527455],[106.63218,29.526978],[106.632026,29.526711],[106.631085,29.527098],[106.630709,29.526398],[106.630453,29.525565],[106.630641,29.525163],[106.631838,29.525446],[106.63271,29.526324],[106.63194,29.526056],[106.631958,29.526398],[106.632864,29.526711],[106.633839,29.527648],[106.634266,29.528243],[106.634164,29.528749],[106.634965,29.528549],[106.634313,29.526327],[106.633772,29.524143],[106.632622,29.520798],[106.631608,29.518385],[106.631249,29.517309],[106.630283,29.516861],[106.62951,29.516079],[106.628462,29.515823],[106.626599,29.515793],[106.624916,29.515594],[106.62661,29.516283],[106.627018,29.517105],[106.628003,29.517757],[106.628334,29.51777],[106.629576,29.518009],[106.629673,29.51809],[106.629727,29.518217],[106.629721,29.518329],[106.629671,29.518442],[106.629315,29.518795],[106.628904,29.518935],[106.628134,29.51897],[106.627894,29.518917],[106.627667,29.518956],[106.62749,29.519028],[106.627391,29.519173],[106.62867,29.520447],[106.628026,29.521437],[106.626481,29.520914],[106.626267,29.52153],[106.625215,29.522426],[106.625194,29.523154],[106.624636,29.523453],[106.623778,29.523397],[106.62337,29.523472],[106.622653,29.523809],[106.619986,29.524146],[106.61796,29.524018],[106.617395,29.52341],[106.617329,29.522723],[106.617566,29.521339],[106.61746,29.521083],[106.616835,29.520875],[106.61554,29.51936],[106.614573,29.517974],[106.614296,29.517715],[106.614128,29.517607],[106.613923,29.517569],[106.613716,29.517581],[106.61352,29.517655],[106.61323,29.517652],[106.612911,29.517849],[106.612636,29.517697],[106.612361,29.517723],[106.612117,29.517271],[106.612736,29.516961],[106.612991,29.516996],[106.613874,29.516729],[106.614259,29.516577],[106.614671,29.516475],[106.615488,29.516123],[106.615242,29.513983],[106.615477,29.511725],[106.616246,29.511559],[106.616396,29.5121],[106.617769,29.512735],[106.61792,29.513426],[106.617984,29.514266],[106.618478,29.514453],[106.619229,29.514397],[106.619837,29.51422],[106.62162,29.514119],[106.622321,29.514598],[106.623456,29.514549],[106.62506,29.514564],[106.625037,29.515056],[106.626977,29.515251],[106.628359,29.51525],[106.629949,29.514975],[106.630382,29.514609],[106.630024,29.513057],[106.629488,29.512116],[106.629462,29.511294],[106.628979,29.510156],[106.628906,29.508907],[106.628341,29.507258],[106.627048,29.504128],[106.624437,29.501814],[106.621004,29.500591],[106.620216,29.501437],[106.61925,29.503174],[106.619722,29.504556],[106.620216,29.505602],[106.621032,29.505841],[106.621567,29.506685],[106.621803,29.507338],[106.621417,29.507282],[106.620817,29.506797],[106.619851,29.506349],[106.619674,29.506965],[106.620013,29.507097],[106.620071,29.507512],[106.619448,29.508089],[106.619829,29.508832],[106.620237,29.509056],[106.621053,29.508907],[106.621458,29.509489],[106.621486,29.50983],[106.620748,29.509838],[106.620688,29.510838],[106.621567,29.511689],[106.621846,29.512455],[106.621417,29.512978],[106.620898,29.513191],[106.620173,29.512716],[106.619894,29.511577],[106.6194,29.511353],[106.618928,29.511036],[106.619164,29.510588],[106.6194,29.510326],[106.619357,29.509766],[106.618821,29.509],[106.618606,29.508851],[106.618306,29.509822],[106.617533,29.509523],[106.617126,29.509112],[106.616954,29.508664],[106.617405,29.508309],[106.616589,29.508141],[106.615345,29.507049],[106.615913,29.50717],[106.61601,29.507114],[106.615978,29.506685],[106.6163,29.506507],[106.617002,29.506605],[106.617647,29.506397],[106.618378,29.506357],[106.618482,29.506193],[106.618492,29.505858],[106.618055,29.505974],[106.61784,29.505863],[106.618269,29.504967],[106.617474,29.504172],[106.616204,29.504355],[106.615181,29.504866],[106.615331,29.504952],[106.613761,29.50615],[106.612195,29.505188],[106.613117,29.504665],[106.613303,29.504315],[106.613289,29.503039],[106.612759,29.502271],[106.612611,29.501305],[106.611938,29.499562],[106.609663,29.498745],[106.608268,29.496504],[106.608461,29.496111],[106.609169,29.493796],[106.608654,29.4926],[106.607753,29.49006],[106.606809,29.489593],[106.607195,29.488192],[106.608461,29.488099],[106.608933,29.486829],[106.607054,29.483833],[106.607044,29.482435],[106.606469,29.48119],[106.604564,29.479699],[106.602569,29.476],[106.600644,29.473457],[106.601438,29.469907],[106.59852,29.465872],[106.598359,29.462276],[106.594902,29.461524],[106.59502,29.461365],[106.594999,29.461169],[106.59502,29.460973],[106.595213,29.46087],[106.595428,29.460842],[106.595804,29.46059],[106.596018,29.4606],[106.596222,29.460684],[106.596436,29.460702],[106.596458,29.460506],[106.596308,29.460366],[106.59619,29.460198],[106.596168,29.459992],[106.596104,29.459806],[106.5959,29.459778],[106.595739,29.459628],[106.595771,29.459432],[106.595718,29.459245],[106.595331,29.459067],[106.595213,29.458881],[106.595428,29.458909],[106.595621,29.458787],[106.595686,29.458591],[106.595514,29.45818],[106.595342,29.458059],[106.595149,29.458143],[106.594637,29.457619],[106.594607,29.457487],[106.594728,29.457388],[106.595229,29.457203],[106.595282,29.457064],[106.595108,29.457064],[106.594956,29.45711],[106.594615,29.457084],[106.594493,29.45717],[106.594364,29.457091],[106.594167,29.456866],[106.594038,29.4568],[106.593772,29.456965],[106.593605,29.456945],[106.593651,29.456813],[106.594008,29.456503],[106.594212,29.456443],[106.594615,29.456397],[106.594577,29.456265],[106.594425,29.456311],[106.594288,29.456265],[106.594212,29.456146],[106.594364,29.455888],[106.594303,29.455763],[106.59419,29.455644],[106.594045,29.455611],[106.593977,29.45573],[106.593757,29.455518],[106.593704,29.455393],[106.593689,29.455254],[106.593795,29.454937],[106.593719,29.454818],[106.593568,29.454765],[106.593439,29.454673],[106.593264,29.454435],[106.592892,29.454125],[106.592581,29.454131],[106.592475,29.454237],[106.592377,29.454494],[106.592096,29.454587],[106.591808,29.454468],[106.591739,29.454343],[106.592255,29.454303],[106.592483,29.454098],[106.592589,29.453821],[106.592521,29.453682],[106.592384,29.453623],[106.59224,29.453675],[106.592164,29.453563],[106.59202,29.45351],[106.591868,29.453497],[106.591701,29.45355],[106.591588,29.453438],[106.591595,29.453305],[106.591853,29.452929],[106.591876,29.452784],[106.591739,29.452711],[106.591542,29.452671],[106.591428,29.452579],[106.591254,29.452348],[106.59114,29.452077],[106.59111,29.451925],[106.591011,29.451812],[106.590874,29.451746],[106.590776,29.451852],[106.590776,29.451984],[106.590654,29.452083],[106.590305,29.451806],[106.590252,29.451667],[106.590336,29.451548],[106.590275,29.451277],[106.590442,29.451218],[106.590404,29.450941],[106.590298,29.450656],[106.590267,29.450319],[106.590321,29.450168],[106.590487,29.450148],[106.590723,29.450346],[106.591459,29.451211],[106.591572,29.451489],[106.591595,29.451753],[106.5918,29.451971],[106.592217,29.452949],[106.592308,29.453081],[106.592559,29.453259],[106.59271,29.453206],[106.592657,29.453081],[106.5929,29.452896],[106.593135,29.452625],[106.593143,29.452473],[106.593006,29.452407],[106.592771,29.452222],[106.592612,29.452255],[106.592468,29.452196],[106.592354,29.45209],[106.592521,29.451846],[106.592839,29.451931],[106.592809,29.451773],[106.592392,29.451324],[106.59224,29.451337],[106.592149,29.451443],[106.591982,29.451456],[106.591846,29.451185],[106.59183,29.451053],[106.591967,29.450802],[106.591921,29.450676],[106.591808,29.450577],[106.591679,29.450518],[106.59136,29.450485],[106.591277,29.450095],[106.591125,29.450049],[106.590912,29.449837],[106.590586,29.449831],[106.590647,29.449705],[106.590601,29.449566],[106.590427,29.449348],[106.590427,29.44921],[106.590556,29.449111],[106.590776,29.449329],[106.590996,29.449718],[106.591239,29.449917],[106.59139,29.44993],[106.591504,29.449824],[106.591474,29.449692],[106.591231,29.44952],[106.59117,29.449395],[106.59136,29.449335],[106.591694,29.449124],[106.59183,29.44919],[106.591868,29.449454],[106.591967,29.44958],[106.592141,29.449593],[106.592308,29.449514],[106.592437,29.449401],[106.592468,29.449262],[106.592293,29.449018],[106.592232,29.448873],[106.592293,29.448741],[106.592225,29.448476],[106.592119,29.448344],[106.591974,29.448272],[106.591876,29.448172],[106.591823,29.44804],[106.591846,29.447763],[106.591815,29.447604],[106.591663,29.447551],[106.591641,29.447684],[106.591497,29.447921],[106.591284,29.448146],[106.591148,29.44808],[106.591034,29.447974],[106.591003,29.447842],[106.591041,29.447697],[106.59117,29.447611],[106.591163,29.447479],[106.591239,29.44734],[106.591284,29.447168],[106.591056,29.446944],[106.591398,29.446646],[106.591459,29.446501],[106.591375,29.446389],[106.591193,29.446343],[106.59073,29.446336],[106.590563,29.446303],[106.590442,29.44621],[106.590123,29.446204],[106.589964,29.44625],[106.589349,29.446865],[106.58919,29.446871],[106.589046,29.446917],[106.588894,29.446897],[106.588237,29.446929],[106.588207,29.446806],[106.588256,29.446751],[106.588497,29.446729],[106.588729,29.446558],[106.588819,29.446415],[106.589046,29.446217],[106.589334,29.446085],[106.589638,29.446098],[106.589956,29.446045],[106.590199,29.445834],[106.590321,29.445543],[106.590305,29.445266],[106.590154,29.445028],[106.590063,29.444764],[106.590017,29.444486],[106.590063,29.444222],[106.590047,29.443944],[106.589835,29.443746],[106.589744,29.443482],[106.589698,29.443125],[106.589547,29.442795],[106.58938,29.442557],[106.589365,29.44228],[106.589592,29.441553],[106.589638,29.441262],[106.589471,29.441038],[106.589228,29.440826],[106.589016,29.440535],[106.588788,29.440297],[106.5885,29.439795],[106.588424,29.439531],[106.588394,29.439267],[106.588409,29.439003],[106.588485,29.438725],[106.588394,29.438461],[106.587863,29.439161],[106.58765,29.439373],[106.587165,29.43891],[106.587104,29.438633],[106.587392,29.43854],[106.587438,29.438263],[106.587286,29.438025],[106.587058,29.437853],[106.58674,29.437906],[106.586527,29.438091],[106.586239,29.438078],[106.586618,29.437311],[106.586497,29.436717],[106.586512,29.436439],[106.586467,29.435884],[106.586315,29.435646],[106.5863,29.435329],[106.586588,29.435184],[106.586907,29.435118],[106.587195,29.435633],[106.587574,29.436056],[106.587696,29.436307],[106.587726,29.436571],[106.587711,29.436836],[106.587772,29.437113],[106.587938,29.437351],[106.588227,29.43747],[106.588242,29.436915],[106.58803,29.43673],[106.587832,29.436479],[106.587817,29.436214],[106.587999,29.435977],[106.588303,29.435726],[106.588545,29.43591],[106.588879,29.435858],[106.588727,29.435607],[106.588667,29.435342],[106.588819,29.435078],[106.589122,29.435078],[106.589744,29.435263],[106.590032,29.435422],[106.590245,29.435633],[106.590852,29.435792],[106.591049,29.436016],[106.590867,29.436228],[106.590427,29.436077],[106.590288,29.436061],[106.590083,29.436191],[106.590031,29.436295],[106.59004,29.436373],[106.590275,29.436373],[106.590745,29.436472],[106.591071,29.436425],[106.591296,29.436458],[106.591419,29.436386],[106.5917,29.436501],[106.591925,29.436839],[106.592199,29.43671],[106.592038,29.436309],[106.591995,29.435916],[106.591898,29.435729],[106.591684,29.435748],[106.591426,29.435421],[106.591587,29.435271],[106.591802,29.435131],[106.59178,29.434944],[106.591566,29.434907],[106.591136,29.435019],[106.590954,29.434926],[106.590418,29.434253],[106.589978,29.434281],[106.589516,29.434234],[106.58927,29.434253],[106.589216,29.434431],[106.589044,29.434543],[106.588647,29.434711],[106.588207,29.434748],[106.588014,29.434832],[106.588004,29.435225],[106.587811,29.435309],[106.587403,29.435159],[106.587435,29.434954],[106.587789,29.434683],[106.587424,29.434487],[106.587317,29.434318],[106.587306,29.433926],[106.587167,29.433776],[106.587102,29.433384],[106.586963,29.433197],[106.586469,29.432777],[106.586362,29.43259],[106.586373,29.432403],[106.586577,29.432244],[106.58736,29.432487],[106.587381,29.4323],[106.587381,29.432113],[106.587253,29.431702],[106.587263,29.431497],[106.587092,29.431347],[106.586856,29.431347],[106.586834,29.43116],[106.587156,29.43087],[106.587242,29.430693],[106.587263,29.430469],[106.586856,29.429964],[106.58677,29.429786],[106.586609,29.429665],[106.586394,29.42931],[106.586609,29.428974],[106.586555,29.428768],[106.586727,29.428413],[106.586899,29.428291],[106.586952,29.428095],[106.586888,29.427703],[106.586963,29.427329],[106.586952,29.427133],[106.586695,29.426749],[106.586577,29.426591],[106.586394,29.426469],[106.586287,29.426292],[106.586083,29.426217],[106.585879,29.426292],[106.585793,29.426451],[106.585761,29.426647],[106.585622,29.426806],[106.585665,29.426993],[106.585793,29.427151],[106.585708,29.427534],[106.585397,29.427824],[106.585193,29.427908],[106.585075,29.427731],[106.585128,29.427544],[106.584989,29.427142],[106.584645,29.426619],[106.584699,29.426413],[106.584828,29.426236],[106.58471,29.426077],[106.584517,29.425946],[106.584302,29.425964],[106.583905,29.425796],[106.583894,29.4256],[106.58412,29.425563],[106.584259,29.425404],[106.584141,29.42518],[106.58398,29.425058],[106.583787,29.425151],[106.583573,29.425161],[106.583219,29.424909],[106.583015,29.424572],[106.582704,29.424273],[106.582746,29.423899],[106.582972,29.423862],[106.583176,29.423955],[106.583358,29.424086],[106.583573,29.424096],[106.583691,29.423909],[106.58353,29.423535],[106.583369,29.423404],[106.582972,29.423226],[106.582532,29.423283],[106.582317,29.423254],[106.582146,29.423133],[106.581716,29.423077],[106.581545,29.422974],[106.581105,29.423096],[106.580848,29.423105],[106.58044,29.423264],[106.580214,29.423264],[106.579356,29.423395],[106.579163,29.423488],[106.578863,29.424245],[106.578927,29.424628],[106.579206,29.424955],[106.579142,29.425151],[106.579142,29.425348],[106.579217,29.425544],[106.579184,29.425731],[106.579066,29.425899],[106.578852,29.425964],[106.578509,29.425703],[106.577897,29.425908],[106.577725,29.42603],[106.577586,29.426179],[106.577618,29.426376],[106.577736,29.426563],[106.577564,29.426693],[106.57735,29.426759],[106.577071,29.427039],[106.577168,29.427217],[106.577318,29.427366],[106.577361,29.427544],[106.577522,29.427703],[106.577479,29.427889],[106.577382,29.428086],[106.577511,29.428646],[106.577446,29.429048],[106.577522,29.429254],[106.577618,29.429497],[106.577833,29.429749],[106.577811,29.429927],[106.57794,29.430086],[106.578262,29.430375],[106.578562,29.430964],[106.578434,29.431123],[106.57824,29.431216],[106.577929,29.431524],[106.577929,29.431702],[106.578144,29.431777],[106.578294,29.431926],[106.578283,29.432113],[106.57809,29.432207],[106.578004,29.432384],[106.578069,29.432571],[106.578294,29.432552],[106.578444,29.432702],[106.578509,29.432898],[106.578777,29.433281],[106.578552,29.433263],[106.578412,29.433403],[106.578198,29.433431],[106.578101,29.433608],[106.578112,29.433805],[106.578069,29.434001],[106.577918,29.434188],[106.577865,29.434374],[106.577918,29.434608],[106.577843,29.434795],[106.577704,29.434954],[106.577586,29.435159],[106.577554,29.435533],[106.577618,29.435729],[106.577636,29.43591],[106.577591,29.436703],[106.57753,29.436968],[106.577682,29.437206],[106.577718,29.437333],[106.577543,29.437411],[106.577339,29.437327],[106.577114,29.437299],[106.576889,29.437355],[106.576803,29.437542],[106.576942,29.437691],[106.577371,29.437776],[106.577682,29.4378],[106.578182,29.438144],[106.578288,29.438395],[106.57841,29.438937],[106.578592,29.439161],[106.578668,29.43969],[106.578895,29.439888],[106.578906,29.440373],[106.578863,29.440579],[106.578712,29.440747],[106.578519,29.440878],[106.578412,29.441055],[106.578434,29.440803],[106.578659,29.440438],[106.578648,29.440233],[106.578573,29.440055],[106.578219,29.439542],[106.578058,29.438972],[106.577811,29.438934],[106.57764,29.439074],[106.577747,29.439252],[106.577532,29.439242],[106.577382,29.439084],[106.577307,29.438887],[106.577286,29.43871],[106.577017,29.438392],[106.577071,29.438196],[106.577039,29.437991],[106.576856,29.437878],[106.576406,29.437729],[106.575977,29.437766],[106.575805,29.437617],[106.575741,29.437421],[106.575365,29.437159],[106.575247,29.437],[106.575258,29.436813],[106.575161,29.436636],[106.574936,29.436608],[106.574721,29.436682],[106.574582,29.436841],[106.574571,29.437028],[106.574807,29.437579],[106.575086,29.437897],[106.575129,29.438103],[106.57499,29.438271],[106.575097,29.438439],[106.575386,29.438747],[106.575494,29.438925],[106.575344,29.439065],[106.575118,29.439121],[106.575,29.43928],[106.57499,29.439476],[106.575108,29.439644],[106.575322,29.440448],[106.575301,29.440644],[106.575322,29.441027],[106.575515,29.441401],[106.575526,29.441989],[106.575483,29.442195],[106.575547,29.442382],[106.575762,29.442728],[106.575784,29.442915],[106.57573,29.443111],[106.575719,29.443307],[106.575816,29.443699],[106.576095,29.443989],[106.576288,29.444353],[106.576556,29.44468],[106.57677,29.444596],[106.57691,29.444456],[106.576878,29.44425],[106.576717,29.444101],[106.576674,29.443886],[106.576706,29.443466],[106.57662,29.443297],[106.576234,29.443055],[106.57603,29.442989],[106.576009,29.442802],[106.576191,29.442709],[106.576416,29.442737],[106.577039,29.442952],[106.577232,29.443316],[106.57721,29.443531],[106.577232,29.443905],[106.577328,29.444307],[106.577404,29.444484],[106.577404,29.444699],[106.577446,29.444895],[106.577532,29.445091],[106.577468,29.445465],[106.577607,29.445624],[106.577833,29.44568],[106.578015,29.445568],[106.578015,29.445372],[106.578219,29.4454],[106.578498,29.446054],[106.578648,29.446194],[106.57882,29.446054],[106.579034,29.446128],[106.579088,29.446315],[106.579346,29.446642],[106.579249,29.446866],[106.579024,29.446904],[106.578734,29.446577],[106.578519,29.446624],[106.578101,29.447109],[106.577983,29.447278],[106.577908,29.447455],[106.577908,29.447651],[106.578015,29.447829],[106.578208,29.447922],[106.578369,29.447782],[106.57838,29.447586],[106.578498,29.447427],[106.578691,29.44752],[106.578723,29.447904],[106.578788,29.448081],[106.578755,29.448277],[106.578637,29.448445],[106.578895,29.448772],[106.579077,29.448903],[106.579206,29.449062],[106.579195,29.449473],[106.578755,29.449408],[106.578766,29.449595],[106.578841,29.449781],[106.579356,29.450192],[106.579571,29.450258],[106.579785,29.450305],[106.579893,29.450136],[106.580185,29.450088],[106.580489,29.450168],[106.580504,29.450458],[106.580815,29.450847],[106.580901,29.451033],[106.580794,29.451211],[106.580247,29.451575],[106.580086,29.451734],[106.579989,29.451912],[106.580021,29.452304],[106.580096,29.452481],[106.580139,29.452678],[106.580139,29.452883],[106.580236,29.453266],[106.580096,29.453434],[106.579882,29.453369],[106.579721,29.45321],[106.579742,29.453023],[106.579624,29.452855],[106.579421,29.45278],[106.579249,29.45265],[106.578948,29.452332],[106.578788,29.452472],[106.578798,29.453061],[106.578573,29.453117],[106.578412,29.452967],[106.578358,29.45321],[106.578348,29.45364],[106.578466,29.453799],[106.57882,29.454023],[106.578981,29.454172],[106.579099,29.454341],[106.57912,29.454527],[106.579002,29.454695],[106.578841,29.454845],[106.578841,29.45505],[106.578927,29.455228],[106.579109,29.455135],[106.579324,29.455191],[106.579421,29.455368],[106.579614,29.455461],[106.57971,29.455639],[106.57956,29.455807],[106.579646,29.455985],[106.580075,29.455854],[106.580493,29.455798],[106.580676,29.455686],[106.580783,29.455508],[106.581116,29.455265],[106.580955,29.454892],[106.581073,29.454733],[106.581287,29.454714],[106.581384,29.454882],[106.581341,29.455088],[106.581556,29.455163],[106.581727,29.455041],[106.58206,29.45463],[106.58206,29.454425],[106.58191,29.453827],[106.581598,29.453546],[106.58162,29.452976],[106.581695,29.452799],[106.581556,29.452435],[106.581759,29.452407],[106.58191,29.452547],[106.582103,29.452472],[106.582446,29.452238],[106.582886,29.45222],[106.583637,29.453864],[106.583927,29.454677],[106.584002,29.45505],[106.58398,29.455452],[106.583766,29.455471],[106.583594,29.45534],[106.583358,29.455359],[106.583197,29.455499],[106.583197,29.455695],[106.583369,29.455817],[106.583594,29.455789],[106.583615,29.455975],[106.583422,29.456097],[106.583208,29.456162],[106.583036,29.456293],[106.582918,29.456685],[106.582929,29.456872],[106.583111,29.456994],[106.583315,29.45705],[106.583476,29.45719],[106.58368,29.457237],[106.583841,29.457115],[106.583862,29.456928],[106.583927,29.456741],[106.584131,29.456769],[106.584291,29.456947],[106.584667,29.457162],[106.584817,29.457321],[106.584957,29.457507],[106.584881,29.457704],[106.585116,29.457837],[106.585481,29.45791],[106.585723,29.458088],[106.585784,29.45822],[106.585776,29.458352],[106.585572,29.458577],[106.585526,29.458735],[106.585518,29.459019],[106.585611,29.459189],[106.585815,29.459161],[106.585944,29.459329],[106.586233,29.459843],[106.586373,29.460217],[106.586577,29.460189],[106.586727,29.460338],[106.586577,29.460487],[106.586384,29.46059],[106.586427,29.460964],[106.586641,29.460954],[106.586931,29.461244],[106.586738,29.461337],[106.586287,29.461309],[106.586147,29.461459],[106.586437,29.461767],[106.58663,29.461861],[106.586823,29.461786],[106.587027,29.461842],[106.587188,29.462188],[106.587092,29.462365],[106.586877,29.462421],[106.586684,29.462337],[106.586512,29.462206],[106.586298,29.462169],[106.585675,29.462552],[106.58545,29.462515],[106.585311,29.462365],[106.585085,29.462356],[106.585171,29.462543],[106.585311,29.462701],[106.585493,29.462795],[106.585557,29.462982],[106.585429,29.463159],[106.585279,29.463299],[106.585214,29.463486],[106.585236,29.463673],[106.5853,29.46386],[106.585107,29.463944],[106.585,29.463776],[106.584774,29.463757],[106.58471,29.463953],[106.58471,29.464159],[106.584291,29.464317],[106.584249,29.464504],[106.584291,29.4647],[106.584281,29.464887],[106.584688,29.465345],[106.585182,29.465999],[106.5853,29.46584],[106.585193,29.465466],[106.585182,29.46527],[106.585236,29.465093],[106.585536,29.464803],[106.585718,29.464915],[106.585761,29.465111],[106.585611,29.465494],[106.585579,29.4657],[106.585729,29.46584],[106.586158,29.465896],[106.586427,29.466223],[106.586587,29.466363],[106.586791,29.466298],[106.586545,29.465924],[106.586469,29.465747],[106.586416,29.465364],[106.586609,29.465457],[106.586834,29.465401],[106.586823,29.465214],[106.586609,29.464859],[106.586663,29.464672],[106.586577,29.464476],[106.586427,29.464327],[106.586459,29.464131],[106.586663,29.464056],[106.586791,29.464215],[106.586813,29.464458],[106.586791,29.464654],[106.586866,29.464869],[106.587059,29.464971],[106.587457,29.464831],[106.587789,29.465093],[106.587886,29.46528],[106.58825,29.465513],[106.588476,29.465859],[106.588325,29.466017],[106.588261,29.466204],[106.588411,29.466344],[106.588604,29.466438],[106.588819,29.466372],[106.589012,29.466475],[106.588991,29.466662],[106.588626,29.466914],[106.588551,29.467166],[106.588727,29.468174],[106.588257,29.468571],[106.587984,29.468729],[106.587681,29.468822],[106.587878,29.469046],[106.588379,29.469363],[106.588787,29.469249],[106.589355,29.468904],[106.589527,29.468764],[106.590085,29.468156],[106.590149,29.467979],[106.590375,29.46796],[106.590804,29.468073],[106.5909,29.46825],[106.59016,29.46853],[106.589967,29.468642],[106.589903,29.468829],[106.589913,29.469221],[106.589806,29.469399],[106.589613,29.469502],[106.589774,29.469642],[106.590214,29.469558],[106.590611,29.469371],[106.591029,29.469259],[106.591029,29.469072],[106.591179,29.468717],[106.591394,29.468708],[106.591609,29.468773],[106.591641,29.46896],[106.591587,29.469147],[106.59163,29.469352],[106.591909,29.469679],[106.592102,29.469782],[106.592317,29.469847],[106.592295,29.470062],[106.591995,29.47037],[106.592027,29.470557],[106.592231,29.470632],[106.592445,29.470651],[106.59266,29.470613],[106.592842,29.470744],[106.593132,29.471043],[106.593475,29.471538],[106.593636,29.471678],[106.593733,29.471865],[106.593733,29.472061],[106.593872,29.472435],[106.593872,29.472621],[106.593647,29.472958],[106.593486,29.473088],[106.593068,29.473257],[106.593164,29.473425],[106.593368,29.473499],[106.593454,29.473677],[106.593647,29.473761],[106.59384,29.473901],[106.594044,29.473929],[106.594123,29.47399],[106.594199,29.47417],[106.594423,29.474396],[106.594472,29.474525],[106.594356,29.474665],[106.594311,29.474778],[106.594304,29.474953],[106.594421,29.475175],[106.594596,29.475334],[106.59475,29.475602],[106.594911,29.475729],[106.595006,29.476073],[106.595167,29.476359],[106.595445,29.476563],[106.595737,29.476843],[106.595853,29.477083],[106.595509,29.477625],[106.596732,29.479213],[106.597044,29.480634],[106.597246,29.480722]]]}},{"id":"279","type":"Feature","properties":{"landuse":"unknown","natural":"wood","base_elevation":314},"geometry":{"type":"Polygon","coordinates":[[[106.602477,29.507746],[106.602577,29.507768],[106.602782,29.507659],[106.602613,29.507514],[106.602626,29.507465],[106.602593,29.507425],[106.602528,29.507432],[106.602459,29.507388],[106.602408,29.507473],[106.602352,29.5075],[106.602147,29.507465],[106.602103,29.507574],[106.602134,29.507648],[106.602183,29.507675],[106.602167,29.507698],[106.60208,29.507679],[106.602078,29.507756],[106.602212,29.507735],[106.602325,29.507799],[106.602477,29.507746]]]}},{"id":"280","type":"Feature","properties":{"landuse":"unknown","natural":"wood","base_elevation":178},"geometry":{"type":"Polygon","coordinates":[[[106.617416,29.517424],[106.617697,29.517457],[106.617906,29.517522],[106.618348,29.51775],[106.618602,29.517945],[106.618641,29.518089],[106.618801,29.518248],[106.618873,29.518376],[106.619093,29.518625],[106.619479,29.518748],[106.619621,29.518742],[106.619806,29.518628],[106.6199,29.51845],[106.620003,29.517883],[106.620114,29.517759],[106.620337,29.517662],[106.620707,29.517701],[106.622482,29.518578],[106.623777,29.518906],[106.623952,29.518786],[106.623978,29.518731],[106.623968,29.518449],[106.623994,29.518315],[106.624153,29.518126],[106.624143,29.517978],[106.624175,29.517891],[106.624153,29.517766],[106.624031,29.517609],[106.624037,29.517539],[106.624145,29.51735],[106.624056,29.517183],[106.62403,29.516994],[106.623941,29.516849],[106.623749,29.516355],[106.623551,29.516166],[106.623455,29.516027],[106.623462,29.515815],[106.623436,29.515743],[106.623295,29.515654],[106.622848,29.515665],[106.622727,29.515549],[106.62251,29.515504],[106.622484,29.515826],[106.622337,29.515899],[106.622069,29.515877],[106.621686,29.515899],[106.620952,29.515667],[106.620496,29.515643],[106.620421,29.515681],[106.620126,29.515993],[106.619767,29.51597],[106.619467,29.516031],[106.619059,29.516003],[106.618833,29.51611],[106.61863,29.516269],[106.61842,29.516274],[106.618157,29.516175],[106.618066,29.516175],[106.617611,29.516314],[106.617513,29.516474],[106.617309,29.516565],[106.616648,29.516502],[106.616337,29.516507],[106.616112,29.516541],[106.616043,29.5166],[106.615832,29.516647],[106.615768,29.516723],[106.615756,29.516812],[106.615847,29.516963],[106.616116,29.517319],[106.616271,29.51747],[106.616535,29.51746],[106.616588,29.517553],[106.616743,29.517609],[106.617416,29.517424]]]}},{"id":"281","type":"Feature","properties":{"landuse":"unknown","natural":"wood","base_elevation":71},"geometry":{"type":"Polygon","coordinates":[[[106.658188,29.524524],[106.657666,29.524452],[106.656389,29.525325],[106.656955,29.526065],[106.659534,29.524913],[106.659226,29.524772],[106.658188,29.524524]]]}},{"id":"282","type":"Feature","properties":{"landuse":"unknown","natural":"wood","base_elevation":108},"geometry":{"type":"Polygon","coordinates":[[[106.644999,29.528195],[106.644712,29.527262],[106.644418,29.527009],[106.642797,29.527439],[106.641077,29.527199],[106.639964,29.527677],[106.63866,29.528132],[106.638396,29.527679],[106.637711,29.527475],[106.636936,29.52695],[106.636259,29.526036],[106.635133,29.526205],[106.63671,29.531548],[106.637091,29.531905],[106.638213,29.531896],[106.643215,29.529474],[106.644999,29.528195]]]}},{"id":"283","type":"Feature","properties":{"landuse":"unknown","natural":"wood","base_elevation":54},"geometry":{"type":"Polygon","coordinates":[[[106.666488,29.560265],[106.66535,29.560503],[106.664036,29.559038],[106.664041,29.558725],[106.663689,29.558436],[106.663009,29.558657],[106.661512,29.557126],[106.662224,29.556779],[106.662778,29.557229],[106.663041,29.556459],[106.662145,29.555885],[106.66171,29.555099],[106.66087,29.555105],[106.658967,29.554212],[106.658094,29.553513],[106.656243,29.552856],[106.654033,29.551949],[106.653267,29.551844],[106.6528,29.552142],[106.654919,29.554154],[106.658025,29.556993],[106.659447,29.558461],[106.661067,29.559506],[106.664704,29.561233],[106.66692,29.562114],[106.667402,29.56253],[106.668041,29.562782],[106.668132,29.563164],[106.668277,29.563239],[106.669582,29.562637],[106.669406,29.56229],[106.667086,29.560304],[106.666488,29.560265]]]}},{"id":"284","type":"Feature","properties":{"landuse":"unknown","natural":"wood","base_elevation":126},"geometry":{"type":"Polygon","coordinates":[[[106.605792,29.576231],[106.605806,29.576085],[106.605746,29.575947],[106.605985,29.575832],[106.606224,29.575885],[106.606363,29.575769],[106.606374,29.575571],[106.606194,29.575484],[106.605832,29.57561],[106.605881,29.575717],[106.605795,29.575809],[106.605559,29.575799],[106.605406,29.575865],[106.605295,29.575984],[106.605117,29.576013],[106.605057,29.575865],[106.605406,29.575473],[106.605832,29.575266],[106.606113,29.575051],[106.60628,29.57523],[106.606448,29.57525],[106.606862,29.574689],[106.606699,29.574561],[106.606373,29.574664],[106.606361,29.574791],[106.606586,29.574833],[106.606573,29.574983],[106.606334,29.575044],[106.606172,29.574843],[106.605994,29.574843],[106.60584,29.574777],[106.605594,29.574897],[106.605317,29.574848],[106.605076,29.574743],[106.604919,29.574928],[106.603861,29.575099],[106.603826,29.575307],[106.603992,29.575487],[106.604411,29.575452],[106.604534,29.575319],[106.604658,29.575307],[106.604644,29.575466],[106.60448,29.575701],[106.604231,29.575811],[106.604086,29.575603],[106.603638,29.575986],[106.604242,29.576091],[106.604411,29.576032],[106.604687,29.576261],[106.604894,29.576381],[106.605143,29.576468],[106.605413,29.576503],[106.605694,29.576525],[106.605683,29.576299],[106.605934,29.576376],[106.605879,29.576287],[106.605792,29.576231]]]}},{"id":"285","type":"Feature","properties":{"landuse":"unknown","natural":"wood","base_elevation":24},"geometry":{"type":"Polygon","coordinates":[[[106.665208,29.5776],[106.664811,29.578477],[106.664613,29.579102],[106.664005,29.58027],[106.664437,29.580382],[106.66486,29.57932],[106.664987,29.578738],[106.665139,29.578382],[106.665455,29.577366],[106.665337,29.577409],[106.665208,29.5776]]]}},{"id":"286","type":"Feature","properties":{"landuse":"unknown","natural":"wood","base_elevation":63},"geometry":{"type":"Polygon","coordinates":[[[106.610831,29.599895],[106.610984,29.599813],[106.611341,29.599776],[106.611639,29.599591],[106.612048,29.599495],[106.612227,29.599399],[106.612363,29.59928],[106.612534,29.599214],[106.612823,29.599414],[106.6129,29.599584],[106.612866,29.599739],[106.612891,29.59988],[106.612968,29.600021],[106.613481,29.60045],[106.613402,29.597218],[106.612618,29.597036],[106.612679,29.59592],[106.613469,29.595861],[106.613483,29.595544],[106.612158,29.595643],[106.612023,29.595626],[106.611665,29.595432],[106.611523,29.595414],[106.611266,29.595496],[106.610976,29.595538],[106.610901,29.595767],[106.610834,29.595873],[106.610793,29.596108],[106.610719,29.596202],[106.610584,29.596243],[106.610388,29.596431],[106.61034,29.596554],[106.610175,29.59677],[106.610354,29.597029],[106.610294,29.59717],[106.610379,29.597303],[106.610652,29.597555],[106.610635,29.597703],[106.610677,29.597866],[106.610958,29.598073],[106.610967,29.598214],[106.610558,29.598895],[106.610439,29.599006],[106.610277,29.59908],[106.609936,29.59908],[106.609604,29.599162],[106.609298,29.599288],[106.608957,29.599347],[106.608795,29.599295],[106.608625,29.599288],[106.608327,29.59914],[106.607995,29.598769],[106.607535,29.598555],[106.607407,29.598436],[106.607254,29.598155],[106.607084,29.598147],[106.607058,29.598762],[106.607155,29.599096],[106.607573,29.599553],[106.607637,29.599739],[106.607981,29.60001],[106.607959,29.600196],[106.607852,29.600355],[106.607788,29.600532],[106.607873,29.60071],[106.608088,29.600803],[106.608324,29.600859],[106.608549,29.600812],[106.608914,29.600551],[106.609032,29.600383],[106.608979,29.600187],[106.609032,29.599991],[106.61003,29.600206],[106.610277,29.600324],[106.610396,29.600198],[106.61055,29.600117],[106.610831,29.599895]]]}},{"id":"287","type":"Feature","properties":{"landuse":"unknown","natural":"wood","base_elevation":87},"geometry":{"type":"Polygon","coordinates":[[[106.563888,29.602267],[106.563607,29.601526],[106.563491,29.601026],[106.562962,29.601673],[106.563217,29.602134],[106.563888,29.602267]]]}},{"id":"288","type":"Feature","properties":{"landuse":"unknown","natural":"wood","base_elevation":39},"geometry":{"type":"Polygon","coordinates":[[[106.620555,29.607696],[106.620415,29.607836],[106.619965,29.608032],[106.619761,29.608107],[106.619525,29.608079],[106.619471,29.607706],[106.619461,29.607305],[106.619611,29.606904],[106.619761,29.606754],[106.619997,29.606689],[106.620255,29.606708],[106.620448,29.606829],[106.620587,29.606997],[106.62078,29.607137],[106.620855,29.60695],[106.620866,29.606764],[106.620555,29.606017],[106.620448,29.60585],[106.62048,29.605663],[106.619013,29.60561],[106.618802,29.60591],[106.618484,29.60658],[106.618207,29.606621],[106.616628,29.606698],[106.616424,29.60668],[106.61621,29.606614],[106.615995,29.606661],[106.615984,29.607043],[106.615824,29.607174],[106.615405,29.607071],[106.615244,29.606932],[106.615255,29.606736],[106.615351,29.606558],[106.615416,29.606316],[106.615341,29.606101],[106.615212,29.60626],[106.614836,29.606503],[106.613774,29.606624],[106.613345,29.606521],[106.613174,29.606391],[106.613045,29.606232],[106.612862,29.606325],[106.612648,29.606381],[106.612444,29.606288],[106.612294,29.606139],[106.612186,29.605961],[106.611983,29.605859],[106.611875,29.606017],[106.611478,29.607156],[106.609708,29.606969],[106.610148,29.607202],[106.610362,29.607249],[106.610899,29.607631],[106.611194,29.607786],[106.612583,29.608079],[106.612975,29.608112],[106.620467,29.608287],[106.62063,29.607883],[106.620555,29.607696]]]}},{"id":"289","type":"Feature","properties":{"landuse":"unknown","natural":"wood","base_elevation":11},"geometry":{"type":"Polygon","coordinates":[[[106.680347,29.57467],[106.680143,29.574633],[106.680218,29.57481],[106.680465,29.575137],[106.681098,29.575734],[106.681355,29.57606],[106.681441,29.576247],[106.68158,29.576424],[106.682235,29.577031],[106.682364,29.577189],[106.682589,29.577217],[106.68275,29.577078],[106.682846,29.576891],[106.68304,29.57676],[106.683254,29.576863],[106.683265,29.57705],[106.683447,29.577385],[106.683512,29.577581],[106.684134,29.578225],[106.684059,29.578412],[106.684067,29.578731],[106.684358,29.579067],[106.684104,29.579297],[106.684284,29.579582],[106.684643,29.580017],[106.684949,29.580188],[106.685152,29.580168],[106.685542,29.579817],[106.685756,29.580072],[106.685513,29.580294],[106.685351,29.580504],[106.685633,29.580854],[106.685748,29.581071],[106.68595,29.581259],[106.685765,29.581327],[106.686017,29.581811],[106.685863,29.581892],[106.68558,29.58188],[106.683988,29.580178],[106.683319,29.579523],[106.683233,29.579572],[106.683296,29.579944],[106.682981,29.579767],[106.682268,29.5788],[106.682415,29.578729],[106.683072,29.579422],[106.683182,29.579308],[106.682782,29.578869],[106.682707,29.578692],[106.682031,29.578132],[106.681763,29.577815],[106.681645,29.577609],[106.681838,29.577712],[106.682031,29.5776],[106.682085,29.577413],[106.681988,29.577245],[106.68158,29.576751],[106.68128,29.576434],[106.681119,29.576312],[106.681023,29.57648],[106.68128,29.576807],[106.681473,29.577217],[106.681441,29.577413],[106.680765,29.57663],[106.680293,29.576163],[106.680186,29.575986],[106.680036,29.575846],[106.679864,29.575724],[106.679671,29.57564],[106.679521,29.57551],[106.67937,29.575342],[106.679166,29.574987],[106.678888,29.574679],[106.678737,29.57453],[106.678351,29.574278],[106.678212,29.57412],[106.678094,29.573924],[106.678265,29.573802],[106.678469,29.573905],[106.678684,29.573868],[106.678652,29.573681],[106.678469,29.573336],[106.678276,29.573224],[106.677761,29.573056],[106.677536,29.573047],[106.677289,29.57299],[106.677128,29.572841],[106.677021,29.572655],[106.676999,29.572459],[106.677117,29.572272],[106.677321,29.57216],[106.677547,29.572197],[106.67775,29.572085],[106.677783,29.571899],[106.677568,29.571843],[106.677429,29.571703],[106.677332,29.571516],[106.677375,29.571311],[106.677278,29.571124],[106.676892,29.570574],[106.676484,29.570704],[106.676533,29.570984],[106.67598,29.571628],[106.676103,29.571992],[106.676313,29.5723],[106.67613,29.572557],[106.676001,29.572543],[106.676001,29.57314],[106.675712,29.573154],[106.675776,29.573466],[106.676602,29.573522],[106.676742,29.574344],[106.677139,29.574418],[106.677085,29.57481],[106.677514,29.575053],[106.678051,29.575211],[106.678222,29.575426],[106.678737,29.575398],[106.679413,29.57634],[106.67907,29.576695],[106.680594,29.578141],[106.681806,29.579504],[106.681761,29.57965],[106.682664,29.580538],[106.683146,29.580806],[106.683664,29.580804],[106.683629,29.581278],[106.683877,29.581547],[106.684298,29.581879],[106.683756,29.581924],[106.684029,29.582451],[106.683933,29.582969],[106.683705,29.583767],[106.685078,29.585036],[106.6854,29.58513],[106.687363,29.586669],[106.687674,29.58721],[106.687961,29.587598],[106.688932,29.588133],[106.689459,29.588853],[106.690157,29.589114],[106.690244,29.589297],[106.689868,29.589368],[106.689906,29.589503],[106.690185,29.589814],[106.690465,29.590417],[106.691047,29.590889],[106.691976,29.591801],[106.693293,29.592825],[106.694206,29.594158],[106.694723,29.595158],[106.694538,29.596435],[106.694588,29.596607],[106.694848,29.596779],[106.695255,29.596788],[106.69574,29.596603],[106.696074,29.596666],[106.696656,29.597154],[106.69689,29.59724],[106.698353,29.598823],[106.697972,29.599132],[106.698097,29.599482],[106.697912,29.599547],[106.696216,29.597964],[106.69613,29.59804],[106.697028,29.598979],[106.697416,29.599587],[106.697928,29.600215],[106.698255,29.600289],[106.699253,29.601411],[106.699507,29.601588],[106.69978,29.602029],[106.699967,29.602421],[106.700482,29.603195],[106.700521,29.603443],[106.700522,29.603798],[106.700345,29.604203],[106.700465,29.604682],[106.700344,29.605097],[106.700439,29.605663],[106.700669,29.605953],[106.700903,29.605898],[106.701133,29.60643],[106.701159,29.606613],[106.70173,29.607398],[106.701508,29.60749],[106.70159,29.607781],[106.702337,29.607988],[106.702643,29.60762],[106.703124,29.607635],[106.703334,29.607715],[106.703663,29.608042],[106.70376,29.609065],[106.703502,29.609239],[106.703237,29.609229],[106.703641,29.609831],[106.703912,29.609787],[106.704061,29.610045],[106.703754,29.610391],[106.70498,29.612659],[106.70542,29.612715],[106.705538,29.612873],[106.705613,29.61306],[106.705763,29.613209],[106.705838,29.613023],[106.705924,29.612649],[106.706074,29.6125],[106.706268,29.612416],[106.706482,29.612398],[106.706707,29.612388],[106.706911,29.612454],[106.707137,29.612426],[106.707298,29.612276],[106.707491,29.61237],[106.707652,29.6125],[106.70792,29.612883],[106.707941,29.613256],[106.70777,29.613386],[106.707834,29.613573],[106.707759,29.61375],[106.707598,29.613601],[106.70719,29.613685],[106.706675,29.613895],[106.706369,29.61417],[106.706257,29.614198],[106.706171,29.614147],[106.706037,29.613853],[106.70593,29.613871],[106.705833,29.613918],[106.70572,29.614282],[106.706053,29.614804],[106.706225,29.614935],[106.706482,29.61528],[106.706268,29.615326],[106.706128,29.615476],[106.70615,29.615662],[106.706386,29.616474],[106.706943,29.617434],[106.706879,29.617621],[106.70689,29.617808],[106.707212,29.618106],[106.707287,29.618274],[106.707433,29.618132],[106.707759,29.618336],[106.707923,29.618484],[106.707931,29.619113],[106.708081,29.619253],[106.708091,29.61943],[106.707824,29.619177],[106.707628,29.619329],[106.707414,29.619815],[106.70736,29.620149],[106.707102,29.620182],[106.707099,29.619643],[106.706962,29.619353],[106.706629,29.619397],[106.706187,29.619809],[106.706153,29.620266],[106.706351,29.620503],[106.706907,29.620749],[106.707044,29.621028],[106.707076,29.621216],[106.706695,29.621396],[106.706536,29.621849],[106.706575,29.622204],[106.706478,29.622415],[106.706971,29.622531],[106.707212,29.622444],[106.707244,29.62281],[106.707435,29.622734],[106.707328,29.622223],[106.707393,29.621792],[106.707659,29.621866],[106.708098,29.622128],[106.708136,29.622311],[106.707908,29.622431],[106.707788,29.623045],[106.707986,29.623249],[106.708137,29.623744],[106.707878,29.623783],[106.70772,29.624231],[106.707937,29.624392],[106.707573,29.624522],[106.707412,29.624286],[106.707066,29.624196],[106.706529,29.6252],[106.706141,29.625363],[106.705888,29.625331],[106.705317,29.625711],[106.705241,29.625371],[106.705282,29.625048],[106.704981,29.625087],[106.70466,29.625024],[106.704381,29.624723],[106.703997,29.62438],[106.704285,29.624007],[106.704635,29.623839],[106.704825,29.623676],[106.704963,29.62346],[106.704996,29.623191],[106.705102,29.622972],[106.705089,29.622819],[106.70464,29.622877],[106.704363,29.623031],[106.704647,29.623214],[106.70459,29.623448],[106.704338,29.623624],[106.704205,29.623409],[106.704154,29.623102],[106.703927,29.622742],[106.703666,29.622442],[106.703511,29.622194],[106.703682,29.621811],[106.703915,29.621643],[106.704291,29.621572],[106.70445,29.621291],[106.704208,29.621082],[106.704065,29.620679],[106.703545,29.620352],[106.703901,29.620033],[106.704172,29.619994],[106.704526,29.620391],[106.70489,29.620584],[106.705247,29.620399],[106.705363,29.620086],[106.705835,29.619681],[106.706375,29.619134],[106.706207,29.618807],[106.705854,29.618533],[106.705761,29.61834],[106.705538,29.618206],[106.705193,29.618261],[106.70512,29.618369],[106.704884,29.618187],[106.705006,29.617922],[106.704802,29.617648],[106.704874,29.617346],[106.704848,29.617142],[106.704736,29.616835],[106.70466,29.616399],[106.704659,29.616173],[106.704844,29.616204],[106.704912,29.616258],[106.704973,29.616112],[106.704673,29.615375],[106.704869,29.615148],[106.704911,29.614922],[106.704594,29.614444],[106.704488,29.614105],[106.704289,29.61382],[106.703949,29.613547],[106.703486,29.613376],[106.703233,29.613452],[106.703085,29.613291],[106.703231,29.613075],[106.703409,29.612918],[106.70234,29.611123],[106.702314,29.610935],[106.70167,29.610253],[106.701018,29.610622],[106.700761,29.610881],[106.700439,29.610602],[106.699203,29.610122],[106.699004,29.609741],[106.699231,29.60953],[106.700452,29.60959],[106.701045,29.609841],[106.701324,29.610007],[106.701575,29.609736],[106.701432,29.609467],[106.701148,29.60935],[106.700648,29.609384],[106.700418,29.608933],[106.700837,29.608791],[106.701119,29.608445],[106.700809,29.608123],[106.700658,29.607639],[106.700125,29.606887],[106.699942,29.606101],[106.699641,29.606344],[106.699232,29.605834],[106.698617,29.606122],[106.698034,29.605564],[106.697858,29.604816],[106.698546,29.604312],[106.698484,29.602885],[106.697751,29.603141],[106.697734,29.602214],[106.696257,29.600183],[106.696156,29.599656],[106.695249,29.598253],[106.693932,29.597342],[106.693368,29.596763],[106.69311,29.596249],[106.693134,29.59605],[106.693122,29.59557],[106.692789,29.595461],[106.692413,29.595465],[106.692038,29.595793],[106.691886,29.59624],[106.691889,29.596876],[106.691373,29.597212],[106.691137,29.596889],[106.690658,29.597139],[106.690472,29.597],[106.690066,29.597098],[106.689632,29.596647],[106.689902,29.596264],[106.690427,29.596456],[106.691515,29.595975],[106.692085,29.595361],[106.691949,29.59527],[106.691385,29.594664],[106.691803,29.594307],[106.692434,29.594687],[106.692666,29.594357],[106.690865,29.592802],[106.690926,29.592613],[106.690276,29.592093],[106.69032,29.591734],[106.689925,29.591537],[106.689631,29.591187],[106.689421,29.590464],[106.6891,29.589894],[106.688413,29.589239],[106.687972,29.588508],[106.687606,29.587976],[106.687037,29.587742],[106.685188,29.588176],[106.684181,29.588339],[106.68381,29.588192],[106.683294,29.587216],[106.682527,29.587373],[106.681975,29.587302],[106.681997,29.586655],[106.681883,29.58665],[106.681926,29.586068],[106.681689,29.586007],[106.681385,29.586272],[106.681061,29.585946],[106.681272,29.585812],[106.681396,29.585946],[106.681999,29.585634],[106.683876,29.585326],[106.682396,29.582834],[106.681676,29.582632],[106.680774,29.582323],[106.68045,29.581441],[106.679832,29.581192],[106.679585,29.582275],[106.6801,29.58248],[106.680046,29.584122],[106.679875,29.584514],[106.680505,29.584991],[106.681504,29.584793],[106.681681,29.585035],[106.680679,29.585202],[106.680787,29.585438],[106.680518,29.586016],[106.681028,29.586362],[106.680949,29.586645],[106.680847,29.586656],[106.679757,29.586109],[106.680113,29.585494],[106.678183,29.583733],[106.676935,29.583096],[106.676841,29.58265],[106.67652,29.58257],[106.676154,29.583334],[106.675634,29.583513],[106.675038,29.583303],[106.673863,29.583027],[106.67265,29.581889],[106.672419,29.581265],[106.672584,29.580995],[106.672495,29.580424],[106.671797,29.580044],[106.672291,29.579638],[106.672073,29.579206],[106.67139,29.578769],[106.671562,29.578462],[106.671305,29.578238],[106.669843,29.577519],[106.668397,29.576587],[106.66799,29.5766],[106.667335,29.576721],[106.66696,29.576759],[106.666073,29.5777],[106.665345,29.578828],[106.665078,29.579761],[106.664127,29.581779],[106.663675,29.583958],[106.662872,29.584036],[106.663344,29.582833],[106.662757,29.582811],[106.662548,29.583124],[106.662371,29.583469],[106.662086,29.584136],[106.661947,29.584472],[106.661721,29.585298],[106.661046,29.586706],[106.660702,29.58735],[106.660397,29.588129],[106.660026,29.589319],[106.659549,29.590415],[106.659307,29.590746],[106.659213,29.591202],[106.659136,29.591404],[106.658884,29.591856],[106.658707,29.592076],[106.658589,29.592281],[106.658343,29.592986],[106.658301,29.593217],[106.657958,29.59346],[106.657432,29.593711],[106.657025,29.59429],[106.656477,29.594738],[106.656134,29.594971],[106.655727,29.595801],[106.65607,29.596426],[106.655823,29.597266],[106.655973,29.597863],[106.655973,29.598217],[106.656105,29.598314],[106.657593,29.598558],[106.658773,29.599286],[106.658945,29.599939],[106.65858,29.600871],[106.657666,29.60071],[106.657462,29.600803],[106.657237,29.60084],[106.657033,29.600756],[106.656872,29.600616],[106.656561,29.600299],[106.656153,29.599805],[106.65596,29.599721],[106.65552,29.599646],[106.655359,29.599795],[106.65537,29.599991],[106.655445,29.600178],[106.655499,29.600579],[106.655477,29.600766],[106.655263,29.601111],[106.655198,29.601307],[106.655231,29.601512],[106.655316,29.601698],[106.655424,29.60209],[106.655467,29.602491],[106.655585,29.602678],[106.655724,29.602818],[106.655917,29.602911],[106.656132,29.602892],[106.656357,29.602958],[106.656529,29.603098],[106.656636,29.603266],[106.656604,29.603452],[106.656368,29.603434],[106.656143,29.603462],[106.655939,29.603545],[106.655649,29.603863],[106.655424,29.603863],[106.65522,29.603751],[106.655102,29.603928],[106.655263,29.604059],[106.655467,29.604049],[106.65567,29.604096],[106.655971,29.604394],[106.656175,29.60474],[106.656357,29.604861],[106.656797,29.604777],[106.65684,29.604963],[106.6567,29.605113],[106.656604,29.60528],[106.656668,29.605458],[106.656851,29.605579],[106.657473,29.606185],[106.658095,29.606726],[106.658707,29.607043],[106.658814,29.607221],[106.659147,29.607491],[106.659554,29.60764],[106.659737,29.607743],[106.659876,29.607902],[106.659973,29.60807],[106.660123,29.60821],[106.660316,29.608293],[106.660413,29.608461],[106.660627,29.609068],[106.662408,29.608946],[106.662569,29.609077],[106.662494,29.609254],[106.662397,29.609655],[106.662258,29.609842],[106.662076,29.609973],[106.66185,29.610001],[106.661421,29.609991],[106.661183,29.609888],[106.660949,29.610426],[106.660592,29.610825],[106.66082,29.610999],[106.66096,29.611567],[106.661089,29.611726],[106.661239,29.611875],[106.66141,29.611978],[106.66199,29.61222],[106.662204,29.61222],[106.662247,29.612034],[106.662194,29.611642],[106.662011,29.611278],[106.661968,29.611092],[106.66199,29.610905],[106.662065,29.610728],[106.662054,29.610551],[106.66214,29.610374],[106.662355,29.61042],[106.66258,29.61042],[106.662751,29.610308],[106.662869,29.610159],[106.662987,29.609991],[106.663138,29.609049],[106.663106,29.608863],[106.66302,29.608695],[106.662859,29.608564],[106.662204,29.608452],[106.662011,29.608359],[106.662118,29.608191],[106.66229,29.60807],[106.66243,29.607696],[106.662473,29.607314],[106.662698,29.606978],[106.663106,29.60654],[106.663449,29.606055],[106.663653,29.605971],[106.664254,29.606223],[106.664339,29.6064],[106.664372,29.606605],[106.664575,29.606661],[106.66465,29.606848],[106.664618,29.607043],[106.664811,29.607137],[106.665144,29.606876],[106.665294,29.606708],[106.66538,29.606531],[106.665358,29.606344],[106.665273,29.606167],[106.66538,29.605607],[106.665337,29.60542],[106.665176,29.60528],[106.664983,29.605197],[106.664747,29.605169],[106.664543,29.605243],[106.664318,29.605243],[106.663728,29.605607],[106.663535,29.605504],[106.663524,29.605308],[106.663116,29.605122],[106.662891,29.605122],[106.662837,29.605318],[106.662859,29.605523],[106.662934,29.60571],[106.662826,29.606279],[106.662666,29.606447],[106.662451,29.606475],[106.662011,29.606381],[106.661603,29.606167],[106.661378,29.606139],[106.661185,29.606027],[106.661174,29.60584],[106.661099,29.605654],[106.66052,29.605383],[106.660348,29.605252],[106.660144,29.605159],[106.659801,29.604879],[106.659597,29.604534],[106.659383,29.60445],[106.658632,29.603984],[106.658406,29.603947],[106.657934,29.603984],[106.65772,29.60404],[106.658063,29.604301],[106.658632,29.604627],[106.658567,29.605019],[106.658717,29.605178],[106.65876,29.605374],[106.658664,29.60557],[106.658438,29.605523],[106.658245,29.605374],[106.657827,29.604898],[106.657741,29.604721],[106.657763,29.604534],[106.657698,29.604348],[106.657537,29.604189],[106.657376,29.604059],[106.657151,29.604012],[106.656926,29.604012],[106.656722,29.603928],[106.656754,29.603732],[106.656979,29.603723],[106.657162,29.60362],[106.657301,29.603471],[106.657387,29.603294],[106.657398,29.603107],[106.65728,29.602958],[106.656818,29.602706],[106.656636,29.602566],[106.656507,29.602417],[106.656615,29.602249],[106.65684,29.602183],[106.657011,29.602062],[106.657237,29.602016],[106.657398,29.602155],[106.657527,29.602323],[106.657612,29.602519],[106.657645,29.602706],[106.657838,29.602771],[106.65802,29.602659],[106.658224,29.602678],[106.658277,29.602864],[106.658428,29.603014],[106.658642,29.603014],[106.658846,29.602939],[106.659479,29.602808],[106.659801,29.602622],[106.660198,29.603126],[106.660273,29.603322],[106.660563,29.603853],[106.660734,29.603993],[106.660938,29.604059],[106.661153,29.604077],[106.661711,29.603797],[106.661915,29.603732],[106.662571,29.604453],[106.663264,29.604688],[106.663725,29.604575],[106.664103,29.604403],[106.664589,29.604462],[106.664957,29.604397],[106.665076,29.604428],[106.665226,29.604661],[106.666412,29.605591],[106.667721,29.608632],[106.666927,29.609005],[106.666623,29.609914],[106.668966,29.61102],[106.668651,29.612787],[106.668675,29.612917],[106.669888,29.613651],[106.670358,29.614011],[106.670369,29.614207],[106.670487,29.614375],[106.670927,29.614412],[106.671367,29.613937],[106.671388,29.61375],[106.671528,29.613573],[106.671882,29.613274],[106.672128,29.613265],[106.672246,29.613424],[106.672633,29.613629],[106.672643,29.613815],[106.67245,29.614422],[106.672483,29.614608],[106.672461,29.614795],[106.672021,29.614785],[106.671613,29.614916],[106.671184,29.614897],[106.670969,29.614979],[106.670869,29.61509],[106.670787,29.615233],[106.671077,29.615746],[106.67112,29.615951],[106.671098,29.616129],[106.67127,29.61624],[106.671474,29.616147],[106.671678,29.616213],[106.671849,29.616362],[106.672043,29.616474],[106.672429,29.616334],[106.675626,29.6175],[106.675572,29.617686],[106.67539,29.618031],[106.675433,29.618218],[106.675723,29.618562],[106.675647,29.618983],[106.675572,29.619179],[106.675454,29.619365],[106.675315,29.619738],[106.675304,29.619934],[106.675422,29.620316],[106.675476,29.62069],[106.67554,29.620867],[106.675133,29.620746],[106.674926,29.620716],[106.674476,29.621406],[106.674647,29.622245],[106.674843,29.622294],[106.674982,29.622443],[106.67509,29.622611],[106.675218,29.622984],[106.675819,29.623543],[106.676463,29.623609],[106.676635,29.623739],[106.677514,29.624215],[106.677836,29.62414],[106.67819,29.624523],[106.678169,29.624644],[106.678523,29.625129],[106.678978,29.625557],[106.679254,29.625759],[106.67935,29.626022],[106.6794,29.626485],[106.679576,29.626623],[106.679682,29.626867],[106.679836,29.627028],[106.679978,29.627592],[106.68018,29.627767],[106.680154,29.627972],[106.680025,29.62806],[106.679982,29.628155],[106.679834,29.628191],[106.679771,29.628259],[106.679787,29.628305],[106.679828,29.628327],[106.681055,29.628114],[106.681118,29.628255],[106.681059,29.628344],[106.680897,29.628418],[106.680919,29.628582],[106.680973,29.628618],[106.681177,29.628605],[106.681377,29.628765],[106.68176,29.628961],[106.68183,29.62895],[106.681883,29.628887],[106.681905,29.628629],[106.681939,29.628566],[106.682041,29.628549],[106.682139,29.628585],[106.68232,29.628744],[106.682538,29.629226],[106.68237,29.629429],[106.68235,29.629495],[106.682609,29.629897],[106.682612,29.630006],[106.682397,29.630721],[106.682401,29.630812],[106.682487,29.630908],[106.682615,29.630913],[106.682901,29.631379],[106.682917,29.631484],[106.683123,29.631672],[106.683244,29.631833],[106.68325,29.631906],[106.682849,29.632287],[106.682622,29.632406],[106.682295,29.632397],[106.68221,29.632365],[106.682079,29.632475],[106.682152,29.632594],[106.682126,29.632653],[106.682299,29.632801],[106.682645,29.632992],[106.682683,29.633063],[106.682607,29.633211],[106.682626,29.633287],[106.682827,29.633456],[106.682959,29.63368],[106.683091,29.633773],[106.683179,29.633795],[106.683311,29.633762],[106.683506,29.633637],[106.683619,29.633642],[106.68365,29.633784],[106.6837,29.633833],[106.684184,29.633811],[106.684348,29.633839],[106.68441,29.633888],[106.684398,29.633959],[106.684266,29.634062],[106.684153,29.634068],[106.683713,29.633937],[106.683487,29.633926],[106.68333,29.633964],[106.683298,29.634024],[106.683336,29.634084],[106.683499,29.634123],[106.683512,29.634193],[106.683443,29.634254],[106.683336,29.634276],[106.683242,29.634407],[106.683091,29.634472],[106.682984,29.634576],[106.683015,29.634636],[106.683183,29.634747],[106.683539,29.635072],[106.683762,29.635142],[106.684243,29.635196],[106.684394,29.635243],[106.684608,29.635375],[106.684599,29.635475],[106.684457,29.635491],[106.684225,29.635421],[106.684073,29.635429],[106.683967,29.635491],[106.683913,29.635599],[106.684029,29.635661],[106.684252,29.635653],[106.684519,29.635731],[106.684751,29.635893],[106.684769,29.635986],[106.684742,29.63611],[106.684626,29.636149],[106.684519,29.636064],[106.684474,29.635955],[106.684385,29.635878],[106.68386,29.635793],[106.683628,29.635638],[106.683423,29.635591],[106.683316,29.635646],[106.683013,29.635963],[106.683004,29.636265],[106.68296,29.636358],[106.682986,29.636451],[106.683218,29.636583],[106.683468,29.636931],[106.683637,29.637071],[106.68369,29.637156],[106.683788,29.63721],[106.68383,29.637286],[106.683815,29.637405],[106.683913,29.637552],[106.68407,29.637642],[106.684157,29.637655],[106.684402,29.637561],[106.684457,29.637488],[106.684482,29.637431],[106.684442,29.637308],[106.684617,29.637109],[106.684644,29.636807],[106.684742,29.636768],[106.684956,29.636877],[106.685063,29.636885],[106.685429,29.636737],[106.685566,29.636755],[106.685624,29.636788],[106.685656,29.63693],[106.685603,29.637067],[106.685545,29.637109],[106.685397,29.637081],[106.685323,29.637113],[106.685339,29.637241],[106.685561,29.637292],[106.685624,29.637567],[106.685719,29.637737],[106.686025,29.637902],[106.68612,29.637994],[106.686178,29.638117],[106.686104,29.63831],[106.686067,29.638677],[106.686223,29.639407],[106.686218,29.639623],[106.686086,29.639806],[106.685796,29.639715],[106.685733,29.639829],[106.685759,29.640017],[106.685711,29.640063],[106.685627,29.640063],[106.685521,29.639976],[106.685495,29.639921],[106.685463,29.63944],[106.685516,29.639178],[106.685537,29.638784],[106.685424,29.638499],[106.685192,29.638488],[106.685368,29.638897],[106.685355,29.639078],[106.685267,29.63928],[106.685204,29.639329],[106.684878,29.639438],[106.684721,29.639422],[106.684501,29.639258],[106.684469,29.639329],[106.684539,29.639607],[106.684645,29.639733],[106.684783,29.6398],[106.68476,29.640002],[106.684648,29.639976],[106.684476,29.639761],[106.684356,29.639742],[106.684192,29.639872],[106.683982,29.639976],[106.683847,29.639982],[106.683743,29.640028],[106.683773,29.640145],[106.683832,29.640223],[106.684296,29.640223],[106.684364,29.640288],[106.684386,29.640372],[106.684236,29.64047],[106.684042,29.640522],[106.68396,29.64058],[106.68369,29.640574],[106.683496,29.640632],[106.683398,29.640711],[106.683384,29.640789],[106.683324,29.640854],[106.683226,29.64088],[106.683174,29.640945],[106.683182,29.641023],[106.683443,29.641055],[106.683758,29.64101],[106.683922,29.641094],[106.6839,29.641198],[106.683713,29.641491],[106.68381,29.64164],[106.683937,29.641699],[106.684685,29.64166],[106.685074,29.641491],[106.685179,29.641484],[106.685359,29.641582],[106.685404,29.641679],[106.685567,29.641872],[106.68587,29.642074],[106.685977,29.642097],[106.686191,29.642004],[106.686404,29.642081],[106.686565,29.642097],[106.686654,29.642159],[106.686689,29.642252],[106.686761,29.642322],[106.687162,29.642438],[106.687465,29.64267],[106.687572,29.642856],[106.687696,29.642988],[106.687598,29.643073],[106.68758,29.643166],[106.687643,29.64329],[106.687812,29.643475],[106.687892,29.643715],[106.687901,29.643917],[106.687999,29.644219],[106.688149,29.644389],[106.688613,29.64448],[106.688672,29.644538],[106.688665,29.644746],[106.688523,29.644909],[106.688373,29.645007],[106.688179,29.645247],[106.688051,29.645306],[106.688179,29.645514],[106.688231,29.645689],[106.688111,29.645943],[106.688164,29.646106],[106.688119,29.646346],[106.688216,29.646372],[106.68853,29.646125],[106.688755,29.646119],[106.688852,29.646144],[106.688882,29.646223],[106.688859,29.646307],[106.688721,29.646494],[106.688709,29.646729],[106.688746,29.646806],[106.688878,29.646915],[106.689161,29.646997],[106.689167,29.647226],[106.689255,29.647346],[106.689419,29.647319],[106.689513,29.647363],[106.689576,29.647609],[106.689639,29.647669],[106.689657,29.647745],[106.689651,29.647816],[106.689532,29.647914],[106.689526,29.647985],[106.689615,29.648119],[106.689589,29.648245],[106.689772,29.648299],[106.689778,29.648851],[106.689973,29.648982],[106.690035,29.649107],[106.691149,29.64903],[106.691669,29.64891],[106.692274,29.648698],[106.692677,29.64867],[106.693112,29.648532],[106.693537,29.648255],[106.694163,29.648274],[106.695574,29.648126],[106.696168,29.647914],[106.697101,29.647821],[106.698114,29.647813],[106.69884,29.64793],[106.699261,29.648093],[106.699655,29.648413],[106.699986,29.648553],[106.700399,29.648615],[106.70064,29.648413],[106.700981,29.648281],[106.701227,29.648142],[106.701661,29.647537],[106.701674,29.647406],[106.701371,29.647225],[106.701396,29.647115],[106.701358,29.64706],[106.701276,29.647043],[106.701023,29.647225],[106.700796,29.647301],[106.700038,29.647186],[106.699855,29.647126],[106.699829,29.64706],[106.699969,29.646986],[106.700115,29.647032],[106.700672,29.64709],[106.700777,29.647028],[106.700814,29.64694],[106.700694,29.646687],[106.700504,29.646462],[106.700321,29.64644],[106.699847,29.646539],[106.699594,29.646544],[106.699519,29.646511],[106.699487,29.646429],[106.699677,29.646187],[106.699714,29.646028],[106.699645,29.645798],[106.699714,29.645666],[106.699696,29.6456],[106.699588,29.645567],[106.699493,29.6456],[106.698811,29.64599],[106.698666,29.646006],[106.698502,29.645979],[106.698426,29.645929],[106.698419,29.645858],[106.698489,29.645792],[106.698697,29.64577],[106.699186,29.645532],[106.69941,29.645337],[106.699858,29.645374],[106.700039,29.645318],[106.700338,29.645105],[106.700605,29.644818],[106.700637,29.644688],[106.700562,29.644428],[106.700541,29.644159],[106.700413,29.644094],[106.700306,29.644187],[106.700285,29.644428],[106.700242,29.64454],[106.700071,29.64466],[106.699783,29.644744],[106.699271,29.644725],[106.699122,29.644623],[106.699058,29.644345],[106.698972,29.644243],[106.698994,29.644076],[106.699132,29.643863],[106.699122,29.643696],[106.698951,29.643705],[106.698588,29.643955],[106.698322,29.643965],[106.69814,29.6439],[106.698097,29.643761],[106.69814,29.643649],[106.698386,29.643492],[106.698428,29.64338],[106.698268,29.643334],[106.698172,29.643408],[106.698044,29.643418],[106.697809,29.643362],[106.697767,29.643251],[106.697639,29.643204],[106.6975,29.643204],[106.697297,29.643288],[106.697201,29.643371],[106.697063,29.643408],[106.696934,29.64338],[106.696838,29.643594],[106.69687,29.643714],[106.696988,29.643779],[106.697222,29.643807],[106.69734,29.643853],[106.697372,29.643983],[106.697308,29.644104],[106.696977,29.644224],[106.696849,29.644428],[106.696668,29.644586],[106.69654,29.644642],[106.696305,29.644475],[106.696102,29.644132],[106.695974,29.644113],[106.695505,29.643724],[106.695025,29.643584],[106.69495,29.643473],[106.694907,29.643325],[106.694969,29.642753],[106.695076,29.642502],[106.695267,29.642428],[106.695556,29.642446],[106.695918,29.642539],[106.696335,29.642706],[106.696655,29.642762],[106.697092,29.642799],[106.697305,29.64278],[106.697924,29.642706],[106.698778,29.6424],[106.698778,29.64228],[106.698895,29.642057],[106.698532,29.641612],[106.698319,29.641658],[106.698234,29.64176],[106.698063,29.641695],[106.698042,29.641575],[106.698253,29.641324],[106.698221,29.641213],[106.697975,29.641102],[106.697922,29.640963],[106.697954,29.640694],[106.69789,29.640508],[106.697879,29.640358],[106.697913,29.640271],[106.698236,29.64019],[106.698282,29.640153],[106.698253,29.640082],[106.698135,29.639998],[106.697975,29.63997],[106.697805,29.640044],[106.697655,29.640137],[106.697463,29.640323],[106.697239,29.640369],[106.697026,29.640341],[106.696898,29.640221],[106.696855,29.640082],[106.696994,29.639905],[106.696866,29.63959],[106.696705,29.639494],[106.69606,29.63954],[106.695774,29.639602],[106.695415,29.639579],[106.695317,29.639533],[106.695308,29.639423],[106.695433,29.639268],[106.696204,29.639244],[106.696365,29.639151],[106.696499,29.638878],[106.696643,29.638824],[106.696831,29.638808],[106.697324,29.638886],[106.697467,29.638847],[106.697978,29.638575],[106.698273,29.638512],[106.69847,29.638255],[106.698443,29.638162],[106.698363,29.638076],[106.698363,29.637765],[106.698273,29.637695],[106.698121,29.637788],[106.698058,29.637866],[106.698103,29.638084],[106.698067,29.638178],[106.697924,29.638216],[106.697467,29.637897],[106.697118,29.63771],[106.697055,29.637625],[106.697046,29.637466],[106.697243,29.637373],[106.697494,29.637497],[106.697781,29.637521],[106.698068,29.637232],[106.698104,29.637139],[106.69693,29.636656],[106.696733,29.636609],[106.696356,29.636609],[106.696177,29.636711],[106.696043,29.6371],[106.695792,29.637365],[106.695801,29.637521],[106.695747,29.637629],[106.695631,29.637676],[106.695514,29.637668],[106.695452,29.637591],[106.695031,29.637489],[106.69478,29.637225],[106.694735,29.637123],[106.694726,29.636905],[106.694782,29.636495],[106.694662,29.636324],[106.694232,29.636055],[106.694163,29.635891],[106.694144,29.635748],[106.694182,29.635665],[106.694321,29.635523],[106.694536,29.635138],[106.695009,29.634721],[106.695237,29.634683],[106.695603,29.634743],[106.69565,29.634696],[106.695479,29.634564],[106.695536,29.634504],[106.695884,29.634465],[106.696099,29.634542],[106.696168,29.634498],[106.696136,29.634438],[106.695757,29.634361],[106.695682,29.634322],[106.695618,29.63418],[106.695549,29.634152],[106.695227,29.634147],[106.694917,29.63401],[106.694829,29.633999],[106.694671,29.634064],[106.694386,29.634311],[106.694248,29.634388],[106.694077,29.634427],[106.693552,29.634246],[106.693464,29.634246],[106.692889,29.634372],[106.692782,29.634361],[106.692687,29.634306],[106.69251,29.634421],[106.692472,29.634504],[106.692302,29.634526],[106.692238,29.63457],[106.692067,29.634533],[106.691894,29.634422],[106.691691,29.634448],[106.69148,29.63452],[106.691292,29.634481],[106.691232,29.634396],[106.690946,29.634167],[106.690818,29.634207],[106.690766,29.634298],[106.690766,29.634396],[106.690374,29.634893],[106.690058,29.63507],[106.689983,29.635181],[106.6899,29.635227],[106.689765,29.635207],[106.689652,29.635116],[106.689584,29.634887],[106.689472,29.634677],[106.689306,29.634514],[106.689329,29.63439],[106.689524,29.63422],[106.68963,29.634174],[106.689705,29.634226],[106.689667,29.63439],[106.689727,29.634553],[106.689855,29.634671],[106.689976,29.634658],[106.690081,29.634546],[106.690186,29.634298],[106.690141,29.634115],[106.689991,29.633965],[106.689908,29.633821],[106.689915,29.633729],[106.689953,29.633592],[106.690247,29.633396],[106.690322,29.633298],[106.690314,29.633206],[106.690254,29.633147],[106.690179,29.632877],[106.690322,29.632768],[106.690716,29.632838],[106.690949,29.632955],[106.691012,29.63304],[106.691173,29.633585],[106.691272,29.63371],[106.691442,29.633687],[106.691693,29.633297],[106.6918,29.633212],[106.692714,29.633204],[106.692813,29.633282],[106.692867,29.633671],[106.692831,29.633827],[106.692849,29.633951],[106.693082,29.634076],[106.69327,29.634092],[106.693449,29.634068],[106.693503,29.633928],[106.693342,29.633694],[106.693377,29.63357],[106.693709,29.633352],[106.693978,29.633102],[106.694085,29.633071],[106.69422,29.633126],[106.6943,29.633282],[106.694434,29.63336],[106.694954,29.633227],[106.695124,29.633149],[106.695178,29.632994],[106.694954,29.632877],[106.694757,29.632721],[106.694766,29.632596],[106.695026,29.632331],[106.695062,29.63223],[106.69516,29.632113],[106.695689,29.631888],[106.695734,29.631779],[106.69568,29.631638],[106.695384,29.63135],[106.695268,29.631151],[106.695256,29.631063],[106.6953,29.631008],[106.695256,29.630931],[106.695034,29.630843],[106.694801,29.6307],[106.694662,29.630525],[106.694617,29.630393],[106.694624,29.630261],[106.694826,29.630173],[106.69553,29.630008],[106.696548,29.630208],[106.697079,29.630467],[106.697485,29.630606],[106.698538,29.63164],[106.699776,29.631103],[106.699856,29.629852],[106.701168,29.630074],[106.700699,29.632469],[106.701,29.633047],[106.702244,29.633457],[106.702652,29.633886],[106.702647,29.634448],[106.701954,29.635337],[106.702144,29.637739],[106.703396,29.637569],[106.704583,29.637952],[106.704755,29.638418],[106.704133,29.639239],[106.704369,29.639948],[106.704283,29.640097],[106.704454,29.640246],[106.705227,29.640321],[106.705399,29.640619],[106.705999,29.640694],[106.705999,29.640843],[106.705828,29.640843],[106.705742,29.640992],[106.706085,29.64129],[106.706343,29.64129],[106.706428,29.641514],[106.706772,29.641514],[106.706772,29.641663],[106.706085,29.641663],[106.705999,29.641738],[106.705999,29.641962],[106.705828,29.641962],[106.705742,29.641738],[106.704454,29.641738],[106.704283,29.641514],[106.704197,29.641589],[106.703853,29.641514],[106.703596,29.641738],[106.703596,29.641887],[106.703768,29.641887],[106.703939,29.642036],[106.704025,29.642185],[106.704111,29.643081],[106.704454,29.643379],[106.705484,29.643304],[106.705484,29.643454],[106.704883,29.643454],[106.704626,29.643528],[106.70454,29.643603],[106.704626,29.644274],[106.704454,29.644573],[106.704369,29.644647],[106.704798,29.644722],[106.705055,29.644871],[106.705227,29.645095],[106.705399,29.645542],[106.705399,29.645841],[106.705141,29.645915],[106.704969,29.646139],[106.705055,29.646363],[106.704798,29.646363],[106.704626,29.646661],[106.704883,29.646885],[106.705399,29.64681],[106.705399,29.646736],[106.706343,29.646736],[106.706428,29.64681],[106.706428,29.64696],[106.706257,29.64696],[106.706257,29.646885],[106.70557,29.646885],[106.705313,29.64696],[106.705055,29.647034],[106.704883,29.647258],[106.705141,29.647556],[106.70557,29.647929],[106.7066,29.648004],[106.7066,29.648377],[106.706343,29.648526],[106.706257,29.64875],[106.705913,29.64875],[106.705742,29.648899],[106.705828,29.649123],[106.70557,29.649123],[106.705484,29.649197],[106.705484,29.649496],[106.705828,29.650018],[106.706085,29.650092],[106.706171,29.650465],[106.705999,29.650465],[106.705913,29.650242],[106.70557,29.650242],[106.705656,29.649943],[106.705484,29.649869],[106.705399,29.649645],[106.704712,29.64957],[106.704626,29.64972],[106.703939,29.649645],[106.703939,29.649794],[106.703768,29.649794],[106.703768,29.64957],[106.703596,29.649496],[106.703339,29.64972],[106.703253,29.650167],[106.703253,29.650316],[106.703424,29.650465],[106.703682,29.650465],[106.703682,29.650316],[106.703853,29.650316],[106.703939,29.650615],[106.703682,29.650838],[106.703596,29.651435],[106.703424,29.651584],[106.703167,29.65151],[106.702995,29.651659],[106.702995,29.651883],[106.703167,29.651957],[106.703167,29.652181],[106.702995,29.652181],[106.702824,29.651957],[106.702394,29.651957],[106.702051,29.651808],[106.701965,29.651584],[106.70145,29.651584],[106.701193,29.651361],[106.700935,29.651435],[106.700935,29.65151],[106.700249,29.65151],[106.700334,29.651062],[106.700077,29.651062],[106.700077,29.650988],[106.69982,29.650988],[106.699734,29.65151],[106.699304,29.651659],[106.699219,29.651883],[106.698961,29.651883],[106.699047,29.651584],[106.69879,29.651435],[106.698274,29.651286],[106.698274,29.651211],[106.698017,29.651435],[106.69776,29.651435],[106.69776,29.651286],[106.698017,29.651137],[106.698017,29.650988],[106.697845,29.650838],[106.697073,29.650913],[106.696815,29.651137],[106.696815,29.651361],[106.696644,29.651361],[106.696558,29.651211],[106.696215,29.651286],[106.696215,29.651137],[106.696386,29.651062],[106.696386,29.650913],[106.696043,29.650689],[106.695871,29.650913],[106.695614,29.650913],[106.695614,29.650689],[106.695957,29.65054],[106.695871,29.650092],[106.6963,29.650092],[106.69673,29.64972],[106.69673,29.649496],[106.696901,29.649347],[106.696558,29.649048],[106.696472,29.649048],[106.696386,29.649272],[106.696129,29.649272],[106.696129,29.649496],[106.695957,29.649496],[106.695957,29.64957],[106.694155,29.649794],[106.694155,29.650018],[106.693983,29.650018],[106.693897,29.649869],[106.69364,29.649794],[106.693382,29.649943],[106.693125,29.649943],[106.693211,29.64972],[106.693382,29.64972],[106.693382,29.649496],[106.693296,29.649347],[106.693039,29.649123],[106.692524,29.649197],[106.692266,29.649421],[106.692266,29.649645],[106.691923,29.64972],[106.691751,29.64972],[106.691666,29.649496],[106.691322,29.649272],[106.691065,29.649272],[106.691065,29.649197],[106.690206,29.649197],[106.690206,29.649645],[106.690121,29.649645],[106.690035,29.649943],[106.690206,29.649943],[106.690292,29.649794],[106.691151,29.649794],[106.691322,29.649943],[106.691322,29.650167],[106.691151,29.650167],[106.690893,29.649943],[106.690378,29.649943],[106.689949,29.650092],[106.689863,29.650167],[106.689863,29.650316],[106.690206,29.650615],[106.690636,29.65054],[106.691065,29.650913],[106.691065,29.651062],[106.691408,29.651062],[106.691408,29.651211],[106.691151,29.651361],[106.691322,29.651584],[106.692181,29.65151],[106.692781,29.651286],[106.692781,29.651137],[106.692953,29.651137],[106.692953,29.651435],[106.692781,29.651435],[106.692781,29.651733],[106.69261,29.651733],[106.69261,29.651435],[106.692524,29.651435],[106.692266,29.651659],[106.692009,29.652181],[106.692009,29.652479],[106.692352,29.652479],[106.692352,29.652852],[106.692181,29.652852],[106.692181,29.652629],[106.691923,29.652629],[106.69158,29.652927],[106.69158,29.653002],[106.691751,29.653002],[106.691751,29.653151],[106.691494,29.653151],[106.691494,29.653375],[106.691751,29.653524],[106.692181,29.653524],[106.692181,29.653748],[106.692695,29.653748],[106.692695,29.653673],[106.692867,29.653673],[106.693211,29.653822],[106.693125,29.654046],[106.693296,29.654046],[106.693382,29.654195],[106.693897,29.65412],[106.694069,29.654493],[106.694241,29.654493],[106.694927,29.654792],[106.694927,29.654941],[106.694498,29.654866],[106.693811,29.654568],[106.693554,29.654344],[106.693125,29.654195],[106.692953,29.65427],[106.692953,29.654419],[106.692095,29.654419],[106.69158,29.654568],[106.691494,29.654792],[106.691923,29.655165],[106.692095,29.655016],[106.692352,29.655016],[106.692266,29.655314],[106.692695,29.655538],[106.692695,29.655911],[106.692524,29.655911],[106.692524,29.655687],[106.692266,29.655612],[106.692009,29.655388],[106.692009,29.655463],[106.691666,29.655463],[106.69158,29.655612],[106.691408,29.655612],[106.691322,29.655463],[106.691151,29.655463],[106.690893,29.655687],[106.690807,29.655911],[106.690807,29.65606],[106.691151,29.656358],[106.69158,29.656284],[106.691923,29.656507],[106.691837,29.656806],[106.692939,29.656989],[106.693411,29.657103],[106.69364,29.657104],[106.697073,29.655836],[106.697245,29.655836],[106.697245,29.655911],[106.697931,29.655911],[106.698189,29.65606],[106.698446,29.65606],[106.698446,29.655687],[106.69982,29.655388],[106.700249,29.654866],[106.699991,29.654643],[106.699476,29.654643],[106.699304,29.654866],[106.698875,29.655016],[106.698103,29.65509],[106.697931,29.654941],[106.69776,29.654941],[106.69733,29.654643],[106.69733,29.654493],[106.697416,29.654493],[106.697416,29.653524],[106.696901,29.653076],[106.696644,29.653076],[106.696215,29.653225],[106.696129,29.6533],[106.696129,29.653598],[106.695871,29.653598],[106.695957,29.653225],[106.696129,29.653076],[106.696558,29.652927],[106.697073,29.652927],[106.69733,29.653225],[106.69776,29.653225],[106.697845,29.653002],[106.697931,29.653002],[106.697845,29.652703],[106.697502,29.65233],[106.697245,29.65233],[106.697073,29.652181],[106.697073,29.652032],[106.69733,29.652032],[106.697674,29.652181],[106.698103,29.652703],[106.698103,29.653151],[106.697588,29.653673],[106.697588,29.654568],[106.69776,29.654568],[106.697931,29.654792],[106.698103,29.654792],[106.69836,29.654568],[106.698446,29.654195],[106.698875,29.653673],[106.69939,29.653673],[106.699304,29.653598],[106.699304,29.653225],[106.69939,29.653225],[106.69939,29.653076],[106.69982,29.653076],[106.69982,29.653225],[106.699562,29.653225],[106.699476,29.653375],[106.699562,29.653673],[106.69982,29.653598],[106.69982,29.653524],[106.700334,29.653449],[106.70042,29.653822],[106.70042,29.65427],[106.700592,29.654419],[106.700849,29.654419],[106.701021,29.654195],[106.701279,29.654195],[106.701364,29.654568],[106.702051,29.654792],[106.702051,29.655016],[106.701879,29.655016],[106.701794,29.654866],[106.70145,29.654717],[106.701193,29.654717],[106.700935,29.654941],[106.701021,29.655239],[106.700849,29.655239],[106.700678,29.65509],[106.70042,29.655016],[106.700077,29.655314],[106.699991,29.655463],[106.699991,29.655612],[106.70042,29.655985],[106.701536,29.655911],[106.701879,29.656284],[106.702051,29.656284],[106.702137,29.655985],[106.702051,29.655687],[106.702137,29.655687],[106.702223,29.655463],[106.702909,29.655463],[106.703167,29.655165],[106.703424,29.655165],[106.703424,29.655314],[106.703081,29.655612],[106.702394,29.655612],[106.702223,29.655761],[106.702309,29.655985],[106.702566,29.655985],[106.702566,29.656134],[106.702309,29.656134],[106.702223,29.656358],[106.702309,29.656358],[106.702394,29.656582],[106.702738,29.656656],[106.702738,29.656806],[106.702309,29.656731],[106.702137,29.656507],[106.701965,29.656507],[106.701965,29.656656],[106.701794,29.656656],[106.701794,29.656433],[106.70145,29.656134],[106.701193,29.65606],[106.700678,29.65606],[106.699905,29.656209],[106.69982,29.656358],[106.699562,29.656433],[106.699562,29.656656],[106.699905,29.656656],[106.699991,29.656806],[106.700163,29.656806],[106.700334,29.657626],[106.700334,29.657775],[106.700077,29.657775],[106.69982,29.657999],[106.69982,29.658148],[106.700163,29.658447],[106.700592,29.658521],[106.700849,29.658894],[106.701279,29.659118],[106.702137,29.659118],[106.702309,29.659192],[106.70248,29.659342],[106.703081,29.658819],[106.702995,29.657701],[106.703339,29.657775],[106.703339,29.65785],[106.703768,29.65785],[106.704025,29.657626],[106.704025,29.657477],[106.703853,29.657402],[106.703853,29.657253],[106.704626,29.657328],[106.704883,29.657104],[106.704798,29.657029],[106.704798,29.656656],[106.70454,29.656582],[106.70454,29.656358],[106.704712,29.656358],[106.704969,29.656582],[106.705055,29.657029],[106.705484,29.657029],[106.705999,29.657179],[106.706085,29.657328],[106.706428,29.657402],[106.706514,29.657179],[106.706257,29.657104],[106.706257,29.656955],[106.706514,29.656955],[106.706686,29.657104],[106.706858,29.657104],[106.707115,29.65688],[106.706772,29.656582],[106.706772,29.656358],[106.706943,29.656284],[106.706772,29.656134],[106.706858,29.655911],[106.707029,29.655911],[106.707029,29.655985],[106.708231,29.655985],[106.708231,29.655911],[106.708403,29.655911],[106.708832,29.655538],[106.708832,29.655388],[106.709003,29.655388],[106.709003,29.655761],[106.709518,29.655911],[106.709518,29.656134],[106.709175,29.656134],[106.709089,29.656209],[106.709433,29.656507],[106.709347,29.65688],[106.709518,29.657029],[106.710119,29.657029],[106.710205,29.657104],[106.710291,29.65688],[106.710377,29.656806],[106.71072,29.656806],[106.710806,29.656582],[106.71072,29.656507],[106.710463,29.656507],[106.710463,29.656358],[106.710634,29.656284],[106.710634,29.655985],[106.710463,29.655911],[106.710377,29.654643],[106.710205,29.654643],[106.710205,29.654419],[106.710291,29.654344],[106.710548,29.654344],[106.710548,29.654866],[106.710806,29.654866],[106.711063,29.654643],[106.711149,29.654046],[106.711493,29.653897],[106.711578,29.653524],[106.711836,29.653524],[106.711922,29.653598],[106.711922,29.653748],[106.711836,29.653748],[106.711836,29.65412],[106.712007,29.654344],[106.711922,29.654866],[106.712179,29.655016],[106.712179,29.655761],[106.712265,29.655911],[106.712437,29.65606],[106.712608,29.65606],[106.712608,29.656209],[106.712179,29.656284],[106.712179,29.656358],[106.712351,29.656656],[106.712522,29.657179],[106.712866,29.657701],[106.712866,29.65785],[106.713123,29.65785],[106.713209,29.657701],[106.713552,29.657775],[106.713724,29.657701],[106.713724,29.657626],[106.71381,29.657626],[106.71381,29.657253],[106.713724,29.657104],[106.713467,29.65688],[106.713295,29.65688],[106.713295,29.656731],[106.713481,29.656369],[106.713194,29.655637],[106.712952,29.654227],[106.712988,29.653947],[106.713285,29.65415],[106.713559,29.654623],[106.713642,29.653998],[106.713937,29.653868],[106.714333,29.653974],[106.715083,29.653626],[106.715526,29.653323],[106.71545,29.65286],[106.715127,29.652506],[106.714792,29.652205],[106.715234,29.651826],[106.715425,29.65161],[106.715489,29.650974],[106.715389,29.650603],[106.71493,29.65019],[106.714628,29.650094],[106.714342,29.649788],[106.714264,29.648889],[106.713992,29.648728],[106.714046,29.648512],[106.714248,29.648339],[106.71424,29.647952],[106.713664,29.64734],[106.713891,29.647053],[106.714426,29.646922],[106.71469,29.646614],[106.714997,29.646386],[106.715621,29.646503],[106.716582,29.646418],[106.71712,29.646744],[106.717887,29.647102],[106.718436,29.647127],[106.718824,29.647061],[106.718718,29.646733],[106.718366,29.646621],[106.718015,29.6468],[106.717477,29.646468],[106.716704,29.646057],[106.717437,29.644799],[106.717779,29.644081],[106.717426,29.643716],[106.716925,29.643454],[106.716209,29.643322],[106.715549,29.643292],[106.715172,29.643224],[106.714973,29.642928],[106.715083,29.642653],[106.714995,29.642265],[106.715388,29.641914],[106.716003,29.641739],[106.716082,29.641534],[106.716866,29.641682],[106.71702,29.641492],[106.71746,29.641976],[106.717752,29.642502],[106.717997,29.643245],[106.718331,29.643551],[106.718782,29.643619],[106.718997,29.6435],[106.719466,29.643654],[106.719969,29.644169],[106.720107,29.644675],[106.719985,29.644966],[106.720105,29.645526],[106.720286,29.645935],[106.719868,29.646217],[106.71987,29.646507],[106.720663,29.647253],[106.720875,29.647716],[106.720851,29.647926],[106.721009,29.648593],[106.72186,29.649856],[106.722029,29.650189],[106.722,29.650658],[106.722118,29.650846],[106.722391,29.651006],[106.722786,29.651096],[106.72411,29.651211],[106.724195,29.651137],[106.72411,29.650913],[106.724024,29.650838],[106.723938,29.650689],[106.723165,29.65054],[106.722393,29.650316],[106.722393,29.650018],[106.722135,29.649794],[106.722221,29.64957],[106.721964,29.648974],[106.721645,29.648774],[106.721451,29.648247],[106.721486,29.647859],[106.721164,29.64752],[106.721144,29.647197],[106.721886,29.647588],[106.722143,29.647328],[106.722123,29.646973],[106.722418,29.646713],[106.722656,29.646373],[106.723198,29.646203],[106.723493,29.646014],[106.723636,29.645974],[106.723509,29.645542],[106.723337,29.645244],[106.723005,29.644845],[106.721304,29.643504],[106.720846,29.642108],[106.721201,29.641632],[106.72064,29.640417],[106.720859,29.63977],[106.717985,29.632433],[106.717577,29.632252],[106.716948,29.63101],[106.717005,29.630088],[106.716953,29.629674],[106.716431,29.62897],[106.716469,29.627909],[106.716715,29.627719],[106.716558,29.627176],[106.715955,29.627404],[106.715477,29.626942],[106.715531,29.626004],[106.71465,29.624139],[106.715612,29.62336],[106.713177,29.623049],[106.711471,29.623208],[106.71052,29.623121],[106.70831,29.623467],[106.708022,29.622902],[106.710666,29.622256],[106.712405,29.622275],[106.712791,29.622536],[106.713703,29.622629],[106.714185,29.622573],[106.715806,29.622667],[106.715081,29.621436],[106.714676,29.620876],[106.714542,29.620819],[106.714414,29.620854],[106.714357,29.620951],[106.714389,29.621137],[106.714239,29.621501],[106.7141,29.621641],[106.713917,29.621753],[106.713703,29.621697],[106.71352,29.621342],[106.71307,29.621352],[106.712909,29.621212],[106.712801,29.621044],[106.712812,29.620848],[106.713145,29.62055],[106.713123,29.620363],[106.713165,29.620214],[106.713432,29.619908],[106.711631,29.617417],[106.711481,29.616944],[106.711289,29.616781],[106.711106,29.616893],[106.710892,29.616921],[106.710666,29.616865],[106.710495,29.616735],[106.710066,29.616129],[106.710302,29.615886],[106.710141,29.615765],[106.709926,29.615727],[106.709755,29.615849],[106.709658,29.615672],[106.709647,29.615476],[106.70984,29.615326],[106.709472,29.614711],[106.709507,29.614312],[106.709011,29.613646],[106.709182,29.613451],[106.708242,29.611661],[106.708081,29.611278],[106.707791,29.610765],[106.707727,29.61056],[106.707394,29.610047],[106.707394,29.609861],[106.706607,29.608369],[106.706488,29.608372],[106.706428,29.608315],[106.706346,29.608328],[106.70621,29.607982],[106.706139,29.607874],[106.705895,29.60778],[106.705409,29.60708],[106.705007,29.606936],[106.7049,29.606745],[106.705027,29.606622],[106.705021,29.606518],[106.704887,29.606321],[106.704737,29.606268],[106.70424,29.605412],[106.70408,29.604424],[106.70389,29.604316],[106.703662,29.603814],[106.703758,29.603656],[106.703412,29.603188],[106.702803,29.602143],[106.702405,29.601726],[106.702341,29.60154],[106.701279,29.600069],[106.700976,29.599038],[106.697238,29.593494],[106.696412,29.592894],[106.695175,29.590555],[106.692381,29.586933],[106.692231,29.586707],[106.69206,29.586257],[106.691803,29.585805],[106.6913,29.58542],[106.691084,29.585048],[106.684617,29.577273],[106.68393,29.576574],[106.683233,29.575762],[106.682289,29.574894],[106.680712,29.573653],[106.680508,29.573616],[106.680443,29.573802],[106.680314,29.573952],[106.68039,29.574129],[106.6804,29.574334],[106.680497,29.57453],[106.680347,29.57467]],[[106.666563,29.588877],[106.66688,29.589123],[106.667423,29.589244],[106.667579,29.589359],[106.667606,29.589513],[106.667526,29.589623],[106.66757,29.589662],[106.667512,29.589743],[106.667272,29.589634],[106.666611,29.589451],[106.666516,29.589378],[106.666422,29.589236],[106.66622,29.589086],[106.666458,29.588836],[106.666563,29.588877]],[[106.666401,29.589364],[106.666571,29.5895],[106.667263,29.589694],[106.667514,29.589799],[106.667674,29.589541],[106.667642,29.589472],[106.667746,29.589217],[106.668891,29.589444],[106.668829,29.589689],[106.668508,29.58983],[106.668394,29.590014],[106.668406,29.590153],[106.668336,29.590519],[106.668116,29.590779],[106.668091,29.590984],[106.668186,29.591296],[106.668364,29.591428],[106.66847,29.591339],[106.669434,29.591894],[106.669089,29.592174],[106.668976,29.592325],[106.668957,29.592476],[106.669073,29.592762],[106.668837,29.59301],[106.667877,29.593411],[106.667791,29.593401],[106.667716,29.592133],[106.66756,29.592044],[106.666927,29.592254],[106.666761,29.592143],[106.666716,29.591849],[106.666738,29.591779],[106.667329,29.591407],[106.667241,29.591239],[106.667196,29.591049],[106.667116,29.59098],[106.666998,29.590982],[106.666515,29.59121],[106.66607,29.590883],[106.665858,29.590855],[106.665005,29.590358],[106.665094,29.589952],[106.664795,29.589929],[106.664833,29.589105],[106.665505,29.589126],[106.66589,29.589216],[106.665994,29.589209],[106.66616,29.589131],[106.666371,29.589287],[106.666401,29.589364]],[[106.664823,29.594354],[106.663734,29.59344],[106.663619,29.59325],[106.663623,29.593034],[106.664087,29.59214],[106.664382,29.59128],[106.664434,29.591025],[106.664777,29.591051],[106.664732,29.591437],[106.664747,29.591725],[106.664885,29.591878],[106.665328,29.591937],[106.665877,29.591588],[106.666522,29.592326],[106.666148,29.592571],[106.665523,29.592558],[106.665491,29.592754],[106.665726,29.592962],[106.665818,29.593294],[106.666499,29.593507],[106.665887,29.594482],[106.665567,29.594479],[106.664914,29.594663],[106.664823,29.594354]],[[106.678995,29.60404],[106.678684,29.604338],[106.678458,29.604329],[106.678201,29.604021],[106.67804,29.603881],[106.677836,29.603797],[106.677622,29.603863],[106.677439,29.603965],[106.6773,29.604115],[106.677096,29.604152],[106.676881,29.604133],[106.676688,29.604049],[106.676517,29.603928],[106.676291,29.603937],[106.676345,29.60431],[106.676205,29.60446],[106.676038,29.604482],[106.67601,29.604651],[106.675931,29.604653],[106.67512,29.604111],[106.674629,29.604308],[106.674665,29.604871],[106.674361,29.605227],[106.674084,29.60509],[106.673799,29.605212],[106.673296,29.604787],[106.67346,29.604538],[106.673402,29.604442],[106.673089,29.60441],[106.672939,29.604559],[106.672223,29.604034],[106.672148,29.603324],[106.672424,29.602977],[106.672622,29.602473],[106.672515,29.602305],[106.672396,29.602247],[106.672354,29.602183],[106.672461,29.602006],[106.672633,29.601866],[106.672847,29.601789],[106.673265,29.601767],[106.673311,29.601651],[106.673525,29.601427],[106.673587,29.601307],[106.673581,29.601206],[106.673287,29.601035],[106.673216,29.600949],[106.673102,29.600704],[106.672988,29.600808],[106.672787,29.600794],[106.672729,29.600842],[106.672664,29.601106],[106.672759,29.601181],[106.672776,29.601278],[106.672676,29.601325],[106.672475,29.601264],[106.672076,29.601301],[106.671875,29.601176],[106.671874,29.601073],[106.672009,29.60112],[106.67205,29.601037],[106.671863,29.600858],[106.671804,29.600641],[106.671741,29.600635],[106.671523,29.600704],[106.671275,29.600661],[106.671149,29.60068],[106.671041,29.600741],[106.671013,29.600853],[106.671055,29.600998],[106.671174,29.601101],[106.671066,29.60126],[106.670799,29.601461],[106.670809,29.601533],[106.670916,29.601585],[106.670991,29.601576],[106.671213,29.601385],[106.67131,29.601368],[106.671378,29.601387],[106.6714,29.60145],[106.671538,29.601577],[106.671774,29.601605],[106.671914,29.601745],[106.671931,29.6018],[106.671876,29.601899],[106.671524,29.602102],[106.671478,29.602158],[106.67076,29.602388],[106.670635,29.602384],[106.670537,29.602149],[106.670101,29.602081],[106.669987,29.602025],[106.669843,29.602048],[106.669706,29.60212],[106.66965,29.602093],[106.669643,29.602034],[106.669756,29.601856],[106.669772,29.601743],[106.669686,29.601555],[106.669563,29.601462],[106.669453,29.601459],[106.66929,29.601631],[106.669132,29.601673],[106.668695,29.6016],[106.668642,29.601559],[106.668669,29.60137],[106.668464,29.601145],[106.668391,29.600925],[106.66829,29.600766],[106.667905,29.600588],[106.667794,29.600455],[106.667767,29.600303],[106.667943,29.599727],[106.667916,29.599501],[106.668129,29.599352],[106.668231,29.599207],[106.668298,29.599221],[106.668645,29.599522],[106.66877,29.599545],[106.669105,29.599419],[106.669219,29.59926],[106.669519,29.598327],[106.669854,29.597948],[106.670413,29.597715],[106.670687,29.59765],[106.670994,29.597631],[106.67124,29.59745],[106.671424,29.597416],[106.671549,29.597488],[106.672445,29.597477],[106.672546,29.597618],[106.672526,29.59772],[106.672143,29.597867],[106.671696,29.598145],[106.671546,29.598352],[106.671457,29.598564],[106.671453,29.598856],[106.671558,29.599107],[106.671708,29.599276],[106.672217,29.599543],[106.672459,29.59972],[106.672648,29.599997],[106.672809,29.599914],[106.67316,29.599519],[106.673449,29.599386],[106.673547,29.599575],[106.673536,29.599728],[106.673511,29.599797],[106.673193,29.600136],[106.673169,29.600215],[106.67319,29.600302],[106.673263,29.600389],[106.673362,29.600429],[106.673519,29.600452],[106.673669,29.600432],[106.674174,29.600288],[106.674372,29.60014],[106.674556,29.600101],[106.674794,29.600223],[106.674942,29.600673],[106.674991,29.600744],[106.675181,29.600851],[106.675436,29.600863],[106.675561,29.600815],[106.676091,29.600416],[106.676251,29.600218],[106.67642,29.599891],[106.676595,29.599732],[106.676762,29.599694],[106.677253,29.599707],[106.678146,29.599777],[106.678419,29.599675],[106.678471,29.599557],[106.678473,29.599462],[106.678231,29.599105],[106.677677,29.598501],[106.677504,29.598379],[106.677343,29.598291],[106.676261,29.597946],[106.675902,29.597629],[106.675559,29.597583],[106.675507,29.597189],[106.675095,29.596933],[106.674362,29.59686],[106.674247,29.596813],[106.673965,29.596542],[106.673855,29.596517],[106.673619,29.596341],[106.673541,29.59607],[106.673547,29.595871],[106.673754,29.595784],[106.673654,29.595476],[106.67329,29.595489],[106.673202,29.595087],[106.67334,29.594987],[106.673479,29.594714],[106.673282,29.594085],[106.673079,29.594004],[106.672982,29.593794],[106.673037,29.593628],[106.673346,29.593505],[106.673681,29.593501],[106.673973,29.593653],[106.674075,29.593565],[106.673818,29.59338],[106.673852,29.593221],[106.673415,29.593004],[106.67345,29.592437],[106.673724,29.592428],[106.673783,29.592563],[106.674145,29.59258],[106.674405,29.592126],[106.674141,29.59154],[106.674969,29.591574],[106.675292,29.591694],[106.677261,29.593152],[106.677724,29.593562],[106.678153,29.594024],[106.679889,29.596302],[106.679976,29.596381],[106.680198,29.59649],[106.680918,29.596522],[106.681111,29.596569],[106.681978,29.597272],[106.682135,29.597529],[106.681822,29.597857],[106.681406,29.59803],[106.6814,29.598144],[106.681174,29.59833],[106.680852,29.598337],[106.680505,29.598458],[106.68007,29.598684],[106.679934,29.598858],[106.680026,29.598899],[106.679558,29.599741],[106.679445,29.60015],[106.679102,29.600644],[106.679145,29.601018],[106.679102,29.601204],[106.67892,29.601558],[106.679102,29.601671],[106.679252,29.601829],[106.679252,29.602006],[106.679295,29.602183],[106.679488,29.602296],[106.679596,29.602454],[106.679553,29.602641],[106.679481,29.60267],[106.679134,29.60262],[106.679027,29.602351],[106.678823,29.602277],[106.678609,29.602286],[106.678577,29.602482],[106.678695,29.602631],[106.678877,29.602762],[106.679521,29.602967],[106.679767,29.602967],[106.679971,29.60306],[106.6801,29.603219],[106.680121,29.603452],[106.679972,29.603545],[106.679751,29.603575],[106.679708,29.60384],[106.679628,29.603937],[106.679199,29.603975],[106.678995,29.60404]],[[106.66938,29.601777],[106.669479,29.601725],[106.669542,29.601519],[106.669611,29.601588],[106.669645,29.601703],[106.669632,29.601799],[106.669563,29.601904],[106.669248,29.602049],[106.66914,29.602059],[106.66891,29.601986],[106.668847,29.601732],[106.669124,29.601786],[106.66938,29.601777]],[[106.682472,29.601864],[106.682294,29.601836],[106.682245,29.601849],[106.682214,29.601916],[106.682132,29.601945],[106.682002,29.60188],[106.681919,29.601737],[106.681601,29.60151],[106.681245,29.601483],[106.68122,29.601411],[106.681277,29.601361],[106.68143,29.601405],[106.681601,29.601411],[106.681665,29.601361],[106.681398,29.601068],[106.681392,29.60093],[106.681442,29.600875],[106.681455,29.600792],[106.681385,29.600654],[106.68143,29.600516],[106.681389,29.600499],[106.68131,29.600572],[106.681261,29.600578],[106.681201,29.600494],[106.68122,29.600422],[106.681328,29.600317],[106.681493,29.600317],[106.681653,29.60019],[106.681613,29.599948],[106.681663,29.599929],[106.681846,29.599952],[106.681873,29.599995],[106.681748,29.600097],[106.681739,29.600143],[106.681788,29.600163],[106.681967,29.600128],[106.682007,29.599964],[106.68207,29.59996],[106.682339,29.600085],[106.682299,29.600248],[106.682384,29.600276],[106.682487,29.600248],[106.682782,29.600358],[106.68289,29.600599],[106.682881,29.6007],[106.682975,29.601035],[106.683114,29.601109],[106.683244,29.601378],[106.683374,29.601526],[106.683525,29.601577],[106.683624,29.601654],[106.684059,29.601232],[106.684992,29.602034],[106.685046,29.60223],[106.685057,29.602417],[106.685014,29.602603],[106.684842,29.602715],[106.684799,29.602902],[106.684939,29.60306],[106.685014,29.603238],[106.684896,29.603387],[106.68481,29.603564],[106.684788,29.603741],[106.684917,29.604115],[106.684896,29.60431],[106.684821,29.604478],[106.684531,29.604805],[106.684746,29.604842],[106.684939,29.60474],[106.685293,29.604506],[106.685422,29.604329],[106.685475,29.604133],[106.685464,29.603947],[106.685325,29.603583],[106.685228,29.6032],[106.685883,29.602491],[106.686152,29.602481],[106.686472,29.602656],[106.686778,29.603476],[106.686631,29.603589],[106.686205,29.603648],[106.685969,29.603648],[106.685776,29.603732],[106.685829,29.603928],[106.686012,29.604012],[106.686183,29.604152],[106.686333,29.604301],[106.686569,29.604637],[106.686688,29.605346],[106.686655,29.605542],[106.686505,29.6057],[106.686419,29.605877],[106.686398,29.606064],[106.686172,29.606064],[106.685872,29.605766],[106.685132,29.605271],[106.684896,29.605262],[106.684756,29.60543],[106.684703,29.605626],[106.684896,29.605719],[106.685035,29.605859],[106.685003,29.606045],[106.684896,29.606223],[106.684585,29.60654],[106.684885,29.606838],[106.684853,29.607034],[106.684982,29.607193],[106.685196,29.607184],[106.685314,29.607342],[106.685121,29.607473],[106.684896,29.607435],[106.684703,29.607342],[106.68452,29.607482],[106.684263,29.607818],[106.684413,29.607958],[106.684617,29.607911],[106.684756,29.607753],[106.68481,29.607566],[106.685024,29.607538],[106.685464,29.607585],[106.685668,29.607557],[106.68584,29.607435],[106.686033,29.607361],[106.686172,29.606988],[106.686001,29.606857],[106.685776,29.606885],[106.68555,29.606848],[106.685346,29.606773],[106.685132,29.606792],[106.685078,29.606605],[106.685239,29.606484],[106.685464,29.606465],[106.685636,29.606568],[106.685851,29.606624],[106.686044,29.60654],[106.686248,29.606633],[106.686387,29.606801],[106.686591,29.606876],[106.686655,29.607053],[106.686773,29.606885],[106.687181,29.606689],[106.687278,29.607164],[106.687772,29.608338],[106.687843,29.608553],[106.687854,29.608747],[106.687664,29.60931],[106.687149,29.609469],[106.686966,29.609627],[106.686477,29.609072],[106.685666,29.608898],[106.685485,29.608927],[106.685259,29.609024],[106.684827,29.609333],[106.684716,29.60936],[106.684584,29.609341],[106.683924,29.609072],[106.682979,29.608942],[106.682722,29.609128],[106.682915,29.609688],[106.68343,29.609986],[106.683881,29.610789],[106.683516,29.61146],[106.682915,29.611479],[106.682529,29.611665],[106.682636,29.612188],[106.682958,29.612878],[106.683194,29.613139],[106.683902,29.613046],[106.684954,29.61271],[106.685425,29.612356],[106.685576,29.612057],[106.685898,29.611591],[106.686327,29.611162],[106.686905,29.611024],[106.687058,29.610883],[106.68717,29.610439],[106.687406,29.610131],[106.687406,29.609935],[106.68761,29.60987],[106.687771,29.610001],[106.687825,29.610196],[106.687514,29.610485],[106.687524,29.610681],[106.687449,29.610859],[106.687213,29.610933],[106.686913,29.611222],[106.686999,29.6114],[106.686881,29.611567],[106.686924,29.611754],[106.687342,29.61181],[106.687524,29.611707],[106.687578,29.61153],[106.687481,29.611353],[106.687589,29.611176],[106.687739,29.611045],[106.687964,29.61098],[106.688157,29.611064],[106.688286,29.611232],[106.688361,29.611409],[106.688286,29.611595],[106.688082,29.611707],[106.688147,29.611903],[106.688565,29.611894],[106.688576,29.61209],[106.688372,29.612155],[106.688189,29.612295],[106.6882,29.612491],[106.688383,29.612612],[106.688586,29.612594],[106.688951,29.612827],[106.689101,29.612976],[106.688898,29.613079],[106.688737,29.613228],[106.688769,29.613424],[106.688994,29.613452],[106.689198,29.613526],[106.689423,29.613862],[106.68938,29.614049],[106.689187,29.614151],[106.689187,29.614347],[106.689144,29.614534],[106.688919,29.614496],[106.688286,29.614701],[106.688211,29.614879],[106.688179,29.615271],[106.688393,29.615613],[106.687028,29.617209],[106.685741,29.617563],[106.683831,29.619317],[106.681256,29.618738],[106.681514,29.617545],[106.682286,29.615064],[106.681364,29.613534],[106.67879,29.611968],[106.679074,29.610924],[106.679626,29.609989],[106.680186,29.609534],[106.680454,29.609226],[106.680701,29.608247],[106.680862,29.608116],[106.681055,29.608023],[106.681248,29.608107],[106.681462,29.608079],[106.68143,29.607892],[106.681591,29.607753],[106.681795,29.607771],[106.681988,29.607874],[106.682374,29.607696],[106.681838,29.607286],[106.681731,29.607118],[106.68172,29.606913],[106.681902,29.60682],[106.681999,29.606652],[106.681881,29.606493],[106.681666,29.606475],[106.681559,29.606652],[106.681334,29.606717],[106.681023,29.607006],[106.680926,29.607482],[106.68054,29.607398],[106.680004,29.607696],[106.679389,29.607322],[106.678595,29.60623],[106.676589,29.605047],[106.676585,29.604903],[106.676668,29.604807],[106.676699,29.6046],[106.676806,29.604422],[106.677021,29.604394],[106.677214,29.604497],[106.677225,29.604693],[106.676957,29.605092],[106.677513,29.605436],[106.677718,29.605262],[106.677836,29.605094],[106.677783,29.604907],[106.677976,29.604814],[106.678222,29.604786],[106.678169,29.604973],[106.678255,29.60515],[106.678415,29.60529],[106.678834,29.605775],[106.679006,29.605896],[106.679209,29.605822],[106.67936,29.605672],[106.679724,29.60543],[106.67995,29.605365],[106.68039,29.605355],[106.680368,29.605169],[106.680143,29.60515],[106.679982,29.605029],[106.680132,29.604879],[106.680336,29.604796],[106.680368,29.6046],[106.680304,29.604422],[106.680048,29.604118],[106.680119,29.603999],[106.68025,29.603909],[106.680615,29.603779],[106.680776,29.603629],[106.68099,29.603601],[106.681141,29.603975],[106.681334,29.604068],[106.681538,29.603993],[106.681634,29.603825],[106.681698,29.60362],[106.68187,29.603489],[106.681913,29.603667],[106.681999,29.603835],[106.682342,29.604142],[106.682568,29.604236],[106.682782,29.604152],[106.682707,29.603956],[106.68231,29.603788],[106.682235,29.603611],[106.682353,29.603443],[106.682535,29.603303],[106.68275,29.60334],[106.682975,29.603294],[106.6826,29.60306],[106.682385,29.603107],[106.682214,29.603219],[106.681988,29.60321],[106.682117,29.603042],[106.682289,29.602902],[106.682203,29.602725],[106.682042,29.602575],[106.68202,29.602379],[106.682203,29.602239],[106.682428,29.602267],[106.682546,29.6021],[106.682535,29.601944],[106.682472,29.601864]],[[106.686699,29.582019],[106.686749,29.582145],[106.686669,29.582288],[106.686791,29.582482],[106.68691,29.5824],[106.687226,29.582701],[106.687516,29.582821],[106.6876,29.582934],[106.68745,29.583153],[106.687347,29.583506],[106.686984,29.583033],[106.686273,29.582427],[106.686533,29.582235],[106.686564,29.582054],[106.686699,29.582019]],[[106.702834,29.604698],[106.702963,29.60452],[106.70292,29.604404],[106.702534,29.604012],[106.702512,29.603914],[106.702652,29.603737],[106.702754,29.603685],[106.702995,29.6039],[106.703151,29.604278],[106.703226,29.604362],[106.703424,29.604469],[106.703639,29.604865],[106.704047,29.605397],[106.704192,29.605896],[106.704122,29.605966],[106.703805,29.605416],[106.703693,29.605393],[106.7035,29.605486],[106.703285,29.60543],[106.703065,29.605458],[106.702931,29.605602],[106.702489,29.605573],[106.702628,29.604654],[106.702834,29.604698]],[[106.696042,29.626635],[106.695645,29.62628],[106.696038,29.625934],[106.697397,29.626435],[106.697967,29.627015],[106.69797,29.627662],[106.697493,29.628342],[106.697099,29.62857],[106.696124,29.628336],[106.696107,29.627324],[106.696042,29.626635]],[[106.70519,29.628852],[106.704609,29.628498],[106.704989,29.628087],[106.705048,29.627495],[106.704886,29.627086],[106.705242,29.626815],[106.706451,29.626983],[106.707291,29.627217],[106.708143,29.627408],[106.708171,29.628075],[106.707865,29.628605],[106.707323,29.628596],[106.706783,29.629158],[106.705677,29.630003],[106.705465,29.629594],[106.70565,29.629421],[106.70519,29.628852]],[[106.692375,29.630812],[106.692122,29.630824],[106.691732,29.630454],[106.691583,29.630228],[106.691613,29.630007],[106.692302,29.629741],[106.693264,29.629802],[106.694048,29.630036],[106.693963,29.630203],[106.692992,29.630858],[106.692558,29.630532],[106.692375,29.630812]],[[106.71688,29.640663],[106.716729,29.640222],[106.717061,29.639925],[106.717326,29.639897],[106.717568,29.640257],[106.718139,29.640874],[106.718677,29.641157],[106.719484,29.640977],[106.719784,29.640566],[106.720292,29.641135],[106.720868,29.641585],[106.720333,29.641846],[106.7187,29.643285],[106.718441,29.643254],[106.718105,29.642792],[106.717917,29.642222],[106.7175,29.641404],[106.717177,29.640959],[106.71688,29.640663]]]}},{"id":"290","type":"Feature","properties":{"landuse":"unknown","natural":"wood","base_elevation":77},"geometry":{"type":"Polygon","coordinates":[[[106.637161,29.655413],[106.636753,29.654947],[106.636539,29.654611],[106.637118,29.653399],[106.637783,29.65325],[106.637032,29.652634],[106.636195,29.652317],[106.635487,29.651702],[106.634543,29.651441],[106.633218,29.65018],[106.632765,29.649456],[106.632095,29.648743],[106.630781,29.647537],[106.630257,29.647002],[106.627999,29.643664],[106.623986,29.637939],[106.620364,29.633378],[106.617564,29.633375],[106.617001,29.634038],[106.616518,29.633912],[106.616571,29.633429],[106.615298,29.634292],[106.615652,29.635159],[106.614484,29.63542],[106.614356,29.63485],[106.611992,29.637033],[106.610297,29.636964],[106.608853,29.636727],[106.607635,29.636037],[106.606927,29.636111],[106.607614,29.637911],[106.608558,29.639566],[106.609545,29.640979],[106.610811,29.64221],[106.611541,29.642508],[106.611412,29.642918],[106.611583,29.643515],[106.611927,29.643795],[106.612527,29.644373],[106.61345,29.644485],[106.613815,29.645175],[106.613815,29.645846],[106.61345,29.645734],[106.613128,29.645734],[106.613793,29.64663],[106.61418,29.646928],[106.614652,29.64676],[106.61506,29.646536],[106.615875,29.648121],[106.616476,29.649707],[106.616626,29.650471],[106.620231,29.654891],[106.62081,29.655376],[106.62169,29.655972],[106.62272,29.657408],[106.623171,29.658284],[106.623857,29.659273],[106.624115,29.65972],[106.625209,29.661342],[106.626089,29.662554],[106.626497,29.663319],[106.626518,29.664065],[106.626632,29.664677],[106.628638,29.668759],[106.631424,29.673177],[106.635205,29.677768],[106.638975,29.682481],[106.642467,29.686761],[106.643645,29.688287],[106.644495,29.689098],[106.644872,29.689393],[106.64534,29.689649],[106.645808,29.689657],[106.646576,29.6894],[106.647043,29.689312],[106.647914,29.68901],[106.648919,29.688581],[106.64986,29.688048],[106.650117,29.687439],[106.650834,29.686685],[106.651175,29.686215],[106.651146,29.68543],[106.650633,29.683568],[106.649941,29.681801],[106.646672,29.675766],[106.644346,29.671782],[106.643738,29.670499],[106.643237,29.669161],[106.642512,29.666354],[106.642399,29.664769],[106.64277,29.664738],[106.643106,29.666383],[106.643271,29.666361],[106.643563,29.666207],[106.643792,29.666196],[106.64402,29.66624],[106.644173,29.666218],[106.644198,29.666074],[106.644084,29.665975],[106.643728,29.665843],[106.643627,29.665732],[106.643779,29.665688],[106.644681,29.665677],[106.645062,29.665622],[106.645189,29.665544],[106.645723,29.665434],[106.645977,29.665136],[106.645919,29.664709],[106.645076,29.663801],[106.644916,29.663523],[106.644681,29.662985],[106.644306,29.662411],[106.644192,29.662013],[106.644103,29.661815],[106.644052,29.661517],[106.643925,29.661086],[106.643493,29.660578],[106.64334,29.660048],[106.643531,29.65974],[106.643899,29.659537],[106.643961,29.659436],[106.643952,29.659218],[106.643881,29.658883],[106.643755,29.658798],[106.643648,29.65879],[106.64354,29.658712],[106.643486,29.658447],[106.643406,29.658362],[106.643173,29.658338],[106.643083,29.658253],[106.643217,29.657678],[106.643217,29.657521],[106.643142,29.657419],[106.643004,29.657326],[106.642876,29.657391],[106.642684,29.657697],[106.642566,29.65778],[106.642427,29.657753],[106.642427,29.657511],[106.642481,29.657289],[106.642545,29.657178],[106.642876,29.656918],[106.642886,29.656658],[106.642833,29.656473],[106.642566,29.656121],[106.642406,29.656084],[106.642246,29.65613],[106.642011,29.656482],[106.641883,29.656454],[106.641915,29.656315],[106.642075,29.656102],[106.642075,29.655954],[106.642033,29.655833],[106.641926,29.655768],[106.641766,29.65549],[106.641798,29.655333],[106.641915,29.655129],[106.642011,29.655045],[106.642139,29.655008],[106.642235,29.655092],[106.642353,29.655397],[106.642598,29.655527],[106.642769,29.655694],[106.643014,29.656149],[106.643349,29.656461],[106.643565,29.656516],[106.644302,29.656571],[106.644404,29.656682],[106.644277,29.656759],[106.644099,29.656814],[106.643718,29.656869],[106.643578,29.656936],[106.643553,29.657068],[106.643565,29.6574],[106.643603,29.657532],[106.643807,29.657786],[106.644023,29.657852],[106.644175,29.657808],[106.644353,29.657841],[106.644493,29.657929],[106.644874,29.657907],[106.64523,29.657775],[106.645382,29.657753],[106.645522,29.65783],[106.645459,29.657974],[106.645344,29.658062],[106.645027,29.658172],[106.644544,29.65825],[106.644404,29.658327],[106.64434,29.658459],[106.644429,29.658758],[106.64462,29.658857],[106.645204,29.658813],[106.645598,29.65868],[106.645764,29.65857],[106.645929,29.658581],[106.646234,29.65878],[106.64645,29.658791],[106.647059,29.658735],[106.647225,29.658769],[106.647377,29.658813],[106.647492,29.658923],[106.647618,29.659111],[106.64772,29.659586],[106.647809,29.659718],[106.647974,29.659762],[106.648127,29.65974],[106.648254,29.659641],[106.648142,29.658833],[106.648028,29.658557],[106.647773,29.658148],[106.647583,29.657629],[106.647253,29.65689],[106.647138,29.656757],[106.646846,29.656536],[106.646541,29.656437],[106.646325,29.656216],[106.646045,29.656051],[106.645868,29.655797],[106.645855,29.65562],[106.645277,29.654685],[106.645031,29.654526],[106.644848,29.65429],[106.644746,29.653939],[106.643434,29.653871],[106.643261,29.654243],[106.642892,29.654348],[106.642102,29.654397],[106.641357,29.654688],[106.6408,29.654831],[106.640529,29.654812],[106.640291,29.654748],[106.640078,29.654614],[106.639665,29.654043],[106.639532,29.653987],[106.638863,29.654029],[106.639287,29.654886],[106.641052,29.6595],[106.642284,29.662871],[106.642401,29.663355],[106.642108,29.663374],[106.641592,29.661923],[106.639275,29.655788],[106.638599,29.654313],[106.638105,29.654518],[106.637612,29.655599],[106.637161,29.655413]],[[106.641005,29.664047],[106.641431,29.66442],[106.642599,29.668109],[106.642715,29.668664],[106.642754,29.669246],[106.642744,29.66978],[106.642677,29.670328],[106.642598,29.670687],[106.642582,29.671015],[106.642821,29.671924],[106.643918,29.674737],[106.643233,29.675008],[106.642223,29.673467],[106.641896,29.672541],[106.641173,29.672289],[106.640862,29.672526],[106.640529,29.672558],[106.639949,29.672183],[106.639668,29.672213],[106.639493,29.672154],[106.639349,29.672035],[106.639395,29.671844],[106.639081,29.671719],[106.638877,29.671593],[106.63878,29.671459],[106.638734,29.671223],[106.638521,29.670967],[106.638529,29.670789],[106.63899,29.670483],[106.638657,29.669599],[106.638655,29.66942],[106.638762,29.669135],[106.638776,29.668939],[106.638745,29.668804],[106.638754,29.668485],[106.638688,29.668166],[106.638709,29.667994],[106.638779,29.667866],[106.638782,29.66761],[106.63827,29.667417],[106.638041,29.667184],[106.637752,29.666361],[106.637499,29.666255],[106.637311,29.665618],[106.637324,29.665428],[106.637087,29.665037],[106.636959,29.664207],[106.637013,29.663956],[106.637193,29.663719],[106.637506,29.663522],[106.640509,29.662819],[106.641005,29.664047]]]}},{"id":"291","type":"Feature","properties":{"landuse":null,"natural":"cliff","base_elevation":148},"geometry":{"type":"LineString","coordinates":[[106.534237,29.553104],[106.53387,29.553101],[106.532989,29.552975],[106.532517,29.552826],[106.532392,29.552778],[106.53172,29.55252],[106.531467,29.552373],[106.531212,29.55227],[106.530992,29.552199],[106.530824,29.552152],[106.530616,29.552115],[106.530396,29.552051],[106.530016,29.551934]]}},{"id":"292","type":"Feature","properties":{"landuse":null,"natural":"cliff","base_elevation":45},"geometry":{"type":"LineString","coordinates":[[106.540252,29.565746],[106.5407,29.566082],[106.541243,29.566627],[106.542111,29.567117],[106.542175,29.567142],[106.543233,29.567593],[106.544308,29.567956]]}},{"id":"293","type":"Feature","properties":{"landuse":null,"natural":"cliff","base_elevation":136},"geometry":{"type":"LineString","coordinates":[[106.536323,29.550444],[106.536414,29.550551],[106.536437,29.550632],[106.536446,29.550707],[106.536472,29.550768],[106.537114,29.551444],[106.537233,29.551528],[106.537373,29.551568],[106.537983,29.551602],[106.538129,29.551627],[106.538268,29.551695],[106.538348,29.551783],[106.538407,29.55188],[106.538443,29.552011],[106.538447,29.552147],[106.538424,29.552261],[106.538246,29.552736],[106.538222,29.552872],[106.538225,29.553],[106.538267,29.553143],[106.538352,29.553278],[106.538716,29.553475]]}},{"id":"294","type":"Feature","properties":{"landuse":null,"natural":"cliff","base_elevation":83},"geometry":{"type":"LineString","coordinates":[[106.526984,29.55169],[106.526322,29.551559],[106.525261,29.551477],[106.52506,29.551462],[106.524127,29.55147],[106.523793,29.551425],[106.523459,29.551323],[106.52334,29.551093],[106.522877,29.550907],[106.522611,29.551036],[106.522121,29.550928],[106.520891,29.550526],[106.519159,29.550072],[106.518569,29.549806]]}},{"id":"295","type":"Feature","properties":{"landuse":null,"natural":"cliff","base_elevation":185},"geometry":{"type":"LineString","coordinates":[[106.503372,29.575069],[106.503122,29.574858],[106.503012,29.574788],[106.502815,29.574696],[106.502621,29.574732],[106.502462,29.574607],[106.50209,29.574379],[106.50162,29.574221],[106.501203,29.574135],[106.500952,29.574016],[106.50082,29.573828],[106.500778,29.573466],[106.500649,29.573152],[106.500326,29.572703],[106.50016,29.572479],[106.499875,29.572281],[106.498938,29.572113]]}},{"id":"296","type":"Feature","properties":{"landuse":null,"natural":"cliff","base_elevation":109},"geometry":{"type":"LineString","coordinates":[[106.545777,29.554595],[106.546323,29.554253],[106.54665,29.554123]]}},{"id":"297","type":"Feature","properties":{"landuse":null,"natural":"cliff","base_elevation":45},"geometry":{"type":"LineString","coordinates":[[106.574091,29.564648],[106.573077,29.564411],[106.572246,29.564258],[106.571592,29.564145],[106.571205,29.564039]]}},{"id":"298","type":"Feature","properties":{"landuse":null,"natural":"cliff","base_elevation":58},"geometry":{"type":"LineString","coordinates":[[106.516835,29.551115],[106.51661,29.551146],[106.516421,29.551138],[106.516308,29.551116],[106.516139,29.551026],[106.516044,29.550904],[106.515978,29.550758],[106.515941,29.550609],[106.515943,29.55035],[106.515992,29.549934]]}},{"id":"299","type":"Feature","properties":{"landuse":null,"natural":"cliff","base_elevation":128},"geometry":{"type":"LineString","coordinates":[[106.52548,29.54892],[106.525698,29.549053],[106.525715,29.549157],[106.525716,29.549228],[106.525746,29.549333],[106.525749,29.549453],[106.52578,29.549537],[106.525803,29.54973],[106.525914,29.549933],[106.526053,29.550075],[106.52606,29.550183],[106.526079,29.550311],[106.526103,29.55035],[106.526128,29.550412],[106.526055,29.550461],[106.525978,29.55041],[106.525821,29.550341],[106.52564,29.550312],[106.52556,29.550293],[106.525455,29.550297],[106.525368,29.550232],[106.525269,29.550285],[106.525159,29.550266],[106.524982,29.550321],[106.524825,29.550365],[106.524594,29.550336],[106.524463,29.550338],[106.524066,29.550195],[106.523962,29.550208],[106.523881,29.550078],[106.523783,29.550015],[106.523626,29.549975],[106.52334,29.549894],[106.52326,29.549974],[106.523053,29.549918],[106.522959,29.549864],[106.522832,29.549828],[106.522607,29.549865],[106.522506,29.549838],[106.522386,29.549822],[106.52228,29.549846],[106.522165,29.549819],[106.522051,29.549823],[106.521942,29.549861],[106.521839,29.549887],[106.521718,29.549844],[106.521648,29.549806],[106.521432,29.549778],[106.521331,29.549733],[106.521218,29.549726],[106.521122,29.549736],[106.521018,29.549708],[106.5209,29.549699],[106.5208,29.549726],[106.520708,29.54969],[106.520639,29.549615],[106.520534,29.549613],[106.520433,29.549575],[106.520372,29.549501],[106.520139,29.549525],[106.519904,29.549465],[106.519833,29.549344],[106.519615,29.549288],[106.519383,29.549202],[106.518957,29.549091],[106.518337,29.548918],[106.517774,29.548776],[106.517107,29.548658],[106.516308,29.548624],[106.515042,29.548525],[106.514749,29.548451],[106.514301,29.548512],[106.513681,29.548625],[106.5135,29.54864],[106.512797,29.548568]]}},{"id":"300","type":"Feature","properties":{"landuse":null,"natural":"cliff","base_elevation":97},"geometry":{"type":"LineString","coordinates":[[106.519051,29.523388],[106.518997,29.523566],[106.518903,29.523623],[106.518633,29.523779],[106.518494,29.523927],[106.518152,29.524622],[106.518004,29.524755],[106.517568,29.524918],[106.517271,29.525057],[106.517034,29.525188],[106.516586,29.525737],[106.516256,29.525958],[106.515933,29.526141],[106.515821,29.52625],[106.515579,29.526765]]}},{"id":"301","type":"Feature","properties":{"landuse":null,"natural":"cliff","base_elevation":69},"geometry":{"type":"LineString","coordinates":[[106.525335,29.509472],[106.525851,29.509412]]}},{"id":"302","type":"Feature","properties":{"landuse":null,"natural":"cliff","base_elevation":64},"geometry":{"type":"LineString","coordinates":[[106.51079,29.549967],[106.510726,29.549863],[106.510567,29.549636],[106.510526,29.549507],[106.510466,29.549273],[106.510215,29.549195],[106.509978,29.549184],[106.509799,29.549238],[106.509674,29.549281],[106.508954,29.549394],[106.50811,29.549527],[106.507915,29.549628],[106.507904,29.549769]]}},{"id":"303","type":"Feature","properties":{"landuse":null,"natural":"cliff","base_elevation":108},"geometry":{"type":"LineString","coordinates":[[106.507563,29.548841],[106.506383,29.548579],[106.506185,29.548474],[106.505568,29.548154],[106.504975,29.548046],[106.504204,29.548111],[106.503902,29.547995],[106.502516,29.548538]]}},{"id":"304","type":"Feature","properties":{"landuse":null,"natural":"cliff","base_elevation":65},"geometry":{"type":"LineString","coordinates":[[106.512135,29.549545],[106.511997,29.549441],[106.511527,29.549466],[106.511259,29.549453],[106.511098,29.549618],[106.511023,29.549922]]}},{"id":"305","type":"Feature","properties":{"landuse":null,"natural":"cliff","base_elevation":30},"geometry":{"type":"LineString","coordinates":[[106.524299,29.552731],[106.523967,29.552717],[106.52282,29.552671]]}},{"id":"306","type":"Feature","properties":{"landuse":null,"natural":"cliff","base_elevation":169},"geometry":{"type":"LineString","coordinates":[[106.517684,29.574497],[106.517529,29.574442],[106.517468,29.574572],[106.517205,29.574496]]}},{"id":"307","type":"Feature","properties":{"landuse":null,"natural":"cliff","base_elevation":167},"geometry":{"type":"LineString","coordinates":[[106.518485,29.57548],[106.51826,29.575754],[106.518188,29.575723],[106.517963,29.575624],[106.518015,29.575374],[106.518216,29.575214]]}},{"id":"308","type":"Feature","properties":{"landuse":null,"natural":"cliff","base_elevation":97},"geometry":{"type":"LineString","coordinates":[[106.530016,29.551934],[106.529764,29.551804],[106.529508,29.551725],[106.529212,29.551678],[106.529039,29.551704],[106.528955,29.551701],[106.528846,29.551667],[106.528722,29.551626],[106.528475,29.551583],[106.528025,29.55154],[106.52779,29.551551],[106.527479,29.551542],[106.527349,29.551559],[106.527123,29.551517],[106.526867,29.551444],[106.526544,29.55149],[106.52599,29.551391]]}},{"id":"309","type":"Feature","properties":{"landuse":null,"natural":"cliff","base_elevation":180},"geometry":{"type":"LineString","coordinates":[[106.535965,29.553392],[106.53587,29.553425],[106.535707,29.553471],[106.535412,29.553468],[106.535089,29.553356],[106.534634,29.553108]]}},{"id":"310","type":"Feature","properties":{"landuse":null,"natural":"cliff","base_elevation":85},"geometry":{"type":"LineString","coordinates":[[106.507904,29.549769],[106.50796,29.549935],[106.507815,29.55008]]}},{"id":"311","type":"Feature","properties":{"landuse":null,"natural":"cliff","base_elevation":180},"geometry":{"type":"LineString","coordinates":[[106.534634,29.553108],[106.534237,29.553104]]}}]}